date,adjclose
2011-10-10,19.855302810668945
2011-10-11,20.074295043945312
2011-10-12,21.21305274963379
2011-10-13,21.31524658203125
2011-10-14,21.54154396057129
2011-10-17,20.921062469482422
2011-10-18,21.446643829345703
2011-10-19,21.446643829345703
2011-10-20,20.906465530395508
2011-10-21,21.446643829345703
2011-10-24,22.213119506835938
2011-10-25,21.64373779296875
2011-10-26,22.059818267822266
2011-10-27,23.27888298034668
2011-10-28,22.745996475219727
2011-10-31,21.77513313293457
2011-11-01,20.972158432006836
2011-11-02,21.77513313293457
2011-11-03,21.986825942993164
2011-11-04,21.81163215637207
2011-11-07,22.191225051879883
2011-11-08,22.475910186767578
2011-11-09,22.256919860839844
2011-11-10,21.85543441772461
2011-11-11,22.191225051879883
2011-11-14,21.826231002807617
2011-11-15,22.059818267822266
2011-11-16,21.702136993408203
2011-11-17,21.0086612701416
2011-11-18,21.023263931274414
2011-11-21,20.33708381652832
2011-11-22,20.592575073242188
2011-11-23,19.97209930419922
2011-11-25,20.074295043945312
2011-11-28,20.293285369873047
2011-11-29,20.607177734375
2011-11-30,21.797033309936523
2011-12-01,21.526947021484375
2011-12-02,21.307952880859375
2011-12-05,21.658336639404297
2011-12-06,21.402847290039062
2011-12-07,21.519641876220703
2011-12-08,20.964866638183594
2011-12-09,21.526947021484375
2011-12-12,21.088956832885742
2011-12-13,21.14005470275879
2011-12-14,20.68017578125
2011-12-15,20.73126983642578
2011-12-16,21.067062377929688
2011-12-19,20.782363891601562
2011-12-20,21.531679153442383
2011-12-21,21.553720474243164
2011-12-22,21.700639724731445
2011-12-23,21.583101272583008
2011-12-27,21.465564727783203
2011-12-28,21.010099411010742
2011-12-29,21.605144500732422
2011-12-30,21.531679153442383
2012-01-03,22.023874282836914
2012-01-04,22.05326271057129
2012-01-05,22.075302124023438
2012-01-06,21.737375259399414
2012-01-09,21.891647338867188
2012-01-10,22.34710693359375
2012-01-11,22.089994430541992
2012-01-12,22.06795310974121
2012-01-13,21.891647338867188
2012-01-17,22.104684829711914
2012-01-18,22.993572235107422
2012-01-19,23.206615447998047
2012-01-20,22.993572235107422
2012-01-23,23.177227020263672
2012-01-24,23.00091552734375
2012-01-25,22.853994369506836
2012-01-26,22.76584243774414
2012-01-27,22.780536651611328
2012-01-30,22.449953079223633
2012-01-31,22.310379028320312
2012-02-01,22.743799209594727
2012-02-02,22.95684051513672
2012-02-03,23.177227020263672
2012-02-06,22.68503189086914
2012-02-07,22.457304000854492
2012-02-08,22.72910499572754
2012-02-09,22.574838638305664
2012-02-10,21.82552719116211
2012-02-13,22.156103134155273
2012-02-14,22.11937713623047
2012-02-15,21.898990631103516
2012-02-16,22.075302124023438
2012-02-17,22.398534774780273
2012-02-21,22.229568481445312
2012-02-22,22.229568481445312
2012-02-23,22.016530990600586
2012-02-24,21.35536766052246
2012-02-27,21.171720504760742
2012-02-28,21.575756072998047
2012-02-29,21.943065643310547
2012-03-01,21.840219497680664
2012-03-02,21.98714256286621
2012-03-05,21.862260818481445
2012-03-06,21.39945411682129
2012-03-07,21.605144500732422
2012-03-08,21.891647338867188
2012-03-09,21.921030044555664
2012-03-12,21.796142578125
2012-03-13,22.236919403076172
2012-03-14,22.3250675201416
2012-03-15,22.369142532348633
2012-03-16,22.310379028320312
2012-03-19,22.361799240112305
2012-03-20,21.957761764526367
2012-03-21,22.163448333740234
2012-03-22,21.943065643310547
2012-03-23,22.178150177001953
2012-03-26,22.449953079223633
2012-03-27,22.28833770751953
2012-03-28,22.251609802246094
2012-03-29,22.38383674621582
2012-03-30,22.72910499572754
2012-04-02,23.302108764648438
2012-04-03,23.360883712768555
2012-04-04,22.809917449951172
2012-04-05,23.081727981567383
2012-04-09,22.861345291137695
2012-04-10,22.3250675201416
2012-04-11,22.494029998779297
2012-04-12,22.993572235107422
2012-04-13,22.648305892944336
2012-04-16,22.56749153137207
2012-04-17,22.934803009033203
2012-04-18,22.795228958129883
2012-04-19,22.640954971313477
2012-04-20,22.927457809448242
2012-04-23,22.670345306396484
2012-04-24,22.68503189086914
2012-04-25,22.68503189086914
2012-04-26,22.868682861328125
2012-04-27,22.876039505004883
2012-04-30,22.72176170349121
2012-05-01,22.890722274780273
2012-05-02,22.95684051513672
2012-05-03,22.758495330810547
2012-05-04,22.677688598632812
2012-05-07,22.75114631652832
2012-05-08,22.63361358642578
2012-05-09,22.22222328186035
2012-05-10,22.295686721801758
2012-05-11,22.200178146362305
2012-05-14,21.69329261779785
2012-05-15,21.524330139160156
2012-05-16,21.2231388092041
2012-05-17,21.032140731811523
2012-05-18,20.80440902709961
2012-05-21,21.2672176361084
2012-05-22,21.39945411682129
2012-05-23,21.259868621826172
2012-05-24,20.907249450683594
2012-05-25,19.673097610473633
2012-05-29,20.11387062072754
2012-05-30,20.011024475097656
2012-05-31,19.70982551574707
2012-06-01,19.283748626708984
2012-06-04,19.026628494262695
2012-06-05,19.36455535888672
2012-06-06,20.444442749023438
2012-06-07,20.34894371032715
2012-06-08,20.209367752075195
2012-06-11,19.937562942504883
2012-06-12,20.2020206451416
2012-06-13,20.06978988647461
2012-06-14,19.922874450683594
2012-06-15,20.033061981201172
2012-06-18,20.143245697021484
2012-06-19,20.481176376342773
2012-06-20,20.65013885498047
2012-06-21,20.02324676513672
2012-06-22,20.423864364624023
2012-06-25,20.052927017211914
2012-06-26,20.29775047302246
2012-06-27,20.631591796875
2012-06-28,20.41644287109375
2012-06-29,21.247344970703125
2012-07-02,21.14348602294922
2012-07-03,21.803754806518555
2012-07-05,21.603450775146484
2012-07-06,21.32154083251953
2012-07-09,21.084138870239258
2012-07-10,20.80963897705078
2012-07-11,21.10639190673828
2012-07-12,20.913503646850586
2012-07-13,21.217670440673828
2012-07-16,21.351213455200195
2012-07-17,21.78150177001953
2012-07-18,21.7518253326416
2012-07-19,21.826013565063477
2012-07-20,21.41056251525879
2012-07-23,20.9951114654541
2012-07-24,20.913503646850586
2012-07-25,21.01736831665039
2012-07-26,21.41056251525879
2012-07-27,22.00406265258789
2012-07-30,21.900197982788086
2012-07-31,22.078248977661133
2012-08-01,21.966968536376953
2012-08-02,21.544097900390625
2012-08-03,22.145021438598633
2012-08-06,21.966968536376953
2012-08-07,21.966968536376953
2012-08-08,21.966968536376953
2012-08-09,22.055994033813477
2012-08-10,22.204374313354492
2012-08-13,21.774080276489258
2012-08-14,21.863101959228516
2012-08-15,22.026315689086914
2012-08-16,22.33048439025879
2012-08-17,22.248884201049805
2012-08-20,22.211790084838867
2012-08-21,22.159852981567383
2012-08-22,22.09308624267578
2012-08-23,21.952133178710938
2012-08-24,21.900197982788086
2012-08-27,21.729570388793945
2012-08-28,21.581193923950195
2012-08-29,21.254764556884766
2012-08-30,20.661264419555664
2012-08-31,21.032207489013672
2012-09-04,21.091552734375
2012-09-05,21.091552734375
2012-09-06,21.499584197998047
2012-09-07,21.788917541503906
2012-09-10,21.61086654663086
2012-09-11,21.655384063720703
2012-09-12,21.707311630249023
2012-09-13,22.241464614868164
2012-09-14,22.397260665893555
2012-09-17,22.382417678833008
2012-09-18,22.167274475097656
2012-09-19,22.13018035888672
2012-09-20,22.055994033813477
2012-09-21,22.13018035888672
2012-09-24,21.915035247802734
2012-09-25,21.7518253326416
2012-09-26,21.492168426513672
2012-09-27,22.182109832763672
2012-09-28,22.159852981567383
2012-10-01,22.248884201049805
2012-10-02,22.241464614868164
2012-10-03,22.25629997253418
2012-10-04,22.590147018432617
2012-10-05,22.783031463623047
2012-10-08,22.642074584960938
2012-10-09,22.612396240234375
2012-10-10,22.42693328857422
2012-10-11,22.493701934814453
2012-10-12,22.57530975341797
2012-10-15,22.679170608520508
2012-10-16,22.990755081176758
2012-10-17,23.005596160888672
2012-10-18,22.909151077270508
2012-10-19,22.582727432250977
2012-10-22,22.92399024963379
2012-10-23,22.612396240234375
2012-10-24,22.627239227294922
2012-10-25,22.760780334472656
2012-10-26,22.69400405883789
2012-10-31,22.612396240234375
2012-11-01,22.92399024963379
2012-11-02,22.820119857788086
2012-11-05,22.760780334472656
2012-11-06,22.909151077270508
2012-11-07,22.604982376098633
2012-11-08,22.5085391998291
2012-11-09,22.760780334472656
2012-11-12,22.797870635986328
2012-11-13,22.946245193481445
2012-11-14,22.493701934814453
2012-11-15,22.590147018432617
2012-11-16,22.664329528808594
2012-11-19,22.92399024963379
2012-11-20,22.797870635986328
2012-11-21,22.716266632080078
2012-11-23,22.894317626953125
2012-11-26,23.057525634765625
2012-11-27,22.604982376098633
2012-11-28,22.486282348632812
2012-11-29,22.419509887695312
2012-11-30,22.226627349853516
2012-12-03,22.412092208862305
2012-12-04,22.145021438598633
2012-12-05,22.055994033813477
2012-12-06,22.25629997253418
2012-12-07,22.18953514099121
2012-12-10,22.345321655273438
2012-12-11,22.419509887695312
2012-12-12,22.560470581054688
2012-12-13,22.515954971313477
2012-12-14,22.397260665893555
2012-12-17,22.612396240234375
2012-12-18,22.615379333496094
2012-12-19,22.280717849731445
2012-12-20,22.22865867614746
2012-12-21,22.16916847229004
2012-12-24,22.057613372802734
2012-12-26,22.01299476623535
2012-12-27,22.020429611206055
2012-12-28,22.206348419189453
2012-12-31,22.50382423400879
2013-01-02,22.76411247253418
2013-01-03,22.81616973876953
2013-01-04,22.89053726196289
2013-01-07,22.7269287109375
2013-01-08,22.645124435424805
2013-01-09,22.474077224731445
2013-01-10,22.131986618041992
2013-01-11,21.99068260192871
2013-01-14,22.3402099609375
2013-01-15,22.563318252563477
2013-01-16,22.76411247253418
2013-01-17,22.704614639282227
2013-01-18,23.039274215698242
2013-01-22,22.95003890991211
2013-01-23,22.786426544189453
2013-01-24,22.6302490234375
2013-01-25,22.786426544189453
2013-01-28,22.48151397705078
2013-01-29,22.77898406982422
2013-01-30,22.81616973876953
2013-01-31,22.89053726196289
2013-02-01,23.396242141723633
2013-02-04,23.09132957458496
2013-02-05,23.3070011138916
2013-02-06,23.3070011138916
2013-02-07,23.28469467163086
2013-02-08,23.597034454345703
2013-02-11,23.760644912719727
2013-02-12,24.08043098449707
2013-02-13,24.087862014770508
2013-02-14,24.18454360961914
2013-02-15,24.2663516998291
2013-02-19,24.251476287841797
2013-02-20,24.02837371826172
2013-02-21,23.90194320678711
2013-02-22,24.18454360961914
2013-02-25,24.221731185913086
2013-02-26,24.43739891052246
2013-02-27,25.143898010253906
2013-02-28,25.367002487182617
2013-03-01,25.552921295166016
2013-03-04,25.166208267211914
2013-03-05,25.24801254272461
2013-03-06,25.567794799804688
2013-03-07,25.62729263305664
2013-03-08,25.932199478149414
2013-03-11,25.70166015625
2013-03-12,25.478553771972656
2013-03-13,25.285192489624023
2013-03-14,25.084400177001953
2013-03-15,25.23313331604004
2013-03-18,25.099279403686523
2013-03-19,25.106706619262695
2013-03-20,25.426496505737305
2013-03-21,24.95798110961914
2013-03-22,24.690248489379883
2013-03-25,24.638198852539062
2013-03-26,25.374433517456055
2013-03-27,25.738845825195312
2013-03-28,25.90989112854004
2013-04-01,25.59010887145996
2013-04-02,25.723966598510742
2013-04-03,25.58267593383789
2013-04-04,25.344690322875977
2013-04-05,25.337247848510742
2013-04-08,25.22569465637207
2013-04-09,25.448806762695312
2013-04-10,25.46367835998535
2013-04-11,25.567794799804688
2013-04-12,25.35955810546875
2013-04-15,24.913354873657227
2013-04-16,25.77602767944336
2013-04-17,25.75371742248535
2013-04-18,25.842960357666016
2013-04-19,25.939634323120117
2013-04-22,26.095806121826172
2013-04-23,26.289161682128906
2013-04-24,26.32634925842285
2013-04-25,26.140432357788086
2013-04-26,25.761150360107422
2013-04-29,26.289161682128906
2013-04-30,26.452775955200195
2013-05-01,26.22966957092285
2013-05-02,26.207361221313477
2013-05-03,25.85039520263672
2013-05-06,25.961946487426758
2013-05-07,26.30403709411621
2013-05-08,26.400714874267578
2013-05-09,26.289161682128906
2013-05-10,26.385833740234375
2013-05-13,26.110681533813477
2013-05-14,26.385833740234375
2013-05-15,26.30403709411621
2013-05-16,26.125558853149414
2013-05-17,26.497392654418945
2013-05-20,26.891550064086914
2013-05-21,26.705625534057617
2013-05-22,26.608949661254883
2013-05-23,26.289161682128906
2013-05-24,26.021440505981445
2013-05-28,26.296598434448242
2013-05-29,26.177616119384766
2013-05-30,25.88758087158203
2013-05-31,25.143898010253906
2013-06-03,25.322378158569336
2013-06-04,24.95798110961914
2013-06-05,24.363027572631836
2013-06-06,24.682809829711914
2013-06-07,24.17711067199707
2013-06-10,23.1136417388916
2013-06-11,22.213787078857422
2013-06-12,22.474077224731445
2013-06-13,23.351619720458984
2013-06-14,23.44830322265625
2013-06-17,23.760644912719727
2013-06-18,24.18454360961914
2013-06-19,22.979774475097656
2013-06-20,21.29905891418457
2013-06-21,21.946063995361328
2013-06-24,21.35855484008789
2013-06-25,21.68577003479004
2013-06-26,23.002094268798828
2013-06-27,23.719161987304688
2013-06-28,23.47812843322754
2013-07-01,23.372684478759766
2013-07-02,22.920738220214844
2013-07-03,22.49893569946289
2013-07-05,22.122323989868164
2013-07-08,21.775835037231445
2013-07-09,21.73063850402832
2013-07-10,21.75324249267578
2013-07-11,23.101518630981445
2013-07-12,22.77009391784668
2013-07-15,22.875551223754883
2013-07-16,22.890613555908203
2013-07-17,23.04879379272461
2013-07-18,22.739965438842773
2013-07-19,22.694774627685547
2013-07-22,22.800222396850586
2013-07-23,22.8378849029541
2013-07-24,22.393484115600586
2013-07-25,22.408546447753906
2013-07-26,22.340757369995117
2013-07-29,21.843629837036133
2013-07-30,21.69297981262207
2013-07-31,21.836090087890625
2013-08-01,22.37088394165039
2013-08-02,22.46880531311035
2013-08-05,22.08466148376465
2013-08-06,21.828563690185547
2013-08-07,21.338964462280273
2013-08-08,21.715578079223633
2013-08-09,21.760772705078125
2013-08-12,22.06206512451172
2013-08-13,22.129852294921875
2013-08-14,22.46127700805664
2013-08-15,21.918947219848633
2013-08-16,21.060264587402344
2013-08-19,19.49355697631836
2013-08-20,18.74785614013672
2013-08-21,17.934368133544922
2013-08-22,18.29592514038086
2013-08-23,18.273317337036133
2013-08-26,17.3845157623291
2013-08-27,15.923250198364258
2013-08-28,16.510770797729492
2013-08-29,16.84218978881836
2013-08-30,17.339319229125977
2013-09-03,16.796995162963867
2013-09-04,16.909982681274414
2013-09-05,16.864782333374023
2013-09-06,17.32425308227539
2013-09-09,18.2507266998291
2013-09-10,19.01148223876953
2013-09-11,18.627344131469727
2013-09-12,18.318511962890625
2013-09-13,18.793058395385742
2013-09-16,19.59147071838379
2013-09-17,19.109407424926758
2013-09-18,20.917158126831055
2013-09-19,21.052736282348633
2013-09-20,19.90782928466797
2013-09-23,19.734586715698242
2013-09-24,19.01148223876953
2013-09-25,18.43903350830078
2013-09-26,18.8608455657959
2013-09-27,18.378772735595703
2013-09-30,17.768661499023438
2013-10-01,18.687597274780273
2013-10-02,18.95876121520996
2013-10-03,18.491758346557617
2013-10-04,18.868370056152344
2013-10-07,18.604740142822266
2013-10-08,18.423969268798828
2013-10-09,19.056684494018555
2013-10-10,19.734586715698242
2013-10-11,19.614070892333984
2013-10-14,20.329641342163086
2013-10-15,19.704458236694336
2013-10-16,19.809904098510742
2013-10-17,20.118728637695312
2013-10-18,20.20911979675293
2013-10-21,20.058473587036133
2013-10-22,19.922895431518555
2013-10-23,19.568872451782227
2013-10-24,19.960554122924805
2013-10-25,20.615861892700195
2013-10-28,20.555601119995117
2013-10-29,20.261842727661133
2013-10-30,19.870162963867188
2013-10-31,19.342899322509766
2013-11-01,18.838245391845703
2013-11-04,19.07927703857422
2013-11-05,18.74785614013672
2013-11-06,18.92110252380371
2013-11-07,18.657466888427734
2013-11-08,18.853309631347656
2013-11-11,18.469158172607422
2013-11-12,18.062421798706055
2013-11-13,18.085020065307617
2013-11-14,18.567079544067383
2013-11-15,18.499292373657227
2013-11-18,18.401371002197266
2013-11-19,18.258264541625977
2013-11-20,17.731000900268555
2013-11-21,17.919307708740234
2013-11-22,17.79879379272461
2013-11-25,17.663211822509766
2013-11-26,17.489959716796875
2013-11-27,17.51255989074707
2013-11-29,17.40711212158203
2013-12-02,17.40711212158203
2013-12-03,17.248931884765625
2013-12-04,17.075687408447266
2013-12-05,16.781932830810547
2013-12-06,17.083219528198242
2013-12-09,17.128414154052734
2013-12-10,17.437232971191406
2013-12-11,16.932579040527344
2013-12-12,16.812061309814453
2013-12-13,16.55596351623535
2013-12-16,16.638818740844727
2013-12-17,16.62375259399414
2013-12-18,16.942657470703125
2013-12-19,16.761289596557617
2013-12-20,16.428787231445312
2013-12-23,16.459012985229492
2013-12-24,16.632822036743164
2013-12-26,16.511905670166016
2013-12-27,16.768844604492188
2013-12-30,16.995548248291016
2013-12-31,17.260046005249023
2014-01-02,16.776403427124023
2014-01-03,16.6403751373291
2014-01-06,16.443899154663086
2014-01-07,16.383441925048828
2014-01-08,16.496797561645508
2014-01-09,16.534578323364258
2014-01-10,17.267602920532227
2014-01-13,17.54720687866211
2014-01-14,17.675682067871094
2014-01-15,18.008180618286133
2014-01-16,17.637895584106445
2014-01-17,17.675682067871094
2014-01-21,17.68323516845703
2014-01-22,18.159324645996094
2014-01-23,17.81926155090332
2014-01-24,17.108903884887695
2014-01-27,16.84441375732422
2014-01-28,17.116466522216797
2014-01-29,17.025785446166992
2014-01-30,17.554767608642578
2014-01-31,17.53209686279297
2014-02-03,16.8822021484375
2014-02-04,17.690797805786133
2014-02-05,17.59255027770996
2014-02-06,18.06863784790039
2014-02-07,18.25756072998047
2014-02-10,17.70590591430664
2014-02-11,18.355806350708008
2014-02-12,18.302898406982422
2014-02-13,18.612741470336914
2014-02-14,19.11149787902832
2014-02-18,18.930130004882812
2014-02-19,19.013254165649414
2014-02-20,19.330646514892578
2014-02-21,19.58758544921875
2014-02-24,19.602697372436523
2014-02-25,19.081274032592773
2014-02-26,18.907461166381836
2014-02-27,19.42133140563965
2014-02-28,19.31553840637207
2014-03-03,19.209732055664062
2014-03-04,19.58758544921875
2014-03-05,19.897417068481445
2014-03-06,20.229923248291016
2014-03-07,19.957874298095703
2014-03-10,20.033443450927734
2014-03-11,19.965435028076172
2014-03-12,20.101457595825195
2014-03-13,19.995655059814453
2014-03-14,21.19720458984375
2014-03-17,21.537277221679688
2014-03-18,21.514596939086914
2014-03-19,20.95538902282715
2014-03-20,20.494417190551758
2014-03-21,20.426410675048828
2014-03-24,20.539751052856445
2014-03-25,20.517087936401367
2014-03-26,20.38862419128418
2014-03-27,20.50197410583496
2014-03-28,20.7589111328125
2014-03-31,20.88737678527832
2014-04-01,21.6506290435791
2014-04-02,21.522159576416016
2014-04-03,21.431480407714844
2014-04-04,21.38613510131836
2014-04-07,21.461702346801758
2014-04-08,21.968015670776367
2014-04-09,21.491931915283203
2014-04-10,20.728683471679688
2014-04-11,20.76646614074707
2014-04-14,21.030956268310547
2014-04-15,20.978057861328125
2014-04-16,21.318124771118164
2014-04-17,21.416366577148438
2014-04-21,21.189661026000977
2014-04-22,20.96294593811035
2014-04-23,20.592655181884766
2014-04-24,20.72112464904785
2014-04-25,20.819366455078125
2014-04-28,20.381061553955078
2014-04-29,20.83448028564453
2014-04-30,20.917606353759766
2014-05-01,21.008289337158203
2014-05-02,20.932722091674805
2014-05-05,20.90248680114746
2014-05-06,20.864707946777344
2014-05-07,21.000730514526367
2014-05-08,20.932722091674805
2014-05-09,21.129199981689453
2014-05-12,21.44658851623535
2014-05-13,21.431480407714844
2014-05-14,21.990690231323242
2014-05-15,21.771535873413086
2014-05-16,22.345869064331055
2014-05-19,22.08137321472168
2014-05-20,21.11408805847168
2014-05-21,21.235000610351562
2014-05-22,21.688413619995117
2014-05-23,21.46925926208496
2014-05-27,21.431480407714844
2014-05-28,21.38613510131836
2014-05-29,21.50704574584961
2014-05-30,20.713565826416016
2014-06-02,20.67578125
2014-06-03,21.000730514526367
2014-06-04,20.577545166015625
2014-06-05,20.706008911132812
2014-06-06,20.940275192260742
2014-06-09,20.69845199584961
2014-06-10,20.90248680114746
2014-06-11,20.79669189453125
2014-06-12,20.569988250732422
2014-06-13,20.562427520751953
2014-06-16,20.290380477905273
2014-06-17,20.305492401123047
2014-06-18,20.403730392456055
2014-06-19,20.28282356262207
2014-06-20,20.131685256958008
2014-06-23,20.01076889038086
2014-06-24,19.942760467529297
2014-06-25,19.840389251708984
2014-06-26,19.802186965942383
2014-06-27,19.74870491027832
2014-06-30,20.15361213684082
2014-07-01,20.39044761657715
2014-07-02,20.535606384277344
2014-07-03,20.451568603515625
2014-07-07,21.30721664428711
2014-07-08,21.551685333251953
2014-07-09,22.422622680664062
2014-07-10,22.063552856445312
2014-07-11,21.864912033081055
2014-07-14,21.742679595947266
2014-07-15,21.658649444580078
2014-07-16,22.017711639404297
2014-07-17,21.544048309326172
2014-07-18,22.055910110473633
2014-07-21,22.499013900756836
2014-07-22,22.437894821166992
2014-07-23,22.376781463623047
2014-07-24,22.315656661987305
2014-07-25,22.071191787719727
2014-07-28,22.369136810302734
2014-07-29,22.216344833374023
2014-07-30,21.910757064819336
2014-07-31,21.192617416381836
2014-08-01,21.360689163208008
2014-08-04,22.0024356842041
2014-08-05,21.681564331054688
2014-08-06,21.276655197143555
2014-08-07,21.368335723876953
2014-08-08,21.643367767333984
2014-08-11,22.193422317504883
2014-08-12,22.201066970825195
2014-08-13,22.27745819091797
2014-08-14,22.239259719848633
2014-08-15,22.017711639404297
2014-08-18,22.28510093688965
2014-08-19,22.33094024658203
2014-08-20,22.353858947753906
2014-08-21,22.28510093688965
2014-08-22,22.017711639404297
2014-08-25,22.193422317504883
2014-08-26,22.10175132751465
2014-08-27,22.231624603271484
2014-08-28,22.109384536743164
2014-08-29,21.9642333984375
2014-09-02,22.086467742919922
2014-09-03,22.13994598388672
2014-09-04,22.063552856445312
2014-09-05,22.338581085205078
2014-09-08,22.262184143066406
2014-09-09,21.841999053955078
2014-09-10,21.5975284576416
2014-09-11,21.368335723876953
2014-09-12,21.230817794799805
2014-09-15,21.100950241088867
2014-09-16,21.559324264526367
2014-09-17,21.299577713012695
2014-09-18,21.582246780395508
2014-09-19,21.566967010498047
2014-09-22,21.398889541625977
2014-09-23,21.375972747802734
2014-09-24,21.73504066467285
2014-09-25,21.398889541625977
2014-09-26,20.955791473388672
2014-09-29,20.70367431640625
2014-09-30,20.795351028442383
2014-10-01,20.51268768310547
2014-10-02,20.321687698364258
2014-10-03,19.909141540527344
2014-10-06,20.15361213684082
2014-10-07,20.100139617919922
2014-10-08,20.314050674438477
2014-10-09,19.80982780456543
2014-10-10,19.603557586669922
2014-10-13,19.62647819519043
2014-10-14,19.870946884155273
2014-10-15,19.90150260925293
2014-10-16,19.909141540527344
2014-10-17,20.66547966003418
2014-10-20,20.92523193359375
2014-10-21,21.093305587768555
2014-10-22,20.955791473388672
2014-10-23,21.284297943115234
2014-10-24,21.139142990112305
2014-10-27,20.77243423461914
2014-10-28,20.65020179748535
2014-10-29,20.841197967529297
2014-10-30,20.9710693359375
2014-10-31,21.062744140625
2014-11-03,20.88702964782715
2014-11-04,20.871749877929688
2014-11-05,20.71131134033203
2014-11-06,20.49740982055664
2014-11-07,20.54323959350586
2014-11-10,20.321687698364258
2014-11-11,20.61963653564453
2014-11-12,20.58144187927246
2014-11-13,20.612001419067383
2014-11-14,20.78771209716797
2014-11-17,20.91758918762207
2014-11-18,21.345417022705078
2014-11-19,21.276655197143555
2014-11-20,20.99398422241211
2014-11-21,21.521127700805664
2014-11-24,21.30721664428711
2014-11-25,21.07802391052246
2014-11-26,21.314851760864258
2014-11-28,21.016908645629883
2014-12-01,21.10858154296875
2014-12-02,21.162063598632812
2014-12-03,21.116220474243164
2014-12-04,21.207895278930664
2014-12-05,21.055103302001953
2014-12-08,20.688400268554688
2014-12-09,20.69603729248047
2014-12-10,20.688400268554688
2014-12-11,20.58908462524414
2014-12-12,20.237653732299805
2014-12-15,19.244483947753906
2014-12-16,19.15281105041504
2014-12-17,19.89305305480957
2014-12-18,20.490764617919922
2014-12-19,20.6057071685791
2014-12-22,20.590381622314453
2014-12-23,20.5367431640625
2014-12-24,20.8432559967041
2014-12-26,21.004180908203125
2014-12-29,20.8432559967041
2014-12-30,20.93521499633789
2014-12-31,21.027170181274414
2015-01-02,20.52141571044922
2015-01-05,20.13060188293457
2015-01-06,20.115278244018555
2015-01-07,20.421798706054688
2015-01-08,20.467777252197266
2015-01-09,20.40646743774414
2015-01-12,20.299192428588867
2015-01-13,20.46010971069336
2015-01-14,20.230228424072266
2015-01-15,20.345169067382812
2015-01-16,20.490764617919922
2015-01-20,20.437124252319336
2015-01-21,21.01951026916504
2015-01-22,21.66319465637207
2015-01-23,21.494611740112305
2015-01-26,21.234067916870117
2015-01-27,20.99652099609375
2015-01-28,20.896902084350586
2015-01-29,20.99652099609375
2015-01-30,20.391141891479492
2015-02-02,20.644025802612305
2015-02-03,21.073150634765625
2015-02-04,21.09613609313965
2015-02-05,20.973533630371094
2015-02-06,20.866243362426758
2015-02-09,21.004180908203125
2015-02-10,20.774293899536133
2015-02-11,20.613372802734375
2015-02-12,21.119123458862305
2015-02-13,21.241735458374023
2015-02-17,21.088472366333008
2015-02-18,21.13445281982422
2015-02-19,21.103803634643555
2015-02-20,21.310699462890625
2015-02-23,21.111465454101562
2015-02-24,21.26472282409668
2015-02-25,21.318363189697266
2015-02-26,21.37966537475586
2015-02-27,21.13445281982422
2015-03-02,21.372007369995117
2015-03-03,21.241735458374023
2015-03-04,20.919891357421875
2015-03-05,20.889240264892578
2015-03-06,20.797279357910156
2015-03-09,20.690000534057617
2015-03-10,20.306854248046875
2015-03-11,20.345169067382812
2015-03-12,20.36815643310547
2015-03-13,20.20723533630371
2015-03-16,20.567392349243164
2015-03-17,20.52141571044922
2015-03-18,20.973533630371094
2015-03-19,20.743642807006836
2015-03-20,20.9428768157959
2015-03-23,20.90456771850586
2015-03-24,21.080812454223633
2015-03-25,20.559736251831055
2015-03-26,20.3988094329834
2015-03-27,20.674671173095703
2015-03-30,21.165111541748047
2015-03-31,21.26472282409668
2015-04-01,21.26472282409668
2015-04-02,21.180429458618164
2015-04-06,21.433305740356445
2015-04-07,21.364343643188477
2015-04-08,21.310699462890625
2015-04-09,21.448633193969727
2015-04-10,21.349016189575195
2015-04-13,20.850929260253906
2015-04-14,20.958208084106445
2015-04-15,21.149776458740234
2015-04-16,21.203420639038086
2015-04-17,21.13445281982422
2015-04-20,20.889240264892578
2015-04-21,21.09613609313965
2015-04-22,21.26472282409668
2015-04-23,21.180429458618164
2015-04-24,21.01951026916504
2015-04-27,20.222557067871094
2015-04-28,19.969680786132812
2015-04-29,19.509899139404297
2015-04-30,18.973491668701172
2015-05-01,19.034799575805664
2015-05-04,19.555883407592773
2015-05-05,19.42561149597168
2015-05-06,19.486909866333008
2015-05-07,19.532894134521484
2015-05-08,19.693815231323242
2015-05-11,19.448604583740234
2015-05-12,19.46392822265625
2015-05-13,19.854736328125
2015-05-14,19.985002517700195
2015-05-15,19.985002517700195
2015-05-18,19.801097869873047
2015-05-19,20.007997512817383
2015-05-20,20.13827133178711
2015-05-21,20.36815643310547
2015-05-22,20.16891860961914
2015-05-26,19.969680786132812
2015-05-27,19.900720596313477
2015-05-28,19.77043914794922
2015-05-29,19.70147705078125
2015-06-01,19.417945861816406
2015-06-02,19.456260681152344
2015-06-03,19.134422302246094
2015-06-04,18.78192138671875
2015-06-05,18.682302474975586
2015-06-08,18.391111373901367
2015-06-09,18.061603546142578
2015-06-10,18.33747673034668
2015-06-11,18.222532272338867
2015-06-12,18.084596633911133
2015-06-15,17.76275062561035
2015-06-16,18.06926918029785
2015-06-17,18.406436920166016
2015-06-18,18.53670883178711
2015-06-19,18.452417373657227
2015-06-22,18.44474983215332
2015-06-23,18.575023651123047
2015-06-24,18.368120193481445
2015-06-25,18.172502517700195
2015-06-26,18.164743423461914
2015-06-29,17.807655334472656
2015-06-30,17.986196517944336
2015-07-01,18.056060791015625
2015-07-02,18.420909881591797
2015-07-06,18.188024520874023
2015-07-07,18.19579315185547
2015-07-08,17.908573150634766
2015-07-09,17.698978424072266
2015-07-10,18.19579315185547
2015-07-13,18.24236488342285
2015-07-14,18.343284606933594
2015-07-15,17.93185806274414
2015-07-16,18.14145278930664
2015-07-17,18.094871520996094
2015-07-20,18.048301696777344
2015-07-21,18.01725196838379
2015-07-22,17.908573150634766
2015-07-23,17.830942153930664
2015-07-24,17.51266860961914
2015-07-27,17.093488693237305
2015-07-28,17.077957153320312
2015-07-29,17.17887306213379
2015-07-30,17.085723876953125
2015-07-31,17.497148513793945
2015-08-03,17.32636833190918
2015-08-04,17.372940063476562
2015-08-05,17.64463996887207
2015-08-06,17.481626510620117
2015-08-07,17.233213424682617
2015-08-10,17.442808151245117
2015-08-11,16.542333602905273
2015-08-12,15.75053596496582
2015-08-13,16.068805694580078
2015-08-14,16.200773239135742
2015-08-17,16.10762596130371
2015-08-18,15.804878234863281
2015-08-19,15.610808372497559
2015-08-20,15.370163917541504
2015-08-21,14.43088150024414
2015-08-24,13.716707229614258
2015-08-25,13.755520820617676
2015-08-26,14.555081367492676
2015-08-27,15.804878234863281
2015-08-28,15.68067741394043
2015-08-31,15.471076965332031
2015-09-01,14.989791870117188
2015-09-02,15.214909553527832
2015-09-03,15.16057300567627
2015-09-04,14.741385459899902
2015-09-08,14.69481086730957
2015-09-09,14.446402549743652
2015-09-10,14.570603370666504
2015-09-11,14.81125259399414
2015-09-14,14.593894004821777
2015-09-15,14.687047004699707
2015-09-16,14.679281234741211
2015-09-17,14.842302322387695
2015-09-18,14.368778228759766
2015-09-21,14.438640594482422
2015-09-22,14.166946411132812
2015-09-23,13.623554229736328
2015-09-24,13.421725273132324
2015-09-25,13.445012092590332
2015-09-28,12.878334999084473
2015-09-29,13.375147819519043
2015-09-30,13.732234001159668
2015-10-01,13.623554229736328
2015-10-02,13.903013229370117
2015-10-05,14.67152214050293
2015-10-06,15.277013778686523
2015-10-07,15.913555145263672
2015-10-08,16.44141960144043
2015-10-09,17.093488693237305
2015-10-12,16.984804153442383
2015-10-13,15.991180419921875
2015-10-14,16.12314796447754
2015-10-15,16.449180603027344
2015-10-16,16.4802303314209
2015-10-19,16.255115509033203
2015-10-20,16.48799705505371
2015-10-21,16.301692962646484
2015-10-22,16.89942169189453
2015-10-23,17.04690933227539
2015-10-26,17.0701961517334
2015-10-27,16.77521514892578
2015-10-28,16.317214965820312
2015-10-29,15.742775917053223
2015-10-30,15.641860008239746
2015-11-02,16.278404235839844
2015-11-03,16.705352783203125
2015-11-04,16.5190486907959
2015-11-05,16.697589874267578
2015-11-06,16.402606964111328
2015-11-09,15.688437461853027
2015-11-10,15.696194648742676
2015-11-11,15.828165054321289
2015-11-12,15.657384872436523
2015-11-13,15.556471824645996
2015-11-16,15.944605827331543
2015-11-17,16.045520782470703
2015-11-18,16.208539962768555
2015-11-19,16.270633697509766
2015-11-20,16.55009651184082
2015-11-23,16.262874603271484
2015-11-24,16.402606964111328
2015-11-25,16.379316329956055
2015-11-27,16.0998592376709
2015-11-30,15.851452827453613
2015-12-01,16.286163330078125
2015-12-02,16.076570510864258
2015-12-03,15.952367782592773
2015-12-04,16.363786697387695
2015-12-07,16.092100143432617
2015-12-08,15.73501205444336
2015-12-09,15.610808372497559
2015-12-10,15.59528636932373
2015-12-11,14.989791870117188
2015-12-14,15.168334007263184
2015-12-15,15.424505233764648
2015-12-16,16.115386962890625
2015-12-17,15.921318054199219
2015-12-18,15.703959465026855
2015-12-21,16.10762596130371
2015-12-22,16.38762664794922
2015-12-23,16.449844360351562
2015-12-24,16.309843063354492
2015-12-28,16.488731384277344
2015-12-29,16.46540069580078
2015-12-30,16.333181381225586
2015-12-31,16.23206901550293
2016-01-04,15.98318099975586
2016-01-05,16.364290237426758
2016-01-06,16.302066802978516
2016-01-07,15.788737297058105
2016-01-08,15.664291381835938
2016-01-11,15.703184127807617
2016-01-12,16.115398406982422
2016-01-13,15.944291114807129
2016-01-14,16.154293060302734
2016-01-15,15.633183479309082
2016-01-19,15.788737297058105
2016-01-20,15.648736000061035
2016-01-21,15.796515464782715
2016-01-22,16.16984748840332
2016-01-25,15.98318099975586
2016-01-26,16.340957641601562
2016-01-27,16.23206901550293
2016-01-28,16.418733596801758
2016-01-29,16.838726043701172
2016-02-01,16.823171615600586
2016-02-02,16.123178482055664
2016-02-03,16.652061462402344
2016-02-04,16.91650390625
2016-02-05,17.398727416992188
2016-02-08,17.16539192199707
2016-02-09,17.282060623168945
2016-02-10,17.390945434570312
2016-02-11,17.60094451904297
2016-02-12,17.58539390563965
2016-02-16,17.64760971069336
2016-02-17,17.974279403686523
2016-02-18,17.717609405517578
2016-02-19,17.212059020996094
2016-02-22,17.398727416992188
2016-02-23,16.908729553222656
2016-02-24,17.04094696044922
2016-02-25,17.173171997070312
2016-02-26,17.18872833251953
2016-02-29,17.64760971069336
2016-03-01,18.013158798217773
2016-03-02,18.083162307739258
2016-03-03,18.316490173339844
2016-03-04,18.526491165161133
2016-03-07,18.425384521484375
2016-03-08,17.95871925354004
2016-03-09,18.067604064941406
2016-03-10,17.997608184814453
2016-03-11,18.534269332885742
2016-03-14,18.580936431884766
2016-03-15,18.347604751586914
2016-03-16,18.682044982910156
2016-03-17,18.892038345336914
2016-03-18,18.650930404663086
2016-03-21,18.402048110961914
2016-03-22,18.347604751586914
2016-03-23,18.052053451538086
2016-03-24,17.93538475036621
2016-03-28,17.65538787841797
2016-03-29,17.88871955871582
2016-03-30,18.160940170288086
2016-03-31,18.32427215576172
2016-04-01,18.4720516204834
2016-04-04,18.39426612854004
2016-04-05,18.09871482849121
2016-04-06,18.448713302612305
2016-04-07,18.05982780456543
2016-04-08,18.1998291015625
2016-04-11,18.083162307739258
2016-04-12,18.40982437133789
2016-04-13,18.464265823364258
2016-04-14,18.184268951416016
2016-04-15,18.083162307739258
2016-04-18,18.573156356811523
2016-04-19,18.744264602661133
2016-04-20,18.65871238708496
2016-04-21,18.503156661987305
2016-04-22,18.49538803100586
2016-04-25,18.347604751586914
2016-04-26,18.176494598388672
2016-04-27,18.293161392211914
2016-04-28,18.09093475341797
2016-04-29,17.95871925354004
2016-05-02,18.013158798217773
2016-05-03,17.65538787841797
2016-05-04,17.390945434570312
2016-05-05,17.35205841064453
2016-05-06,17.42205810546875
2016-05-09,17.25872230529785
2016-05-10,17.60094451904297
2016-05-11,17.779834747314453
2016-05-12,17.593168258666992
2016-05-13,17.274280548095703
2016-05-16,17.34427833557129
2016-05-17,17.11872673034668
2016-05-18,17.072057723999023
2016-05-19,16.760953903198242
2016-05-20,16.978731155395508
2016-05-23,17.025394439697266
2016-05-24,17.09539222717285
2016-05-25,17.328725814819336
2016-05-26,17.468721389770508
2016-05-27,17.46094512939453
2016-05-31,17.398727416992188
2016-06-01,17.414278030395508
2016-06-02,17.593168258666992
2016-06-03,17.91982650756836
2016-06-06,18.39426612854004
2016-06-07,18.565378189086914
2016-06-08,18.51093101501465
2016-06-09,18.20760726928711
2016-06-10,17.81871795654297
2016-06-13,17.663162231445312
2016-06-14,17.67094612121582
2016-06-15,17.90427589416504
2016-06-16,17.98982810974121
2016-06-17,17.943161010742188
2016-06-20,18.24649429321289
2016-06-21,18.35538101196289
2016-06-22,18.436363220214844
2016-06-23,18.845178604125977
2016-06-24,17.610851287841797
2016-06-27,17.705198287963867
2016-06-28,18.593595504760742
2016-06-29,19.222557067871094
2016-06-30,19.230419158935547
2016-07-01,19.222557067871094
2016-07-05,19.096763610839844
2016-07-06,19.01814842224121
2016-07-07,18.9866943359375
2016-07-08,19.285459518432617
2016-07-11,19.560623168945312
2016-07-12,19.83579444885254
2016-07-13,19.8986873626709
2016-07-14,19.804344177246094
2016-07-15,19.607799530029297
2016-07-18,19.890827178955078
2016-07-19,19.969446182250977
2016-07-20,20.142410278320312
2016-07-21,19.914413452148438
2016-07-22,19.945858001708984
2016-07-25,19.84364891052246
2016-07-26,20.008756637573242
2016-07-27,20.307510375976562
2016-07-28,20.331098556518555
2016-07-29,20.42544174194336
2016-08-01,20.708477020263672
2016-08-02,20.64557456970215
2016-08-03,20.661304473876953
2016-08-04,20.732057571411133
2016-08-05,20.849987030029297
2016-08-08,21.00722885131836
2016-08-09,21.06226921081543
2016-08-10,20.9050235748291
2016-08-11,21.022951126098633
2016-08-12,20.677026748657227
2016-08-15,20.55909538269043
2016-08-16,20.606264114379883
2016-08-17,20.621992111206055
2016-08-18,21.054405212402344
2016-08-19,20.842121124267578
2016-08-22,20.55909538269043
2016-08-23,20.42544174194336
2016-08-24,20.527650833129883
2016-08-25,20.732057571411133
2016-08-26,20.40185546875
2016-08-29,20.260337829589844
2016-08-30,19.99302864074707
2016-08-31,20.063793182373047
2016-09-01,19.87510108947754
2016-09-02,20.315370559692383
2016-09-06,20.543367385864258
2016-09-07,20.590545654296875
2016-09-08,20.323232650756836
2016-09-09,19.50558853149414
2016-09-12,19.725725173950195
2016-09-13,19.371936798095703
2016-09-14,19.206836700439453
2016-09-15,20.016618728637695
2016-09-16,20.00089454650879
2016-09-19,20.252479553222656
2016-09-20,20.16599464416504
2016-09-21,20.787092208862305
2016-09-22,20.928606033325195
2016-09-23,20.637718200683594
2016-09-26,20.441165924072266
2016-09-27,21.030813217163086
2016-09-28,21.243087768554688
2016-09-29,20.89716148376465
2016-09-30,20.787092208862305
2016-10-03,21.22736358642578
2016-10-04,20.74778175354004
2016-10-05,20.857851028442383
2016-10-06,20.724191665649414
2016-10-07,20.590545654296875
2016-10-10,20.700611114501953
2016-10-11,20.464754104614258
2016-10-12,20.551231384277344
2016-10-13,20.441165924072266
2016-10-14,20.606264114379883
2016-10-17,20.598405838012695
2016-10-18,20.8657169342041
2016-10-19,20.9050235748291
2016-10-20,20.763504028320312
2016-10-21,20.826404571533203
2016-10-24,20.73992156982422
2016-10-25,20.677026748657227
2016-10-26,20.621992111206055
2016-10-27,20.574819564819336
2016-10-28,20.504060745239258
2016-10-31,20.637718200683594
2016-11-01,20.362548828125
2016-11-02,20.331098556518555
2016-11-03,20.040206909179688
2016-11-04,20.008756637573242
2016-11-07,20.61412811279297
2016-11-08,20.967918395996094
2016-11-09,20.142410278320312
2016-11-10,19.230419158935547
2016-11-11,18.37346649169922
2016-11-14,18.3262882232666
2016-11-15,18.632911682128906
2016-11-16,18.766565322875977
2016-11-17,18.876628875732422
2016-11-18,18.75084114074707
2016-11-21,18.507118225097656
2016-11-22,18.73511505126953
2016-11-23,18.459945678710938
2016-11-25,18.224082946777344
2016-11-28,18.121877670288086
2016-11-29,18.29483985900879
2016-11-30,18.35774040222168
2016-12-01,18.397050857543945
2016-12-02,18.790151596069336
2016-12-05,18.97883415222168
2016-12-06,19.07318115234375
2016-12-07,19.301176071166992
2016-12-08,19.37979507446289
2016-12-09,19.293315887451172
2016-12-12,19.12821388244629
2016-12-13,19.419105529785156
2016-12-14,18.70366668701172
2016-12-15,18.79800796508789
2016-12-16,18.70366668701172
2016-12-19,18.562149047851562
2016-12-20,18.255529403686523
2016-12-21,18.141407012939453
2016-12-22,17.82659149169922
2016-12-23,17.94464874267578
2016-12-27,18.314558029174805
2016-12-28,18.558547973632812
2016-12-29,19.2432804107666
2016-12-30,18.99142074584961
2017-01-03,19.133087158203125
2017-01-04,19.274757385253906
2017-01-05,19.534482955932617
2017-01-06,19.424299240112305
2017-01-09,19.337726593017578
2017-01-10,19.369199752807617
2017-01-11,19.40855598449707
2017-01-12,19.274757385253906
2017-01-13,19.282625198364258
2017-01-17,19.14095687866211
2017-01-18,19.10947608947754
2017-01-19,19.054384231567383
2017-01-20,18.810405731201172
2017-01-23,19.077991485595703
2017-01-24,19.274757385253906
2017-01-25,19.321979522705078
2017-01-26,19.203922271728516
2017-01-27,19.2275333404541
2017-01-30,19.2432804107666
2017-01-31,19.211793899536133
2017-02-01,19.274757385253906
2017-02-02,19.455780029296875
2017-02-03,19.613189697265625
2017-02-06,19.605318069458008
2017-02-07,19.542354583740234
2017-02-08,19.550222396850586
2017-02-09,19.69189453125
2017-02-10,19.707632064819336
2017-02-13,19.81781768798828
2017-02-14,19.660411834716797
2017-02-15,19.676149368286133
2017-02-16,19.51873779296875
2017-02-17,19.337726593017578
2017-02-21,19.38494300842285
2017-02-22,19.377077102661133
2017-02-23,19.487260818481445
2017-02-24,19.510868072509766
2017-02-27,19.32984733581543
2017-02-28,19.274757385253906
2017-03-01,19.345592498779297
2017-03-02,19.259017944335938
2017-03-03,19.40855598449707
2017-03-06,19.542354583740234
2017-03-07,19.47939109802246
2017-03-08,19.266889572143555
2017-03-09,19.290504455566406
2017-03-10,19.39281463623047
2017-03-13,19.503000259399414
2017-03-14,19.487260818481445
2017-03-15,19.84929847717285
2017-03-16,20.069673538208008
2017-03-17,20.16412353515625
2017-03-20,20.234954833984375
2017-03-21,19.998842239379883
2017-03-22,20.234954833984375
2017-03-23,20.384489059448242
2017-03-24,20.423843383789062
2017-03-27,20.282175064086914
2017-03-28,20.313657760620117
2017-03-29,20.423843383789062
2017-03-30,20.392364501953125
2017-03-31,20.29792022705078
2017-04-03,20.573379516601562
2017-04-04,20.825237274169922
2017-04-05,20.58911895751953
2017-04-06,20.659955978393555
2017-04-07,20.652088165283203
2017-04-10,20.565509796142578
2017-04-11,20.534032821655273
2017-04-12,20.691442489624023
2017-04-13,20.4710636138916
2017-04-17,20.439584732055664
2017-04-18,20.384489059448242
2017-04-19,20.16412353515625
2017-04-20,20.384489059448242
2017-04-21,20.644216537475586
2017-04-24,20.888202667236328
2017-04-25,20.880332946777344
2017-04-26,20.9354248046875
2017-04-27,20.85672378540039
2017-04-28,20.722923278808594
2017-05-01,20.754405975341797
2017-05-02,20.872459411621094
2017-05-03,20.715049743652344
2017-05-04,20.77801513671875
2017-05-05,21.05348014831543
2017-05-08,21.021995544433594
2017-05-09,21.12431526184082
2017-05-10,20.959035873413086
2017-05-11,20.99051284790039
2017-05-12,21.00625991821289
2017-05-15,21.147932052612305
2017-05-16,20.872459411621094
2017-05-17,20.33727264404297
2017-05-18,20.4553279876709
2017-05-19,21.55718994140625
2017-05-22,21.41551971435547
2017-05-23,21.250244140625
2017-05-24,21.092830657958984
2017-05-25,21.179410934448242
2017-05-26,21.08496856689453
2017-05-30,21.061355590820312
2017-05-31,20.903940200805664
2017-06-01,21.171541213989258
2017-06-02,21.360427856445312
2017-06-05,21.37616539001465
2017-06-06,21.23450469970703
2017-06-07,21.218761444091797
2017-06-08,21.23450469970703
2017-06-09,20.982650756835938
2017-06-12,21.116443634033203
2017-06-13,21.2659854888916
2017-06-14,21.509971618652344
2017-06-15,21.53358268737793
2017-06-16,21.289596557617188
2017-06-19,21.344688415527344
2017-06-20,21.439498901367188
2017-06-21,21.598840713500977
2017-06-22,21.574935913085938
2017-06-23,21.70241355895996
2017-06-26,21.941423416137695
2017-06-27,21.758182525634766
2017-06-28,21.98923110961914
2017-06-29,21.622739791870117
2017-06-30,21.678508758544922
2017-07-03,21.829885482788086
2017-07-05,21.64664077758789
2017-07-06,21.447463989257812
2017-07-07,21.41559600830078
2017-07-10,21.343891143798828
2017-07-11,21.351858139038086
2017-07-12,21.805986404418945
2017-07-13,21.606807708740234
2017-07-14,21.78208351135254
2017-07-17,21.630706787109375
2017-07-18,21.582902908325195
2017-07-19,21.582902908325195
2017-07-20,21.598840713500977
2017-07-21,21.200485229492188
2017-07-24,21.383729934692383
2017-07-25,21.439498901367188
2017-07-26,21.47136688232422
2017-07-27,21.288124084472656
2017-07-28,21.351858139038086
2017-07-31,21.407625198364258
2017-08-01,21.367794036865234
2017-08-02,21.351858139038086
2017-08-03,21.208454132080078
2017-08-04,21.208454132080078
2017-08-07,21.19251823425293
2017-08-08,21.29608726501465
2017-08-09,21.335926055908203
2017-08-10,21.07301139831543
2017-08-11,21.232349395751953
2017-08-14,21.367794036865234
2017-08-15,21.335926055908203
2017-08-16,21.662578582763672
2017-08-17,21.383729934692383
2017-08-18,21.598840713500977
2017-08-21,21.574935913085938
2017-08-22,21.694442749023438
2017-08-23,21.798019409179688
2017-08-24,21.65460777282715
2017-08-25,21.734283447265625
2017-08-28,21.64664077758789
2017-08-29,21.630706787109375
2017-08-30,21.455432891845703
2017-08-31,21.41559600830078
2017-09-01,21.574935913085938
2017-09-05,21.15267562866211
2017-09-06,21.232349395751953
2017-09-07,21.343891143798828
2017-09-08,21.479333877563477
2017-09-11,21.766149520874023
2017-09-12,21.566970825195312
2017-09-13,21.359819412231445
2017-09-14,21.2801513671875
2017-09-15,21.50323486328125
2017-09-18,21.359819412231445
2017-09-19,21.582902908325195
2017-09-20,21.343891143798828
2017-09-21,21.375761032104492
2017-09-22,21.47136688232422
2017-09-25,21.25625228881836
2017-09-26,21.15267562866211
2017-09-27,20.953506469726562
2017-09-28,20.873830795288086
2017-09-29,21.26422119140625
2017-10-02,21.1287784576416
2017-10-03,21.312021255493164
2017-10-04,21.343891143798828
2017-10-05,21.367794036865234
2017-10-06,21.12081527709961
2017-10-09,21.19251823425293
2017-10-10,21.335926055908203
2017-10-11,21.160648345947266
2017-10-12,21.272188186645508
2017-10-13,21.511198043823242
2017-10-16,21.495264053344727
2017-10-17,21.375761032104492
2017-10-18,21.248289108276367
2017-10-19,21.19251823425293
2017-10-20,21.2801513671875
2017-10-23,21.200485229492188
2017-10-24,21.160648345947266
2017-10-25,21.240318298339844
2017-10-26,21.15267562866211
2017-10-27,21.208454132080078
2017-10-30,21.080970764160156
2017-10-31,21.272188186645508
2017-11-01,21.375761032104492
2017-11-02,21.606807708740234
2017-11-03,21.519168853759766
2017-11-06,21.742252349853516
2017-11-07,21.54306983947754
2017-11-08,21.622739791870117
2017-11-09,21.511198043823242
2017-11-10,21.351858139038086
2017-11-13,21.288124084472656
2017-11-14,21.12081527709961
2017-11-15,21.07301139831543
2017-11-16,21.46340560913086
2017-11-17,21.622739791870117
2017-11-20,21.64664077758789
2017-11-21,21.598840713500977
2017-11-22,21.813955307006836
2017-11-24,21.90159034729004
2017-11-27,21.622739791870117
2017-11-28,21.70241355895996
2017-11-29,21.407625198364258
2017-11-30,21.25625228881836
2017-12-01,21.184551239013672
2017-12-04,21.19251823425293
2017-12-05,21.319988250732422
2017-12-06,21.407625198364258
2017-12-07,21.4872989654541
2017-12-08,21.582902908325195
2017-12-11,21.598840713500977
2017-12-12,21.447463989257812
2017-12-13,21.805986404418945
2017-12-14,21.821914672851562
2017-12-15,21.821914672851562
2017-12-18,21.798019409179688
2017-12-19,21.78206443786621
2017-12-20,21.582670211791992
2017-12-21,22.045269012451172
2017-12-22,22.29251480102539
2017-12-26,22.30049705505371
2017-12-27,22.467987060546875
2017-12-28,22.619529724121094
2017-12-29,22.67536163330078
2018-01-02,22.77107048034668
2018-01-03,22.62750816345215
2018-01-04,22.84285545349121
2018-01-05,23.114036560058594
2018-01-08,23.161888122558594
2018-01-09,22.930591583251953
2018-01-10,22.946537017822266
2018-01-11,23.24962043762207
2018-01-12,23.313430786132812
2018-01-16,23.38521385192871
2018-01-17,23.67234230041504
2018-01-18,23.608537673950195
2018-01-19,23.728178024291992
2018-01-22,23.744125366210938
2018-01-23,24.00733184814453
2018-01-24,24.166845321655273
2018-01-25,24.13494300842285
2018-01-26,24.374223709106445
2018-01-29,23.991376876831055
2018-01-30,23.544729232788086
2018-01-31,23.760080337524414
2018-02-01,23.55270767211914
2018-02-02,23.273548126220703
2018-02-05,22.739171981811523
2018-02-06,23.48092269897461
2018-02-07,23.058202743530273
2018-02-08,22.244667053222656
2018-02-09,22.78702163696289
2018-02-12,23.034273147583008
2018-02-13,23.449016571044922
2018-02-14,23.648412704467773
2018-02-15,23.879714965820312
2018-02-16,24.015304565429688
2018-02-20,23.903640747070312
2018-02-21,23.520801544189453
2018-02-22,23.38521385192871
2018-02-23,23.544729232788086
2018-02-26,23.26557731628418
2018-02-27,22.946537017822266
2018-02-28,22.81892967224121
2018-03-01,22.747148513793945
2018-03-02,22.890710830688477
2018-03-05,22.922609329223633
2018-03-06,22.611555099487305
2018-03-07,22.348352432250977
2018-03-08,22.563701629638672
2018-03-09,22.699289321899414
2018-03-12,22.78702163696289
2018-03-13,22.356325149536133
2018-03-14,22.220739364624023
2018-03-15,21.89373016357422
2018-03-16,21.837900161743164
2018-03-19,21.70230484008789
2018-03-20,21.67040252685547
2018-03-21,21.981462478637695
2018-03-22,21.1998291015625
2018-03-23,21.00043296813965
2018-03-26,21.526838302612305
2018-03-27,21.136022567749023
2018-03-28,21.136022567749023
2018-03-29,21.502910614013672
2018-04-02,21.463031768798828
2018-04-03,21.805994033813477
2018-04-04,21.8139705657959
2018-04-05,21.48696517944336
2018-04-06,21.191850662231445
2018-04-09,21.48696517944336
2018-04-10,22.12502670288086
2018-04-11,22.276569366455078
2018-04-12,22.05324363708496
2018-04-13,21.790042877197266
2018-04-16,21.93360137939453
2018-04-17,21.909679412841797
2018-04-18,22.037294387817383
2018-04-19,21.78206443786621
2018-04-20,21.59064483642578
2018-04-23,21.51885986328125
2018-04-24,21.17589569091797
2018-04-25,20.649497985839844
2018-04-26,20.394262313842773
2018-04-27,20.354387283325195
2018-04-30,20.226778030395508
2018-05-01,20.011425018310547
2018-05-02,20.170944213867188
2018-05-03,19.692394256591797
2018-05-04,19.5966796875
2018-05-07,19.4770450592041
2018-05-08,19.22181510925293
2018-05-09,19.732269287109375
2018-05-10,20.314510345458984
2018-05-11,20.21879768371582
2018-05-14,20.083206176757812
2018-05-15,19.309551239013672
2018-05-16,19.55679702758789
2018-05-17,19.453121185302734
2018-05-18,18.87087631225586
2018-05-21,18.695411682128906
2018-05-22,18.966588973999023
2018-05-23,19.261693954467773
2018-05-24,19.851905822753906
2018-05-25,20.07523536682129
2018-05-29,20.178916931152344
2018-05-30,20.609615325927734
2018-05-31,20.354387283325195
2018-06-01,20.521879196166992
2018-06-04,20.76115608215332
2018-06-05,20.5617618560791
2018-06-06,20.888769149780273
2018-06-07,20.5617618560791
2018-06-08,20.346410751342773
2018-06-11,20.418193817138672
2018-06-12,20.306529998779297
2018-06-13,20.266651153564453
2018-06-14,20.170944213867188
2018-06-15,19.77214813232422
2018-06-18,19.229787826538086
2018-06-19,19.356557846069336
2018-06-20,19.478450775146484
2018-06-21,19.05589485168457
2018-06-22,19.080265045166016
2018-06-25,19.14527702331543
2018-06-26,18.763349533081055
2018-06-27,18.389543533325195
2018-06-28,18.137632369995117
2018-06-29,18.665834426879883
2018-07-02,18.478931427001953
2018-07-03,17.845090866088867
2018-07-05,18.30828094482422
2018-07-06,18.617076873779297
2018-07-09,19.080265045166016
2018-07-10,19.120901107788086
2018-07-11,18.990882873535156
2018-07-12,19.153404235839844
2018-07-13,19.137155532836914
2018-07-16,18.7714786529541
2018-07-17,18.925872802734375
2018-07-18,19.06401824951172
2018-07-19,18.812105178833008
2018-07-20,18.95024871826172
2018-07-23,19.06401824951172
2018-07-24,19.283422470092773
2018-07-25,19.519084930419922
2018-07-26,19.315929412841797
2018-07-27,19.600343704223633
2018-07-30,19.681604385375977
2018-07-31,19.315929412841797
2018-08-01,19.681604385375977
2018-08-02,19.55158805847168
2018-08-03,19.632850646972656
2018-08-06,19.9416446685791
2018-08-07,19.99852752685547
2018-08-08,19.87663459777832
2018-08-09,19.844135284423828
2018-08-10,19.50282859802246
2018-08-13,18.511438369750977
2018-08-14,18.397666931152344
2018-08-15,18.300155639648438
2018-08-16,18.422048568725586
2018-08-17,18.576446533203125
2018-08-20,18.893367767333984
2018-08-21,19.169658660888672
2018-08-22,19.242794036865234
2018-08-23,19.05589485168457
2018-08-24,19.405317306518555
2018-08-27,19.616596221923828
2018-08-28,19.494705200195312
2018-08-29,19.608474731445312
2018-08-30,18.966503143310547
2018-08-31,18.990882873535156
2018-09-04,18.170137405395508
2018-09-05,17.381895065307617
2018-09-06,17.845090866088867
2018-09-07,18.048242568969727
2018-09-10,17.966983795166016
2018-09-11,18.186391830444336
2018-09-12,18.25139808654785
2018-09-13,18.519561767578125
2018-09-14,18.53581428527832
2018-09-17,17.991363525390625
2018-09-18,18.25139808654785
2018-09-19,18.511438369750977
2018-09-20,18.933998107910156
2018-09-21,18.877113342285156
2018-09-24,18.454551696777344
2018-09-25,18.454551696777344
2018-09-26,18.438304901123047
2018-09-27,18.560195922851562
2018-09-28,18.665834426879883
2018-10-01,18.625205993652344
2018-10-02,18.210769653320312
2018-10-03,17.853219985961914
2018-10-04,17.203121185302734
2018-10-05,17.300640106201172
2018-10-08,17.503787994384766
2018-10-09,17.463159561157227
2018-10-10,17.105607986450195
2018-10-11,17.146238327026367
2018-10-12,17.438779830932617
2018-10-15,17.35751724243164
2018-10-16,17.958858489990234
2018-10-17,17.828840255737305
2018-10-18,17.438779830932617
2018-10-19,17.65006446838379
2018-10-22,17.682565689086914
2018-10-23,17.682565689086914
2018-10-24,16.96746253967285
2018-10-25,17.544422149658203
2018-10-26,17.633808135986328
2018-10-29,17.2600040435791
2018-10-30,17.845090866088867
2018-10-31,17.88572120666504
2018-11-01,18.552064895629883
2018-11-02,18.584575653076172
2018-11-05,18.828353881835938
2018-11-06,18.990882873535156
2018-11-07,19.543458938598633
2018-11-08,19.194034576416016
2018-11-09,18.673959732055664
2018-11-12,18.186391830444336
2018-11-13,18.617076873779297
2018-11-14,18.966503143310547
2018-11-15,19.738492965698242
2018-11-16,20.00665855407715
2018-11-19,19.50282859802246
2018-11-20,19.14527702331543
2018-11-21,19.527210235595703
2018-11-23,19.640975952148438
2018-11-26,19.86850929260254
2018-11-27,19.93351936340332
2018-11-28,20.087921142578125
2018-11-29,20.437341690063477
2018-11-30,20.087921142578125
2018-12-03,20.526729583740234
2018-12-04,20.12854766845703
2018-12-06,20.1854305267334
2018-12-07,19.844135284423828
2018-12-10,19.80350112915039
2018-12-11,19.819753646850586
2018-12-12,20.12854766845703
2018-12-13,20.412961959838867
2018-12-14,20.177305221557617
2018-12-17,19.762866973876953
2018-12-18,20.143096923828125
2018-12-19,19.939546585083008
2018-12-20,20.159379959106445
2018-12-21,19.825557708740234
2018-12-24,19.46731185913086
2018-12-26,20.102384567260742
2018-12-27,20.09424591064453
2018-12-28,20.21637535095215
2018-12-31,20.20823097229004
2019-01-02,20.542049407958984
2019-01-03,20.305932998657227
2019-01-04,21.13640785217285
2019-01-07,21.250394821166992
2019-01-08,21.274816513061523
2019-01-09,21.315534591674805
2019-01-10,21.714487075805664
2019-01-11,21.551645278930664
2019-01-14,21.42951774597168
2019-01-15,21.510936737060547
2019-01-16,21.7959041595459
2019-01-17,21.958744049072266
2019-01-18,22.015735626220703
2019-01-22,21.673778533935547
2019-01-23,21.918033599853516
2019-01-24,22.048301696777344
2019-01-25,22.243709564208984
2019-01-28,21.90989112854004
2019-01-29,21.755191802978516
2019-01-30,22.170429229736328
2019-01-31,22.536819458007812
2019-02-01,22.357698440551758
2019-02-04,22.284421920776367
2019-02-05,22.54496192932129
2019-02-06,22.21928596496582
2019-02-07,22.146007537841797
2019-02-08,21.901748657226562
2019-02-11,21.812191009521484
2019-02-12,21.608642578125
2019-02-13,21.201547622680664
2019-02-14,21.16083526611328
2019-02-15,21.152692794799805
2019-02-19,21.779619216918945
2019-02-20,21.73891258239746
2019-02-21,21.592355728149414
2019-02-22,21.535364151000977
2019-02-25,21.84475326538086
2019-02-26,21.84475326538086
2019-02-27,21.592355728149414
2019-02-28,20.949142456054688
2019-03-01,21.06313133239746
2019-03-04,21.054990768432617
2019-03-05,21.120126724243164
2019-03-06,21.030559539794922
2019-03-07,20.672317504882812
2019-03-08,20.403636932373047
2019-03-11,20.623472213745117
2019-03-12,20.50948143005371
2019-03-13,20.460630416870117
2019-03-14,20.525768280029297
2019-03-15,21.11198616027832
2019-03-18,21.339956283569336
2019-03-19,21.299243927001953
2019-03-20,21.44580078125
2019-03-21,21.551645278930664
2019-03-22,20.91657829284668
2019-03-25,20.908435821533203
2019-03-26,21.038705825805664
2019-03-27,20.68045997619629
2019-03-28,20.932863235473633
2019-03-29,20.908435821533203
2019-04-01,21.095699310302734
2019-04-02,20.949142456054688
2019-04-03,21.282960891723633
2019-04-04,21.44580078125
2019-04-05,21.486513137817383
2019-04-08,21.364383697509766
2019-04-09,21.470232009887695
2019-04-10,21.470232009887695
2019-04-11,20.973573684692383
2019-04-12,21.022422790527344
2019-04-15,21.21782875061035
2019-04-16,21.46208381652832
2019-04-17,21.877323150634766
2019-04-18,21.714487075805664
2019-04-22,21.34809684753418
2019-04-23,21.608642578125
2019-04-24,21.201547622680664
2019-04-25,20.867725372314453
2019-04-26,21.16083526611328
2019-04-29,21.16897964477539
2019-04-30,21.266679763793945
2019-05-01,21.07127571105957
2019-05-02,20.761882781982422
2019-05-03,20.7700252532959
2019-05-06,20.354785919189453
2019-05-07,20.077959060668945
2019-05-08,19.99654197692871
2019-05-09,19.711572647094727
2019-05-10,19.77671241760254
2019-05-13,19.092792510986328
2019-05-14,19.32890510559082
2019-05-15,18.929950714111328
2019-05-16,18.563566207885742
2019-05-17,18.205320358276367
2019-05-20,18.490285873413086
2019-05-21,18.889240264892578
2019-05-22,18.69383430480957
2019-05-23,19.19863510131836
2019-05-24,19.353330612182617
2019-05-28,19.46731185913086
2019-05-29,19.858131408691406
2019-05-30,19.890695571899414
2019-05-31,20.60718536376953
2019-06-03,20.664173126220703
2019-06-04,20.56647491455078
2019-06-05,20.542049407958984
2019-06-06,20.60718536376953
2019-06-07,20.753738403320312
2019-06-10,20.884008407592773
2019-06-11,21.014280319213867
2019-06-12,20.74559783935547
2019-06-13,20.656036376953125
2019-06-14,20.419921875
2019-06-17,20.362808227539062
2019-06-18,20.991901397705078
2019-06-19,21.25678253173828
2019-06-20,21.43889045715332
2019-06-21,21.157453536987305
2019-06-24,21.18228530883789
2019-06-25,21.19056510925293
2019-06-26,21.198841094970703
2019-06-27,21.48027801513672
2019-06-28,21.51338768005371
2019-07-01,21.786544799804688
2019-07-02,21.645828247070312
2019-07-03,21.629274368286133
2019-07-05,21.43889045715332
2019-07-08,21.52994155883789
2019-07-09,21.67066192626953
2019-07-10,21.8941593170166
2019-07-11,21.77826690673828
2019-07-12,21.769994735717773
2019-07-15,21.968652725219727
2019-07-16,21.836210250854492
2019-07-17,21.769994735717773
2019-07-18,22.026594161987305
2019-07-19,21.87760353088379
2019-07-22,21.943819046020508
2019-07-23,21.761714935302734
2019-07-24,21.745161056518555
2019-07-25,21.620996475219727
2019-07-26,21.43061065673828
2019-07-29,21.46372413635254
2019-07-30,21.4968318939209
2019-07-31,21.289894104003906
2019-08-01,20.975345611572266
2019-08-02,20.958789825439453
2019-08-05,19.89926528930664
2019-08-06,20.01515007019043
2019-08-07,20.536632537841797
2019-08-08,20.77668571472168
2019-08-09,20.68562889099121
2019-08-12,20.362808227539062
2019-08-13,20.528352737426758
2019-08-14,20.155866622924805
2019-08-15,20.30486488342285
2019-08-16,20.536632537841797
2019-08-19,20.470417022705078
2019-08-20,20.38764190673828
2019-08-21,20.32141876220703
2019-08-22,20.32141876220703
2019-08-23,20.08136558532715
2019-08-26,20.197254180908203
2019-08-27,20.437305450439453
2019-08-28,20.578018188476562
2019-08-29,20.702186584472656
2019-08-30,20.85118293762207
2019-09-03,20.635967254638672
2019-09-04,20.735294342041016
2019-09-05,20.92568016052246
2019-09-06,21.049842834472656
2019-09-09,21.18228530883789
2019-09-10,21.248506546020508
2019-09-11,21.389225006103516
2019-09-12,21.43061065673828
2019-09-13,21.30644989013672
2019-09-16,20.793241500854492
2019-09-17,21.016733169555664
2019-09-18,20.991901397705078
2019-09-19,20.76840591430664
2019-09-20,20.611127853393555
2019-09-23,20.735294342041016
2019-09-24,20.255199432373047
2019-09-25,20.28830909729004
2019-09-26,20.420751571655273
2019-09-27,20.205528259277344
2019-09-30,20.255199432373047
2019-10-01,20.031702041625977
2019-10-02,19.7171573638916
2019-10-03,19.816490173339844
2019-10-04,19.99031639099121
2019-10-07,19.56816291809082
2019-10-08,19.551605224609375
2019-10-09,19.70887565612793
2019-10-10,19.833038330078125
2019-10-11,20.08964729309082
2019-10-14,20.114477157592773
2019-10-15,20.362808227539062
2019-10-16,20.429031372070312
2019-10-17,20.486970901489258
2019-10-18,20.635967254638672
2019-10-21,20.818071365356445
2019-10-22,20.90912437438965
2019-10-23,21.107786178588867
2019-10-24,21.289894104003906
2019-10-25,21.08295440673828
2019-10-28,21.231948852539062
2019-10-29,21.074674606323242
2019-10-30,21.2402286529541
2019-10-31,20.660797119140625
2019-11-01,20.89257049560547
2019-11-04,20.743576049804688
2019-11-05,21.091232299804688
2019-11-06,20.94223976135254
2019-11-07,20.727018356323242
2019-11-08,20.809795379638672
2019-11-11,20.65251922607422
2019-11-12,20.544912338256836
2019-11-13,20.4124755859375
2019-11-14,20.271753311157227
2019-11-15,20.586299896240234
2019-11-18,20.437305450439453
2019-11-19,20.453857421875
2019-11-20,20.578018188476562
2019-11-21,20.453857421875
2019-11-22,20.28830909729004
2019-11-25,20.280027389526367
2019-11-26,20.155866622924805
2019-11-27,20.0648136138916
2019-11-29,19.8909854888916
2019-12-02,20.280027389526367
2019-12-03,20.222089767456055
2019-12-04,20.4124755859375
2019-12-05,20.635967254638672
2019-12-06,20.71046257019043
2019-12-09,20.68562889099121
2019-12-10,20.751850128173828
2019-12-11,20.784963607788086
2019-12-12,20.77668571472168
2019-12-13,20.751850128173828
2019-12-16,20.930973052978516
2019-12-17,21.03878402709961
2019-12-18,21.204635620117188
2019-12-19,21.03878402709961
2019-12-20,21.11341667175293
2019-12-23,21.270980834960938
2019-12-24,21.262683868408203
2019-12-26,21.32902717590332
2019-12-27,21.29585838317871
2019-12-30,21.163169860839844
2019-12-31,21.279273986816406
2020-01-02,21.511470794677734
2020-01-03,21.212928771972656
2020-01-06,21.246103286743164
2020-01-07,21.121713638305664
2020-01-08,21.287565231323242
2020-01-09,21.29585838317871
2020-01-10,21.619274139404297
2020-01-13,21.884647369384766
2020-01-14,21.868061065673828
2020-01-15,21.635862350463867
2020-01-16,21.884647369384766
2020-01-17,22.025619506835938
2020-01-21,21.610977172851562
2020-01-22,21.70220184326172
2020-01-23,21.75196075439453
2020-01-24,21.635862350463867
2020-01-27,20.955854415893555
2020-01-28,21.146583557128906
2020-01-29,21.080245971679688
2020-01-30,20.74024200439453
2020-01-31,20.05194091796875
2020-02-03,20.027061462402344
2020-02-04,20.30072021484375
2020-02-05,20.640727996826172
2020-02-06,20.632436752319336
2020-02-07,20.38365364074707
2020-02-10,20.350481033325195
2020-02-11,20.416826248168945
2020-02-12,20.375356674194336
2020-02-13,19.993892669677734
2020-02-14,19.97730827331543
2020-02-18,20.093400955200195
2020-02-19,20.22608757019043
2020-02-20,19.90266990661621
2020-02-21,19.861209869384766
2020-02-24,19.131441116333008
2020-02-25,18.965585708618164
2020-02-26,18.932416915893555
2020-02-27,17.89581871032715
2020-02-28,17.928991317749023
2020-03-02,18.036792755126953
2020-03-03,18.401676177978516
2020-03-04,18.791439056396484
2020-03-05,18.119720458984375
2020-03-06,17.655330657958984
2020-03-09,16.087989807128906
2020-03-10,17.124589920043945
2020-03-11,16.04652976989746
2020-03-12,13.948455810546875
2020-03-13,14.976761817932129
2020-03-16,12.853808403015137
2020-03-17,13.351375579833984
2020-03-18,11.9581880569458
2020-03-19,11.029397010803223
2020-03-20,10.697686195373535
2020-03-23,9.89328670501709
2020-03-24,10.523537635803223
2020-03-25,10.963055610656738
2020-03-26,12.563562393188477
2020-03-27,11.891847610473633
2020-03-30,11.925018310546875
2020-03-31,12.215265274047852
2020-04-01,11.303058624267578
2020-04-02,11.925018310546875
2020-04-03,11.585015296936035
2020-04-06,12.911855697631836
2020-04-07,12.837224006652832
2020-04-08,12.704538345336914
2020-04-09,12.75429630279541
2020-04-13,12.729414939880371
2020-04-14,13.160640716552734
2020-04-15,12.671367645263672
2020-04-16,12.190386772155762
2020-04-17,12.994787216186523
2020-04-20,12.61331844329834
2020-04-21,12.206972122192383
2020-04-22,12.596732139587402
2020-04-23,12.762588500976562
2020-04-24,12.538681983947754
2020-04-27,12.804052352905273
2020-04-28,12.804052352905273
2020-04-29,13.401131629943848
2020-04-30,13.50893783569336
2020-05-01,12.89527416229248
2020-05-04,13.276741981506348
2020-05-05,13.260153770446777
2020-05-06,13.168935775756836
2020-05-07,13.409424781799316
2020-05-08,13.600160598754883
2020-05-11,13.658206939697266
2020-05-12,13.359668731689453
2020-05-13,13.293326377868652
2020-05-14,13.235279083251953
2020-05-15,12.961614608764648
2020-05-18,13.450889587402344
2020-05-19,13.301620483398438
2020-05-20,13.484060287475586
2020-05-21,13.351375579833984
2020-05-22,13.052835464477539
2020-05-26,13.674793243408203
2020-05-27,13.69967269897461
2020-05-28,14.014796257019043
2020-05-29,14.3548002243042
2020-06-01,14.82748794555664
2020-06-02,15.590423583984375
2020-06-03,16.320192337036133
2020-06-04,15.772865295410156
2020-06-05,16.179214477539062
2020-06-08,16.87580680847168
2020-06-09,16.295310974121094
2020-06-10,15.880675315856934
2020-06-11,14.8026123046875
2020-06-12,15.325057029724121
2020-06-15,15.318359375
2020-06-16,15.820874214172363
2020-06-17,15.703618049621582
2020-06-18,15.594742774963379
2020-06-19,15.527737617492676
2020-06-22,15.56961441040039
2020-06-23,15.536110877990723
2020-06-24,15.56961441040039
2020-06-25,15.586362838745117
2020-06-26,15.209478378295898
2020-06-29,15.351856231689453
2020-06-30,15.075472831726074
2020-07-01,15.276479721069336
2020-07-02,15.494237899780273
2020-07-06,15.795748710632324
2020-07-07,15.845999717712402
2020-07-08,16.214513778686523
2020-07-09,15.971626281738281
2020-07-10,15.921374320983887
2020-07-13,15.929752349853516
2020-07-14,16.155881881713867
2020-07-15,16.01350212097168
2020-07-16,15.938124656677246
2020-07-17,15.778996467590332
2020-07-20,15.577990531921387
2020-07-21,15.921374320983887
2020-07-22,16.0051326751709
2020-07-23,15.871122360229492
2020-07-24,15.963248252868652
2020-07-27,16.147506713867188
2020-07-28,15.896249771118164
2020-07-29,15.871122360229492
2020-07-30,15.762245178222656
2020-07-31,15.695242881774902
2020-08-03,15.259729385375977
2020-08-04,15.644990921020508
2020-08-05,15.996749877929688
2020-08-06,16.097251892089844
2020-08-07,15.753872871398926
2020-08-10,15.971626281738281
2020-08-11,15.879499435424805
2020-08-12,16.231264114379883
2020-08-13,16.197763442993164
2020-08-14,16.27313804626465
2020-08-17,16.432266235351562
2020-08-18,16.53276824951172
2020-08-19,16.39038848876953
2020-08-20,16.39038848876953
2020-08-21,16.32339096069336
2020-08-24,16.5411434173584
2020-08-25,16.95153045654297
2020-08-26,16.95153045654297
2020-08-27,16.66677474975586
2020-08-28,16.95153045654297
2020-08-31,16.423891067504883
2020-09-01,16.398765563964844
2020-09-02,16.423891067504883
2020-09-03,16.172632217407227
2020-09-04,16.231264114379883
2020-09-08,16.055381774902344
2020-09-09,15.887871742248535
2020-09-10,14.556209564208984
2020-09-11,14.916342735290527
2020-09-14,15.502613067626953
2020-09-15,15.452362060546875
2020-09-16,15.209478378295898
2020-09-17,15.201102256774902
2020-09-18,15.125727653503418
2020-09-21,14.83259105682373
2020-09-22,14.639957427978516
2020-09-23,14.2965726852417
2020-09-24,14.212821960449219
2020-09-25,14.58970832824707
2020-09-28,14.547832489013672
2020-09-29,14.472454071044922
2020-09-30,14.464080810546875
2020-10-01,14.82421588897705
2020-10-02,14.581331253051758
2020-10-05,14.983344078063965
2020-10-06,15.067099571228027
2020-10-07,15.125727653503418
2020-10-08,15.25135326385498
2020-10-09,15.37698745727539
2020-10-12,15.385356903076172
2020-10-13,15.368608474731445
2020-10-14,15.55285930633545
2020-10-15,15.360234260559082
2020-10-16,15.37698745727539
2020-10-19,15.427234649658203
2020-10-20,15.452362060546875
2020-10-21,15.787378311157227
2020-10-22,15.661745071411133
2020-10-23,15.829246520996094
2020-10-26,15.778996467590332
2020-10-27,15.73712158203125
2020-10-28,15.301605224609375
2020-10-29,15.30998420715332
2020-10-30,15.30998420715332
2020-11-02,15.661745071411133
2020-11-03,15.971626281738281
2020-11-04,16.239635467529297
2020-11-05,17.018531799316406
2020-11-06,17.11903953552246
2020-11-09,17.74718475341797
2020-11-10,18.207820892333984
2020-11-11,18.107318878173828
2020-11-12,17.67180633544922
2020-11-13,17.889556884765625
2020-11-16,18.082195281982422
2020-11-17,18.27482795715332
2020-11-18,18.14919662475586
2020-11-19,18.191072463989258
2020-11-20,18.07381820678711
2020-11-23,18.392074584960938
2020-11-24,18.810840606689453
2020-11-25,18.685213088989258
2020-11-27,18.995094299316406
2020-11-30,18.224573135375977
2020-12-01,18.844341278076172
2020-12-02,19.05372428894043
2020-12-03,19.028596878051758
2020-12-04,19.04534912109375
2020-12-07,19.371980667114258
2020-12-08,19.296606063842773
2020-12-09,19.3133602142334
2020-12-10,19.59811782836914
2020-12-11,19.380361557006836
2020-12-14,19.491741180419922
2020-12-15,19.896760940551758
2020-12-16,20.284914016723633
2020-12-17,20.32710075378418
2020-12-18,20.2174015045166
2020-12-21,20.14146614074707
2020-12-22,19.238601684570312
2020-12-23,19.390483856201172
2020-12-24,19.57611846923828
2020-12-28,20.014894485473633
2020-12-29,19.888324737548828
2020-12-30,19.6689395904541
2020-12-31,19.761754989624023
2021-01-04,20.10771369934082
2021-01-05,20.51273536682129
2021-01-06,20.251155853271484
2021-01-07,20.090837478637695
2021-01-08,20.68993377685547
2021-01-11,20.571802139282227
2021-01-12,20.774316787719727
2021-01-13,20.80806541442871
2021-01-14,21.01901626586914
2021-01-15,20.66461944580078
2021-01-19,20.37772560119629
2021-01-20,21.12870979309082
2021-01-21,21.035892486572266
2021-01-22,20.59711265563965
2021-01-25,20.268035888671875
2021-01-26,19.989580154418945
2021-01-27,19.449546813964844
2021-01-28,19.618310928344727
2021-01-29,18.94327163696289
2021-02-01,19.888324737548828
2021-02-02,19.82082176208496
2021-02-03,19.922073364257812
2021-02-04,19.91364097595215
2021-02-05,20.133026123046875
2021-02-08,20.31866455078125
2021-02-09,20.090837478637695
2021-02-10,20.14146614074707
2021-02-11,20.14990234375
2021-02-12,20.175214767456055
2021-02-16,20.10771369934082
2021-02-17,19.91364097595215
2021-02-18,19.80394744873047
2021-02-19,19.922073364257812
2021-02-22,19.72800064086914
2021-02-23,20.090837478637695
2021-02-24,20.124589920043945
2021-02-25,19.255475997924805
2021-02-26,19.280792236328125
2021-03-01,20.057083129882812
2021-03-02,19.829261779785156
2021-03-03,19.736440658569336
2021-03-04,19.23016357421875
2021-03-05,19.331422805786133
2021-03-08,19.061403274536133
2021-03-09,19.1964111328125
2021-03-10,19.314542770385742
2021-03-11,19.57611846923828
2021-03-12,19.441112518310547
2021-03-15,19.390483856201172
2021-03-16,19.348295211791992
2021-03-17,19.500179290771484
2021-03-18,19.27235221862793
2021-03-19,19.70269012451172
2021-03-22,19.474863052368164
2021-03-23,19.00234031677246
2021-03-24,18.78295135498047
2021-03-25,18.85889434814453
2021-03-26,19.43267250061035
2021-03-29,19.112030029296875
2021-03-30,18.57200050354004
2021-03-31,18.43699073791504
2021-04-01,18.504497528076172
2021-04-05,18.352615356445312
2021-04-06,18.487619400024414
2021-04-07,18.276670455932617
2021-04-08,18.301986694335938
2021-04-09,18.28510856628418
2021-04-12,17.812580108642578
2021-04-13,17.86321258544922
2021-04-14,18.25135612487793
2021-04-15,18.43699073791504
2021-04-16,18.521373748779297
2021-04-19,18.361051559448242
2021-04-20,18.192289352416992
2021-04-21,18.32729721069336
2021-04-22,18.040407180786133
2021-04-23,18.512935638427734
2021-04-26,18.25135612487793
2021-04-27,18.16697883605957
2021-04-28,18.34417152404785
2021-04-29,18.45387077331543
2021-04-30,18.25979232788086
2021-05-03,18.16697883605957
2021-05-04,18.07415771484375
2021-05-05,18.361051559448242
2021-05-06,18.563562393188477
2021-05-07,18.690126419067383
2021-05-10,18.411680221557617
2021-05-11,18.42855453491211
2021-05-12,17.939151763916016
2021-05-13,18.107906341552734
2021-05-14,18.3779296875
2021-05-17,17.998220443725586
2021-05-18,18.057281494140625
2021-05-19,17.711326599121094
2021-05-20,17.947589874267578
2021-05-21,17.71976661682129
2021-05-24,17.80414390563965
2021-05-25,17.930713653564453
2021-05-26,18.023530960083008
2021-05-27,17.939151763916016
2021-05-28,18.023530960083008
2021-06-01,18.588876724243164
2021-06-02,18.833580017089844
2021-06-03,19.036090850830078
2021-06-04,18.993900299072266
2021-06-07,18.86733055114746
2021-06-08,18.546688079833984
2021-06-09,18.69857406616211
2021-06-10,19.014488220214844
2021-06-11,18.895593643188477
2021-06-14,18.640819549560547
2021-06-15,18.49645233154297
2021-06-16,18.114294052124023
2021-06-17,18.01238250732422
2021-06-18,17.570777893066406
2021-06-21,17.68117904663086
2021-06-22,17.791580200195312
2021-06-23,17.63022804260254
2021-06-24,17.545299530029297
2021-06-25,17.51982307434082
2021-06-28,17.137664794921875
2021-06-29,17.171634674072266
2021-06-30,17.222591400146484
2021-07-01,17.23957061767578
2021-07-02,17.61324119567871
2021-07-06,17.265052795410156
2021-07-07,17.23957061767578
2021-07-08,17.001787185668945
2021-07-09,17.265052795410156
2021-07-12,17.324499130249023
2021-07-13,16.984804153442383
2021-07-14,16.959325790405273
2021-07-15,17.086713790893555
2021-07-16,17.18861961364746
2021-07-19,16.89138412475586
2021-07-20,16.950830459594727
2021-07-21,17.231082916259766
2021-07-22,17.460378646850586
2021-07-23,17.163143157958984
2021-07-26,17.248065948486328
2021-07-27,17.069725036621094
2021-07-28,17.04425048828125
2021-07-29,17.14615821838379
2021-07-30,17.061233520507812
2021-08-02,17.154651641845703
2021-08-03,17.55379295349121
2021-08-04,17.366960525512695
2021-08-05,17.72364044189453
2021-08-06,17.358469009399414
2021-08-09,17.069725036621094
2021-08-10,17.18861961364746
2021-08-11,17.30750846862793
2021-08-12,17.494348526000977
2021-08-13,17.63022804260254
2021-08-16,17.72364044189453
2021-08-17,17.58776092529297
2021-08-18,17.74911880493164
2021-08-19,17.460378646850586
2021-08-20,17.74062728881836
2021-08-23,18.00389289855957
2021-08-24,17.808563232421875
2021-08-25,17.74911880493164
2021-08-26,17.44339370727539
2021-08-27,17.74062728881836
2021-08-30,17.961429595947266
2021-08-31,18.05484390258789
2021-09-01,18.114294052124023
2021-09-02,18.020875930786133
2021-09-03,18.30961799621582
2021-09-07,18.326601028442383
2021-09-08,17.995403289794922
2021-09-09,18.148263931274414
2021-09-10,18.148263931274414
2021-09-13,18.233186721801758
2021-09-14,18.360572814941406
2021-09-15,18.360572814941406
2021-09-16,18.224689483642578
2021-09-17,18.05484390258789
2021-09-20,17.842533111572266
2021-09-21,17.80007553100586
2021-09-22,18.148263931274414
2021-09-23,18.114294052124023
2021-09-24,18.07183074951172
2021-09-27,17.969921112060547
2021-09-28,17.808563232421875
2021-09-29,17.978416442871094
2021-09-30,18.420021057128906
2021-10-01,18.57288360595703
2021-10-04,18.98051643371582
2021-10-05,19.158857345581055
2021-10-06,19.541015625
2021-10-07,19.693878173828125
2021-10-08,19.846744537353516
2021-10-11,19.97412872314453
2021-10-12,20.110004425048828
2021-10-13,20.517642974853516
2021-10-14,20.8828125
2021-10-15,20.96773910522461
2021-10-18,20.891305923461914
2021-10-19,20.99321746826172
2021-10-20,20.96773910522461
2021-10-21,20.755430221557617
2021-10-22,20.704477310180664
2021-10-25,20.58557891845703
2021-10-26,20.6450252532959
2021-10-27,20.31382179260254
2021-10-28,20.2713623046875
2021-10-29,20.32231903076172
2021-11-01,20.067541122436523
2021-11-02,19.79578971862793
2021-11-03,19.931665420532227
2021-11-04,19.829755783081055
2021-11-05,19.99960708618164
2021-11-08,20.186439514160156
2021-11-09,20.237394332885742
2021-11-10,20.194931030273438
2021-11-11,20.390256881713867
2021-11-12,20.330808639526367
2021-11-15,20.067541122436523
2021-11-16,20.025081634521484
2021-11-17,20.093019485473633
2021-11-18,19.97412872314453
2021-11-19,20.118499755859375
2021-11-22,20.17794418334961
2021-11-23,20.160959243774414
2021-11-24,20.10151481628418
2021-11-26,19.498552322387695
2021-11-29,19.804277420043945
2021-11-30,19.804277420043945
2021-12-01,19.566492080688477
2021-12-02,19.846744537353516
2021-12-03,19.6004638671875
2021-12-06,19.821264266967773
2021-12-07,20.17794418334961
2021-12-08,20.076038360595703
2021-12-09,19.991113662719727
2021-12-10,19.948650360107422
2021-12-13,19.745975494384766
2021-12-14,19.677560806274414
2021-12-15,19.754528045654297
2021-12-16,19.643352508544922
2021-12-17,19.489423751831055
2021-12-20,19.421005249023438
2021-12-21,19.745975494384766
2021-12-22,19.71176528930664
2021-12-23,19.643352508544922
2021-12-27,19.840042114257812
2021-12-28,19.857149124145508
2021-12-29,19.797285079956055
2021-12-30,19.677560806274414
2021-12-31,19.643352508544922
2022-01-03,19.840042114257812
2022-01-04,19.874250411987305
2022-01-05,19.557838439941406
2022-01-06,19.71176528930664
2022-01-07,19.96832275390625
2022-01-10,19.917009353637695
2022-01-11,20.053836822509766
2022-01-12,20.11370086669922
2022-01-13,20.053836822509766
2022-01-14,20.233423233032227
2022-01-18,19.694664001464844
2022-01-19,19.737422943115234
2022-01-20,19.874250411987305
2022-01-21,20.079492568969727
2022-01-24,19.865699768066406
2022-01-25,19.788732528686523
2022-01-26,19.557838439941406
2022-01-27,19.737422943115234
2022-01-28,19.840042114257812
2022-01-31,19.822940826416016
2022-02-01,19.831491470336914
2022-02-02,19.797285079956055
2022-02-03,19.797285079956055
2022-02-04,19.81438636779785
2022-02-07,20.241975784301758
2022-02-08,20.29328155517578
2022-02-09,20.464324951171875
2022-02-10,20.378803253173828
2022-02-11,20.318941116333008
2022-02-14,20.310388565063477
2022-02-15,20.772186279296875
2022-02-16,20.772186279296875
2022-02-17,20.413007736206055
2022-02-18,20.524181365966797
2022-02-22,20.507078170776367
2022-02-23,20.61825180053711
2022-02-24,20.524181365966797
2022-02-25,20.985973358154297
2022-02-28,20.806392669677734
2022-03-01,20.849149703979492
2022-03-02,20.575496673583984
2022-03-03,20.47287368774414
2022-03-04,20.584043502807617
2022-03-07,20.32749366760254
2022-03-08,20.481428146362305
2022-03-09,21.139907836914062
2022-03-10,20.900461196899414
2022-03-11,20.832042694091797
2022-03-14,21.08859634399414
2022-03-15,21.122806549072266
2022-03-16,21.618804931640625
2022-03-17,21.020183563232422
2022-03-18,20.900461196899414
2022-03-21,20.909008026123047
2022-03-22,21.003080368041992
2022-03-23,20.93466567993164
2022-03-24,21.310943603515625
2022-03-25,21.199769973754883
2022-03-28,21.310943603515625
2022-03-29,21.2681884765625
2022-03-30,21.216873168945312
2022-03-31,21.16556167602539
2022-04-01,21.20832061767578
2022-04-04,21.413564682006836
2022-04-05,21.242530822753906
2022-04-06,20.917564392089844
2022-04-07,21.037288665771484
2022-04-08,21.199769973754883
2022-04-11,20.900461196899414
2022-04-12,20.99452781677246
2022-04-13,21.276735305786133
2022-04-14,20.866249084472656
2022-04-18,21.157012939453125
2022-04-19,20.95176887512207
2022-04-20,21.276735305786133
2022-04-21,21.405010223388672
2022-04-22,21.071496963500977
2022-04-25,21.439218521118164
2022-04-26,21.473426818847656
2022-04-27,21.576045989990234
2022-04-28,21.618804931640625
2022-04-29,21.567495346069336
2022-05-02,21.499082565307617
2022-05-03,21.601701736450195
2022-05-04,21.866806030273438
2022-05-05,21.550390243530273
2022-05-06,21.413564682006836
2022-05-09,20.276182174682617
2022-05-10,20.318941116333008
2022-05-11,20.318941116333008
2022-05-12,19.626251220703125
2022-05-13,19.908456802368164
2022-05-16,19.891357421875
2022-05-17,20.16501235961914
2022-05-18,19.891357421875
2022-05-19,20.233423233032227
2022-05-20,20.13080406188965
2022-05-23,20.105146408081055
2022-05-24,20.44721794128418
2022-05-25,20.25052833557129
2022-05-26,20.481428146362305
2022-05-27,21.011632919311523
2022-05-31,21.362253189086914
2022-06-01,21.259632110595703
2022-06-02,21.276735305786133
2022-06-03,21.174114227294922
2022-06-06,20.9603214263916
2022-06-07,21.011632919311523
2022-06-08,21.011632919311523
2022-06-09,20.617149353027344
2022-06-10,20.16631317138672
2022-06-13,19.646114349365234
2022-06-14,19.81084442138672
2022-06-15,19.871532440185547
2022-06-16,19.85419273376465
2022-06-17,19.611434936523438
2022-06-21,20.00157928466797
2022-06-22,19.85419273376465
2022-06-23,20.00157928466797
2022-06-24,20.157644271850586
2022-06-27,19.845523834228516
2022-06-28,19.698137283325195
2022-06-29,19.429365158081055
2022-06-30,19.40335464477539
2022-07-01,19.151926040649414
2022-07-05,18.761775970458984
2022-07-06,18.72709846496582
2022-07-07,18.813796997070312
2022-07-08,18.91783905029297
2022-07-11,18.78778648376465
2022-07-12,18.857149124145508
2022-07-13,18.60572052001953
2022-07-14,18.62306022644043
2022-07-15,18.74443817138672
2022-07-18,18.761775970458984
2022-07-19,19.17793846130371
2022-07-20,19.472715377807617
2022-07-21,19.49005699157715
2022-07-22,19.507394790649414
2022-07-25,19.59409523010254
2022-07-26,19.49872589111328
2022-07-27,19.784833908081055
2022-07-28,20.03626251220703
2022-07-29,20.03626251220703
2022-08-01,20.140304565429688
2022-08-02,20.062273025512695
2022-08-03,20.270349502563477
2022-08-04,20.348377227783203
2022-08-05,20.339712142944336
2022-08-08,20.55645751953125
2022-08-09,20.634490966796875
2022-08-10,20.80788803100586
2022-08-11,20.89458656311035
2022-08-12,21.015968322753906
2022-08-15,20.74720001220703
2022-08-16,20.79054832458496
2022-08-17,20.669170379638672
2022-08-18,20.686508178710938
2022-08-19,20.46976089477539
2022-08-22,20.244342803955078
2022-08-23,20.599811553955078
2022-08-24,20.738525390625
2022-08-25,20.74720001220703
2022-08-26,20.426406860351562
2022-08-29,20.46976089477539
2022-08-30,20.565126419067383
2022-08-31,20.599811553955078
2022-09-01,20.781877517700195
2022-09-02,20.84256935119629
2022-09-06,20.920595169067383
2022-09-07,20.85123634338379
2022-09-08,20.998624801635742
2022-09-09,21.128677368164062
2022-09-12,21.319414138793945
2022-09-13,21.093997955322266
2022-09-14,21.388774871826172
2022-09-15,21.458133697509766
2022-09-16,21.041976928710938
2022-09-19,21.33675765991211
2022-09-20,21.05931854248047
2022-09-21,20.998624801635742
2022-09-22,21.102670669555664
2022-09-23,20.755868911743164
2022-09-26,20.608478546142578
2022-09-27,20.452421188354492
2022-09-28,20.695180892944336
2022-09-29,20.331039428710938
2022-09-30,20.218332290649414
2022-10-03,20.426406860351562
2022-10-04,20.85123634338379
2022-10-05,20.521778106689453
2022-10-06,20.43507957458496
2022-10-07,20.062273025512695
2022-10-10,20.079612731933594
2022-10-11,19.949562072753906
2022-10-12,20.079612731933594
2022-10-13,20.010251998901367
2022-10-14,19.559412002563477
2022-10-17,19.793502807617188
2022-10-18,19.628772735595703
2022-10-19,19.68079376220703
2022-10-20,20.16631317138672
2022-10-21,20.49576759338379
2022-10-24,20.54779052734375
2022-10-25,20.539121627807617
2022-10-26,20.504438400268555
2022-10-27,20.46976089477539
2022-10-28,20.582469940185547
2022-10-31,20.59113883972168
2022-11-01,20.46976089477539
2022-11-02,20.079612731933594
2022-11-03,20.070938110351562
2022-11-04,20.54779052734375
2022-11-07,20.565126419067383
2022-11-08,20.426406860351562
2022-11-09,20.20966339111328
2022-11-10,20.608478546142578
2022-11-11,20.59113883972168
2022-11-14,20.261680603027344
2022-11-15,20.25301170349121
2022-11-16,19.732816696166992
2022-11-17,19.871532440185547
2022-11-18,20.105621337890625
2022-11-21,19.897544860839844
2022-11-22,20.131633758544922
2022-11-23,20.148971557617188
2022-11-25,20.053600311279297
2022-11-28,20.183650970458984
2022-11-29,20.20966339111328
2022-11-30,20.608478546142578
2022-12-01,20.79054832458496
2022-12-02,20.79054832458496
2022-12-05,20.331039428710938
2022-12-06,19.82818603515625
2022-12-07,19.65478515625
2022-12-08,19.81084442138672
2022-12-09,19.49005699157715
2022-12-12,19.732816696166992
2022-12-13,20.11121368408203
2022-12-14,19.988584518432617
2022-12-15,19.629453659057617
2022-12-16,19.944787979125977
2022-12-19,19.927270889282227
2022-12-20,19.795881271362305
2022-12-21,19.90099334716797
2022-12-22,19.664493560791016
2022-12-23,19.638216018676758
2022-12-27,19.743324279785156
2022-12-28,19.287845611572266
2022-12-29,19.638216018676758
2022-12-30,19.611934661865234
2023-01-03,19.638216018676758
2023-01-04,19.55938148498535
2023-01-05,18.91995620727539
2023-01-06,19.2528076171875
2023-01-09,19.18273162841797
2023-01-10,19.025068283081055
2023-01-11,19.025068283081055
2023-01-12,19.53310203552246
2023-01-13,19.550621032714844
2023-01-17,19.830915451049805
2023-01-18,19.82215690612793
2023-01-19,19.9710636138916
2023-01-20,20.260120391845703
2023-01-23,20.373992919921875
2023-01-24,20.233844757080078
2023-01-25,20.190046310424805
2023-01-26,20.44406509399414
2023-01-27,20.628007888793945
2023-01-30,20.417789459228516
2023-01-31,20.347713470458984
2023-02-01,20.67180633544922
2023-02-02,20.61924934387207
2023-02-03,20.522897720336914
2023-02-06,20.286399841308594
2023-02-07,20.566692352294922
2023-02-08,20.58421516418457
2023-02-09,20.53165626525879
2023-02-10,20.49662208557129
2023-02-13,20.48785972595215
2023-02-14,20.59296989440918
2023-02-15,20.49662208557129
2023-02-16,20.400270462036133
2023-02-17,20.303916931152344
2023-02-21,20.207563400268555
2023-02-22,20.05866050720215
2023-02-23,20.146249771118164
2023-02-24,20.0411376953125
2023-02-27,20.190046310424805
2023-02-28,20.067415237426758
2023-03-01,19.9710636138916
2023-03-02,19.988584518432617
2023-03-03,19.804641723632812
2023-03-06,19.638216018676758
2023-03-07,19.36667823791504
2023-03-08,19.47178840637207
2023-03-09,19.44550895690918
2023-03-10,19.36667823791504
2023-03-13,19.392953872680664
2023-03-14,19.235288619995117
2023-03-15,18.91995620727539
2023-03-16,19.060104370117188
2023-03-17,19.27032470703125
2023-03-20,19.314123153686523
2023-03-21,19.59442138671875
2023-03-22,19.664493560791016
2023-03-23,19.778364181518555
2023-03-24,20.04990005493164
2023-03-27,20.11121368408203
2023-03-28,20.32143783569336
2023-03-29,20.698081970214844
2023-03-30,20.59296989440918
2023-03-31,20.610488891601562
2023-04-03,20.803192138671875
2023-04-04,20.68932342529297
2023-04-05,20.53165626525879
2023-04-06,20.68932342529297
2023-04-10,20.575454711914062
2023-04-11,20.759401321411133
2023-04-12,20.846988677978516
2023-04-13,21.232398986816406
2023-04-14,21.188600540161133
2023-04-17,20.89954376220703
2023-04-18,21.004653930664062
2023-04-19,20.811952590942383
2023-04-20,20.917062759399414
2023-04-21,20.846988677978516
2023-04-24,20.85574722290039
2023-04-25,20.776914596557617
2023-04-26,21.24991226196289
2023-04-27,21.644079208374023
2023-04-28,21.67911720275879
2023-05-01,21.6178035736084
2023-05-02,21.24115562438965
2023-05-03,21.144804000854492
2023-05-04,21.162321090698242
2023-05-05,21.276193618774414
2023-05-08,21.03969383239746
2023-05-09,21.065969467163086
2023-05-10,21.2236385345459
2023-05-11,20.846988677978516
2023-05-12,20.63676643371582
2023-05-15,20.8294734954834
2023-05-16,20.59296989440918
2023-05-17,20.601730346679688
2023-05-18,20.540414810180664
2023-05-19,20.663047790527344
2023-05-22,20.89954376220703
2023-05-23,20.838232040405273
2023-05-24,20.759401321411133
2023-05-25,20.72435760498047
2023-05-26,20.838232040405273
2023-05-30,20.820711135864258
2023-05-31,20.47909927368164
2023-06-01,20.575454711914062
2023-06-02,20.8294734954834
2023-06-05,20.803192138671875
2023-06-06,20.8294734954834
2023-06-07,20.75884437561035
2023-06-08,20.964468002319336
2023-06-09,20.973405838012695
2023-06-12,21.01810646057129
2023-06-13,20.99128532409668
2023-06-14,20.973405838012695
2023-06-15,20.964468002319336
2023-06-16,20.749902725219727
2023-06-20,20.535341262817383
2023-06-21,20.723085403442383
2023-06-22,20.64262580871582
2023-06-23,20.490642547607422
2023-06-26,20.64262580871582
2023-06-27,20.64262580871582
2023-06-28,20.58004379272461
2023-06-29,20.508522033691406
2023-06-30,20.606861114501953
2023-07-03,20.669445037841797
2023-07-05,20.64262580871582
2023-07-06,20.401241302490234
2023-07-07,20.490642547607422
2023-07-10,20.463821411132812
2023-07-11,20.597925186157227
2023-07-12,21.161151885986328
2023-07-13,21.134326934814453
2023-07-14,21.107505798339844
2023-07-17,21.170085906982422
2023-07-18,21.01810646057129
2023-07-19,21.035987854003906
2023-07-20,20.982343673706055
2023-07-21,21.035987854003906
2023-07-24,21.143266677856445
2023-07-25,21.125385284423828
2023-07-26,21.295249938964844
2023-07-27,20.85718536376953
2023-07-28,20.892946243286133
2023-07-31,20.973405838012695
2023-08-01,20.767784118652344
2023-08-02,20.535341262817383
2023-08-03,20.749902725219727
2023-08-04,20.62474250793457
2023-08-07,20.651565551757812
2023-08-08,20.55322265625
2023-08-09,20.62474250793457
2023-08-10,20.651565551757812
2023-08-11,20.490642547607422
2023-08-14,20.58004379272461
2023-08-15,20.544282913208008
2023-08-16,20.347599029541016
2023-08-17,20.32971954345703
2023-08-18,20.38336181640625
2023-08-21,20.302900314331055
2023-08-22,20.463821411132812
2023-08-23,20.651565551757812
2023-08-24,20.401241302490234
2023-08-25,20.5174617767334
2023-08-28,20.64262580871582
2023-08-29,20.946582794189453
2023-08-30,20.830366134643555
2023-08-31,20.58004379272461
2023-09-01,20.75884437561035
2023-09-05,20.696266174316406
2023-09-06,20.64262580871582
2023-09-07,20.42806053161621
2023-09-08,20.311840057373047
2023-09-11,20.5174617767334
2023-09-12,20.39229965209961
2023-09-13,20.338661193847656
2023-09-14,20.32971954345703
2023-09-15,20.35654067993164
2023-09-18,20.293962478637695
2023-09-19,20.42806053161621
2023-09-20,20.508522033691406
2023-09-21,20.347599029541016
2023-09-22,20.499584197998047
2023-09-25,20.39229965209961
2023-09-26,19.927417755126953
2023-09-27,19.900598526000977
2023-09-28,19.972116470336914
2023-09-29,19.90953826904297
2023-10-02,19.900598526000977
2023-10-03,19.811199188232422
2023-10-04,19.668153762817383
2023-10-05,19.587696075439453
2023-10-06,19.659217834472656
2023-10-09,19.525114059448242
2023-10-10,19.57875633239746
2023-10-11,19.587696075439453
2023-10-12,19.417835235595703
2023-10-13,19.42677116394043
2023-10-16,19.462533950805664
2023-10-17,19.319494247436523
2023-10-18,19.060232162475586
2023-10-19,18.631107330322266
2023-10-20,18.70262908935547
2023-10-23,18.46125030517578
2023-10-24,18.73838996887207
2023-10-25,18.68474769592285
2023-10-26,18.210922241210938
2023-10-27,18.201984405517578
2023-10-30,18.26456642150879
2023-10-31,18.184104919433594
2023-11-01,17.987422943115234
2023-11-02,18.505949020385742
2023-11-03,19.069171905517578
2023-11-06,19.23903465270996
2023-11-07,19.07811164855957
2023-11-08,18.899311065673828
2023-11-09,18.80990982055664
2023-11-10,18.74732780456543
2023-11-13,18.73838996887207
2023-11-14,19.283733367919922
2023-11-15,19.328433990478516
2023-11-16,19.3105525970459
2023-11-17,19.337373733520508
2023-11-20,19.42677116394043
2023-11-21,19.14963150024414
2023-11-22,19.015531539916992
2023-11-24,19.3105525970459
2023-11-27,19.399953842163086
2023-11-28,19.534055709838867
2023-11-29,19.3820743560791
2023-11-30,19.44465446472168
2023-12-01,19.659217834472656
2023-12-04,19.542997360229492
2023-12-05,19.542997360229492
2023-12-06,19.3820743560791
2023-12-07,19.47147560119629
2023-12-08,19.399953842163086
2023-12-11,19.07811164855957
2023-12-12,19.14963150024414
2023-12-13,19.256914138793945
2023-12-14,19.721797943115234
2023-12-15,19.57875633239746
2023-12-18,19.525114059448242
2023-12-19,19.766496658325195
2023-12-20,19.59166717529297
2023-12-21,19.81696128845215
2023-12-22,19.862024307250977
2023-12-26,19.97917366027832
2023-12-27,20.078306198120117
2023-12-28,20.033246994018555
2023-12-29,20.11435317993164
2024-01-02,20.015222549438477
2024-01-03,19.87103271484375
2024-01-04,20.177433013916016
2024-01-05,20.35767364501953
2024-01-08,20.29458999633789
2024-01-09,20.078306198120117
2024-01-10,20.11435317993164
2024-01-11,20.177433013916016
2024-01-12,20.40273094177246
2024-01-16,20.213481903076172
2024-01-17,19.94312858581543
2024-01-18,19.9971981048584
2024-01-19,20.015222549438477
2024-01-22,19.898067474365234
2024-01-23,19.70882225036621
2024-01-24,19.681787490844727
2024-01-25,19.438467025756836
2024-01-26,19.24020767211914
2024-01-29,19.438467025756836
2024-01-30,19.600679397583008
2024-01-31,19.699810028076172
2024-02-01,19.853010177612305
2024-02-02,19.88004493713379
2024-02-05,19.726844787597656
2024-02-06,19.94312858581543
2024-02-07,20.042255401611328
2024-02-08,20.06028175354004
2024-02-09,20.195457458496094
2024-02-12,20.411741256713867
2024-02-13,19.970163345336914
2024-02-14,20.456802368164062
2024-02-15,20.600990295410156
2024-02-16,20.492847442626953
2024-02-20,20.53791046142578
2024-02-21,20.456802368164062
2024-02-22,20.57395362854004
2024-02-23,20.40273094177246
2024-02-26,20.312612533569336
2024-02-27,20.29458999633789
2024-02-28,20.312612533569336
2024-02-29,20.159412384033203
2024-03-01,20.2585391998291
2024-03-04,19.988187789916992
2024-03-05,19.961153030395508
2024-03-06,20.30360221862793
2024-03-07,20.53791046142578
2024-03-08,20.62802505493164
2024-03-11,20.655059814453125
2024-03-12,20.64605140686035
2024-03-13,20.528894424438477
2024-03-14,20.68209457397461
2024-03-15,20.465810775756836
2024-03-18,20.447790145874023
2024-03-19,20.501861572265625
2024-03-20,20.637035369873047
2024-03-21,20.610002517700195
2024-03-22,20.39371681213379
2024-03-25,20.637035369873047
2024-03-26,20.528894424438477
2024-03-27,20.429763793945312
2024-03-28,20.30360221862793
2024-04-01,19.79893684387207
2024-04-02,19.843997955322266
2024-04-03,19.735855102539062
2024-04-04,19.88004493713379
2024-04-05,19.834985733032227
2024-04-08,19.853010177612305
2024-04-09,19.9971981048584
2024-04-10,19.59166717529297
2024-04-11,19.61870574951172
2024-04-12,19.339336395263672
2024-04-15,19.357357025146484
2024-04-16,18.789615631103516
2024-04-17,18.744556427001953
2024-04-18,18.825664520263672
2024-04-19,18.726531982421875
2024-04-22,18.663450241088867
2024-04-23,19.023923873901367
2024-04-24,18.942819595336914
2024-04-25,18.79863166809082
2024-04-26,18.302978515625
2024-04-29,18.64542579650879
2024-04-30,18.7175235748291
2024-05-01,18.77159309387207
2024-05-02,18.51025390625
2024-05-03,18.8707218170166
2024-05-06,18.915781021118164
2024-05-07,18.663450241088867
2024-05-08,18.42914581298828
2024-05-09,18.56432342529297
2024-05-10,18.456178665161133
2024-05-13,18.38408660888672
2024-05-14,18.456178665161133
2024-05-15,18.807640075683594
2024-05-16,18.942819595336914
2024-05-17,19.195148468017578
2024-05-20,18.834672927856445
2024-05-21,18.546297073364258
2024-05-22,18.51025390625
2024-05-23,18.38408660888672
2024-05-24,18.474201202392578
2024-05-28,18.41111946105957
2024-05-29,17.987565994262695
2024-05-30,17.89744758605957
2024-05-31,17.80733299255371
2024-06-03,18.06867027282715
2024-06-04,18.131755828857422
2024-06-05,17.942508697509766
2024-06-06,18.122745513916016
2024-06-07,17.81633949279785
2024-06-10,17.91547203063965
2024-06-11,17.621774673461914
2024-06-12,17.631099700927734
2024-06-13,17.444625854492188
2024-06-14,17.015737533569336
2024-06-17,17.03438377380371
2024-06-18,17.136943817138672
2024-06-20,17.081003189086914
2024-06-21,17.519214630126953
2024-06-24,17.59380531311035
2024-06-25,17.453948974609375
2024-06-26,17.398006439208984
2024-06-27,17.715011596679688
2024-06-28,17.966753005981445
2024-07-01,18.125255584716797
2024-07-02,18.125255584716797
2024-07-03,18.311729431152344
2024-07-05,18.507526397705078
2024-07-08,18.526174545288086
2024-07-09,18.64737892150879
2024-07-10,18.815208435058594
2024-07-11,18.917768478393555
2024-07-12,19.12289047241211
2024-07-15,18.79656219482422
2024-07-16,18.72197151184082
2024-07-17,18.76858901977539
2024-07-18,18.89912223815918
2024-07-19,18.824533462524414
2024-07-22,18.964385986328125
2024-07-23,18.87114906311035
2024-07-24,18.66602897644043
2024-07-25,18.59143829345703
2024-07-26,18.74994468688965
2024-07-29,18.70332145690918
2024-07-30,18.54482078552246
2024-07-31,18.777915954589844
2024-08-01,18.824533462524414
2024-08-02,18.927093505859375
2024-08-05,18.237136840820312
2024-08-06,18.526174545288086
2024-08-07,18.684677124023438
2024-08-08,19.113563537597656
2024-08-09,19.09491729736328
2024-08-12,19.169506072998047
2024-08-13,19.579750061035156
2024-08-14,19.859460830688477
2024-08-15,19.72892951965332
2024-08-16,19.868783950805664
2024-08-19,20.05525779724121
2024-08-20,20.40955924987793
2024-08-21,20.474822998046875
2024-08-22,19.850139617919922
2024-08-23,20.5307674407959
2024-08-26,20.502792358398438
2024-08-27,20.40955924987793
2024-08-28,20.56805992126465
2024-08-29,20.372262954711914
2024-08-30,20.29767608642578
2024-09-03,20.129850387573242
2024-09-04,20.372262954711914
2024-09-05,20.5307674407959
2024-09-06,20.465503692626953
2024-09-09,20.4561767578125
2024-09-10,20.549415588378906
2024-09-11,20.642650604248047
2024-09-12,20.791831970214844
2024-09-13,20.819801330566406
2024-09-16,20.903715133666992
2024-09-17,21.118160247802734
2024-09-18,21.220722198486328
2024-09-19,21.742847442626953
2024-09-20,21.621641159057617
2024-09-23,21.826757431030273
2024-09-24,21.975940704345703
2024-09-25,21.621641159057617
2024-09-26,21.630962371826172
2024-09-27,21.453811645507812
2024-09-30,20.978303909301758
2024-10-01,21.127485275268555
2024-10-02,20.801151275634766
2024-10-03,20.56805992126465
2024-10-04,20.120525360107422
2024-10-07,19.962020874023438
2024-10-08,20.35361671447754
2024-10-09,20.28835105895996
2024-10-10,20.185791015625
2024-10-11,20.418880462646484
2024-10-14,20.474822998046875
2024-10-15,20.614681243896484
2024-10-16,20.69859504699707
2024-10-17,20.959653854370117
2024-10-18,21.034244537353516
2024-10-21,20.950332641601562
2024-10-22,20.866418838500977
2024-10-23,20.73588752746582
2024-10-24,20.651975631713867
2024-10-25,20.418880462646484
2024-10-28,20.260377883911133
2024-10-29,20.08323097229004
2024-10-30,20.092552185058594
2024-10-31,20.008638381958008
2024-11-01,19.672988891601562
2024-11-04,19.72892951965332
2024-11-05,19.952699661254883
2024-11-06,19.411922454833984
2024-11-07,19.439895629882812
2024-11-08,19.244096755981445
2024-11-11,18.992361068725586
2024-11-12,19.048297882080078
2024-11-13,19.048297882080078
2024-11-14,18.64737892150879
2024-11-15,18.619409561157227
2024-11-18,18.64737892150879
2024-11-19,18.74994468688965
2024-11-20,18.60076332092285
2024-11-21,18.516849517822266
2024-11-22,18.628734588623047
2024-11-25,18.964385986328125
2024-11-26,18.731294631958008
2024-11-27,18.7872371673584
2024-11-29,18.54482078552246
2024-12-02,18.2930850982666
2024-12-03,18.64737892150879
2024-12-04,18.973711013793945
2024-12-05,19.011003494262695
2024-12-06,19.02033042907715
2024-12-09,19.28139305114746
2024-12-10,19.30004119873047
2024-12-11,19.160181045532227
2024-12-12,18.815208435058594
2024-12-13,18.516849517822266
2024-12-16,18.43293571472168
2024-12-17,18.045045852661133
2024-12-18,17.44102668762207
2024-12-19,17.139015197753906
2024-12-20,17.403276443481445
2024-12-23,17.60146713256836
2024-12-24,17.563718795776367
2024-12-26,17.61090660095215
2024-12-27,17.554277420043945
2024-12-30,17.543865203857422
2024-12-31,17.496524810791016
2025-01-02,17.77109146118164
2025-01-03,17.979381561279297
2025-01-06,17.666946411132812
2025-01-07,17.40184783935547
2025-01-08,17.382911682128906
2025-01-10,17.278764724731445
2025-01-13,17.2503604888916
2025-01-14,17.042070388793945
2025-01-15,17.515460968017578
2025-01-16,17.382911682128906
2025-01-17,17.515460968017578
2025-01-21,17.695350646972656
2025-01-22,17.808961868286133
2025-01-23,17.846834182739258
2025-01-24,17.695350646972656
2025-01-27,17.600669860839844
2025-01-28,17.515460968017578
2025-01-29,17.505992889404297
2025-01-30,17.3355712890625
2025-01-31,17.32610321044922
2025-02-03,17.22195816040039
2025-02-04,17.32610321044922
2025-02-05,17.193553924560547
2025-02-06,16.644420623779297
2025-02-07,16.67282485961914
2025-02-10,16.568679809570312
2025-02-11,16.379322052001953
2025-02-12,16.54027557373047
2025-02-13,16.66335678100586
2025-02-14,16.729633331298828
2025-02-18,17.18408966064453
2025-02-19,16.843246459960938
2025-02-20,16.89058494567871
2025-02-21,16.66335678100586
2025-02-24,16.634952545166016
2025-02-25,16.237306594848633
2025-02-26,16.076351165771484
2025-02-27,15.536687850952148
2025-02-28,15.110635757446289
2025-03-03,15.773381233215332
2025-03-04,15.584025382995605
2025-03-05,16.14262580871582
2025-03-06,16.20890235900879
2025-03-07,16.18996810913086
2025-03-10,15.801786422729492
2025-03-11,15.584025382995605
2025-03-12,15.972208023071289
2025-03-13,15.839656829833984
2025-03-14,15.68817138671875
2025-03-17,15.735512733459473
2025-03-18,14.902342796325684
2025-03-19,15.101167678833008
2025-03-20,15.063295364379883
2025-03-21,14.788729667663574
2025-03-24,14.52363109588623
2025-03-25,14.883408546447754
2025-03-26,15.442008972167969
2025-03-27,15.546154975891113
2025-03-28,15.49881649017334
2025-03-31,15.432539939880371
2025-04-01,15.385201454162598
2025-04-02,15.460944175720215
2025-04-03,15.034893989562988
2025-04-04,14.286934852600098
2025-04-07,14.343742370605469
2025-04-08,13.595785140991211
2025-04-09,14.73192310333252
2025-04-10,14.627776145935059
2025-04-11,15.02542495727539
2025-04-14,15.23371696472168
2025-04-15,15.28105640411377
2025-04-16,15.082232475280762
2025-04-17,15.271587371826172
2025-04-21,15.176911354064941
2025-04-22,15.489347457885742
2025-04-23,15.726043701171875
2025-04-24,15.868062019348145
2025-04-25,15.877527236938477
2025-04-28,16.029014587402344
2025-04-29,16.18996810913086
2025-04-30,16.388792037963867
2025-05-01,16.379322052001953
2025-05-02,16.691761016845703
2025-05-05,16.710697174072266
2025-05-06,16.795907974243164
2025-05-07,16.767501831054688
2025-05-08,16.52134132385254
2025-05-09,16.48346710205078
2025-05-12,16.474000930786133
2025-05-13,16.606552124023438
2025-05-14,17.0136661529541
2025-05-15,17.297700881958008
2025-05-16,17.411314010620117
2025-05-19,17.74268913269043
2025-05-20,17.543865203857422
2025-05-21,17.79002571105957
2025-05-22,17.903642654418945
2025-05-23,18.140336990356445
2025-05-27,18.026723861694336
2025-05-28,17.903642654418945
2025-05-29,17.941511154174805
2025-05-30,17.87523651123047
2025-06-02,17.572265625
2025-06-03,17.439716339111328
2025-06-04,17.468122482299805
2025-06-05,17.572265625
2025-06-06,17.52492904663086
2025-06-09,17.600669860839844
2025-06-10,17.83736801147461
2025-06-11,17.903642654418945
2025-06-12,17.894174575805664
2025-06-13,17.629074096679688
2025-06-16,17.5075626373291
2025-06-17,17.517282485961914
2025-06-18,17.37146759033203
2025-06-20,16.700716018676758
2025-06-23,16.418807983398438
2025-06-24,16.8951358795166
2025-06-25,16.700716018676758
2025-06-26,17.021512985229492
2025-06-27,17.00206756591797
2025-06-30,17.138160705566406
2025-07-01,17.00206756591797
2025-07-02,16.992345809936523
2025-07-03,16.98262596130371
2025-07-07,16.856252670288086
2025-07-08,16.827091217041016
2025-07-09,16.98262596130371
2025-07-10,17.264537811279297
2025-07-11,17.37146759033203
2025-07-14,17.138160705566406
2025-07-15,17.22565269470215
2025-07-16,17.20621109008789
2025-07-17,17.264537811279297
2025-07-18,17.196489334106445
2025-07-21,17.235370635986328
2025-07-22,17.07011604309082
2025-07-23,17.313142776489258
2025-07-24,17.313142776489258
2025-07-25,17.10900115966797
2025-07-28,17.25481605529785
2025-07-29,17.30341911315918
2025-07-30,17.089557647705078
2025-07-31,16.7882080078125
2025-08-01,17.118722915649414
2025-08-04,17.099279403686523
2025-08-05,17.12844467163086
2025-08-06,17.167327880859375
2025-08-07,17.22565269470215
2025-08-08,17.332584381103516
2025-08-11,17.4783992767334
2025-08-12,18.0908260345459
2025-08-13,18.304685592651367
2025-08-14,18.11026382446289
2025-08-15,17.9838924407959
2025-08-18,17.91584587097168
2025-08-19,17.799192428588867
2025-08-20,18.081104278564453
2025-08-21,17.925567626953125
2025-08-22,18.12970733642578
2025-08-25,18.0908260345459
2025-08-26,17.867238998413086
2025-08-27,17.653377532958984
2025-08-28,17.682540893554688
2025-08-29,17.17704963684082
2025-09-02,17.245094299316406
2025-09-03,17.313142776489258
2025-09-04,17.274259567260742
2025-09-05,17.429794311523438
2025-09-08,17.011791229248047
2025-09-09,16.584064483642578
2025-09-10,16.84653091430664
2025-09-11,17.14788246154785
2025-09-12,17.332584381103516
2025-09-15,17.458955764770508
2025-09-16,17.352025985717773
2025-09-17,17.4783992767334
2025-09-18,17.22565269470215
2025-09-19,17.293699264526367
2025-09-22,17.235370635986328
2025-09-23,17.264537811279297
2025-09-24,17.186767578125
2025-09-25,16.924301147460938
2025-09-26,17.10900115966797
2025-09-29,17.196489334106445
2025-09-30,17.060394287109375
2025-10-01,16.9729061126709
2025-10-02,16.95346450805664
2025-10-03,16.943742752075195
2025-10-06,16.93402099609375
2025-10-07,16.943742752075195
2025-10-08,16.963186264038086
2025-10-09,17.157604217529297
2025-10-10,16.827091217041016
2025-10-13,17.079837799072266
2025-10-14,16.739601135253906
2025-10-15,16.72987937927246
2025-10-16,16.87569808959961
2025-10-17,16.81736946105957
2025-10-20,17.322864532470703
2025-10-21,17.663097381591797
2025-10-22,17.39090919494629
2025-10-23,17.789472579956055
2025-10-24,17.789472579956055
2025-10-27,17.585330963134766
2025-10-28,17.546445846557617
2025-10-29,17.80891227722168
2025-10-30,17.76030921936035
2025-10-31,17.770030975341797
2025-11-03,17.93528938293457
2025-11-04,17.84779930114746
2025-11-05,18.022777557373047
2025-11-06,17.925567626953125
2025-11-07,18.0130558013916
2025-11-10,18.03249740600586
2025-11-11,17.93528938293457
2025-11-12,17.925567626953125
2025-11-13,17.770030975341797
2025-11-14,17.867238998413086
2025-11-17,17.867238998413086
2025-11-18,17.750587463378906
2025-11-19,17.964448928833008
2025-11-20,17.818634033203125
2025-11-21,17.857519149780273
2025-11-24,18.256080627441406
2025-11-25,18.207473754882812
2025-11-26,18.343570709228516
2025-11-28,18.14914894104004
2025-12-01,18.26580238342285
2025-12-02,18.392175674438477
2025-12-03,18.304685592651367
2025-12-04,18.26580238342285
2025-12-05,18.294965744018555
2025-12-08,18.343570709228516
2025-12-09,18.158870697021484
2025-12-10,18.33384895324707
2025-12-11,18.158870697021484
2025-12-12,18.23663902282715
2025-12-15,18.33384895324707
2025-12-16,18.306394577026367
2025-12-17,18.23775863647461
2025-12-18,18.26717185974121
2025-12-19,18.218149185180664
2025-12-22,18.316200256347656
2025-12-23,18.198535919189453
2025-12-24,18.090681076049805
2025-12-26,18.110288619995117
2025-12-29,18.306394577026367
2025-12-30,18.325044631958008
2025-12-31,18.354490280151367
2026-01-02,18.46245765686035
2026-01-05,18.688209533691406
2026-01-06,18.727468490600586
2026-01-07,18.67839241027832
2026-01-08,18.639131546020508
2026-01-09,18.658761978149414
2026-01-12,18.639131546020508
2026-01-13,18.67839241027832
2026-01-14,18.786359786987305
2026-01-15,18.86488151550293
2026-01-16,18.786359786987305
2026-01-20,18.77654457092285
2026-01-21,18.590055465698242
2026-01-22,18.698022842407227
2026-01-23,18.658761978149414
2026-01-26,18.845252990722656
2026-01-27,18.825620651245117
2026-01-28,16.94109535217285
2026-01-29,17.255184173583984
2026-01-30,17.323888778686523
2026-02-02,17.08832359313965
2026-02-03,17.264999389648438
2026-02-04,17.4613037109375
2026-02-05,17.186477661132812
2026-02-06,17.27481460571289
2026-02-09,17.27481460571289
2026-02-10,17.422042846679688
2026-02-11,17.755760192871094
2026-02-12,17.55945587158203
2026-02-13,17.441673278808594
2026-02-17,17.49074935913086
2026-02-18,17.539825439453125
2026-02-19,17.500564575195312
2026-02-20,17.726314544677734
2026-02-23,17.775390625
2026-02-24,17.61834716796875
2026-02-25,17.883358001708984
2026-02-26,17.55945587158203
2026-02-27,17.49074935913086
2026-03-02,17.196292877197266
2026-03-03,16.833127975463867
2026-03-04,16.55830192565918
2026-03-05,16.352182388305664
2026-03-06,15.910494804382324
2026-03-09,16.09698486328125
2026-03-10,16.018463134765625
2026-03-11,15.871234893798828
2026-03-12,15.566962242126465
2026-03-13,15.233245849609375
2026-03-16,15.125277519226074
2026-03-17,15.282320976257324
2026-03-18,15.105647087097168
2026-03-19,15.04675579071045
2026-03-20,14.840635299682617
2026-03-23,15.14490795135498
2026-03-24,14.98786449432373
2026-03-25,15.694561004638672
2026-03-26,15.321581840515137
2026-03-27,15.105647087097168
2026-03-30,15.17435359954834
2026-03-31,15.49825668334961
2026-04-01,15.48844051361084
2026-04-02,15.252875328063965
2026-04-06,15.095831871032715
2026-04-07,14.958417892456055
2026-04-08,15.59640884399414
2026-04-09,15.576778411865234
2026-04-10,15.704376220703125
2026-04-13,15.871234893798828
2026-04-14,16.126432418823242
2026-04-15,15.969388008117676
2026-04-16,15.920310974121094
2026-04-17,16.234399795532227
2026-04-20,16.008647918701172
2026-04-21,15.812344551086426
2026-04-22,15.8319730758667
2026-04-23,15.449179649353027
2026-04-24,15.076200485229492
2026-04-27,14.948602676391602
2026-04-28,14.811189651489258
2026-04-29,14.742484092712402
2026-04-30,14.654146194458008
2026-05-01,14.683591842651367
2026-05-04,14.448026657104492
2026-05-05,14.673776626586914
2026-05-06,14.840635299682617
2026-05-07,14.830820083618164
2026-05-08,14.614885330200195
2026-05-11,14.359688758850098
2026-05-12,14.27135181427002
2026-05-13,14.035786628723145
2026-05-14,14.045601844787598
2026-05-15,13.878743171691895
2026-05-18,13.692253112792969
2026-05-19,13.201491355895996
2026-05-20,13.240752220153809
2026-05-21,12.838327407836914
2026-05-22,12.848142623901367
2026-05-26,12.661652565002441
2026-05-27,12.691099166870117
2026-05-28,12.681283950805664
2026-05-29,12.484979629516602
2026-06-01,12.612577438354492
2026-06-02,12.583130836486816
2026-06-03,11.954957008361816
2026-06-04,11.76846694946289
2026-06-05,11.02250862121582
2026-06-08,10.600454330444336
2026-06-09,11.385673522949219
2026-06-10,11.896064758300781
2026-06-11,11.896064758300781
2026-06-12,12.112000465393066
2026-06-15,12.710000038146973
2026-06-16,12.65999984741211
2026-06-17,12.479999542236328
2026-06-18,12.430000305175781
2026-06-22,12.149999618530273
2026-06-23,12.199999809265137
2026-06-24,11.739999771118164
2026-06-25,11.930000305175781
2026-06-26,11.859999656677246
2026-06-29,11.649999618530273
2026-06-30,11.3100004196167
2026-07-01,11.279999732971191
2026-07-02,11.449999809265137
2026-07-06,11.8100004196167
2026-07-07,12.020000457763672
2026-07-08,11.760000228881836
2026-07-09,11.800000190734863
2026-07-10,11.850000381469727
2026-07-13,11.979999542236328
2026-07-14,12.069999694824219
2026-07-15,12.010000228881836
2026-07-16,12.170000076293945
2026-07-17,12.420000076293945
2026-07-20,12.529999732971191
2026-07-21,12.699999809265137
2026-07-22,12.670000076293945
2026-07-23,12.399999618530273
2026-07-24,12.260000228881836
2026-07-27,12.140000343322754
2026-07-28,12.039999961853027
2026-07-29,12.0
2026-07-30,12.369999885559082
2026-07-31,12.369999885559082
2026-08-03,12.470000267028809
2026-08-04,12.720000267028809
2026-08-05,12.699999809265137
2026-08-06,12.609999656677246
2026-08-07,12.90999984741211
2026-08-10,12.75
2026-08-11,12.479999542236328
2026-08-12,12.6899995803833
2026-08-13,12.479999542236328
2026-08-14,12.600000381469727
2026-08-17,12.600000381469727
2026-08-18,12.5600004196167
2026-08-19,12.579999923706055
2026-08-20,12.5
2026-08-21,12.770000457763672
2026-08-24,12.649999618530273
2026-08-25,12.789999961853027
2026-08-26,12.5
2026-08-27,12.640000343322754
2026-08-28,12.65999984741211
2026-08-31,12.729999542236328
2026-09-01,12.930000305175781
2026-09-02,13.0
2026-09-03,13.220000267028809
2026-09-04,13.0600004196167
2026-09-08,13.220000267028809
2026-09-09,13.130000114440918
2026-09-10,12.850000381469727
2026-09-11,12.75
2026-09-14,12.920000076293945
2026-09-15,12.789999961853027
2026-09-16,12.609999656677246
2026-09-17,12.729999542236328
2026-09-18,12.470000267028809
2026-09-21,12.359999656677246
2026-09-22,12.15999984741211
2026-09-23,12.260000228881836
2026-09-24,12.050000190734863
2026-09-25,12.0
2026-09-28,11.869999885559082
2026-09-29,11.829999923706055
2026-09-30,11.729999542236328
2026-10-01,11.609999656677246
2026-10-02,11.680000305175781
2026-10-05,11.920000076293945
2026-10-06,11.930000305175781
2026-10-07,11.859999656677246
