date,adjclose
2011-10-10,19.480182647705078
2011-10-11,19.34197998046875
2011-10-12,19.785696029663086
2011-10-13,19.516555786132812
2011-10-14,20.01119613647461
2011-10-17,19.502002716064453
2011-10-18,19.822071075439453
2011-10-19,19.400165557861328
2011-10-20,19.45108413696289
2011-10-21,19.80751609802246
2011-10-24,20.251243591308594
2011-10-25,19.89480972290039
2011-10-26,20.265790939331055
2011-10-27,21.058673858642578
2011-10-28,21.087770462036133
2011-10-31,20.542213439941406
2011-11-01,19.872983932495117
2011-11-02,20.134857177734375
2011-11-03,20.65131950378418
2011-11-04,20.40399742126465
2011-11-07,20.542213439941406
2011-11-08,20.665870666503906
2011-11-09,19.851167678833008
2011-11-10,19.865707397460938
2011-11-11,20.280344009399414
2011-11-14,20.062114715576172
2011-11-15,19.945728302001953
2011-11-16,19.843891143798828
2011-11-17,19.32015037536621
2011-11-18,19.349252700805664
2011-11-21,18.90552520751953
2011-11-22,18.92007064819336
2011-11-23,18.374515533447266
2011-11-25,18.156288146972656
2011-11-28,18.72367286682129
2011-11-29,19.01463508605957
2011-11-30,19.974821090698242
2011-12-01,19.931177139282227
2011-12-02,19.778419494628906
2011-12-05,19.938457489013672
2011-12-06,19.945728302001953
2011-12-07,20.062114715576172
2011-12-08,19.458358764648438
2011-12-09,19.720230102539062
2011-12-12,19.31287956237793
2011-12-13,18.934619903564453
2011-12-14,18.498172760009766
2011-12-15,18.50544548034668
2011-12-16,18.738218307495117
2011-12-19,18.47635269165039
2011-12-20,18.89903450012207
2011-12-21,19.076072692871094
2011-12-22,19.385892868041992
2011-12-23,19.474414825439453
2011-12-27,19.408023834228516
2011-12-28,19.105581283569336
2011-12-29,19.319501876831055
2011-12-30,19.6219482421875
2012-01-03,20.212081909179688
2012-01-04,20.175201416015625
2012-01-05,20.04979133605957
2012-01-06,19.84324836730957
2012-01-09,19.902257919311523
2012-01-10,20.160442352294922
2012-01-11,20.06454849243164
2012-01-12,20.167823791503906
2012-01-13,20.01290512084961
2012-01-17,20.130937576293945
2012-01-18,20.381738662719727
2012-01-19,20.49976921081543
2012-01-20,20.470264434814453
2012-01-23,20.83172035217285
2012-01-24,20.551408767700195
2012-01-25,20.912864685058594
2012-01-26,20.794836044311523
2012-01-27,20.84647560119629
2012-01-30,20.706317901611328
2012-01-31,20.73582649230957
2012-02-01,20.920244216918945
2012-02-02,20.994007110595703
2012-02-03,21.230058670043945
2012-02-06,21.104656219482422
2012-02-07,21.023513793945312
2012-02-08,21.030895233154297
2012-02-09,20.97925567626953
2012-02-10,20.654682159423828
2012-02-13,20.757959365844727
2012-02-14,20.67681121826172
2012-02-15,20.7210636138916
2012-02-16,21.00876235961914
2012-02-17,20.934993743896484
2012-02-21,21.20793342590332
2012-02-22,21.29644775390625
2012-02-23,21.39235496520996
2012-02-24,21.318580627441406
2012-02-27,21.281696319580078
2012-02-28,21.46611213684082
2012-02-29,21.4070987701416
2012-03-01,21.628398895263672
2012-03-02,21.429227828979492
2012-03-05,21.119407653808594
2012-03-06,20.58829116821289
2012-03-07,20.64730453491211
2012-03-08,21.00876235961914
2012-03-09,21.089902877807617
2012-03-12,20.905487060546875
2012-03-13,21.237438201904297
2012-03-14,20.89073371887207
2012-03-15,21.045642852783203
2012-03-16,21.185800552368164
2012-03-19,21.215309143066406
2012-03-20,21.045642852783203
2012-03-21,21.060392379760742
2012-03-22,20.73582649230957
2012-03-23,20.927616119384766
2012-03-26,21.29644775390625
2012-03-27,21.119407653808594
2012-03-28,20.920244216918945
2012-03-29,20.875986099243164
2012-03-30,20.905487060546875
2012-04-02,21.24481201171875
2012-04-03,20.927616119384766
2012-04-04,20.558786392211914
2012-04-05,20.44076156616211
2012-04-09,20.25634002685547
2012-04-10,19.939151763916016
2012-04-11,20.09404945373535
2012-04-12,20.625173568725586
2012-04-13,20.24159049987793
2012-04-16,20.219457626342773
2012-04-17,20.617795944213867
2012-04-18,20.580913543701172
2012-04-19,20.529279708862305
2012-04-20,20.595672607421875
2012-04-23,20.33748435974121
2012-04-24,20.38912582397461
2012-04-25,20.71369171142578
2012-04-26,20.73582649230957
2012-04-27,20.986635208129883
2012-04-30,20.920244216918945
2012-05-01,21.03826141357422
2012-05-02,20.84647560119629
2012-05-03,20.418628692626953
2012-05-04,19.998157501220703
2012-05-07,20.06454849243164
2012-05-08,19.666202545166016
2012-05-09,19.555559158325195
2012-05-10,19.629322052001953
2012-05-11,19.614572525024414
2012-05-14,19.223600387573242
2012-05-15,18.943294525146484
2012-05-16,18.80313491821289
2012-05-17,18.640850067138672
2012-05-18,18.530197143554688
2012-05-21,18.906410217285156
2012-05-22,18.81789207458496
2012-05-23,18.98017692565918
2012-05-24,18.943294525146484
2012-05-25,18.84002113342285
2012-05-29,19.090829849243164
2012-05-30,18.633474349975586
2012-05-31,18.6777286529541
2012-06-01,18.331029891967773
2012-06-04,18.294147491455078
2012-06-05,18.574453353881836
2012-06-06,19.002307891845703
2012-06-07,18.958044052124023
2012-06-08,18.81789207458496
2012-06-11,18.515445709228516
2012-06-12,18.82526397705078
2012-06-13,18.76625633239746
2012-06-14,18.862146377563477
2012-06-15,19.009685516357422
2012-06-18,19.076072692871094
2012-06-19,19.481788635253906
2012-06-20,19.430156707763672
2012-06-21,18.683412551879883
2012-06-22,18.817289352416992
2012-06-25,18.53466033935547
2012-06-26,18.646224975585938
2012-06-27,18.77266502380371
2012-06-28,18.66109848022461
2012-06-29,19.218921661376953
2012-07-02,19.300737380981445
2012-07-03,19.776752471923828
2012-07-05,19.70237159729004
2012-07-06,19.308176040649414
2012-07-09,19.25611114501953
2012-07-10,19.00322914123535
2012-07-11,19.107362747192383
2012-07-12,18.921419143676758
2012-07-13,19.15198516845703
2012-07-16,19.159427642822266
2012-07-17,19.278427124023438
2012-07-18,19.33792495727539
2012-07-19,19.53874397277832
2012-07-20,19.360240936279297
2012-07-23,19.15198516845703
2012-07-24,18.951168060302734
2012-07-25,19.077606201171875
2012-07-26,19.434619903564453
2012-07-27,19.732118606567383
2012-07-30,19.784191131591797
2012-07-31,19.553617477416992
2012-08-01,19.464366912841797
2012-08-02,19.263551712036133
2012-08-03,19.635433197021484
2012-08-06,19.680057525634766
2012-08-07,20.037067413330078
2012-08-08,19.970129013061523
2012-08-09,20.13375473022461
2012-08-10,20.22300910949707
2012-08-13,20.07425880432129
2012-08-14,20.16350555419922
2012-08-15,20.275070190429688
2012-08-16,20.565141677856445
2012-08-17,20.60976791381836
2012-08-20,20.646957397460938
2012-08-21,20.676706314086914
2012-08-22,20.632080078125
2012-08-23,20.453577041625977
2012-08-24,20.550262451171875
2012-08-27,20.520517349243164
2012-08-28,20.513076782226562
2012-08-29,20.490764617919922
2012-08-30,20.267637252807617
2012-08-31,20.453577041625977
2012-09-04,20.475894927978516
2012-09-05,20.468448638916016
2012-09-06,20.870088577270508
2012-09-07,21.227094650268555
2012-09-10,21.145278930664062
2012-09-11,21.241968154907227
2012-09-12,21.2568416595459
2012-09-13,21.63616371154785
2012-09-14,21.85929298400879
2012-09-17,21.695667266845703
2012-09-18,21.658479690551758
2012-09-19,21.651037216186523
2012-09-20,21.55434226989746
2012-09-21,21.4799747467041
2012-09-24,21.31634521484375
2012-09-25,21.13784408569336
2012-09-26,21.0560245513916
2012-09-27,21.34609603881836
2012-09-28,21.18990707397461
2012-10-01,21.34609603881836
2012-10-02,21.368410110473633
2012-10-03,21.21965217590332
2012-10-04,21.539472579956055
2012-10-05,21.49485206604004
2012-10-08,21.44278335571289
2012-10-09,21.294031143188477
2012-10-10,21.100650787353516
2012-10-11,21.212209701538086
2012-10-12,21.093217849731445
2012-10-15,21.15271759033203
2012-10-16,21.34609603881836
2012-10-17,21.61385726928711
2012-10-18,21.509727478027344
2012-10-19,21.249406814575195
2012-10-22,21.241968154907227
2012-10-23,20.922143936157227
2012-10-24,20.84033203125
2012-10-25,21.04859161376953
2012-10-26,20.96677589416504
2012-10-31,21.18990707397461
2012-11-01,21.33866310119629
2012-11-02,21.11552619934082
2012-11-05,21.063461303710938
2012-11-06,21.18246841430664
2012-11-07,20.89239501953125
2012-11-08,20.691579818725586
2012-11-09,20.713895797729492
2012-11-12,20.7362060546875
2012-11-13,20.60976791381836
2012-11-14,20.208131790161133
2012-11-15,20.037067413330078
2012-11-16,20.15607261657715
2012-11-19,20.55770492553711
2012-11-20,20.542823791503906
2012-11-21,20.661828994750977
2012-11-23,20.95933723449707
2012-11-26,20.89239501953125
2012-11-27,20.7362060546875
2012-11-28,20.86264991760254
2012-11-29,20.95933723449707
2012-11-30,20.907276153564453
2012-12-03,20.86264991760254
2012-12-04,20.82546043395996
2012-12-05,20.899837493896484
2012-12-06,20.922143936157227
2012-12-07,20.937026977539062
2012-12-10,21.130403518676758
2012-12-11,21.227094650268555
2012-12-12,21.39072036743164
2012-12-13,21.28659439086914
2012-12-14,21.197341918945312
2012-12-17,21.28659439086914
2012-12-18,21.389848709106445
2012-12-19,21.42753791809082
2012-12-20,21.465219497680664
2012-12-21,21.34463119506836
2012-12-24,21.299407958984375
2012-12-26,21.2617244720459
2012-12-27,21.254186630249023
2012-12-28,21.103445053100586
2012-12-31,21.404922485351562
2013-01-02,21.766700744628906
2013-01-03,21.570737838745117
2013-01-04,21.691329956054688
2013-01-07,21.646108627319336
2013-01-08,21.63103485107422
2013-01-09,21.691329956054688
2013-01-10,21.8797550201416
2013-01-11,21.894826889038086
2013-01-14,21.947589874267578
2013-01-15,21.99281120300293
2013-01-16,21.887292861938477
2013-01-17,21.977739334106445
2013-01-18,22.000347137451172
2013-01-22,22.143543243408203
2013-01-23,21.940046310424805
2013-01-24,21.917434692382812
2013-01-25,21.84206199645996
2013-01-28,21.85714340209961
2013-01-29,21.977739334106445
2013-01-30,21.902368545532227
2013-01-31,21.759159088134766
2013-02-01,21.917434692382812
2013-02-04,21.796852111816406
2013-02-05,21.909900665283203
2013-02-06,21.970197677612305
2013-02-07,21.84206199645996
2013-02-08,21.84206199645996
2013-02-11,21.766700744628906
2013-02-12,21.86467933654785
2013-02-13,21.834531784057617
2013-02-14,21.781774520874023
2013-02-15,21.578275680541992
2013-02-19,21.66118049621582
2013-02-20,21.404922485351562
2013-02-21,21.26926040649414
2013-02-22,21.322023391723633
2013-02-25,21.073301315307617
2013-02-26,21.141136169433594
2013-02-27,21.329557418823242
2013-02-28,21.26926040649414
2013-03-01,21.329557418823242
2013-03-04,21.24664878845215
2013-03-05,21.26926040649414
2013-03-06,21.322023391723633
2013-03-07,21.38231086730957
2013-03-08,21.389848709106445
2013-03-11,21.495363235473633
2013-03-12,21.53305435180664
2013-03-13,21.26926040649414
2013-03-14,21.502906799316406
2013-03-15,21.608421325683594
2013-03-18,21.412464141845703
2013-03-19,21.306947708129883
2013-03-20,21.442611694335938
2013-03-21,21.329557418823242
2013-03-22,21.389848709106445
2013-03-25,21.254186630249023
2013-03-26,21.412464141845703
2013-03-27,21.389848709106445
2013-03-28,21.487836837768555
2013-04-01,21.412464141845703
2013-04-02,21.450145721435547
2013-04-03,20.990392684936523
2013-04-04,20.884878158569336
2013-04-05,20.756742477416992
2013-04-08,20.756742477416992
2013-04-09,21.028078079223633
2013-04-10,21.17127799987793
2013-04-11,21.148670196533203
2013-04-12,20.847190856933594
2013-04-15,19.995512008666992
2013-04-16,20.327138900756836
2013-04-17,19.935226440429688
2013-04-18,19.995512008666992
2013-04-19,20.116107940673828
2013-04-22,20.131181716918945
2013-04-23,20.138715744018555
2013-04-24,20.47787857055664
2013-04-25,20.64369010925293
2013-04-26,20.538175582885742
2013-04-29,20.81704330444336
2013-04-30,21.11852264404297
2013-05-01,20.930099487304688
2013-05-02,20.99793243408203
2013-05-03,21.110986709594727
2013-05-06,21.178815841674805
2013-05-07,21.26926040649414
2013-05-08,21.563199996948242
2013-05-09,21.36724090576172
2013-05-10,21.34463119506836
2013-05-13,21.2918701171875
2013-05-14,21.239112854003906
2013-05-15,21.058225631713867
2013-05-16,21.043153762817383
2013-05-17,21.050691604614258
2013-05-20,21.284332275390625
2013-05-21,21.306947708129883
2013-05-22,21.17127799987793
2013-05-23,21.11852264404297
2013-05-24,21.103445053100586
2013-05-28,21.11852264404297
2013-05-29,21.20142364501953
2013-05-30,21.322023391723633
2013-05-31,20.89995574951172
2013-06-03,21.110986709594727
2013-06-04,20.945173263549805
2013-06-05,20.658763885498047
2013-06-06,20.786893844604492
2013-06-07,20.847190856933594
2013-06-10,20.907485961914062
2013-06-11,20.64369010925293
2013-06-12,20.417583465576172
2013-06-13,20.8245792388916
2013-06-14,20.63615608215332
2013-06-17,20.809507369995117
2013-06-18,20.892412185668945
2013-06-19,20.590932846069336
2013-06-20,19.912609100341797
2013-06-21,19.83724021911621
2013-06-24,19.52822494506836
2013-06-25,19.739261627197266
2013-06-26,19.822168350219727
2013-06-27,19.901466369628906
2013-06-28,19.93959617614746
2013-07-01,19.99296760559082
2013-07-02,19.962467193603516
2013-07-03,19.90909767150879
2013-07-05,19.8557186126709
2013-07-08,20.023469924926758
2013-07-09,20.259845733642578
2013-07-10,20.275100708007812
2013-07-11,20.86985206604004
2013-07-12,20.770727157592773
2013-07-15,20.86985206604004
2013-07-16,20.93085289001465
2013-07-17,20.953723907470703
2013-07-18,21.17486000061035
2013-07-19,21.2816104888916
2013-07-22,21.441734313964844
2013-07-23,21.487483978271484
2013-07-24,21.304481506347656
2013-07-25,21.434112548828125
2013-07-26,21.380739212036133
2013-07-29,21.464609146118164
2013-07-30,21.17486000061035
2013-07-31,21.06810188293457
2013-08-01,21.12148094177246
2013-08-02,21.045228958129883
2013-08-05,20.976600646972656
2013-08-06,20.831727981567383
2013-08-07,20.633474349975586
2013-08-08,21.07573699951172
2013-08-09,21.113855361938477
2013-08-12,21.17486000061035
2013-08-13,21.205358505249023
2013-08-14,21.235855102539062
2013-08-15,21.37310791015625
2013-08-16,21.37310791015625
2013-08-19,21.090978622436523
2013-08-20,21.129108428955078
2013-08-21,20.808853149414062
2013-08-22,20.915607452392578
2013-08-23,21.106229782104492
2013-08-26,21.09860610961914
2013-08-27,20.86222267150879
2013-08-28,20.900352478027344
2013-08-29,20.93085289001465
2013-08-30,20.885103225708008
2013-09-03,21.02998161315918
2013-09-04,21.136728286743164
2013-09-05,21.2816104888916
2013-09-06,21.41885757446289
2013-09-09,21.54085922241211
2013-09-10,21.548486709594727
2013-09-11,21.655235290527344
2013-09-12,21.403606414794922
2013-09-13,21.403606414794922
2013-09-16,21.617111206054688
2013-09-17,21.693363189697266
2013-09-18,22.005992889404297
2013-09-19,21.883989334106445
2013-09-20,21.647611618041992
2013-09-23,21.639984130859375
2013-09-24,21.647611618041992
2013-09-25,21.617111206054688
2013-09-26,21.655235290527344
2013-09-27,21.678112030029297
2013-09-30,21.58660888671875
2013-10-01,21.678112030029297
2013-10-02,21.639984130859375
2013-10-03,21.479862213134766
2013-10-04,21.58660888671875
2013-10-07,21.578990936279297
2013-10-08,21.319732666015625
2013-10-09,21.342609405517578
2013-10-10,21.655235290527344
2013-10-11,21.739116668701172
2013-10-14,21.78486442565918
2013-10-15,21.72386360168457
2013-10-16,21.861112594604492
2013-10-17,22.066993713378906
2013-10-18,22.249996185302734
2013-10-21,22.295743942260742
2013-10-22,22.448246002197266
2013-10-23,22.25762176513672
2013-10-24,22.295743942260742
2013-10-25,22.356746673583984
2013-10-28,22.356746673583984
2013-10-29,22.402494430541992
2013-10-30,22.402494430541992
2013-10-31,22.38724708557129
2013-11-01,22.318620681762695
2013-11-04,22.38724708557129
2013-11-05,22.295743942260742
2013-11-06,22.448246002197266
2013-11-07,22.21949005126953
2013-11-08,22.356746673583984
2013-11-11,22.32624626159668
2013-11-12,22.2347469329834
2013-11-13,22.38724708557129
2013-11-14,22.478744506835938
2013-11-15,22.577871322631836
2013-11-18,22.593124389648438
2013-11-19,22.471120834350586
2013-11-20,22.501617431640625
2013-11-21,22.448246002197266
2013-11-22,22.45587158203125
2013-11-25,22.37961769104004
2013-11-26,22.211864471435547
2013-11-27,22.09748649597168
2013-11-29,22.181367874145508
2013-12-02,22.09748649597168
2013-12-03,21.883989334106445
2013-12-04,21.800111770629883
2013-12-05,21.716238021850586
2013-12-06,21.81536102294922
2013-12-09,21.92974090576172
2013-12-10,21.998367309570312
2013-12-11,21.670488357543945
2013-12-12,21.57136344909668
2013-12-13,21.647611618041992
2013-12-16,21.807741165161133
2013-12-17,21.74673080444336
2013-12-18,21.868879318237305
2013-12-19,22.023481369018555
2013-12-20,22.09305191040039
2013-12-23,22.24765968322754
2013-12-24,22.355880737304688
2013-12-26,22.47183609008789
2013-12-27,22.309499740600586
2013-12-30,22.433185577392578
2013-12-31,22.541406631469727
2014-01-02,22.386798858642578
2014-01-03,22.371341705322266
2014-01-06,22.22446632385254
2014-01-07,22.139432907104492
2014-01-08,22.123973846435547
2014-01-09,22.062135696411133
2014-01-10,22.16262435913086
2014-01-13,22.139432907104492
2014-01-14,21.992557525634766
2014-01-15,22.09305191040039
2014-01-16,22.21674156188965
2014-01-17,22.20900535583496
2014-01-21,22.33268928527832
2014-01-22,22.185810089111328
2014-01-23,22.10851287841797
2014-01-24,21.760658264160156
2014-01-27,21.443706512451172
2014-01-28,21.567398071289062
2014-01-29,21.443706512451172
2014-01-30,21.60604476928711
2014-01-31,21.59058380126953
2014-02-03,21.312301635742188
2014-02-04,21.3741397857666
2014-02-05,21.459171295166016
2014-02-06,21.75292205810547
2014-02-07,21.91525650024414
2014-02-10,21.91525650024414
2014-02-11,22.116241455078125
2014-02-12,22.20900535583496
2014-02-13,22.371341705322266
2014-02-14,22.4641056060791
2014-02-18,22.541406631469727
2014-02-19,22.371341705322266
2014-02-20,22.4641056060791
2014-02-21,22.409990310668945
2014-02-24,22.52594566345215
2014-02-25,22.50275421142578
2014-02-26,22.40226173400879
2014-02-27,22.433185577392578
2014-02-28,22.556865692138672
2014-03-03,22.50275421142578
2014-03-04,22.59552001953125
2014-03-05,22.719200134277344
2014-03-06,22.796506881713867
2014-03-07,22.634170532226562
2014-03-10,22.626441955566406
2014-03-11,22.572328567504883
2014-03-12,22.68054962158203
2014-03-13,22.634170532226562
2014-03-14,22.518211364746094
2014-03-17,22.610980987548828
2014-03-18,22.672822952270508
2014-03-19,22.409990310668945
2014-03-20,22.440914154052734
2014-03-21,22.487293243408203
2014-03-24,22.440914154052734
2014-03-25,22.54913902282715
2014-03-26,22.518211364746094
2014-03-27,22.59552001953125
2014-03-28,22.696016311645508
2014-03-31,22.842884063720703
2014-04-01,22.95884132385254
2014-04-02,23.06706428527832
2014-04-03,22.943382263183594
2014-04-04,23.06706428527832
2014-04-07,22.850618362426758
2014-04-08,23.13663673400879
2014-04-09,23.345355987548828
2014-04-10,22.99749183654785
2014-04-11,22.80423927307129
2014-04-14,22.920188903808594
2014-04-15,22.927919387817383
2014-04-16,23.059329986572266
2014-04-17,23.144371032714844
2014-04-21,23.13663673400879
2014-04-22,23.206207275390625
2014-04-23,23.175283432006836
2014-04-24,23.19074821472168
2014-04-25,23.159826278686523
2014-04-28,23.19074821472168
2014-04-29,23.484495162963867
2014-04-30,23.60817527770996
2014-05-01,23.569530487060547
2014-05-02,23.677751541137695
2014-05-05,23.615909576416016
2014-05-06,23.631372451782227
2014-05-07,23.670021057128906
2014-05-08,23.654560089111328
2014-05-09,23.492225646972656
2014-05-12,23.68548011779785
2014-05-13,23.700944900512695
2014-05-14,23.739595413208008
2014-05-15,23.615909576416016
2014-05-16,23.546340942382812
2014-05-19,23.59272575378418
2014-05-20,23.45357322692871
2014-05-21,23.654560089111328
2014-05-22,23.770517349243164
2014-05-23,23.855548858642578
2014-05-27,23.762781143188477
2014-05-28,23.670021057128906
2014-05-29,23.693214416503906
2014-05-30,23.73186683654785
2014-06-02,23.70867347717285
2014-06-03,23.770517349243164
2014-06-04,23.785974502563477
2014-06-05,23.80916404724121
2014-06-06,23.88646697998047
2014-06-09,24.002418518066406
2014-06-10,24.048803329467773
2014-06-11,24.141565322875977
2014-06-12,24.1956787109375
2014-06-13,24.365745544433594
2014-06-16,24.466238021850586
2014-06-17,24.404396057128906
2014-06-18,24.520349502563477
2014-06-19,24.613113403320312
2014-06-20,24.767724990844727
2014-06-23,24.829559326171875
2014-06-24,24.574459075927734
2014-06-25,24.632871627807617
2014-06-26,24.81199836730957
2014-06-27,25.01447296142578
2014-06-30,25.084564208984375
2014-07-01,25.209171295166016
2014-07-02,25.224748611450195
2014-07-03,25.341567993164062
2014-07-07,25.13907814025879
2014-07-08,25.13907814025879
2014-07-09,25.287050247192383
2014-07-10,25.14687156677246
2014-07-11,24.975534439086914
2014-07-14,25.09235382080078
2014-07-15,24.921022415161133
2014-07-16,25.14687156677246
2014-07-17,25.084564208984375
2014-07-18,25.271474838256836
2014-07-21,25.248109817504883
2014-07-22,25.37271499633789
2014-07-23,25.49732208251953
2014-07-24,25.481748580932617
2014-07-25,25.427228927612305
2014-07-28,25.450593948364258
2014-07-29,25.318199157714844
2014-07-30,25.39607810974121
2014-07-31,25.04562759399414
2014-08-01,24.80420684814453
2014-08-04,24.952178955078125
2014-08-05,24.64844512939453
2014-08-06,24.780841827392578
2014-08-07,24.609508514404297
2014-08-08,24.617298126220703
2014-08-11,24.850929260253906
2014-08-12,24.858715057373047
2014-08-13,24.858715057373047
2014-08-14,24.944387435913086
2014-08-15,25.01447296142578
2014-08-18,25.07677459716797
2014-08-19,25.185810089111328
2014-08-20,25.248109817504883
2014-08-21,25.310407638549805
2014-08-22,25.263683319091797
2014-08-25,25.287050247192383
2014-08-26,25.39607810974121
2014-08-27,25.582988739013672
2014-08-28,25.567413330078125
2014-08-29,25.590774536132812
2014-09-02,25.489532470703125
2014-09-03,25.660863876342773
2014-09-04,25.544044494628906
2014-09-05,25.57520294189453
2014-09-08,25.248109817504883
2014-09-09,25.302621841430664
2014-09-10,25.263683319091797
2014-09-11,25.15465545654297
2014-09-12,25.061203002929688
2014-09-15,25.084564208984375
2014-09-16,25.325984954833984
2014-09-17,25.170230865478516
2014-09-18,25.287050247192383
2014-09-19,24.983325958251953
2014-09-22,24.617298126220703
2014-09-23,24.50048065185547
2014-09-24,24.477115631103516
2014-09-25,23.978694915771484
2014-09-26,24.134449005126953
2014-09-29,24.03321075439453
2014-09-30,23.90081787109375
2014-10-01,23.713909149169922
2014-10-02,23.659395217895508
2014-10-03,23.5737247467041
2014-10-06,23.72948455810547
2014-10-07,23.355670928955078
2014-10-08,23.636032104492188
2014-10-09,23.145397186279297
2014-10-10,22.70928192138672
2014-10-13,22.460067749023438
2014-10-14,22.234224319458008
2014-10-15,22.03952980041504
2014-10-16,22.37440299987793
2014-10-17,22.60803985595703
2014-10-20,22.73264503479004
2014-10-21,23.207698822021484
2014-10-22,22.7637939453125
2014-10-23,23.08309555053711
2014-10-24,23.22327995300293
2014-10-27,23.075305938720703
2014-10-28,23.456911087036133
2014-10-29,23.26999855041504
2014-10-30,23.17654800415039
2014-10-31,23.30115509033203
2014-11-03,22.942907333374023
2014-11-04,22.615829467773438
2014-11-05,22.9195556640625
2014-11-06,22.849458694458008
2014-11-07,23.246641159057617
2014-11-10,23.207698822021484
2014-11-11,23.37125015258789
2014-11-12,23.558149337768555
2014-11-13,23.36345672607422
2014-11-14,23.6126651763916
2014-11-17,23.620454788208008
2014-11-18,23.768428802490234
2014-11-19,23.70612144470215
2014-11-20,23.93196678161621
2014-11-21,24.165605545043945
2014-11-24,23.908605575561523
2014-11-25,24.072147369384766
2014-11-26,24.095510482788086
2014-11-28,23.316734313964844
2014-12-01,23.246641159057617
2014-12-02,23.13761329650879
2014-12-03,23.38681983947754
2014-12-04,22.942907333374023
2014-12-05,22.802734375
2014-12-08,22.19528579711914
2014-12-09,22.31989097595215
2014-12-10,21.728017807006836
2014-12-11,21.69686508178711
2014-12-12,21.338623046875
2014-12-15,21.151718139648438
2014-12-16,21.455442428588867
2014-12-17,22.00436782836914
2014-12-18,22.30449867248535
2014-12-19,22.55723762512207
2014-12-22,22.391376495361328
2014-12-23,22.67571449279785
2014-12-24,22.715208053588867
2014-12-26,22.809978485107422
2014-12-29,22.794185638427734
2014-12-30,22.794185638427734
2014-12-31,22.794185638427734
2015-01-02,22.659915924072266
2015-01-05,22.051753997802734
2015-01-06,21.727930068969727
2015-01-07,21.75162124633789
2015-01-08,22.020164489746094
2015-01-09,21.830610275268555
2015-01-12,21.48308563232422
2015-01-13,21.3882999420166
2015-01-14,21.254039764404297
2015-01-15,21.13555908203125
2015-01-16,21.53047752380371
2015-01-20,21.277734756469727
2015-01-21,21.340913772583008
2015-01-22,21.52257537841797
2015-01-23,21.53047752380371
2015-01-26,21.475187301635742
2015-01-27,21.633150100708008
2015-01-28,21.08817481994629
2015-01-29,20.99339485168457
2015-01-30,20.882827758789062
2015-02-02,21.435691833496094
2015-02-03,22.012264251708984
2015-02-04,21.601552963256836
2015-02-05,22.02806282043457
2015-02-06,21.806913375854492
2015-02-09,21.95697784423828
2015-02-10,21.79901123046875
2015-02-11,21.73582649230957
2015-02-12,22.09914207458496
2015-02-13,22.17812728881836
2015-02-17,22.407175064086914
2015-02-18,22.162330627441406
2015-02-19,21.98067283630371
2015-02-20,21.885892868041992
2015-02-23,21.885892868041992
2015-02-24,22.012264251708984
2015-02-25,22.233413696289062
2015-02-26,22.08334732055664
2015-02-27,22.1307430267334
2015-03-02,22.138635635375977
2015-03-03,22.012264251708984
2015-03-04,22.02806282043457
2015-03-05,21.91748809814453
2015-03-06,21.53837013244629
2015-03-09,21.451492309570312
2015-03-10,21.001298904418945
2015-03-11,21.00919532775879
2015-03-12,21.15926170349121
2015-03-13,20.97760009765625
2015-03-16,21.246139526367188
2015-03-17,21.269834518432617
2015-03-18,21.727930068969727
2015-03-19,21.20665168762207
2015-03-20,21.680540084838867
2015-03-23,21.791114807128906
2015-03-24,21.964874267578125
2015-03-25,21.743724822998047
2015-03-26,21.696331024169922
2015-03-27,21.380403518676758
2015-03-30,21.39620590209961
2015-03-31,21.4672908782959
2015-04-01,21.56206512451172
2015-04-02,21.822710037231445
2015-04-06,22.035959243774414
2015-04-07,22.11494255065918
2015-04-08,22.11494255065918
2015-04-09,22.209716796875
2015-04-10,22.312402725219727
2015-04-13,22.280799865722656
2015-04-14,22.486156463623047
2015-04-15,22.92845344543457
2015-04-16,23.0311336517334
2015-04-17,22.912660598754883
2015-04-20,22.999540328979492
2015-04-21,22.809978485107422
2015-04-22,22.857372283935547
2015-04-23,23.157503128051758
2015-04-24,23.12590980529785
2015-04-27,23.133813858032227
2015-04-28,23.299671173095703
2015-04-29,23.331262588500977
2015-04-30,22.999540328979492
2015-05-01,23.015329360961914
2015-05-04,23.165403366088867
2015-05-05,22.90475845336914
2015-05-06,22.730998992919922
2015-05-07,22.644121170043945
2015-05-08,22.84947395324707
2015-05-11,22.794185638427734
2015-05-12,22.77838706970215
2015-05-13,22.754695892333984
2015-05-14,22.786291122436523
2015-05-15,22.84947395324707
2015-05-18,22.67571449279785
2015-05-19,22.49405860900879
2015-05-20,22.478260040283203
2015-05-21,22.659915924072266
2015-05-22,22.49405860900879
2015-05-26,22.035959243774414
2015-05-27,22.067554473876953
2015-05-28,22.10704231262207
2015-05-29,21.94117546081543
2015-06-01,21.870098114013672
2015-06-02,22.09914207458496
2015-06-03,22.122840881347656
2015-06-04,21.838504791259766
2015-06-05,21.877994537353516
2015-06-08,21.601552963256836
2015-06-09,21.81480598449707
2015-06-10,22.05965232849121
2015-06-11,22.012264251708984
2015-06-12,21.767419815063477
2015-06-15,21.791114807128906
2015-06-16,21.81480598449707
2015-06-17,21.901683807373047
2015-06-18,21.964874267578125
2015-06-19,21.696331024169922
2015-06-22,21.854297637939453
2015-06-23,21.996469497680664
2015-06-24,21.94117546081543
2015-06-25,21.966650009155273
2015-06-26,21.910938262939453
2015-06-29,21.290138244628906
2015-06-30,21.226472854614258
2015-07-01,21.138919830322266
2015-07-02,21.250341415405273
2015-07-06,21.0195369720459
2015-07-07,20.971782684326172
2015-07-08,20.613632202148438
2015-07-09,20.51016616821289
2015-07-10,20.725059509277344
2015-07-13,20.820566177368164
2015-07-14,20.900150299072266
2015-07-15,20.725059509277344
2015-07-16,20.748931884765625
2015-07-17,20.613632202148438
2015-07-20,20.327112197875977
2015-07-21,20.295269012451172
2015-07-22,20.104257583618164
2015-07-23,20.000797271728516
2015-07-24,19.92121124267578
2015-07-27,19.698354721069336
2015-07-28,20.000797271728516
2015-07-29,20.295269012451172
2015-07-30,20.319149017333984
2015-07-31,20.335063934326172
2015-08-03,20.08833885192871
2015-08-04,20.215681076049805
2015-08-05,20.223644256591797
2015-08-06,20.207725524902344
2015-08-07,20.024667739868164
2015-08-10,20.438535690307617
2015-08-11,20.18384552001953
2015-08-12,20.27139663696289
2015-08-13,20.01671600341797
2015-08-14,20.024667739868164
2015-08-17,19.992834091186523
2015-08-18,19.929166793823242
2015-08-19,19.626720428466797
2015-08-20,19.220813751220703
2015-08-21,18.711442947387695
2015-08-24,18.0269775390625
2015-08-25,18.08268928527832
2015-08-26,18.4647159576416
2015-08-27,19.13326644897461
2015-08-28,19.260608673095703
2015-08-31,19.31632423400879
2015-09-01,18.703487396240234
2015-09-02,18.743284225463867
2015-09-03,18.894498825073242
2015-09-04,18.600019454956055
2015-09-08,18.918378829956055
2015-09-09,18.751239776611328
2015-09-10,18.838788986206055
2015-09-11,18.655733108520508
2015-09-14,18.504514694213867
2015-09-15,18.655733108520508
2015-09-16,19.228769302368164
2015-09-17,19.220813751220703
2015-09-18,18.974088668823242
2015-09-21,19.069597244262695
2015-09-22,18.600019454956055
2015-09-23,18.3453369140625
2015-09-24,18.337377548217773
2015-09-25,18.36921501159668
2015-09-28,17.764333724975586
2015-09-29,17.77229118347168
2015-09-30,18.305543899536133
2015-10-01,18.305543899536133
2015-10-02,18.584102630615234
2015-10-05,18.974088668823242
2015-10-06,19.196945190429688
2015-10-07,19.49142074584961
2015-10-08,19.722227096557617
2015-10-09,19.833654403686523
2015-10-12,19.65856170654297
2015-10-13,19.49142074584961
2015-10-14,19.722227096557617
2015-10-15,19.762022018432617
2015-10-16,19.698354721069336
2015-10-19,19.395917892456055
2015-10-20,19.5789737701416
2015-10-21,19.12531089782715
2015-10-22,19.443668365478516
2015-10-23,19.443668365478516
2015-10-26,19.228769302368164
2015-10-27,18.997966766357422
2015-10-28,19.332244873046875
2015-10-29,19.268569946289062
2015-10-30,18.942251205444336
2015-11-02,19.077556610107422
2015-11-03,19.324289321899414
2015-11-04,19.085521697998047
2015-11-05,18.9024600982666
2015-11-06,18.71940803527832
2015-11-09,18.631851196289062
2015-11-10,18.560224533081055
2015-11-11,18.472679138183594
2015-11-12,18.130441665649414
2015-11-13,17.97126579284668
2015-11-16,18.329418182373047
2015-11-17,18.31350326538086
2015-11-18,18.48859977722168
2015-11-19,18.631851196289062
2015-11-20,18.49655532836914
2015-11-23,18.361251831054688
2015-11-24,18.520437240600586
2015-11-25,18.49655532836914
2015-11-27,18.39308738708496
2015-11-30,18.520437240600586
2015-12-01,18.783077239990234
2015-12-02,18.52839469909668
2015-12-03,18.353294372558594
2015-12-04,18.385128021240234
2015-12-07,17.75637435913086
2015-12-08,17.48576545715332
2015-12-09,17.573320388793945
2015-12-10,17.573320388793945
2015-12-11,17.16741371154785
2015-12-14,17.05599021911621
2015-12-15,17.374343872070312
2015-12-16,17.613115310668945
2015-12-17,17.215166091918945
2015-12-18,17.215166091918945
2015-12-21,17.20709991455078
2015-12-22,17.30390739440918
2015-12-23,17.68305778503418
2015-12-24,17.731456756591797
2015-12-28,17.465246200561523
2015-12-29,17.666921615600586
2015-12-30,17.473312377929688
2015-12-31,17.344240188598633
2016-01-04,17.094161987304688
2016-01-05,17.013490676879883
2016-01-06,16.64240074157715
2016-01-07,16.247114181518555
2016-01-08,16.174514770507812
2016-01-11,15.956700325012207
2016-01-12,15.988966941833496
2016-01-13,15.63401985168457
2016-01-14,15.83569622039795
2016-01-15,15.303262710571289
2016-01-19,15.238731384277344
2016-01-20,15.045121192932129
2016-01-21,15.529145240783691
2016-01-22,16.142242431640625
2016-01-25,15.714686393737793
2016-01-26,16.15837860107422
2016-01-27,16.182579040527344
2016-01-28,16.56979751586914
2016-01-29,16.8682804107666
2016-02-01,16.787612915039062
2016-02-02,16.376190185546875
2016-02-03,16.860212326049805
2016-02-04,17.1506290435791
2016-02-05,16.92475700378418
2016-02-08,16.602066040039062
2016-02-09,16.29551887512207
2016-02-10,16.12611198425293
2016-02-11,15.972832679748535
2016-02-12,16.464927673339844
2016-02-16,16.715007781982422
2016-02-17,17.38457679748535
2016-02-18,17.376506805419922
2016-02-19,17.182897567749023
2016-02-22,17.30390739440918
2016-02-23,17.086091995239258
2016-02-24,17.12643051147461
2016-02-25,17.3361759185791
2016-02-26,17.449111938476562
2016-02-29,17.449111938476562
2016-03-01,17.836334228515625
2016-03-02,17.86859893798828
2016-03-03,18.062211990356445
2016-03-04,18.247758865356445
2016-03-07,18.58657455444336
2016-03-08,18.29615592956543
2016-03-09,18.634977340698242
2016-03-10,18.489768981933594
2016-03-11,18.868915557861328
2016-03-14,18.772119522094727
2016-03-15,18.546236038208008
2016-03-16,18.949586868286133
2016-03-17,19.3206787109375
2016-03-18,19.12706756591797
2016-03-21,19.12706756591797
2016-03-22,19.119001388549805
2016-03-23,18.71564483642578
2016-03-24,18.626903533935547
2016-03-28,18.739845275878906
2016-03-29,18.933456420898438
2016-03-30,19.19966697692871
2016-03-31,19.12706756591797
2016-04-01,19.04639434814453
2016-04-04,18.812450408935547
2016-04-05,18.61884307861328
2016-04-06,18.780187606811523
2016-04-07,18.570438385009766
2016-04-08,18.957658767700195
2016-04-11,19.135133743286133
2016-04-12,19.58689308166504
2016-04-13,19.667566299438477
2016-04-14,19.619159698486328
2016-04-15,19.554624557495117
2016-04-18,19.724031448364258
2016-04-19,20.15159034729004
2016-04-20,20.264524459838867
2016-04-21,20.111249923706055
2016-04-22,20.216121673583984
2016-04-25,20.078981399536133
2016-04-26,20.216121673583984
2016-04-27,20.312929153442383
2016-04-28,20.377464294433594
2016-04-29,20.490406036376953
2016-05-02,20.369396209716797
2016-05-03,19.86924171447754
2016-05-04,19.490083694458008
2016-05-05,19.48201560974121
2016-05-06,19.50621795654297
2016-05-09,19.19966697692871
2016-05-10,19.554624557495117
2016-05-11,19.635295867919922
2016-05-12,19.691761016845703
2016-05-13,19.47395133972168
2016-05-16,19.76436996459961
2016-05-17,19.80470085144043
2016-05-18,19.52235221862793
2016-05-19,19.377147674560547
2016-05-20,19.490083694458008
2016-05-23,19.457822799682617
2016-05-24,19.490083694458008
2016-05-25,19.85310935974121
2016-05-26,19.949913024902344
2016-05-27,19.949913024902344
2016-05-31,19.74822998046875
2016-06-01,19.7966365814209
2016-06-02,19.85310935974121
2016-06-03,20.208053588867188
2016-06-06,20.482337951660156
2016-06-07,20.692081451416016
2016-06-08,20.70821762084961
2016-06-09,20.554941177368164
2016-06-10,20.208053588867188
2016-06-13,20.087047576904297
2016-06-14,19.828903198242188
2016-06-15,19.76436996459961
2016-06-16,19.667566299438477
2016-06-17,19.828903198242188
2016-06-20,20.103181838989258
2016-06-21,20.119314193725586
2016-06-22,20.04288673400879
2016-06-23,20.36812400817871
2016-06-24,19.628206253051758
2016-06-27,19.205394744873047
2016-06-28,19.49811363220215
2016-06-29,19.81522560119629
2016-06-30,19.929052352905273
2016-07-01,20.18924331665039
2016-07-05,19.98596954345703
2016-07-06,20.107938766479492
2016-07-07,19.91279411315918
2016-07-08,20.034759521484375
2016-07-11,20.051015853881836
2016-07-12,20.3843936920166
2016-07-13,20.449440002441406
2016-07-14,20.660846710205078
2016-07-15,20.555139541625977
2016-07-18,20.636451721191406
2016-07-19,20.490089416503906
2016-07-20,20.490089416503906
2016-07-21,20.441308975219727
2016-07-22,20.416912078857422
2016-07-25,20.156723022460938
2016-07-26,20.29494857788086
2016-07-27,20.286815643310547
2016-07-28,20.311214447021484
2016-07-29,20.52261734008789
2016-08-01,20.270553588867188
2016-08-02,20.24616050720215
2016-08-03,20.408781051635742
2016-08-04,20.433176040649414
2016-08-05,20.416912078857422
2016-08-08,20.595792770385742
2016-08-09,20.71776008605957
2016-08-10,20.7584171295166
2016-08-11,20.994211196899414
2016-08-12,20.92103385925293
2016-08-15,21.026735305786133
2016-08-16,21.051136016845703
2016-08-17,21.026735305786133
2016-08-18,21.173095703125
2016-08-19,21.034866333007812
2016-08-22,20.96982192993164
2016-08-23,21.091785430908203
2016-08-24,20.92103385925293
2016-08-25,20.888513565063477
2016-08-26,20.815330505371094
2016-08-29,20.855985641479492
2016-08-30,20.7584171295166
2016-08-31,20.579530715942383
2016-09-01,20.725887298583984
2016-09-02,21.026735305786133
2016-09-06,21.278799057006836
2016-09-07,21.197484970092773
2016-09-08,21.15683364868164
2016-09-09,20.612064361572266
2016-09-12,20.68523597717285
2016-09-13,20.140457153320312
2016-09-14,20.124197006225586
2016-09-15,20.40065574645996
2016-09-16,20.254295349121094
2016-09-19,20.327468872070312
2016-09-20,20.343732833862305
2016-09-21,20.76654624938965
2016-09-22,20.95355987548828
2016-09-23,20.67710304260254
2016-09-26,20.490089416503906
2016-09-27,20.473831176757812
2016-09-28,20.880380630493164
2016-09-29,20.82345962524414
2016-09-30,20.888513565063477
2016-10-03,20.847854614257812
2016-10-04,20.514488220214844
2016-10-05,20.6933650970459
2016-10-06,20.612064361572266
2016-10-07,20.441308975219727
2016-10-10,20.660846710205078
2016-10-11,20.506349563598633
2016-10-12,20.547008514404297
2016-10-13,20.636451721191406
2016-10-14,20.66897201538086
2016-10-17,20.725887298583984
2016-10-18,20.929162979125977
2016-10-19,21.075523376464844
2016-10-20,20.929162979125977
2016-10-21,20.896642684936523
2016-10-24,20.799074172973633
2016-10-25,20.782804489135742
2016-10-26,20.70962905883789
2016-10-27,20.742155075073242
2016-10-28,20.6933650970459
2016-10-31,20.612064361572266
2016-11-01,20.636451721191406
2016-11-02,20.408781051635742
2016-11-03,20.3843936920166
2016-11-04,20.270553588867188
2016-11-07,20.530744552612305
2016-11-08,20.660846710205078
2016-11-09,20.6933650970459
2016-11-10,20.57139778137207
2016-11-11,20.205507278442383
2016-11-14,20.23802947998047
2016-11-15,20.628318786621094
2016-11-16,20.587663650512695
2016-11-17,20.66897201538086
2016-11-18,20.701499938964844
2016-11-21,21.124303817749023
2016-11-22,21.124303817749023
2016-11-23,21.083650588989258
2016-11-25,21.043001174926758
2016-11-28,21.05926513671875
2016-11-29,21.018604278564453
2016-11-30,21.148700714111328
2016-12-01,21.23001480102539
2016-12-02,21.32758140563965
2016-12-05,21.4007625579834
2016-12-06,21.433286666870117
2016-12-07,21.66908073425293
2016-12-08,21.83983612060547
2016-12-09,21.90488624572754
2016-12-12,21.95366668701172
2016-12-13,22.091901779174805
2016-12-14,21.612163543701172
2016-12-15,21.571516036987305
2016-12-16,21.620296478271484
2016-12-19,21.49833869934082
2016-12-20,21.612163543701172
2016-12-21,21.598207473754883
2016-12-22,21.5242919921875
2016-12-23,21.40932846069336
2016-12-27,21.40932846069336
2016-12-28,21.368267059326172
2016-12-29,21.49144744873047
2016-12-30,21.475021362304688
2017-01-03,21.598207473754883
2017-01-04,21.959548950195312
2017-01-05,22.123794555664062
2017-01-06,22.082731246948242
2017-01-09,21.926698684692383
2017-01-10,21.959548950195312
2017-01-11,22.164852142333984
2017-01-12,22.173067092895508
2017-01-13,22.279823303222656
2017-01-17,22.304462432861328
2017-01-18,21.93490982055664
2017-01-19,21.860998153686523
2017-01-20,22.033458709716797
2017-01-23,22.025243759155273
2017-01-24,22.419431686401367
2017-01-25,22.616527557373047
2017-01-26,22.559036254882812
2017-01-27,22.38658332824707
2017-01-30,22.181278228759766
2017-01-31,22.320886611938477
2017-02-01,22.255191802978516
2017-02-02,22.312671661376953
2017-02-03,22.39479637145996
2017-02-06,22.23876190185547
2017-02-07,22.173067092895508
2017-02-08,22.255191802978516
2017-02-09,22.411226272583008
2017-02-10,22.6575870513916
2017-02-13,22.731494903564453
2017-02-14,22.8054141998291
2017-02-15,22.854679107666016
2017-02-16,22.862892150878906
2017-02-17,22.81361961364746
2017-02-21,22.854679107666016
2017-02-22,22.731494903564453
2017-02-23,22.66579818725586
2017-02-24,22.353736877441406
2017-02-27,22.312671661376953
2017-02-28,21.918485641479492
2017-03-01,22.07451820373535
2017-03-02,21.9102725982666
2017-03-03,22.041669845581055
2017-03-06,22.07451820373535
2017-03-07,22.033458709716797
2017-03-08,21.762453079223633
2017-03-09,21.762453079223633
2017-03-10,21.78708839416504
2017-03-13,21.893848419189453
2017-03-14,21.614633560180664
2017-03-15,22.049884796142578
2017-03-16,22.06630516052246
2017-03-17,21.93490982055664
2017-03-20,21.8527889251709
2017-03-21,21.606420516967773
2017-03-22,21.737815856933594
2017-03-23,21.81993865966797
2017-03-24,21.78708839416504
2017-03-27,21.860998153686523
2017-03-28,22.033458709716797
2017-03-29,22.205915451049805
2017-03-30,22.07451820373535
2017-03-31,22.07451820373535
2017-04-03,21.99239730834961
2017-04-04,22.07451820373535
2017-04-05,21.98418426513672
2017-04-06,22.099153518676758
2017-04-07,22.06630516052246
2017-04-10,22.255191802978516
2017-04-11,22.230548858642578
2017-04-12,22.214126586914062
2017-04-13,21.918485641479492
2017-04-17,22.197702407836914
2017-04-18,22.008817672729492
2017-04-19,21.754241943359375
2017-04-20,21.885635375976562
2017-04-21,21.81993865966797
2017-04-24,22.017026901245117
2017-04-25,21.99239730834961
2017-04-26,21.754241943359375
2017-04-27,21.5242919921875
2017-04-28,21.565359115600586
2017-05-01,21.532508850097656
2017-05-02,21.532508850097656
2017-05-03,21.458600997924805
2017-05-04,21.1958065032959
2017-05-05,21.589996337890625
2017-05-08,21.614633560180664
2017-05-09,21.458600997924805
2017-05-10,21.65569496154785
2017-05-11,21.475021362304688
2017-05-12,21.442176818847656
2017-05-15,21.65569496154785
2017-05-16,21.631057739257812
2017-05-17,21.18759536743164
2017-05-18,21.1958065032959
2017-05-19,21.581787109375
2017-05-22,21.704967498779297
2017-05-23,21.672117233276367
2017-05-24,21.688541412353516
2017-05-25,21.606420516967773
2017-05-26,21.663904190063477
2017-05-30,21.589996337890625
2017-05-31,21.483240127563477
2017-06-01,21.639266967773438
2017-06-02,21.631057739257812
2017-06-05,21.639266967773438
2017-06-06,21.754241943359375
2017-06-07,21.49966049194336
2017-06-08,21.598207473754883
2017-06-09,21.770666122436523
2017-06-12,21.828149795532227
2017-06-13,21.96776008605957
2017-06-14,21.69675636291504
2017-06-15,21.614633560180664
2017-06-16,21.803518295288086
2017-06-19,21.869211196899414
2017-06-20,21.608417510986328
2017-06-21,21.509069442749023
2017-06-22,21.740886688232422
2017-06-23,21.82367515563965
2017-06-26,21.88163185119629
2017-06-27,21.972698211669922
2017-06-28,22.328697204589844
2017-06-29,22.179683685302734
2017-06-30,22.154836654663086
2017-07-03,22.30386734008789
2017-07-05,22.154836654663086
2017-07-06,22.063770294189453
2017-07-07,22.154836654663086
2017-07-10,22.270753860473633
2017-07-11,22.25419044494629
2017-07-12,22.593637466430664
2017-07-13,22.62674903869629
2017-07-14,22.808889389038086
2017-07-17,22.70954132080078
2017-07-18,22.800609588623047
2017-07-19,23.007587432861328
2017-07-20,23.065542221069336
2017-07-21,23.015867233276367
2017-07-24,23.032424926757812
2017-07-25,23.131776809692383
2017-07-26,23.164888381958008
2017-07-27,22.99103355407715
2017-07-28,23.098655700683594
2017-07-31,23.098655700683594
2017-08-01,23.040700912475586
2017-08-02,23.098655700683594
2017-08-03,22.99103355407715
2017-08-04,22.99103355407715
2017-08-07,22.966190338134766
2017-08-08,22.933074951171875
2017-08-09,22.808889389038086
2017-08-10,22.494281768798828
2017-08-11,22.52739906311035
2017-08-14,22.601911544799805
2017-08-15,22.52739906311035
2017-08-16,22.69297981262207
2017-08-17,22.535680770874023
2017-08-18,22.57707405090332
2017-08-21,22.610193252563477
2017-08-22,22.684701919555664
2017-08-23,22.83372688293457
2017-08-24,22.88340187072754
2017-08-25,22.94963264465332
2017-08-28,22.86684226989746
2017-08-29,22.891681671142578
2017-08-30,22.792333602905273
2017-08-31,23.073816299438477
2017-09-01,23.272520065307617
2017-09-05,23.09037971496582
2017-09-06,23.355308532714844
2017-09-07,23.496055603027344
2017-09-08,23.41326332092285
2017-09-11,23.578842163085938
2017-09-12,23.595401763916016
2017-09-13,23.58712387084961
2017-09-14,23.678192138671875
2017-09-15,23.66991424560547
2017-09-18,23.58712387084961
2017-09-19,23.7113094329834
2017-09-20,23.75270652770996
2017-09-21,23.868606567382812
2017-09-22,23.8520565032959
2017-09-25,23.876890182495117
2017-09-26,23.8520565032959
2017-09-27,23.868606567382812
2017-09-28,23.95968246459961
2017-09-29,23.95968246459961
2017-10-02,23.976240158081055
2017-10-03,24.075590133666992
2017-10-04,24.100427627563477
2017-10-05,24.001079559326172
2017-10-06,23.96796226501465
2017-10-09,23.976240158081055
2017-10-10,24.100427627563477
2017-10-11,24.241172790527344
2017-10-12,24.15838050842285
2017-10-13,24.224611282348633
2017-10-16,24.150104522705078
2017-10-17,24.141820907592773
2017-10-18,24.241172790527344
2017-10-19,24.282569885253906
2017-10-20,24.092145919799805
2017-10-23,24.03419303894043
2017-10-24,24.04247283935547
2017-10-25,23.777542114257812
2017-10-26,23.719585418701172
2017-10-27,23.868606567382812
2017-10-30,23.943126678466797
2017-10-31,23.835498809814453
2017-11-01,23.918285369873047
2017-11-02,23.984519958496094
2017-11-03,24.100427627563477
2017-11-06,24.282569885253906
2017-11-07,24.232892990112305
2017-11-08,24.29912567138672
2017-11-09,24.348800659179688
2017-11-10,24.274288177490234
2017-11-13,24.17494010925293
2017-11-14,24.017637252807617
2017-11-15,23.92656707763672
2017-11-16,24.025917053222656
2017-11-17,24.050752639770508
2017-11-20,24.04247283935547
2017-11-21,24.15838050842285
2017-11-22,24.33224105834961
2017-11-24,24.348800659179688
2017-11-27,24.141820907592773
2017-11-28,24.067312240600586
2017-11-29,23.893447875976562
2017-11-30,23.95968246459961
2017-12-01,24.315683364868164
2017-12-04,24.183216094970703
2017-12-05,24.11698341369629
2017-12-06,23.934844970703125
2017-12-07,24.04247283935547
2017-12-08,24.12526512145996
2017-12-11,24.141820907592773
2017-12-12,24.17494010925293
2017-12-13,24.241172790527344
2017-12-14,24.166658401489258
2017-12-15,24.009355545043945
2017-12-18,24.166658401489258
2017-12-19,24.14066505432129
2017-12-20,24.24128532409668
2017-12-21,24.44252586364746
2017-12-22,24.459300994873047
2017-12-26,24.534765243530273
2017-12-27,24.6353816986084
2017-12-28,24.83662986755371
2017-12-29,24.8533992767334
2018-01-02,25.079795837402344
2018-01-03,25.172029495239258
2018-01-04,25.348112106323242
2018-01-05,25.440351486206055
2018-01-08,25.356502532958984
2018-01-09,25.28942108154297
2018-01-10,25.037870407104492
2018-01-11,25.163646697998047
2018-01-12,25.24750328063965
2018-01-16,25.348112106323242
2018-01-17,25.40681266784668
2018-01-18,25.348112106323242
2018-01-19,25.27265167236328
2018-01-22,25.373275756835938
2018-01-23,25.431968688964844
2018-01-24,25.50743865966797
2018-01-25,25.32296371459961
2018-01-26,25.423587799072266
2018-01-29,25.188800811767578
2018-01-30,25.029481887817383
2018-01-31,25.054636001586914
2018-02-01,24.970792770385742
2018-02-02,24.283214569091797
2018-02-05,23.60402488708496
2018-02-06,23.70464515686035
2018-02-07,23.528554916381836
2018-02-08,22.991910934448242
2018-02-09,23.033830642700195
2018-02-12,23.318927764892578
2018-02-13,23.335697174072266
2018-02-14,23.66271209716797
2018-02-15,23.813648223876953
2018-02-16,23.70464515686035
2018-02-20,23.57886505126953
2018-02-21,23.612407684326172
2018-02-22,23.562091827392578
2018-02-23,23.863956451416016
2018-02-26,23.981351852416992
2018-02-27,23.754945755004883
2018-02-28,23.30215835571289
2018-03-01,23.151227951049805
2018-03-02,23.042213439941406
2018-03-05,23.109296798706055
2018-03-06,23.260231018066406
2018-03-07,23.167991638183594
2018-03-08,23.260231018066406
2018-03-09,23.495014190673828
2018-03-12,23.47824478149414
2018-03-13,23.28538703918457
2018-03-14,23.360858917236328
2018-03-15,23.23507308959961
2018-03-16,23.201536178588867
2018-03-19,23.058988571166992
2018-03-20,23.14284324645996
2018-03-21,23.495014190673828
2018-03-22,23.025449752807617
2018-03-23,22.799049377441406
2018-03-26,22.9583683013916
2018-03-27,22.790668487548828
2018-03-28,22.706811904907227
2018-03-29,23.109296798706055
2018-04-02,22.782283782958984
2018-04-03,22.924827575683594
2018-04-04,23.00029945373535
2018-04-05,23.310543060302734
2018-04-06,23.058988571166992
2018-04-09,23.218305587768555
2018-04-10,23.453086853027344
2018-04-11,23.486629486083984
2018-04-12,23.486629486083984
2018-04-13,23.436321258544922
2018-04-16,23.53693962097168
2018-04-17,23.679485321044922
2018-04-18,23.796876907348633
2018-04-19,23.612407684326172
2018-04-20,23.51178550720215
2018-04-23,23.427936553955078
2018-04-24,23.377620697021484
2018-04-25,23.394390106201172
2018-04-26,23.553707122802734
2018-04-27,23.654329299926758
2018-04-30,23.587251663208008
2018-05-01,23.587251663208008
2018-05-02,23.553707122802734
2018-05-03,23.57048225402832
2018-05-04,23.738182067871094
2018-05-07,23.805259704589844
2018-05-08,23.780105590820312
2018-05-09,24.031660079956055
2018-05-10,24.350292205810547
2018-05-11,24.333520889282227
2018-05-14,24.467683792114258
2018-05-15,24.38382911682129
2018-05-16,24.509605407714844
2018-05-17,24.585079193115234
2018-05-18,24.434144973754883
2018-05-21,24.660539627075195
2018-05-22,24.534765243530273
2018-05-23,24.459300994873047
2018-05-24,24.291601181030273
2018-05-25,24.115514755249023
2018-05-29,23.754945755004883
2018-05-30,24.207744598388672
2018-05-31,24.098737716674805
2018-06-01,24.065200805664062
2018-06-04,23.629173278808594
2018-06-05,24.149051666259766
2018-06-06,24.266443252563477
2018-06-07,24.249671936035156
2018-06-08,24.35867691040039
2018-06-11,24.350292205810547
2018-06-12,24.325138092041016
2018-06-13,24.35867691040039
2018-06-14,24.291601181030273
2018-06-15,24.065200805664062
2018-06-18,24.165822982788086
2018-06-19,23.881877899169922
2018-06-20,24.017087936401367
2018-06-21,23.864973068237305
2018-06-22,24.093143463134766
2018-06-25,23.645254135131836
2018-06-26,23.822723388671875
2018-06-27,23.628353118896484
2018-06-28,23.763566970825195
2018-06-29,24.093143463134766
2018-07-02,23.966384887695312
2018-07-03,24.03398895263672
2018-07-05,24.093143463134766
2018-07-06,24.32131576538086
2018-07-09,24.448078155517578
2018-07-10,24.608642578125
2018-07-11,24.270610809326172
2018-07-12,24.557933807373047
2018-07-13,24.566387176513672
2018-07-16,24.498781204223633
2018-07-17,24.448078155517578
2018-07-18,24.40581703186035
2018-07-19,24.363569259643555
2018-07-20,24.422719955444336
2018-07-23,24.32131576538086
2018-07-24,24.3889217376709
2018-07-25,24.608642578125
2018-07-26,24.61709213256836
2018-07-27,24.54103660583496
2018-07-30,24.566387176513672
2018-07-31,24.684701919555664
2018-08-01,24.60019302368164
2018-08-02,24.676250457763672
2018-08-03,24.710050582885742
2018-08-06,24.7945556640625
2018-08-07,24.3889217376709
2018-08-08,24.49032974243164
2018-08-09,24.608642578125
2018-08-10,24.32131576538086
2018-08-13,24.236804962158203
2018-08-14,24.49032974243164
2018-08-15,24.05088996887207
2018-08-16,24.143848419189453
2018-08-17,24.46497917175293
2018-08-20,24.46497917175293
2018-08-21,24.40581703186035
2018-08-22,24.583290100097656
2018-08-23,24.372018814086914
2018-08-24,24.498781204223633
2018-08-27,24.777658462524414
2018-08-28,24.693147659301758
2018-08-29,24.777658462524414
2018-08-30,24.650896072387695
2018-08-31,24.338220596313477
2018-09-04,23.941030502319336
2018-09-05,23.907222747802734
2018-09-06,23.89032554626465
2018-09-07,23.79737091064453
2018-09-10,23.772014617919922
2018-09-11,23.924129486083984
2018-09-12,24.03398895263672
2018-09-13,24.008638381958008
2018-09-14,23.949481964111328
2018-09-17,24.03398895263672
2018-09-18,24.346668243408203
2018-09-19,24.397377014160156
2018-09-20,24.52412986755371
2018-09-21,24.549488067626953
2018-09-24,24.448078155517578
2018-09-25,24.346668243408203
2018-09-26,24.25370979309082
2018-09-27,24.312864303588867
2018-09-28,24.32131576538086
2018-10-01,24.608642578125
2018-10-02,24.40581703186035
2018-10-03,24.46497917175293
2018-10-04,24.25370979309082
2018-10-05,24.11004638671875
2018-10-08,24.02553939819336
2018-10-09,23.98328399658203
2018-10-10,23.23961639404297
2018-10-11,22.92694091796875
2018-10-12,23.045249938964844
2018-10-15,23.05369758605957
2018-10-16,23.408634185791016
2018-10-17,23.24806785583496
2018-10-18,22.901586532592773
2018-10-19,22.977645874023438
2018-10-22,22.935394287109375
2018-10-23,22.749475479125977
2018-10-24,22.26778221130371
2018-10-25,22.276227951049805
2018-10-26,22.191720962524414
2018-10-29,21.929744720458984
2018-10-30,22.25087547302246
2018-10-31,22.40298843383789
2018-11-01,22.639612197875977
2018-11-02,22.597360610961914
2018-11-05,22.724119186401367
2018-11-06,22.783273696899414
2018-11-07,22.92694091796875
2018-11-08,22.825529098510742
2018-11-09,22.63116455078125
2018-11-12,22.40298843383789
2018-11-13,22.377641677856445
2018-11-14,22.44524383544922
2018-11-15,22.555103302001953
2018-11-16,22.605810165405273
2018-11-19,22.436792373657227
2018-11-20,21.912845611572266
2018-11-21,22.41144371032715
2018-11-23,22.107213973999023
2018-11-26,22.276227951049805
2018-11-27,22.098764419555664
2018-11-28,22.470598220825195
2018-11-29,22.5044002532959
2018-11-30,22.51285171508789
2018-12-03,22.741024017333984
2018-12-04,22.343833923339844
2018-12-06,21.921293258666992
2018-12-07,21.8029842376709
2018-12-10,21.583267211914062
2018-12-11,21.498756408691406
2018-12-12,21.735376358032227
2018-12-13,21.693126678466797
2018-12-14,21.439603805541992
2018-12-17,21.008615493774414
2018-12-18,21.007755279541016
2018-12-19,20.758583068847656
2018-12-20,20.560964584350586
2018-12-21,20.13135528564453
2018-12-24,19.84781837463379
2018-12-26,20.466453552246094
2018-12-27,20.37193489074707
2018-12-28,20.492225646972656
2018-12-31,20.586740493774414
2019-01-02,20.77576446533203
2019-01-03,20.646886825561523
2019-01-04,21.17959976196289
2019-01-07,21.41158103942871
2019-01-08,21.64357566833496
2019-01-09,22.047401428222656
2019-01-10,22.141916275024414
2019-01-11,22.09895896911621
2019-01-14,22.184877395629883
2019-01-15,22.305166244506836
2019-01-16,22.373899459838867
2019-01-17,22.55433464050293
2019-01-18,22.700401306152344
2019-01-22,22.477006912231445
2019-01-23,22.43404769897461
2019-01-24,22.56293296813965
2019-01-25,22.872243881225586
2019-01-28,22.829280853271484
2019-01-29,22.966760635375977
2019-01-30,23.164379119873047
2019-01-31,23.24170684814453
2019-02-01,23.310443878173828
2019-02-04,23.370588302612305
2019-02-05,23.5080623626709
2019-02-06,23.370588302612305
2019-02-07,23.20734214782715
2019-02-08,23.15578842163086
2019-02-11,22.940982818603516
2019-02-12,23.20734214782715
2019-02-13,23.164379119873047
2019-02-14,23.24170684814453
2019-02-15,23.551023483276367
2019-02-19,23.722871780395508
2019-02-20,23.96344566345215
2019-02-21,23.843156814575195
2019-02-22,23.9720401763916
2019-02-25,23.954853057861328
2019-02-26,23.99781608581543
2019-02-27,24.057960510253906
2019-02-28,23.929079055786133
2019-03-01,23.817380905151367
2019-03-04,23.757238388061523
2019-03-05,23.740049362182617
2019-03-06,23.61116600036621
2019-03-07,23.482288360595703
2019-03-08,23.473695755004883
2019-03-11,23.679906845092773
2019-03-12,23.800199508666992
2019-03-13,23.929079055786133
2019-03-14,23.82597541809082
2019-03-15,23.851747512817383
2019-03-18,24.023591995239258
2019-03-19,24.006406784057617
2019-03-20,23.980634689331055
2019-03-21,23.93766975402832
2019-03-22,23.56821060180664
2019-03-25,23.559616088867188
2019-03-26,23.731460571289062
2019-03-27,23.636945724487305
2019-03-28,23.69709014892578
2019-03-29,23.748641967773438
2019-04-01,24.057960510253906
2019-04-02,24.057960510253906
2019-04-03,24.083740234375
2019-04-04,24.100923538208008
2019-04-05,24.186843872070312
2019-04-08,24.367279052734375
2019-04-09,24.221210479736328
2019-04-10,24.324316024780273
2019-04-11,24.281356811523438
2019-04-12,24.478973388671875
2019-04-15,24.478973388671875
2019-04-16,24.50474739074707
2019-04-17,24.60785484313965
2019-04-18,24.625038146972656
2019-04-22,24.625038146972656
2019-04-23,24.625038146972656
2019-04-24,24.38446044921875
2019-04-25,24.358684539794922
2019-04-26,24.45319938659668
2019-04-29,24.50474739074707
2019-04-30,24.5305233001709
2019-05-01,24.358684539794922
2019-05-02,24.204025268554688
2019-05-03,24.38446044921875
2019-05-06,24.3500919342041
2019-05-07,24.083740234375
2019-05-08,24.118104934692383
2019-05-09,24.057960510253906
2019-05-10,24.0407772064209
2019-05-13,23.740049362182617
2019-05-14,23.93766975402832
2019-05-15,24.014997482299805
2019-05-16,24.186843872070312
2019-05-17,24.126699447631836
2019-05-20,24.049365997314453
2019-05-21,24.272762298583984
2019-05-22,24.075143814086914
2019-05-23,23.731460571289062
2019-05-24,23.911895751953125
2019-05-28,23.868934631347656
2019-05-29,23.645536422729492
2019-05-30,23.576801300048828
2019-05-31,23.482288360595703
2019-06-03,23.542428970336914
2019-06-04,23.886119842529297
2019-06-05,23.911895751953125
2019-06-06,24.057960510253906
2019-06-07,24.186843872070312
2019-06-10,24.22980499267578
2019-06-11,24.22980499267578
2019-06-12,24.057960510253906
2019-06-13,24.143882751464844
2019-06-14,24.075143814086914
2019-06-17,24.147111892700195
2019-06-18,24.485254287719727
2019-06-19,24.66733741760254
2019-06-20,24.944791793823242
2019-06-21,24.78871726989746
2019-06-24,24.840740203857422
2019-06-25,24.65866470336914
2019-06-26,24.684675216674805
2019-06-27,24.693347930908203
2019-06-28,24.81473159790039
2019-07-01,24.875425338745117
2019-07-02,24.927448272705078
2019-07-03,25.144207000732422
2019-07-05,25.10952377319336
2019-07-08,24.970802307128906
2019-07-09,25.048831939697266
2019-07-10,25.118192672729492
2019-07-11,25.13553810119629
2019-07-12,25.13553810119629
2019-07-15,25.126867294311523
2019-07-16,25.066173553466797
2019-07-17,25.031492233276367
2019-07-18,25.118192672729492
2019-07-19,24.99681282043457
2019-07-22,24.99681282043457
2019-07-23,24.99681282043457
2019-07-24,25.074844360351562
2019-07-25,24.832067489624023
2019-07-26,24.884092330932617
2019-07-29,24.840740203857422
2019-07-30,24.780048370361328
2019-07-31,24.615310668945312
2019-08-01,24.485254287719727
2019-08-02,24.329187393188477
2019-08-05,23.878326416015625
2019-08-06,23.965030670166016
2019-08-07,24.12976837158203
2019-08-08,24.45924186706543
2019-08-09,24.424564361572266
2019-08-12,24.199132919311523
2019-08-13,24.424564361572266
2019-08-14,23.774282455444336
2019-08-15,23.722259521484375
2019-08-16,24.034393310546875
2019-08-19,24.18178939819336
2019-08-20,24.017051696777344
2019-08-21,24.242483139038086
2019-08-22,24.147111892700195
2019-08-23,23.774282455444336
2019-08-26,23.999711990356445
2019-08-27,24.017051696777344
2019-08-28,24.155784606933594
2019-08-29,24.398550033569336
2019-08-30,24.4419002532959
2019-09-03,24.268495559692383
2019-09-04,24.545948028564453
2019-09-05,24.797391891479492
2019-09-06,24.82339859008789
2019-09-09,24.832067489624023
2019-09-10,24.936119079589844
2019-09-11,24.988140106201172
2019-09-12,24.99681282043457
2019-09-13,25.00547981262207
2019-09-16,25.126867294311523
2019-09-17,25.256921768188477
2019-09-18,25.17021942138672
2019-09-19,25.282928466796875
2019-09-20,25.282928466796875
2019-09-23,25.274261474609375
2019-09-24,25.17888832092285
2019-09-25,25.152875900268555
2019-09-26,25.10952377319336
2019-09-27,25.040163040161133
2019-09-30,25.057498931884766
2019-10-01,24.736696243286133
2019-10-02,24.346527099609375
2019-10-03,24.346527099609375
2019-10-04,24.52861213684082
2019-10-07,24.467914581298828
2019-10-08,24.242483139038086
2019-10-09,24.398550033569336
2019-10-10,24.545948028564453
2019-10-11,24.754037857055664
2019-10-14,24.676002502441406
2019-10-15,24.76270866394043
2019-10-16,24.771373748779297
2019-10-17,24.875425338745117
2019-10-18,24.78871726989746
2019-10-21,24.970802307128906
2019-10-22,24.944791793823242
2019-10-23,24.927448272705078
2019-10-24,24.979469299316406
2019-10-25,25.066173553466797
2019-10-28,25.057498931884766
2019-10-29,25.01415252685547
2019-10-30,24.99681282043457
2019-10-31,24.953458786010742
2019-11-01,25.17021942138672
2019-11-04,25.352296829223633
2019-11-05,25.343626022338867
2019-11-06,25.404319763183594
2019-11-07,25.525705337524414
2019-11-08,25.543046951293945
2019-11-11,25.525705337524414
2019-11-12,25.543046951293945
2019-11-13,25.62108039855957
2019-11-14,25.62108039855957
2019-11-15,25.77714729309082
2019-11-18,25.803159713745117
2019-11-19,25.655759811401367
2019-11-20,25.551713943481445
2019-11-21,25.60373878479004
2019-11-22,25.508365631103516
2019-11-25,25.629749298095703
2019-11-26,25.681774139404297
2019-11-27,25.716449737548828
2019-11-29,25.69044303894043
2019-12-02,25.525705337524414
2019-12-03,25.33495330810547
2019-12-04,25.51703643798828
2019-12-05,25.491024017333984
2019-12-06,25.56038475036621
2019-12-09,25.56038475036621
2019-12-10,25.56038475036621
2019-12-11,25.655759811401367
2019-12-12,25.699113845825195
2019-12-13,25.733797073364258
2019-12-16,25.930625915527344
2019-12-17,25.965774536132812
2019-12-18,25.956985473632812
2019-12-19,25.983348846435547
2019-12-20,26.036069869995117
2019-12-23,26.036069869995117
2019-12-24,26.062427520751953
2019-12-26,26.20302391052246
2019-12-27,26.194236755371094
2019-12-30,26.106365203857422
2019-12-31,26.2645320892334
2020-01-02,26.343616485595703
2020-01-03,26.211811065673828
2020-01-06,26.343616485595703
2020-01-07,26.369977951049805
2020-01-08,26.343616485595703
2020-01-09,26.387554168701172
2020-01-10,26.369977951049805
2020-01-13,26.51057243347168
2020-01-14,26.528148651123047
2020-01-15,26.668737411499023
2020-01-16,26.809328079223633
2020-01-17,26.870840072631836
2020-01-21,26.879627227783203
2020-01-22,26.739036560058594
2020-01-23,26.8444766998291
2020-01-24,26.721458435058594
2020-01-27,26.387554168701172
2020-01-28,26.58965492248535
2020-01-29,26.44906234741211
2020-01-30,26.493000030517578
2020-01-31,26.071216583251953
2020-02-03,26.027284622192383
2020-02-04,26.369977951049805
2020-02-05,26.56329345703125
2020-02-06,26.68631362915039
2020-02-07,26.475419998168945
2020-02-10,26.56329345703125
2020-02-11,26.739036560058594
2020-02-12,26.897201538085938
2020-02-13,26.80054473876953
2020-02-14,26.897201538085938
2020-02-18,26.818119049072266
2020-02-19,27.046581268310547
2020-02-20,27.011432647705078
2020-02-21,26.914775848388672
2020-02-24,26.290895462036133
2020-02-25,25.73731231689453
2020-02-26,25.482484817504883
2020-02-27,24.56863021850586
2020-02-28,24.24350929260254
2020-03-02,24.75316047668457
2020-03-03,24.454397201538086
2020-03-04,24.90253448486328
2020-03-05,24.515907287597656
2020-03-06,23.98868179321289
2020-03-09,21.009870529174805
2020-03-10,21.52830696105957
2020-03-11,20.579301834106445
2020-03-12,17.837738037109375
2020-03-13,19.770893096923828
2020-03-16,17.521404266357422
2020-03-17,17.18749237060547
2020-03-18,16.36151123046875
2020-03-19,16.70421028137207
2020-03-20,16.484533309936523
2020-03-23,15.509166717529297
2020-03-24,17.503833770751953
2020-03-25,18.523128509521484
2020-03-26,19.138225555419922
2020-03-27,18.154071807861328
2020-03-30,18.637359619140625
2020-03-31,19.199731826782227
2020-04-01,18.268306732177734
2020-04-02,18.602210998535156
2020-04-03,18.46162223815918
2020-04-06,19.419410705566406
2020-04-07,19.56000518798828
2020-04-08,19.981782913208008
2020-04-09,20.33326530456543
2020-04-13,20.385986328125
2020-04-14,20.579301834106445
2020-04-15,19.8587646484375
2020-04-16,19.71817398071289
2020-04-17,20.544151306152344
2020-04-20,20.4211368560791
2020-04-21,19.76210594177246
2020-04-22,20.22782325744629
2020-04-23,20.30690574645996
2020-04-24,20.570518493652344
2020-04-27,20.913211822509766
2020-04-28,21.194400787353516
2020-04-29,22.06431770324707
2020-04-30,21.334989547729492
2020-05-01,20.860488891601562
2020-05-04,21.053802490234375
2020-05-05,21.203184127807617
2020-05-06,21.036231994628906
2020-05-07,21.211973190307617
2020-05-08,21.58102798461914
2020-05-11,21.651325225830078
2020-05-12,21.22075843811035
2020-05-13,20.67596435546875
2020-05-14,20.781402587890625
2020-05-15,20.851699829101562
2020-05-18,21.62496566772461
2020-05-19,21.4404354095459
2020-05-20,21.686473846435547
2020-05-21,21.431650161743164
2020-05-22,21.431650161743164
2020-05-26,22.125825881958008
2020-05-27,22.345502853393555
2020-05-28,22.30156707763672
2020-05-29,22.09067726135254
2020-06-01,22.538820266723633
2020-06-02,22.943023681640625
2020-06-03,23.224210739135742
2020-06-04,23.10997772216797
2020-06-05,23.67234992980957
2020-06-08,23.97110939025879
2020-06-09,23.73386001586914
2020-06-10,23.53175926208496
2020-06-11,22.17854881286621
2020-06-12,22.56517791748047
2020-06-15,22.76755714416504
2020-06-16,23.042722702026367
2020-06-17,22.874074935913086
2020-06-18,22.918453216552734
2020-06-19,22.803062438964844
2020-06-22,23.042722702026367
2020-06-23,23.095977783203125
2020-06-24,22.545650482177734
2020-06-25,22.776437759399414
2020-06-26,22.314868927001953
2020-06-29,22.634414672851562
2020-06-30,22.971712112426758
2020-07-01,23.00721549987793
2020-07-02,23.12260627746582
2020-07-06,23.26462745666504
2020-07-07,23.042722702026367
2020-07-08,23.229122161865234
2020-07-09,22.989459991455078
2020-07-10,23.238000869750977
2020-07-13,23.095977783203125
2020-07-14,23.539793014526367
2020-07-15,23.87708854675293
2020-07-16,23.74394416809082
2020-07-17,23.859333038330078
2020-07-20,24.010229110717773
2020-07-21,24.125621795654297
2020-07-22,24.241012573242188
2020-07-23,23.992483139038086
2020-07-24,23.93034553527832
2020-07-27,24.285396575927734
2020-07-28,24.187759399414062
2020-07-29,24.51618003845215
2020-07-30,24.356403350830078
2020-07-31,24.241012573242188
2020-08-03,24.303146362304688
2020-08-04,24.64931869506836
2020-08-05,24.93335723876953
2020-08-06,25.0310001373291
2020-08-07,24.809093475341797
2020-08-10,24.977741241455078
2020-08-11,24.96886444091797
2020-08-12,25.19964599609375
2020-08-13,25.13751220703125
2020-08-14,25.08425521850586
2020-08-17,25.412675857543945
2020-08-18,25.38605308532715
2020-08-19,25.252906799316406
2020-08-20,25.32391357421875
2020-08-21,25.226276397705078
2020-08-24,25.297286987304688
2020-08-25,25.39492416381836
2020-08-26,25.7410945892334
2020-08-27,25.69671630859375
2020-08-28,25.678966522216797
2020-08-31,25.48369026184082
2020-09-01,25.652334213256836
2020-09-02,25.7410945892334
2020-09-03,25.235153198242188
2020-09-04,25.039875030517578
2020-09-08,24.48954963684082
2020-09-09,25.07537841796875
2020-09-10,24.675949096679688
2020-09-11,24.74696159362793
2020-09-14,24.977741241455078
2020-09-15,25.01324462890625
2020-09-16,24.800220489501953
2020-09-17,24.800220489501953
2020-09-18,24.596059799194336
2020-09-21,24.152250289916992
2020-09-22,24.427417755126953
2020-09-23,23.868209838867188
2020-09-24,24.02798080444336
2020-09-25,24.152250289916992
2020-09-28,24.471797943115234
2020-09-29,24.34752655029297
2020-09-30,24.32977294921875
2020-10-01,24.471797943115234
2020-10-02,24.445167541503906
2020-10-05,24.915605545043945
2020-10-06,24.53392791748047
2020-10-07,24.89785385131836
2020-10-08,25.261775970458984
2020-10-09,25.38605308532715
2020-10-12,25.457056045532227
2020-10-13,25.235153198242188
2020-10-14,25.164140701293945
2020-10-15,25.09313201904297
2020-10-16,25.0310001373291
2020-10-19,24.800220489501953
2020-10-20,24.88897705078125
2020-10-21,24.7824649810791
2020-10-22,24.871225357055664
2020-10-23,24.951114654541016
2020-10-26,24.48954963684082
2020-10-27,24.41853904724121
2020-10-28,23.522035598754883
2020-10-29,23.628555297851562
2020-10-30,23.49540901184082
2020-11-02,23.797203063964844
2020-11-03,24.32977294921875
2020-11-04,24.454042434692383
2020-11-05,25.04875373840332
2020-11-06,25.039875030517578
2020-11-09,25.430431365966797
2020-11-10,25.670087814331055
2020-11-11,25.847612380981445
2020-11-12,25.430431365966797
2020-11-13,25.554698944091797
2020-11-16,26.01626205444336
2020-11-17,26.140531539916992
2020-11-18,26.06951904296875
2020-11-19,26.176034927368164
2020-11-20,26.291431427001953
2020-11-23,26.460073471069336
2020-11-24,26.92163848876953
2020-11-25,26.9837703704834
2020-11-27,27.072534561157227
2020-11-30,26.877256393432617
2020-12-01,27.028152465820312
2020-12-02,27.214553833007812
2020-12-03,27.400957107543945
2020-12-04,27.81814193725586
2020-12-07,27.835891723632812
2020-12-08,27.89802360534668
2020-12-09,27.827016830444336
2020-12-10,28.0400447845459
2020-12-11,27.89802360534668
2020-12-14,27.668874740600586
2020-12-15,27.9833927154541
2020-12-16,27.965423583984375
2020-12-17,28.154136657714844
2020-12-18,27.83961296081543
2020-12-21,27.6329288482666
2020-12-22,27.59698486328125
2020-12-23,27.78569793701172
2020-12-24,27.91150665283203
2020-12-28,27.722789764404297
2020-12-29,27.794681549072266
2020-12-30,27.902517318725586
2020-12-31,27.71380615234375
2021-01-04,27.80367088317871
2021-01-05,28.324872970581055
2021-01-06,28.58547592163086
2021-01-07,28.891014099121094
2021-01-08,28.855070114135742
2021-01-11,28.55851936340332
2021-01-12,28.756216049194336
2021-01-13,28.711286544799805
2021-01-14,28.908985137939453
2021-01-15,28.60345458984375
2021-01-19,28.666353225708008
2021-01-20,28.926959991455078
2021-01-21,28.810136795043945
2021-01-22,28.43271255493164
2021-01-25,28.513586044311523
2021-01-26,28.41474151611328
2021-01-27,27.65989112854004
2021-01-28,27.9833927154541
2021-01-29,27.49813461303711
2021-02-01,27.80367088317871
2021-02-02,28.297916412353516
2021-02-03,28.396766662597656
2021-02-04,28.504600524902344
2021-02-05,28.792163848876953
2021-02-08,29.16958999633789
2021-02-09,29.367292404174805
2021-02-10,29.43918228149414
2021-02-11,29.466136932373047
2021-02-12,29.547019958496094
2021-02-16,29.681808471679688
2021-02-17,29.466136932373047
2021-02-18,29.385263442993164
2021-02-19,29.690797805786133
2021-02-22,29.76268196105957
2021-02-23,29.70876693725586
2021-02-24,30.16707420349121
2021-02-25,29.529043197631836
2021-02-26,28.908985137939453
2021-03-01,29.555999755859375
2021-03-02,29.87051773071289
2021-03-03,29.63688087463379
2021-03-04,29.322359085083008
2021-03-05,29.74471092224121
2021-03-08,29.84356117248535
2021-03-09,30.104164123535156
2021-03-10,30.319841384887695
2021-03-11,30.814090728759766
2021-03-12,30.984827041625977
2021-03-15,31.182525634765625
2021-03-16,31.137598037719727
2021-03-17,31.398195266723633
2021-03-18,30.90394401550293
2021-03-19,30.912935256958008
2021-03-22,30.769161224365234
2021-03-23,30.427671432495117
2021-03-24,30.427671432495117
2021-03-25,30.364770889282227
2021-03-26,30.661317825317383
2021-03-29,30.607398986816406
2021-03-30,30.48159408569336
2021-03-31,30.598413467407227
2021-04-01,31.12860870361328
2021-04-05,31.24542808532715
2021-04-06,31.182525634765625
2021-04-07,31.182525634765625
2021-04-08,31.416166305541992
2021-04-09,31.51502227783203
2021-04-12,31.407182693481445
2021-04-13,31.524002075195312
2021-04-14,31.524002075195312
2021-04-15,31.72170639038086
2021-04-16,31.793596267700195
2021-04-19,31.559955596923828
2021-04-20,30.984827041625977
2021-04-21,31.49704360961914
2021-04-22,31.290353775024414
2021-04-23,31.479074478149414
2021-04-26,31.802583694458008
2021-04-27,31.83852767944336
2021-04-28,32.37770462036133
2021-04-29,32.350746154785156
2021-04-30,32.00027847290039
2021-05-03,32.18000411987305
2021-05-04,32.12609100341797
2021-05-05,32.422637939453125
2021-05-06,32.701210021972656
2021-05-07,33.07863235473633
2021-05-10,33.07863235473633
2021-05-11,32.88093948364258
2021-05-12,32.54844284057617
2021-05-13,32.611351013183594
2021-05-14,33.105594635009766
2021-05-17,33.42011642456055
2021-05-18,33.474029541015625
2021-05-19,33.15951156616211
2021-05-20,33.55490493774414
2021-05-21,33.50998306274414
2021-05-24,33.77058410644531
2021-05-25,33.545928955078125
2021-05-26,33.725650787353516
2021-05-27,33.97726821899414
2021-05-28,34.03118896484375
2021-06-01,34.26483154296875
2021-06-02,34.3457145690918
2021-06-03,34.112056732177734
2021-06-04,34.33672332763672
2021-06-07,34.3457145690918
2021-06-08,34.300777435302734
2021-06-09,34.14801025390625
2021-06-10,34.24113845825195
2021-06-11,34.1959342956543
2021-06-14,34.34965133666992
2021-06-15,34.376766204833984
2021-06-16,34.14168167114258
2021-06-17,33.770965576171875
2021-06-18,33.33696365356445
2021-06-21,33.79810333251953
2021-06-22,33.98796844482422
2021-06-23,33.92467498779297
2021-06-24,33.97892761230469
2021-06-25,34.08742904663086
2021-06-28,33.834259033203125
2021-06-29,33.74384307861328
2021-06-30,33.698638916015625
2021-07-01,34.02413558959961
2021-07-02,34.02413558959961
2021-07-06,33.76192092895508
2021-07-07,33.644386291503906
2021-07-08,33.1651725769043
2021-07-09,33.68959426879883
2021-07-12,33.680545806884766
2021-07-13,33.57204818725586
2021-07-14,33.382171630859375
2021-07-15,33.23749923706055
2021-07-16,32.84870910644531
2021-07-19,32.09824752807617
2021-07-20,32.613624572753906
2021-07-21,33.22846221923828
2021-07-22,33.192298889160156
2021-07-23,33.39121627807617
2021-07-26,33.382171630859375
2021-07-27,33.2736701965332
2021-07-28,33.50876235961914
2021-07-29,33.85234451293945
2021-07-30,33.75288772583008
2021-08-02,33.680545806884766
2021-08-03,33.698638916015625
2021-08-04,33.62629699707031
2021-08-05,33.84331130981445
2021-08-06,33.897560119628906
2021-08-09,33.78905487060547
2021-08-10,34.01509475708008
2021-08-11,34.1868896484375
2021-08-12,34.11455535888672
2021-08-13,34.096473693847656
2021-08-16,33.897560119628906
2021-08-17,33.544925689697266
2021-08-18,33.355045318603516
2021-08-19,32.740203857421875
2021-08-20,32.98432922363281
2021-08-23,33.65342330932617
2021-08-24,33.897560119628906
2021-08-25,33.94276428222656
2021-08-26,33.51779556274414
2021-08-27,33.960845947265625
2021-08-30,33.906593322753906
2021-08-31,33.76192092895508
2021-09-01,33.97892761230469
2021-09-02,34.376766204833984
2021-09-03,34.44910430908203
2021-09-07,34.05126953125
2021-09-08,33.834259033203125
2021-09-09,33.906593322753906
2021-09-10,33.6715087890625
2021-09-13,33.78001022338867
2021-09-14,33.51779556274414
2021-09-15,33.969886779785156
2021-09-16,33.6715087890625
2021-09-17,33.23749923706055
2021-09-20,32.55937576293945
2021-09-21,32.695003509521484
2021-09-22,33.10187530517578
2021-09-23,33.51779556274414
2021-09-24,33.36408615112305
2021-09-27,33.63534164428711
2021-09-28,33.002418518066406
2021-09-29,32.83062744140625
2021-09-30,32.82158660888672
2021-10-01,33.119956970214844
2021-10-04,33.13804244995117
2021-10-05,33.36408615112305
2021-10-06,33.33696365356445
2021-10-07,33.861385345458984
2021-10-08,34.096473693847656
2021-10-11,34.00605392456055
2021-10-12,34.13263702392578
2021-10-13,34.50334548950195
2021-10-14,35.000648498535156
2021-10-15,35.253814697265625
2021-10-18,35.308067321777344
2021-10-19,35.56123733520508
2021-10-20,35.85057830810547
2021-10-21,35.71494674682617
2021-10-22,35.76919937133789
2021-10-25,35.82344436645508
2021-10-26,35.55219650268555
2021-10-27,35.262855529785156
2021-10-28,35.80536651611328
2021-10-29,35.42560958862305
2021-11-01,35.84153366088867
2021-11-02,35.56123733520508
2021-11-03,35.81440734863281
2021-11-04,35.669742584228516
2021-11-05,35.85961151123047
2021-11-08,36.04044723510742
2021-11-09,36.04044723510742
2021-11-10,35.696868896484375
2021-11-11,35.67877960205078
2021-11-12,36.167030334472656
2021-11-15,36.07661437988281
2021-11-16,36.00428009033203
2021-11-17,35.742069244384766
2021-11-18,35.832496643066406
2021-11-19,35.48891067504883
2021-11-22,35.127227783203125
2021-11-23,35.36231231689453
2021-11-24,35.543155670166016
2021-11-26,34.530479431152344
2021-11-29,34.60280990600586
2021-11-30,33.79810333251953
2021-12-01,33.327919006347656
2021-12-02,33.92467498779297
2021-12-03,33.599178314208984
2021-12-06,34.23209762573242
2021-12-07,35.03681182861328
2021-12-08,34.80173110961914
2021-12-09,34.42197036743164
2021-12-10,34.385799407958984
2021-12-13,33.81624984741211
2021-12-14,33.642276763916016
2021-12-15,33.9444465637207
2021-12-16,34.054325103759766
2021-12-17,33.68805694580078
2021-12-20,33.2119026184082
2021-12-21,33.971920013427734
2021-12-22,34.42060089111328
2021-12-23,34.7502555847168
2021-12-27,35.07990264892578
2021-12-28,35.01580047607422
2021-12-29,34.91507339477539
2021-12-30,35.024959564208984
2021-12-31,35.189781188964844
2022-01-03,35.31797409057617
2022-01-04,34.97002029418945
2022-01-05,34.53963851928711
2022-01-06,34.8051872253418
2022-01-07,35.07990264892578
2022-01-10,34.951698303222656
2022-01-11,35.58353042602539
2022-01-12,36.04136657714844
2022-01-13,35.73918914794922
2022-01-14,35.83075714111328
2022-01-18,35.757503509521484
2022-01-19,35.665931701660156
2022-01-20,35.3546028137207
2022-01-21,34.42975997924805
2022-01-24,34.219154357910156
2022-01-25,34.40229034423828
2022-01-26,34.18252944946289
2022-01-27,33.91697692871094
2022-01-28,34.17336654663086
2022-01-31,34.97002029418945
2022-02-01,35.418697357177734
2022-02-02,35.56521224975586
2022-02-03,34.960853576660156
2022-02-04,35.15315246582031
2022-02-07,35.30881881713867
2022-02-08,35.4919548034668
2022-02-09,35.96811294555664
2022-02-10,35.63846206665039
2022-02-11,35.56521224975586
2022-02-14,35.26302719116211
2022-02-15,35.57435607910156
2022-02-16,35.455326080322266
2022-02-17,34.98832702636719
2022-02-18,34.567108154296875
2022-02-22,34.374820709228516
2022-02-23,34.136741638183594
2022-02-24,33.971920013427734
2022-02-25,34.933387756347656
2022-02-28,34.997493743896484
2022-03-01,34.521331787109375
2022-03-02,35.32712936401367
2022-03-03,35.19893264770508
2022-03-04,35.290504455566406
2022-03-07,34.85097122192383
2022-03-08,34.51216506958008
2022-03-09,35.208091735839844
2022-03-10,35.455326080322266
2022-03-11,35.272193908691406
2022-03-14,34.7227783203125
2022-03-15,34.88759994506836
2022-03-16,35.57435607910156
2022-03-17,36.288604736328125
2022-03-18,36.42595291137695
2022-03-21,36.8197021484375
2022-03-22,36.975364685058594
2022-03-23,36.68234634399414
2022-03-24,36.801387786865234
2022-03-25,37.16766357421875
2022-03-28,36.96620559692383
2022-03-29,37.16766357421875
2022-03-30,37.231754302978516
2022-03-31,36.8197021484375
2022-04-01,36.828853607177734
2022-04-04,37.19512939453125
2022-04-05,36.929588317871094
2022-04-06,36.53583526611328
2022-04-07,36.435115814208984
2022-04-08,36.52668762207031
2022-04-11,36.23365783691406
2022-04-12,36.0779914855957
2022-04-13,36.45342254638672
2022-04-14,36.334381103515625
2022-04-18,36.36185073852539
2022-04-19,36.64571762084961
2022-04-20,36.93873596191406
2022-04-21,36.123779296875
2022-04-22,34.960853576660156
2022-04-25,34.64952850341797
2022-04-26,33.88950729370117
2022-04-27,33.96276092529297
2022-04-28,34.686153411865234
2022-04-29,33.92613220214844
2022-05-02,33.84372329711914
2022-05-03,34.30155944824219
2022-05-04,35.06158447265625
2022-05-05,33.9444465637207
2022-05-06,33.71553039550781
2022-05-09,32.406097412109375
2022-05-10,32.19548797607422
2022-05-11,32.222957611083984
2022-05-12,31.939098358154297
2022-05-13,32.87309646606445
2022-05-16,33.184425354003906
2022-05-17,33.73383712768555
2022-05-18,32.882259368896484
2022-05-19,33.257686614990234
2022-05-20,33.15695571899414
2022-05-23,33.73383712768555
2022-05-24,33.39503860473633
2022-05-25,33.55985641479492
2022-05-26,33.907814025878906
2022-05-27,34.44807052612305
2022-05-31,34.64037322998047
2022-06-01,34.567108154296875
2022-06-02,35.32712936401367
2022-06-03,34.81435012817383
2022-06-06,34.942543029785156
2022-06-07,35.23556137084961
2022-06-08,34.90591812133789
2022-06-09,34.145896911621094
2022-06-10,33.4172248840332
2022-06-13,32.282718658447266
2022-06-14,31.895326614379883
2022-06-15,32.18125534057617
2022-06-16,31.074417114257812
2022-06-17,30.723926544189453
2022-06-21,31.572494506835938
2022-06-22,31.09286117553711
2022-06-23,30.493330001831055
2022-06-24,31.295787811279297
2022-06-27,31.673954010009766
2022-06-28,31.627838134765625
2022-06-29,31.35112762451172
2022-06-30,31.0651912689209
2022-07-01,31.39725112915039
2022-07-05,30.622461318969727
2022-07-06,30.456436157226562
2022-07-07,31.138980865478516
2022-07-08,31.129764556884766
2022-07-11,30.687023162841797
2022-07-12,30.437984466552734
2022-07-13,30.447214126586914
2022-07-14,29.56174659729004
2022-07-15,29.875347137451172
2022-07-18,30.33652687072754
2022-07-19,31.138980865478516
2022-07-20,31.258895874023438
2022-07-21,31.323457717895508
2022-07-22,31.111316680908203
2022-07-25,31.535602569580078
2022-07-26,31.148210525512695
2022-07-27,31.867645263671875
2022-07-28,32.15358352661133
2022-07-29,32.56864929199219
2022-08-01,32.24581527709961
2022-08-02,32.06134796142578
2022-08-03,32.25505065917969
2022-08-04,32.22737121582031
2022-08-05,32.06134796142578
2022-08-08,32.33805847167969
2022-08-09,32.1166877746582
2022-08-10,32.91914367675781
2022-08-11,33.10361862182617
2022-08-12,33.426448822021484
2022-08-15,33.06672286987305
2022-08-16,33.444889068603516
2022-08-17,33.09440231323242
2022-08-18,33.18663024902344
2022-08-19,32.771568298339844
2022-08-22,32.430294036865234
2022-08-23,32.68855667114258
2022-08-24,32.660884857177734
2022-08-25,33.039058685302734
2022-08-26,32.24581527709961
2022-08-29,32.26426696777344
2022-08-30,31.480257034301758
2022-08-31,31.074417114257812
2022-09-01,30.77004051208496
2022-09-02,31.0467472076416
2022-09-06,30.696250915527344
2022-09-07,31.055973052978516
2022-09-08,31.39725112915039
2022-09-09,32.18125534057617
2022-09-12,32.63321304321289
2022-09-13,31.60016441345215
2022-09-14,31.766185760498047
2022-09-15,31.34190559387207
2022-09-16,30.954511642456055
2022-09-19,31.332679748535156
2022-09-20,30.74237060546875
2022-09-21,30.216623306274414
2022-09-22,29.86612319946289
2022-09-23,28.869972229003906
2022-09-26,28.344223022460938
2022-09-27,28.33500099182129
2022-09-28,29.091341018676758
2022-09-29,28.667051315307617
2022-09-30,28.371896743774414
2022-10-03,29.44184112548828
2022-10-04,30.474885940551758
2022-10-05,30.013700485229492
2022-10-06,29.312707901000977
2022-10-07,28.750064849853516
2022-10-10,28.46413230895996
2022-10-11,28.07674217224121
2022-10-12,27.99372673034668
2022-10-13,28.786956787109375
2022-10-14,28.10441017150879
2022-10-17,28.86075210571289
2022-10-18,29.11901092529297
2022-10-19,28.89764404296875
2022-10-20,28.750064849853516
2022-10-21,29.478731155395508
2022-10-24,29.414169311523438
2022-10-25,29.91224479675293
2022-10-26,30.29962921142578
2022-10-27,30.428768157958984
2022-10-28,30.548669815063477
2022-10-31,30.465660095214844
2022-11-01,30.5855655670166
2022-11-02,30.022924423217773
2022-11-03,29.829227447509766
2022-11-04,30.760812759399414
2022-11-07,30.871501922607422
2022-11-08,31.185102462768555
2022-11-09,30.456436157226562
2022-11-10,31.996782302856445
2022-11-11,32.319610595703125
2022-11-14,31.886096954345703
2022-11-15,32.10746765136719
2022-11-16,31.9691162109375
2022-11-17,31.867645263671875
2022-11-18,31.858427047729492
2022-11-21,31.692405700683594
2022-11-22,32.328834533691406
2022-11-23,32.43951416015625
2022-11-25,32.587100982666016
2022-11-28,31.996782302856445
2022-11-29,31.895326614379883
2022-11-30,32.45796203613281
2022-12-01,32.660884857177734
2022-12-02,32.467193603515625
2022-12-05,31.75697135925293
2022-12-06,31.258895874023438
2022-12-07,31.23122215270996
2022-12-08,31.443361282348633
2022-12-09,31.221996307373047
2022-12-12,31.36957359313965
2022-12-13,31.567045211791992
2022-12-14,31.407947540283203
2022-12-15,30.677967071533203
2022-12-16,30.341049194335938
2022-12-19,30.088367462158203
2022-12-20,30.359764099121094
2022-12-21,30.78091049194336
2022-12-22,30.359764099121094
2022-12-23,30.74347496032715
2022-12-27,30.91193389892578
2022-12-28,30.32233428955078
2022-12-29,30.86513900756836
2022-12-30,30.63117218017578
2023-01-03,30.453353881835938
2023-01-04,31.089754104614258
2023-01-05,30.790271759033203
2023-01-06,31.576404571533203
2023-01-09,31.77294158935547
2023-01-10,31.716785430908203
2023-01-11,32.0536994934082
2023-01-12,32.474849700927734
2023-01-13,32.577796936035156
2023-01-17,32.70881271362305
2023-01-18,32.34382629394531
2023-01-19,32.39997863769531
2023-01-20,32.84918975830078
2023-01-23,33.06444549560547
2023-01-24,33.06444549560547
2023-01-25,32.970855712890625
2023-01-26,33.335845947265625
2023-01-27,33.38264083862305
2023-01-30,32.94278335571289
2023-01-31,33.532386779785156
2023-02-01,33.532386779785156
2023-02-02,33.43879699707031
2023-02-03,33.24225616455078
2023-02-06,32.87726974487305
2023-02-07,33.24225616455078
2023-02-08,33.02701187133789
2023-02-09,32.83047866821289
2023-02-10,33.21419143676758
2023-02-13,33.43879699707031
2023-02-14,33.38264083862305
2023-02-15,33.2890510559082
2023-02-16,32.91469955444336
2023-02-17,32.746253967285156
2023-02-21,32.156646728515625
2023-02-22,32.00690841674805
2023-02-23,32.03498840332031
2023-02-24,31.913318634033203
2023-02-27,32.0817756652832
2023-02-28,31.86652374267578
2023-03-01,32.044342041015625
2023-03-02,32.17536544799805
2023-03-03,32.605873107910156
2023-03-06,32.43741226196289
2023-03-07,31.726150512695312
2023-03-08,31.735504150390625
2023-03-09,31.239492416381836
2023-03-10,30.762191772460938
2023-03-13,30.640533447265625
2023-03-14,30.93065071105957
2023-03-15,30.24746322631836
2023-03-16,30.60310173034668
2023-03-17,30.284900665283203
2023-03-20,30.706045150756836
2023-03-21,30.818347930908203
2023-03-22,30.621816635131836
2023-03-23,30.481433868408203
2023-03-24,30.528223037719727
2023-03-27,30.874500274658203
2023-03-28,31.061674118041992
2023-03-29,31.44538688659668
2023-03-30,31.70743179321289
2023-03-31,31.988189697265625
2023-04-03,32.56843185424805
2023-04-04,32.493568420410156
2023-04-05,32.29702377319336
2023-04-06,32.28767013549805
2023-04-10,32.353179931640625
2023-04-11,32.65266036987305
2023-04-12,32.78368377685547
2023-04-13,33.21419143676758
2023-04-14,33.17675018310547
2023-04-17,33.2328987121582
2023-04-18,33.3171272277832
2023-04-19,33.14866638183594
2023-04-20,32.998931884765625
2023-04-21,32.96149826049805
2023-04-24,32.970855712890625
2023-04-25,32.32510757446289
2023-04-26,32.23151779174805
2023-04-27,32.615230560302734
2023-04-28,32.94278335571289
2023-05-01,32.88663101196289
2023-05-02,32.362545013427734
2023-05-03,32.23151779174805
2023-05-04,32.28767013549805
2023-05-05,33.17675018310547
2023-05-08,33.26097869873047
2023-05-09,33.2328987121582
2023-05-10,33.09252166748047
2023-05-11,32.69945526123047
2023-05-12,32.56843185424805
2023-05-15,32.980224609375
2023-05-16,32.44676971435547
2023-05-17,32.605873107910156
2023-05-18,32.493568420410156
2023-05-19,32.54971694946289
2023-05-22,32.59651565551758
2023-05-23,32.22216033935547
2023-05-24,31.641918182373047
2023-05-25,31.34243392944336
2023-05-26,31.61383819580078
2023-05-30,31.37051010131836
2023-05-31,31.12718391418457
2023-06-01,31.567045211791992
2023-06-02,32.23151779174805
2023-06-05,32.02562713623047
2023-06-06,32.31574630737305
2023-06-07,32.28360366821289
2023-06-08,32.274147033691406
2023-06-09,32.2363395690918
2023-06-12,32.2552375793457
2023-06-13,32.4915771484375
2023-06-14,32.51993942260742
2023-06-15,32.86971664428711
2023-06-16,32.831905364990234
2023-06-20,32.3875846862793
2023-06-21,32.47267150878906
2023-06-22,32.32141876220703
2023-06-23,31.962186813354492
2023-06-26,32.35923385620117
2023-06-27,32.57666015625
2023-06-28,32.4915771484375
2023-06-29,32.699554443359375
2023-06-30,33.07769775390625
2023-07-03,33.27621841430664
2023-07-05,32.89807891845703
2023-07-06,32.21743392944336
2023-07-07,32.45376968383789
2023-07-10,32.406497955322266
2023-07-11,32.56720733642578
2023-07-12,33.030426025390625
2023-07-13,33.58817672729492
2023-07-14,33.31403732299805
2023-07-17,33.361297607421875
2023-07-18,33.63544845581055
2023-07-19,33.852882385253906
2023-07-20,33.729984283447266
2023-07-21,33.84342956542969
2023-07-24,34.04194641113281
2023-07-25,33.93796157836914
2023-07-26,33.91905212402344
2023-07-27,33.607086181640625
2023-07-28,33.824520111083984
2023-07-31,34.108123779296875
2023-08-01,33.67325973510742
2023-08-02,33.00206756591797
2023-08-03,32.831905364990234
2023-08-04,32.91698455810547
2023-08-07,33.039886474609375
2023-08-08,32.831905364990234
2023-08-09,32.90753936767578
2023-08-10,32.97370910644531
2023-08-11,33.04933547973633
2023-08-14,32.85081100463867
2023-08-15,32.14179992675781
2023-08-16,32.03781509399414
2023-08-17,31.886560440063477
2023-08-18,31.886560440063477
2023-08-21,31.83929443359375
2023-08-22,31.650218963623047
2023-08-23,32.0
2023-08-24,31.76366424560547
2023-08-25,31.77311897277832
2023-08-28,32.0661735534668
2023-08-29,32.5955696105957
2023-08-30,32.75627899169922
2023-08-31,32.79409408569336
2023-09-01,33.02098083496094
2023-09-05,32.70901107788086
2023-09-06,32.406497955322266
2023-09-07,32.15125274658203
2023-09-08,32.15125274658203
2023-09-11,32.4915771484375
2023-09-12,32.5955696105957
2023-09-13,32.70901107788086
2023-09-14,33.31403732299805
2023-09-15,33.34238815307617
2023-09-18,33.24785232543945
2023-09-19,32.945350646972656
2023-09-20,32.86026382446289
2023-09-21,32.15125274658203
2023-09-22,32.09453582763672
2023-09-25,32.2363395690918
2023-09-26,31.725849151611328
2023-09-27,31.56513786315918
2023-09-28,31.886560440063477
2023-09-29,31.631311416625977
2023-10-02,30.903398513793945
2023-10-03,30.534711837768555
2023-10-04,30.449628829956055
2023-10-05,30.70487403869629
2023-10-06,30.97902488708496
2023-10-09,31.328800201416016
2023-10-10,31.584043502807617
2023-10-11,31.820384979248047
2023-10-12,31.394975662231445
2023-10-13,31.36661720275879
2023-10-16,31.76366424560547
2023-10-17,31.78256607055664
2023-10-18,31.196455001831055
2023-10-19,31.07355499267578
2023-10-20,30.70487403869629
2023-10-23,30.638702392578125
2023-10-24,30.430723190307617
2023-10-25,30.241653442382812
2023-10-26,30.080944061279297
2023-10-27,29.7595272064209
2023-10-30,30.080944061279297
2023-10-31,30.005313873291016
2023-11-01,30.317279815673828
2023-11-02,31.5084228515625
2023-11-03,31.95273208618164
2023-11-06,31.792030334472656
2023-11-07,31.38552474975586
2023-11-08,31.281538009643555
2023-11-09,31.36661720275879
2023-11-10,31.470605850219727
2023-11-13,31.631311416625977
2023-11-14,32.33087158203125
2023-11-15,32.41595458984375
2023-11-16,32.22688293457031
2023-11-17,32.58611297607422
2023-11-20,32.6428337097168
2023-11-21,32.51993942260742
2023-11-22,32.538841247558594
2023-11-24,32.73737335205078
2023-11-27,32.5577507019043
2023-11-28,32.67119598388672
2023-11-29,32.76573181152344
2023-11-30,33.06824493408203
2023-12-01,33.55037307739258
2023-12-04,33.38020706176758
2023-12-05,33.210044860839844
2023-12-06,33.030426025390625
2023-12-07,33.01151657104492
2023-12-08,33.14386749267578
2023-12-11,33.210044860839844
2023-12-12,33.01151657104492
2023-12-13,33.83397674560547
2023-12-14,34.29718780517578
2023-12-15,33.9852294921875
2023-12-18,34.12703323364258
2023-12-19,34.609153747558594
2023-12-20,34.164615631103516
2023-12-21,34.643646240234375
2023-12-22,34.90232467651367
2023-12-26,35.28555679321289
2023-12-27,35.323875427246094
2023-12-28,35.161006927490234
2023-12-29,35.14183807373047
2024-01-02,34.777774810791016
2024-01-03,34.66280746459961
2024-01-04,34.720298767089844
2024-01-05,34.84484100341797
2024-01-08,35.11309814453125
2024-01-09,34.825679779052734
2024-01-10,34.90232467651367
2024-01-11,34.73945236206055
2024-01-12,34.78736114501953
2024-01-16,34.46161651611328
2024-01-17,34.011322021484375
2024-01-18,34.1741943359375
2024-01-19,34.57658767700195
2024-01-22,34.490360260009766
2024-01-23,34.672393798828125
2024-01-24,34.57658767700195
2024-01-25,34.83526611328125
2024-01-26,34.94064712524414
2024-01-29,35.161006927490234
2024-01-30,35.266395568847656
2024-01-31,34.825679779052734
2024-02-01,35.0651969909668
2024-02-02,34.8640022277832
2024-02-05,34.317909240722656
2024-02-06,34.59574890136719
2024-02-07,34.691551208496094
2024-02-08,34.68197250366211
2024-02-09,34.81610107421875
2024-02-12,34.92148971557617
2024-02-13,33.81013107299805
2024-02-14,34.41371154785156
2024-02-15,35.161006927490234
2024-02-16,35.14183807373047
2024-02-20,35.007713317871094
2024-02-21,34.95981216430664
2024-02-22,35.295135498046875
2024-02-23,35.438846588134766
2024-02-26,35.304718017578125
2024-02-27,35.21849060058594
2024-02-28,35.007713317871094
2024-02-29,35.22806930541992
2024-03-01,35.55381393432617
2024-03-04,35.467586517333984
2024-03-05,35.429264068603516
2024-03-06,35.70710372924805
2024-03-07,36.20529556274414
2024-03-08,36.03284454345703
2024-03-11,36.13823318481445
2024-03-12,36.234039306640625
2024-03-13,36.55020523071289
2024-03-14,36.18613815307617
2024-03-15,36.14781188964844
2024-03-18,36.13823318481445
2024-03-19,36.13823318481445
2024-03-20,36.65559005737305
2024-03-21,36.59810256958008
2024-03-22,36.22446060180664
2024-03-25,36.21487808227539
2024-03-26,36.13823318481445
2024-03-27,36.47355651855469
2024-03-28,36.67475128173828
2024-04-01,36.61726760864258
2024-04-02,36.44480895996094
2024-04-03,36.59810256958008
2024-04-04,36.43523025512695
2024-04-05,36.684326171875
2024-04-08,36.73223114013672
2024-04-09,36.904685974121094
2024-04-10,36.368167877197266
2024-04-11,36.17655563354492
2024-04-12,35.592132568359375
2024-04-15,35.333457946777344
2024-04-16,35.08435821533203
2024-04-17,35.22806930541992
2024-04-18,35.304718017578125
2024-04-19,35.55381393432617
2024-04-22,35.79332733154297
2024-04-23,36.11907196044922
2024-04-24,35.79332733154297
2024-04-25,35.92745590209961
2024-04-26,36.052005767822266
2024-04-29,36.09990692138672
2024-04-30,35.37177658081055
2024-05-01,35.39093780517578
2024-05-02,35.774166107177734
2024-05-03,35.9945182800293
2024-05-06,36.52145767211914
2024-05-07,36.416072845458984
2024-05-08,36.31068801879883
2024-05-09,36.67475128173828
2024-05-10,36.58852005004883
2024-05-13,36.511878967285156
2024-05-14,36.540618896484375
2024-05-15,36.69390869140625
2024-05-16,36.69390869140625
2024-05-17,36.97174835205078
2024-05-20,37.00048828125
2024-05-21,36.904685974121094
2024-05-22,36.57893753051758
2024-05-23,36.24361801147461
2024-05-24,36.6268424987793
2024-05-28,36.540618896484375
2024-05-29,35.745426177978516
2024-05-30,36.11907196044922
2024-05-31,36.65559005737305
2024-06-03,36.349002838134766
2024-06-04,36.03284454345703
2024-06-05,36.25320053100586
2024-06-06,36.39691162109375
2024-06-07,35.88913345336914
2024-06-10,35.95619583129883
2024-06-11,35.67478561401367
2024-06-12,35.88753890991211
2024-06-13,35.39433670043945
2024-06-14,35.3363151550293
2024-06-17,35.278289794921875
2024-06-18,35.31697082519531
2024-06-20,35.3363151550293
2024-06-21,35.2879638671875
2024-06-24,35.85852813720703
2024-06-25,35.80050277709961
2024-06-26,35.71346664428711
2024-06-27,35.99391555786133
2024-06-28,35.868194580078125
2024-07-01,35.71346664428711
2024-07-02,36.09061813354492
2024-07-03,36.58382034301758
2024-07-05,36.3807373046875
2024-07-08,36.41941833496094
2024-07-09,36.303367614746094
2024-07-10,36.86426544189453
2024-07-11,37.11570358276367
2024-07-12,37.33812713623047
2024-07-15,37.328453063964844
2024-07-16,37.74428939819336
2024-07-17,37.473514556884766
2024-07-18,37.18339538574219
2024-07-19,37.11570358276367
2024-07-22,37.376808166503906
2024-07-23,37.125370025634766
2024-07-24,36.796573638916016
2024-07-25,36.74822235107422
2024-07-26,37.06734848022461
2024-07-29,36.960975646972656
2024-07-30,37.08668899536133
2024-07-31,37.63791275024414
2024-08-01,36.796573638916016
2024-08-02,35.97457504272461
2024-08-05,35.31697082519531
2024-08-06,35.81984329223633
2024-08-07,35.80050277709961
2024-08-08,36.41941833496094
2024-08-09,36.58382034301758
2024-08-12,36.651519775390625
2024-08-13,37.1640510559082
2024-08-14,37.386478424072266
2024-08-15,37.811981201171875
2024-08-16,37.97638702392578
2024-08-19,38.247154235839844
2024-08-20,38.15045166015625
2024-08-21,38.33419418334961
2024-08-22,38.160125732421875
2024-08-23,38.88541793823242
2024-08-26,39.04014587402344
2024-08-27,39.02080154418945
2024-08-28,38.730690002441406
2024-08-29,38.90475845336914
2024-08-30,39.15619659423828
2024-09-03,38.4792594909668
2024-09-04,38.57596206665039
2024-09-05,38.46958541870117
2024-09-06,38.01506805419922
2024-09-09,38.44056701660156
2024-09-10,38.247154235839844
2024-09-11,38.730690002441406
2024-09-12,39.06916046142578
2024-09-13,39.20454788208008
2024-09-16,39.45598220825195
2024-09-17,39.339935302734375
2024-09-18,39.15619659423828
2024-09-19,39.794456481933594
2024-09-20,39.75577163696289
2024-09-23,39.98786163330078
2024-09-24,40.28765106201172
2024-09-25,40.05556106567383
2024-09-26,40.28765106201172
2024-09-27,40.08456802368164
2024-09-30,40.15226745605469
2024-10-01,40.268310546875
2024-10-02,40.2296257019043
2024-10-03,40.05556106567383
2024-10-04,40.297325134277344
2024-10-07,40.06523132324219
2024-10-08,39.78478240966797
2024-10-09,39.997535705566406
2024-10-10,40.03622055053711
2024-10-11,40.2296257019043
2024-10-14,40.239295959472656
2024-10-15,40.113582611083984
2024-10-16,40.49073791503906
2024-10-17,40.50040817260742
2024-10-18,40.6551399230957
2024-10-21,40.3940315246582
2024-10-22,40.4423828125
2024-10-23,40.15226745605469
2024-10-24,40.07490158081055
2024-10-25,39.80412292480469
2024-10-28,40.06523132324219
2024-10-29,39.91050338745117
2024-10-30,39.87181854248047
2024-10-31,39.29158401489258
2024-11-01,39.330265045166016
2024-11-04,39.55269241333008
2024-11-05,39.997535705566406
2024-11-06,40.210289001464844
2024-11-07,40.771183013916016
2024-11-08,40.31666564941406
2024-11-11,40.49073791503906
2024-11-12,40.85821533203125
2024-11-13,40.7518424987793
2024-11-14,40.69382095336914
2024-11-15,40.34567642211914
2024-11-18,40.64546585083008
2024-11-19,40.887229919433594
2024-11-20,40.81953048706055
2024-11-21,41.525489807128906
2024-11-22,41.554500579833984
2024-11-25,41.47713851928711
2024-11-26,41.196685791015625
2024-11-27,41.41911315917969
2024-11-29,41.82527542114258
2024-12-02,41.680213928222656
2024-12-03,41.58351135253906
2024-12-04,41.544830322265625
2024-12-05,41.85429000854492
2024-12-06,41.467464447021484
2024-12-09,41.29339599609375
2024-12-10,41.12899398803711
2024-12-11,41.35141372680664
2024-12-12,40.761512756347656
2024-12-13,40.626121520996094
2024-12-16,40.423038482666016
2024-12-17,40.17805480957031
2024-12-18,39.051109313964844
2024-12-19,38.84531784057617
2024-12-20,39.1295051574707
2024-12-23,39.345096588134766
2024-12-24,39.64887619018555
2024-12-26,39.60968017578125
2024-12-27,39.413692474365234
2024-12-30,39.28629684448242
2024-12-31,39.492088317871094
2025-01-02,39.541080474853516
2025-01-03,39.77627182006836
2025-01-06,40.00166320800781
2025-01-07,39.76647186279297
2025-01-08,39.98206329345703
2025-01-10,39.21770095825195
2025-01-13,39.04130935668945
2025-01-14,39.26669692993164
2025-01-15,39.68807601928711
2025-01-16,39.599884033203125
2025-01-17,39.73707580566406
2025-01-21,40.4034423828125
2025-01-22,40.236854553222656
2025-01-23,40.6190299987793
2025-01-24,40.815025329589844
2025-01-27,40.481842041015625
2025-01-28,40.53083801269531
2025-01-29,40.65822982788086
2025-01-30,40.942413330078125
2025-01-31,40.39364242553711
2025-02-03,39.76647186279297
2025-02-04,40.49163818359375
2025-02-05,40.90321731567383
2025-02-06,40.962013244628906
2025-02-07,40.815025329589844
2025-02-10,41.177608489990234
2025-02-11,41.22660446166992
2025-02-12,41.11880874633789
2025-02-13,41.667579650878906
2025-02-14,41.3245964050293
2025-02-18,41.58918380737305
2025-02-19,41.383392333984375
2025-02-20,41.37359619140625
2025-02-21,40.71702575683594
2025-02-24,40.550437927246094
2025-02-25,40.521034240722656
2025-02-26,40.59943389892578
2025-02-27,39.98206329345703
2025-02-28,40.4034423828125
2025-03-03,39.63908004760742
2025-03-04,38.972713470458984
2025-03-05,39.9134635925293
2025-03-06,39.5606803894043
2025-03-07,39.6586799621582
2025-03-10,38.88451385498047
2025-03-11,38.68852615356445
2025-03-12,39.04130935668945
2025-03-13,38.51213073730469
2025-03-14,39.3058967590332
2025-03-17,39.874263763427734
2025-03-18,39.70767593383789
2025-03-19,40.217254638671875
2025-03-20,40.207454681396484
2025-03-21,40.060462951660156
2025-03-24,40.677825927734375
2025-03-25,40.873817443847656
2025-03-26,40.550437927246094
2025-03-27,40.42304229736328
2025-03-28,39.75667190551758
2025-03-31,39.93306350708008
2025-04-01,40.305450439453125
2025-04-02,40.756221771240234
2025-04-03,39.805667877197266
2025-04-04,37.63997268676758
2025-04-07,37.032405853271484
2025-04-08,36.42483139038086
2025-04-09,38.7473258972168
2025-04-10,37.96335983276367
2025-04-11,39.070709228515625
2025-04-14,39.629276275634766
2025-04-15,39.71747589111328
2025-04-16,40.0114631652832
2025-04-17,40.27604675292969
2025-04-21,39.95266342163086
2025-04-22,40.56023406982422
2025-04-23,40.68762969970703
2025-04-24,41.2168083190918
2025-04-25,41.197208404541016
2025-04-28,41.52058792114258
2025-04-29,41.5989875793457
2025-04-30,41.5989875793457
2025-05-01,41.461795806884766
2025-05-02,41.981163024902344
2025-05-05,41.80477523803711
2025-05-06,41.912567138671875
2025-05-07,42.03016662597656
2025-05-08,41.95176696777344
2025-05-09,41.99095916748047
2025-05-12,42.21635818481445
2025-05-13,42.52994155883789
2025-05-14,42.56913757324219
2025-05-15,42.95132064819336
2025-05-16,43.01011276245117
2025-05-19,43.166908264160156
2025-05-20,43.30410385131836
2025-05-21,43.05911636352539
2025-05-22,43.11791229248047
2025-05-23,43.54909133911133
2025-05-27,43.921470642089844
2025-05-28,43.8626708984375
2025-05-29,43.88227081298828
2025-05-30,44.05866622924805
2025-06-02,44.480045318603516
2025-06-03,44.43104934692383
2025-06-04,44.34284973144531
2025-06-05,44.41144943237305
2025-06-06,44.480045318603516
2025-06-09,44.391849517822266
2025-06-10,44.51924514770508
2025-06-11,44.74462890625
2025-06-12,45.07781982421875
2025-06-13,44.96022033691406
2025-06-16,45.143714904785156
2025-06-17,44.837890625
2025-06-18,44.70964050292969
2025-06-20,44.49260330200195
2025-06-23,44.71950912475586
2025-06-24,45.0056037902832
2025-06-25,44.70964050292969
2025-06-26,45.30156326293945
2025-06-27,44.96614456176758
2025-06-30,45.57779312133789
2025-07-01,45.56792449951172
2025-07-02,45.7060432434082
2025-07-03,46.04146194458008
2025-07-07,45.55806350708008
2025-07-08,45.3804817199707
2025-07-09,45.50873565673828
2025-07-10,45.78496551513672
2025-07-11,45.50873565673828
2025-07-14,45.81455612182617
2025-07-15,45.41994857788086
2025-07-16,45.84415817260742
2025-07-17,46.0809211730957
2025-07-18,45.96253967285156
2025-07-21,46.0809211730957
2025-07-22,46.455806732177734
2025-07-23,46.53472900390625
2025-07-24,46.33742141723633
2025-07-25,46.37688064575195
2025-07-28,46.090789794921875
2025-07-29,46.159847259521484
2025-07-30,45.755367279052734
2025-07-31,45.55806350708008
2025-08-01,45.24237060546875
2025-08-04,45.952674865722656
2025-08-05,46.2979621887207
2025-08-06,47.08718490600586
2025-08-07,46.70243835449219
2025-08-08,46.70243835449219
2025-08-11,46.643245697021484
2025-08-12,46.870147705078125
2025-08-13,46.99839782714844
2025-08-14,46.69257354736328
2025-08-15,46.63338088989258
2025-08-18,46.712303161621094
2025-08-19,46.36701583862305
2025-08-20,46.47553634643555
2025-08-21,46.643245697021484
2025-08-22,47.38314437866211
2025-08-25,46.909610748291016
2025-08-26,47.3732795715332
2025-08-27,47.71856689453125
2025-08-28,47.80735397338867
2025-08-29,48.132911682128906
2025-09-02,47.935604095458984
2025-09-03,48.211830139160156
2025-09-04,48.45846176147461
2025-09-05,48.50779342651367
2025-09-08,48.636043548583984
2025-09-09,48.6064453125
2025-09-10,48.754425048828125
2025-09-11,49.2476921081543
2025-09-12,48.93199920654297
2025-09-15,49.454864501953125
2025-09-16,49.40553665161133
2025-09-17,49.306884765625
2025-09-18,49.50419235229492
2025-09-19,50.046783447265625
2025-09-22,50.19476318359375
2025-09-23,49.8494758605957
2025-09-24,49.563385009765625
2025-09-25,49.37594223022461
2025-09-26,49.346343994140625
2025-09-29,49.780418395996094
2025-09-30,49.86920928955078
2025-10-01,49.88893508911133
2025-10-02,49.908668518066406
2025-10-03,50.54991912841797
2025-10-06,50.609107971191406
2025-10-07,50.25395202636719
2025-10-08,50.45125961303711
2025-10-09,49.8494758605957
2025-10-10,49.18850326538086
2025-10-13,49.908668518066406
2025-10-14,49.8494758605957
2025-10-15,50.273685455322266
2025-10-16,49.938262939453125
2025-10-17,49.60284423828125
2025-10-20,50.03691864013672
2025-10-21,49.31675338745117
2025-10-22,49.523921966552734
2025-10-23,49.8988037109375
2025-10-24,50.15530014038086
2025-10-27,50.10597610473633
2025-10-28,50.71762466430664
2025-10-29,50.06651306152344
2025-10-30,49.98759078979492
2025-10-31,50.0566520690918
2025-11-03,49.98759078979492
2025-11-04,49.05038833618164
2025-11-05,49.58311080932617
2025-11-06,49.079978942871094
2025-11-07,49.42526626586914
2025-11-10,50.204627990722656
2025-11-11,50.35261154174805
2025-11-12,51.053043365478516
2025-11-13,49.95799255371094
2025-11-14,50.204627990722656
2025-11-17,49.66203689575195
2025-11-18,49.8494758605957
2025-11-19,49.938262939453125
2025-11-20,49.23782730102539
2025-11-21,49.750823974609375
2025-11-24,50.36247253417969
2025-11-25,50.865604400634766
2025-11-26,51.54631042480469
2025-11-28,51.99024963378906
2025-12-01,51.47725296020508
2025-12-02,51.43779373168945
2025-12-03,51.76335144042969
2025-12-04,52.35526657104492
2025-12-05,52.57230758666992
2025-12-08,52.23688507080078
2025-12-09,52.35526657104492
2025-12-10,52.996517181396484
2025-12-11,53.35166931152344
2025-12-12,53.164222717285156
2025-12-15,53.075439453125
2025-12-16,52.732051849365234
2025-12-17,52.56284713745117
2025-12-18,52.97092819213867
2025-12-19,53.428775787353516
2025-12-22,53.916481018066406
2025-12-23,54.284751892089844
2025-12-24,54.34446716308594
2025-12-26,54.54353332519531
2025-12-29,54.07573699951172
2025-12-30,54.04587173461914
2025-12-31,53.67760467529297
2026-01-02,53.93638610839844
2026-01-05,54.33451843261719
2026-01-06,54.39423751831055
2026-01-07,53.75722885131836
2026-01-08,54.20512390136719
2026-01-09,54.374332427978516
2026-01-12,54.832176208496094
2026-01-13,54.86203384399414
2026-01-14,54.921756744384766
2026-01-15,54.961570739746094
2026-01-16,54.87199020385742
2026-01-20,54.49376678466797
2026-01-21,54.76250457763672
2026-01-22,54.9416618347168
2026-01-23,55.508995056152344
2026-01-26,55.42936706542969
2026-01-27,55.917076110839844
2026-01-28,56.08627700805664
2026-01-29,56.265438079833984
2026-01-30,54.00605773925781
2026-02-02,54.29470443725586
2026-02-03,54.58334732055664
2026-02-04,54.75254821777344
2026-02-05,53.88662338256836
2026-02-06,54.75254821777344
2026-02-09,56.006656646728516
2026-02-10,56.45454788208008
2026-02-11,56.31520462036133
2026-02-12,55.001380920410156
2026-02-13,55.90711975097656
2026-02-17,55.598575592041016
2026-02-18,56.195762634277344
2026-02-19,56.48440933227539
2026-02-20,56.89249038696289
2026-02-23,56.6834716796875
2026-02-24,56.882537841796875
2026-02-25,57.32047653198242
2026-02-26,57.87785720825195
2026-02-27,57.70865249633789
2026-03-02,57.88780975341797
2026-03-03,56.80290985107422
2026-03-04,57.2010383605957
2026-03-05,56.64365768432617
2026-03-06,56.08627700805664
2026-03-09,56.345062255859375
2026-03-10,56.43464279174805
2026-03-11,56.21567153930664
2026-03-12,55.588619232177734
2026-03-13,54.772457122802734
2026-03-16,55.588619232177734
2026-03-17,55.63838577270508
2026-03-18,54.553489685058594
2026-03-19,53.84680938720703
2026-03-20,52.960975646972656
2026-03-23,53.966251373291016
2026-03-24,53.826904296875
2026-03-25,54.374332427978516
2026-03-26,53.45863342285156
2026-03-27,53.37900924682617
2026-03-30,53.16999053955078
2026-03-31,54.5335807800293
2026-04-01,54.921756744384766
2026-04-02,55.061100006103516
2026-04-06,55.23030471801758
2026-04-07,55.459228515625
2026-04-08,56.37492370605469
2026-04-09,56.17585754394531
2026-04-10,56.49435806274414
2026-04-13,56.99201965332031
2026-04-14,57.429962158203125
2026-04-15,57.76837158203125
2026-04-16,57.718605041503906
2026-04-17,58.246124267578125
2026-04-20,58.49495315551758
2026-04-21,57.549400329589844
2026-04-22,57.718605041503906
2026-04-23,57.569305419921875
2026-04-24,57.66883850097656
2026-04-27,57.70865249633789
2026-04-28,57.19108581542969
2026-04-29,56.71332931518555
2026-04-30,58.325748443603516
2026-05-01,58.126686096191406
2026-05-04,57.61907196044922
2026-05-05,57.429962158203125
2026-05-06,57.93757247924805
2026-05-07,57.549400329589844
2026-05-08,57.818138122558594
2026-05-11,57.86790084838867
2026-05-12,57.99729537963867
2026-05-13,57.46977615356445
2026-05-14,57.897762298583984
2026-05-15,57.17117691040039
2026-05-18,57.290618896484375
2026-05-19,57.220947265625
2026-05-20,58.00724792480469
2026-05-21,58.305843353271484
2026-05-22,58.236167907714844
2026-05-26,58.4252815246582
2026-05-27,57.98733901977539
2026-05-28,58.305843353271484
2026-05-29,58.534767150878906
2026-06-01,58.43523406982422
2026-06-02,59.181724548339844
2026-06-03,58.365562438964844
2026-06-04,59.141910552978516
2026-06-05,57.75841522216797
2026-06-08,57.78827667236328
2026-06-09,57.75841522216797
2026-06-10,57.43991470336914
2026-06-11,58.21626663208008
2026-06-12,58.48500061035156
2026-06-15,58.93000030517578
2026-06-16,59.11000061035156
2026-06-17,58.189998626708984
2026-06-18,57.869998931884766
2026-06-22,57.88999938964844
2026-06-23,57.66999816894531
2026-06-24,57.290000915527344
2026-06-25,57.619998931884766
2026-06-26,57.79999923706055
2026-06-29,57.4900016784668
2026-06-30,57.63999938964844
2026-07-01,57.66999816894531
2026-07-02,57.77000045776367
2026-07-06,58.060001373291016
2026-07-07,58.36000061035156
2026-07-08,57.970001220703125
2026-07-09,58.380001068115234
2026-07-10,58.650001525878906
2026-07-13,58.72999954223633
2026-07-14,59.18000030517578
2026-07-15,59.4900016784668
2026-07-16,59.38999938964844
2026-07-17,59.45000076293945
2026-07-20,58.619998931884766
2026-07-21,59.04999923706055
2026-07-22,59.279998779296875
2026-07-23,58.81999969482422
2026-07-24,59.06999969482422
2026-07-27,59.38999938964844
2026-07-28,59.84000015258789
2026-07-29,59.290000915527344
2026-07-30,59.790000915527344
2026-07-31,59.38999938964844
2026-08-03,59.650001525878906
2026-08-04,60.0
2026-08-05,60.779998779296875
2026-08-06,60.70000076293945
2026-08-07,61.29999923706055
2026-08-10,61.5
2026-08-11,61.5099983215332
2026-08-12,61.77000045776367
2026-08-13,62.099998474121094
2026-08-14,62.22999954223633
2026-08-17,62.18000030517578
2026-08-18,61.58000183105469
2026-08-19,61.83000183105469
2026-08-20,61.77000045776367
2026-08-21,62.36000061035156
2026-08-24,62.119998931884766
2026-08-25,62.63999938964844
2026-08-26,62.22999954223633
2026-08-27,62.2599983215332
2026-08-28,61.72999954223633
2026-08-31,61.43000030517578
2026-09-01,60.599998474121094
2026-09-02,61.27000045776367
2026-09-03,62.470001220703125
2026-09-04,62.040000915527344
2026-09-08,61.4900016784668
2026-09-09,60.9900016784668
2026-09-10,60.290000915527344
2026-09-11,60.58000183105469
2026-09-14,60.5
2026-09-15,60.290000915527344
2026-09-16,59.86000061035156
2026-09-17,60.40999984741211
2026-09-18,60.220001220703125
2026-09-21,60.43000030517578
2026-09-22,60.7599983215332
2026-09-23,59.650001525878906
2026-09-24,59.439998626708984
2026-09-25,59.59000015258789
2026-09-28,59.06999969482422
2026-09-29,58.93000030517578
2026-09-30,58.380001068115234
2026-10-01,58.279998779296875
2026-10-02,58.720001220703125
2026-10-05,58.779998779296875
2026-10-06,59.18000030517578
2026-10-07,57.939998626708984
