date,adjclose
2011-10-10,13.759760856628418
2011-10-11,13.779640197753906
2011-10-12,14.177128791809082
2011-10-13,14.124128341674805
2011-10-14,14.316246032714844
2011-10-17,13.806136131286621
2011-10-18,13.97838306427002
2011-10-19,13.70676326751709
2011-10-20,13.667010307312012
2011-10-21,14.071128845214844
2011-10-24,14.302998542785645
2011-10-25,13.971760749816895
2011-10-26,14.24337387084961
2011-10-27,15.3894681930542
2011-10-28,15.137723922729492
2011-10-31,14.24337387084961
2011-11-01,13.435149192810059
2011-11-02,13.614018440246582
2011-11-03,14.177128791809082
2011-11-04,13.799510955810547
2011-11-07,13.773011207580566
2011-11-08,14.057878494262695
2011-11-09,13.110528945922852
2011-11-10,13.309273719787598
2011-11-11,13.812758445739746
2011-11-14,13.461647033691406
2011-11-15,13.23640251159668
2011-11-16,13.004532814025879
2011-11-17,12.819038391113281
2011-11-18,12.8919095993042
2011-11-21,12.573918342590332
2011-11-22,12.41491985321045
2011-11-23,12.010807991027832
2011-11-25,11.990935325622559
2011-11-28,12.752787590026855
2011-11-29,12.819038391113281
2011-11-30,13.607391357421875
2011-12-01,13.488143920898438
2011-12-02,13.481522560119629
2011-12-05,13.647139549255371
2011-12-06,13.627265930175781
2011-12-07,13.693516731262207
2011-12-08,13.064155578613281
2011-12-09,13.527892112731934
2011-12-12,12.997906684875488
2011-12-13,12.633544921875
2011-12-14,12.33542251586914
2011-12-15,12.381796836853027
2011-12-16,12.322175025939941
2011-12-19,12.269177436828613
2011-12-20,12.842402458190918
2011-12-21,12.742072105407715
2011-12-22,12.895913124084473
2011-12-23,12.996243476867676
2011-12-27,12.989555358886719
2011-12-28,12.715315818786621
2011-12-29,13.056440353393555
2011-12-30,13.096573829650879
2012-01-03,13.48452091217041
2012-01-04,13.250417709350586
2012-01-05,12.969489097595215
2012-01-06,12.742072105407715
2012-01-09,12.83571720123291
2012-01-10,13.109951972961426
2012-01-11,13.083198547363281
2012-01-12,13.216971397399902
2012-01-13,12.949422836303711
2012-01-17,13.250417709350586
2012-01-18,13.558101654052734
2012-01-19,13.825652122497559
2012-01-20,13.818960189819336
2012-01-23,13.96611499786377
2012-01-24,13.8657808303833
2012-01-25,14.039689064025879
2012-01-26,14.073132514953613
2012-01-27,14.053068161010742
2012-01-30,13.805583000183105
2012-01-31,13.919293403625488
2012-02-01,14.180158615112305
2012-02-02,14.240349769592285
2012-02-03,14.46777057647705
2012-02-06,14.333992958068848
2012-02-07,14.50790023803711
2012-02-08,14.568098068237305
2012-02-09,14.634988784790039
2012-02-10,14.27379322052002
2012-02-13,14.360749244689941
2012-02-14,14.206908226013184
2012-02-15,14.166775703430176
2012-02-16,14.420947074890137
2012-02-17,14.574788093566895
2012-02-21,14.661741256713867
2012-02-22,14.608233451843262
2012-02-23,14.835650444030762
2012-02-24,14.976112365722656
2012-02-27,14.815581321716309
2012-02-28,14.909226417541504
2012-02-29,14.788830757141113
2012-03-01,14.976112365722656
2012-03-02,14.828962326049805
2012-03-05,14.822277069091797
2012-03-06,14.106579780578613
2012-03-07,14.333992958068848
2012-03-08,14.882472038269043
2012-03-09,14.695185661315918
2012-03-12,14.815581321716309
2012-03-13,15.029623031616211
2012-03-14,14.929290771484375
2012-03-15,15.06975269317627
2012-03-16,15.210221290588379
2012-03-19,15.250356674194336
2012-03-20,15.109888076782227
2012-03-21,14.99618148803711
2012-03-22,14.748697280883789
2012-03-23,14.882472038269043
2012-03-26,15.129955291748047
2012-03-27,14.87578296661377
2012-03-28,14.742009162902832
2012-03-29,14.588170051574707
2012-03-30,14.762073516845703
2012-04-02,14.915913581848145
2012-04-03,14.541345596313477
2012-04-04,14.106579780578613
2012-04-05,13.925979614257812
2012-04-09,13.8992280960083
2012-04-10,13.451078414916992
2012-04-11,13.665122985839844
2012-04-12,13.95273494720459
2012-04-13,13.531343460083008
2012-04-16,13.62498950958252
2012-04-17,13.979487419128418
2012-04-18,13.745387077331543
2012-04-19,13.48452091217041
2012-04-20,13.578164100646973
2012-04-23,13.24372673034668
2012-04-24,13.47114372253418
2012-04-25,13.8657808303833
2012-04-26,13.925979614257812
2012-04-27,14.033000946044922
2012-04-30,13.859090805053711
2012-05-01,13.972801208496094
2012-05-02,13.892535209655762
2012-05-03,13.758761405944824
2012-05-04,13.538032531738281
2012-05-07,13.711935997009277
2012-05-08,13.42431926727295
2012-05-09,13.210281372070312
2012-05-10,13.310612678527832
2012-05-11,13.223661422729492
2012-05-14,12.882532119750977
2012-05-15,12.675186157226562
2012-05-16,12.668496131896973
2012-05-17,12.501273155212402
2012-05-18,12.514652252197266
2012-05-21,12.869159698486328
2012-05-22,12.755451202392578
2012-05-23,12.621673583984375
2012-05-24,12.528031349182129
2012-05-25,12.528031349182129
2012-05-29,12.722009658813477
2012-05-30,12.313992500305176
2012-05-31,12.414321899414062
2012-06-01,12.073195457458496
2012-06-04,12.24041748046875
2012-06-05,12.313992500305176
2012-06-06,12.788890838623047
2012-06-07,12.701936721801758
2012-06-08,12.668496131896973
2012-06-11,12.507967948913574
2012-06-12,12.675186157226562
2012-06-13,12.548095703125
2012-06-14,12.681870460510254
2012-06-15,12.982866287231445
2012-06-18,12.808958053588867
2012-06-19,13.103264808654785
2012-06-20,13.163461685180664
2012-06-21,12.816604614257812
2012-06-22,12.933366775512695
2012-06-25,12.548734664916992
2012-06-26,12.548734664916992
2012-06-27,12.699840545654297
2012-06-28,12.692970275878906
2012-06-29,13.448504447937012
2012-07-02,13.592743873596191
2012-07-03,13.66142749786377
2012-07-05,13.228710174560547
2012-07-06,12.981447219848633
2012-07-09,12.974579811096191
2012-07-10,12.844080924987793
2012-07-11,12.850943565368652
2012-07-12,12.761656761169434
2012-07-13,12.947104454040527
2012-07-16,12.953975677490234
2012-07-17,13.07073974609375
2012-07-18,13.21497631072998
2012-07-19,13.324869155883789
2012-07-20,12.933366775512695
2012-07-23,12.555601119995117
2012-07-24,12.356416702270508
2012-07-25,12.486916542053223
2012-07-26,13.132552146911621
2012-07-27,13.585874557495117
2012-07-30,13.49658203125
2012-07-31,13.393555641174316
2012-08-01,13.434767723083496
2012-08-02,13.050135612487793
2012-08-03,13.819403648376465
2012-08-06,13.949901580810547
2012-08-07,14.169693946838379
2012-08-08,14.080403327941895
2012-08-09,14.059798240661621
2012-08-10,14.039196014404297
2012-08-13,14.01858901977539
2012-08-14,14.032330513000488
2012-08-15,14.004852294921875
2012-08-16,14.25898265838623
2012-08-17,14.238380432128906
2012-08-20,14.238380432128906
2012-08-21,14.430700302124023
2012-08-22,14.42382526397705
2012-08-23,14.25898265838623
2012-08-24,14.190300941467285
2012-08-27,14.272727012634277
2012-08-28,14.30019760131836
2012-08-29,14.162826538085938
2012-08-30,13.991119384765625
2012-08-31,14.155959129333496
2012-09-04,14.176565170288086
2012-09-05,14.190300941467285
2012-09-06,14.650489807128906
2012-09-07,14.95270824432373
2012-09-10,14.760384559631348
2012-09-11,15.021389961242676
2012-09-12,15.131287574768066
2012-09-13,15.254915237426758
2012-09-14,15.529656410217285
2012-09-17,15.406025886535645
2012-09-18,15.186234474182129
2012-09-19,15.268655776977539
2012-09-20,15.138153076171875
2012-09-21,15.165624618530273
2012-09-24,15.06259822845459
2012-09-25,14.918357849121094
2012-09-26,14.684832572937012
2012-09-27,14.86341667175293
2012-09-28,14.4100923538208
2012-10-01,14.65735912322998
2012-10-02,14.705437660217285
2012-10-03,14.616145133972168
2012-10-04,14.829071998596191
2012-10-05,14.938970565795898
2012-10-08,14.794724464416504
2012-10-09,14.492518424987793
2012-10-10,14.471912384033203
2012-10-11,14.616145133972168
2012-10-12,14.650489807128906
2012-10-15,14.829071998596191
2012-10-16,15.268655776977539
2012-10-17,15.406025886535645
2012-10-18,15.351076126098633
2012-10-19,15.124418258666992
2012-10-22,15.199966430664062
2012-10-23,14.801595687866211
2012-10-24,14.760384559631348
2012-10-25,14.746650695800781
2012-10-26,14.849676132202148
2012-10-31,14.829071998596191
2012-11-01,15.021389961242676
2012-11-02,14.856547355651855
2012-11-05,14.726038932800293
2012-11-06,14.904624938964844
2012-11-07,14.588674545288086
2012-11-08,14.430700302124023
2012-11-09,14.492518424987793
2012-11-12,14.492518424987793
2012-11-13,14.416961669921875
2012-11-14,14.320801734924316
2012-11-15,14.382620811462402
2012-11-16,14.272727012634277
2012-11-19,14.691701889038086
2012-11-20,14.808465003967285
2012-11-21,14.849676132202148
2012-11-23,15.241179466247559
2012-11-26,15.186234474182129
2012-11-27,15.048866271972656
2012-11-28,15.220580101013184
2012-11-29,15.378548622131348
2012-11-30,15.406025886535645
2012-12-03,15.467842102050781
2012-12-04,15.605213165283203
2012-12-05,15.673897743225098
2012-12-06,15.59833812713623
2012-12-07,15.56400203704834
2012-12-10,15.618949890136719
2012-12-11,15.80439567565918
2012-12-12,15.866211891174316
2012-12-13,15.825006484985352
2012-12-14,15.94863510131836
2012-12-17,15.982977867126465
2012-12-18,16.12308692932129
2012-12-19,16.129993438720703
2012-12-20,16.254226684570312
2012-12-21,16.15760040283203
2012-12-24,16.040266036987305
2012-12-26,16.019559860229492
2012-12-27,16.185203552246094
2012-12-28,15.909120559692383
2012-12-31,16.28183364868164
2013-01-02,16.37155532836914
2013-01-03,16.12308692932129
2013-01-04,16.22661781311035
2013-01-07,16.185203552246094
2013-01-08,16.164501190185547
2013-01-09,16.109285354614258
2013-01-10,16.330148696899414
2013-01-11,16.433683395385742
2013-01-14,16.51650047302246
2013-01-15,16.419872283935547
2013-01-16,16.330148696899414
2013-01-17,16.606225967407227
2013-01-18,16.613130569458008
2013-01-22,16.606225967407227
2013-01-23,16.537206649780273
2013-01-24,16.633840560913086
2013-01-25,16.965129852294922
2013-01-28,16.93752670288086
2013-01-29,16.999645233154297
2013-01-30,16.93752670288086
2013-01-31,16.792585372924805
2013-02-01,17.165292739868164
2013-02-04,16.440576553344727
2013-02-05,16.68214988708496
2013-02-06,16.45438575744629
2013-02-07,16.15760040283203
2013-02-08,16.28183364868164
2013-02-11,16.323246002197266
2013-02-12,16.502702713012695
2013-02-13,16.564817428588867
2013-02-14,16.38536262512207
2013-02-15,16.337053298950195
2013-02-19,16.716657638549805
2013-02-20,16.40607261657715
2013-02-21,16.033363342285156
2013-02-22,16.426776885986328
2013-02-25,15.771084785461426
2013-02-26,15.902231216430664
2013-02-27,16.28183364868164
2013-02-28,16.19900894165039
2013-03-01,16.136892318725586
2013-03-04,16.240421295166016
2013-03-05,16.447481155395508
2013-03-06,16.419872283935547
2013-03-07,16.626937866210938
2013-03-08,16.68214988708496
2013-03-11,16.709758758544922
2013-03-12,16.66834831237793
2013-03-13,16.606225967407227
2013-03-14,16.771873474121094
2013-03-15,16.72356605529785
2013-03-18,16.4888916015625
2013-03-19,16.30254364013672
2013-03-20,16.51650047302246
2013-03-21,16.247323989868164
2013-03-22,16.440576553344727
2013-03-25,16.005752563476562
2013-03-26,16.136892318725586
2013-03-27,15.867715835571289
2013-03-28,16.019559860229492
2013-04-01,15.922932624816895
2013-04-02,16.171401977539062
2013-04-03,16.11618995666504
2013-04-04,16.143795013427734
2013-04-05,15.998855590820312
2013-04-08,16.033363342285156
2013-04-09,16.095481872558594
2013-04-10,16.330148696899414
2013-04-11,16.481990814208984
2013-04-12,16.419872283935547
2013-04-15,16.005752563476562
2013-04-16,16.28183364868164
2013-04-17,15.743480682373047
2013-04-18,15.68825912475586
2013-04-19,15.888418197631836
2013-04-22,15.998855590820312
2013-04-23,16.412979125976562
2013-04-24,16.640737533569336
2013-04-25,16.5786190032959
2013-04-26,16.592430114746094
2013-04-29,16.95823097229004
2013-04-30,16.930625915527344
2013-05-01,16.751174926757812
2013-05-02,16.916818618774414
2013-05-03,17.15838623046875
2013-05-06,17.137685775756836
2013-05-07,17.192899703979492
2013-05-08,17.44137954711914
2013-05-09,17.20670509338379
2013-05-10,17.310230255126953
2013-05-13,17.255020141601562
2013-05-14,17.282625198364258
2013-05-15,17.28952980041504
2013-05-16,17.19980812072754
2013-05-17,17.386157989501953
2013-05-20,17.448274612426758
2013-05-21,17.572509765625
2013-05-22,17.413759231567383
2013-05-23,17.399965286254883
2013-05-24,17.379255294799805
2013-05-28,17.572509765625
2013-05-29,17.455181121826172
2013-05-30,17.620820999145508
2013-05-31,17.255020141601562
2013-06-03,17.42756462097168
2013-06-04,17.310230255126953
2013-06-05,17.020353317260742
2013-06-06,17.19980812072754
2013-06-07,17.33094024658203
2013-06-10,17.32404136657715
2013-06-11,17.137685775756836
2013-06-12,17.11698341369629
2013-06-13,17.365455627441406
2013-06-14,17.19980812072754
2013-06-17,17.4827823638916
2013-06-18,17.57941246032715
2013-06-19,17.192899703979492
2013-06-20,16.564817428588867
2013-06-21,16.433683395385742
2013-06-24,16.143795013427734
2013-06-25,16.3094425201416
2013-06-26,16.468191146850586
2013-06-27,16.630111694335938
2013-06-28,16.48162841796875
2013-07-01,16.658388137817383
2013-07-02,16.453344345092773
2013-07-03,16.403846740722656
2013-07-05,16.509910583496094
2013-07-08,16.743234634399414
2013-07-09,16.736167907714844
2013-07-10,16.84929656982422
2013-07-11,17.280603408813477
2013-07-12,17.12504768371582
2013-07-15,17.224040985107422
2013-07-16,17.23818016052246
2013-07-17,17.245250701904297
2013-07-18,17.464441299438477
2013-07-19,17.492725372314453
2013-07-22,17.619998931884766
2013-07-23,17.641206741333008
2013-07-24,17.7967586517334
2013-07-25,17.9876708984375
2013-07-26,18.03716278076172
2013-07-29,17.952312469482422
2013-07-30,17.952312469482422
2013-07-31,18.00181007385254
2013-08-01,18.213924407958984
2013-08-02,18.31291961669922
2013-08-05,18.277563095092773
2013-08-06,18.235139846801758
2013-08-07,18.319982528686523
2013-08-08,18.517961502075195
2013-08-09,18.517961502075195
2013-08-12,18.404834747314453
2013-08-13,18.475540161132812
2013-08-14,18.546247482299805
2013-08-15,18.5321044921875
2013-08-16,18.60280990600586
2013-08-19,18.433116912841797
2013-08-20,18.397762298583984
2013-08-21,18.235139846801758
2013-08-22,18.418973922729492
2013-08-23,18.517961502075195
2013-08-26,18.404834747314453
2013-08-27,17.945241928100586
2013-08-28,17.902816772460938
2013-08-29,17.860393524169922
2013-08-30,17.627063751220703
2013-09-03,17.775548934936523
2013-09-04,17.839181900024414
2013-09-05,17.853321075439453
2013-09-06,18.058374404907227
2013-09-09,18.228069305419922
2013-09-10,18.517961502075195
2013-09-11,18.624021530151367
2013-09-12,18.51089096069336
2013-09-13,18.581600189208984
2013-09-16,18.730085372924805
2013-09-17,18.793718338012695
2013-09-18,19.34522247314453
2013-09-19,19.246238708496094
2013-09-20,19.18967056274414
2013-09-23,19.097749710083008
2013-09-24,19.118968963623047
2013-09-25,19.168460845947266
2013-09-26,19.154319763183594
2013-09-27,19.18967056274414
2013-09-30,19.005828857421875
2013-10-01,19.239168167114258
2013-10-02,19.203813552856445
2013-10-03,19.03412437438965
2013-10-04,19.126039505004883
2013-10-07,19.08361053466797
2013-10-08,18.92806053161621
2013-10-09,18.942201614379883
2013-10-10,19.380578994750977
2013-10-11,19.39472007751465
2013-10-14,19.45128631591797
2013-10-15,19.352298736572266
2013-10-16,19.373506546020508
2013-10-17,19.64219093322754
2013-10-18,19.833099365234375
2013-10-21,19.78360366821289
2013-10-22,19.96744155883789
2013-10-23,19.87552261352539
2013-10-24,19.953298568725586
2013-10-25,19.96036720275879
2013-10-28,19.82602882385254
2013-10-29,19.896732330322266
2013-10-30,19.804819107055664
2013-10-31,19.727041244506836
2013-11-01,19.57855987548828
2013-11-04,19.670473098754883
2013-11-05,19.380578994750977
2013-11-06,19.628049850463867
2013-11-07,19.30987548828125
2013-11-08,19.366436004638672
2013-11-11,19.49370574951172
2013-11-12,19.40886116027832
2013-11-13,19.472492218017578
2013-11-14,19.52199363708496
2013-11-15,19.628049850463867
2013-11-18,19.67754554748535
2013-11-19,19.57855987548828
2013-11-20,19.331087112426758
2013-11-21,19.458358764648438
2013-11-22,19.649261474609375
2013-11-25,19.62097930908203
2013-11-26,19.68461799621582
2013-11-27,19.71289825439453
2013-11-29,19.74825096130371
2013-12-02,19.59976577758789
2013-12-03,19.28158950805664
2013-12-04,19.147249221801758
2013-12-05,19.04826545715332
2013-12-06,19.295732498168945
2013-12-09,19.30280303955078
2013-12-10,19.182601928710938
2013-12-11,19.126039505004883
2013-12-12,19.055326461791992
2013-12-13,19.04826545715332
2013-12-16,19.28158950805664
2013-12-17,19.118968963623047
2013-12-18,19.404497146606445
2013-12-19,19.44710922241211
2013-12-20,19.525239944458008
2013-12-23,19.674396514892578
2013-12-24,19.766727447509766
2013-12-26,19.894580841064453
2013-12-27,19.994016647338867
2013-12-30,20.12896728515625
2013-12-31,20.207094192504883
2014-01-02,19.72411346435547
2014-01-03,19.638879776000977
2014-01-06,19.62467384338379
2014-01-07,19.766727447509766
2014-01-08,19.717012405395508
2014-01-09,19.66019058227539
2014-01-10,19.866165161132812
2014-01-13,19.745420455932617
2014-01-14,19.97270965576172
2014-01-15,20.107656478881836
2014-01-16,20.09345054626465
2014-01-17,19.90167999267578
2014-01-21,20.043729782104492
2014-01-22,19.994016647338867
2014-01-23,19.979806900024414
2014-01-24,19.312164306640625
2014-01-27,19.319259643554688
2014-01-28,19.582059860229492
2014-01-29,19.319259643554688
2014-01-30,19.411592483520508
2014-01-31,19.09197425842285
2014-02-03,18.758153915405273
2014-02-04,19.01384735107422
2014-02-05,19.04935646057129
2014-02-06,19.44001007080078
2014-02-07,19.745420455932617
2014-02-10,19.674396514892578
2014-02-11,19.951400756835938
2014-02-12,19.951400756835938
2014-02-13,20.164474487304688
2014-02-14,20.256813049316406
2014-02-18,20.27812385559082
2014-02-19,20.164474487304688
2014-02-20,20.356246948242188
2014-02-21,20.448585510253906
2014-02-24,20.626148223876953
2014-02-25,20.626148223876953
2014-02-26,20.484100341796875
2014-02-27,20.58353614807129
2014-02-28,20.633255004882812
2014-03-03,20.136072158813477
2014-03-04,20.54802131652832
2014-03-05,20.5693302154541
2014-03-06,20.860546112060547
2014-03-07,20.775306701660156
2014-03-10,20.74689483642578
2014-03-11,20.56222915649414
2014-03-12,20.505407333374023
2014-03-13,20.022432327270508
2014-03-14,20.01532745361328
2014-03-17,20.306533813476562
2014-03-18,20.54802131652832
2014-03-19,20.221302032470703
2014-03-20,20.370458602905273
2014-03-21,20.292329788208008
2014-03-24,20.320737838745117
2014-03-25,20.633255004882812
2014-03-26,20.597742080688477
2014-03-27,20.60485076904297
2014-03-28,20.725589752197266
2014-03-31,20.739795684814453
2014-04-01,20.945775985717773
2014-04-02,20.910263061523438
2014-04-03,20.924463272094727
2014-04-04,20.888952255249023
2014-04-07,20.853437423706055
2014-04-08,20.853437423706055
2014-04-09,21.144649505615234
2014-04-10,20.739795684814453
2014-04-11,20.640356063842773
2014-04-14,20.704280853271484
2014-04-15,20.647459030151367
2014-04-16,20.896055221557617
2014-04-17,20.98838996887207
2014-04-21,21.031003952026367
2014-04-22,21.151752471923828
2014-04-23,21.073617935180664
2014-04-24,21.165956497192383
2014-04-25,21.087827682495117
2014-04-28,21.151752471923828
2014-04-29,21.236980438232422
2014-04-30,21.336421966552734
2014-05-01,21.379039764404297
2014-05-02,21.272499084472656
2014-05-05,21.300907135009766
2014-05-06,21.151752471923828
2014-05-07,21.336421966552734
2014-05-08,21.336421966552734
2014-05-09,21.21567726135254
2014-05-12,21.371938705444336
2014-05-13,21.357728958129883
2014-05-14,21.300907135009766
2014-05-15,21.094928741455078
2014-05-16,21.116233825683594
2014-05-19,21.173057556152344
2014-05-20,21.05231285095215
2014-05-21,21.180160522460938
2014-05-22,21.151752471923828
2014-05-23,21.20147132873535
2014-05-27,21.428752899169922
2014-05-28,21.329317092895508
2014-05-29,21.393245697021484
2014-05-30,21.450061798095703
2014-06-02,21.421649932861328
2014-06-03,21.315114974975586
2014-06-04,21.308008193969727
2014-06-05,21.65604019165039
2014-06-06,21.826507568359375
2014-06-09,21.727069854736328
2014-06-10,21.670246124267578
2014-06-11,21.442962646484375
2014-06-12,21.442962646484375
2014-06-13,21.371938705444336
2014-06-16,21.315114974975586
2014-06-17,21.379039764404297
2014-06-18,21.535295486450195
2014-06-19,21.58501625061035
2014-06-20,21.471370697021484
2014-06-23,21.414541244506836
2014-06-24,21.279598236083984
2014-06-25,21.216514587402344
2014-06-26,21.173009872436523
2014-06-27,21.18750762939453
2014-06-30,21.136749267578125
2014-07-01,21.252769470214844
2014-07-02,21.19475746154785
2014-07-03,21.281774520874023
2014-07-07,20.984485626220703
2014-07-08,20.66543197631836
2014-07-09,20.75244903564453
2014-07-10,20.469655990600586
2014-07-11,20.520418167114258
2014-07-14,20.629180908203125
2014-07-15,20.418901443481445
2014-07-16,20.585676193237305
2014-07-17,20.237627029418945
2014-07-18,20.484159469604492
2014-07-21,20.33913803100586
2014-07-22,20.49140739440918
2014-07-23,20.50591468811035
2014-07-24,20.65818214416504
2014-07-25,20.32463836669922
2014-07-28,20.346389770507812
2014-07-29,20.33913803100586
2014-07-30,20.18686866760254
2014-07-31,19.74455451965332
2014-08-01,19.650293350219727
2014-08-04,19.79531478881836
2014-08-05,19.534278869628906
2014-08-06,19.51252555847168
2014-08-07,19.215229034423828
2014-08-08,19.490766525268555
2014-08-11,19.461767196655273
2014-08-12,19.403759002685547
2014-08-13,19.476266860961914
2014-08-14,19.58502960205078
2014-08-15,19.556026458740234
2014-08-18,19.679292678833008
2014-08-19,19.722803115844727
2014-08-20,19.563282012939453
2014-08-21,19.780807495117188
2014-08-22,19.60678482055664
2014-08-25,19.860572814941406
2014-08-26,20.04909324645996
2014-08-27,20.107105255126953
2014-08-28,19.991092681884766
2014-08-29,19.991092681884766
2014-09-02,19.976593017578125
2014-09-03,20.165115356445312
2014-09-04,20.157861709594727
2014-09-05,20.21586799621582
2014-09-08,19.991092681884766
2014-09-09,19.976593017578125
2014-09-10,20.020095825195312
2014-09-11,19.94033432006836
2014-09-12,19.94758415222168
2014-09-15,19.918581008911133
2014-09-16,19.94033432006836
2014-09-17,19.838815689086914
2014-09-18,19.96933937072754
2014-09-19,19.83156394958496
2014-09-22,19.7735595703125
2014-09-23,19.440013885498047
2014-09-24,19.59228515625
2014-09-25,19.215229034423828
2014-09-26,19.396501541137695
2014-09-29,19.178970336914062
2014-09-30,19.251487731933594
2014-10-01,19.019454956054688
2014-10-02,18.75841522216797
2014-10-03,18.627897262573242
2014-10-06,18.787418365478516
2014-10-07,18.337854385375977
2014-10-08,18.678653717041016
2014-10-09,18.033309936523438
2014-10-10,17.79403305053711
2014-10-13,17.815778732299805
2014-10-14,17.895544052124023
2014-10-15,17.678010940551758
2014-10-16,17.42422866821289
2014-10-17,17.837533950805664
2014-10-20,17.881040573120117
2014-10-21,18.22184181213379
2014-10-22,17.946298599243164
2014-10-23,18.250844955444336
2014-10-24,18.32335662841797
2014-10-27,18.178333282470703
2014-10-28,18.374107360839844
2014-10-29,18.134828567504883
2014-10-30,18.27259635925293
2014-10-31,18.526378631591797
2014-11-03,18.30160140991211
2014-11-04,18.19283676147461
2014-11-05,18.32335662841797
2014-11-06,18.30160140991211
2014-11-07,18.24359130859375
2014-11-10,18.32335662841797
2014-11-11,18.46837043762207
2014-11-12,18.20008659362793
2014-11-13,18.27259635925293
2014-11-14,18.374107360839844
2014-11-17,18.395864486694336
2014-11-18,18.71491050720215
2014-11-19,18.71491050720215
2014-11-20,18.53363609313965
2014-11-21,18.772918701171875
2014-11-24,19.0484561920166
2014-11-25,19.10646629333496
2014-11-26,19.178970336914062
2014-11-28,19.07745933532715
2014-12-01,19.099212646484375
2014-12-02,19.03394889831543
2014-12-03,18.946941375732422
2014-12-04,18.881683349609375
2014-12-05,18.997697830200195
2014-12-08,18.82366943359375
2014-12-09,18.63515281677246
2014-12-10,18.352359771728516
2014-12-11,18.207340240478516
2014-12-12,17.859291076660156
2014-12-15,17.503986358642578
2014-12-16,17.69976234436035
2014-12-17,18.013648986816406
2014-12-18,18.423383712768555
2014-12-19,18.313640594482422
2014-12-22,18.37217140197754
2014-12-23,18.452653884887695
2014-12-24,18.598981857299805
2014-12-26,18.591665267944336
2014-12-29,18.438018798828125
2014-12-30,18.167301177978516
2014-12-31,18.03559684753418
2015-01-02,17.94048309326172
2015-01-05,17.296615600585938
2015-01-06,17.106382369995117
2015-01-07,17.274667739868164
2015-01-08,17.58928680419922
2015-01-09,17.450265884399414
2015-01-12,17.552701950073242
2015-01-13,17.611230850219727
2015-01-14,17.611230850219727
2015-01-15,17.59659767150879
2015-01-16,17.94048309326172
2015-01-20,18.094131469726562
2015-01-21,18.26973533630371
2015-01-22,18.350217819213867
2015-01-23,18.25510025024414
2015-01-26,18.591665267944336
2015-01-27,18.577030181884766
2015-01-28,18.094131469726562
2015-01-29,18.61362075805664
2015-01-30,18.25510025024414
2015-02-02,18.525814056396484
2015-02-03,18.979448318481445
2015-02-04,18.62824821472168
2015-02-05,19.023351669311523
2015-02-06,18.5843505859375
2015-02-09,18.518503189086914
2015-02-10,18.774581909179688
2015-02-11,18.66483497619629
2015-02-12,19.133102416992188
2015-02-13,19.15505027770996
2015-02-17,19.19895362854004
2015-02-18,19.257484436035156
2015-02-19,19.264799118041992
2015-02-20,19.513568878173828
2015-02-23,19.381874084472656
2015-02-24,19.528202056884766
2015-02-25,19.47698974609375
2015-02-26,19.294069290161133
2015-02-27,19.389183044433594
2015-03-02,19.389183044433594
2015-03-03,19.220901489257812
2015-03-04,19.140413284301758
2015-03-05,19.257484436035156
2015-03-06,18.884336471557617
2015-03-09,18.891651153564453
2015-03-10,18.41606903076172
2015-03-11,18.54776954650879
2015-03-12,18.679466247558594
2015-03-13,18.540449142456055
2015-03-16,18.862384796142578
2015-03-17,18.76726531982422
2015-03-18,19.16236686706543
2015-03-19,18.8184814453125
2015-03-20,19.33065414428711
2015-03-23,19.425769805908203
2015-03-24,19.469663619995117
2015-03-25,19.30138397216797
2015-03-26,19.125783920288086
2015-03-27,19.33065414428711
2015-03-30,19.30138397216797
2015-03-31,19.00872039794922
2015-04-01,19.21358299255371
2015-04-02,19.43308448791504
2015-04-06,19.637954711914062
2015-04-07,19.55014991760254
2015-04-08,19.54283332824707
2015-04-09,19.572099685668945
2015-04-10,19.572099685668945
2015-04-13,19.47698974609375
2015-04-14,19.594051361083984
2015-04-15,19.71843147277832
2015-04-16,19.755020141601562
2015-04-17,19.513568878173828
2015-04-20,19.52088165283203
2015-04-21,19.681852340698242
2015-04-22,19.711124420166016
2015-04-23,19.80623435974121
2015-04-24,19.872087478637695
2015-04-27,20.113534927368164
2015-04-28,20.055002212524414
2015-04-29,19.813552856445312
2015-04-30,19.872087478637695
2015-05-01,20.1281681060791
2015-05-04,20.003786087036133
2015-05-05,19.66721534729004
2015-05-06,19.91598129272461
2015-05-07,19.755020141601562
2015-05-08,20.15011978149414
2015-05-11,19.864768981933594
2015-05-12,19.791603088378906
2015-05-13,19.95256996154785
2015-05-14,20.34766960144043
2015-05-15,20.391572952270508
2015-05-18,20.19401741027832
2015-05-19,20.2305965423584
2015-05-20,20.274505615234375
2015-05-21,20.340349197387695
2015-05-22,20.164751052856445
2015-05-26,19.733068466186523
2015-05-27,20.09158706665039
2015-05-28,20.062318801879883
2015-05-29,19.70380210876465
2015-06-01,19.645265579223633
2015-06-02,19.93793487548828
2015-06-03,20.201337814331055
2015-06-04,19.872087478637695
2015-06-05,19.535518646240234
2015-06-08,19.513568878173828
2015-06-09,19.48430061340332
2015-06-10,19.945253372192383
2015-06-11,20.025739669799805
2015-06-12,19.733068466186523
2015-06-15,19.48430061340332
2015-06-16,19.47698974609375
2015-06-17,19.35991668701172
2015-06-18,19.56478500366211
2015-06-19,19.513568878173828
2015-06-22,20.215967178344727
2015-06-23,20.201337814331055
2015-06-24,20.069631576538086
2015-06-25,20.082279205322266
2015-06-26,20.17901039123535
2015-06-29,19.38286590576172
2015-06-30,19.14476776123047
2015-07-01,19.286136627197266
2015-07-02,19.189403533935547
2015-07-06,18.56439208984375
2015-07-07,18.59415626525879
2015-07-08,18.28908920288086
2015-07-09,18.653684616088867
2015-07-10,19.650728225708008
2015-07-13,19.620967864990234
2015-07-14,19.777219772338867
2015-07-15,19.68048667907715
2015-07-16,19.888832092285156
2015-07-17,19.836746215820312
2015-07-20,19.896268844604492
2015-07-21,19.92603302001953
2015-07-22,19.836746215820312
2015-07-23,19.85906410217285
2015-07-24,19.725133895874023
2015-07-27,19.509353637695312
2015-07-28,19.725133895874023
2015-07-29,19.74745750427246
2015-07-30,19.71769142150879
2015-07-31,19.92603302001953
2015-08-03,19.978113174438477
2015-08-04,19.918590545654297
2015-08-05,20.141809463500977
2015-08-06,20.216211318969727
2015-08-07,20.193889617919922
2015-08-10,20.4171142578125
2015-08-11,20.141809463500977
2015-08-12,19.911149978637695
2015-08-13,19.836746215820312
2015-08-14,19.80698585510254
2015-08-17,19.80698585510254
2015-08-18,19.606082916259766
2015-08-19,19.48703384399414
2015-08-20,19.003389358520508
2015-08-21,18.70577049255371
2015-08-24,18.15515899658203
2015-08-25,18.229564666748047
2015-08-26,18.616477966308594
2015-08-27,18.79505157470703
2015-08-28,18.646242141723633
2015-08-31,18.616477966308594
2015-09-01,18.1700382232666
2015-09-02,18.415576934814453
2015-09-03,18.400697708129883
2015-09-04,17.9989013671875
2015-09-08,18.497426986694336
2015-09-09,18.408140182495117
2015-09-10,18.623926162719727
2015-09-11,18.56439208984375
2015-09-14,18.34117317199707
2015-09-15,18.4825496673584
2015-09-16,18.735525131225586
2015-09-17,18.951305389404297
2015-09-18,18.333730697631836
2015-09-21,18.326297760009766
2015-09-22,17.78312873840332
2015-09-23,17.76824188232422
2015-09-24,17.6789608001709
2015-09-25,17.887298583984375
2015-09-28,17.500383377075195
2015-09-29,17.597108840942383
2015-09-30,17.909618377685547
2015-10-01,17.902179718017578
2015-10-02,18.222122192382812
2015-10-05,18.638803482055664
2015-10-06,18.78017234802246
2015-10-07,18.943866729736328
2015-10-08,19.092674255371094
2015-10-09,19.129886627197266
2015-10-12,19.070362091064453
2015-10-13,18.89177894592285
2015-10-14,19.018274307250977
2015-10-15,19.211729049682617
2015-10-16,19.189403533935547
2015-10-19,19.122447967529297
2015-10-20,19.010828018188477
2015-10-21,19.003389358520508
2015-10-22,19.19685173034668
2015-10-23,19.494474411010742
2015-10-26,19.367984771728516
2015-10-27,19.19685173034668
2015-10-28,19.27125358581543
2015-10-29,19.17452621459961
2015-10-30,19.189403533935547
2015-11-02,19.464706420898438
2015-11-03,19.38286590576172
2015-11-04,19.234052658081055
2015-11-05,19.367984771728516
2015-11-06,19.21917152404785
2015-11-09,18.943866729736328
2015-11-10,18.862022399902344
2015-11-11,18.951305389404297
2015-11-12,18.653684616088867
2015-11-13,18.452783584594727
2015-11-16,18.616477966308594
2015-11-17,18.668561935424805
2015-11-18,18.83969497680664
2015-11-19,18.89177894592285
2015-11-20,18.735525131225586
2015-11-23,18.57927703857422
2015-11-24,18.445343017578125
2015-11-25,18.55695343017578
2015-11-27,18.70577049255371
2015-11-30,18.742971420288086
2015-12-01,18.809934616088867
2015-12-02,18.571834564208984
2015-12-03,18.423023223876953
2015-12-04,18.668561935424805
2015-12-07,18.653684616088867
2015-12-08,18.400697708129883
2015-12-09,18.25188636779785
2015-12-10,18.214683532714844
2015-12-11,17.909618377685547
2015-12-14,17.931941986083984
2015-12-15,18.11051368713379
2015-12-16,18.437902450561523
2015-12-17,18.1700382232666
2015-12-18,17.902179718017578
2015-12-21,18.01561164855957
2015-12-22,18.127561569213867
2015-12-23,18.426076889038086
2015-12-24,18.366371154785156
2015-12-28,18.291746139526367
2015-12-29,18.47545051574707
2015-12-30,18.341032028198242
2015-12-31,18.07965850830078
2016-01-04,17.788410186767578
2016-01-05,17.61665153503418
2016-01-06,17.3403377532959
2016-01-07,17.101375579833984
2016-01-08,16.959476470947266
2016-01-11,16.996816635131836
2016-01-12,17.220857620239258
2016-01-13,16.892269134521484
2016-01-14,17.0416316986084
2016-01-15,16.511411666870117
2016-01-19,16.720508575439453
2016-01-20,16.369518280029297
2016-01-21,16.4890079498291
2016-01-22,16.996816635131836
2016-01-25,16.795188903808594
2016-01-26,17.161113739013672
2016-01-27,17.0416316986084
2016-01-28,17.131240844726562
2016-01-29,17.392610549926758
2016-02-01,17.385150909423828
2016-02-02,16.86986541748047
2016-02-03,17.176048278808594
2016-02-04,17.235790252685547
2016-02-05,16.989347457885742
2016-02-08,16.593551635742188
2016-02-09,16.436729431152344
2016-02-10,16.4890079498291
2016-02-11,16.19775390625
2016-02-12,16.339645385742188
2016-02-16,16.7429141998291
2016-02-17,17.116304397583008
2016-02-18,17.011754989624023
2016-02-19,17.02669334411621
2016-02-22,17.153642654418945
2016-02-23,16.88479995727539
2016-02-24,16.854930877685547
2016-02-25,17.07896614074707
2016-02-26,16.996816635131836
2016-02-29,16.952011108398438
2016-03-01,17.385150909423828
2016-03-02,17.362741470336914
2016-03-03,17.549440383911133
2016-03-04,17.64651870727539
2016-03-07,17.653987884521484
2016-03-08,17.48969841003418
2016-03-09,17.57931137084961
2016-03-10,17.61665153503418
2016-03-11,18.15433692932129
2016-03-14,18.109525680541992
2016-03-15,18.012449264526367
2016-03-16,18.191675186157227
2016-03-17,18.191675186157227
2016-03-18,18.251419067382812
2016-03-21,18.116992950439453
2016-03-22,18.027379989624023
2016-03-23,17.900426864624023
2016-03-24,17.691329956054688
2016-03-28,17.728668212890625
2016-03-29,18.019912719726562
2016-03-30,18.266357421875
2016-03-31,18.057252883911133
2016-04-01,17.900426864624023
2016-04-04,17.907896041870117
2016-04-05,17.519569396972656
2016-04-06,17.788410186767578
2016-04-07,17.452354431152344
2016-04-08,17.73613739013672
2016-04-11,17.74360466003418
2016-04-12,17.975107192993164
2016-04-13,18.318626403808594
2016-04-14,18.32609748840332
2016-04-15,18.281286239624023
2016-04-18,18.423175811767578
2016-04-19,18.744293212890625
2016-04-20,18.721891403198242
2016-04-21,18.62481117248535
2016-04-22,18.587467193603516
2016-04-25,18.57253646850586
2016-04-26,18.609878540039062
2016-04-27,18.744293212890625
2016-04-28,18.565065383911133
2016-04-29,18.482919692993164
2016-05-02,18.677080154418945
2016-05-03,18.348499298095703
2016-05-04,18.139402389526367
2016-05-05,18.019912719726562
2016-05-06,18.094594955444336
2016-05-09,18.057252883911133
2016-05-10,18.273818969726562
2016-05-11,18.169267654418945
2016-05-12,18.116992950439453
2016-05-13,17.86309051513672
2016-05-16,18.04978370666504
2016-05-17,17.855621337890625
2016-05-18,17.82575225830078
2016-05-19,17.758541107177734
2016-05-20,17.967641830444336
2016-05-23,17.878028869628906
2016-05-24,18.221542358398438
2016-05-25,18.400772094726562
2016-05-26,18.55759620666504
2016-05-27,18.482919692993164
2016-05-31,18.445581436157227
2016-06-01,18.4381103515625
2016-06-02,18.47545051574707
2016-06-03,18.565065383911133
2016-06-06,18.632282257080078
2016-06-07,18.7741641998291
2016-06-08,18.7741641998291
2016-06-09,18.460514068603516
2016-06-10,17.87055778503418
2016-06-13,17.586780548095703
2016-06-14,17.183517456054688
2016-06-15,17.317935943603516
2016-06-16,17.422489166259766
2016-06-17,17.653987884521484
2016-06-20,18.07965850830078
2016-06-21,18.258886337280273
2016-06-22,18.24662971496582
2016-06-23,18.920732498168945
2016-06-24,16.77586555480957
2016-06-27,16.38519859313965
2016-06-28,16.88311195373535
2016-06-29,17.181865692138672
2016-06-30,17.51890754699707
2016-07-01,17.53422737121582
2016-07-05,16.990354537963867
2016-07-06,16.929067611694336
2016-07-07,16.81416893005371
2016-07-08,17.12057876586914
2016-07-11,17.381025314331055
2016-07-12,17.7027530670166
2016-07-13,17.794677734375
2016-07-14,17.9785213470459
2016-07-15,17.83298110961914
2016-07-18,17.809999465942383
2016-07-19,17.649133682250977
2016-07-20,17.794677734375
2016-07-21,17.764034271240234
2016-07-22,17.787015914916992
2016-07-25,17.794677734375
2016-07-26,17.901914596557617
2016-07-27,18.13172721862793
2016-07-28,18.22364616394043
2016-07-29,18.346208572387695
2016-08-01,18.154706954956055
2016-08-02,18.00916290283203
2016-08-03,17.894258499145508
2016-08-04,17.947879791259766
2016-08-05,18.06278419494629
2016-08-08,18.08576202392578
2016-08-09,18.261951446533203
2016-08-10,18.36919403076172
2016-08-11,18.522397994995117
2016-08-12,18.54537582397461
2016-08-15,18.57601547241211
2016-08-16,18.57601547241211
2016-08-17,18.514734268188477
2016-08-18,18.62197494506836
2016-08-19,18.476436614990234
2016-08-22,18.43813133239746
2016-08-23,18.4457950592041
2016-08-24,18.4151554107666
2016-08-25,18.323230743408203
2016-08-26,18.28493309020996
2016-08-29,18.330890655517578
2016-08-30,18.323230743408203
2016-08-31,18.28493309020996
2016-09-01,18.461118698120117
2016-09-02,18.744537353515625
2016-09-06,18.844127655029297
2016-09-07,18.88242530822754
2016-09-08,18.874765396118164
2016-09-09,18.499414443969727
2016-09-12,18.64495849609375
2016-09-13,18.269611358642578
2016-09-14,18.17002296447754
2016-09-15,18.238969802856445
2016-09-16,17.955541610717773
2016-09-19,18.11640167236328
2016-09-20,18.154706954956055
2016-09-21,18.39983367919922
2016-09-22,18.675601959228516
2016-09-23,18.55303382873535
2016-09-26,18.338550567626953
2016-09-27,18.330890655517578
2016-09-28,18.56069564819336
2016-09-29,18.231307983398438
2016-09-30,18.507080078125
2016-10-03,18.453453063964844
2016-10-04,18.491756439208984
2016-10-05,18.591339111328125
2016-10-06,18.507080078125
2016-10-07,18.39983367919922
2016-10-10,18.491756439208984
2016-10-11,18.238969802856445
2016-10-12,18.177684783935547
2016-10-13,18.11640167236328
2016-10-14,18.177684783935547
2016-10-17,18.17002296447754
2016-10-18,18.353872299194336
2016-10-19,18.36919403076172
2016-10-20,18.392175674438477
2016-10-21,18.330890655517578
2016-10-24,18.392175674438477
2016-10-25,18.323230743408203
2016-10-26,18.254287719726562
2016-10-27,18.307905197143555
2016-10-28,18.430471420288086
2016-10-31,18.422813415527344
2016-11-01,18.346208572387695
2016-11-02,18.22364616394043
2016-11-03,18.231307983398438
2016-11-04,18.02448272705078
2016-11-07,18.300249099731445
2016-11-08,18.37685203552246
2016-11-09,18.43813133239746
2016-11-10,18.307905197143555
2016-11-11,18.093427658081055
2016-11-14,17.9785213470459
2016-11-15,18.093427658081055
2016-11-16,17.863615036010742
2016-11-17,17.909574508666992
2016-11-18,17.733394622802734
2016-11-21,17.940221786499023
2016-11-22,17.98617935180664
2016-11-23,17.779354095458984
2016-11-25,17.901914596557617
2016-11-28,17.725730895996094
2016-11-29,18.001502990722656
2016-11-30,17.96320152282715
2016-12-01,17.97085952758789
2016-12-02,17.917238235473633
2016-12-05,18.292585372924805
2016-12-06,18.530054092407227
2016-12-07,18.867107391357422
2016-12-08,18.667945861816406
2016-12-09,18.7215633392334
2016-12-12,18.736881256103516
2016-12-13,18.890087127685547
2016-12-14,18.599002838134766
2016-12-15,18.583677291870117
2016-12-16,18.660282135009766
2016-12-19,18.568357467651367
2016-12-20,18.637298583984375
2016-12-21,18.71186637878418
2016-12-22,18.734933853149414
2016-12-23,18.78105926513672
2016-12-27,18.804122924804688
2016-12-28,18.673431396484375
2016-12-29,18.827186584472656
2016-12-30,18.965564727783203
2017-01-03,18.9578800201416
2017-01-04,19.088565826416016
2017-01-05,19.2653865814209
2017-01-06,19.188508987426758
2017-01-09,19.16544532775879
2017-01-10,19.150070190429688
2017-01-11,19.242324829101562
2017-01-12,19.311511993408203
2017-01-13,19.403764724731445
2017-01-17,19.388391494750977
2017-01-18,19.250009536743164
2017-01-19,19.21925926208496
2017-01-20,19.357633590698242
2017-01-23,19.388391494750977
2017-01-24,19.403764724731445
2017-01-25,19.56520652770996
2017-01-26,19.357633590698242
2017-01-27,19.326889038085938
2017-01-30,19.157758712768555
2017-01-31,19.226943969726562
2017-02-01,19.2653865814209
2017-02-02,19.29613494873047
2017-02-03,19.388391494750977
2017-02-06,19.14238166809082
2017-02-07,18.980939865112305
2017-02-08,19.019378662109375
2017-02-09,19.16544532775879
2017-02-10,19.16544532775879
2017-02-13,19.2653865814209
2017-02-14,19.303823471069336
2017-02-15,19.42682647705078
2017-02-16,19.46526527404785
2017-02-17,19.23463249206543
2017-02-21,19.20388412475586
2017-02-22,19.250009536743164
2017-02-23,19.280759811401367
2017-02-24,19.11163330078125
2017-02-27,19.14238166809082
2017-02-28,19.150070190429688
2017-03-01,19.403764724731445
2017-03-02,19.357633590698242
2017-03-03,19.695898056030273
2017-03-06,19.595956802368164
2017-03-07,19.434511184692383
2017-03-08,19.380699157714844
2017-03-09,19.588266372680664
2017-03-10,19.83427619934082
2017-03-13,19.83427619934082
2017-03-14,19.642078399658203
2017-03-15,19.880401611328125
2017-03-16,20.087966918945312
2017-03-17,20.072593688964844
2017-03-20,20.049531936645508
2017-03-21,20.06490707397461
2017-03-22,20.111034393310547
2017-03-23,20.17253303527832
2017-03-24,20.210973739624023
2017-03-27,20.357036590576172
2017-03-28,20.403167724609375
2017-03-29,20.357036590576172
2017-03-30,20.257099151611328
2017-03-31,20.38010025024414
2017-04-03,20.33397674560547
2017-04-04,20.349349975585938
2017-04-05,20.210973739624023
2017-04-06,20.3185977935791
2017-04-07,20.3185977935791
2017-04-10,20.203285217285156
2017-04-11,20.241724014282227
2017-04-12,20.264787673950195
2017-04-13,20.072593688964844
2017-04-17,20.16484832763672
2017-04-18,19.97265625
2017-04-19,19.964967727661133
2017-04-20,20.3185977935791
2017-04-21,20.3032283782959
2017-04-24,21.48713493347168
2017-04-25,21.679323196411133
2017-04-26,21.525571823120117
2017-04-27,21.54094696044922
2017-04-28,21.54094696044922
2017-05-01,21.633195877075195
2017-05-02,21.825387954711914
2017-05-03,21.74082374572754
2017-05-04,22.26358985900879
2017-05-05,22.65566062927246
2017-05-08,22.217464447021484
2017-05-09,22.109834671020508
2017-05-10,22.109834671020508
2017-05-11,22.0483341217041
2017-05-12,22.27127456665039
2017-05-15,22.425031661987305
2017-05-16,22.671039581298828
2017-05-17,22.27127456665039
2017-05-18,22.278963088989258
2017-05-19,22.571096420288086
2017-05-22,22.65566062927246
2017-05-23,22.601848602294922
2017-05-24,22.640289306640625
2017-05-25,22.61722183227539
2017-05-26,22.57878875732422
2017-05-30,22.53265953063965
2017-05-31,22.594158172607422
2017-06-01,22.786352157592773
2017-06-02,22.986228942871094
2017-06-05,22.778663635253906
2017-06-06,22.647974014282227
2017-06-07,22.69409942626953
2017-06-08,22.58647346496582
2017-06-09,22.58647346496582
2017-06-12,22.378902435302734
2017-06-13,22.58647346496582
2017-06-14,22.571096420288086
2017-06-15,22.286653518676758
2017-06-16,22.571096420288086
2017-06-19,22.7017879486084
2017-06-20,22.49614143371582
2017-06-21,22.511783599853516
2017-06-22,22.49614143371582
2017-06-23,22.5743350982666
2017-06-26,22.65252685546875
2017-06-27,22.707263946533203
2017-06-28,22.90274429321289
2017-06-29,22.511783599853516
2017-06-30,22.48832130432129
2017-07-03,22.480506896972656
2017-07-05,22.48832130432129
2017-07-06,22.433589935302734
2017-07-07,22.44921875
2017-07-10,22.519594192504883
2017-07-11,22.613428115844727
2017-07-12,22.769817352294922
2017-07-13,22.8558292388916
2017-07-14,22.9965763092041
2017-07-17,22.965299606323242
2017-07-18,22.957483291625977
2017-07-19,23.04349136352539
2017-07-20,23.145145416259766
2017-07-21,22.98093605041504
2017-07-24,22.91056251525879
2017-07-25,23.0122127532959
2017-07-26,23.20769691467285
2017-07-27,23.090410232543945
2017-07-28,23.066953659057617
2017-07-31,23.02003288269043
2017-08-01,23.121681213378906
2017-08-02,23.184236526489258
2017-08-03,23.285890579223633
2017-08-04,23.410999298095703
2017-08-07,23.46573257446289
2017-08-08,23.324987411499023
2017-08-09,23.199874877929688
2017-08-10,22.934022903442383
2017-08-11,22.8714656829834
2017-08-14,23.09822654724121
2017-08-15,23.113862991333008
2017-08-16,23.231155395507812
2017-08-17,22.934022903442383
2017-08-18,22.988758087158203
2017-08-21,22.988758087158203
2017-08-22,23.113862991333008
2017-08-23,23.17641830444336
2017-08-24,23.09822654724121
2017-08-25,23.262435913085938
2017-08-28,23.270252227783203
2017-08-29,23.16860008239746
2017-08-30,23.082590103149414
2017-08-31,23.22333526611328
2017-09-01,23.301530838012695
2017-09-05,23.1373233795166
2017-09-06,23.37972068786621
2017-09-07,23.583023071289062
2017-09-08,23.583023071289062
2017-09-11,23.778505325317383
2017-09-12,23.903615951538086
2017-09-13,23.755048751831055
2017-09-14,23.864519119262695
2017-09-15,23.88016128540039
2017-09-18,23.919248580932617
2017-09-19,24.04436492919922
2017-09-20,23.989625930786133
2017-09-21,24.067821502685547
2017-09-22,24.16165542602539
2017-09-25,23.93489646911621
2017-09-26,23.833242416381836
2017-09-27,23.825424194335938
2017-09-28,23.903615951538086
2017-09-29,24.16165542602539
2017-10-02,24.106916427612305
2017-10-03,24.200748443603516
2017-10-04,24.16946792602539
2017-10-05,24.16165542602539
2017-10-06,24.16165542602539
2017-10-09,24.12255859375
2017-10-10,24.357135772705078
2017-10-11,24.404048919677734
2017-10-12,24.357135772705078
2017-10-13,24.294578552246094
2017-10-16,24.271121978759766
2017-10-17,24.232023239135742
2017-10-18,24.36495590209961
2017-10-19,24.3962345123291
2017-10-20,24.271121978759766
2017-10-23,24.23984718322754
2017-10-24,24.333681106567383
2017-10-25,24.349319458007812
2017-10-26,24.372777938842773
2017-10-27,24.3962345123291
2017-10-30,24.47442626953125
2017-10-31,24.544801712036133
2017-11-01,24.513519287109375
2017-11-02,24.60735321044922
2017-11-03,24.513519287109375
2017-11-06,24.490062713623047
2017-11-07,24.310222625732422
2017-11-08,24.302398681640625
2017-11-09,24.075641632080078
2017-11-10,24.04436492919922
2017-11-13,23.887975692749023
2017-11-14,24.020906448364258
2017-11-15,23.92707633972168
2017-11-16,24.12255859375
2017-11-17,24.020906448364258
2017-11-20,23.99744987487793
2017-11-21,24.138195037841797
2017-11-22,24.247663497924805
2017-11-24,24.630809783935547
2017-11-27,24.48224449157715
2017-11-28,24.568260192871094
2017-11-29,24.521339416503906
2017-11-30,24.521339416503906
2017-12-01,24.372777938842773
2017-12-04,24.435325622558594
2017-12-05,24.333681106567383
2017-12-06,24.302398681640625
2017-12-07,24.38841438293457
2017-12-08,24.450965881347656
2017-12-11,24.443147659301758
2017-12-12,24.443147659301758
2017-12-13,24.435325622558594
2017-12-14,24.177291870117188
2017-12-15,24.192928314208984
2017-12-18,24.497882843017578
2017-12-19,24.48611831665039
2017-12-20,24.40769386291504
2017-12-21,24.478273391723633
2017-12-22,24.46259117126465
2017-12-26,24.48611831665039
2017-12-27,24.49396514892578
2017-12-28,24.52533531188965
2017-12-29,24.48611831665039
2018-01-02,24.541019439697266
2018-01-03,24.6665096282959
2018-01-04,25.058664321899414
2018-01-05,25.293954849243164
2018-01-08,25.207683563232422
2018-01-09,25.341014862060547
2018-01-10,25.19984245300293
2018-01-11,25.372386932373047
2018-01-12,25.717483520507812
2018-01-16,25.788076400756836
2018-01-17,25.874347686767578
2018-01-18,25.842971801757812
2018-01-19,25.99199104309082
2018-01-22,26.148853302001953
2018-01-23,26.164541244506836
2018-01-24,26.18807029724121
2018-01-25,26.156694412231445
2018-01-26,26.45473289489746
2018-01-29,26.22728729248047
2018-01-30,26.05473518371582
2018-01-31,26.14101219177246
2018-02-01,26.27433967590332
2018-02-02,25.544933319091797
2018-02-05,24.439062118530273
2018-02-06,25.12925148010254
2018-02-07,24.69003677368164
2018-02-08,24.046907424926758
2018-02-09,24.070438385009766
2018-02-12,24.45474624633789
2018-02-13,24.415529251098633
2018-02-14,24.92533302307129
2018-02-15,25.168468475341797
2018-02-16,25.215530395507812
2018-02-20,25.00376319885254
2018-02-21,24.92533302307129
2018-02-22,25.090036392211914
2018-02-23,25.246898651123047
2018-02-26,25.403762817382812
2018-02-27,24.97238540649414
2018-02-28,24.80768585205078
2018-03-01,24.627294540405273
2018-03-02,24.6037654876709
2018-03-05,24.65082359313965
2018-03-06,24.79984474182129
2018-03-07,24.9174861907959
2018-03-08,24.948862075805664
2018-03-09,25.08219337463379
2018-03-12,25.09787940979004
2018-03-13,24.941015243530273
2018-03-14,25.02729034423828
2018-03-15,25.011606216430664
2018-03-16,25.00376319885254
2018-03-19,24.886117935180664
2018-03-20,24.815526962280273
2018-03-21,24.83121681213379
2018-03-22,24.31357192993164
2018-03-23,24.11749267578125
2018-03-26,24.595922470092773
2018-03-27,24.250829696655273
2018-03-28,24.439062118530273
2018-03-29,24.627294540405273
2018-04-02,24.29788589477539
2018-04-03,24.501806259155273
2018-04-04,24.635141372680664
2018-04-05,24.87826919555664
2018-04-06,24.80768585205078
2018-04-09,25.042980194091797
2018-04-10,25.317487716674805
2018-04-11,25.19984245300293
2018-04-12,25.317487716674805
2018-04-13,25.348857879638672
2018-04-16,25.482194900512695
2018-04-17,25.662582397460938
2018-04-18,25.764537811279297
2018-04-19,25.772384643554688
2018-04-20,25.662582397460938
2018-04-23,25.615524291992188
2018-04-24,25.544933319091797
2018-04-25,25.466510772705078
2018-04-26,25.568462371826172
2018-04-27,25.709638595581055
2018-04-30,25.631214141845703
2018-05-01,25.544933319091797
2018-05-02,25.529251098632812
2018-05-03,25.662582397460938
2018-05-04,25.631214141845703
2018-05-07,25.537090301513672
2018-05-08,25.458662033081055
2018-05-09,25.490036010742188
2018-05-10,25.725322723388672
2018-05-11,25.756698608398438
2018-05-14,25.772384643554688
2018-05-15,25.591999053955078
2018-05-16,25.576305389404297
2018-05-17,25.693954467773438
2018-05-18,25.646894454956055
2018-05-21,25.83513069152832
2018-05-22,25.850812911987305
2018-05-23,25.513559341430664
2018-05-24,25.576305389404297
2018-05-25,25.309646606445312
2018-05-29,24.517488479614258
2018-05-30,24.948862075805664
2018-05-31,24.956703186035156
2018-06-01,25.168468475341797
2018-06-04,25.231212615966797
2018-06-05,25.215530395507812
2018-06-06,25.45081901550293
2018-06-07,25.184152603149414
2018-06-08,25.293954849243164
2018-06-11,25.49787712097168
2018-06-12,25.246898651123047
2018-06-13,25.325328826904297
2018-06-14,25.325328826904297
2018-06-15,25.309646606445312
2018-06-18,25.035137176513672
2018-06-19,24.767765045166016
2018-06-20,24.607662200927734
2018-06-21,24.391525268554688
2018-06-22,24.67970848083496
2018-06-25,24.439559936523438
2018-06-26,24.359508514404297
2018-06-27,24.1513729095459
2018-06-28,24.16738510131836
2018-06-29,24.431549072265625
2018-07-02,24.287460327148438
2018-07-03,24.399532318115234
2018-07-05,24.839811325073242
2018-07-06,24.951881408691406
2018-07-09,25.087966918945312
2018-07-10,25.20003890991211
2018-07-11,24.743745803833008
2018-07-12,24.99991226196289
2018-07-13,25.111982345581055
2018-07-16,25.144006729125977
2018-07-17,25.13599967956543
2018-07-18,25.103981018066406
2018-07-19,24.975900650024414
2018-07-20,25.039939880371094
2018-07-23,24.903852462768555
2018-07-24,25.095972061157227
2018-07-25,25.36014175415039
2018-07-26,25.111982345581055
2018-07-27,25.23206329345703
2018-07-30,25.288097381591797
2018-07-31,25.392162322998047
2018-08-01,25.264080047607422
2018-08-02,25.095972061157227
2018-08-03,25.127992630004883
2018-08-06,24.98390007019043
2018-08-07,25.248071670532227
2018-08-08,25.176025390625
2018-08-09,25.047943115234375
2018-08-10,24.351499557495117
2018-08-13,24.335487365722656
2018-08-14,24.29546546936035
2018-08-15,23.823162078857422
2018-08-16,24.02328872680664
2018-08-17,24.231426239013672
2018-08-20,24.399532318115234
2018-08-21,24.73574447631836
2018-08-22,24.879833221435547
2018-08-23,24.727741241455078
2018-08-24,24.991907119750977
2018-08-27,25.320114135742188
2018-08-28,25.392162322998047
2018-08-29,25.496231079101562
2018-08-30,25.22405242919922
2018-08-31,24.831804275512695
2018-09-04,24.535619735717773
2018-09-05,24.247434616088867
2018-09-06,24.247434616088867
2018-09-07,24.031295776367188
2018-09-10,24.271446228027344
2018-09-11,24.343496322631836
2018-09-12,24.52760887145996
2018-09-13,24.727741241455078
2018-09-14,24.639684677124023
2018-09-17,24.687713623046875
2018-09-18,24.807785034179688
2018-09-19,24.919858932495117
2018-09-20,25.392162322998047
2018-09-21,25.448198318481445
2018-09-24,25.37615203857422
2018-09-25,25.432188034057617
2018-09-26,25.496231079101562
2018-09-27,25.368148803710938
2018-09-28,25.127992630004883
2018-10-01,25.103981018066406
2018-10-02,24.919858932495117
2018-10-03,24.95988655090332
2018-10-04,24.59965705871582
2018-10-05,24.375516891479492
2018-10-08,24.16738510131836
2018-10-09,24.14336585998535
2018-10-10,23.502962112426758
2018-10-11,23.310840606689453
2018-10-12,23.366872787475586
2018-10-15,23.254804611206055
2018-10-16,23.703086853027344
2018-10-17,23.49495506286621
2018-10-18,23.126720428466797
2018-10-19,23.19076156616211
2018-10-22,22.990631103515625
2018-10-23,22.838537216186523
2018-10-24,22.174116134643555
2018-10-25,22.582374572753906
2018-10-26,22.45429039001465
2018-10-29,22.382247924804688
2018-10-30,22.510332107543945
2018-10-31,22.742475509643555
2018-11-01,23.006643295288086
2018-11-02,23.04667091369629
2018-11-05,23.04667091369629
2018-11-06,23.04667091369629
2018-11-07,23.366872787475586
2018-11-08,23.08669662475586
2018-11-09,22.96662139892578
2018-11-12,22.502321243286133
2018-11-13,22.66242218017578
2018-11-14,22.726465225219727
2018-11-15,22.77449607849121
2018-11-16,22.766489028930664
2018-11-19,22.5423526763916
2018-11-20,22.126079559326172
2018-11-21,22.334217071533203
2018-11-23,22.11807632446289
2018-11-26,22.406261444091797
2018-11-27,22.32621192932129
2018-11-28,22.654417037963867
2018-11-29,22.614397048950195
2018-11-30,22.47831153869629
2018-12-03,22.678434371948242
2018-12-04,22.13408851623535
2018-12-06,21.821889877319336
2018-12-07,21.64577865600586
2018-12-10,21.485675811767578
2018-12-11,21.57373046875
2018-12-12,22.0300235748291
2018-12-13,21.97399139404297
2018-12-14,21.58974266052246
2018-12-17,21.429641723632812
2018-12-18,21.43205451965332
2018-12-19,21.255126953125
2018-12-20,21.16666603088379
2018-12-21,20.885196685791016
2018-12-24,20.555471420288086
2018-12-26,21.1184139251709
2018-12-27,21.08624839782715
2018-12-28,21.16666603088379
2018-12-31,21.327505111694336
2019-01-02,21.142539978027344
2019-01-03,20.836938858032227
2019-01-04,21.399879455566406
2019-01-07,21.464216232299805
2019-01-08,21.705482482910156
2019-01-09,22.01108169555664
2019-01-10,21.978910446166992
2019-01-11,21.7296085357666
2019-01-14,21.641145706176758
2019-01-15,21.649187088012695
2019-01-16,21.689395904541016
2019-01-17,21.72156524658203
2019-01-18,21.94674301147461
2019-01-22,21.681354522705078
2019-01-23,21.826112747192383
2019-01-24,21.84219741821289
2019-01-25,22.204090118408203
2019-01-28,22.171920776367188
2019-01-29,22.32472038269043
2019-01-30,22.654443740844727
2019-01-31,22.63836097717285
2019-02-01,22.718778610229492
2019-02-04,22.710739135742188
2019-02-05,22.919832229614258
2019-02-06,22.8072452545166
2019-02-07,22.437307357788086
2019-02-08,22.32472038269043
2019-02-11,22.32472038269043
2019-02-12,22.63031578063965
2019-02-13,22.574024200439453
2019-02-14,22.62227439880371
2019-02-15,23.04046058654785
2019-02-19,23.209348678588867
2019-02-20,23.289764404296875
2019-02-21,23.265642166137695
2019-02-22,23.370187759399414
2019-02-25,23.442564010620117
2019-02-26,23.563190460205078
2019-02-27,23.4747314453125
2019-02-28,23.603403091430664
2019-03-01,23.788375854492188
2019-03-04,23.73207664489746
2019-03-05,23.691865921020508
2019-03-06,23.59536361694336
2019-03-07,23.22542953491211
2019-03-08,23.338016510009766
2019-03-11,23.458646774291992
2019-03-12,23.522985458374023
2019-03-13,23.772289276123047
2019-03-14,23.868793487548828
2019-03-15,24.190473556518555
2019-03-18,24.222644805908203
2019-03-19,24.278940200805664
2019-03-20,24.351316452026367
2019-03-21,24.214595794677734
2019-03-22,23.4747314453125
2019-03-25,23.4747314453125
2019-03-26,23.555152893066406
2019-03-27,23.619489669799805
2019-03-28,23.506900787353516
2019-03-29,23.69991111755371
2019-04-01,23.97333526611328
2019-04-02,24.029632568359375
2019-04-03,24.254812240600586
2019-04-04,24.27089500427246
2019-04-05,24.327190399169922
2019-04-08,24.34327507019043
2019-04-09,24.166349411010742
2019-04-10,24.27089500427246
2019-04-11,24.34327507019043
2019-04-12,24.57649040222168
2019-04-15,24.58453369140625
2019-04-16,24.64082908630371
2019-04-17,24.8177547454834
2019-04-18,24.75341796875
2019-04-22,24.825794219970703
2019-04-23,24.737337112426758
2019-04-24,24.600618362426758
2019-04-25,24.504112243652344
2019-04-26,24.560409545898438
2019-04-29,24.737337112426758
2019-04-30,24.841880798339844
2019-05-01,24.681039810180664
2019-05-02,24.544322967529297
2019-05-03,24.705167770385742
2019-05-06,24.43977928161621
2019-05-07,23.900962829589844
2019-05-08,24.06984519958496
2019-05-09,23.933128356933594
2019-05-10,24.085927963256836
2019-05-13,23.514938354492188
2019-05-14,23.828582763671875
2019-05-15,23.965299606323242
2019-05-16,24.18243408203125
2019-05-17,24.053760528564453
2019-05-20,23.804454803466797
2019-05-21,23.97333526611328
2019-05-22,23.852710723876953
2019-05-23,23.531024932861328
2019-05-24,23.836626052856445
2019-05-28,23.555152893066406
2019-05-29,23.346059799194336
2019-05-30,23.482776641845703
2019-05-31,23.32193374633789
2019-06-03,23.498855590820312
2019-06-04,23.79641342163086
2019-06-05,23.852710723876953
2019-06-06,23.868793487548828
2019-06-07,24.375444412231445
2019-06-10,24.431732177734375
2019-06-11,24.58453369140625
2019-06-12,24.351316452026367
2019-06-13,24.34327507019043
2019-06-14,24.166349411010742
2019-06-17,24.28173828125
2019-06-18,24.768033981323242
2019-06-19,24.949365615844727
2019-06-20,25.171905517578125
2019-06-21,25.114206314086914
2019-06-24,25.196630477905273
2019-06-25,25.089479446411133
2019-06-26,25.056514739990234
2019-06-27,25.081239700317383
2019-06-28,25.262571334838867
2019-07-01,25.279054641723633
2019-07-02,25.29553985595703
2019-07-03,25.526325225830078
2019-07-05,25.27080726623535
2019-07-08,25.171905517578125
2019-07-09,25.138935089111328
2019-07-10,25.229602813720703
2019-07-11,25.122451782226562
2019-07-12,25.23784637451172
2019-07-15,25.27080726623535
2019-07-16,25.23784637451172
2019-07-17,25.122451782226562
2019-07-18,25.188390731811523
2019-07-19,25.064754486083984
2019-07-22,25.097726821899414
2019-07-23,25.262571334838867
2019-07-24,25.23784637451172
2019-07-25,24.957605361938477
2019-07-26,25.081239700317383
2019-07-29,25.14717674255371
2019-07-30,24.6938533782959
2019-07-31,24.553735733032227
2019-08-01,24.438344955444336
2019-08-02,24.050954818725586
2019-08-05,23.54817771911621
2019-08-06,23.737751007080078
2019-08-07,23.93556785583496
2019-08-08,24.166343688964844
2019-08-09,24.141620635986328
2019-08-12,23.93556785583496
2019-08-13,24.20755958557129
2019-08-14,23.441028594970703
2019-08-15,23.441028594970703
2019-08-16,23.680051803588867
2019-08-19,23.93556785583496
2019-08-20,23.8531436920166
2019-08-21,24.166343688964844
2019-08-22,24.034467697143555
2019-08-23,23.713024139404297
2019-08-26,23.93556785583496
2019-08-27,23.943805694580078
2019-08-28,23.9025936126709
2019-08-29,24.21579933166504
2019-08-30,24.306468963623047
2019-09-03,24.158105850219727
2019-09-04,24.578460693359375
2019-09-05,24.809249877929688
2019-09-06,24.79275894165039
2019-09-09,24.809249877929688
2019-09-10,24.776273727416992
2019-09-11,24.87518310546875
2019-09-12,25.089479446411133
2019-09-13,25.14717674255371
2019-09-16,24.801000595092773
2019-09-17,24.998817443847656
2019-09-18,24.982336044311523
2019-09-19,25.081239700317383
2019-09-20,25.064754486083984
2019-09-23,24.89990997314453
2019-09-24,24.79275894165039
2019-09-25,24.636152267456055
2019-09-26,24.685609817504883
2019-09-27,24.66912841796875
2019-09-30,24.842212677001953
2019-10-01,24.54549217224121
2019-10-02,23.886112213134766
2019-10-03,24.108652114868164
2019-10-04,24.314712524414062
2019-10-07,24.289981842041016
2019-10-08,24.001506805419922
2019-10-09,24.289981842041016
2019-10-10,24.578460693359375
2019-10-11,25.007061004638672
2019-10-14,24.949365615844727
2019-10-15,25.254329681396484
2019-10-16,25.279054641723633
2019-10-17,25.35323715209961
2019-10-18,25.28729820251465
2019-10-21,25.29553985595703
2019-10-22,25.163663864135742
2019-10-23,25.303783416748047
2019-10-24,25.394447326660156
2019-10-25,25.4851131439209
2019-10-28,25.60050392150879
2019-10-29,25.691165924072266
2019-10-30,25.85601234436035
2019-10-31,25.740623474121094
2019-11-01,25.905467987060547
2019-11-04,26.053829193115234
2019-11-05,25.99613380432129
2019-11-06,26.0703125
2019-11-07,26.0867977142334
2019-11-08,26.111522674560547
2019-11-11,26.152734756469727
2019-11-12,26.136249542236328
2019-11-13,26.0867977142334
2019-11-14,26.136249542236328
2019-11-15,26.31757926940918
2019-11-18,26.35879135131836
2019-11-19,26.2598876953125
2019-11-20,26.128009796142578
2019-11-21,26.10327911376953
2019-11-22,26.128009796142578
2019-11-25,26.23516082763672
2019-11-26,26.2928524017334
2019-11-27,26.218673706054688
2019-11-29,26.09503936767578
2019-12-02,25.831287384033203
2019-12-03,25.691165924072266
2019-12-04,25.8807430267334
2019-12-05,25.954923629760742
2019-12-06,26.119768142700195
2019-12-09,25.93019676208496
2019-12-10,26.0703125
2019-12-11,26.19394874572754
2019-12-12,26.38351821899414
2019-12-13,26.47418212890625
2019-12-16,26.787242889404297
2019-12-17,26.721155166625977
2019-12-18,26.605518341064453
2019-12-19,26.688119888305664
2019-12-20,26.721155166625977
2019-12-23,26.836803436279297
2019-12-24,26.77897834777832
2019-12-26,26.93592071533203
2019-12-27,26.985477447509766
2019-12-30,26.861581802368164
2019-12-31,27.018518447875977
2020-01-02,27.208499908447266
2020-01-03,26.927663803100586
2020-01-06,27.05156135559082
2020-01-07,26.878101348876953
2020-01-08,26.968961715698242
2020-01-09,26.993743896484375
2020-01-10,26.869836807250977
2020-01-13,27.010263442993164
2020-01-14,27.026779174804688
2020-01-15,27.010263442993164
2020-01-16,27.117643356323242
2020-01-17,27.225019454956055
2020-01-21,26.91114044189453
2020-01-22,26.820280075073242
2020-01-23,26.770719528198242
2020-01-24,26.638561248779297
2020-01-27,26.060359954833984
2020-01-28,26.30815887451172
2020-01-29,26.39076042175293
2020-01-30,26.30815887451172
2020-01-31,25.936458587646484
2020-02-03,26.03557777404785
2020-02-04,26.415538787841797
2020-02-05,26.64681625366211
2020-02-06,26.77897834777832
2020-02-07,26.622039794921875
2020-02-10,26.64681625366211
2020-02-11,26.721155166625977
2020-02-12,26.902883529663086
2020-02-13,26.721155166625977
2020-02-14,26.671598434448242
2020-02-18,26.588998794555664
2020-02-19,26.745943069458008
2020-02-20,26.622039794921875
2020-02-21,26.506399154663086
2020-02-24,25.39955711364746
2020-02-25,24.78831672668457
2020-02-26,24.763534545898438
2020-02-27,24.102733612060547
2020-02-28,23.896236419677734
2020-03-02,24.466176986694336
2020-03-03,24.135770797729492
2020-03-04,24.97829818725586
2020-03-05,24.102733612060547
2020-03-06,23.5740909576416
2020-03-09,21.385189056396484
2020-03-10,22.145109176635742
2020-03-11,20.84002685546875
2020-03-12,18.196823120117188
2020-03-13,19.518423080444336
2020-03-16,17.04867935180664
2020-03-17,17.759037017822266
2020-03-18,16.544818878173828
2020-03-19,16.57785415649414
2020-03-20,16.90825653076172
2020-03-23,16.891740798950195
2020-03-24,18.4281005859375
2020-03-25,19.336702346801758
2020-03-26,20.35268211364746
2020-03-27,19.526683807373047
2020-03-30,19.592763900756836
2020-03-31,19.361486434936523
2020-04-01,18.328981399536133
2020-04-02,18.626340866088867
2020-04-03,18.048137664794922
2020-04-06,19.188026428222656
2020-04-07,19.254104614257812
2020-04-08,19.584501266479492
2020-04-09,20.14618492126465
2020-04-13,19.84882354736328
2020-04-14,20.12140655517578
2020-04-15,19.221067428588867
2020-04-16,19.0971622467041
2020-04-17,19.923166275024414
2020-04-20,19.609283447265625
2020-04-21,19.229326248168945
2020-04-22,19.386262893676758
2020-04-23,19.221067428588867
2020-04-24,19.48538589477539
2020-04-27,19.832304000854492
2020-04-28,19.923166275024414
2020-04-29,20.608747482299805
2020-04-30,20.22052764892578
2020-05-01,19.832304000854492
2020-05-04,19.634069442749023
2020-05-05,19.625802993774414
2020-05-06,19.386262893676758
2020-05-07,19.807523727416992
2020-05-08,20.14618492126465
2020-05-11,19.94794464111328
2020-05-12,19.609283447265625
2020-05-13,19.17150115966797
2020-05-14,19.031084060668945
2020-05-15,19.055864334106445
2020-05-18,20.129669189453125
2020-05-19,19.683626174926758
2020-05-20,20.088361740112305
2020-05-21,19.906644821166992
2020-05-22,19.923166275024414
2020-05-26,20.625267028808594
2020-05-27,21.145648956298828
2020-05-28,21.393447875976562
2020-05-29,21.41822624206543
2020-06-01,21.872529983520508
2020-06-02,22.326831817626953
2020-06-03,23.152830123901367
2020-06-04,23.227170944213867
2020-06-05,23.846675872802734
2020-06-08,24.135770797729492
2020-06-09,23.615394592285156
2020-06-10,23.458454132080078
2020-06-11,21.86426544189453
2020-06-12,22.3103084564209
2020-06-15,22.54893684387207
2020-06-16,22.765113830566406
2020-06-17,22.806684494018555
2020-06-18,22.632080078125
2020-06-19,22.440845489501953
2020-06-22,22.806684494018555
2020-06-23,22.94803237915039
2020-06-24,22.357704162597656
2020-06-25,22.806684494018555
2020-06-26,22.415903091430664
2020-06-29,22.7817440032959
2020-06-30,22.798372268676758
2020-07-01,22.831628799438477
2020-07-02,23.1475772857666
2020-07-06,23.58824920654297
2020-07-07,23.197465896606445
2020-07-08,23.388700485229492
2020-07-09,22.9230899810791
2020-07-10,23.222412109375
2020-07-13,23.17252540588379
2020-07-14,23.58824920654297
2020-07-15,23.979032516479492
2020-07-16,23.845998764038086
2020-07-17,23.94577407836914
2020-07-20,23.98734474182129
2020-07-21,24.07048988342285
2020-07-22,24.120376586914062
2020-07-23,23.862628936767578
2020-07-24,23.762853622436523
2020-07-27,23.92083168029785
2020-07-28,23.74622344970703
2020-07-29,24.161951065063477
2020-07-30,23.804424285888672
2020-07-31,23.239038467407227
2020-08-03,23.671390533447266
2020-08-04,23.8127384185791
2020-08-05,23.98734474182129
2020-08-06,24.0372314453125
2020-08-07,23.870943069458008
2020-08-10,23.92083168029785
2020-08-11,24.120376586914062
2020-08-12,24.66913414001465
2020-08-13,24.569360733032227
2020-08-14,24.22014808654785
2020-08-17,24.378122329711914
2020-08-18,24.311609268188477
2020-08-19,24.245092391967773
2020-08-20,24.112060546875
2020-08-21,23.92914390563965
2020-08-24,24.378122329711914
2020-08-25,24.502843856811523
2020-08-26,24.710708618164062
2020-08-27,24.361494064331055
2020-08-28,24.602615356445312
2020-08-31,24.3282413482666
2020-09-01,24.286664962768555
2020-09-02,24.78553581237793
2020-09-03,24.319923400878906
2020-09-04,24.369810104370117
2020-09-08,23.954086303710938
2020-09-09,24.486217498779297
2020-09-10,24.211837768554688
2020-09-11,24.44464111328125
2020-09-14,24.585988998413086
2020-09-15,24.66082000732422
2020-09-16,24.49452781677246
2020-09-17,24.561046600341797
2020-09-18,24.22014808654785
2020-09-21,23.363758087158203
2020-09-22,23.18083381652832
2020-09-23,22.848257064819336
2020-09-24,22.898149490356445
2020-09-25,22.864887237548828
2020-09-28,23.27229881286621
2020-09-29,23.33881187438965
2020-09-30,23.230724334716797
2020-10-01,23.363758087158203
2020-10-02,23.363758087158203
2020-10-05,23.796110153198242
2020-10-06,23.571622848510742
2020-10-07,23.78780174255371
2020-10-08,23.962400436401367
2020-10-09,24.186891555786133
2020-10-12,24.3365535736084
2020-10-13,23.962400436401367
2020-10-14,23.870943069458008
2020-10-15,23.696338653564453
2020-10-16,23.904203414916992
2020-10-19,23.845998764038086
2020-10-20,24.10374641418457
2020-10-21,23.762853622436523
2020-10-22,23.82937240600586
2020-10-23,24.153635025024414
2020-10-26,23.554990768432617
2020-10-27,23.014551162719727
2020-10-28,22.050064086914062
2020-10-29,22.166471481323242
2020-10-30,22.174785614013672
2020-11-02,22.582195281982422
2020-11-03,23.288928985595703
2020-11-04,23.64645004272461
2020-11-05,24.253408432006836
2020-11-06,24.286664962768555
2020-11-09,25.65856170654297
2020-11-10,26.373605728149414
2020-11-11,26.41518211364746
2020-11-12,25.941253662109375
2020-11-13,26.38192367553711
2020-11-16,26.789337158203125
2020-11-17,26.86416244506836
2020-11-18,26.706186294555664
2020-11-19,26.930679321289062
2020-11-20,26.87247657775879
2020-11-23,26.880794525146484
2020-11-24,27.338092803955078
2020-11-25,27.363035202026367
2020-11-27,27.562585830688477
2020-11-30,27.013826370239258
2020-12-01,27.745498657226562
2020-12-02,27.787073135375977
2020-12-03,27.745498657226562
2020-12-04,27.994935989379883
2020-12-07,27.72886848449707
2020-12-08,27.80370330810547
2020-12-09,27.604156494140625
2020-12-10,27.67066764831543
2020-12-11,27.545955657958984
2020-12-14,27.548460006713867
2020-12-15,27.874330520629883
2020-12-16,27.8659725189209
2020-12-17,27.982955932617188
2020-12-18,27.832550048828125
2020-12-21,27.42313003540039
2020-12-22,27.398061752319336
2020-12-23,27.790771484375
2020-12-24,27.77406120300293
2020-12-28,28.033082962036133
2020-12-29,28.158416748046875
2020-12-30,28.16677474975586
2020-12-31,27.790771484375
2021-01-04,28.099929809570312
2021-01-05,28.26704216003418
2021-01-06,28.51771354675293
2021-01-07,28.64304542541504
2021-01-08,28.80180549621582
2021-01-11,28.32553482055664
2021-01-12,28.467575073242188
2021-01-13,28.409090042114258
2021-01-14,28.50935935974121
2021-01-15,27.96624183654785
2021-01-19,28.133352279663086
2021-01-20,28.250333786010742
2021-01-21,28.158416748046875
2021-01-22,27.97459602355957
2021-01-25,27.61530113220215
2021-01-26,27.88268280029297
2021-01-27,27.139034271240234
2021-01-28,27.60694694519043
2021-01-29,27.063833236694336
2021-02-01,27.347925186157227
2021-02-02,27.78241729736328
2021-02-03,27.748992919921875
2021-02-04,27.75735092163086
2021-02-05,28.191844940185547
2021-02-08,28.342241287231445
2021-02-09,28.475934982299805
2021-02-10,28.308820724487305
2021-02-11,28.40073585510254
2021-02-12,28.559486389160156
2021-02-16,28.868642807006836
2021-02-17,28.693180084228516
2021-02-18,28.584548950195312
2021-02-19,28.718242645263672
2021-02-22,28.726600646972656
2021-02-23,28.885356903076172
2021-02-24,29.002334594726562
2021-02-25,28.64304542541504
2021-02-26,28.300464630126953
2021-03-01,28.726600646972656
2021-03-02,28.843578338623047
2021-03-03,28.718242645263672
2021-03-04,28.475934982299805
2021-03-05,28.559486389160156
2021-03-08,28.64304542541504
2021-03-09,28.935495376586914
2021-03-10,29.31985092163086
2021-03-11,29.587228775024414
2021-03-12,29.729278564453125
2021-03-15,29.53709602355957
2021-03-16,29.478607177734375
2021-03-17,29.77105140686035
2021-03-18,29.253002166748047
2021-03-19,29.253002166748047
2021-03-22,29.161096572875977
2021-03-23,28.776737213134766
2021-03-24,28.684825897216797
2021-03-25,28.83522605895996
2021-03-26,29.110958099365234
2021-03-29,29.085895538330078
2021-03-30,29.177797317504883
2021-03-31,29.102602005004883
2021-04-01,29.570518493652344
2021-04-05,30.088565826416016
2021-04-06,29.77940559387207
2021-04-07,29.913097381591797
2021-04-08,30.080211639404297
2021-04-09,30.180479049682617
2021-04-12,30.113632202148438
2021-04-13,30.41443634033203
2021-04-14,30.422794342041016
2021-04-15,30.61496925354004
2021-04-16,30.965906143188477
2021-04-19,31.06617546081543
2021-04-20,30.447856903076172
2021-04-21,30.790437698364258
2021-04-22,30.748659133911133
2021-04-23,31.00768280029297
2021-04-26,31.099599838256836
2021-04-27,31.141376495361328
2021-04-28,31.36698341369629
2021-04-29,31.433820724487305
2021-04-30,30.899063110351562
2021-05-03,31.258350372314453
2021-05-04,30.899063110351562
2021-05-05,31.249996185302734
2021-05-06,31.617645263671875
2021-05-07,31.9769344329834
2021-05-10,31.726266860961914
2021-05-11,31.3252010345459
2021-05-12,31.049463272094727
2021-05-13,31.36698341369629
2021-05-14,32.0521354675293
2021-05-17,31.93515968322754
2021-05-18,31.843242645263672
2021-05-19,31.500667572021484
2021-05-20,32.0521354675293
2021-05-21,32.093910217285156
2021-05-24,32.31951141357422
2021-05-25,32.40306854248047
2021-05-26,32.22760009765625
2021-05-27,32.44485092163086
2021-05-28,32.57017517089844
2021-06-01,32.77907180786133
2021-06-02,32.8292121887207
2021-06-03,32.53675842285156
2021-06-04,32.762367248535156
2021-06-07,32.92112350463867
2021-06-08,32.929473876953125
2021-06-09,32.99631881713867
2021-06-10,32.86537170410156
2021-06-11,33.05123519897461
2021-06-14,33.101932525634766
2021-06-15,33.220211029052734
2021-06-16,32.91606140136719
2021-06-17,32.71329116821289
2021-06-18,32.1472282409668
2021-06-21,32.476722717285156
2021-06-22,32.476722717285156
2021-06-23,32.21481704711914
2021-06-24,32.65414810180664
2021-06-25,32.64570236206055
2021-06-28,32.333099365234375
2021-06-29,32.24861526489258
2021-06-30,31.978252410888672
2021-07-01,32.16413116455078
2021-07-02,32.16413116455078
2021-07-06,31.76703453063965
2021-07-07,31.868427276611328
2021-07-08,31.353052139282227
2021-07-09,32.02894973754883
2021-07-12,32.13032913208008
2021-07-13,31.87687110900879
2021-07-14,31.995155334472656
2021-07-15,31.648757934570312
2021-07-16,31.429086685180664
2021-07-19,30.7025089263916
2021-07-20,30.998210906982422
2021-07-21,31.589614868164062
2021-07-22,31.56427574157715
2021-07-23,31.90220832824707
2021-07-26,32.08808517456055
2021-07-27,31.995155334472656
2021-07-28,32.24016571044922
2021-07-29,32.46826934814453
2021-07-30,32.39223861694336
2021-08-02,32.58655548095703
2021-08-03,32.90760803222656
2021-08-04,32.8231201171875
2021-08-05,33.04279708862305
2021-08-06,33.0258903503418
2021-08-09,32.91606140136719
2021-08-10,32.949851989746094
2021-08-11,33.15262222290039
2021-08-12,33.20330810546875
2021-08-13,33.4229850769043
2021-08-16,33.20330810546875
2021-08-17,32.848472595214844
2021-08-18,32.502071380615234
2021-08-19,31.927566528320312
2021-08-20,32.07963943481445
2021-08-23,32.400691986083984
2021-08-24,32.324649810791016
2021-08-25,32.42604064941406
2021-08-26,32.257057189941406
2021-08-27,32.544315338134766
2021-08-30,32.544315338134766
2021-08-31,32.671043395996094
2021-09-01,33.30469512939453
2021-09-02,33.33849334716797
2021-09-03,32.975196838378906
2021-09-07,33.0258903503418
2021-09-08,32.780879974365234
2021-09-09,32.780879974365234
2021-09-10,32.63725280761719
2021-09-13,32.789329528808594
2021-09-14,32.61190414428711
2021-09-15,32.552764892578125
2021-09-16,32.544315338134766
2021-09-17,32.09654235839844
2021-09-20,31.45443344116211
2021-09-21,31.927566528320312
2021-09-22,32.26551055908203
2021-09-23,32.83157730102539
2021-09-24,32.451377868652344
2021-09-27,32.52741622924805
2021-09-28,31.80083465576172
2021-09-29,31.733245849609375
2021-09-30,31.462886810302734
2021-10-01,31.75859260559082
2021-10-04,31.589614868164062
2021-10-05,31.826169967651367
2021-10-06,31.598064422607422
2021-10-07,31.80083465576172
2021-10-08,31.70789337158203
2021-10-11,31.547380447387695
2021-10-12,31.56427574157715
2021-10-13,32.062744140625
2021-10-14,32.544315338134766
2021-10-15,32.7470817565918
2021-10-18,32.4598274230957
2021-10-19,32.48517608642578
2021-10-20,32.7386360168457
2021-10-21,32.66259765625
2021-10-22,32.92450714111328
2021-10-25,32.64570236206055
2021-10-26,32.8231201171875
2021-10-27,32.7386360168457
2021-10-28,33.321590423583984
2021-10-29,33.21175765991211
2021-11-01,33.59195327758789
2021-11-02,33.60039520263672
2021-11-03,33.95524215698242
2021-11-04,33.879215240478516
2021-11-05,34.13267135620117
2021-11-08,34.17491149902344
2021-11-09,34.16645812988281
2021-11-10,33.63419723510742
2021-11-11,33.7017822265625
2021-11-12,33.84541320800781
2021-11-15,33.76092529296875
2021-11-16,33.7440299987793
2021-11-17,33.80316925048828
2021-11-18,33.89610290527344
2021-11-19,33.41453170776367
2021-11-22,33.1864128112793
2021-11-23,33.17797088623047
2021-11-24,32.94140625
2021-11-26,31.859973907470703
2021-11-29,31.98670196533203
2021-11-30,31.927566528320312
2021-12-01,31.716354370117188
2021-12-02,32.113433837890625
2021-12-03,31.9444637298584
2021-12-06,32.324649810791016
2021-12-07,33.09347915649414
2021-12-08,33.20330810546875
2021-12-09,32.86537170410156
2021-12-10,32.95830154418945
2021-12-13,32.53908920288086
2021-12-14,32.40021896362305
2021-12-15,32.947017669677734
2021-12-16,32.825504302978516
2021-12-17,32.23530960083008
2021-12-20,32.452293395996094
2021-12-21,32.842864990234375
2021-12-22,33.328914642333984
2021-12-23,33.45042419433594
2021-12-27,33.76288604736328
2021-12-28,33.7108039855957
2021-12-29,33.80628204345703
2021-12-30,33.68476867675781
2021-12-31,33.74552536010742
2022-01-03,34.040626525878906
2022-01-04,34.274967193603516
2022-01-05,34.214210510253906
2022-01-06,33.92778778076172
2022-01-07,34.170814514160156
2022-01-10,33.81495666503906
2022-01-11,34.19685363769531
2022-01-12,34.509307861328125
2022-01-13,34.09269714355469
2022-01-14,34.057987213134766
2022-01-18,33.615333557128906
2022-01-19,33.771568298339844
2022-01-20,33.485145568847656
2022-01-21,33.01645278930664
2022-01-24,32.59984588623047
2022-01-25,32.296058654785156
2022-01-26,32.408897399902344
2022-01-27,32.41757583618164
2022-01-28,32.50437545776367
2022-01-31,32.88625717163086
2022-02-01,33.346275329589844
2022-02-02,33.485145568847656
2022-02-03,33.08588409423828
2022-02-04,33.17268371582031
2022-02-07,33.216087341308594
2022-02-08,33.372314453125
2022-02-09,33.95383071899414
2022-02-10,33.44174575805664
2022-02-11,32.4262580871582
2022-02-14,32.08776092529297
2022-02-15,32.973052978515625
2022-02-16,33.06853103637695
2022-02-17,32.6085205078125
2022-02-18,32.55644226074219
2022-02-22,31.81870460510254
2022-02-23,31.566987991333008
2022-02-24,30.85527992248535
2022-02-25,31.81870460510254
2022-02-28,30.664337158203125
2022-03-01,29.536014556884766
2022-03-02,30.065458297729492
2022-03-03,29.249597549438477
2022-03-04,27.71333885192871
2022-03-07,26.74124526977539
2022-03-08,27.45295524597168
2022-03-09,29.319026947021484
2022-03-10,28.511844635009766
2022-03-11,28.21674156188965
2022-03-14,28.91109848022461
2022-03-15,29.128084182739258
2022-03-16,30.412633895874023
2022-03-17,30.577543258666992
2022-03-18,30.551498413085938
2022-03-21,30.117530822753906
2022-03-22,30.655654907226562
2022-03-23,30.03074073791504
2022-03-24,30.26508331298828
2022-03-25,30.282445907592773
2022-03-28,30.49942398071289
2022-03-29,31.601713180541992
2022-03-30,31.428117752075195
2022-03-31,30.664337158203125
2022-04-01,30.933391571044922
2022-04-04,30.95943260192871
2022-04-05,30.186967849731445
2022-04-06,29.58808708190918
2022-04-07,29.7096004486084
2022-04-08,29.648847579956055
2022-04-11,29.67488670349121
2022-04-12,29.483932495117188
2022-04-13,29.857154846191406
2022-04-14,29.761680603027344
2022-04-18,29.779035568237305
2022-04-19,29.84847068786621
2022-04-20,30.186967849731445
2022-04-21,30.07413673400879
2022-04-22,29.65752410888672
2022-04-25,29.475252151489258
2022-04-26,28.607318878173828
2022-04-27,28.63335609436035
2022-04-28,29.032611846923828
2022-04-29,28.5986385345459
2022-05-02,28.49448585510254
2022-05-03,28.746187210083008
2022-05-04,29.32771110534668
2022-05-05,28.425048828125
2022-05-06,28.025794982910156
2022-05-09,27.3140811920166
2022-05-10,27.5657901763916
2022-05-11,27.496353149414062
2022-05-12,27.296728134155273
2022-05-13,28.147310256958008
2022-05-16,28.268821716308594
2022-05-17,29.006568908691406
2022-05-18,28.103910446166992
2022-05-19,28.372968673706055
2022-05-20,28.364294052124023
2022-05-23,29.01525115966797
2022-05-24,28.91977882385254
2022-05-25,28.90241813659668
2022-05-26,29.46657943725586
2022-05-27,29.987342834472656
2022-05-31,29.770355224609375
2022-06-01,29.301666259765625
2022-06-02,30.17829132080078
2022-06-03,29.813753128051758
2022-06-06,29.95262336730957
2022-06-07,29.943944931030273
2022-06-08,29.46657943725586
2022-06-09,28.705852508544922
2022-06-10,27.946908950805664
2022-06-13,26.920101165771484
2022-06-14,26.598674774169922
2022-06-15,27.161182403564453
2022-06-16,26.562959671020508
2022-06-17,26.518312454223633
2022-06-21,26.911176681518555
2022-06-22,26.759387969970703
2022-06-23,26.750457763671875
2022-06-24,27.78619384765625
2022-06-27,27.42011070251465
2022-06-28,27.23261070251465
2022-06-29,26.98260498046875
2022-06-30,26.79510498046875
2022-07-01,26.884389877319336
2022-07-05,26.027233123779297
2022-07-06,26.107593536376953
2022-07-07,26.393310546875
2022-07-08,26.37545394897461
2022-07-11,25.937944412231445
2022-07-12,26.0183048248291
2022-07-13,26.11652183532715
2022-07-14,25.741512298583984
2022-07-15,26.259380340576172
2022-07-18,26.411169052124023
2022-07-19,27.393327713012695
2022-07-20,26.991531372070312
2022-07-21,27.321901321411133
2022-07-22,27.214754104614258
2022-07-25,27.509401321411133
2022-07-26,26.911176681518555
2022-07-27,27.714759826660156
2022-07-28,27.982622146606445
2022-07-29,28.545133590698242
2022-08-01,28.437990188598633
2022-08-02,27.929052352905273
2022-08-03,28.330842971801758
2022-08-04,28.643348693847656
2022-08-05,28.41120147705078
2022-08-08,28.50048828125
2022-08-09,28.446916580200195
2022-08-10,28.9379940032959
2022-08-11,28.946922302246094
2022-08-12,29.1165714263916
2022-08-15,28.812997817993164
2022-08-16,28.9915714263916
2022-08-17,28.705852508544922
2022-08-18,28.518346786499023
2022-08-19,28.11655616760254
2022-08-22,27.277254104614258
2022-08-23,27.28618621826172
2022-08-24,27.393327713012695
2022-08-25,27.607614517211914
2022-08-26,26.759387969970703
2022-08-29,26.83974266052246
2022-08-30,26.714744567871094
2022-08-31,26.464738845825195
2022-09-01,26.098665237426758
2022-09-02,25.84865951538086
2022-09-06,25.92901611328125
2022-09-07,26.473669052124023
2022-09-08,26.30402374267578
2022-09-09,27.000463485717773
2022-09-12,27.562973022460938
2022-09-13,26.57188606262207
2022-09-14,26.750457763671875
2022-09-15,26.393310546875
2022-09-16,26.22366714477539
2022-09-19,26.259380340576172
2022-09-20,25.589725494384766
2022-09-21,25.232576370239258
2022-09-22,25.107574462890625
2022-09-23,24.107559204101562
2022-09-26,23.768266677856445
2022-09-27,23.652191162109375
2022-09-28,24.268274307250977
2022-09-29,23.920053482055664
2022-09-30,23.92898178100586
2022-10-03,24.464706420898438
2022-10-04,25.812942504882812
2022-10-05,25.48258399963379
2022-10-06,24.893285751342773
2022-10-07,24.42899513244629
2022-10-10,24.330778121948242
2022-10-11,24.161128997802734
2022-10-12,24.143274307250977
2022-10-13,24.839712142944336
2022-10-14,24.57185173034668
2022-10-17,25.4022216796875
2022-10-18,25.70579719543457
2022-10-19,25.268291473388672
2022-10-20,25.3397216796875
2022-10-21,25.732585906982422
2022-10-24,25.991519927978516
2022-10-25,26.687955856323242
2022-10-26,26.94689178466797
2022-10-27,26.554027557373047
2022-10-28,26.95581817626953
2022-10-31,26.509384155273438
2022-11-01,26.79510498046875
2022-11-02,26.17902183532715
2022-11-03,25.982589721679688
2022-11-04,27.429040908813477
2022-11-07,27.500471115112305
2022-11-08,27.68797492980957
2022-11-09,27.393327713012695
2022-11-10,28.76835060119629
2022-11-11,29.38443374633789
2022-11-14,29.03621482849121
2022-11-15,29.170143127441406
2022-11-16,29.32193374633789
2022-11-17,29.27728843688965
2022-11-18,29.330862045288086
2022-11-21,29.1165714263916
2022-11-22,29.411216735839844
2022-11-23,29.6790828704834
2022-11-25,29.848730087280273
2022-11-28,29.366575241088867
2022-11-29,29.527292251586914
2022-11-30,30.161230087280273
2022-12-01,30.339805603027344
2022-12-02,30.429092407226562
2022-12-05,30.0451602935791
2022-12-06,30.03622817993164
2022-12-07,30.03622817993164
2022-12-08,30.10765838623047
2022-12-09,30.03622817993164
2022-12-12,30.196949005126953
2022-12-13,30.57600975036621
2022-12-14,30.593935012817383
2022-12-15,29.751571655273438
2022-12-16,29.41103744506836
2022-12-19,29.384157180786133
2022-12-20,29.402080535888672
2022-12-21,29.85014533996582
2022-12-22,29.69780158996582
2022-12-23,29.661956787109375
2022-12-27,29.85014533996582
2022-12-28,29.4916934967041
2022-12-29,30.02040672302246
2022-12-30,29.679880142211914
2023-01-03,29.96664047241211
2023-01-04,30.782121658325195
2023-01-05,30.450551986694336
2023-01-06,31.319795608520508
2023-01-09,31.499027252197266
2023-01-10,31.705135345458984
2023-01-11,32.00086212158203
2023-01-12,32.484771728515625
2023-01-13,32.67295837402344
2023-01-17,32.708805084228516
2023-01-18,32.610233306884766
2023-01-19,32.38619613647461
2023-01-20,32.69984436035156
2023-01-23,32.83426284790039
2023-01-24,32.9149169921875
2023-01-25,33.07622146606445
2023-01-26,33.13895034790039
2023-01-27,33.0224494934082
2023-01-30,32.83426284790039
2023-01-31,33.12102508544922
2023-02-01,33.47947692871094
2023-02-02,33.515323638916016
2023-02-03,33.291290283203125
2023-02-06,32.79841613769531
2023-02-07,32.96868896484375
2023-02-08,32.708805084228516
2023-02-09,32.8701057434082
2023-02-10,32.62815475463867
2023-02-13,33.112060546875
2023-02-14,33.32713317871094
2023-02-15,33.45259475708008
2023-02-16,33.47947692871094
2023-02-17,33.64973831176758
2023-02-21,33.10309600830078
2023-02-22,32.98660659790039
2023-02-23,33.24647903442383
2023-02-24,32.484771728515625
2023-02-27,33.031410217285156
2023-02-28,32.72673034667969
2023-03-01,32.941795349121094
2023-03-02,32.99555969238281
2023-03-03,33.434669494628906
2023-03-06,33.470516204833984
2023-03-07,32.9149169921875
2023-03-08,32.89699172973633
2023-03-09,32.57438659667969
2023-03-10,32.359310150146484
2023-03-13,31.99190330505371
2023-03-14,32.67295837402344
2023-03-15,31.454221725463867
2023-03-16,32.04566192626953
2023-03-17,31.499027252197266
2023-03-20,32.15320587158203
2023-03-21,32.78945541381836
2023-03-22,32.68191909790039
2023-03-23,32.66399383544922
2023-03-24,32.35034942626953
2023-03-27,32.71776580810547
2023-03-28,32.708805084228516
2023-03-29,33.28232955932617
2023-03-30,33.75727844238281
2023-03-31,33.87377166748047
2023-04-03,34.2680778503418
2023-04-04,34.277034759521484
2023-04-05,34.08884811401367
2023-04-06,34.2232666015625
2023-04-10,34.2232666015625
2023-04-11,34.393531799316406
2023-04-12,34.8147087097168
2023-04-13,35.352394104003906
2023-04-14,35.235897064208984
2023-04-17,35.011863708496094
2023-04-18,35.298622131347656
2023-04-19,35.298622131347656
2023-04-20,35.253822326660156
2023-04-21,35.585384368896484
2023-04-24,35.791500091552734
2023-04-25,35.21797180175781
2023-04-26,35.164207458496094
2023-04-27,35.61227798461914
2023-04-28,35.459930419921875
2023-05-01,35.46889114379883
2023-05-02,35.03874588012695
2023-05-03,35.11939239501953
2023-05-04,34.83263397216797
2023-05-05,35.307586669921875
2023-05-08,35.28070068359375
2023-05-09,34.949134826660156
2023-05-10,34.91328430175781
2023-05-11,34.88640213012695
2023-05-12,34.698219299316406
2023-05-15,34.92224884033203
2023-05-16,34.662376403808594
2023-05-17,34.8147087097168
2023-05-18,34.72509765625
2023-05-19,35.002899169921875
2023-05-22,34.96706008911133
2023-05-23,34.20534133911133
2023-05-24,33.739356994628906
2023-05-25,33.676631927490234
2023-05-26,34.017154693603516
2023-05-30,33.64973831176758
2023-05-31,33.1568717956543
2023-06-01,33.461551666259766
2023-06-02,33.87377166748047
2023-06-05,33.48844528198242
2023-06-06,33.65870666503906
2023-06-07,33.491065979003906
2023-06-08,33.9399299621582
2023-06-09,33.77503967285156
2023-06-12,34.07734298706055
2023-06-13,34.30636215209961
2023-06-14,34.46208572387695
2023-06-15,34.8193473815918
2023-06-16,35.07585144042969
2023-06-20,34.67278289794922
2023-06-21,34.64529800415039
2023-06-22,34.407127380371094
2023-06-23,33.967411041259766
2023-06-26,34.09566879272461
2023-06-27,34.64529800415039
2023-06-28,34.75522232055664
2023-06-29,34.7735481262207
2023-06-30,35.29569625854492
2023-07-03,35.18577575683594
2023-07-05,34.6086540222168
2023-07-06,33.74755859375
2023-07-07,34.059017181396484
2023-07-10,34.3613166809082
2023-07-11,34.8193473815918
2023-07-12,35.73540115356445
2023-07-13,36.2484016418457
2023-07-14,36.11098861694336
2023-07-17,35.90945816040039
2023-07-18,35.97358322143555
2023-07-19,35.90945816040039
2023-07-20,35.900291442871094
2023-07-21,36.120147705078125
2023-07-24,35.900291442871094
2023-07-25,35.524715423583984
2023-07-26,35.478912353515625
2023-07-27,35.497230529785156
2023-07-28,35.900291442871094
2023-07-31,35.86366271972656
2023-08-01,35.414791107177734
2023-08-02,34.74606704711914
2023-08-03,34.617820739746094
2023-08-04,34.87431716918945
2023-08-07,35.121646881103516
2023-08-08,34.846832275390625
2023-08-09,35.02088165283203
2023-08-10,35.387306213378906
2023-08-11,35.02088165283203
2023-08-14,34.94759750366211
2023-08-15,34.42544937133789
2023-08-16,34.23307800292969
2023-08-17,33.89413070678711
2023-08-18,33.93077087402344
2023-08-21,34.22391128540039
2023-08-22,34.09566879272461
2023-08-23,34.28804016113281
2023-08-24,33.81168746948242
2023-08-25,34.113990783691406
2023-08-28,34.535369873046875
2023-08-29,34.97507858276367
2023-08-30,35.011722564697266
2023-08-31,34.49872970581055
2023-09-01,34.28804016113281
2023-09-05,33.76588439941406
2023-09-06,33.536865234375
2023-09-07,33.472747802734375
2023-09-08,33.66511917114258
2023-09-11,34.04069900512695
2023-09-12,33.74755859375
2023-09-13,33.51854705810547
2023-09-14,33.86664962768555
2023-09-15,34.03153991699219
2023-09-18,33.68344497680664
2023-09-19,33.77503967285156
2023-09-20,33.692596435546875
2023-09-21,33.11548614501953
2023-09-22,33.00555419921875
2023-09-25,32.73073959350586
2023-09-26,32.318511962890625
2023-09-27,32.171939849853516
2023-09-28,32.53837203979492
2023-09-29,32.60248565673828
2023-10-02,31.970413208007812
2023-10-03,31.72307777404785
2023-10-04,31.915451049804688
2023-10-05,32.0528564453125
2023-10-06,32.4742431640625
2023-10-09,32.2635498046875
2023-10-10,32.61165237426758
2023-10-11,32.74905776977539
2023-10-12,32.22690963745117
2023-10-13,31.796356201171875
2023-10-16,32.116981506347656
2023-10-17,32.153621673583984
2023-10-18,31.59482765197754
2023-10-19,31.45741844177246
2023-10-20,31.200923919677734
2023-10-23,31.43909454345703
2023-10-24,31.6314697265625
2023-10-25,31.43909454345703
2023-10-26,31.33833122253418
2023-10-27,30.926101684570312
2023-10-30,31.43909454345703
2023-10-31,31.55818748474121
2023-11-01,31.787195205688477
2023-11-02,32.53837203979492
2023-11-03,32.65745544433594
2023-11-06,32.46508026123047
2023-11-07,32.272708892822266
2023-11-08,32.52920150756836
2023-11-09,32.60248565673828
2023-11-10,32.74905776977539
2023-11-13,32.758216857910156
2023-11-14,33.81168746948242
2023-11-15,33.78420639038086
2023-11-16,33.74755859375
2023-11-17,34.17810821533203
2023-11-20,34.315513610839844
2023-11-21,34.1506233215332
2023-11-22,34.23307800292969
2023-11-24,34.54453659057617
2023-11-27,34.443763732910156
2023-11-28,34.434608459472656
2023-11-29,34.471248626708984
2023-11-30,34.416282653808594
2023-12-01,34.581172943115234
2023-12-04,34.3979606628418
2023-12-05,34.443763732910156
2023-12-06,34.48040771484375
2023-12-07,34.68193817138672
2023-12-08,35.09416961669922
2023-12-11,35.14912796020508
2023-12-12,35.24073791503906
2023-12-13,35.707923889160156
2023-12-14,36.019386291503906
2023-12-15,35.68960189819336
2023-12-18,35.744571685791016
2023-12-19,36.0468635559082
2023-12-20,35.606163024902344
2023-12-21,36.122467041015625
2023-12-22,36.07637023925781
2023-12-26,36.29764175415039
2023-12-27,36.42671203613281
2023-12-28,36.07637023925781
2023-12-29,36.122467041015625
2024-01-02,35.59695053100586
2024-01-03,35.0529899597168
2024-01-04,35.23738098144531
2024-01-05,35.108314514160156
2024-01-08,35.51397705078125
2024-01-09,35.11752700805664
2024-01-10,35.31113815307617
2024-01-11,35.31113815307617
2024-01-12,35.40333557128906
2024-01-16,34.739524841308594
2024-01-17,34.49059295654297
2024-01-18,34.95157241821289
2024-01-19,34.96079635620117
2024-01-22,34.94235610961914
2024-01-23,34.81328201293945
2024-01-24,35.108314514160156
2024-01-25,35.41255569458008
2024-01-26,35.96573257446289
2024-01-29,36.05792999267578
2024-01-30,36.131683349609375
2024-01-31,35.74446105957031
2024-02-01,35.91963195800781
2024-02-02,35.58772659301758
2024-02-05,35.40333557128906
2024-02-06,35.65226364135742
2024-02-07,35.57850646972656
2024-02-08,35.64304733276367
2024-02-09,35.81821823120117
2024-02-12,35.78134536743164
2024-02-13,35.1544075012207
2024-02-14,35.689144134521484
2024-02-15,36.131683349609375
2024-02-16,36.039485931396484
2024-02-20,36.39905548095703
2024-02-21,36.611106872558594
2024-02-22,37.04442596435547
2024-02-23,37.19193649291992
2024-02-26,37.10896301269531
2024-02-27,37.26569366455078
2024-02-28,37.145843505859375
2024-02-29,37.07209014892578
2024-03-01,37.09974670410156
2024-03-04,37.219600677490234
2024-03-05,37.05364990234375
2024-03-06,37.34867477416992
2024-03-07,37.84653091430664
2024-03-08,37.708248138427734
2024-03-11,37.818878173828125
2024-03-12,38.095462799072266
2024-03-13,38.37205505371094
2024-03-14,38.252201080322266
2024-03-15,38.32595443725586
2024-03-18,38.03092956542969
2024-03-19,37.994049072265625
2024-03-20,38.574886322021484
2024-03-21,38.13234329223633
2024-03-22,37.90185546875
2024-03-25,37.96638488769531
2024-03-26,38.04936981201172
2024-03-27,38.353614807128906
2024-03-28,38.178436279296875
2024-04-01,38.15078353881836
2024-04-02,37.745113372802734
2024-04-03,38.04014587402344
2024-04-04,37.57916259765625
2024-04-05,37.63448715209961
2024-04-08,37.90185546875
2024-04-09,37.71746063232422
2024-04-10,37.164283752441406
2024-04-11,37.2011604309082
2024-04-12,36.51891326904297
2024-04-15,36.50047302246094
2024-04-16,36.38983917236328
2024-04-17,36.64798355102539
2024-04-18,36.703304290771484
2024-04-19,36.79549789428711
2024-04-22,37.08130645751953
2024-04-23,37.47774887084961
2024-04-24,37.44087600708008
2024-04-25,37.219600677490234
2024-04-26,37.49618911743164
2024-04-29,37.43164825439453
2024-04-30,36.91535568237305
2024-05-01,36.77705383300781
2024-05-02,37.145843505859375
2024-05-03,37.46853256225586
2024-05-06,37.708248138427734
2024-05-07,37.98482894897461
2024-05-08,38.27985382080078
2024-05-09,38.69474411010742
2024-05-10,38.72239685058594
2024-05-13,38.75005340576172
2024-05-14,39.05430603027344
2024-05-15,39.257137298583984
2024-05-16,38.916011810302734
2024-05-17,38.95288848876953
2024-05-20,38.95288848876953
2024-05-21,38.90679168701172
2024-05-22,38.5472297668457
2024-05-23,38.362831115722656
2024-05-24,38.69474411010742
2024-05-28,38.55644607543945
2024-05-29,37.88341522216797
2024-05-30,38.16922378540039
2024-05-31,38.44580841064453
2024-06-03,38.47346878051758
2024-06-04,38.353614807128906
2024-06-05,38.70396041870117
2024-06-06,38.869911193847656
2024-06-07,38.27063751220703
2024-06-10,37.72667694091797
2024-06-11,37.12784194946289
2024-06-12,37.599369049072266
2024-06-13,36.73176574707031
2024-06-14,35.50579833984375
2024-06-17,36.13764190673828
2024-06-18,36.42998504638672
2024-06-20,36.46770477294922
2024-06-21,36.19422912597656
2024-06-24,36.552581787109375
2024-06-25,36.53372573852539
2024-06-26,36.099918365478516
2024-06-27,35.807579040527344
2024-06-28,35.62839126586914
2024-07-01,36.099918365478516
2024-07-02,35.98675537109375
2024-07-03,36.665748596191406
2024-07-05,36.948665618896484
2024-07-08,36.62802505493164
2024-07-09,35.98675537109375
2024-07-10,36.42998504638672
2024-07-11,36.76005554199219
2024-07-12,37.27872848510742
2024-07-15,36.85436248779297
2024-07-16,36.79777908325195
2024-07-17,36.79777908325195
2024-07-18,36.665748596191406
2024-07-19,36.41112518310547
2024-07-22,36.958091735839844
2024-07-23,36.42998504638672
2024-07-24,35.98675537109375
2024-07-25,35.8547248840332
2024-07-26,36.47713851928711
2024-07-29,36.0433349609375
2024-07-30,36.10934829711914
2024-07-31,36.31682205200195
2024-08-01,35.30775833129883
2024-08-02,35.42092514038086
2024-08-05,34.902244567871094
2024-08-06,34.845664978027344
2024-08-07,34.968265533447266
2024-08-08,35.31718826293945
2024-08-09,35.468074798583984
2024-08-12,35.3360481262207
2024-08-13,35.76042175292969
2024-08-14,36.005615234375
2024-08-15,36.30739212036133
2024-08-16,36.590309143066406
2024-08-19,37.0052490234375
2024-08-20,37.042964935302734
2024-08-21,37.45791244506836
2024-08-22,37.09012222290039
2024-08-23,37.78797912597656
2024-08-26,37.7502555847168
2024-08-27,37.70310592651367
2024-08-28,37.514488220214844
2024-08-29,37.5616455078125
2024-08-30,37.608795166015625
2024-09-03,37.11841583251953
2024-09-04,36.986385345458984
2024-09-05,36.80720901489258
2024-09-06,36.28852844238281
2024-09-09,36.580875396728516
2024-09-10,36.49599838256836
2024-09-11,36.64688491821289
2024-09-12,36.76948928833008
2024-09-13,36.87321853637695
2024-09-16,37.20328903198242
2024-09-17,37.07126235961914
2024-09-18,36.967525482177734
2024-09-19,38.014312744140625
2024-09-20,37.439048767089844
2024-09-23,37.382469177246094
2024-09-24,37.948299407958984
2024-09-25,37.599369049072266
2024-09-26,38.75931930541992
2024-09-27,38.77817916870117
2024-09-30,38.09918212890625
2024-10-01,37.533355712890625
2024-10-02,37.37303924560547
2024-10-03,36.84492874145508
2024-10-04,37.2315788269043
2024-10-07,37.05239486694336
2024-10-08,36.97695541381836
2024-10-09,36.958091735839844
2024-10-10,36.939231872558594
2024-10-11,37.099552154541016
2024-10-14,37.099552154541016
2024-10-15,36.36397933959961
2024-10-16,36.571441650390625
2024-10-17,36.67517852783203
2024-10-18,37.01467514038086
2024-10-21,36.49599838256836
2024-10-22,36.420555114746094
2024-10-23,36.07162857055664
2024-10-24,36.24137878417969
2024-10-25,36.07162857055664
2024-10-28,36.609169006347656
2024-10-29,36.24137878417969
2024-10-30,36.09048843383789
2024-10-31,35.75099182128906
2024-11-01,35.79814529418945
2024-11-04,35.7792854309082
2024-11-05,36.20365905761719
2024-11-06,35.30775833129883
2024-11-07,35.967891693115234
2024-11-08,35.23231506347656
2024-11-11,35.24174118041992
2024-11-12,34.31755828857422
2024-11-13,34.072364807128906
2024-11-14,34.2232551574707
2024-11-15,34.21382141113281
2024-11-18,34.31755828857422
2024-11-19,34.1949577331543
2024-11-20,33.99692153930664
2024-11-21,33.81774139404297
2024-11-22,33.78944778442383
2024-11-25,33.88375473022461
2024-11-26,33.61970520019531
2024-11-27,33.7800178527832
2024-11-29,34.18552780151367
2024-12-02,33.94976806640625
2024-12-03,34.110084533691406
2024-12-04,34.23268127441406
2024-12-05,34.60990905761719
2024-12-06,35.10028839111328
2024-12-09,35.16630554199219
2024-12-10,34.75135803222656
2024-12-11,34.92110824584961
2024-12-12,34.65705490112305
2024-12-13,34.75135803222656
2024-12-16,34.515594482421875
2024-12-17,34.507991790771484
2024-12-18,33.728904724121094
2024-12-19,33.74790954589844
2024-12-20,33.86192321777344
2024-12-23,33.96643829345703
2024-12-24,34.17545700073242
2024-12-26,34.31797409057617
2024-12-27,34.26097106933594
2024-12-30,34.023441314697266
2024-12-31,34.08995056152344
2025-01-02,33.766910552978516
2025-01-03,33.586387634277344
2025-01-06,34.43198776245117
2025-01-07,34.536495208740234
2025-01-08,34.31797409057617
2025-01-10,34.10895538330078
2025-01-13,34.03293991088867
2025-01-14,34.26097106933594
2025-01-15,34.422489166259766
2025-01-16,35.220577239990234
2025-01-17,35.42960739135742
2025-01-21,36.26569747924805
2025-01-22,36.39871597290039
2025-01-23,36.82625961303711
2025-01-24,37.168304443359375
2025-01-27,37.19681167602539
2025-01-28,36.81676483154297
2025-01-29,36.6932487487793
2025-01-30,36.98778533935547
2025-01-31,36.7027473449707
2025-02-03,36.056678771972656
2025-02-04,36.683746337890625
2025-02-05,36.73125457763672
2025-02-06,37.1017951965332
2025-02-07,36.7027473449707
2025-02-10,36.854766845703125
2025-02-11,37.23480987548828
2025-02-12,37.63385772705078
2025-02-13,37.89038848876953
2025-02-14,38.279930114746094
2025-02-18,38.279930114746094
2025-02-19,37.738372802734375
2025-02-20,38.089908599853516
2025-02-21,37.79537582397461
2025-02-24,37.6053581237793
2025-02-25,37.8998908996582
2025-02-26,37.8998908996582
2025-02-27,37.47233963012695
2025-02-28,37.567352294921875
2025-03-03,38.34644317626953
2025-03-04,38.745487213134766
2025-03-05,39.92362594604492
2025-03-06,39.363059997558594
2025-03-07,39.78110885620117
2025-03-10,38.95451354980469
2025-03-11,39.04002380371094
2025-03-12,38.92601013183594
2025-03-13,38.450950622558594
2025-03-14,39.23004150390625
2025-03-17,39.600582122802734
2025-03-18,39.72410202026367
2025-03-19,39.87611770629883
2025-03-20,39.220542907714844
2025-03-21,38.86899948120117
2025-03-24,38.86899948120117
2025-03-25,39.17303466796875
2025-03-26,38.46045684814453
2025-03-27,38.52695846557617
2025-03-28,38.33694076538086
2025-03-31,37.81438064575195
2025-04-01,38.05190658569336
2025-04-02,38.17542266845703
2025-04-03,37.51034164428711
2025-04-04,35.35359573364258
2025-04-07,34.17545700073242
2025-04-08,33.87142562866211
2025-04-09,36.683746337890625
2025-04-10,36.09468078613281
2025-04-11,37.02579116821289
2025-04-14,36.911773681640625
2025-04-15,37.054290771484375
2025-04-16,37.01628494262695
2025-04-17,37.26331329345703
2025-04-21,37.02579116821289
2025-04-22,37.85238265991211
2025-04-23,38.118412017822266
2025-04-24,38.68848419189453
2025-04-25,38.90700912475586
2025-04-28,38.992515563964844
2025-04-29,38.89750289916992
2025-04-30,38.992515563964844
2025-05-01,39.02101516723633
2025-05-02,39.7716064453125
2025-05-05,39.752601623535156
2025-05-06,39.5435791015625
2025-05-07,39.258544921875
2025-05-08,39.258544921875
2025-05-09,39.600582122802734
2025-05-12,39.72410202026367
2025-05-13,39.999629974365234
2025-05-14,39.79060745239258
2025-05-15,39.99013137817383
2025-05-16,40.142147064208984
2025-05-19,40.59819793701172
2025-05-20,40.94974136352539
2025-05-21,40.57919692993164
2025-05-22,40.522193908691406
2025-05-23,40.284664154052734
2025-05-27,40.778724670410156
2025-05-28,40.351173400878906
2025-05-29,40.626705169677734
2025-05-30,40.37017822265625
2025-06-02,40.98774337768555
2025-06-03,40.70271301269531
2025-06-04,40.93074417114258
2025-06-05,40.89273452758789
2025-06-06,40.89273452758789
2025-06-09,40.93074417114258
2025-06-10,41.05424880981445
2025-06-11,40.95924377441406
2025-06-12,41.39629364013672
2025-06-13,40.693214416503906
2025-06-16,41.01778030395508
2025-06-17,40.561058044433594
2025-06-18,40.49302673339844
2025-06-20,40.12376403808594
2025-06-23,40.39585876464844
2025-06-24,40.85258102416992
2025-06-25,40.706817626953125
2025-06-26,40.94975662231445
2025-06-27,41.4064826965332
2025-06-30,41.59111785888672
2025-07-01,41.65913772583008
2025-07-02,42.0478401184082
2025-07-03,41.86320877075195
2025-07-07,41.47450256347656
2025-07-08,42.0478401184082
2025-07-09,42.601741790771484
2025-07-10,42.5142822265625
2025-07-11,42.05755615234375
2025-07-14,41.902076721191406
2025-07-15,41.35789489746094
2025-07-16,41.53281021118164
2025-07-17,41.766029357910156
2025-07-18,41.707725524902344
2025-07-21,41.81461715698242
2025-07-22,41.94094467163086
2025-07-23,43.14592361450195
2025-07-24,42.174171447753906
2025-07-25,42.48513412475586
2025-07-28,41.59111785888672
2025-07-29,41.6980094909668
2025-07-30,41.27043533325195
2025-07-31,40.75540542602539
2025-08-01,40.25981140136719
2025-08-04,40.67766571044922
2025-08-05,40.64851379394531
2025-08-06,40.83314514160156
2025-08-07,41.28987503051758
2025-08-08,41.47450256347656
2025-08-11,41.15382385253906
2025-08-12,41.67857360839844
2025-08-13,42.08671188354492
2025-08-14,42.27134704589844
2025-08-15,42.65032958984375
2025-08-18,42.31993103027344
2025-08-19,42.582305908203125
2025-08-20,42.72806930541992
2025-08-21,42.31993103027344
2025-08-22,42.93213653564453
2025-08-25,41.74659729003906
2025-08-26,41.3773307800293
2025-08-27,41.35789489746094
2025-08-28,41.688289642333984
2025-08-29,41.387046813964844
2025-09-02,41.09552001953125
2025-09-03,41.338462829589844
2025-09-04,41.35789489746094
2025-09-05,41.35789489746094
2025-09-08,41.77574920654297
2025-09-09,41.843772888183594
2025-09-10,41.688289642333984
2025-09-11,42.30049514770508
2025-09-12,42.261627197265625
2025-09-15,42.65032958984375
2025-09-16,42.582305908203125
2025-09-17,42.30049514770508
2025-09-18,42.601741790771484
2025-09-19,42.446258544921875
2025-09-22,42.543434143066406
2025-09-23,42.65032958984375
2025-09-24,42.18388748168945
2025-09-25,41.83405303955078
2025-09-26,42.358802795410156
2025-09-29,42.543434143066406
2025-09-30,42.68920135498047
2025-10-01,43.23338317871094
2025-10-02,43.505470275878906
2025-10-03,43.641517639160156
2025-10-06,42.94185256958008
2025-10-07,42.55315399169922
2025-10-08,43.04874801635742
2025-10-09,42.65032958984375
2025-10-10,42.06727600097656
2025-10-13,42.125579833984375
2025-10-14,42.883548736572266
2025-10-15,43.16535949707031
2025-10-16,43.87474060058594
2025-10-17,43.95248031616211
2025-10-20,43.9233283996582
2025-10-21,43.70954132080078
2025-10-22,43.641517639160156
2025-10-23,43.99135208129883
2025-10-24,43.835872650146484
2025-10-27,44.049659729003906
2025-10-28,43.865020751953125
2025-10-29,43.59292984008789
2025-10-30,43.184791564941406
2025-10-31,43.02931213378906
2025-11-03,42.82524490356445
2025-11-04,42.397674560546875
2025-11-05,42.6406135559082
2025-11-06,42.193599700927734
2025-11-07,42.543434143066406
2025-11-10,42.94185256958008
2025-11-11,43.447166442871094
2025-11-12,43.865020751953125
2025-11-13,43.767845153808594
2025-11-14,43.5734977722168
2025-11-17,42.951576232910156
2025-11-18,42.397674560546875
2025-11-19,42.213035583496094
2025-11-20,41.77574920654297
2025-11-21,42.45597457885742
2025-11-24,42.106143951416016
2025-11-25,42.815528869628906
2025-11-26,43.17507553100586
2025-11-28,43.31112289428711
2025-12-01,43.155643463134766
2025-12-02,43.184791564941406
2025-12-03,43.52490997314453
2025-12-04,43.48603820800781
2025-12-05,43.359710693359375
2025-12-08,43.38886260986328
2025-12-09,42.96128845214844
2025-12-10,43.32084274291992
2025-12-11,43.72897720336914
2025-12-12,43.61236572265625
2025-12-15,43.903892517089844
2025-12-16,43.89216995239258
2025-12-17,43.57963180541992
2025-12-18,43.755435943603516
2025-12-19,43.86287307739258
2025-12-22,43.911705017089844
2025-12-23,43.85310745239258
2025-12-24,43.93124008178711
2025-12-26,44.1265754699707
2025-12-29,43.941009521484375
2025-12-30,44.08750915527344
2025-12-31,43.941009521484375
2026-01-02,44.25354766845703
2026-01-05,44.36097717285156
2026-01-06,44.536781311035156
2026-01-07,44.34144973754883
2026-01-08,44.400047302246094
2026-01-09,44.81025695800781
2026-01-12,45.025123596191406
2026-01-13,44.888389587402344
2026-01-14,44.80048751831055
2026-01-15,44.34144973754883
2026-01-16,44.234012603759766
2026-01-20,43.51126480102539
2026-01-21,43.99960708618164
2026-01-22,44.1070442199707
2026-01-23,44.44887924194336
2026-01-26,44.58562088012695
2026-01-27,45.0739631652832
2026-01-28,44.468414306640625
2026-01-29,44.75165557861328
2026-01-30,44.29261016845703
2026-02-02,44.61491775512695
2026-02-03,44.62468338012695
2026-02-04,44.956756591796875
2026-02-05,44.663753509521484
2026-02-06,45.31813049316406
2026-02-09,45.89437484741211
2026-02-10,45.73810577392578
2026-02-11,45.982276916503906
2026-02-12,45.59160232543945
2026-02-13,45.61113739013672
2026-02-17,45.95297622680664
2026-02-18,45.933441162109375
2026-02-19,45.81623840332031
2026-02-20,46.56828689575195
2026-02-23,46.38271713256836
2026-02-24,46.50968551635742
2026-02-25,46.900360107421875
2026-02-26,47.22266387939453
2026-02-27,46.75385665893555
2026-03-02,45.48416519165039
2026-03-03,44.019142150878906
2026-03-04,44.175411224365234
2026-03-05,43.24755859375
2026-03-06,43.11082458496094
2026-03-09,43.16942596435547
2026-03-10,43.05222702026367
2026-03-11,43.16942596435547
2026-03-12,42.56388473510742
2026-03-13,41.802066802978516
2026-03-16,42.46621322631836
2026-03-17,42.63225173950195
2026-03-18,42.10484313964844
2026-03-19,42.19274139404297
2026-03-20,40.70818328857422
2026-03-23,41.84113693237305
2026-03-24,41.450462341308594
2026-03-25,41.96810531616211
2026-03-26,41.264892578125
2026-03-27,40.89375305175781
2026-03-30,40.99142074584961
2026-03-31,42.36854553222656
2026-04-01,42.82758712768555
2026-04-02,42.72991943359375
2026-04-06,43.1303596496582
2026-04-07,42.99362564086914
2026-04-08,44.80048751831055
2026-04-09,44.80048751831055
2026-04-10,44.78095245361328
2026-04-13,44.995826721191406
2026-04-14,45.41579818725586
2026-04-15,45.05442810058594
2026-04-16,44.986061096191406
2026-04-17,45.669734954833984
2026-04-20,45.38650131225586
2026-04-21,44.3023796081543
2026-04-22,44.29261016845703
2026-04-23,44.14611053466797
2026-04-24,44.32191467285156
2026-04-27,44.14611053466797
2026-04-28,43.84333801269531
2026-04-29,43.472198486328125
2026-04-30,44.2730827331543
2026-05-01,44.3121452331543
2026-05-04,43.23779296875
2026-05-05,44.06797409057617
2026-05-06,45.630672454833984
2026-05-07,44.47818374633789
2026-05-08,44.693050384521484
2026-05-11,44.429351806640625
2026-05-12,44.05820846557617
2026-05-13,44.08750915527344
2026-05-14,43.980072021484375
2026-05-15,43.1303596496582
2026-05-18,43.78474044799805
2026-05-19,43.38429641723633
2026-05-20,44.429351806640625
2026-05-21,44.43911361694336
2026-05-22,44.1168098449707
2026-05-26,44.84931945800781
2026-05-27,44.92745590209961
2026-05-28,44.92745590209961
2026-05-29,44.89815902709961
2026-06-01,44.75165557861328
2026-06-02,45.005592346191406
2026-06-03,44.468414306640625
2026-06-04,45.210697174072266
2026-06-05,44.3023796081543
2026-06-08,44.48794937133789
2026-06-09,44.81025695800781
2026-06-10,44.204708099365234
2026-06-11,45.45486831665039
2026-06-12,45.53300094604492
2026-06-15,45.75
2026-06-16,46.13999938964844
2026-06-17,45.349998474121094
2026-06-18,45.810001373291016
2026-06-22,45.209999084472656
2026-06-23,44.75
2026-06-24,44.84000015258789
2026-06-25,45.13999938964844
2026-06-26,44.81999969482422
2026-06-29,45.16999816894531
2026-06-30,45.43000030517578
2026-07-01,44.959999084472656
2026-07-02,45.91999816894531
2026-07-06,46.06999969482422
2026-07-07,45.5
2026-07-08,44.93000030517578
2026-07-09,45.040000915527344
2026-07-10,45.040000915527344
2026-07-13,44.83000183105469
2026-07-14,45.040000915527344
2026-07-15,45.470001220703125
2026-07-16,45.18000030517578
2026-07-17,45.13999938964844
2026-07-20,44.7400016784668
2026-07-21,45.189998626708984
2026-07-22,45.52000045776367
2026-07-23,44.689998626708984
2026-07-24,44.95000076293945
2026-07-27,45.29999923706055
2026-07-28,45.68000030517578
2026-07-29,45.5099983215332
2026-07-30,46.470001220703125
2026-07-31,46.54999923706055
2026-08-03,47.0099983215332
2026-08-04,47.529998779296875
2026-08-05,47.540000915527344
2026-08-06,47.599998474121094
2026-08-07,47.900001525878906
2026-08-10,47.75
2026-08-11,47.689998626708984
2026-08-12,47.5099983215332
2026-08-13,47.369998931884766
2026-08-14,47.470001220703125
2026-08-17,47.13999938964844
2026-08-18,46.75
2026-08-19,47.15999984741211
2026-08-20,46.88999938964844
2026-08-21,47.0
2026-08-24,46.939998626708984
2026-08-25,46.90999984741211
2026-08-26,46.849998474121094
2026-08-27,46.130001068115234
2026-08-28,46.20000076293945
2026-08-31,45.86000061035156
2026-09-01,45.439998626708984
2026-09-02,45.59000015258789
2026-09-03,45.7400016784668
2026-09-04,45.689998626708984
2026-09-08,45.619998931884766
2026-09-09,44.88999938964844
2026-09-10,44.619998931884766
2026-09-11,44.93000030517578
2026-09-14,44.5099983215332
2026-09-15,44.290000915527344
2026-09-16,44.150001525878906
2026-09-17,44.40999984741211
2026-09-18,43.709999084472656
2026-09-21,44.220001220703125
2026-09-22,44.25
2026-09-23,43.630001068115234
2026-09-24,43.720001220703125
2026-09-25,43.849998474121094
2026-09-28,43.779998779296875
2026-09-29,43.27000045776367
2026-09-30,42.599998474121094
2026-10-01,41.709999084472656
2026-10-02,42.22999954223633
2026-10-05,41.790000915527344
2026-10-06,41.810001373291016
2026-10-07,41.34000015258789
