date,adjclose
2011-10-10,34.76020812988281
2011-10-11,34.641571044921875
2011-10-12,36.34202194213867
2011-10-13,35.63019561767578
2011-10-14,37.291107177734375
2011-10-17,35.70929718017578
2011-10-18,36.658382415771484
2011-10-19,35.90701675415039
2011-10-20,36.61883544921875
2011-10-21,36.697933197021484
2011-10-24,38.04246520996094
2011-10-25,37.40974044799805
2011-10-26,38.754276275634766
2011-10-27,41.24562454223633
2011-10-28,41.20606994628906
2011-10-31,39.94062423706055
2011-11-01,37.686553955078125
2011-11-02,38.7938232421875
2011-11-03,39.347450256347656
2011-11-04,38.71472930908203
2011-11-07,37.84473419189453
2011-11-08,38.27973556518555
2011-11-09,36.06520462036133
2011-11-10,36.223392486572266
2011-11-11,37.251564025878906
2011-11-14,37.093379974365234
2011-11-15,37.330650329589844
2011-11-16,36.10474395751953
2011-11-17,35.274288177490234
2011-11-18,35.551109313964844
2011-11-21,33.811126708984375
2011-11-22,33.45521545410156
2011-11-23,32.031593322753906
2011-11-25,31.7943172454834
2011-11-28,32.743408203125
2011-11-29,33.178401947021484
2011-11-30,35.35338592529297
2011-12-01,35.23474884033203
2011-12-02,35.11611557006836
2011-12-05,35.70929718017578
2011-12-06,35.23474884033203
2011-12-07,35.31383514404297
2011-12-08,34.12749099731445
2011-12-09,34.839298248291016
2011-12-12,33.850669860839844
2011-12-13,32.98067855834961
2011-12-14,32.42704391479492
2011-12-15,32.466590881347656
2011-12-16,32.466590881347656
2011-12-19,31.675682067871094
2011-12-20,32.743408203125
2011-12-21,32.664310455322266
2011-12-22,32.308406829833984
2011-12-23,32.545684814453125
2011-12-27,32.308406829833984
2011-12-28,31.75477409362793
2011-12-29,32.031593322753906
2011-12-30,32.22932052612305
2012-01-03,33.573856353759766
2012-01-04,34.28566360473633
2012-01-05,33.92976760864258
2012-01-06,33.33658218383789
2012-01-09,33.6529426574707
2012-01-10,34.24612045288086
2012-01-11,34.839298248291016
2012-01-12,35.788387298583984
2012-01-13,35.748836517333984
2012-01-17,38.31927490234375
2012-01-18,40.296531677246094
2012-01-19,41.32470703125
2012-01-20,40.5733528137207
2012-01-23,41.561981201171875
2012-01-24,40.88972091674805
2012-01-25,41.561981201171875
2012-01-26,41.16653060913086
2012-01-27,41.60152816772461
2012-01-30,41.126991271972656
2012-01-31,41.482887268066406
2012-02-01,40.88972091674805
2012-02-02,41.04789733886719
2012-02-03,41.364253997802734
2012-02-06,40.929264068603516
2012-02-07,41.087440490722656
2012-02-08,40.85017395019531
2012-02-09,40.771080017089844
2012-02-10,39.22880554199219
2012-02-13,39.426536560058594
2012-02-14,38.6751823425293
2012-02-15,38.71472930908203
2012-02-16,40.61289596557617
2012-02-17,41.32470703125
2012-02-21,42.47153091430664
2012-02-22,42.985618591308594
2012-02-23,42.78787612915039
2012-02-24,42.906517028808594
2012-02-27,42.47153091430664
2012-02-28,42.51106643676758
2012-02-29,42.1551628112793
2012-03-01,42.43197250366211
2012-03-02,41.4037971496582
2012-03-05,40.69198989868164
2012-03-06,38.754276275634766
2012-03-07,39.22880554199219
2012-03-08,39.98016357421875
2012-03-09,40.217445373535156
2012-03-12,39.821990966796875
2012-03-13,41.522430419921875
2012-03-14,39.94062423706055
2012-03-15,39.98016357421875
2012-03-16,39.821990966796875
2012-03-19,40.37562942504883
2012-03-20,39.466087341308594
2012-03-21,39.5451774597168
2012-03-22,38.39836502075195
2012-03-23,38.27973556518555
2012-03-26,39.22880554199219
2012-03-27,39.22880554199219
2012-03-28,38.71472930908203
2012-03-29,37.84473419189453
2012-03-30,37.17247009277344
2012-04-02,37.251564025878906
2012-04-03,35.82793426513672
2012-04-04,34.997474670410156
2012-04-05,34.918392181396484
2012-04-09,34.206573486328125
2012-04-10,33.6529426574707
2012-04-11,33.89021301269531
2012-04-12,35.63019561767578
2012-04-13,34.997474670410156
2012-04-16,34.443843841552734
2012-04-17,36.14429473876953
2012-04-18,35.788387298583984
2012-04-19,35.274288177490234
2012-04-20,35.94655990600586
2012-04-23,34.562477111816406
2012-04-24,34.28566360473633
2012-04-25,35.155662536621094
2012-04-26,35.66975021362305
2012-04-27,35.748836517333984
2012-04-30,35.31383514404297
2012-05-01,36.02565383911133
2012-05-02,36.02565383911133
2012-05-03,35.155662536621094
2012-05-04,34.16703414916992
2012-05-07,33.45521545410156
2012-05-08,32.50613784790039
2012-05-09,31.63613510131836
2012-05-10,31.95250701904297
2012-05-11,31.675682067871094
2012-05-14,30.21251106262207
2012-05-15,28.709806442260742
2012-05-16,27.365262985229492
2012-05-17,27.64207649230957
2012-05-18,27.12799072265625
2012-05-21,27.958436965942383
2012-05-22,27.68161964416504
2012-05-23,28.03753089904785
2012-05-24,27.958436965942383
2012-05-25,28.393436431884766
2012-05-29,29.223886489868164
2012-05-30,28.472532272338867
2012-05-31,28.195711135864258
2012-06-01,27.404808044433594
2012-06-04,26.732542037963867
2012-06-05,27.562984466552734
2012-06-06,28.472532272338867
2012-06-07,28.274799346923828
2012-06-08,27.997983932495117
2012-06-11,27.207075119018555
2012-06-12,27.562984466552734
2012-06-13,27.483901977539062
2012-06-14,27.83980941772461
2012-06-15,28.551616668701172
2012-06-18,29.06570053100586
2012-06-19,29.896148681640625
2012-06-20,29.777515411376953
2012-06-21,28.314340591430664
2012-06-22,29.026166915893555
2012-06-25,27.997983932495117
2012-06-26,27.958436965942383
2012-06-27,28.432979583740234
2012-06-28,28.432979583740234
2012-06-29,29.500696182250977
2012-07-02,29.896148681640625
2012-07-03,30.726600646972656
2012-07-05,30.924327850341797
2012-07-06,30.48933219909668
2012-07-09,30.05433464050293
2012-07-10,29.184337615966797
2012-07-11,29.184337615966797
2012-07-12,28.82843589782715
2012-07-13,29.382068634033203
2012-07-16,29.10524559020996
2012-07-17,28.86797523498535
2012-07-18,28.630704879760742
2012-07-19,29.421606063842773
2012-07-20,29.144792556762695
2012-07-23,28.314340591430664
2012-07-24,27.879344940185547
2012-07-25,28.35389518737793
2012-07-26,28.630704879760742
2012-07-27,28.709806442260742
2012-07-30,28.35389518737793
2012-07-31,29.026166915893555
2012-08-01,27.80025863647461
2012-08-02,27.52344512939453
2012-08-03,28.077070236206055
2012-08-06,28.274799346923828
2012-08-07,28.314340591430664
2012-08-08,28.235254287719727
2012-08-09,28.591161727905273
2012-08-10,28.591161727905273
2012-08-13,28.314340591430664
2012-08-14,28.82843589782715
2012-08-15,30.252063751220703
2012-08-16,31.003421783447266
2012-08-17,31.0429630279541
2012-08-20,31.082502365112305
2012-08-21,31.161596298217773
2012-08-22,31.35932159423828
2012-08-23,31.20114517211914
2012-08-24,31.398866653442383
2012-08-27,31.003421783447266
2012-08-28,30.48933219909668
2012-08-29,30.449787139892578
2012-08-30,29.540246963500977
2012-08-31,29.817066192626953
2012-09-04,29.777515411376953
2012-09-05,29.302976608276367
2012-09-06,29.896148681640625
2012-09-07,30.766145706176758
2012-09-10,30.48933219909668
2012-09-11,30.845230102539062
2012-09-12,30.528873443603516
2012-09-13,31.715229034423828
2012-09-14,32.58523178100586
2012-09-17,32.18977737426758
2012-09-18,32.42704391479492
2012-09-19,32.347957611083984
2012-09-20,32.031593322753906
2012-09-21,31.992046356201172
2012-09-24,31.24068832397461
2012-09-25,30.449787139892578
2012-09-26,29.73797035217285
2012-09-27,30.528873443603516
2012-09-28,30.252063751220703
2012-10-01,29.896148681640625
2012-10-02,29.658885955810547
2012-10-03,29.658885955810547
2012-10-04,29.698429107666016
2012-10-05,29.61933708190918
2012-10-08,29.461153030395508
2012-10-09,28.86797523498535
2012-10-10,28.630704879760742
2012-10-11,28.630704879760742
2012-10-12,28.393436431884766
2012-10-15,28.195711135864258
2012-10-16,28.591161727905273
2012-10-17,28.551616668701172
2012-10-18,28.314340591430664
2012-10-19,27.721172332763672
2012-10-22,28.195711135864258
2012-10-23,27.83980941772461
2012-10-24,27.483901977539062
2012-10-25,27.997983932495117
2012-10-26,27.83980941772461
2012-10-31,27.997983932495117
2012-11-01,27.28618049621582
2012-11-02,26.851173400878906
2012-11-05,26.6929988861084
2012-11-06,26.89072036743164
2012-11-07,26.416179656982422
2012-11-08,25.902090072631836
2012-11-09,25.704360961914062
2012-11-12,25.664817810058594
2012-11-13,24.9925537109375
2012-11-14,23.806194305419922
2012-11-15,23.17347526550293
2012-11-16,23.292110443115234
2012-11-19,23.92483139038086
2012-11-20,24.201648712158203
2012-11-21,23.806194305419922
2012-11-23,24.320281982421875
2012-11-26,24.122556686401367
2012-11-27,23.845741271972656
2012-11-28,24.0830135345459
2012-11-29,24.51801109313965
2012-11-30,24.0830135345459
2012-12-03,23.806194305419922
2012-12-04,23.806194305419922
2012-12-05,23.72710418701172
2012-12-06,23.41074562072754
2012-12-07,23.371196746826172
2012-12-10,23.2525634765625
2012-12-11,23.806194305419922
2012-12-12,24.201648712158203
2012-12-13,24.04346466064453
2012-12-14,24.59709930419922
2012-12-17,26.020729064941406
2012-12-18,26.930265426635742
2012-12-19,26.574359893798828
2012-12-20,26.969812393188477
2012-12-21,26.37663459777832
2012-12-24,25.981178283691406
2012-12-26,26.020729064941406
2012-12-27,26.036846160888672
2012-12-28,25.674102783203125
2012-12-31,26.23836898803711
2013-01-02,27.407209396362305
2013-01-03,26.9638614654541
2013-01-04,26.9638614654541
2013-01-07,26.88324737548828
2013-01-08,27.165382385253906
2013-01-09,27.608728408813477
2013-01-10,28.17299461364746
2013-01-11,27.689346313476562
2013-01-14,28.576045989990234
2013-01-15,28.938783645629883
2013-01-16,29.140308380126953
2013-01-17,30.22853660583496
2013-01-18,29.98670768737793
2013-01-22,29.825498580932617
2013-01-23,29.301525115966797
2013-01-24,29.180614471435547
2013-01-25,28.69696044921875
2013-01-28,28.21329689025879
2013-01-29,28.656654357910156
2013-01-30,28.616342544555664
2013-01-31,28.495433807373047
2013-02-01,28.656654357910156
2013-02-04,28.69696044921875
2013-02-05,28.616342544555664
2013-02-06,28.495433807373047
2013-02-07,28.17299461364746
2013-02-08,28.414823532104492
2013-02-11,28.17299461364746
2013-02-12,27.931169509887695
2013-02-13,27.931169509887695
2013-02-14,28.21329689025879
2013-02-15,28.1326961517334
2013-02-19,28.21329689025879
2013-02-20,27.56842613220215
2013-02-21,27.125076293945312
2013-02-22,27.32659912109375
2013-02-25,26.560810089111328
2013-02-26,26.520503997802734
2013-02-27,26.722023010253906
2013-02-28,26.278675079345703
2013-03-01,26.198068618774414
2013-03-04,25.8353271484375
2013-03-05,25.8353271484375
2013-03-06,25.714412689208984
2013-03-07,25.915937423706055
2013-03-08,26.198068618774414
2013-03-11,26.0771541595459
2013-03-12,26.11745834350586
2013-03-13,25.95623779296875
2013-03-14,25.996543884277344
2013-03-15,26.359285354614258
2013-03-18,26.0771541595459
2013-03-19,25.714412689208984
2013-03-20,25.8353271484375
2013-03-21,26.0771541595459
2013-03-22,26.11745834350586
2013-03-25,26.0771541595459
2013-03-26,26.0771541595459
2013-03-27,25.795019149780273
2013-03-28,25.915937423706055
2013-04-01,25.795019149780273
2013-04-02,25.351665496826172
2013-04-03,24.585878372192383
2013-04-04,24.182832717895508
2013-04-05,24.182832717895508
2013-04-08,24.26343536376953
2013-04-09,24.54557228088379
2013-04-10,24.54557228088379
2013-04-11,24.585878372192383
2013-04-12,24.102222442626953
2013-04-15,22.449726104736328
2013-04-16,22.6512508392334
2013-04-17,21.845157623291016
2013-04-18,21.4824161529541
2013-04-19,21.724246978759766
2013-04-22,21.804851531982422
2013-04-23,21.885459899902344
2013-04-24,22.167593002319336
2013-04-25,22.20789909362793
2013-04-26,22.449726104736328
2013-04-29,22.6512508392334
2013-04-30,22.69155502319336
2013-05-01,22.086984634399414
2013-05-02,22.086984634399414
2013-05-03,22.409423828125
2013-05-06,22.973691940307617
2013-05-07,23.17521095275879
2013-05-08,23.658870697021484
2013-05-09,23.82008934020996
2013-05-10,23.94099998474121
2013-05-13,23.739477157592773
2013-05-14,23.57825469970703
2013-05-15,23.49764633178711
2013-05-16,23.75290870666504
2013-05-17,23.833524703979492
2013-05-20,24.196264266967773
2013-05-21,24.330615997314453
2013-05-22,23.76634979248047
2013-05-23,23.60512924194336
2013-05-24,23.76634979248047
2013-05-28,23.846956253051758
2013-05-29,24.370920181274414
2013-05-30,24.773969650268555
2013-05-31,24.357486724853516
2013-06-03,24.814268112182617
2013-06-04,24.90831184387207
2013-06-05,24.55901336669922
2013-06-06,24.747098922729492
2013-06-07,24.70679473876953
2013-06-10,24.491830825805664
2013-06-11,23.914127349853516
2013-06-12,23.658870697021484
2013-06-13,23.981307983398438
2013-06-14,23.94099998474121
2013-06-17,24.303743362426758
2013-06-18,24.26343536376953
2013-06-19,23.726043701171875
2013-06-20,22.919946670532227
2013-06-21,22.81247329711914
2013-06-24,22.409423828125
2013-06-25,22.301942825317383
2013-06-26,22.100421905517578
2013-06-27,22.234771728515625
2013-06-28,22.31537628173828
2013-07-01,22.67812156677246
2013-07-02,22.664690017700195
2013-07-03,22.570642471313477
2013-07-05,22.436290740966797
2013-07-08,22.69155502319336
2013-07-09,23.08116912841797
2013-07-10,23.067729949951172
2013-07-11,23.712610244750977
2013-07-12,23.511085510253906
2013-07-15,23.17521095275879
2013-07-16,23.30956268310547
2013-07-17,23.34986686706543
2013-07-18,23.44391441345215
2013-07-19,23.591693878173828
2013-07-22,24.773969650268555
2013-07-23,25.05609703063965
2013-07-24,24.89488410949707
2013-07-25,24.881444931030273
2013-07-26,25.297929763793945
2013-07-29,26.23836898803711
2013-07-30,25.512882232666016
2013-07-31,24.357486724853516
2013-08-01,24.6799259185791
2013-08-02,23.699176788330078
2013-08-05,23.44391441345215
2013-08-06,23.094606399536133
2013-08-07,22.87964630126953
2013-08-08,23.658870697021484
2013-08-09,23.779781341552734
2013-08-12,23.887264251708984
2013-08-13,23.793216705322266
2013-08-14,23.685739517211914
2013-08-15,23.417043685913086
2013-08-16,23.148344039916992
2013-08-19,22.81247329711914
2013-08-20,22.81247329711914
2013-08-21,22.47659683227539
2013-08-22,22.906511306762695
2013-08-23,22.664690017700195
2013-08-26,23.161781311035156
2013-08-27,22.20789909362793
2013-08-28,22.436290740966797
2013-08-29,22.181028366088867
2013-08-30,21.898895263671875
2013-09-03,21.294328689575195
2013-09-04,21.213714599609375
2013-09-05,21.092802047729492
2013-09-06,20.730060577392578
2013-09-09,21.321191787719727
2013-09-10,21.46898078918457
2013-09-11,21.53615379333496
2013-09-12,21.2808895111084
2013-09-13,21.24058723449707
2013-09-16,21.133106231689453
2013-09-17,20.945018768310547
2013-09-18,20.985321044921875
2013-09-19,21.07936668395996
2013-09-20,20.985321044921875
2013-09-23,20.931581497192383
2013-09-24,20.636016845703125
2013-09-25,20.716625213623047
2013-09-26,20.689756393432617
2013-09-27,20.44793128967285
2013-09-30,20.488231658935547
2013-10-01,20.38075065612793
2013-10-02,20.56884002685547
2013-10-03,20.259838104248047
2013-10-04,20.206096649169922
2013-10-07,19.789613723754883
2013-10-08,19.40000343322754
2013-10-09,19.2119140625
2013-10-10,19.292524337768555
2013-10-11,19.25221824645996
2013-10-14,19.413440704345703
2013-10-15,19.064130783081055
2013-10-16,18.607343673706055
2013-10-17,19.22534942626953
2013-10-18,19.4537410736084
2013-10-21,19.547788619995117
2013-10-22,19.547788619995117
2013-10-23,19.305957794189453
2013-10-24,19.48061180114746
2013-10-25,20.66288185119629
2013-10-28,20.07175064086914
2013-10-29,19.789613723754883
2013-10-30,19.547788619995117
2013-10-31,19.668701171875
2013-11-01,19.31939697265625
2013-11-04,19.332828521728516
2013-11-05,19.1984806060791
2013-11-06,19.22534942626953
2013-11-07,18.916349411010742
2013-11-08,19.064130783081055
2013-11-11,19.05069923400879
2013-11-12,18.983524322509766
2013-11-13,18.862606048583984
2013-11-14,18.902912139892578
2013-11-15,19.144739151000977
2013-11-18,19.064130783081055
2013-11-19,19.077566146850586
2013-11-20,19.27909278869629
2013-11-21,19.265655517578125
2013-11-22,19.829917907714844
2013-11-25,19.883663177490234
2013-11-26,19.56122398376465
2013-11-27,19.762746810913086
2013-11-29,20.15235710144043
2013-12-02,20.13892364501953
2013-12-03,19.883663177490234
2013-12-04,19.722444534301758
2013-12-05,19.735877990722656
2013-12-06,20.05831527709961
2013-12-09,19.816482543945312
2013-12-10,19.722444534301758
2013-12-11,19.68213653564453
2013-12-12,19.48061180114746
2013-12-13,19.48061180114746
2013-12-16,19.588090896606445
2013-12-17,19.4537410736084
2013-12-18,19.655269622802734
2013-12-19,19.292524337768555
2013-12-20,19.292524337768555
2013-12-23,19.50748634338379
2013-12-24,19.668701171875
2013-12-26,20.044879913330078
2013-12-27,20.102970123291016
2013-12-30,20.69741439819336
2013-12-31,20.629867553710938
2014-01-02,20.2110538482666
2014-01-03,20.3731746673584
2014-01-06,20.481250762939453
2014-01-07,20.64337158203125
2014-01-08,20.54880714416504
2014-01-09,20.089460372924805
2014-01-10,20.251583099365234
2014-01-13,20.319133758544922
2014-01-14,20.508277893066406
2014-01-15,21.18378257751465
2014-01-16,21.21079444885254
2014-01-17,21.480995178222656
2014-01-21,22.372663497924805
2014-01-22,22.642864227294922
2014-01-23,22.345645904541016
2014-01-24,21.751203536987305
2014-01-27,21.87279510498047
2014-01-28,21.805240631103516
2014-01-29,21.616100311279297
2014-01-30,21.616100311279297
2014-01-31,21.34589958190918
2014-02-03,20.400196075439453
2014-02-04,20.629867553710938
2014-02-05,20.49476432800293
2014-02-06,20.859533309936523
2014-02-07,21.30536651611328
2014-02-10,21.21079444885254
2014-02-11,21.19728660583496
2014-02-12,21.453981399536133
2014-02-13,21.643123626708984
2014-02-14,21.751203536987305
2014-02-18,21.980871200561523
2014-02-19,21.643123626708984
2014-02-20,21.21079444885254
2014-02-21,21.35940933227539
2014-02-24,21.77821922302246
2014-02-25,23.345388412475586
2014-02-26,24.250560760498047
2014-02-27,24.08843994140625
2014-02-28,24.358642578125
2014-03-03,24.318113327026367
2014-03-04,25.317853927612305
2014-03-05,25.26382064819336
2014-03-06,25.169246673583984
2014-03-07,25.29083824157715
2014-03-10,24.75043487548828
2014-03-11,23.845260620117188
2014-03-12,24.142480850219727
2014-03-13,24.520763397216797
2014-03-14,24.101953506469727
2014-03-17,24.385663986206055
2014-03-18,24.66937255859375
2014-03-19,24.12897491455078
2014-03-20,24.34513282775879
2014-03-21,23.54804229736328
2014-03-24,23.331878662109375
2014-03-25,23.3183650970459
2014-03-26,22.89955711364746
2014-03-27,23.10220718383789
2014-03-28,23.04816436767578
2014-03-31,23.2373104095459
2014-04-01,24.12897491455078
2014-04-02,23.8182430267334
2014-04-03,23.83175277709961
2014-04-04,23.54804229736328
2014-04-07,22.305110931396484
2014-04-08,22.80498504638672
2014-04-09,23.183263778686523
2014-04-10,22.467233657836914
2014-04-11,22.29160499572754
2014-04-14,22.210540771484375
2014-04-15,21.886302947998047
2014-04-16,21.95384979248047
2014-04-17,22.183523178100586
2014-04-21,22.602333068847656
2014-04-22,22.494253158569336
2014-04-23,22.061931610107422
2014-04-24,21.886302947998047
2014-04-25,21.764713287353516
2014-04-28,20.96761703491211
2014-04-29,20.670392990112305
2014-04-30,20.737945556640625
2014-05-01,20.508277893066406
2014-05-02,20.737945556640625
2014-05-05,20.44072723388672
2014-05-06,19.99489402770996
2014-05-07,19.549062728881836
2014-05-08,19.33289909362793
2014-05-09,19.25183868408203
2014-05-12,19.765222549438477
2014-05-13,19.927339553833008
2014-05-14,19.954360961914062
2014-05-15,19.94084930419922
2014-05-16,19.711181640625
2014-05-19,19.643632888793945
2014-05-20,19.076210021972656
2014-05-21,19.035675048828125
2014-05-22,18.96812629699707
2014-05-23,19.197795867919922
2014-05-27,20.008405685424805
2014-05-28,20.021913528442383
2014-05-29,20.49476432800293
2014-05-30,20.2921142578125
2014-06-02,20.2110538482666
2014-06-03,19.6301212310791
2014-06-04,19.711181640625
2014-06-05,19.25183868408203
2014-06-06,19.238327026367188
2014-06-09,19.481510162353516
2014-06-10,19.373432159423828
2014-06-11,19.278860092163086
2014-06-12,19.522043228149414
2014-06-13,19.846284866333008
2014-06-16,19.72469139099121
2014-06-17,19.738201141357422
2014-06-18,19.765222549438477
2014-06-19,19.45448875427246
2014-06-20,19.427471160888672
2014-06-23,19.33289909362793
2014-06-24,19.103227615356445
2014-06-25,19.022171020507812
2014-06-26,19.22481918334961
2014-06-27,19.30588150024414
2014-06-30,19.549062728881836
2014-07-01,19.68416404724121
2014-07-02,20.11648178100586
2014-07-03,20.11648178100586
2014-07-07,20.008405685424805
2014-07-08,19.765222549438477
2014-07-09,19.2113094329834
2014-07-10,19.508525848388672
2014-07-11,19.589590072631836
2014-07-14,19.643632888793945
2014-07-15,19.603097915649414
2014-07-16,20.089460372924805
2014-07-17,19.99489402770996
2014-07-18,20.021913528442383
2014-07-21,20.76496124267578
2014-07-22,20.913576126098633
2014-07-23,20.88655662536621
2014-07-24,20.589330673217773
2014-07-25,20.724437713623047
2014-07-28,21.008148193359375
2014-07-29,20.913576126098633
2014-07-30,20.670392990112305
2014-07-31,20.048934936523438
2014-08-01,19.657140731811523
2014-08-04,19.80575180053711
2014-08-05,19.603097915649414
2014-08-06,19.751712799072266
2014-08-07,19.481510162353516
2014-08-08,19.738201141357422
2014-08-11,19.80575180053711
2014-08-12,19.87330436706543
2014-08-13,20.2110538482666
2014-08-14,20.56231689453125
2014-08-15,20.3731746673584
2014-08-18,20.54880714416504
2014-08-19,20.44072723388672
2014-08-20,20.305622100830078
2014-08-21,20.021913528442383
2014-08-22,20.17052459716797
2014-08-25,20.238075256347656
2014-08-26,20.278606414794922
2014-08-27,20.184036254882812
2014-08-28,20.197540283203125
2014-08-29,20.467744827270508
2014-09-02,20.184036254882812
2014-09-03,20.2110538482666
2014-09-04,20.14350128173828
2014-09-05,19.967876434326172
2014-09-08,19.589590072631836
2014-09-09,19.22481918334961
2014-09-10,19.35991859436035
2014-09-11,19.15726661682129
2014-09-12,19.1707820892334
2014-09-15,18.84653663635254
2014-09-16,18.92759895324707
2014-09-17,19.1707820892334
2014-09-18,19.427471160888672
2014-09-19,19.22481918334961
2014-09-22,18.792495727539062
2014-09-23,18.508785247802734
2014-09-24,18.60335922241211
2014-09-25,17.99540138244629
2014-09-26,17.954877853393555
2014-09-29,17.752222061157227
2014-09-30,17.52254867553711
2014-10-01,17.07672119140625
2014-10-02,16.73896598815918
2014-10-03,16.684926986694336
2014-10-06,16.725461959838867
2014-10-07,16.401216506958008
2014-10-08,16.33366584777832
2014-10-09,15.95538330078125
2014-10-10,15.55008316040039
2014-10-13,15.563593864440918
2014-10-14,15.347428321838379
2014-10-15,15.320411682128906
2014-10-16,15.563593864440918
2014-10-17,15.779754638671875
2014-10-20,15.941874504089355
2014-10-21,16.279626846313477
2014-10-22,15.96889591217041
2014-10-23,16.063467025756836
2014-10-24,15.887832641601562
2014-10-27,15.644652366638184
2014-10-28,16.02293586730957
2014-10-29,15.779754638671875
2014-10-30,15.577101707458496
2014-10-31,15.536571502685547
2014-11-03,15.414979934692383
2014-11-04,15.104249954223633
2014-11-05,15.52306079864502
2014-11-06,15.60412311553955
2014-11-07,17.68467140197754
2014-11-10,19.11673927307129
2014-11-11,18.833026885986328
2014-11-12,18.71143913269043
2014-11-13,17.91434097290039
2014-11-14,18.860044479370117
2014-11-17,19.04918670654297
2014-11-18,18.81951904296875
2014-11-19,18.60335922241211
2014-11-20,18.549320220947266
2014-11-21,18.549320220947266
2014-11-24,17.99540138244629
2014-11-25,17.981897354125977
2014-11-26,18.144014358520508
2014-11-28,17.387454986572266
2014-12-01,17.117250442504883
2014-12-02,16.725461959838867
2014-12-03,16.968637466430664
2014-12-04,16.779497146606445
2014-12-05,16.874067306518555
2014-12-08,16.38770294189453
2014-12-09,16.536317825317383
2014-12-10,16.103994369506836
2014-12-11,15.995915412902832
2014-12-12,15.766241073608398
2014-12-15,15.414979934692383
2014-12-16,15.414979934692383
2014-12-17,15.779754638671875
2014-12-18,16.00942039489746
2014-12-19,15.914852142333984
2014-12-22,16.090482711791992
2014-12-23,16.076974868774414
2014-12-24,15.928359985351562
2014-12-26,16.076974868774414
2014-12-29,15.98682975769043
2014-12-30,15.7473783493042
2014-12-31,15.98682975769043
2015-01-02,16.099506378173828
2015-01-05,15.592438697814941
2015-01-06,15.691036224365234
2015-01-07,15.81779956817627
2015-01-08,15.902318954467773
2015-01-09,15.733295440673828
2015-01-12,15.57835865020752
2015-01-13,15.113537788391113
2015-01-14,14.521956443786621
2015-01-15,14.648720741271973
2015-01-16,14.958598136901855
2015-01-20,14.57829761505127
2015-01-21,14.606470108032227
2015-01-22,14.451532363891602
2015-01-23,14.240246772766113
2015-01-26,14.367015838623047
2015-01-27,14.733235359191895
2015-01-28,14.367015838623047
2015-01-29,14.18390941619873
2015-01-30,14.240246772766113
2015-02-02,14.57829761505127
2015-02-03,14.831829071044922
2015-02-04,14.747323989868164
2015-02-05,15.183965682983398
2015-02-06,15.395245552062988
2015-02-09,15.28256607055664
2015-02-10,15.268476486206055
2015-02-11,14.944514274597168
2015-02-12,15.127625465393066
2015-02-13,15.183965682983398
2015-02-17,16.029081344604492
2015-02-18,15.944574356079102
2015-02-19,15.86005973815918
2015-02-20,15.691036224365234
2015-02-23,15.634696960449219
2015-02-24,15.761459350585938
2015-02-25,15.662869453430176
2015-02-26,15.409330368041992
2015-02-27,15.522016525268555
2015-03-02,15.381158828735352
2015-03-03,15.226222038269043
2015-03-04,15.42341423034668
2015-03-05,15.536093711853027
2015-03-06,15.198051452636719
2015-03-09,14.986774444580078
2015-03-10,14.493786811828613
2015-03-11,14.395187377929688
2015-03-12,14.620553016662598
2015-03-13,14.409271240234375
2015-03-16,14.507867813110352
2015-03-17,14.648720741271973
2015-03-18,15.099453926086426
2015-03-19,14.620553016662598
2015-03-20,14.8177490234375
2015-03-23,15.000855445861816
2015-03-24,15.04311466217041
2015-03-25,15.057194709777832
2015-03-26,14.860004425048828
2015-03-27,14.592384338378906
2015-03-30,14.521956443786621
2015-03-31,14.493786811828613
2015-04-01,14.465615272521973
2015-04-02,14.507867813110352
2015-04-06,14.507867813110352
2015-04-07,14.521956443786621
2015-04-08,14.381107330322266
2015-04-09,14.437445640563965
2015-04-10,14.521956443786621
2015-04-13,14.550127029418945
2015-04-14,14.465615272521973
2015-04-15,15.085369110107422
2015-04-16,15.071281433105469
2015-04-17,14.916343688964844
2015-04-20,15.268476486206055
2015-04-21,15.198051452636719
2015-04-22,16.127681732177734
2015-04-23,16.83194351196289
2015-04-24,16.64883804321289
2015-04-27,16.67700958251953
2015-04-28,17.043222427368164
2015-04-29,16.9305477142334
2015-04-30,16.536157608032227
2015-05-01,16.36713409423828
2015-05-04,16.409387588500977
2015-05-05,16.310791015625
2015-05-06,15.98682975769043
2015-05-07,15.888232231140137
2015-05-08,16.198108673095703
2015-05-11,16.000911712646484
2015-05-12,16.18402099609375
2015-05-13,16.747438430786133
2015-05-14,17.01505470275879
2015-05-15,16.77560806274414
2015-05-18,16.465728759765625
2015-05-19,16.07133674621582
2015-05-20,15.86005973815918
2015-05-21,15.733295440673828
2015-05-22,15.620609283447266
2015-05-26,15.14171314239502
2015-05-27,15.324816703796387
2015-05-28,15.352988243103027
2015-05-29,15.4375
2015-06-01,15.28256607055664
2015-06-02,15.592438697814941
2015-06-03,15.4375
2015-06-04,15.4375
2015-06-05,15.352988243103027
2015-06-08,15.198051452636719
2015-06-09,15.155793190002441
2015-06-10,15.367077827453613
2015-06-11,15.395245552062988
2015-06-12,15.029026985168457
2015-06-15,14.648720741271973
2015-06-16,14.507867813110352
2015-06-17,14.465615272521973
2015-06-18,14.268420219421387
2015-06-19,13.944458961486816
2015-06-22,13.874032020568848
2015-06-23,13.916289329528809
2015-06-24,13.71909236907959
2015-06-25,13.592327117919922
2015-06-26,13.535983085632324
2015-06-29,13.0711669921875
2015-06-30,12.986658096313477
2015-07-01,12.902145385742188
2015-07-02,12.930317878723145
2015-07-06,12.451416969299316
2015-07-07,12.423243522644043
2015-07-08,11.972515106201172
2015-07-09,11.972515106201172
2015-07-10,12.057025909423828
2015-07-13,12.197877883911133
2015-07-14,12.33873176574707
2015-07-15,12.127452850341797
2015-07-16,12.183793067932129
2015-07-17,11.902088165283203
2015-07-20,11.606295585632324
2015-07-21,11.620382308959961
2015-07-22,11.845746994018555
2015-07-23,11.620382308959961
2015-07-24,11.437271118164062
2015-07-27,11.02879810333252
2015-07-28,11.169650077819824
2015-07-29,11.296418190002441
2015-07-30,11.409103393554688
2015-07-31,11.493614196777344
2015-08-03,11.296418190002441
2015-08-04,11.296418190002441
2015-08-05,11.451359748840332
2015-08-06,11.535868644714355
2015-08-07,11.38093090057373
2015-08-10,11.986600875854492
2015-08-11,11.916172981262207
2015-08-12,11.972515106201172
2015-08-13,11.718978881835938
2015-08-14,11.747150421142578
2015-08-17,11.733062744140625
2015-08-18,11.648552894592285
2015-08-19,11.38093090057373
2015-08-20,11.155566215515137
2015-08-21,10.944286346435547
2015-08-24,10.155508041381836
2015-08-25,10.197766304016113
2015-08-26,10.18368148803711
2015-08-27,10.676666259765625
2015-08-28,10.887945175170898
2015-08-31,11.197822570800781
2015-09-01,10.873858451843262
2015-09-02,10.887945175170898
2015-09-03,10.944286346435547
2015-09-04,10.70483684539795
2015-09-08,11.085138320922852
2015-09-09,10.944286346435547
2015-09-10,10.84568977355957
2015-09-11,10.73300552368164
2015-09-14,10.521727561950684
2015-09-15,10.620325088500977
2015-09-16,10.84568977355957
2015-09-17,10.831604957580566
2015-09-18,10.606242179870605
2015-09-21,10.42313003540039
2015-09-22,10.254107475280762
2015-09-23,10.099167823791504
2015-09-24,10.099167823791504
2015-09-25,9.972399711608887
2015-09-28,9.634352684020996
2015-09-29,9.535757064819336
2015-09-30,9.789291381835938
2015-10-01,9.76112174987793
2015-10-02,9.98648452758789
2015-10-05,10.42313003540039
2015-10-06,10.606242179870605
2015-10-07,11.000627517700195
2015-10-08,11.310503005981445
2015-10-09,11.352762222290039
2015-10-12,11.099225044250488
2015-10-13,11.099225044250488
2015-10-14,11.141481399536133
2015-10-15,11.324589729309082
2015-10-16,11.28233528137207
2015-10-19,11.071057319641113
2015-10-20,11.014713287353516
2015-10-21,10.73300552368164
2015-10-22,10.803434371948242
2015-10-23,10.831604957580566
2015-10-26,10.831604957580566
2015-10-27,10.563982963562012
2015-10-28,10.634410858154297
2015-10-29,10.549898147583008
2015-10-30,10.437213897705078
2015-11-02,10.40904426574707
2015-11-03,10.394960403442383
2015-11-04,10.437213897705078
2015-11-05,10.40904426574707
2015-11-06,10.33862018585205
2015-11-09,10.099167823791504
2015-11-10,10.099167823791504
2015-11-11,10.085082054138184
2015-11-12,9.944231033325195
2015-11-13,9.789291381835938
2015-11-16,9.732951164245605
2015-11-17,9.54984188079834
2015-11-18,9.634352684020996
2015-11-19,9.711822509765625
2015-11-20,9.514625549316406
2015-11-23,9.41602897644043
2015-11-24,9.556882858276367
2015-11-25,9.528711318969727
2015-11-27,9.54984188079834
2015-11-30,9.648438453674316
2015-12-01,9.873804092407227
2015-12-02,9.690693855285645
2015-12-03,9.54984188079834
2015-12-04,9.662524223327637
2015-12-07,9.310391426086426
2015-12-08,9.324475288391113
2015-12-09,9.268136024475098
2015-12-10,9.41602897644043
2015-12-11,9.176580429077148
2015-12-14,9.1202392578125
2015-12-15,9.22587776184082
2015-12-16,9.387861251831055
2015-12-17,9.324475288391113
2015-12-18,9.41602897644043
2015-12-21,9.479415893554688
2015-12-22,9.732951164245605
2015-12-23,9.768163681030273
2015-12-24,9.796332359313965
2015-12-28,9.78225040435791
2015-12-29,9.91443920135498
2015-12-30,9.842596054077148
2015-12-31,10.050945281982422
2016-01-04,9.986284255981445
2016-01-05,9.928810119628906
2016-01-06,9.698908805847168
2016-01-07,9.325322151184082
2016-01-08,9.447456359863281
2016-01-11,9.289401054382324
2016-01-12,9.231925010681152
2016-01-13,8.958918571472168
2016-01-14,8.865522384643555
2016-01-15,8.542227745056152
2016-01-19,8.527854919433594
2016-01-20,8.420092582702637
2016-01-21,8.570962905883789
2016-01-22,8.815231323242188
2016-01-25,8.649991035461426
2016-01-26,8.84397029876709
2016-01-27,8.793679237365723
2016-01-28,9.037946701049805
2016-01-29,9.167265892028809
2016-02-01,9.217555046081543
2016-02-02,9.030762672424316
2016-02-03,9.23910903930664
2016-02-04,9.260661125183105
2016-02-05,9.174449920654297
2016-02-08,8.815231323242188
2016-02-09,8.51348876953125
2016-02-10,8.520670890808105
2016-02-11,8.355429649353027
2016-02-12,8.642806053161621
2016-02-16,8.815231323242188
2016-02-17,9.088237762451172
2016-02-18,9.059499740600586
2016-02-19,9.052315711975098
2016-02-22,9.282217025756836
2016-02-23,9.052315711975098
2016-02-24,9.037946701049805
2016-02-25,8.930183410644531
2016-02-26,8.98047161102295
2016-02-29,9.045130729675293
2016-03-01,9.2031888961792
2016-03-02,9.267847061157227
2016-03-03,9.562405586242676
2016-03-04,9.598328590393066
2016-03-07,9.821043968200684
2016-03-08,9.63425064086914
2016-03-09,9.598328590393066
2016-03-10,9.52648639678955
2016-03-11,9.706092834472656
2016-03-14,9.569591522216797
2016-03-15,9.569591522216797
2016-03-16,9.856966972351074
2016-03-17,10.302396774291992
2016-03-18,10.374239921569824
2016-03-21,10.35987377166748
2016-03-22,10.23055362701416
2016-03-23,9.993468284606934
2016-03-24,9.964730262756348
2016-03-28,10.05812931060791
2016-03-29,10.144342422485352
2016-03-30,10.43171501159668
2016-03-31,10.446084976196289
2016-04-01,10.539482116699219
2016-04-04,10.381425857543945
2016-04-05,10.144342422485352
2016-04-06,10.345503807067871
2016-04-07,10.187447547912598
2016-04-08,10.410163879394531
2016-04-11,10.719091415405273
2016-04-12,11.257919311523438
2016-04-13,11.372871398925781
2016-04-14,11.444713592529297
2016-04-15,11.372871398925781
2016-04-18,11.214813232421875
2016-04-19,11.387238502502441
2016-04-20,11.286656379699707
2016-04-21,11.128600120544434
2016-04-22,11.19326114654541
2016-04-25,11.013650894165039
2016-04-26,10.970544815063477
2016-04-27,11.085495948791504
2016-04-28,11.107047080993652
2016-04-29,10.877147674560547
2016-05-02,10.783750534057617
2016-05-03,10.45327091217041
2016-05-04,10.244922637939453
2016-05-05,10.252108573913574
2016-05-06,10.35987377166748
2016-05-09,10.180261611938477
2016-05-10,10.201815605163574
2016-05-11,10.115605354309082
2016-05-12,10.079681396484375
2016-05-13,10.079681396484375
2016-05-16,10.295212745666504
2016-05-17,10.252108573913574
2016-05-18,9.986284255981445
2016-05-19,9.849782943725586
2016-05-20,9.892888069152832
2016-05-23,9.943180084228516
2016-05-24,9.842596054077148
2016-05-25,9.849782943725586
2016-05-26,9.91443920135498
2016-05-27,9.871334075927734
2016-05-31,9.892888069152832
2016-06-01,9.907255172729492
2016-06-02,10.165895462036133
2016-06-03,10.374239921569824
2016-06-06,10.769381523132324
2016-06-07,11.006464004516602
2016-06-08,11.028020858764648
2016-06-09,11.0783109664917
2016-06-10,10.805302619934082
2016-06-13,10.683170318603516
2016-06-14,10.410163879394531
2016-06-15,10.424531936645508
2016-06-16,10.295212745666504
2016-06-17,10.43171501159668
2016-06-20,10.510743141174316
2016-06-21,10.446084976196289
2016-06-22,10.295212745666504
2016-06-23,10.43171501159668
2016-06-24,9.964730262756348
2016-06-27,9.619881629943848
2016-06-28,9.856966972351074
2016-06-29,9.993468284606934
2016-06-30,10.21618366241455
2016-07-01,10.266475677490234
2016-07-05,10.072497367858887
2016-07-06,10.043760299682617
2016-07-07,9.971917152404785
2016-07-08,10.094050407409668
2016-07-11,10.02939224243164
2016-07-12,10.410163879394531
2016-07-13,10.417346954345703
2016-07-14,10.525113105773926
2016-07-15,10.424531936645508
2016-07-18,10.410163879394531
2016-07-19,10.316764831542969
2016-07-20,10.323948860168457
2016-07-21,10.266475677490234
2016-07-22,10.23055362701416
2016-07-25,10.043760299682617
2016-07-26,10.122786521911621
2016-07-27,10.187447547912598
2016-07-28,9.91443920135498
2016-07-29,9.957549095153809
2016-08-01,9.842596054077148
2016-08-02,9.785120964050293
2016-08-03,9.878520011901855
2016-08-04,9.878520011901855
2016-08-05,9.907255172729492
2016-08-08,10.015022277832031
2016-08-09,9.971917152404785
2016-08-10,10.015022277832031
2016-08-11,10.381425857543945
2016-08-12,10.331136703491211
2016-08-15,10.280844688415527
2016-08-16,10.345503807067871
2016-08-17,10.273659706115723
2016-08-18,10.374239921569824
2016-08-19,10.252108573913574
2016-08-22,10.129973411560059
2016-08-23,10.158710479736328
2016-08-24,10.086865425109863
2016-08-25,10.022208213806152
2016-08-26,9.979101181030273
2016-08-29,10.02939224243164
2016-08-30,10.007837295532227
2016-08-31,9.864150047302246
2016-09-01,9.900073051452637
2016-09-02,10.02939224243164
2016-09-06,10.101234436035156
2016-09-07,10.02939224243164
2016-09-08,9.964730262756348
2016-09-09,9.813859939575195
2016-09-12,9.849782943725586
2016-09-13,9.576774597167969
2016-09-14,9.548038482666016
2016-09-15,9.519299507141113
2016-09-16,9.433085441589355
2016-09-19,9.533669471740723
2016-09-20,9.591143608093262
2016-09-21,9.742018699645996
2016-09-22,9.72764778137207
2016-09-23,9.605511665344238
2016-09-26,9.440272331237793
2016-09-27,9.354060173034668
2016-09-28,9.339690208435059
2016-09-29,9.339690208435059
2016-09-30,9.368429183959961
2016-10-03,9.217555046081543
2016-10-04,9.073869705200195
2016-10-05,9.081052780151367
2016-10-06,8.987658500671387
2016-10-07,9.138528823852539
2016-10-10,9.138528823852539
2016-10-11,9.037946701049805
2016-10-12,9.045130729675293
2016-10-13,9.059499740600586
2016-10-14,9.059499740600586
2016-10-17,9.059499740600586
2016-10-18,9.073869705200195
2016-10-19,9.088237762451172
2016-10-20,9.009209632873535
2016-10-21,8.930183410644531
2016-10-24,8.8080472946167
2016-10-25,8.786492347717285
2016-10-26,8.836785316467285
2016-10-27,8.865522384643555
2016-10-28,8.836785316467285
2016-10-31,8.707464218139648
2016-11-01,8.47756576538086
2016-11-02,8.599699974060059
2016-11-03,8.47756576538086
2016-11-04,8.484749794006348
2016-11-07,8.484749794006348
2016-11-08,8.585329055786133
2016-11-09,8.535040855407715
2016-11-10,8.815231323242188
2016-11-11,8.822416305541992
2016-11-14,8.685914039611816
2016-11-15,8.922996520996094
2016-11-16,8.872705459594727
2016-11-17,9.016392707824707
2016-11-18,8.88707447052002
2016-11-21,8.944551467895508
2016-11-22,8.973289489746094
2016-11-23,8.88707447052002
2016-11-25,8.879890441894531
2016-11-28,9.030762672424316
2016-11-29,9.002025604248047
2016-11-30,8.944551467895508
2016-12-01,8.973289489746094
2016-12-02,9.102604866027832
2016-12-05,9.13134479522705
2016-12-06,9.246292114257812
2016-12-07,9.512116432189941
2016-12-08,9.641436576843262
2016-12-09,10.015022277832031
2016-12-12,9.900073051452637
2016-12-13,10.036575317382812
2016-12-14,9.821043968200684
2016-12-15,9.900073051452637
2016-12-16,10.094050407409668
2016-12-19,9.91443920135498
2016-12-20,9.986284255981445
2016-12-21,9.871334075927734
2016-12-22,9.821043968200684
2016-12-23,9.763569831848145
2016-12-27,9.842596054077148
2016-12-28,9.770877838134766
2016-12-29,9.878843307495117
2016-12-30,9.925114631652832
2017-01-03,10.233587265014648
2017-01-04,10.557483673095703
2017-01-05,10.919939994812012
2017-01-06,11.051041603088379
2017-01-09,11.081886291503906
2017-01-10,12.030440330505371
2017-01-11,12.51628589630127
2017-01-12,12.662810325622559
2017-01-13,13.063826560974121
2017-01-17,12.824756622314453
2017-01-18,11.853068351745605
2017-01-19,12.292642593383789
2017-01-20,12.346625328063965
2017-01-23,12.948148727416992
2017-01-24,13.88127613067627
2017-01-25,13.665348052978516
2017-01-26,13.480264663696289
2017-01-27,13.626789093017578
2017-01-30,13.27204418182373
2017-01-31,13.410856246948242
2017-02-01,12.80933666229248
2017-02-02,12.508574485778809
2017-02-03,12.631962776184082
2017-02-06,12.554845809936523
2017-02-07,12.9173002243042
2017-02-08,13.295181274414062
2017-02-09,13.410856246948242
2017-02-10,13.757889747619629
2017-02-13,14.367122650146484
2017-02-14,14.775848388671875
2017-02-15,14.212885856628418
2017-02-16,14.027803421020508
2017-02-17,13.888988494873047
2017-02-21,13.595942497253418
2017-02-22,13.26433277130127
2017-02-23,13.048401832580566
2017-02-24,12.901876449584961
2017-02-27,13.102383613586426
2017-02-28,12.878744125366211
2017-03-01,12.948148727416992
2017-03-02,12.655097961425781
2017-03-03,12.32348918914795
2017-03-06,11.93790054321289
2017-03-07,12.277219772338867
2017-03-08,12.354337692260742
2017-03-09,12.045865058898926
2017-03-10,12.08442497253418
2017-03-13,12.138405799865723
2017-03-14,12.176966667175293
2017-03-15,12.51628589630127
2017-03-16,12.77077579498291
2017-03-17,12.67052173614502
2017-03-20,12.493149757385254
2017-03-21,11.907052993774414
2017-03-22,11.675699234008789
2017-03-23,11.73739242553711
2017-03-24,11.675699234008789
2017-03-27,11.775952339172363
2017-03-28,11.953324317932129
2017-03-29,12.069001197814941
2017-03-30,11.999594688415527
2017-03-31,11.837645530700684
2017-04-03,11.61400318145752
2017-04-04,11.698832511901855
2017-04-05,11.506035804748535
2017-04-06,11.64484977722168
2017-04-07,11.721966743469238
2017-04-10,12.200100898742676
2017-04-11,12.416033744812012
2017-04-12,12.092137336730957
2017-04-13,11.860779762268066
2017-04-17,11.876204490661621
2017-04-18,11.698832511901855
2017-04-19,11.359511375427246
2017-04-20,11.405784606933594
2017-04-21,11.305529594421387
2017-04-24,11.259260177612305
2017-04-25,11.29781723022461
2017-04-26,11.051041603088379
2017-04-27,10.650025367736816
2017-04-28,10.148756980895996
2017-05-01,10.171891212463379
2017-05-02,10.256721496582031
2017-05-03,10.148756980895996
2017-05-04,9.71689510345459
2017-05-05,9.824859619140625
2017-05-08,10.056215286254883
2017-05-09,10.156469345092773
2017-05-10,10.287569999694824
2017-05-11,10.449518203735352
2017-05-12,10.565195083618164
2017-05-15,10.580619812011719
2017-05-16,10.603754043579102
2017-05-17,10.195028305053711
2017-05-18,10.141046524047852
2017-05-19,10.403246879577637
2017-05-22,10.434093475341797
2017-05-23,10.457229614257812
2017-05-24,10.179603576660156
2017-05-25,10.040789604187012
2017-05-26,10.148756980895996
2017-05-30,10.025368690490723
2017-05-31,9.93282699584961
2017-06-01,9.894266128540039
2017-06-02,9.809436798095703
2017-06-05,9.72460651397705
2017-06-06,9.647488594055176
2017-06-07,9.747743606567383
2017-06-08,9.963672637939453
2017-06-09,10.009943008422852
2017-06-12,9.948247909545898
2017-06-13,10.071640968322754
2017-06-14,9.986808776855469
2017-06-15,9.840283393859863
2017-06-16,9.786301612854004
2017-06-19,9.71689510345459
2017-06-20,9.593506813049316
2017-06-21,9.531811714172363
2017-06-22,9.62435245513916
2017-06-23,10.056215286254883
2017-06-26,10.256721496582031
2017-06-27,10.079349517822266
2017-06-28,10.156469345092773
2017-06-29,10.102486610412598
2017-06-30,10.164182662963867
2017-07-03,10.3646879196167
2017-07-05,10.472652435302734
2017-07-06,10.3646879196167
2017-07-07,10.302992820739746
2017-07-10,10.434093475341797
2017-07-11,10.457229614257812
2017-07-12,10.441807746887207
2017-07-13,10.526634216308594
2017-07-14,10.642314910888672
2017-07-17,11.051041603088379
2017-07-18,11.012479782104492
2017-07-19,11.305529594421387
2017-07-20,11.220699310302734
2017-07-21,11.02790355682373
2017-07-24,10.95849895477295
2017-07-25,11.089598655700684
2017-07-26,11.051041603088379
2017-07-27,11.004768371582031
2017-07-28,11.128158569335938
2017-07-31,11.159005165100098
2017-08-01,11.21298885345459
2017-08-02,11.03561782836914
2017-08-03,10.927651405334473
2017-08-04,10.912226676940918
2017-08-07,10.788838386535645
2017-08-08,10.711722373962402
2017-08-09,10.611466407775879
2017-08-10,10.225873947143555
2017-08-11,10.279857635498047
2017-08-14,10.264434814453125
2017-08-15,10.156469345092773
2017-08-16,10.310705184936523
2017-08-17,10.333839416503906
2017-08-18,10.380112648010254
2017-08-21,10.326128005981445
2017-08-22,10.233587265014648
2017-08-23,10.233587265014648
2017-08-24,10.326128005981445
2017-08-25,10.356975555419922
2017-08-28,10.333839416503906
2017-08-29,10.464940071105957
2017-08-30,10.434093475341797
2017-08-31,10.696295738220215
2017-09-01,10.788838386535645
2017-09-05,10.6268892288208
2017-09-06,10.680872917175293
2017-09-07,10.757990837097168
2017-09-08,10.634601593017578
2017-09-11,10.680872917175293
2017-09-12,10.78112506866455
2017-09-13,10.835107803344727
2017-09-14,10.773416519165039
2017-09-15,10.819685935974121
2017-09-18,10.734854698181152
2017-09-19,10.650025367736816
2017-09-20,10.59604263305664
2017-09-21,10.565195083618164
2017-09-22,10.588330268859863
2017-09-25,10.480364799499512
2017-09-26,10.410957336425781
2017-09-27,10.295281410217285
2017-09-28,10.333839416503906
2017-09-29,10.256721496582031
2017-10-02,10.241296768188477
2017-10-03,9.855707168579102
2017-10-04,9.986808776855469
2017-10-05,9.97138500213623
2017-10-06,9.948247909545898
2017-10-09,9.863418579101562
2017-10-10,9.886555671691895
2017-10-11,9.840283393859863
2017-10-12,9.817148208618164
2017-10-13,9.83257007598877
2017-10-16,9.740029335021973
2017-10-17,9.747743606567383
2017-10-18,9.801725387573242
2017-10-19,9.747743606567383
2017-10-20,9.740029335021973
2017-10-23,9.70918083190918
2017-10-24,9.639777183532715
2017-10-25,9.547234535217285
2017-10-26,9.547234535217285
2017-10-27,9.308170318603516
2017-10-30,9.1539306640625
2017-10-31,9.207913398742676
2017-11-01,9.315879821777344
2017-11-02,9.400711059570312
2017-11-03,9.346726417541504
2017-11-06,9.485539436340332
2017-11-07,9.585795402526855
2017-11-08,9.747743606567383
2017-11-09,10.881380081176758
2017-11-10,10.835107803344727
2017-11-13,10.588330268859863
2017-11-14,10.349265098571777
2017-11-15,10.179603576660156
2017-11-16,10.488078117370605
2017-11-17,10.889091491699219
2017-11-20,10.889091491699219
2017-11-21,11.313241958618164
2017-11-22,11.89933967590332
2017-11-24,11.721966743469238
2017-11-27,11.051041603088379
2017-11-28,11.166716575622559
2017-11-29,11.066463470458984
2017-11-30,11.012479782104492
2017-12-01,10.997058868408203
2017-12-04,12.369763374328613
2017-12-05,12.184678077697754
2017-12-06,11.752816200256348
2017-12-07,11.876204490661621
2017-12-08,12.061288833618164
2017-12-11,12.531709671020508
2017-12-12,12.315779685974121
2017-12-13,12.284932136535645
2017-12-14,12.477725982666016
2017-12-15,12.354337692260742
2017-12-18,12.308067321777344
2017-12-19,12.308067321777344
2017-12-20,12.20781135559082
2017-12-21,12.115269660949707
2017-12-22,11.829935073852539
2017-12-26,11.775952339172363
2017-12-27,11.629425048828125
2017-12-28,11.76009464263916
2017-12-29,11.846684455871582
2018-01-02,12.34259033203125
2018-01-03,12.366203308105469
2018-01-04,12.460661888122559
2018-01-05,12.460661888122559
2018-01-08,12.311103820800781
2018-01-09,11.870295524597168
2018-01-10,11.972626686096191
2018-01-11,11.980499267578125
2018-01-12,12.027728080749512
2018-01-16,11.445233345031738
2018-01-17,11.752223014831543
2018-01-18,11.516077041625977
2018-01-19,11.468847274780273
2018-01-22,11.523947715759277
2018-01-23,11.523947715759277
2018-01-24,11.689250946044922
2018-01-25,11.390132904052734
2018-01-26,11.248445510864258
2018-01-29,11.043785095214844
2018-01-30,10.8863525390625
2018-01-31,11.098882675170898
2018-02-01,11.091012954711914
2018-02-02,10.665948867797852
2018-02-05,10.40618896484375
2018-02-06,10.540003776550293
2018-02-07,10.477033615112305
2018-02-08,10.217269897460938
2018-02-09,10.028351783752441
2018-02-12,10.17004108428955
2018-02-13,10.516388893127441
2018-02-14,10.799766540527344
2018-02-15,10.823380470275879
2018-02-16,10.59510612487793
2018-02-20,10.516388893127441
2018-02-21,10.421931266784668
2018-02-22,10.477033615112305
2018-02-23,10.587233543395996
2018-02-26,10.445547103881836
2018-02-27,10.177913665771484
2018-02-28,10.02048110961914
2018-03-01,10.201528549194336
2018-03-02,10.390443801879883
2018-03-05,10.40618896484375
2018-03-06,10.524261474609375
2018-03-07,10.524261474609375
2018-03-08,10.264500617980957
2018-03-09,10.358957290649414
2018-03-12,10.280244827270508
2018-03-13,10.217269897460938
2018-03-14,10.225141525268555
2018-03-15,10.17004108428955
2018-03-16,10.114940643310547
2018-03-19,9.784337043762207
2018-03-20,9.721363067626953
2018-03-21,9.965380668640137
2018-03-22,9.800077438354492
2018-03-23,9.516703605651855
2018-03-26,9.57967472076416
2018-03-27,9.516703605651855
2018-03-28,9.319914817810059
2018-03-29,9.500961303710938
2018-04-02,9.524574279785156
2018-04-03,9.949641227722168
2018-04-04,9.941765785217285
2018-04-05,10.233014106750488
2018-04-06,10.028351783752441
2018-04-09,10.295987129211426
2018-04-10,10.50064754486084
2018-04-11,10.50064754486084
2018-04-12,10.429801940917969
2018-04-13,10.374701499938965
2018-04-16,10.862738609313965
2018-04-17,11.004425048828125
2018-04-18,10.996554374694824
2018-04-19,10.917838096618652
2018-04-20,10.807636260986328
2018-04-23,10.46129035949707
2018-04-24,10.30385971069336
2018-04-25,10.280244827270508
2018-04-26,10.24875545501709
2018-04-27,10.437674522399902
2018-04-30,10.50064754486084
2018-05-01,10.74466323852539
2018-05-02,11.059526443481445
2018-05-03,10.972939491271973
2018-05-04,10.870609283447266
2018-05-07,10.854866027832031
2018-05-08,10.524261474609375
2018-05-09,10.75253677368164
2018-05-10,10.854866027832031
2018-05-11,10.839123725891113
2018-05-14,11.067399024963379
2018-05-15,10.862738609313965
2018-05-16,10.878479957580566
2018-05-17,10.878479957580566
2018-05-18,10.917838096618652
2018-05-21,11.004425048828125
2018-05-22,10.60297679901123
2018-05-23,10.579362869262695
2018-05-24,10.477033615112305
2018-05-25,10.382573127746582
2018-05-29,10.288114547729492
2018-05-30,10.634464263916016
2018-05-31,10.374701499938965
2018-06-01,10.516388893127441
2018-06-04,10.862738609313965
2018-06-05,11.240571022033691
2018-06-06,11.579050064086914
2018-06-07,11.216957092285156
2018-06-08,11.23270034790039
2018-06-11,11.279930114746094
2018-06-12,11.193343162536621
2018-06-13,11.098882675170898
2018-06-14,11.028040885925293
2018-06-15,10.75253677368164
2018-06-18,10.69743537902832
2018-06-19,10.469160079956055
2018-06-20,10.50064754486084
2018-06-21,10.327471733093262
2018-06-22,10.390443801879883
2018-06-25,10.130683898925781
2018-06-26,10.083454132080078
2018-06-27,9.949641227722168
2018-06-28,9.941765785217285
2018-06-29,10.130683898925781
2018-07-02,10.051968574523926
2018-07-03,10.138555526733398
2018-07-05,10.177913665771484
2018-07-06,10.327471733093262
2018-07-09,10.295987129211426
2018-07-10,10.264500617980957
2018-07-11,10.114940643310547
2018-07-12,10.091326713562012
2018-07-13,10.16217041015625
2018-07-16,10.028351783752441
2018-07-17,10.067709922790527
2018-07-18,10.051968574523926
2018-07-19,9.737106323242188
2018-07-20,10.075583457946777
2018-07-23,9.933895111083984
2018-07-24,9.97325325012207
2018-07-25,10.083454132080078
2018-07-26,10.524261474609375
2018-07-27,10.30385971069336
2018-07-30,10.30385971069336
2018-07-31,10.366829872131348
2018-08-01,10.358957290649414
2018-08-02,10.272371292114258
2018-08-03,10.437674522399902
2018-08-06,10.343216896057129
2018-08-07,10.272371292114258
2018-08-08,10.209399223327637
2018-08-09,10.17004108428955
2018-08-10,10.044095993041992
2018-08-13,9.807952880859375
2018-08-14,9.996868133544922
2018-08-15,9.705619812011719
2018-08-16,9.815821647644043
2018-08-17,9.847308158874512
2018-08-20,9.894536972045898
2018-08-21,9.823691368103027
2018-08-22,9.941765785217285
2018-08-23,9.870923042297363
2018-08-24,9.949641227722168
2018-08-27,9.996868133544922
2018-08-28,9.97325325012207
2018-08-29,10.091326713562012
2018-08-30,10.044095993041992
2018-08-31,10.012611389160156
2018-09-04,9.847308158874512
2018-09-05,9.71349048614502
2018-09-06,9.57967472076416
2018-09-07,9.587547302246094
2018-09-10,9.63477611541748
2018-09-11,9.642646789550781
2018-09-12,9.886665344238281
2018-09-13,9.92602252960205
2018-09-14,9.902409553527832
2018-09-17,9.910279273986816
2018-09-18,10.044095993041992
2018-09-19,10.02048110961914
2018-09-20,10.16217041015625
2018-09-21,10.193656921386719
2018-09-24,10.130683898925781
2018-09-25,10.217269897460938
2018-09-26,10.099198341369629
2018-09-27,10.477033615112305
2018-09-28,10.477033615112305
2018-10-01,10.547876358032227
2018-10-02,10.579362869262695
2018-10-03,10.658077239990234
2018-10-04,10.68956470489502
2018-10-05,10.626590728759766
2018-10-08,10.563618659973145
2018-10-09,10.547876358032227
2018-10-10,10.280244827270508
2018-10-11,10.051968574523926
2018-10-12,10.067709922790527
2018-10-15,10.114940643310547
2018-10-16,10.30385971069336
2018-10-17,10.193656921386719
2018-10-18,9.87879467010498
2018-10-19,9.91815185546875
2018-10-22,9.839437484741211
2018-10-23,9.705619812011719
2018-10-24,9.351399421691895
2018-10-25,9.445859909057617
2018-10-26,9.256942749023438
2018-10-29,9.130996704101562
2018-10-30,9.312042236328125
2018-10-31,9.453730583190918
2018-11-01,9.619032859802246
2018-11-02,9.807952880859375
2018-11-05,10.130683898925781
2018-11-06,10.217269897460938
2018-11-07,10.398316383361816
2018-11-08,10.209399223327637
2018-11-09,9.941765785217285
2018-11-12,9.792207717895508
2018-11-13,9.792207717895508
2018-11-14,9.587547302246094
2018-11-15,9.886665344238281
2018-11-16,9.981123924255371
2018-11-19,9.981123924255371
2018-11-20,9.721363067626953
2018-11-21,9.87879467010498
2018-11-23,9.571803092956543
2018-11-26,9.650520324707031
2018-11-27,9.626904487609863
2018-11-28,9.957509994506836
2018-11-29,9.87879467010498
2018-11-30,9.870923042297363
2018-12-03,10.059840202331543
2018-12-04,9.831565856933594
2018-12-06,9.729235649108887
2018-12-07,9.619032859802246
2018-12-10,9.619032859802246
2018-12-11,9.556059837341309
2018-12-12,9.776464462280273
2018-12-13,9.815821647644043
2018-12-14,9.737106323242188
2018-12-17,9.437989234924316
2018-12-18,9.437989234924316
2018-12-19,9.193968772888184
2018-12-20,9.2018404006958
2018-12-21,8.989309310913086
2018-12-24,8.89484977722168
2018-12-26,9.099513053894043
2018-12-27,9.075896263122559
2018-12-28,9.164457321166992
2018-12-31,9.227714538574219
2019-01-02,9.211899757385254
2019-01-03,9.156550407409668
2019-01-04,9.472838401794434
2019-01-07,9.559818267822266
2019-01-08,9.630982398986816
2019-01-09,9.804940223693848
2019-01-10,9.852385520935059
2019-01-11,9.710054397583008
2019-01-14,9.725869178771973
2019-01-15,9.749589920043945
2019-01-16,9.828662872314453
2019-01-17,9.717961311340332
2019-01-18,9.789125442504883
2019-01-22,9.607261657714844
2019-01-23,9.638890266418457
2019-01-24,9.710054397583008
2019-01-25,10.010529518127441
2019-01-28,9.931456565856934
2019-01-29,10.057971954345703
2019-01-30,9.963086128234863
2019-01-31,10.042158126831055
2019-02-01,9.970991134643555
2019-02-04,10.231929779052734
2019-02-05,10.469145774841309
2019-02-06,10.263557434082031
2019-02-07,10.184487342834473
2019-02-08,10.113322257995605
2019-02-11,10.12122917175293
2019-02-12,10.042158126831055
2019-02-13,9.978899955749512
2019-02-14,9.978899955749512
2019-02-15,10.105414390563965
2019-02-19,10.02634334564209
2019-02-20,10.129136085510254
2019-02-21,10.081692695617676
2019-02-22,10.081692695617676
2019-02-25,10.034250259399414
2019-02-26,9.970991134643555
2019-02-27,9.947270393371582
2019-02-28,9.781220436096191
2019-03-01,9.717961311340332
2019-03-04,9.615168571472168
2019-03-05,9.630982398986816
2019-03-06,9.630982398986816
2019-03-07,9.559818267822266
2019-03-08,9.551909446716309
2019-03-11,9.654706001281738
2019-03-12,9.67051887512207
2019-03-13,9.76540470123291
2019-03-14,9.844476699829102
2019-03-15,9.970991134643555
2019-03-18,9.963086128234863
2019-03-19,9.994715690612793
2019-03-20,10.050065040588379
2019-03-21,9.98680591583252
2019-03-22,9.77331256866455
2019-03-25,9.876106262207031
2019-03-26,9.994715690612793
2019-03-27,9.891921997070312
2019-03-28,9.804940223693848
2019-03-29,9.876106262207031
2019-04-01,10.144951820373535
2019-04-02,10.089600563049316
2019-04-03,10.168675422668457
2019-04-04,10.176580429077148
2019-04-05,10.184487342834473
2019-04-08,10.216115951538086
2019-04-09,10.176580429077148
2019-04-10,10.168675422668457
2019-04-11,10.12122917175293
2019-04-12,10.065878868103027
2019-04-15,9.92354965209961
2019-04-16,9.860291481018066
2019-04-17,9.891921997070312
2019-04-18,9.828662872314453
2019-04-22,9.828662872314453
2019-04-23,9.884014129638672
2019-04-24,9.638890266418457
2019-04-25,9.559818267822266
2019-04-26,9.623075485229492
2019-04-29,9.591445922851562
2019-04-30,9.583538055419922
2019-05-01,9.52818775177002
2019-05-02,9.40958023071289
2019-05-03,9.607261657714844
2019-05-06,9.433300971984863
2019-05-07,9.259343147277832
2019-05-08,9.243529319763184
2019-05-09,9.124920845031738
2019-05-10,9.188179969787598
2019-05-13,8.943056106567383
2019-05-14,9.077478408813477
2019-05-15,9.180270195007324
2019-05-16,9.203994750976562
2019-05-17,9.180270195007324
2019-05-20,9.172365188598633
2019-05-21,9.211899757385254
2019-05-22,9.172365188598633
2019-05-23,9.053754806518555
2019-05-24,9.061663627624512
2019-05-28,9.093291282653809
2019-05-29,8.990497589111328
2019-05-30,9.022127151489258
2019-05-31,9.140735626220703
2019-06-03,9.259343147277832
2019-06-04,9.330509185791016
2019-06-05,9.235621452331543
2019-06-06,9.243529319763184
2019-06-07,9.377952575683594
2019-06-10,9.354228973388672
2019-06-11,9.425394058227539
2019-06-12,9.417487144470215
2019-06-13,9.46493148803711
2019-06-14,9.385857582092285
2019-06-17,9.330509185791016
2019-06-18,9.449116706848145
2019-06-19,9.472838401794434
2019-06-20,9.686332702636719
2019-06-21,9.646797180175781
2019-06-24,9.623075485229492
2019-06-25,9.5440034866333
2019-06-26,9.559818267822266
2019-06-27,9.547056198120117
2019-06-28,9.690621376037598
2019-07-01,9.578960418701172
2019-07-02,9.642766952514648
2019-07-03,9.666692733764648
2019-07-05,9.586936950683594
2019-07-08,9.507176399230957
2019-07-09,9.499200820922852
2019-07-10,9.547056198120117
2019-07-11,9.539080619812012
2019-07-12,9.499200820922852
2019-07-15,9.32373332977295
2019-07-16,9.291829109191895
2019-07-17,9.283855438232422
2019-07-18,9.283855438232422
2019-07-19,9.251952171325684
2019-07-22,9.251952171325684
2019-07-23,9.204095840454102
2019-07-24,9.060530662536621
2019-07-25,8.773401260375977
2019-07-26,8.821257591247559
2019-07-29,8.765425682067871
2019-07-30,8.781377792358398
2019-07-31,8.797327995300293
2019-08-01,8.629837989807129
2019-08-02,8.518177032470703
2019-08-05,8.302827835083008
2019-08-06,8.29485034942627
2019-08-07,8.191167831420898
2019-08-08,8.334732055664062
2019-08-09,8.239023208618164
2019-08-12,8.183192253112793
2019-08-13,8.239023208618164
2019-08-14,7.983796119689941
2019-08-15,7.983796119689941
2019-08-16,8.111409187316895
2019-08-19,8.27092456817627
2019-08-20,8.29485034942627
2019-08-21,8.43841552734375
2019-08-22,8.398537635803223
2019-08-23,8.175214767456055
2019-08-26,8.191167831420898
2019-08-27,8.191167831420898
2019-08-28,8.278901100158691
2019-08-29,8.318778991699219
2019-08-30,8.45436954498291
2019-09-03,8.422467231750488
2019-09-04,8.534127235412598
2019-09-05,8.629837989807129
2019-09-06,8.701620101928711
2019-09-09,8.693643569946289
2019-09-10,8.797327995300293
2019-09-11,8.916967391967773
2019-09-12,8.861136436462402
2019-09-13,8.932918548583984
2019-09-16,8.972796440124512
2019-09-17,8.996724128723145
2019-09-18,8.845183372497559
2019-09-19,8.85315990447998
2019-09-20,8.94089412689209
2019-09-23,8.96481990814209
2019-09-24,8.90101432800293
2019-09-25,8.885064125061035
2019-09-26,8.885064125061035
2019-09-27,8.741498947143555
2019-09-30,8.773401260375977
2019-10-01,8.645788192749023
2019-10-02,8.597933769226074
2019-10-03,8.629837989807129
2019-10-04,8.725546836853027
2019-10-07,8.677691459655762
2019-10-08,8.613884925842285
2019-10-09,8.661739349365234
2019-10-10,8.845183372497559
2019-10-11,8.861136436462402
2019-10-14,8.773401260375977
2019-10-15,8.813281059265137
2019-10-16,8.78935432434082
2019-10-17,8.765425682067871
2019-10-18,8.78935432434082
2019-10-21,8.765425682067871
2019-10-22,8.749475479125977
2019-10-23,8.821257591247559
2019-10-24,8.725546836853027
2019-10-25,8.781377792358398
2019-10-28,8.781377792358398
2019-10-29,8.749475479125977
2019-10-30,8.717570304870605
2019-10-31,8.66971492767334
2019-11-01,8.749475479125977
2019-11-04,9.028627395629883
2019-11-05,9.028627395629883
2019-11-06,9.020652770996094
2019-11-07,9.020652770996094
2019-11-08,8.9568452835083
2019-11-11,8.916967391967773
2019-11-12,8.916967391967773
2019-11-13,8.829232215881348
2019-11-14,8.85315990447998
2019-11-15,8.932918548583984
2019-11-18,8.813281059265137
2019-11-19,8.85315990447998
2019-11-20,8.805305480957031
2019-11-21,8.765425682067871
2019-11-22,8.773401260375977
2019-11-25,8.813281059265137
2019-11-26,8.773401260375977
2019-11-27,8.725546836853027
2019-11-29,8.629837989807129
2019-12-02,8.54210376739502
2019-12-03,8.597933769226074
2019-12-04,8.637812614440918
2019-12-05,8.661739349365234
2019-12-06,8.829232215881348
2019-12-09,8.637812614440918
2019-12-10,8.629837989807129
2019-12-11,8.741498947143555
2019-12-12,8.87708854675293
2019-12-13,8.805305480957031
2019-12-16,8.781377792358398
2019-12-17,8.709596633911133
2019-12-18,8.741498947143555
2019-12-19,8.78935432434082
2019-12-20,8.765425682067871
2019-12-23,8.765425682067871
2019-12-24,8.765425682067871
2019-12-26,8.837207794189453
2019-12-27,8.90101432800293
2019-12-30,8.844781875610352
2019-12-31,8.901013374328613
2020-01-02,8.88494873046875
2020-01-03,8.844781875610352
2020-01-06,8.836746215820312
2020-01-07,8.780513763427734
2020-01-08,8.668045043945312
2020-01-09,8.611812591552734
2020-01-10,8.692146301269531
2020-01-13,8.796581268310547
2020-01-14,8.78854751586914
2020-01-15,8.740346908569336
2020-01-16,8.828714370727539
2020-01-17,8.836746215820312
2020-01-21,8.820680618286133
2020-01-22,8.780513763427734
2020-01-23,8.756412506103516
2020-01-24,8.684114456176758
2020-01-27,8.435076713562012
2020-01-28,8.386877059936523
2020-01-29,8.394908905029297
2020-01-30,8.306543350219727
2020-01-31,8.12177562713623
2020-02-03,8.354743003845215
2020-02-04,8.523444175720215
2020-02-05,8.579679489135742
2020-02-06,8.619845390319824
2020-02-07,8.55557632446289
2020-02-10,8.539511680603027
2020-02-11,8.70821475982666
2020-02-12,8.844781875610352
2020-02-13,8.764447212219238
2020-02-14,8.772480010986328
2020-02-18,8.71624755859375
2020-02-19,8.70821475982666
2020-02-20,8.619845390319824
2020-02-21,8.563611030578613
2020-02-24,8.258340835571289
2020-02-25,8.137842178344727
2020-02-26,8.097673416137695
2020-02-27,7.840604305267334
2020-02-28,7.792405128479004
2020-03-02,7.969139575958252
2020-03-03,8.001272201538086
2020-03-04,8.137842178344727
2020-03-05,8.081607818603516
2020-03-06,7.993238925933838
2020-03-09,7.213997840881348
2020-03-10,7.5273027420043945
2020-03-11,7.22203254699707
2020-03-12,6.458859443664551
2020-03-13,6.619526386260986
2020-03-16,5.944721698760986
2020-03-17,6.2821245193481445
2020-03-18,5.695685863494873
2020-03-19,5.872419834136963
2020-03-20,5.944721698760986
2020-03-23,5.767986297607422
2020-03-24,6.426725387573242
2020-03-25,6.555260181427002
2020-03-26,6.667727470397949
2020-03-27,6.571328163146973
2020-03-30,6.828395843505859
2020-03-31,6.997097492218018
2020-04-01,6.748061180114746
2020-04-02,6.9087300300598145
2020-04-03,7.069398880004883
2020-04-06,7.334500789642334
2020-04-07,7.463036060333252
2020-04-08,7.5273027420043945
2020-04-09,7.6237030029296875
2020-04-13,7.760272026062012
2020-04-14,7.912906646728516
2020-04-15,7.977172374725342
2020-04-16,8.001272201538086
2020-04-17,8.12177562713623
2020-04-20,8.23424243927002
2020-04-21,8.178009033203125
2020-04-22,8.314576148986816
2020-04-23,8.419010162353516
2020-04-24,8.595745086669922
2020-04-27,8.668045043945312
2020-04-28,8.651979446411133
2020-04-29,8.764447212219238
2020-04-30,8.700179100036621
2020-05-01,8.547545433044434
2020-05-04,8.820680618286133
2020-05-05,8.901013374328613
2020-05-06,8.692146301269531
2020-05-07,8.740346908569336
2020-05-08,8.892980575561523
2020-05-11,8.748381614685059
2020-05-12,8.64394760131836
2020-05-13,8.459177017211914
2020-05-14,8.266376495361328
2020-05-15,8.330641746520996
2020-05-18,8.547545433044434
2020-05-19,8.467211723327637
2020-05-20,8.579679489135742
2020-05-21,8.459177017211914
2020-05-22,8.523444175720215
2020-05-26,8.692146301269531
2020-05-27,8.868880271911621
2020-05-28,8.87691593170166
2020-05-29,8.997415542602539
2020-06-01,9.005449295043945
2020-06-02,9.061683654785156
2020-06-03,9.069717407226562
2020-06-04,8.965283393859863
2020-06-05,9.077750205993652
2020-06-08,9.214316368103027
2020-06-09,9.15005111694336
2020-06-10,9.12594985961914
2020-06-11,8.603778839111328
2020-06-12,8.780513763427734
2020-06-15,8.740346908569336
2020-06-16,8.836746215820312
2020-06-17,8.78854751586914
2020-06-18,8.724279403686523
2020-06-19,8.668045043945312
2020-06-22,8.820680618286133
2020-06-23,8.804615020751953
2020-06-24,8.71624755859375
2020-06-25,8.78854751586914
2020-06-26,8.668045043945312
2020-06-29,8.721843719482422
2020-06-30,8.84411334991455
2020-07-01,8.884869575500488
2020-07-02,8.925626754760742
2020-07-06,9.02344036102295
2020-07-07,9.080499649047852
2020-07-08,9.170164108276367
2020-07-09,9.056046485900879
2020-07-10,9.064197540283203
2020-07-13,8.982684135437012
2020-07-14,9.129406929016113
2020-07-15,9.382096290588379
2020-07-16,9.325037956237793
2020-07-17,9.569574356079102
2020-07-20,9.74890422821045
2020-07-21,9.724449157714844
2020-07-22,9.936381340026855
2020-07-23,9.863020896911621
2020-07-24,9.846715927124023
2020-07-27,10.01789379119873
2020-07-28,9.887474060058594
2020-07-29,9.58587646484375
2020-07-30,9.406550407409668
2020-07-31,9.382096290588379
2020-08-03,9.398398399353027
2020-08-04,9.561424255371094
2020-08-05,9.610330581665039
2020-08-06,9.545123100280762
2020-08-07,9.512516975402832
2020-08-10,9.512516975402832
2020-08-11,9.447305679321289
2020-08-12,9.659239768981934
2020-08-13,9.610330581665039
2020-08-14,9.594027519226074
2020-08-17,9.732599258422852
2020-08-18,9.675541877746582
2020-08-19,9.732599258422852
2020-08-20,9.773355484008789
2020-08-21,9.58587646484375
2020-08-24,9.667389869689941
2020-08-25,9.822264671325684
2020-08-26,9.895625114440918
2020-08-27,9.87932300567627
2020-08-28,10.132011413574219
2020-08-31,10.189069747924805
2020-09-01,10.21352481842041
2020-09-02,10.156466484069824
2020-09-03,9.830415725708008
2020-09-04,9.789660453796387
2020-09-08,9.488064765930176
2020-09-09,9.708146095275879
2020-09-10,9.58587646484375
2020-09-11,9.626635551452637
2020-09-14,9.789660453796387
2020-09-15,9.830415725708008
2020-09-16,9.797810554504395
2020-09-17,9.667389869689941
2020-09-18,9.545123100280762
2020-09-21,9.333187103271484
2020-09-22,9.365793228149414
2020-09-23,9.015289306640625
2020-09-24,9.056046485900879
2020-09-25,9.031590461730957
2020-09-28,9.080499649047852
2020-09-29,9.121255874633789
2020-09-30,9.072348594665527
2020-10-01,8.795205116271973
2020-10-02,8.852264404296875
2020-10-05,8.966381072998047
2020-10-06,8.827811241149902
2020-10-07,8.966381072998047
2020-10-08,8.941929817199707
2020-10-09,8.990836143493652
2020-10-12,8.990836143493652
2020-10-13,8.860416412353516
2020-10-14,8.819659233093262
2020-10-15,8.754449844360352
2020-10-16,8.721843719482422
2020-10-19,8.86856746673584
2020-10-20,9.064197540283203
2020-10-21,9.129406929016113
2020-10-22,9.129406929016113
2020-10-23,9.088650703430176
2020-10-26,8.966381072998047
2020-10-27,8.835962295532227
2020-10-28,8.607728004455566
2020-10-29,8.713692665100098
2020-10-30,8.811509132385254
2020-11-02,8.852264404296875
2020-11-03,8.990836143493652
2020-11-04,8.76259994506836
2020-11-05,9.015289306640625
2020-11-06,9.088650703430176
2020-11-09,9.235373497009277
2020-11-10,9.333187103271484
2020-11-11,9.536971092224121
2020-11-12,9.300583839416504
2020-11-13,9.349491119384766
2020-11-16,9.341341018676758
2020-11-17,9.341341018676758
2020-11-18,9.325037956237793
2020-11-19,9.300583839416504
2020-11-20,9.316884994506836
2020-11-23,9.373944282531738
2020-11-24,9.659239768981934
2020-11-25,9.74890422821045
2020-11-27,9.724449157714844
2020-11-30,9.642935752868652
2020-12-01,9.667389869689941
2020-12-02,9.928230285644531
2020-12-03,10.074953079223633
2020-12-04,10.792264938354492
2020-12-07,11.419910430908203
2020-12-08,11.207978248596191
2020-12-09,10.865623474121094
2020-12-10,11.395455360412598
2020-12-11,11.697052955627441
2020-12-14,11.982345581054688
2020-12-15,12.267641067504883
2020-12-16,12.16982650756836
2020-12-17,12.072011947631836
2020-12-18,12.202430725097656
2020-12-21,12.031253814697266
2020-12-22,11.982345581054688
2020-12-23,12.357305526733398
2020-12-24,12.37360668182373
2020-12-28,12.626296043395996
2020-12-29,12.561086654663086
2020-12-30,12.629197120666504
2020-12-31,12.579957962036133
2021-01-04,12.711257934570312
2021-01-05,13.482629776000977
2021-01-06,13.392364501953125
2021-01-07,13.876524925231934
2021-01-08,13.458013534545898
2021-01-11,13.252859115600586
2021-01-12,12.842555046081543
2021-01-13,13.088738441467285
2021-01-14,13.359539031982422
2021-01-15,12.80152416229248
2021-01-19,12.694845199584961
2021-01-20,12.850761413574219
2021-01-21,12.63740062713623
2021-01-22,12.399426460266113
2021-01-25,12.530723571777344
2021-01-26,12.809731483459473
2021-01-27,12.169654846191406
2021-01-28,12.177862167358398
2021-01-29,11.915266036987305
2021-02-01,13.129768371582031
2021-02-02,12.957441329956055
2021-02-03,13.031295776367188
2021-02-04,12.908203125
2021-02-05,13.37594985961914
2021-02-08,13.999615669250488
2021-02-09,14.098087310791016
2021-02-10,14.45095157623291
2021-02-11,14.541219711303711
2021-02-12,14.623281478881836
2021-02-16,15.722896575927734
2021-02-17,15.7064847946167
2021-02-18,14.713546752929688
2021-02-19,15.197707176208496
2021-02-22,15.173089027404785
2021-02-23,14.976142883300781
2021-02-24,15.082823753356934
2021-02-25,15.05820369720459
2021-02-26,14.360684394836426
2021-03-01,14.75457763671875
2021-03-02,15.525954246520996
2021-03-03,15.517744064331055
2021-03-04,14.516600608825684
2021-03-05,14.664310455322266
2021-03-08,14.28683090209961
2021-03-09,14.58225154876709
2021-03-10,14.565838813781738
2021-03-11,15.09102725982666
2021-03-12,15.534159660339355
2021-03-15,16.24808692932129
2021-03-16,16.551715850830078
2021-03-17,16.683013916015625
2021-03-18,16.14961814880371
2021-03-19,15.952669143676758
2021-03-22,15.952669143676758
2021-03-23,15.271562576293945
2021-03-24,15.205917358398438
2021-03-25,15.107439994812012
2021-03-26,15.550569534301758
2021-03-29,15.435684204101562
2021-03-30,15.271562576293945
2021-03-31,15.452095985412598
2021-04-01,16.092172622680664
2021-04-05,16.863544464111328
2021-04-06,16.732248306274414
2021-04-07,16.436832427978516
2021-04-08,16.732248306274414
2021-04-09,16.518890380859375
2021-04-12,15.903432846069336
2021-04-13,15.772132873535156
2021-04-14,15.714691162109375
2021-04-15,15.854196548461914
2021-04-16,15.887020111083984
2021-04-19,15.714691162109375
2021-04-20,15.493128776550293
2021-04-21,15.7064847946167
2021-04-22,15.40285873413086
2021-04-23,15.632630348205566
2021-04-26,15.755722999572754
2021-04-27,15.878814697265625
2021-04-28,16.25629425048828
2021-04-29,16.198854446411133
2021-04-30,16.092172622680664
2021-05-03,16.962020874023438
2021-05-04,16.789690017700195
2021-05-05,17.454387664794922
2021-05-06,17.49541664123535
2021-05-07,18.225759506225586
2021-05-10,18.127286911010742
2021-05-11,17.856483459472656
2021-05-12,17.21640968322754
2021-05-13,16.871749877929688
2021-05-14,17.41335678100586
2021-05-17,17.741601943969727
2021-05-18,18.01240348815918
2021-05-19,17.577476501464844
2021-05-20,17.790836334228516
2021-05-21,17.520036697387695
2021-05-24,17.42156219482422
2021-05-25,17.24923324584961
2021-05-26,17.53645133972168
2021-05-27,18.053430557250977
2021-05-28,17.954959869384766
2021-06-01,18.70171546936035
2021-06-02,18.89045524597168
2021-06-03,18.570417404174805
2021-06-04,19.12022590637207
2021-06-07,19.39103126525879
2021-06-08,19.185876846313477
2021-06-09,19.054574966430664
2021-06-10,19.251522064208984
2021-06-11,19.259729385375977
2021-06-14,18.00419807434082
2021-06-15,18.488357543945312
2021-06-16,18.381677627563477
2021-06-17,17.64312744140625
2021-06-18,17.134347915649414
2021-06-21,17.331298828125
2021-06-22,17.659542083740234
2021-06-23,17.561067581176758
2021-06-24,18.01240348815918
2021-06-25,18.127286911010742
2021-06-28,17.8072509765625
2021-06-29,17.31842613220215
2021-06-30,17.417011260986328
2021-07-01,17.52381134033203
2021-07-02,17.532028198242188
2021-07-06,17.10481834411621
2021-07-07,16.98979949951172
2021-07-08,16.546159744262695
2021-07-09,16.776195526123047
2021-07-12,16.685821533203125
2021-07-13,16.472217559814453
2021-07-14,16.464004516601562
2021-07-15,16.49686622619629
2021-07-16,15.95464038848877
2021-07-19,15.371331214904785
2021-07-20,15.55207633972168
2021-07-21,16.143596649169922
2021-07-22,16.110733032226562
2021-07-23,15.921775817871094
2021-07-26,16.069656372070312
2021-07-27,15.90534496307373
2021-07-28,16.603666305541992
2021-07-29,16.751548767089844
2021-07-30,16.43935775756836
2021-08-02,16.258617401123047
2021-08-03,16.192888259887695
2021-08-04,15.782111167907715
2021-08-05,15.938206672668457
2021-08-06,15.938206672668457
2021-08-09,15.65066146850586
2021-08-10,16.020362854003906
2021-08-11,16.028575897216797
2021-08-12,15.938206672668457
2021-08-13,15.58493709564209
2021-08-16,15.198805809020996
2021-08-17,14.878399848937988
2021-08-18,14.960551261901855
2021-08-19,14.410111427307129
2021-08-20,14.631930351257324
2021-08-23,15.412408828735352
2021-08-24,15.708170890808105
2021-08-25,15.856048583984375
2021-08-26,15.642447471618652
2021-08-27,16.28326416015625
2021-08-30,16.628314971923828
2021-08-31,17.211618423461914
2021-09-01,17.7127685546875
2021-09-02,18.84651756286621
2021-09-03,19.659860610961914
2021-09-07,20.481420516967773
2021-09-08,20.25959587097168
2021-09-09,19.996700286865234
2021-09-10,21.639812469482422
2021-09-13,22.321706771850586
2021-09-14,22.124530792236328
2021-09-15,23.562255859375
2021-09-16,22.78177833557129
2021-09-17,20.99899673461914
2021-09-20,19.61878204345703
2021-09-21,20.037776947021484
2021-09-22,20.095285415649414
2021-09-23,20.20208740234375
2021-09-24,18.977970123291016
2021-09-27,20.01313018798828
2021-09-28,19.454471588134766
2021-09-29,19.166927337646484
2021-09-30,19.544841766357422
2021-10-01,19.947406768798828
2021-10-04,19.799528121948242
2021-10-05,20.02134895324707
2021-10-06,19.331239700317383
2021-10-07,20.078855514526367
2021-10-08,19.396963119506836
2021-10-11,19.8077392578125
2021-10-12,22.116317749023438
2021-10-13,23.627981185913086
2021-10-14,22.946090698242188
2021-10-15,22.609251022338867
2021-10-18,23.677274703979492
2021-10-19,23.825157165527344
2021-10-20,24.326305389404297
2021-10-21,23.496532440185547
2021-10-22,23.266496658325195
2021-10-25,23.775861740112305
2021-10-26,23.784076690673828
2021-10-27,22.50244903564453
2021-10-28,22.543527603149414
2021-10-29,22.0670223236084
2021-11-01,22.732484817504883
2021-11-02,22.658546447753906
2021-11-03,24.26058006286621
2021-11-04,24.29344367980957
2021-11-05,23.874448776245117
2021-11-08,25.32860565185547
2021-11-09,25.36968231201172
2021-11-10,23.964820861816406
2021-11-11,24.811023712158203
2021-11-12,24.761730194091797
2021-11-15,24.23593521118164
2021-11-16,23.33222007751465
2021-11-17,23.15969467163086
2021-11-18,23.463668823242188
2021-11-19,22.379215240478516
2021-11-22,21.45907211303711
2021-11-23,22.469587326049805
2021-11-24,22.379215240478516
2021-11-26,21.278329849243164
2021-11-29,21.689105987548828
2021-11-30,20.57179069519043
2021-12-01,20.004915237426758
2021-12-02,20.621082305908203
2021-12-03,19.70915412902832
2021-12-06,19.544841766357422
2021-12-07,21.007213592529297
2021-12-08,20.933271408081055
2021-12-09,20.300674438476562
2021-12-10,19.865251541137695
2021-12-13,19.25729751586914
2021-12-14,18.912242889404297
2021-12-15,19.963834762573242
2021-12-16,19.594135284423828
2021-12-17,19.273727416992188
2021-12-20,18.895811080932617
2021-12-21,20.054208755493164
2021-12-22,19.82417106628418
2021-12-23,20.136363983154297
2021-12-27,20.94148826599121
2021-12-28,20.111717224121094
2021-12-29,19.83238983154297
2021-12-30,19.510114669799805
2021-12-31,19.822830200195312
2022-01-03,20.995521545410156
2022-01-04,21.369049072265625
2022-01-05,21.499345779418945
2022-01-06,20.317968368530273
2022-01-07,21.030271530151367
2022-01-10,20.656747817993164
2022-01-11,20.91734504699707
2022-01-12,21.00421142578125
2022-01-13,20.152921676635742
2022-01-14,20.013938903808594
2022-01-18,19.136592864990234
2022-01-19,19.59697914123535
2022-01-20,19.22345542907715
2022-01-21,18.024707794189453
2022-01-24,18.04207992553711
2022-01-25,18.076826095581055
2022-01-26,17.347148895263672
2022-01-27,16.7043399810791
2022-01-28,17.347148895263672
2022-01-31,17.9465274810791
2022-02-01,18.441661834716797
2022-02-02,18.146316528320312
2022-02-03,17.303714752197266
2022-02-04,17.816226959228516
2022-02-07,18.224496841430664
2022-02-08,18.285301208496094
2022-02-09,19.59697914123535
2022-02-10,19.197397232055664
2022-02-11,18.971546173095703
2022-02-14,18.528526306152344
2022-02-15,18.910737991333008
2022-02-16,18.780439376831055
2022-02-17,18.40691375732422
2022-02-18,18.10288429260254
2022-02-22,18.1636905670166
2022-02-23,18.267929077148438
2022-02-24,18.962858200073242
2022-02-25,19.727277755737305
2022-02-28,20.943403244018555
2022-03-01,20.90865707397461
2022-03-02,21.438541412353516
2022-03-03,21.04764175415039
2022-03-04,20.213729858398438
2022-03-07,20.639373779296875
2022-03-08,21.421165466308594
2022-03-09,22.619918823242188
2022-03-10,22.9239501953125
2022-03-11,22.2724552154541
2022-03-14,20.795732498168945
2022-03-15,20.561193466186523
2022-03-16,20.804420471191406
2022-03-17,22.24639320373535
2022-03-18,22.28114128112793
2022-03-21,23.01081657409668
2022-03-22,23.25404167175293
2022-03-23,22.915260314941406
2022-03-24,23.210609436035156
2022-03-25,22.802337646484375
2022-03-28,22.168216705322266
2022-03-29,22.229022979736328
2022-03-30,22.315889358520508
2022-03-31,22.724157333374023
2022-04-01,22.64597511291504
2022-04-04,22.446186065673828
2022-04-05,22.307199478149414
2022-04-06,22.368009567260742
2022-04-07,23.679683685302734
2022-04-08,23.88816261291504
2022-04-11,23.705745697021484
2022-04-12,23.79261016845703
2022-04-13,24.617835998535156
2022-04-14,24.365924835205078
2022-04-18,23.601505279541016
2022-04-19,23.33222007751465
2022-04-20,24.12270164489746
2022-04-21,22.09872055053711
2022-04-22,21.238750457763672
2022-04-25,20.68280601501465
2022-04-26,20.317968368530273
2022-04-27,20.456953048706055
2022-04-28,20.595937728881836
2022-04-29,20.144235610961914
2022-05-02,19.89232635498047
2022-05-03,20.257160186767578
2022-05-04,20.795732498168945
2022-05-05,19.440622329711914
2022-05-06,19.084470748901367
2022-05-09,17.486133575439453
2022-05-10,17.468761444091797
2022-05-11,16.912817001342773
2022-05-12,16.478490829467773
2022-05-13,17.60774803161621
2022-05-16,17.7901668548584
2022-05-17,18.571958541870117
2022-05-18,17.711986541748047
2022-05-19,18.016016006469727
2022-05-20,18.12894630432129
2022-05-23,18.65013885498047
2022-05-24,18.285301208496094
2022-05-25,18.424285888671875
2022-05-26,18.910737991333008
2022-05-27,19.275577545166016
2022-05-31,19.058412551879883
2022-06-01,18.710947036743164
2022-06-02,19.70990753173828
2022-06-03,19.232141494750977
2022-06-06,19.310319900512695
2022-06-07,20.465639114379883
2022-06-08,20.41352081298828
2022-06-09,19.44930648803711
2022-06-10,19.06709861755371
2022-06-13,17.564313888549805
2022-06-14,16.912817001342773
2022-06-15,17.28634262084961
2022-06-16,16.495864868164062
2022-06-17,16.382936477661133
2022-06-21,16.825952529907227
2022-06-22,16.139713287353516
2022-06-23,15.853053092956543
2022-06-24,16.964937210083008
2022-06-27,17.234224319458008
2022-06-28,16.938879013061523
2022-06-29,16.452465057373047
2022-06-30,16.207950592041016
2022-07-01,16.60965347290039
2022-07-05,15.902303695678711
2022-07-06,15.7538480758667
2022-07-07,16.69698143005371
2022-07-08,16.86290168762207
2022-07-11,16.27781105041504
2022-07-12,15.972167015075684
2022-07-13,16.033294677734375
2022-07-14,16.207950592041016
2022-07-15,16.41753387451172
2022-07-18,16.714445114135742
2022-07-19,17.413066864013672
2022-07-20,17.701244354248047
2022-07-21,17.404333114624023
2022-07-22,16.86290168762207
2022-07-25,17.220947265625
2022-07-26,17.220947265625
2022-07-27,18.41733169555664
2022-07-28,18.714242935180664
2022-07-29,18.845233917236328
2022-08-01,18.391132354736328
2022-08-02,18.391132354736328
2022-08-03,18.38239860534668
2022-08-04,18.38239860534668
2022-08-05,18.626914978027344
2022-08-08,18.880165100097656
2022-08-09,18.391132354736328
2022-08-10,18.862699508666992
2022-08-11,18.801570892333984
2022-08-12,18.862699508666992
2022-08-15,18.434797286987305
2022-08-16,18.504657745361328
2022-08-17,17.797306060791016
2022-08-18,17.910831451416016
2022-08-19,17.142349243164062
2022-08-22,17.055025100708008
2022-08-23,17.596454620361328
2022-08-24,19.64864730834961
2022-08-25,19.744707107543945
2022-08-26,19.01988983154297
2022-08-29,20.425857543945312
2022-08-30,20.452056884765625
2022-08-31,20.38219451904297
2022-09-01,19.447792053222656
2022-09-02,19.369197845458984
2022-09-06,19.788368225097656
2022-09-07,20.0416202545166
2022-09-08,20.757701873779297
2022-09-09,20.8362979888916
2022-09-12,20.687841415405273
2022-09-13,19.95429039001465
2022-09-14,20.32106590270996
2022-09-15,19.500186920166016
2022-09-16,19.072284698486328
2022-09-19,19.185810089111328
2022-09-20,18.880165100097656
2022-09-21,18.356201171875
2022-09-22,18.041824340820312
2022-09-23,16.836708068847656
2022-09-26,16.60965347290039
2022-09-27,17.308273315429688
2022-09-28,17.971960067749023
2022-09-29,17.43926239013672
2022-09-30,17.308273315429688
2022-10-03,17.99816131591797
2022-10-04,18.731708526611328
2022-10-05,18.61818504333496
2022-10-06,18.050554275512695
2022-10-07,17.78857421875
2022-10-10,16.932767868041992
2022-10-11,17.072490692138672
2022-10-12,16.784311294555664
2022-10-13,17.11615562438965
2022-10-14,16.400070190429688
2022-10-17,17.220947265625
2022-10-18,17.395599365234375
2022-10-19,17.107419967651367
2022-10-20,17.229679107666016
2022-10-21,17.771108627319336
2022-10-24,17.526592254638672
2022-10-25,17.928298950195312
2022-10-26,18.33873748779297
2022-10-27,17.963228225708008
2022-10-28,18.050554275512695
2022-10-31,17.64011573791504
2022-11-01,17.727445602416992
2022-11-02,17.159814834594727
2022-11-03,17.220947265625
2022-11-04,17.675046920776367
2022-11-07,18.164081573486328
2022-11-08,18.513391494750977
2022-11-09,17.578989028930664
2022-11-10,18.530853271484375
2022-11-11,19.002422332763672
2022-11-14,18.749174118041992
2022-11-15,18.906362533569336
2022-11-16,18.13788414001465
2022-11-17,17.884634017944336
2022-11-18,17.93703269958496
2022-11-21,17.517858505249023
2022-11-22,18.033090591430664
2022-11-23,18.303804397583008
2022-11-25,18.268875122070312
2022-11-28,17.613920211791992
2022-11-29,17.849700927734375
2022-11-30,18.766639709472656
2022-12-01,18.286340713500977
2022-12-02,18.34746742248535
2022-12-05,17.465463638305664
2022-12-06,17.020092010498047
2022-12-07,16.96769905090332
2022-12-08,17.33447265625
2022-12-09,17.11615562438965
2022-12-12,17.32573890686035
2022-12-13,17.33447265625
2022-12-14,17.255876541137695
2022-12-15,16.906570434570312
2022-12-16,17.020092010498047
2022-12-19,16.653318405151367
2022-12-20,16.836708068847656
2022-12-21,17.343204498291016
2022-12-22,16.993892669677734
2022-12-23,17.29953956604004
2022-12-27,17.63138771057129
2022-12-28,17.12488555908203
2022-12-29,17.439176559448242
2022-12-30,17.579248428344727
2023-01-03,17.526723861694336
2023-01-04,17.579248428344727
2023-01-05,17.60551643371582
2023-01-06,18.53350257873535
2023-01-09,18.857423782348633
2023-01-10,19.128816604614258
2023-01-11,19.146326065063477
2023-01-12,19.277645111083984
2023-01-13,19.38269805908203
2023-01-17,19.11130714416504
2023-01-18,18.682331085205078
2023-01-19,18.97998809814453
2023-01-20,19.52277183532715
2023-01-23,19.75039291381836
2023-01-24,19.829185485839844
2023-01-25,19.951749801635742
2023-01-26,19.899221420288086
2023-01-27,20.258159637451172
2023-01-30,20.319440841674805
2023-01-31,20.1618595123291
2023-02-01,20.590835571289062
2023-02-02,20.26691436767578
2023-02-03,19.400209426879883
2023-02-06,19.023759841918945
2023-02-07,19.45273780822754
2023-02-08,19.19009780883789
2023-02-09,19.601564407348633
2023-02-10,19.820430755615234
2023-02-13,19.62782859802246
2023-02-14,19.872957229614258
2023-02-15,19.811674118041992
2023-02-16,19.479000091552734
2023-02-17,19.34768295288086
2023-02-21,18.586030960083008
2023-02-22,18.410938262939453
2023-02-23,18.577272415161133
2023-02-24,18.349655151367188
2023-02-27,18.46346664428711
2023-02-28,18.323392868041992
2023-03-01,18.74361228942871
2023-03-02,18.612295150756836
2023-03-03,18.971233367919922
2023-03-06,18.323392868041992
2023-03-07,17.69305992126465
2023-03-08,17.649288177490234
2023-03-09,17.58800506591797
2023-03-10,17.185293197631836
2023-03-13,17.21155548095703
2023-03-14,17.04521942138672
2023-03-15,16.449905395507812
2023-03-16,16.633752822875977
2023-03-17,16.756315231323242
2023-03-20,16.82635498046875
2023-03-21,16.992692947387695
2023-03-22,16.730052947998047
2023-03-23,16.493680953979492
2023-03-24,16.344850540161133
2023-03-27,16.528696060180664
2023-03-28,16.887636184692383
2023-03-29,17.141521453857422
2023-03-30,17.456687927246094
2023-03-31,17.447933197021484
2023-04-03,17.500459671020508
2023-04-04,17.115257263183594
2023-04-05,16.677526473999023
2023-04-06,16.69503402709961
2023-04-10,16.756315231323242
2023-04-11,17.04521942138672
2023-04-12,17.071483612060547
2023-04-13,17.579248428344727
2023-04-14,17.38665008544922
2023-04-17,17.264083862304688
2023-04-18,17.21155548095703
2023-04-19,17.0277099609375
2023-04-20,16.90514373779297
2023-04-21,16.791336059570312
2023-04-24,16.773826599121094
2023-04-25,16.83510971069336
2023-04-26,16.83510971069336
2023-04-27,17.15027618408203
2023-04-28,17.509214401245117
2023-05-01,17.264083862304688
2023-05-02,16.870128631591797
2023-05-03,16.887636184692383
2023-05-04,16.992692947387695
2023-05-05,17.623023986816406
2023-05-08,17.745586395263672
2023-05-09,18.139545440673828
2023-05-10,18.358409881591797
2023-05-11,17.754343032836914
2023-05-12,17.78936004638672
2023-05-15,17.80687141418457
2023-05-16,17.36038589477539
2023-05-17,17.526723861694336
2023-05-18,17.56174087524414
2023-05-19,17.60551643371582
2023-05-22,18.12203598022461
2023-05-23,17.8944149017334
2023-05-24,17.579248428344727
2023-05-25,17.299104690551758
2023-05-26,17.29034996032715
2023-05-30,16.878883361816406
2023-05-31,17.412912368774414
2023-06-01,18.472219467163086
2023-06-02,18.65606689453125
2023-06-05,18.927461624145508
2023-06-06,18.927461624145508
2023-06-07,18.708595275878906
2023-06-08,19.172588348388672
2023-06-09,19.172588348388672
2023-06-12,19.76790428161621
2023-06-13,19.715375900268555
2023-06-14,19.461490631103516
2023-06-15,19.63658332824707
2023-06-16,19.74163818359375
2023-06-20,19.61907386779785
2023-06-21,19.531526565551758
2023-06-22,19.1375732421875
2023-06-23,18.65606689453125
2023-06-26,18.67357635498047
2023-06-27,18.568519592285156
2023-06-28,18.699840545654297
2023-06-29,18.813650131225586
2023-06-30,18.99749755859375
2023-07-03,18.90995216369629
2023-07-05,18.717348098754883
2023-07-06,17.85064125061035
2023-07-07,18.262109756469727
2023-07-10,18.507238388061523
2023-07-11,18.892440795898438
2023-07-12,19.067533493041992
2023-07-13,19.610319137573242
2023-07-14,19.006250381469727
2023-07-17,19.15507698059082
2023-07-18,19.45273780822754
2023-07-19,19.43522834777832
2023-07-20,19.251380920410156
2023-07-21,18.98874282836914
2023-07-24,19.12006187438965
2023-07-25,19.566547393798828
2023-07-26,19.338926315307617
2023-07-27,18.86617660522461
2023-07-28,19.24262809753418
2023-07-31,19.872957229614258
2023-08-01,19.732885360717773
2023-08-02,19.277645111083984
2023-08-03,19.295154571533203
2023-08-04,19.52277183532715
2023-08-07,19.671600341796875
2023-08-08,19.63658332824707
2023-08-09,19.671600341796875
2023-08-10,19.671600341796875
2023-08-11,20.021785736083984
2023-08-14,19.829185485839844
2023-08-15,19.303909301757812
2023-08-16,19.251380920410156
2023-08-17,19.1988525390625
2023-08-18,19.592811584472656
2023-08-21,20.249404907226562
2023-08-22,20.354459762573242
2023-08-23,20.573326110839844
2023-08-24,20.223142623901367
2023-08-25,20.590835571289062
2023-08-28,20.818456649780273
2023-08-29,20.80970001220703
2023-08-30,21.054828643798828
2023-08-31,21.019811630249023
2023-09-01,21.282447814941406
2023-09-05,21.763954162597656
2023-09-06,21.440032958984375
2023-09-07,21.361238479614258
2023-09-08,21.44878578186035
2023-09-11,21.80772590637207
2023-09-12,21.798969268798828
2023-09-13,22.46432113647461
2023-09-14,23.155935287475586
2023-09-15,23.374801635742188
2023-09-18,23.44483757019043
2023-09-19,23.068389892578125
2023-09-20,23.077144622802734
2023-09-21,22.648168563842773
2023-09-22,23.45359230041504
2023-09-25,24.52165412902832
2023-09-26,23.812532424926758
2023-09-27,23.768756866455078
2023-09-28,24.54791831970215
2023-09-29,23.67245864868164
2023-10-02,22.823259353637695
2023-10-03,22.227947235107422
2023-10-04,22.044099807739258
2023-10-05,22.586885452270508
2023-10-06,22.90205192565918
2023-10-09,22.525604248046875
2023-10-10,22.937068939208984
2023-10-11,22.481828689575195
2023-10-12,22.070363998413086
2023-10-13,22.149152755737305
2023-10-16,21.772706985473633
2023-10-17,22.219192504882812
2023-10-18,22.24545669555664
2023-10-19,22.630659103393555
2023-10-20,22.490585327148438
2023-10-23,22.46432113647461
2023-10-24,22.998350143432617
2023-10-25,23.155935287475586
2023-10-26,22.604394912719727
2023-10-27,22.13164710998535
2023-10-30,22.551868438720703
2023-10-31,23.49736785888672
2023-11-01,23.707477569580078
2023-11-02,23.99637794494629
2023-11-03,23.63743782043457
2023-11-06,22.98959732055664
2023-11-07,23.34853744506836
2023-11-08,22.81450653076172
2023-11-09,23.366046905517578
2023-11-10,23.514873504638672
2023-11-13,24.2239990234375
2023-11-14,24.582935333251953
2023-11-15,24.20648765563965
2023-11-16,24.556673049926758
2023-11-17,25.08194923400879
2023-11-20,25.493417739868164
2023-11-21,25.134477615356445
2023-11-22,25.222021102905273
2023-11-24,25.449642181396484
2023-11-27,25.414623260498047
2023-11-28,25.239532470703125
2023-11-29,24.390336990356445
2023-11-30,25.35334014892578
2023-12-01,25.335834503173828
2023-12-04,25.72978973388672
2023-12-05,25.178251266479492
2023-12-06,24.93311882019043
2023-12-07,24.941875457763672
2023-12-08,25.195758819580078
2023-12-11,25.15198516845703
2023-12-12,25.467151641845703
2023-12-13,25.195758819580078
2023-12-14,26.053709030151367
2023-12-15,25.397113800048828
2023-12-18,25.95741081237793
2023-12-19,25.038175582885742
2023-12-20,24.73176383972168
2023-12-21,25.63348960876465
2023-12-22,25.843599319458008
2023-12-26,26.193782806396484
2023-12-27,25.791072845458984
2023-12-28,25.495819091796875
2023-12-29,25.709367752075195
2024-01-02,25.189422607421875
2024-01-03,24.91088104248047
2024-01-04,25.254417419433594
2024-01-05,25.031583786010742
2024-01-08,25.402973175048828
2024-01-09,26.433574676513672
2024-01-10,26.73068618774414
2024-01-11,27.287769317626953
2024-01-12,29.228271484375
2024-01-16,28.996156692504883
2024-01-17,28.420501708984375
2024-01-18,28.578344345092773
2024-01-19,28.253379821777344
2024-01-22,27.40846824645996
2024-01-23,28.160531997680664
2024-01-24,27.863420486450195
2024-01-25,27.362045288085938
2024-01-26,27.47346305847168
2024-01-29,27.881990432739258
2024-01-30,28.36479377746582
2024-01-31,28.151247024536133
2024-02-01,29.906057357788086
2024-02-02,29.265411376953125
2024-02-05,28.79189109802246
2024-02-06,28.73618507385254
2024-02-07,29.061147689819336
2024-02-08,27.854137420654297
2024-02-09,27.640588760375977
2024-02-12,27.631301879882812
2024-02-13,26.739971160888672
2024-02-14,27.15778160095215
2024-02-15,27.111358642578125
2024-02-16,26.888525009155273
2024-02-20,26.052902221679688
2024-02-21,26.322158813476562
2024-02-22,25.746505737304688
2024-02-23,25.050153732299805
2024-02-26,25.570096969604492
2024-02-27,26.00647735595703
2024-02-28,25.55152702331543
2024-02-29,25.495819091796875
2024-03-01,26.266450881958008
2024-03-04,25.718652725219727
2024-03-05,25.579381942749023
2024-03-06,26.00647735595703
2024-03-07,27.25063133239746
2024-03-08,26.052902221679688
2024-03-11,26.034332275390625
2024-03-12,26.136463165283203
2024-03-13,25.3751163482666
2024-03-14,25.467966079711914
2024-03-15,25.895061492919922
2024-03-18,26.173603057861328
2024-03-19,25.802215576171875
2024-03-20,26.647123336791992
2024-03-21,26.869956970214844
2024-03-22,26.786394119262695
2024-03-25,26.350011825561523
2024-03-26,26.350011825561523
2024-03-27,26.51713752746582
2024-03-28,26.767824172973633
2024-04-01,27.965553283691406
2024-04-02,28.216238021850586
2024-04-03,29.135425567626953
2024-04-04,28.049114227294922
2024-04-05,28.355510711669922
2024-04-08,28.179100036621094
2024-04-09,27.89127540588379
2024-04-10,28.169815063476562
2024-04-11,28.699045181274414
2024-04-12,28.05839729309082
2024-04-15,27.343477249145508
2024-04-16,26.823532104492188
2024-04-17,26.9256649017334
2024-04-18,26.814247131347656
2024-04-19,26.767824172973633
2024-04-22,26.916379928588867
2024-04-23,27.13921356201172
2024-04-24,26.97208595275879
2024-04-25,27.092790603637695
2024-04-26,27.38990020751953
2024-04-29,28.206953048706055
2024-04-30,26.712114334106445
2024-05-01,27.547740936279297
2024-05-02,28.36479377746582
2024-05-03,28.624767303466797
2024-05-06,29.45110511779785
2024-05-07,29.469675064086914
2024-05-08,28.75475311279297
2024-05-09,29.543954849243164
2024-05-10,28.98686981201172
2024-05-13,28.64333724975586
2024-05-14,28.9125919342041
2024-05-15,29.209701538085938
2024-05-16,29.265411376953125
2024-05-17,30.314584732055664
2024-05-20,30.83452796936035
2024-05-21,30.750965118408203
2024-05-22,29.711076736450195
2024-05-23,29.19113540649414
2024-05-24,29.711076736450195
2024-05-28,30.15674591064453
2024-05-29,29.86891746520996
2024-05-30,29.77606964111328
2024-05-31,29.93391227722168
2024-06-03,29.30255126953125
2024-06-04,28.485496520996094
2024-06-05,28.36479377746582
2024-06-06,28.921876907348633
2024-06-07,27.81699562072754
2024-06-10,28.1419620513916
2024-06-11,26.907093048095703
2024-06-12,27.752004623413086
2024-06-13,27.798429489135742
2024-06-14,27.445608139038086
2024-06-17,27.259912490844727
2024-06-18,27.937698364257812
2024-06-20,27.974836349487305
2024-06-21,27.510601043701172
2024-06-24,27.074220657348633
2024-06-25,26.795679092407227
2024-06-26,27.018510818481445
2024-06-27,27.48779296875
2024-06-28,26.902353286743164
2024-07-01,27.07891273498535
2024-07-02,26.85588836669922
2024-07-03,27.720108032226562
2024-07-05,27.590011596679688
2024-07-08,27.34840202331543
2024-07-09,27.617889404296875
2024-07-10,28.844526290893555
2024-07-11,29.048965454101562
2024-07-12,28.974624633789062
2024-07-15,28.658672332763672
2024-07-16,28.2962589263916
2024-07-17,27.0417423248291
2024-07-18,26.391254425048828
2024-07-19,26.205400466918945
2024-07-22,26.437719345092773
2024-07-23,26.26115608215332
2024-07-24,25.52703285217285
2024-07-25,25.043813705444336
2024-07-26,25.592082977294922
2024-07-29,25.13673973083496
2024-07-30,25.35047149658203
2024-07-31,26.33549690246582
2024-08-01,24.300395965576172
2024-08-02,22.785688400268555
2024-08-05,22.246713638305664
2024-08-06,22.404687881469727
2024-08-07,22.52549171447754
2024-08-08,22.94366455078125
2024-08-09,22.971542358398438
2024-08-12,23.055177688598633
2024-08-13,23.25961685180664
2024-08-14,23.37112808227539
2024-08-15,23.705665588378906
2024-08-16,23.529104232788086
2024-08-19,23.640615463256836
2024-08-20,23.82646942138672
2024-08-21,23.910104751586914
2024-08-22,23.315370559692383
2024-08-23,24.913715362548828
2024-08-26,24.857959747314453
2024-08-27,24.932300567626953
2024-08-28,24.06808090209961
2024-08-29,23.82646942138672
2024-08-30,24.06808090209961
2024-09-03,22.516199111938477
2024-09-04,22.813566207885742
2024-09-05,22.358224868774414
2024-09-06,21.54046630859375
2024-09-09,21.92146873474121
2024-09-10,22.395395278930664
2024-09-11,23.54768943786621
2024-09-12,23.984445571899414
2024-09-13,23.631324768066406
2024-09-16,23.79859161376953
2024-09-17,23.482641220092773
2024-09-18,23.399005889892578
2024-09-19,24.253934860229492
2024-09-20,25.257545471191406
2024-09-23,26.019546508789062
2024-09-24,26.79084014892578
2024-09-25,26.837303161621094
2024-09-26,27.07891273498535
2024-09-27,27.0417423248291
2024-09-30,26.586402893066406
2024-10-01,27.181133270263672
2024-10-02,27.757280349731445
2024-10-03,27.5621337890625
2024-10-04,28.175451278686523
2024-10-07,27.73869514465332
2024-10-08,27.87808609008789
2024-10-09,27.376279830932617
2024-10-10,27.478498458862305
2024-10-11,27.87808609008789
2024-10-14,28.036062240600586
2024-10-15,28.091815948486328
2024-10-16,30.061866760253906
2024-10-17,30.442869186401367
2024-10-18,31.09335708618164
2024-10-21,30.898212432861328
2024-10-22,30.433576583862305
2024-10-23,29.337038040161133
2024-10-24,29.52289390563965
2024-10-25,29.32774543762207
2024-10-28,29.903892517089844
2024-10-29,29.56935691833496
2024-10-30,29.086135864257812
2024-10-31,28.55645179748535
2024-11-01,28.398475646972656
2024-11-04,27.757280349731445
2024-11-05,27.887378692626953
2024-11-06,28.175451278686523
2024-11-07,29.29057502746582
2024-11-08,28.807355880737305
2024-11-11,28.36130714416504
2024-11-12,28.54715919494629
2024-11-13,28.02676773071289
2024-11-14,28.249794006347656
2024-11-15,28.156864166259766
2024-11-18,29.6344051361084
2024-11-19,30.21055030822754
2024-11-20,29.7087459564209
2024-11-21,30.758817672729492
2024-11-22,30.77740478515625
2024-11-25,29.801671981811523
2024-11-26,29.513599395751953
2024-11-27,29.54147720336914
2024-11-29,30.061866760253906
2024-12-02,29.652990341186523
2024-12-03,29.6344051361084
2024-12-04,29.439258575439453
2024-12-05,29.690160751342773
2024-12-06,29.550769805908203
2024-12-09,28.22191619873047
2024-12-10,28.212623596191406
2024-12-11,28.667964935302734
2024-12-12,27.97101402282715
2024-12-13,27.31123161315918
2024-12-16,26.86518096923828
2024-12-17,26.6793270111084
2024-12-18,25.833690643310547
2024-12-19,26.066009521484375
2024-12-20,25.991668701171875
2024-12-23,26.26115608215332
2024-12-24,26.093887329101562
2024-12-26,26.103181838989258
2024-12-27,26.11247444152832
2024-12-30,25.607576370239258
2024-12-31,25.55985450744629
2025-01-02,26.829256057739258
2025-01-03,27.525997161865234
2025-01-06,27.94594955444336
2025-01-07,26.924699783325195
2025-01-08,26.571557998657227
2025-01-10,25.932085037231445
2025-01-13,25.86527442932129
2025-01-14,25.960718154907227
2025-01-15,26.390214920043945
2025-01-16,26.113428115844727
2025-01-17,26.752901077270508
2025-01-21,27.850505828857422
2025-01-22,28.96719741821289
2025-01-23,29.568492889404297
2025-01-24,29.13899803161621
2025-01-27,25.86527442932129
2025-01-28,26.32340431213379
2025-01-29,27.067867279052734
2025-01-30,27.602352142333984
2025-01-31,27.020143508911133
2025-02-03,26.714723587036133
2025-02-04,27.592805862426758
2025-02-05,27.659616470336914
2025-02-06,27.067867279052734
2025-02-07,27.774150848388672
2025-02-10,27.774150848388672
2025-02-11,27.296932220458984
2025-02-12,27.621440887451172
2025-02-13,27.640527725219727
2025-02-14,26.752901077270508
2025-02-18,26.915157318115234
2025-02-19,26.13251495361328
2025-02-20,26.008440017700195
2025-02-21,24.872657775878906
2025-02-24,24.490882873535156
2025-02-25,24.032752990722656
2025-02-26,24.538604736328125
2025-02-27,23.59370994567871
2025-02-28,23.67006492614746
2025-03-03,22.41975212097168
2025-03-04,22.95423698425293
2025-03-05,23.545989990234375
2025-03-06,23.116491317749023
2025-03-07,22.8492488861084
2025-03-10,22.057065963745117
2025-03-11,22.582006454467773
2025-03-12,22.75380516052246
2025-03-13,22.438840866088867
2025-03-14,22.811071395874023
2025-03-17,23.51735496520996
2025-03-18,23.336013793945312
2025-03-19,24.04229736328125
2025-03-20,24.2236385345459
2025-03-21,23.86095428466797
2025-03-24,24.233184814453125
2025-03-25,23.73687744140625
2025-03-26,23.183303833007812
2025-03-27,22.562917709350586
2025-03-28,22.047521591186523
2025-03-31,21.875722885131836
2025-04-01,22.028432846069336
2025-04-02,22.11433219909668
2025-04-03,21.43667984008789
2025-04-04,19.871402740478516
2025-04-07,19.57552719116211
2025-04-08,19.336917877197266
2025-04-09,21.112173080444336
2025-04-10,20.606319427490234
2025-04-11,21.618022918701172
2025-04-14,21.799367904663086
2025-04-15,21.694377899169922
2025-04-16,21.675289154052734
2025-04-17,21.828001022338867
2025-04-21,21.42713737487793
2025-04-22,21.6275691986084
2025-04-23,22.582006454467773
2025-04-24,23.469635009765625
2025-04-25,23.336013793945312
2025-04-28,23.908674240112305
2025-04-29,23.985029220581055
2025-04-30,23.86095428466797
2025-05-01,24.156829833984375
2025-05-02,24.662681579589844
2025-05-05,24.481338500976562
2025-05-06,25.1876220703125
2025-05-07,25.550310134887695
2025-05-08,25.46441078186035
2025-05-09,25.92254066467285
2025-05-12,26.04661750793457
2025-05-13,26.571557998657227
2025-05-14,26.867433547973633
2025-05-15,26.73381233215332
2025-05-16,26.447481155395508
2025-05-19,26.542924880981445
2025-05-20,26.73381233215332
2025-05-21,26.943788528442383
2025-05-22,27.220577239990234
2025-05-23,30.3797664642334
2025-05-27,31.46782684326172
2025-05-28,31.401016235351562
2025-05-29,30.790172576904297
2025-05-30,30.551563262939453
2025-06-02,30.417943954467773
2025-06-03,31.248306274414062
2025-06-04,31.57281494140625
2025-06-05,31.65871238708496
2025-06-06,32.1072998046875
2025-06-09,33.57713317871094
2025-06-10,32.498619079589844
2025-06-11,34.235694885253906
2025-06-12,34.36931610107422
2025-06-13,34.48385238647461
2025-06-16,36.3354606628418
2025-06-17,35.848697662353516
2025-06-18,36.049129486083984
2025-06-20,35.09469223022461
2025-06-23,35.82960891723633
2025-06-24,36.90812301635742
2025-06-25,36.11594009399414
2025-06-26,36.9463005065918
2025-06-27,36.3354606628418
2025-06-30,37.041744232177734
2025-07-01,35.71507263183594
2025-07-02,35.99186325073242
2025-07-03,36.1732063293457
2025-07-07,36.24956130981445
2025-07-08,35.33330154418945
2025-07-09,35.05651092529297
2025-07-10,35.34284210205078
2025-07-11,35.80097198486328
2025-07-14,37.194454193115234
2025-07-15,37.3948860168457
2025-07-16,38.16798400878906
2025-07-17,38.57838821411133
2025-07-18,39.065155029296875
2025-07-21,38.3111457824707
2025-07-22,38.38750457763672
2025-07-23,39.332393646240234
2025-07-24,40.239112854003906
2025-07-25,39.92414855957031
2025-07-28,39.12242126464844
2025-07-29,38.416133880615234
2025-07-30,38.263423919677734
2025-07-31,37.56668472290039
2025-08-01,36.4786262512207
2025-08-04,37.690765380859375
2025-08-05,38.58793640136719
2025-08-06,39.31330490112305
2025-08-07,38.74064636230469
2025-08-08,38.12980651855469
2025-08-11,37.82438659667969
2025-08-12,38.568843841552734
2025-08-13,37.652584075927734
2025-08-14,37.2517204284668
2025-08-15,37.23263168334961
2025-08-18,37.41397476196289
2025-08-19,35.276031494140625
2025-08-20,34.78927230834961
2025-08-21,35.48601150512695
2025-08-22,37.64303970336914
2025-08-25,37.690765380859375
2025-08-26,38.607025146484375
2025-08-27,37.87210464477539
2025-08-28,39.11287307739258
2025-08-29,38.81699752807617
2025-09-02,38.7692756652832
2025-09-03,39.45647430419922
2025-09-04,38.559303283691406
2025-09-05,38.874263763427734
2025-09-08,39.637813568115234
2025-09-09,40.057769775390625
2025-09-10,40.29637908935547
2025-09-11,40.706787109375
2025-09-12,40.134124755859375
2025-09-15,43.885066986083984
2025-09-16,42.3388786315918
2025-09-17,42.52021789550781
2025-09-18,43.63691329956055
2025-09-19,47.177879333496094
2025-09-22,48.10368347167969
2025-09-23,48.06550598144531
2025-09-24,46.37614822387695
2025-09-25,46.92972183227539
2025-09-26,46.204349517822266
2025-09-29,46.49068069458008
2025-09-30,45.49806594848633
2025-10-01,46.06118392944336
2025-10-02,47.91279602050781
2025-10-03,47.34012985229492
2025-10-06,48.87677764892578
2025-10-07,48.87677764892578
2025-10-08,48.6954345703125
2025-10-09,49.144020080566406
2025-10-10,49.50670623779297
2025-10-13,52.96177291870117
2025-10-14,54.36479568481445
2025-10-15,55.46240234375
2025-10-16,53.200382232666016
2025-10-17,50.881099700927734
2025-10-20,50.986083984375
2025-10-21,47.62646484375
2025-10-22,46.710201263427734
2025-10-23,47.66463851928711
2025-10-24,49.153564453125
2025-10-27,48.4472770690918
2025-10-28,52.513187408447266
2025-10-29,53.897125244140625
2025-10-30,53.629878997802734
2025-10-31,52.6086311340332
2025-11-03,50.18436050415039
2025-11-04,47.464210510253906
2025-11-05,47.76008605957031
2025-11-06,44.99221420288086
2025-11-07,45.641231536865234
2025-11-10,46.672027587890625
2025-11-11,45.27854537963867
2025-11-12,45.46943283081055
2025-11-13,43.274227142333984
2025-11-14,42.71110534667969
2025-11-17,41.7280387878418
2025-11-18,41.737579345703125
2025-11-19,43.083335876464844
2025-11-20,40.19139099121094
2025-11-21,39.69508361816406
2025-11-24,41.317626953125
2025-11-25,41.90937805175781
2025-11-26,42.74928665161133
2025-11-28,43.216957092285156
2025-12-01,42.1861686706543
2025-12-02,43.19786834716797
2025-12-03,44.495906829833984
2025-12-04,46.95835876464844
2025-12-05,45.73667526245117
2025-12-08,45.631690979003906
2025-12-09,45.937110900878906
2025-12-10,45.517154693603516
2025-12-11,46.7674674987793
2025-12-12,43.95187759399414
2025-12-15,42.59657669067383
2025-12-16,42.25297546386719
2025-12-17,40.76405334472656
2025-12-18,41.95709991455078
2025-12-19,43.79916763305664
2025-12-22,44.07595443725586
2025-12-23,44.43864059448242
2025-12-24,44.43864059448242
2025-12-26,43.78962326049805
2025-12-29,43.656002044677734
2025-12-30,42.810001373291016
2025-12-31,42.72999954223633
2026-01-02,46.060001373291016
2026-01-05,48.630001068115234
2026-01-06,49.369998931884766
2026-01-07,49.83000183105469
2026-01-08,49.5099983215332
2026-01-09,50.310001373291016
2026-01-12,51.7599983215332
2026-01-13,50.77000045776367
2026-01-14,52.59000015258789
2026-01-15,52.779998779296875
2026-01-16,54.400001525878906
2026-01-20,54.119998931884766
2026-01-21,56.150001525878906
2026-01-22,56.560001373291016
2026-01-23,57.0
2026-01-26,54.93000030517578
2026-01-27,57.849998474121094
2026-01-28,61.810001373291016
2026-01-29,59.33000183105469
2026-01-30,54.9900016784668
2026-02-02,53.27000045776367
2026-02-03,56.279998779296875
2026-02-04,52.38999938964844
2026-02-05,49.11000061035156
2026-02-06,52.15999984741211
2026-02-09,54.900001525878906
2026-02-10,53.5
2026-02-11,53.709999084472656
2026-02-12,51.75
2026-02-13,51.90999984741211
2026-02-17,51.31999969482422
2026-02-18,52.9900016784668
2026-02-19,53.91999816894531
2026-02-20,54.36000061035156
2026-02-23,53.439998626708984
2026-02-24,54.95000076293945
2026-02-25,55.189998626708984
2026-02-26,54.869998931884766
2026-02-27,54.34000015258789
2026-03-02,56.45000076293945
2026-03-03,52.0
2026-03-04,52.77000045776367
2026-03-05,50.060001373291016
2026-03-06,48.779998779296875
2026-03-09,51.06999969482422
2026-03-10,52.310001373291016
2026-03-11,51.36000061035156
2026-03-12,50.77000045776367
2026-03-13,49.290000915527344
2026-03-16,49.95000076293945
2026-03-17,50.52000045776367
2026-03-18,49.06999969482422
2026-03-19,48.27000045776367
2026-03-20,46.439998626708984
2026-03-23,48.150001525878906
2026-03-24,48.189998626708984
2026-03-25,48.95000076293945
2026-03-26,46.70000076293945
2026-03-27,46.630001068115234
2026-03-30,45.290000915527344
2026-03-31,48.43000030517578
2026-04-01,49.2599983215332
2026-04-02,48.900001525878906
2026-04-06,48.61000061035156
2026-04-07,47.95000076293945
2026-04-08,51.400001525878906
2026-04-09,50.93000030517578
2026-04-10,50.959999084472656
2026-04-13,52.18000030517578
2026-04-14,52.84000015258789
2026-04-15,54.84000015258789
2026-04-16,55.27000045776367
2026-04-17,55.86000061035156
2026-04-20,56.04999923706055
2026-04-21,53.7400016784668
2026-04-22,57.72999954223633
2026-04-23,56.470001220703125
2026-04-24,55.310001373291016
2026-04-27,56.70000076293945
2026-04-28,54.22999954223633
2026-04-29,52.88999938964844
2026-04-30,56.41999816894531
2026-05-01,55.84000015258789
2026-05-04,54.77000045776367
2026-05-05,54.20000076293945
2026-05-06,58.2599983215332
2026-05-07,56.2599983215332
2026-05-08,55.18000030517578
2026-05-11,57.22999954223633
2026-05-12,54.349998474121094
2026-05-13,53.310001373291016
2026-05-14,52.5
2026-05-15,49.93000030517578
2026-05-18,48.68000030517578
2026-05-19,47.20000076293945
2026-05-20,48.040000915527344
2026-05-21,48.86000061035156
2026-05-22,48.959999084472656
2026-05-26,50.86000061035156
2026-05-27,50.15999984741211
2026-05-28,50.75
2026-05-29,50.7599983215332
2026-06-01,50.540000915527344
2026-06-02,53.41999816894531
2026-06-03,50.38999938964844
2026-06-04,50.279998779296875
2026-06-05,45.310001373291016
2026-06-08,45.91999816894531
2026-06-09,44.119998931884766
2026-06-10,42.349998474121094
2026-06-11,44.83000183105469
2026-06-12,45.52000045776367
2026-06-15,48.060001373291016
2026-06-16,47.869998931884766
2026-06-17,47.099998474121094
2026-06-18,47.779998779296875
2026-06-22,46.79999923706055
2026-06-23,45.58000183105469
2026-06-24,44.720001220703125
2026-06-25,43.91999816894531
2026-06-26,43.59000015258789
2026-06-29,43.93000030517578
2026-06-30,43.70000076293945
2026-07-01,43.18000030517578
2026-07-02,43.22999954223633
2026-07-06,43.880001068115234
2026-07-07,41.75
2026-07-08,41.65999984741211
2026-07-09,42.349998474121094
2026-07-10,42.970001220703125
2026-07-13,40.720001220703125
2026-07-14,41.54999923706055
2026-07-15,40.900001525878906
2026-07-16,39.11000061035156
2026-07-17,38.72999954223633
2026-07-20,38.66999816894531
2026-07-21,40.25
2026-07-22,40.970001220703125
2026-07-23,41.130001068115234
2026-07-24,39.88999938964844
2026-07-27,40.31999969482422
2026-07-28,38.95000076293945
2026-07-29,37.52000045776367
2026-07-30,39.720001220703125
2026-07-31,39.06999969482422
2026-08-03,40.810001373291016
2026-08-04,42.4900016784668
2026-08-05,42.88999938964844
2026-08-06,43.20000076293945
2026-08-07,44.90999984741211
2026-08-10,44.380001068115234
2026-08-11,45.16999816894531
2026-08-12,45.20000076293945
2026-08-13,45.25
2026-08-14,44.93000030517578
2026-08-17,45.25
2026-08-18,43.619998931884766
2026-08-19,45.0099983215332
2026-08-20,43.84000015258789
2026-08-21,46.06999969482422
2026-08-24,45.689998626708984
2026-08-25,48.13999938964844
2026-08-26,48.04999923706055
2026-08-27,48.369998931884766
2026-08-28,45.56999969482422
2026-08-31,45.5099983215332
2026-09-01,43.939998626708984
2026-09-02,44.31999969482422
2026-09-03,45.70000076293945
2026-09-04,46.060001373291016
2026-09-08,47.5
2026-09-09,46.86000061035156
2026-09-10,45.0
2026-09-11,43.529998779296875
2026-09-14,42.189998626708984
2026-09-15,41.77000045776367
2026-09-16,41.369998931884766
2026-09-17,42.68000030517578
2026-09-18,41.650001525878906
2026-09-21,42.97999954223633
2026-09-22,43.7400016784668
2026-09-23,41.9900016784668
2026-09-24,40.86000061035156
2026-09-25,40.90999984741211
2026-09-28,40.130001068115234
2026-09-29,40.040000915527344
2026-09-30,39.849998474121094
2026-10-01,39.59000015258789
2026-10-02,39.790000915527344
2026-10-05,40.189998626708984
2026-10-06,41.79999923706055
2026-10-07,39.93000030517578
