date,adjclose
2011-10-10,11.569494247436523
2011-10-11,11.543692588806152
2011-10-12,11.750105857849121
2011-10-13,11.791387557983398
2011-10-14,12.033926963806152
2011-10-17,11.703666687011719
2011-10-18,11.879117965698242
2011-10-19,11.662383079528809
2011-10-20,11.631421089172363
2011-10-21,11.879117965698242
2011-10-24,12.260985374450684
2011-10-25,11.930719375610352
2011-10-26,12.101011276245117
2011-10-27,12.983428001403809
2011-10-28,12.833781242370605
2011-10-31,12.250658988952637
2011-11-01,11.796549797058105
2011-11-02,11.9410400390625
2011-11-03,12.188737869262695
2011-11-04,12.13197135925293
2011-11-07,12.214540481567383
2011-11-08,12.369349479675293
2011-11-09,11.74494743347168
2011-11-10,11.935876846313477
2011-11-11,12.281620979309082
2011-11-14,11.992643356323242
2011-11-15,12.018446922302246
2011-11-16,11.755269050598145
2011-11-17,11.50757122039795
2011-11-18,11.486928939819336
2011-11-21,11.130864143371582
2011-11-22,11.136028289794922
2011-11-23,10.743839263916016
2011-11-25,10.681914329528809
2011-11-28,11.16182804107666
2011-11-29,11.29599666595459
2011-11-30,12.00296688079834
2011-12-01,11.889435768127441
2011-12-02,12.028764724731445
2011-12-05,12.224862098693848
2011-12-06,12.07520866394043
2011-12-07,12.142295837402344
2011-12-08,11.74494743347168
2011-12-09,11.946199417114258
2011-12-12,11.579816818237305
2011-12-13,11.440485954284668
2011-12-14,11.285673141479492
2011-12-15,11.29599666595459
2011-12-16,11.29599666595459
2011-12-19,11.022499084472656
2011-12-20,11.422772407531738
2011-12-21,11.42809772491455
2011-12-22,11.534557342529297
2011-12-23,11.598431587219238
2011-12-27,11.57713794708252
2011-12-28,11.236479759216309
2011-12-29,11.417452812194824
2011-12-30,11.412131309509277
2012-01-03,11.752790451049805
2012-01-04,11.891185760498047
2012-01-05,11.736818313598633
2012-01-06,11.582462310791016
2012-01-09,11.619718551635742
2012-01-10,11.843276023864746
2012-01-11,11.912471771240234
2012-01-12,11.96570110321045
2012-01-13,11.869892120361328
2012-01-17,11.96570110321045
2012-01-18,12.17861270904541
2012-01-19,12.15732192993164
2012-01-20,12.210552215576172
2012-01-23,12.253137588500977
2012-01-24,12.15732192993164
2012-01-25,12.471370697021484
2012-01-26,12.508630752563477
2012-01-27,12.561860084533691
2012-01-30,12.439437866210938
2012-01-31,12.466048240661621
2012-02-01,12.593798637390137
2012-02-02,12.599120140075684
2012-02-03,12.785417556762695
2012-02-06,12.705575942993164
2012-02-07,12.700252532958984
2012-02-08,12.721543312072754
2012-02-09,12.710897445678711
2012-02-10,12.386205673217773
2012-02-13,12.588475227355957
2012-02-14,12.418144226074219
2012-02-15,12.380885124206543
2012-02-16,12.439437866210938
2012-02-17,12.34362506866455
2012-02-21,12.519278526306152
2012-02-22,12.497987747192383
2012-02-23,12.625731468200684
2012-02-24,12.647027969360352
2012-02-27,12.668313980102539
2012-02-28,12.673641204833984
2012-02-29,12.641702651977539
2012-03-01,12.721543312072754
2012-03-02,12.625731468200684
2012-03-05,12.513952255249023
2012-03-06,12.104096412658691
2012-03-07,12.173295021057129
2012-03-08,12.34894847869873
2012-03-09,12.322331428527832
2012-03-12,12.221198081970215
2012-03-13,12.482016563415527
2012-03-14,12.338297843933105
2012-03-15,12.497987747192383
2012-03-16,12.572504997253418
2012-03-19,12.63105583190918
2012-03-20,12.35959243774414
2012-03-21,12.301041603088379
2012-03-22,12.17861270904541
2012-03-23,12.34894847869873
2012-03-26,12.540567398071289
2012-03-27,12.428790092468262
2012-03-28,12.4447603225708
2012-03-29,12.45008373260498
2012-03-30,12.513952255249023
2012-04-02,12.57783031463623
2012-04-03,12.380885124206543
2012-04-04,12.231841087341309
2012-04-05,12.306363105773926
2012-04-09,12.205229759216309
2012-04-10,12.03489875793457
2012-04-11,12.15732192993164
2012-04-12,12.482016563415527
2012-04-13,12.322331428527832
2012-04-16,12.37023639678955
2012-04-17,12.50330924987793
2012-04-18,12.487339973449707
2012-04-19,12.50330924987793
2012-04-20,12.567179679870605
2012-04-23,12.375560760498047
2012-04-24,12.476693153381348
2012-04-25,12.657668113708496
2012-04-26,12.678960800170898
2012-04-27,12.748161315917969
2012-04-30,12.689607620239258
2012-05-01,12.753480911254883
2012-05-02,12.721543312072754
2012-05-03,12.609766960144043
2012-05-04,12.295720100402832
2012-05-07,12.29039478302002
2012-05-08,12.04022216796875
2012-05-09,11.944414138793945
2012-05-10,12.093450546264648
2012-05-11,11.981670379638672
2012-05-14,11.864570617675781
2012-05-15,11.747467994689941
2012-05-16,11.486651420593262
2012-05-17,11.273737907409668
2012-05-18,11.09808349609375
2012-05-21,11.374871253967285
2012-05-22,11.300349235534668
2012-05-23,11.156635284423828
2012-05-24,11.09808349609375
2012-05-25,10.954366683959961
2012-05-29,11.289705276489258
2012-05-30,10.991626739501953
2012-05-31,11.050178527832031
2012-06-01,10.8425874710083
2012-06-04,10.949043273925781
2012-06-05,11.066147804260254
2012-06-06,11.44938850402832
2012-06-07,11.454712867736816
2012-06-08,11.438743591308594
2012-06-11,11.252442359924316
2012-06-12,11.438743591308594
2012-06-13,11.316317558288574
2012-06-14,11.374871253967285
2012-06-15,11.534557342529297
2012-06-18,11.678266525268555
2012-06-19,11.880537033081055
2012-06-20,11.811342239379883
2012-06-21,11.396147727966309
2012-06-22,11.472232818603516
2012-06-25,11.260281562805176
2012-06-26,11.412447929382324
2012-06-27,11.559179306030273
2012-06-28,11.439620018005371
2012-06-29,11.874382972717285
2012-07-02,11.972200393676758
2012-07-03,12.05372142791748
2012-07-05,12.031981468200684
2012-07-06,11.8961181640625
2012-07-09,11.868948936462402
2012-07-10,11.705912590026855
2012-07-11,11.820034980773926
2012-07-12,11.64613151550293
2012-07-13,11.852642059326172
2012-07-16,11.874382972717285
2012-07-17,12.048285484313965
2012-07-18,12.124366760253906
2012-07-19,12.330877304077148
2012-07-20,12.184146881103516
2012-07-23,11.955897331237793
2012-07-24,11.885250091552734
2012-07-25,12.031981468200684
2012-07-26,12.260231018066406
2012-07-27,12.591736793518066
2012-07-30,12.602603912353516
2012-07-31,12.59716796875
2012-08-01,12.564562797546387
2012-08-02,12.537391662597656
2012-08-03,12.781942367553711
2012-08-06,12.781942367553711
2012-08-07,12.836288452148438
2012-08-08,12.923240661621094
2012-08-09,12.917804718017578
2012-08-10,12.912373542785645
2012-08-13,12.776507377624512
2012-08-14,12.75477123260498
2012-08-15,12.722166061401367
2012-08-16,12.901503562927246
2012-08-17,12.86346435546875
2012-08-20,12.95584774017334
2012-08-21,13.06997299194336
2012-08-22,13.091707229614258
2012-08-23,12.928674697875977
2012-08-24,12.912373542785645
2012-08-27,12.825420379638672
2012-08-28,12.86889362335205
2012-08-29,12.836288452148438
2012-08-30,12.59716796875
2012-08-31,12.75477123260498
2012-09-04,12.526519775390625
2012-09-05,12.493914604187012
2012-09-06,12.798248291015625
2012-09-07,12.896066665649414
2012-09-10,12.743901252746582
2012-09-11,12.939545631408691
2012-09-12,12.988451957702637
2012-09-13,13.222138404846191
2012-09-14,13.30909252166748
2012-09-17,13.156920433044434
2012-09-18,13.129752159118652
2012-09-19,13.222138404846191
2012-09-20,13.135185241699219
2012-09-21,13.129752159118652
2012-09-24,13.059106826782227
2012-09-25,12.879762649536133
2012-09-26,12.836288452148438
2012-09-27,13.075404167175293
2012-09-28,12.928674697875977
2012-10-01,13.053666114807129
2012-10-02,13.03736686706543
2012-10-03,12.939545631408691
2012-10-04,13.059106826782227
2012-10-05,13.048235893249512
2012-10-08,13.048235893249512
2012-10-09,13.026494026184082
2012-10-10,13.048235893249512
2012-10-11,13.12431526184082
2012-10-12,13.080842971801758
2012-10-15,13.21126651763916
2012-10-16,13.298218727111816
2012-10-17,13.526467323303223
2012-10-18,13.48842716217041
2012-10-19,13.347128868103027
2012-10-22,13.374302864074707
2012-10-23,13.184096336364746
2012-10-24,13.27104663848877
2012-10-25,13.368868827819824
2012-10-26,13.30909252166748
2012-10-31,13.358002662658691
2012-11-01,13.358002662658691
2012-11-02,13.151494026184082
2012-11-05,13.238441467285156
2012-11-06,13.434081077575684
2012-11-07,13.314520835876465
2012-11-08,13.260180473327637
2012-11-09,13.314520835876465
2012-11-12,13.330828666687012
2012-11-13,13.17322826385498
2012-11-14,12.966717720031738
2012-11-15,12.923240661621094
2012-11-16,12.928674697875977
2012-11-19,13.156920433044434
2012-11-20,13.09714412689209
2012-11-21,13.091707229614258
2012-11-23,13.347128868103027
2012-11-26,13.30909252166748
2012-11-27,13.336260795593262
2012-11-28,13.439516067504883
2012-11-29,13.521034240722656
2012-11-30,13.569945335388184
2012-12-03,13.580812454223633
2012-12-04,13.607985496520996
2012-12-05,13.624289512634277
2012-12-06,13.684070587158203
2012-12-07,13.803627967834473
2012-12-10,13.83623218536377
2012-12-11,13.923189163208008
2012-12-12,13.966665267944336
2012-12-13,13.896015167236328
2012-12-14,13.912321090698242
2012-12-17,13.972098350524902
2012-12-18,14.019953727722168
2012-12-19,13.98054313659668
2012-12-20,14.048108100891113
2012-12-21,13.935501098632812
2012-12-24,13.879194259643555
2012-12-26,13.856673240661621
2012-12-27,13.952390670776367
2012-12-28,13.901719093322754
2012-12-31,14.15509033203125
2013-01-02,14.352155685424805
2013-01-03,14.284594535827637
2013-01-04,14.346526145935059
2013-01-07,14.301482200622559
2013-01-08,14.205764770507812
2013-01-09,14.295851707458496
2013-01-10,14.459136962890625
2013-01-11,14.335262298583984
2013-01-14,14.374683380126953
2013-01-15,14.36341381072998
2013-01-16,14.46476936340332
2013-01-17,14.537960052490234
2013-01-18,14.509810447692871
2013-01-22,14.577376365661621
2013-01-23,14.594265937805176
2013-01-24,14.583005905151367
2013-01-25,14.63368034362793
2013-01-28,14.605530738830566
2013-01-29,14.757554054260254
2013-01-30,14.701248168945312
2013-01-31,14.706880569458008
2013-02-01,14.819490432739258
2013-02-04,14.667468070983887
2013-02-05,14.712506294250488
2013-02-06,14.706880569458008
2013-02-07,14.628055572509766
2013-02-08,14.808228492736816
2013-02-11,14.757554054260254
2013-02-12,14.774442672729492
2013-02-13,14.943366050720215
2013-02-14,15.067233085632324
2013-02-15,15.055973052978516
2013-02-19,15.354386329650879
2013-02-20,15.11790943145752
2013-02-21,14.853270530700684
2013-02-22,15.140427589416504
2013-02-25,14.977145195007324
2013-02-26,14.977145195007324
2013-02-27,15.151695251464844
2013-02-28,15.13479995727539
2013-03-01,15.168581008911133
2013-03-04,15.084123611450195
2013-03-05,15.326238632202148
2013-03-06,15.405062675476074
2013-03-07,15.455734252929688
2013-03-08,15.444476127624512
2013-03-11,15.534561157226562
2013-03-12,15.523303985595703
2013-03-13,15.405062675476074
2013-03-14,15.348756790161133
2013-03-15,15.590866088867188
2013-03-18,15.376911163330078
2013-03-19,15.101014137268066
2013-03-20,15.146059036254883
2013-03-21,15.067233085632324
2013-03-22,15.25304126739502
2013-03-25,15.179841041564941
2013-03-26,15.241774559020996
2013-03-27,15.258667945861816
2013-03-28,15.224884986877441
2013-04-01,15.16295337677002
2013-04-02,15.247407913208008
2013-04-03,15.050337791442871
2013-04-04,15.055973052978516
2013-04-05,14.875794410705566
2013-04-08,14.999666213989258
2013-04-09,15.269927978515625
2013-04-10,15.410693168640137
2013-04-11,15.517672538757324
2013-04-12,15.405062675476074
2013-04-15,14.825119972229004
2013-04-16,15.179841041564941
2013-04-17,15.022189140319824
2013-04-18,14.892683982849121
2013-04-19,14.903945922851562
2013-04-22,15.00529670715332
2013-04-23,15.25304126739502
2013-04-24,15.47262954711914
2013-04-25,15.517672538757324
2013-04-26,15.450102806091309
2013-04-29,15.686588287353516
2013-04-30,15.821722984313965
2013-05-01,15.551454544067383
2013-05-02,15.557084083557129
2013-05-03,15.75415325164795
2013-05-06,15.619022369384766
2013-05-07,15.461363792419434
2013-05-08,15.590866088867188
2013-05-09,15.39380168914795
2013-05-10,15.331865310668945
2013-05-13,15.286824226379395
2013-05-14,15.30371379852295
2013-05-15,15.168581008911133
2013-05-16,14.971508979797363
2013-05-17,14.93773078918457
2013-05-20,15.129167556762695
2013-05-21,14.971508979797363
2013-05-22,14.678727149963379
2013-05-23,14.594265937805176
2013-05-24,14.104414939880371
2013-05-28,14.115674018859863
2013-05-29,14.059370040893555
2013-05-30,14.110045433044434
2013-05-31,13.744060516357422
2013-06-03,14.048108100891113
2013-06-04,13.879194259643555
2013-06-05,13.423125267028809
2013-06-06,13.530104637145996
2013-06-07,13.445645332336426
2013-06-10,13.316144943237305
2013-06-11,13.107818603515625
2013-06-12,13.102185249328613
2013-06-13,13.513213157653809
2013-06-14,13.479430198669434
2013-06-17,13.693388938903809
2013-06-18,13.614559173583984
2013-06-19,13.271098136901855
2013-06-20,12.674264907836914
2013-06-21,12.792505264282227
2013-06-24,12.724940299987793
2013-06-25,12.955792427062988
2013-06-26,13.107818603515625
2013-06-27,13.293440818786621
2013-06-28,13.016735076904297
2013-07-01,12.947556495666504
2013-07-02,13.005205154418945
2013-07-03,12.797674179077148
2013-07-05,12.901436805725098
2013-07-08,13.034028053283691
2013-07-09,13.304969787597656
2013-07-10,13.18967342376709
2013-07-11,13.547085762023926
2013-07-12,13.368386268615723
2013-07-15,13.449088096618652
2013-07-16,13.633559226989746
2013-07-17,13.65085220336914
2013-07-18,13.604735374450684
2013-07-19,13.575912475585938
2013-07-22,13.679677963256836
2013-07-23,13.73155689239502
2013-07-24,13.633559226989746
2013-07-25,13.760381698608398
2013-07-26,13.864145278930664
2013-07-29,13.754618644714355
2013-07-30,13.552852630615234
2013-07-31,13.408738136291504
2013-08-01,13.414498329162598
2013-08-02,13.49520492553711
2013-08-05,13.460618019104004
2013-08-06,13.500969886779785
2013-08-07,13.270379066467285
2013-08-08,13.65085220336914
2013-08-09,13.737324714660645
2013-08-12,13.8237943649292
2013-08-13,13.93332290649414
2013-08-14,13.93332290649414
2013-08-15,13.841089248657227
2013-08-16,13.881440162658691
2013-08-19,13.760381698608398
2013-08-20,13.685443878173828
2013-08-21,13.524028778076172
2013-08-22,13.622028350830078
2013-08-23,13.794970512390137
2013-08-26,13.708501815795898
2013-08-27,13.570147514343262
2013-08-28,13.524028778076172
2013-08-29,13.500969886779785
2013-08-30,13.53555965423584
2013-09-03,13.93332290649414
2013-09-04,14.129323959350586
2013-09-05,14.048619270324707
2013-09-06,14.135088920593262
2013-09-09,14.348380088806152
2013-09-10,14.578974723815918
2013-09-11,14.625092506408691
2013-09-12,14.480975151062012
2013-09-13,14.475203514099121
2013-09-16,14.584738731384277
2013-09-17,14.723088264465332
2013-09-18,15.109325408935547
2013-09-19,14.930618286132812
2013-09-20,14.75767993927002
2013-09-23,14.803800582885742
2013-09-24,14.723088264465332
2013-09-25,14.75767993927002
2013-09-26,14.872973442077637
2013-09-27,14.769209861755371
2013-09-30,14.567441940307617
2013-10-01,14.688504219055176
2013-10-02,14.682737350463867
2013-10-03,14.653911590576172
2013-10-04,14.78073787689209
2013-10-07,14.521328926086426
2013-10-08,14.429088592529297
2013-10-09,14.486736297607422
2013-10-10,14.746148109436035
2013-10-11,14.942146301269531
2013-10-14,14.970972061157227
2013-10-15,14.919090270996094
2013-10-16,15.109325408935547
2013-10-17,15.328385353088379
2013-10-18,15.507092475891113
2013-10-21,15.489794731140137
2013-10-22,15.70885181427002
2013-10-23,15.472503662109375
2013-10-24,15.52439022064209
2013-10-25,15.593559265136719
2013-10-28,15.645447731018066
2013-10-29,15.472503662109375
2013-10-30,15.386031150817871
2013-10-31,15.374505043029785
2013-11-01,15.362971305847168
2013-11-04,15.426385879516602
2013-11-05,15.443683624267578
2013-11-06,15.570507049560547
2013-11-07,15.362971305847168
2013-11-08,15.420621871948242
2013-11-11,15.276503562927246
2013-11-12,15.092033386230469
2013-11-13,15.005562782287598
2013-11-14,15.06320858001709
2013-11-15,15.264971733093262
2013-11-18,15.178503036499023
2013-11-19,15.161208152770996
2013-11-20,14.942146301269531
2013-11-21,14.838382720947266
2013-11-22,14.832621574401855
2013-11-25,14.821090698242188
2013-11-26,14.746148109436035
2013-11-27,14.688504219055176
2013-11-29,14.619324684143066
2013-12-02,14.452147483825684
2013-12-03,14.417559623718262
2013-12-04,14.40602970123291
2013-12-05,14.221558570861816
2013-12-06,14.319561004638672
2013-12-09,14.123559951782227
2013-12-10,14.117798805236816
2013-12-11,13.90450382232666
2013-12-12,13.570147514343262
2013-12-13,13.725796699523926
2013-12-16,13.829559326171875
2013-12-17,13.679677963256836
2013-12-18,13.736395835876465
2013-12-19,13.95499324798584
2013-12-20,14.179503440856934
2013-12-23,14.350839614868164
2013-12-24,14.39810562133789
2013-12-26,14.374471664428711
2013-12-27,14.323613166809082
2013-12-30,14.365008354187012
2013-12-31,14.412323951721191
2014-01-02,14.299954414367676
2014-01-03,14.44189167022705
2014-01-06,14.394583702087402
2014-01-07,14.370923042297363
2014-01-08,14.28221607208252
2014-01-09,14.258560180664062
2014-01-10,14.400493621826172
2014-01-13,14.329526901245117
2014-01-14,14.140279769897461
2014-01-15,14.134364128112793
2014-01-16,14.104795455932617
2014-01-17,14.022001266479492
2014-01-21,14.116623878479004
2014-01-22,14.128453254699707
2014-01-23,13.850496292114258
2014-01-24,13.548882484436035
2014-01-27,13.608024597167969
2014-01-28,13.708558082580566
2014-01-29,13.566624641418457
2014-01-30,13.7736177444458
2014-01-31,13.625762939453125
2014-02-03,13.418777465820312
2014-02-04,13.74404239654541
2014-02-05,13.637592315673828
2014-02-06,13.98060417175293
2014-02-07,14.081141471862793
2014-02-10,14.075223922729492
2014-02-11,14.40640640258789
2014-02-12,14.50694465637207
2014-02-13,14.47145938873291
2014-02-14,14.708020210266113
2014-02-18,14.773072242736816
2014-02-19,14.708020210266113
2014-02-20,14.861783981323242
2014-02-21,14.790818214416504
2014-02-24,14.968234062194824
2014-02-25,14.838128089904785
2014-02-26,14.802644729614258
2014-02-27,14.808557510375977
2014-02-28,14.755331039428711
2014-03-03,14.64296817779541
2014-03-04,14.855874061584473
2014-03-05,14.90909481048584
2014-03-06,15.092427253723145
2014-03-07,15.07468318939209
2014-03-10,14.885438919067383
2014-03-11,14.737590789794922
2014-03-12,14.737590789794922
2014-03-13,14.73167610168457
2014-03-14,14.613397598266602
2014-03-17,14.820384979248047
2014-03-18,14.926837921142578
2014-03-19,14.690279006958008
2014-03-20,14.660703659057617
2014-03-21,14.702108383178711
2014-03-24,14.802644729614258
2014-03-25,14.985979080200195
2014-03-26,15.056940078735352
2014-03-27,15.116080284118652
2014-03-28,15.187053680419922
2014-03-31,15.299417495727539
2014-04-01,15.317157745361328
2014-04-02,15.334898948669434
2014-04-03,15.263933181762695
2014-04-04,15.31124496459961
2014-04-07,15.317157745361328
2014-04-08,15.589198112487793
2014-04-09,15.849411964416504
2014-04-10,15.612857818603516
2014-04-11,15.547801971435547
2014-04-14,15.518230438232422
2014-04-15,15.411778450012207
2014-04-16,15.595111846923828
2014-04-17,15.642427444458008
2014-04-21,15.636510848999023
2014-04-22,15.790274620056152
2014-04-23,15.725221633911133
2014-04-24,15.69565200805664
2014-04-25,15.654251098632812
2014-04-28,15.772531509399414
2014-04-29,15.660167694091797
2014-04-30,15.642427444458008
2014-05-01,15.500489234924316
2014-05-02,15.535974502563477
2014-05-05,15.559627532958984
2014-05-06,15.630596160888672
2014-05-07,15.618768692016602
2014-05-08,15.719307899475098
2014-05-09,15.69565200805664
2014-05-12,15.742962837219238
2014-05-13,15.754789352416992
2014-05-14,15.802106857299805
2014-05-15,15.772531509399414
2014-05-16,15.808014869689941
2014-05-19,15.60102653503418
2014-05-20,15.358553886413574
2014-05-21,15.488661766052246
2014-05-22,15.583282470703125
2014-05-23,15.642427444458008
2014-05-27,15.731135368347168
2014-05-28,15.6719970703125
2014-05-29,15.813929557800293
2014-05-30,15.707475662231445
2014-06-02,15.69565200805664
2014-06-03,15.606941223144531
2014-06-04,15.52414608001709
2014-06-05,15.648336410522461
2014-06-06,15.707475662231445
2014-06-09,15.808014869689941
2014-06-10,15.808014869689941
2014-06-11,15.713390350341797
2014-06-12,15.648336410522461
2014-06-13,15.648336410522461
2014-06-16,15.642427444458008
2014-06-17,15.488661766052246
2014-06-18,15.612857818603516
2014-06-19,15.778450012207031
2014-06-20,15.725221633911133
2014-06-23,15.808014869689941
2014-06-24,15.589198112487793
2014-06-25,15.651036262512207
2014-06-26,15.867161750793457
2014-06-27,15.867161750793457
2014-06-30,15.687055587768555
2014-07-01,15.759101867675781
2014-07-02,15.90918254852295
2014-07-03,15.933197021484375
2014-07-07,15.933197021484375
2014-07-08,15.873167991638184
2014-07-09,15.861160278320312
2014-07-10,15.771108627319336
2014-07-11,15.939201354980469
2014-07-14,16.011245727539062
2014-07-15,15.933197021484375
2014-07-16,15.981230735778809
2014-07-17,15.867161750793457
2014-07-18,16.047260284423828
2014-07-21,15.981230735778809
2014-07-22,16.095291137695312
2014-07-23,16.269392013549805
2014-07-24,16.221364974975586
2014-07-25,16.119308471679688
2014-07-28,16.17934226989746
2014-07-29,16.15532684326172
2014-07-30,16.167335510253906
2014-07-31,15.963213920593262
2014-08-01,15.861160278320312
2014-08-04,15.92719841003418
2014-08-05,15.753097534179688
2014-08-06,15.83714485168457
2014-08-07,15.657039642333984
2014-08-08,15.621015548706055
2014-08-11,15.621015548706055
2014-08-12,15.753097534179688
2014-08-13,15.861160278320312
2014-08-14,15.987227439880371
2014-08-15,16.011245727539062
2014-08-18,16.119308471679688
2014-08-19,16.13731575012207
2014-08-20,16.251380920410156
2014-08-21,16.239376068115234
2014-08-22,16.173336029052734
2014-08-25,16.203353881835938
2014-08-26,16.221364974975586
2014-08-27,16.281402587890625
2014-08-28,16.293407440185547
2014-08-29,16.305416107177734
2014-09-02,16.305416107177734
2014-09-03,16.413476943969727
2014-09-04,16.359445571899414
2014-09-05,16.329425811767578
2014-09-08,16.095291137695312
2014-09-09,15.99924087524414
2014-09-10,15.981230735778809
2014-09-11,15.723079681396484
2014-09-12,15.55497932434082
2014-09-15,15.40489387512207
2014-09-16,15.518959045410156
2014-09-17,15.110725402832031
2014-09-18,15.21878433227539
2014-09-19,15.06869888305664
2014-09-22,14.828563690185547
2014-09-23,14.840566635131836
2014-09-24,14.97864818572998
2014-09-25,14.576416015625
2014-09-26,14.528388977050781
2014-09-29,14.288250923156738
2014-09-30,14.372297286987305
2014-10-01,14.396313667297363
2014-10-02,14.456344604492188
2014-10-03,14.420324325561523
2014-10-06,14.492365837097168
2014-10-07,14.312261581420898
2014-10-08,14.594426155090332
2014-10-09,14.33027458190918
2014-10-10,13.916035652160645
2014-10-13,14.018091201782227
2014-10-14,14.11414909362793
2014-10-15,14.31826400756836
2014-10-16,14.390305519104004
2014-10-17,14.588422775268555
2014-10-20,14.678475379943848
2014-10-21,14.774531364440918
2014-10-22,14.720499038696289
2014-10-23,14.798545837402344
2014-10-24,14.948630332946777
2014-10-27,14.96663761138916
2014-10-28,15.224793434143066
2014-10-29,14.960637092590332
2014-10-30,15.188769340515137
2014-10-31,15.266815185546875
2014-11-03,14.96663761138916
2014-11-04,15.050688743591309
2014-11-05,14.882593154907227
2014-11-06,14.822562217712402
2014-11-07,14.99665641784668
2014-11-10,14.99665641784668
2014-11-11,15.044683456420898
2014-11-12,14.972644805908203
2014-11-13,14.87658977508545
2014-11-14,14.99665641784668
2014-11-17,14.828563690185547
2014-11-18,14.840566635131836
2014-11-19,14.462348937988281
2014-11-20,14.402315139770508
2014-11-21,14.5584077835083
2014-11-24,14.462348937988281
2014-11-25,14.342281341552734
2014-11-26,14.498368263244629
2014-11-28,14.186188697814941
2014-12-01,13.976066589355469
2014-12-02,14.036103248596191
2014-12-03,14.096136093139648
2014-12-04,14.132159233093262
2014-12-05,14.006087303161621
2014-12-08,13.916035652160645
2014-12-09,13.759944915771484
2014-12-10,13.567835807800293
2014-12-11,13.549820899963379
2014-12-12,13.345703125
2014-12-15,13.207624435424805
2014-12-16,13.261659622192383
2014-12-17,13.303190231323242
2014-12-18,13.551152229309082
2014-12-19,13.724727630615234
2014-12-22,13.861106872558594
2014-12-23,13.712327003479004
2014-12-24,13.718527793884277
2014-12-26,13.755721092224121
2014-12-29,13.966490745544434
2014-12-30,13.885899543762207
2014-12-31,13.743321418762207
2015-01-02,13.699932098388672
2015-01-05,13.569750785827637
2015-01-06,13.513957977294922
2015-01-07,13.637938499450684
2015-01-08,13.817712783813477
2015-01-09,13.947893142700195
2015-01-12,13.786717414855957
2015-01-13,13.786717414855957
2015-01-14,13.60074234008789
2015-01-15,13.681336402893066
2015-01-16,13.836310386657715
2015-01-20,13.656534194946289
2015-01-21,13.780515670776367
2015-01-22,13.774320602416992
2015-01-23,13.637938499450684
2015-01-26,13.687532424926758
2015-01-27,13.712327003479004
2015-01-28,13.637938499450684
2015-01-29,13.668936729431152
2015-01-30,13.588345527648926
2015-02-02,13.867308616638184
2015-02-03,14.164856910705566
2015-02-04,14.090468406677246
2015-02-05,14.34463119506836
2015-02-06,14.25164794921875
2015-02-09,14.233051300048828
2015-02-10,14.226851463317871
2015-02-11,14.016081809997559
2015-02-12,14.102869033813477
2015-02-13,14.400421142578125
2015-02-17,14.493407249450684
2015-02-18,14.561598777770996
2015-02-19,14.49960994720459
2015-02-20,14.580201148986816
2015-02-23,14.543001174926758
2015-02-24,14.679383277893066
2015-02-25,14.77856731414795
2015-02-26,14.580201148986816
2015-02-27,14.679383277893066
2015-03-02,14.691781044006348
2015-03-03,14.697978019714355
2015-03-04,14.617388725280762
2015-03-05,14.543001174926758
2015-03-06,14.288841247558594
2015-03-09,14.288841247558594
2015-03-10,13.960290908813477
2015-03-11,13.92309856414795
2015-03-12,14.326033592224121
2015-03-13,14.047079086303711
2015-03-16,14.171058654785156
2015-03-17,14.127666473388672
2015-03-18,14.549201965332031
2015-03-19,14.406623840332031
2015-03-20,14.83436107635498
2015-03-23,14.939741134643555
2015-03-24,14.945944786071777
2015-03-25,14.77856731414795
2015-03-26,14.635987281799316
2015-03-27,14.493407249450684
2015-03-30,14.338432312011719
2015-03-31,14.171058654785156
2015-04-01,14.195852279663086
2015-04-02,14.24544620513916
2015-04-06,14.375631332397461
2015-04-07,14.450014114379883
2015-04-08,14.60499095916748
2015-04-09,14.567798614501953
2015-04-10,14.598793029785156
2015-04-13,14.350830078125
2015-04-14,14.43142032623291
2015-04-15,14.474810600280762
2015-04-16,14.704176902770996
2015-04-17,14.43142032623291
2015-04-20,14.406623840332031
2015-04-21,14.36323070526123
2015-04-22,14.400421142578125
2015-04-23,14.505809783935547
2015-04-24,14.83436107635498
2015-04-27,14.908744812011719
2015-04-28,15.119515419006348
2015-04-29,14.759968757629395
2015-04-30,14.45621395111084
2015-05-01,14.536808013916016
2015-05-04,14.512008666992188
2015-05-05,14.493407249450684
2015-05-06,14.24544620513916
2015-05-07,14.065675735473633
2015-05-08,14.220650672912598
2015-05-11,13.960290908813477
2015-05-12,14.295038223266602
2015-05-13,14.592596054077148
2015-05-14,14.697978019714355
2015-05-15,14.691781044006348
2015-05-18,14.400421142578125
2015-05-19,14.127666473388672
2015-05-20,14.065675735473633
2015-05-21,14.21445369720459
2015-05-22,14.090468406677246
2015-05-26,14.109070777893066
2015-05-27,14.115266799926758
2015-05-28,13.92309856414795
2015-05-29,13.972686767578125
2015-06-01,13.867308616638184
2015-06-02,13.92309856414795
2015-06-03,13.817712783813477
2015-06-04,13.3961763381958
2015-06-05,13.321786880493164
2015-06-08,13.377578735351562
2015-06-09,13.321786880493164
2015-06-10,13.619345664978027
2015-06-11,13.712327003479004
2015-06-12,13.582146644592285
2015-06-15,13.650335311889648
2015-06-16,13.749521255493164
2015-06-17,13.780515670776367
2015-06-18,13.830106735229492
2015-06-19,13.848711013793945
2015-06-22,13.873499870300293
2015-06-23,14.009885787963867
2015-06-24,13.947893142700195
2015-06-25,13.871711730957031
2015-06-26,13.611417770385742
2015-06-29,13.26858901977539
2015-06-30,13.351125717163086
2015-07-01,13.497139930725098
2015-07-02,13.579671859741211
2015-07-06,13.19875431060791
2015-07-07,13.230501174926758
2015-07-08,12.855934143066406
2015-07-09,12.976555824279785
2015-07-10,13.141619682312012
2015-07-13,13.147967338562012
2015-07-14,13.300336837768555
2015-07-15,13.26858901977539
2015-07-16,13.427306175231934
2015-07-17,13.357476234436035
2015-07-20,13.446349143981934
2015-07-21,13.478096961975098
2015-07-22,13.211454391479492
2015-07-23,13.05273723602295
2015-07-24,12.836885452270508
2015-07-27,12.868631362915039
2015-07-28,13.160666465759277
2015-07-29,13.19875431060791
2015-07-30,13.236848831176758
2015-07-31,13.281289100646973
2015-08-03,13.167015075683594
2015-08-04,13.389213562011719
2015-08-05,13.357476234436035
2015-08-06,13.027345657348633
2015-08-07,12.913069725036621
2015-08-10,13.109877586364746
2015-08-11,12.659126281738281
2015-08-12,12.665472030639648
2015-08-13,12.627386093139648
2015-08-14,12.608336448669434
2015-08-17,12.652778625488281
2015-08-18,12.506758689880371
2015-08-19,12.601987838745117
2015-08-20,12.240119934082031
2015-08-21,11.948081970214844
2015-08-24,11.0084867477417
2015-08-25,11.662393569946289
2015-08-26,11.986173629760742
2015-08-27,12.22107219696045
2015-08-28,12.157584190368652
2015-08-31,11.840153694152832
2015-09-01,11.294174194335938
2015-09-02,11.54811954498291
2015-09-03,11.389403343200684
2015-09-04,11.135461807250977
2015-09-08,11.643348693847656
2015-09-09,11.605259895324707
2015-09-10,11.656047821044922
2015-09-11,11.637001991271973
2015-09-14,11.706832885742188
2015-09-15,11.694137573242188
2015-09-16,11.998867988586426
2015-09-17,11.87824535369873
2015-09-18,11.814759254455566
2015-09-21,11.713184356689453
2015-09-22,11.55446720123291
2015-09-23,11.319567680358887
2015-09-24,11.49098014831543
2015-09-25,11.421147346496582
2015-09-28,11.24338436126709
2015-09-29,11.103714942932129
2015-09-30,11.37670612335205
2015-10-01,11.471936225891113
2015-10-02,11.586211204528809
2015-10-05,11.916338920593262
2015-10-06,11.986173629760742
2015-10-07,12.176631927490234
2015-10-08,12.354389190673828
2015-10-09,12.468666076660156
2015-10-12,12.424225807189941
2015-10-13,12.157584190368652
2015-10-14,12.227421760559082
2015-10-15,12.455970764160156
2015-10-16,12.424225807189941
2015-10-19,12.316300392150879
2015-10-20,12.240119934082031
2015-10-21,12.151236534118652
2015-10-22,12.39883041381836
2015-10-23,12.563897132873535
2015-10-26,12.525803565979004
2015-10-27,12.411532402038574
2015-10-28,12.309952735900879
2015-10-29,11.954429626464844
2015-10-30,12.01156997680664
2015-11-02,11.979825019836426
2015-11-03,12.195674896240234
2015-11-04,12.056008338928223
2015-11-05,11.941732406616211
2015-11-06,11.833806037902832
2015-11-09,11.529071807861328
2015-11-10,11.516375541687012
2015-11-11,11.643348693847656
2015-11-12,11.649693489074707
2015-11-13,11.497328758239746
2015-11-16,11.592559814453125
2015-11-17,11.719534873962402
2015-11-18,11.890941619873047
2015-11-19,12.189330101013184
2015-11-20,12.28455638885498
2015-11-23,12.20837116241455
2015-11-24,12.28455638885498
2015-11-25,12.163933753967285
2015-11-27,12.075055122375488
2015-11-30,12.119495391845703
2015-12-01,12.462321281433105
2015-12-02,12.335349082946777
2015-12-03,12.252814292907715
2015-12-04,12.309952735900879
2015-12-07,12.068708419799805
2015-12-08,11.827459335327148
2015-12-09,11.808411598205566
2015-12-10,11.814759254455566
2015-12-11,11.484633445739746
2015-12-14,11.49098014831543
2015-12-15,11.510025978088379
2015-12-16,11.840153694152832
2015-12-17,11.624300956726074
2015-12-18,11.763969421386719
2015-12-21,11.90693187713623
2015-12-22,11.998322486877441
2015-12-23,12.2202730178833
2015-12-24,12.226799964904785
2015-12-28,12.200690269470215
2015-12-29,12.533615112304688
2015-12-30,12.507502555847168
2015-12-31,12.37694263458252
2016-01-04,12.207219123840332
2016-01-05,12.024435043334961
2016-01-06,11.67845630645752
2016-01-07,11.182332992553711
2016-01-08,11.019135475158691
2016-01-11,11.110527038574219
2016-01-12,11.175806999206543
2016-01-13,10.979964256286621
2016-01-14,11.20844554901123
2016-01-15,10.607877731323242
2016-01-19,10.862464904785156
2016-01-20,10.823297500610352
2016-01-21,11.032191276550293
2016-01-22,11.234557151794434
2016-01-25,11.058302879333496
2016-01-26,11.280255317687988
2016-01-27,11.156221389770508
2016-01-28,11.358587265014648
2016-01-29,11.515256881713867
2016-02-01,11.534842491149902
2016-02-02,11.169280052185059
2016-02-03,11.325948715209961
2016-02-04,11.521785736083984
2016-02-05,11.221501350402832
2016-02-08,11.20844554901123
2016-02-09,10.993025779724121
2016-02-10,10.953855514526367
2016-02-11,10.914689064025879
2016-02-12,11.058302879333496
2016-02-16,11.306363105773926
2016-02-17,11.489147186279297
2016-02-18,11.528312683105469
2016-02-19,11.502202033996582
2016-02-22,11.822071075439453
2016-02-23,11.600123405456543
2016-02-24,11.476091384887695
2016-02-25,11.489147186279297
2016-02-26,11.293306350708008
2016-02-29,11.280255317687988
2016-03-01,11.645816802978516
2016-03-02,11.985271453857422
2016-03-03,12.2202730178833
2016-03-04,12.435694694519043
2016-03-07,12.611948013305664
2016-03-08,12.37694263458252
2016-03-09,12.67070198059082
2016-03-10,12.579310417175293
2016-03-11,12.9057035446167
2016-03-14,12.735980987548828
2016-03-15,12.448750495910645
2016-03-16,12.735980987548828
2016-03-17,13.016681671142578
2016-03-18,12.94487476348877
2016-03-21,12.873064994812012
2016-03-22,12.853486061096191
2016-03-23,12.579310417175293
2016-03-24,12.553194999694824
2016-03-28,12.592369079589844
2016-03-29,12.559723854064941
2016-03-30,12.618477821350098
2016-03-31,12.611948013305664
2016-04-01,12.533615112304688
2016-04-04,12.37694263458252
2016-04-05,12.011382102966309
2016-04-06,12.272497177124023
2016-04-07,12.017910957336426
2016-04-08,12.141938209533691
2016-04-11,12.148465156555176
2016-04-12,12.527088165283203
2016-04-13,12.722922325134277
2016-04-14,12.853486061096191
2016-04-15,12.97751522064209
2016-04-18,13.140711784362793
2016-04-19,13.343074798583984
2016-04-20,13.35612964630127
2016-04-21,13.271269798278809
2016-04-22,13.225576400756836
2016-04-25,13.153767585754395
2016-04-26,13.251688003540039
2016-04-27,12.931817054748535
2016-04-28,12.970985412597656
2016-04-29,13.010151863098145
2016-05-02,13.108068466186523
2016-05-03,12.94487476348877
2016-05-04,12.742507934570312
2016-05-05,12.735980987548828
2016-05-06,12.709867477416992
2016-05-09,12.644588470458984
2016-05-10,12.92529010772705
2016-05-11,12.879591941833496
2016-05-12,12.846951484680176
2016-05-13,12.66417121887207
2016-05-16,12.866537094116211
2016-05-17,12.846951484680176
2016-05-18,12.683758735656738
2016-05-19,12.644588470458984
2016-05-20,12.69681167602539
2016-05-23,12.611948013305664
2016-05-24,12.644588470458984
2016-05-25,12.722922325134277
2016-05-26,12.768619537353516
2016-05-27,12.781673431396484
2016-05-31,12.69681167602539
2016-06-01,12.677228927612305
2016-06-02,12.579310417175293
2016-06-03,12.820841789245605
2016-06-06,12.964457511901855
2016-06-07,13.095014572143555
2016-06-08,13.179876327514648
2016-06-09,13.010151863098145
2016-06-10,12.683758735656738
2016-06-13,12.566253662109375
2016-06-14,12.455278396606445
2016-06-15,12.461807250976562
2016-06-16,12.370417594909668
2016-06-17,12.474864959716797
2016-06-20,12.788204193115234
2016-06-21,12.879591941833496
2016-06-22,12.883563995361328
2016-06-23,13.241076469421387
2016-06-24,12.5260591506958
2016-06-27,12.155308723449707
2016-06-28,12.499573707580566
2016-06-29,12.658469200134277
2016-06-30,12.876945495605469
2016-07-01,12.936531066894531
2016-07-05,12.678328514099121
2016-07-06,12.830602645874023
2016-07-07,12.737914085388184
2016-07-08,13.049078941345215
2016-07-11,13.181488037109375
2016-07-12,13.419831275939941
2016-07-13,13.399969100952148
2016-07-14,13.538996696472168
2016-07-15,13.492653846740723
2016-07-18,13.558860778808594
2016-07-19,13.38010311126709
2016-07-20,13.45293140411377
2016-07-21,13.466175079345703
2016-07-22,13.45293140411377
2016-07-25,13.492653846740723
2016-07-26,13.605204582214355
2016-07-27,13.59858512878418
2016-07-28,13.644930839538574
2016-07-29,13.830303192138672
2016-08-01,13.678030014038086
2016-08-02,13.664788246154785
2016-08-03,13.611823081970215
2016-08-04,13.678030014038086
2016-08-05,13.77734088897705
2016-08-08,13.850164413452148
2016-08-09,13.922991752624512
2016-08-10,13.92961597442627
2016-08-11,13.96933364868164
2016-08-12,13.810441970825195
2016-08-15,13.903130531311035
2016-08-16,13.896509170532227
2016-08-17,13.896509170532227
2016-08-18,13.903130531311035
2016-08-19,13.77734088897705
2016-08-22,13.790578842163086
2016-08-23,13.876646041870117
2016-08-24,13.876646041870117
2016-08-25,13.870027542114258
2016-08-26,13.684652328491211
2016-08-29,13.671406745910645
2016-08-30,13.552237510681152
2016-08-31,13.386727333068848
2016-09-01,13.459553718566895
2016-09-02,13.466175079345703
2016-09-06,13.704511642456055
2016-09-07,13.671406745910645
2016-09-08,13.519139289855957
2016-09-09,13.088802337646484
2016-09-12,13.214592933654785
2016-09-13,12.764398574829102
2016-09-14,12.870326042175293
2016-09-15,13.115283966064453
2016-09-16,13.102046966552734
2016-09-19,13.155009269714355
2016-09-20,13.234456062316895
2016-09-21,13.532378196716309
2016-09-22,13.618447303771973
2016-09-23,13.59858512878418
2016-09-26,13.585345268249512
2016-09-27,13.730997085571289
2016-09-28,13.88988971710205
2016-09-29,13.730997085571289
2016-09-30,13.836922645568848
2016-10-03,13.863405227661133
2016-10-04,13.757475852966309
2016-10-05,13.836922645568848
2016-10-06,13.843544960021973
2016-10-07,13.790578842163086
2016-10-10,13.896509170532227
2016-10-11,13.63168716430664
2016-10-12,13.724374771118164
2016-10-13,13.684652328491211
2016-10-14,13.704511642456055
2016-10-17,13.664788246154785
2016-10-18,13.836922645568848
2016-10-19,13.942851066589355
2016-10-20,13.80382251739502
2016-10-21,13.724374771118164
2016-10-24,13.697891235351562
2016-10-25,13.810441970825195
2016-10-26,13.644930839538574
2016-10-27,13.41321086883545
2016-10-28,13.347002983093262
2016-10-31,13.4264497756958
2016-11-01,13.373488426208496
2016-11-02,13.234456062316895
2016-11-03,13.28079891204834
2016-11-04,13.174871444702148
2016-11-07,13.558860778808594
2016-11-08,13.69127082824707
2016-11-09,13.591962814331055
2016-11-10,13.565482139587402
2016-11-11,13.525760650634766
2016-11-14,13.558860778808594
2016-11-15,13.611823081970215
2016-11-16,13.347002983093262
2016-11-17,13.373488426208496
2016-11-18,13.260937690734863
2016-11-21,13.373488426208496
2016-11-22,13.519139289855957
2016-11-23,13.644930839538574
2016-11-25,13.790578842163086
2016-11-28,13.737615585327148
2016-11-29,13.757475852966309
2016-11-30,13.532378196716309
2016-12-01,13.678030014038086
2016-12-02,13.697891235351562
2016-12-05,13.724374771118164
2016-12-06,13.737615585327148
2016-12-07,13.92961597442627
2016-12-08,13.96933364868164
2016-12-09,14.002437591552734
2016-12-12,14.035540580749512
2016-12-13,14.114986419677734
2016-12-14,13.850164413452148
2016-12-15,13.757475852966309
2016-12-16,13.618447303771973
2016-12-19,13.591962814331055
2016-12-20,13.724374771118164
2016-12-21,13.717576026916504
2016-12-22,13.73117446899414
2016-12-23,13.629206657409668
2016-12-27,13.690383911132812
2016-12-28,13.744766235351562
2016-12-29,13.853528022766113
2016-12-30,13.75156307220459
2017-01-03,13.996277809143066
2017-01-04,14.173017501831055
2017-01-05,14.308969497680664
2017-01-06,14.2341947555542
2017-01-09,14.390541076660156
2017-01-10,14.417728424072266
2017-01-11,14.567277908325195
2017-01-12,14.628454208374023
2017-01-13,14.567277908325195
2017-01-17,14.533289909362793
2017-01-18,14.410933494567871
2017-01-19,14.4721097946167
2017-01-20,14.4721097946167
2017-01-23,14.431325912475586
2017-01-24,14.540087699890137
2017-01-25,14.587669372558594
2017-01-26,14.506098747253418
2017-01-27,14.54688549041748
2017-01-30,14.431325912475586
2017-01-31,14.438124656677246
2017-02-01,14.512898445129395
2017-02-02,14.662444114685059
2017-02-03,14.676042556762695
2017-02-06,14.540087699890137
2017-02-07,14.506098747253418
2017-02-08,14.580876350402832
2017-02-09,14.655646324157715
2017-02-10,14.85278034210205
2017-02-13,14.927553176879883
2017-02-14,14.941146850585938
2017-02-15,15.145076751708984
2017-02-16,15.145076751708984
2017-02-17,15.117883682250977
2017-02-21,15.17906379699707
2017-02-22,15.206258773803711
2017-02-23,15.206258773803711
2017-02-24,15.009122848510742
2017-02-27,14.995526313781738
2017-02-28,14.920757293701172
2017-03-01,15.090696334838867
2017-03-02,14.920757293701172
2017-03-03,14.941146850585938
2017-03-06,14.900361061096191
2017-03-07,14.961539268493652
2017-03-08,14.859576225280762
2017-03-09,14.859576225280762
2017-03-10,14.988728523254395
2017-03-13,15.036309242248535
2017-03-14,14.934350967407227
2017-03-15,15.396588325500488
2017-03-16,15.260634422302246
2017-03-17,15.287822723388672
2017-03-20,15.315013885498047
2017-03-21,15.104290008544922
2017-03-22,15.02271842956543
2017-03-23,14.968338012695312
2017-03-24,15.070298194885254
2017-03-27,15.070298194885254
2017-03-28,15.287822723388672
2017-03-29,15.464564323425293
2017-03-30,15.484956741333008
2017-03-31,15.36939525604248
2017-04-03,15.321815490722656
2017-04-04,15.281026840209961
2017-04-05,15.260634422302246
2017-04-06,15.240242004394531
2017-04-07,15.165465354919434
2017-04-10,15.2198486328125
2017-04-11,15.32861042022705
2017-04-12,15.287822723388672
2017-04-13,15.247037887573242
2017-04-17,15.335408210754395
2017-04-18,15.131479263305664
2017-04-19,14.98193359375
2017-04-20,15.138276100158691
2017-04-21,15.17906379699707
2017-04-24,15.342204093933105
2017-04-25,15.376191139221191
2017-04-26,15.23344612121582
2017-04-27,15.226646423339844
2017-04-28,15.267435073852539
2017-05-01,15.416979789733887
2017-05-02,15.403385162353516
2017-05-03,15.063505172729492
2017-05-04,14.954739570617676
2017-05-05,15.02271842956543
2017-05-08,14.927553176879883
2017-05-09,14.7440185546875
2017-05-10,14.873169898986816
2017-05-11,14.85278034210205
2017-05-12,14.784801483154297
2017-05-15,14.886763572692871
2017-05-16,14.961539268493652
2017-05-17,14.580876350402832
2017-05-18,14.614861488342285
2017-05-19,14.7440185546875
2017-05-22,14.85278034210205
2017-05-23,14.85278034210205
2017-05-24,14.873169898986816
2017-05-25,14.825587272644043
2017-05-26,14.730422973632812
2017-05-30,14.655646324157715
2017-05-31,14.608064651489258
2017-06-01,14.580876350402832
2017-06-02,14.764409065246582
2017-06-05,14.771206855773926
2017-06-06,14.608064651489258
2017-06-07,14.608064651489258
2017-06-08,14.676042556762695
2017-06-09,14.662444114685059
2017-06-12,14.648845672607422
2017-06-13,14.968338012695312
2017-06-14,15.111085891723633
2017-06-15,14.995526313781738
2017-06-16,15.063505172729492
2017-06-19,15.117883682250977
2017-06-20,14.84011173248291
2017-06-21,14.6942777633667
2017-06-22,14.729000091552734
2017-06-23,14.833165168762207
2017-06-26,14.847052574157715
2017-06-27,14.798439979553223
2017-06-28,15.110942840576172
2017-06-29,15.138714790344238
2017-06-30,15.055386543273926
2017-07-03,14.985944747924805
2017-07-05,15.055386543273926
2017-07-06,14.916498184204102
2017-07-07,14.916498184204102
2017-07-10,14.95121955871582
2017-07-11,14.985944747924805
2017-07-12,15.048442840576172
2017-07-13,15.208158493041992
2017-07-14,15.458158493041992
2017-07-17,15.402602195739746
2017-07-18,15.451212882995605
2017-07-19,15.728988647460938
2017-07-20,15.770652770996094
2017-07-21,15.548436164855957
2017-07-24,15.555377960205078
2017-07-25,15.722044944763184
2017-07-26,15.888708114624023
2017-07-27,15.805374145507812
2017-07-28,15.70815372467041
2017-07-31,15.763710021972656
2017-08-01,15.819269180297852
2017-08-02,15.770652770996094
2017-08-03,15.645652770996094
2017-08-04,15.659544944763184
2017-08-07,15.694268226623535
2017-08-08,15.624820709228516
2017-08-09,15.58315658569336
2017-08-10,15.402602195739746
2017-08-11,15.444267272949219
2017-08-14,15.513712882995605
2017-08-15,15.47204875946045
2017-08-16,15.82620906829834
2017-08-17,15.624820709228516
2017-08-18,15.701208114624023
2017-08-21,15.687318801879883
2017-08-22,15.784538269042969
2017-08-23,15.70815372467041
2017-08-24,15.680378913879395
2017-08-25,15.763710021972656
2017-08-28,15.728988647460938
2017-08-29,15.617875099182129
2017-08-30,15.541486740112305
2017-08-31,15.728988647460938
2017-09-01,15.847044944763184
2017-09-05,15.749822616577148
2017-09-06,15.805374145507812
2017-09-07,15.895652770996094
2017-09-08,15.840099334716797
2017-09-11,15.978986740112305
2017-09-12,16.08315086364746
2017-09-13,15.95120620727539
2017-09-14,15.95120620727539
2017-09-15,15.90259838104248
2017-09-18,15.853986740112305
2017-09-19,15.958151817321777
2017-09-20,15.923432350158691
2017-09-21,15.659544944763184
2017-09-22,15.770652770996094
2017-09-25,15.722044944763184
2017-09-26,15.603992462158203
2017-09-27,15.548436164855957
2017-09-28,15.52065658569336
2017-09-29,15.58315658569336
2017-10-02,15.652603149414062
2017-10-03,15.58315658569336
2017-10-04,15.499822616577148
2017-10-05,15.430377960205078
2017-10-06,15.430377960205078
2017-10-09,15.437322616577148
2017-10-10,15.562324523925781
2017-10-11,15.603992462158203
2017-10-12,15.715099334716797
2017-10-13,15.944263458251953
2017-10-16,15.965097427368164
2017-10-17,16.02065658569336
2017-10-18,16.02065658569336
2017-10-19,16.048429489135742
2017-10-20,16.048429489135742
2017-10-23,15.95120620727539
2017-10-24,15.972039222717285
2017-10-25,15.756768226623535
2017-10-26,15.756768226623535
2017-10-27,15.83315372467041
2017-10-30,15.805374145507812
2017-10-31,15.763710021972656
2017-11-01,15.840099334716797
2017-11-02,15.958151817321777
2017-11-03,15.867873191833496
2017-11-06,15.93037223815918
2017-11-07,15.90259838104248
2017-11-08,16.055370330810547
2017-11-09,16.090099334716797
2017-11-10,16.090099334716797
2017-11-13,15.978986740112305
2017-11-14,15.798431396484375
2017-11-15,15.749822616577148
2017-11-16,15.853986740112305
2017-11-17,15.715099334716797
2017-11-20,15.749822616577148
2017-11-21,15.847044944763184
2017-11-22,15.93037223815918
2017-11-24,15.923432350158691
2017-11-27,15.853986740112305
2017-11-28,15.944263458251953
2017-11-29,15.853986740112305
2017-11-30,15.812323570251465
2017-12-01,15.867873191833496
2017-12-04,15.763710021972656
2017-12-05,15.735932350158691
2017-12-06,15.694268226623535
2017-12-07,15.687318801879883
2017-12-08,15.735932350158691
2017-12-11,15.770652770996094
2017-12-12,15.853986740112305
2017-12-13,16.090099334716797
2017-12-14,16.048429489135742
2017-12-15,16.06926155090332
2017-12-18,16.18037223815918
2017-12-19,16.151201248168945
2017-12-20,16.151201248168945
2017-12-21,16.265039443969727
2017-12-22,16.343305587768555
2017-12-26,16.343305587768555
2017-12-27,16.428688049316406
2017-12-28,16.49983787536621
2017-12-29,16.485610961914062
2018-01-02,16.592334747314453
2018-01-03,16.699060440063477
2018-01-04,16.763093948364258
2018-01-05,16.86271095275879
2018-01-08,16.770212173461914
2018-01-09,16.791553497314453
2018-01-10,16.649255752563477
2018-01-11,16.748868942260742
2018-01-12,16.841360092163086
2018-01-16,16.691944122314453
2018-01-17,16.784439086914062
2018-01-18,16.798675537109375
2018-01-19,16.834245681762695
2018-01-22,16.8555908203125
2018-01-23,16.89116668701172
2018-01-24,16.99077796936035
2018-01-25,16.94097137451172
2018-01-26,17.15442657470703
2018-01-29,17.03346824645996
2018-01-30,16.89828109741211
2018-01-31,16.912511825561523
2018-02-01,16.99077796936035
2018-02-02,16.73464012145996
2018-02-05,16.172542572021484
2018-02-06,16.32907485961914
2018-02-07,15.987553596496582
2018-02-08,15.539305686950684
2018-02-09,15.738525390625
2018-02-12,15.987553596496582
2018-02-13,16.080049514770508
2018-02-14,16.364652633666992
2018-02-15,16.485610961914062
2018-02-16,16.350421905517578
2018-02-20,16.3077335357666
2018-02-21,16.265039443969727
2018-02-22,16.39311408996582
2018-02-23,16.521181106567383
2018-02-26,16.699060440063477
2018-02-27,16.435802459716797
2018-02-28,16.236581802368164
2018-03-01,16.129858016967773
2018-03-02,16.17966079711914
2018-03-05,16.250810623168945
2018-03-06,16.378881454467773
2018-03-07,16.272157669067383
2018-03-08,16.293502807617188
2018-03-09,16.58521842956543
2018-03-12,16.57810401916504
2018-03-13,16.364652633666992
2018-03-14,16.435802459716797
2018-03-15,16.257923126220703
2018-03-16,16.20100975036621
2018-03-19,16.072933197021484
2018-03-20,16.016014099121094
2018-03-21,16.17966079711914
2018-03-22,15.766988754272461
2018-03-23,15.560647964477539
2018-03-26,15.838139533996582
2018-03-27,15.532191276550293
2018-03-28,15.539305686950684
2018-03-29,15.667374610900879
2018-04-02,15.39699935913086
2018-04-03,15.57487964630127
2018-04-04,15.681608200073242
2018-04-05,15.695836067199707
2018-04-06,15.517960548400879
2018-04-09,15.695836067199707
2018-04-10,15.980441093444824
2018-04-11,15.873710632324219
2018-04-12,15.923516273498535
2018-04-13,15.923516273498535
2018-04-16,15.994668006896973
2018-04-17,16.016014099121094
2018-04-18,16.108510971069336
2018-04-19,15.937748908996582
2018-04-20,15.77409839630127
2018-04-23,15.781216621398926
2018-04-24,15.781216621398926
2018-04-25,15.752758026123047
2018-04-26,15.831024169921875
2018-04-27,15.923516273498535
2018-04-30,15.78833293914795
2018-05-01,15.866597175598145
2018-05-02,16.00178337097168
2018-05-03,16.151201248168945
2018-05-04,16.172542572021484
2018-05-07,16.087162017822266
2018-05-08,16.016014099121094
2018-05-09,16.087162017822266
2018-05-10,16.279272079467773
2018-05-11,16.257923126220703
2018-05-14,16.293502807617188
2018-05-15,16.09427833557129
2018-05-16,16.243696212768555
2018-05-17,16.265039443969727
2018-05-18,16.151201248168945
2018-05-21,16.357534408569336
2018-05-22,16.243696212768555
2018-05-23,16.158313751220703
2018-05-24,16.17966079711914
2018-05-25,16.080049514770508
2018-05-29,15.859484672546387
2018-05-30,16.20812225341797
2018-05-31,16.05870819091797
2018-06-01,16.165430068969727
2018-06-04,16.265039443969727
2018-06-05,16.193891525268555
2018-06-06,16.421573638916016
2018-06-07,16.293502807617188
2018-06-08,16.286388397216797
2018-06-11,16.371767044067383
2018-06-12,16.158313751220703
2018-06-13,16.13697052001953
2018-06-14,15.987553596496582
2018-06-15,16.00178337097168
2018-06-18,16.13697052001953
2018-06-19,16.007863998413086
2018-06-20,16.167430877685547
2018-06-21,16.225461959838867
2018-06-22,16.457561492919922
2018-06-25,16.123910903930664
2018-06-26,16.239967346191406
2018-06-27,16.09490203857422
2018-06-28,16.312498092651367
2018-06-29,16.399532318115234
2018-07-02,16.18193817138672
2018-07-03,16.26898193359375
2018-07-05,16.44305419921875
2018-07-06,16.667905807495117
2018-07-09,16.805713653564453
2018-07-10,16.711429595947266
2018-07-11,16.30524253845215
2018-07-12,16.617130279541016
2018-07-13,16.55910873413086
2018-07-16,16.45030975341797
2018-07-17,16.385028839111328
2018-07-18,16.479320526123047
2018-07-19,16.385028839111328
2018-07-20,16.566364288330078
2018-07-23,16.40679168701172
2018-07-24,16.588123321533203
2018-07-25,16.63889503479004
2018-07-26,16.472070693969727
2018-07-27,16.566364288330078
2018-07-30,16.55185317993164
2018-07-31,16.624387741088867
2018-08-01,16.486574172973633
2018-08-02,16.435802459716797
2018-08-03,16.479320526123047
2018-08-06,16.472070693969727
2018-08-07,16.522844314575195
2018-08-08,16.609880447387695
2018-08-09,16.5736141204834
2018-08-10,16.30524253845215
2018-08-13,16.210952758789062
2018-08-14,16.276229858398438
2018-08-15,16.254474639892578
2018-08-16,16.457561492919922
2018-08-17,16.682411193847656
2018-08-20,16.696916580200195
2018-08-21,16.54460334777832
2018-08-22,16.501081466674805
2018-08-23,16.189191818237305
2018-08-24,16.334260940551758
2018-08-27,16.49382781982422
2018-08-28,16.486574172973633
2018-08-29,16.646148681640625
2018-08-30,16.472070693969727
2018-08-31,16.312498092651367
2018-09-04,16.131166458129883
2018-09-05,15.993352890014648
2018-09-06,15.826532363891602
2018-09-07,15.56541633605957
2018-09-10,15.67421817779541
2018-09-11,15.717731475830078
2018-09-12,15.87730598449707
2018-09-13,15.87730598449707
2018-09-14,15.855544090270996
2018-09-17,15.87730598449707
2018-09-18,16.051380157470703
2018-09-19,16.123910903930664
2018-09-20,16.225461959838867
2018-09-21,16.174686431884766
2018-09-24,16.109407424926758
2018-09-25,16.13842010498047
2018-09-26,16.11666488647461
2018-09-27,16.044130325317383
2018-09-28,16.044130325317383
2018-10-01,16.02237319946289
2018-10-02,15.833785057067871
2018-10-03,15.739492416381836
2018-10-04,15.65245246887207
2018-10-05,15.587174415588379
2018-10-08,15.478378295898438
2018-10-09,15.420350074768066
2018-10-10,15.093954086303711
2018-10-11,14.854602813720703
2018-10-12,14.934386253356934
2018-10-15,14.963397979736328
2018-10-16,15.195502281188965
2018-10-17,15.159232139587402
2018-10-18,15.02142333984375
2018-10-19,15.166488647460938
2018-10-22,15.02142333984375
2018-10-23,14.861849784851074
2018-10-24,14.513696670532227
2018-10-25,14.571723937988281
2018-10-26,14.477433204650879
2018-10-29,14.441166877746582
2018-10-30,14.81833553314209
2018-10-31,14.94163703918457
2018-11-01,15.180994033813477
2018-11-02,15.144730567932129
2018-11-05,15.202754974365234
2018-11-06,15.347819328308105
2018-11-07,15.558164596557617
2018-11-08,15.5073881149292
2018-11-09,15.3768310546875
2018-11-12,15.275284767150879
2018-11-13,15.25352668762207
2018-11-14,15.079451560974121
2018-11-15,15.195502281188965
2018-11-16,15.2462739944458
2018-11-19,14.956146240234375
2018-11-20,14.67326831817627
2018-11-21,14.948892593383789
2018-11-23,14.927131652832031
2018-11-26,15.093954086303711
2018-11-27,15.08670425415039
2018-11-28,15.318808555603027
2018-11-29,15.2462739944458
2018-11-30,15.08670425415039
2018-12-03,15.347819328308105
2018-12-04,14.934386253356934
2018-12-06,14.81833553314209
2018-12-07,14.731293678283691
2018-12-10,14.535457611083984
2018-12-11,14.651510238647461
2018-12-12,14.796575546264648
2018-12-13,14.78931999206543
2018-12-14,14.535457611083984
2018-12-17,14.535457611083984
2018-12-18,14.539226531982422
2018-12-19,14.373492240905762
2018-12-20,14.215296745300293
2018-12-21,13.883831024169922
2018-12-24,13.876296043395996
2018-12-26,14.350892066955566
2018-12-27,14.396092414855957
2018-12-28,14.501561164855957
2018-12-31,14.501561164855957
2019-01-02,14.388561248779297
2019-01-03,14.283092498779297
2019-01-04,14.787822723388672
2019-01-07,14.833022117614746
2019-01-08,14.946022987365723
2019-01-09,15.156952857971191
2019-01-10,15.22475528717041
2019-01-11,15.22475528717041
2019-01-14,15.164487838745117
2019-01-15,15.262421607971191
2019-01-16,15.300084114074707
2019-01-17,15.443220138549805
2019-01-18,15.503483772277832
2019-01-22,15.119287490844727
2019-01-23,15.18708610534668
2019-01-24,15.194621086120605
2019-01-25,15.465819358825684
2019-01-28,15.390486717224121
2019-01-29,15.337754249572754
2019-01-30,15.586347579956055
2019-01-31,15.511018753051758
2019-02-01,15.488419532775879
2019-02-04,15.616483688354492
2019-02-05,15.872612953186035
2019-02-06,15.691816329956055
2019-02-07,15.684284210205078
2019-02-08,15.654151916503906
2019-02-11,15.608948707580566
2019-02-12,15.767148971557617
2019-02-13,15.624014854431152
2019-02-14,15.631549835205078
2019-02-15,15.880147933959961
2019-02-19,15.978080749511719
2019-02-20,15.925345420837402
2019-02-21,15.857544898986816
2019-02-22,16.03835105895996
2019-02-25,16.121213912963867
2019-02-26,16.121213912963867
2019-02-27,16.053415298461914
2019-02-28,16.03081512451172
2019-03-01,16.143810272216797
2019-03-04,16.060949325561523
2019-03-05,16.113679885864258
2019-03-06,16.128746032714844
2019-03-07,16.08354949951172
2019-03-08,16.015745162963867
2019-03-11,16.15888214111328
2019-03-12,16.053415298461914
2019-03-13,16.136281967163086
2019-03-14,16.091081619262695
2019-03-15,16.15888214111328
2019-03-18,16.211612701416016
2019-03-19,16.151350021362305
2019-03-20,16.15888214111328
2019-03-21,16.25680923461914
2019-03-22,15.993148803710938
2019-03-25,16.068485260009766
2019-03-26,16.143810272216797
2019-03-27,15.978080749511719
2019-03-28,16.098615646362305
2019-03-29,16.211612701416016
2019-04-01,16.392410278320312
2019-04-02,16.30954360961914
2019-04-03,16.445144653320312
2019-04-04,16.294477462768555
2019-04-05,16.219146728515625
2019-04-08,16.324609756469727
2019-04-09,16.24174690246582
2019-04-10,16.354747772216797
2019-04-11,16.30954360961914
2019-04-12,16.467742919921875
2019-04-15,16.430078506469727
2019-04-16,16.512943267822266
2019-04-17,16.49787712097168
2019-04-18,16.512943267822266
2019-04-22,16.490345001220703
2019-04-23,16.55814552307129
2019-04-24,16.475276947021484
2019-04-25,16.48280906677246
2019-04-26,16.520479202270508
2019-04-29,16.49787712097168
2019-04-30,16.399944305419922
2019-05-01,16.339677810668945
2019-05-02,16.317079544067383
2019-05-03,16.445144653320312
2019-05-06,16.286945343017578
2019-05-07,16.121213912963867
2019-05-08,16.121213912963867
2019-05-09,16.15888214111328
2019-05-10,16.354747772216797
2019-05-13,16.023283004760742
2019-05-14,16.008214950561523
2019-05-15,16.128746032714844
2019-05-16,16.264347076416016
2019-05-17,16.136281967163086
2019-05-20,16.48280906677246
2019-05-21,16.625944137573242
2019-05-22,16.618412017822266
2019-05-23,16.512943267822266
2019-05-24,16.59581184387207
2019-05-28,16.490345001220703
2019-05-29,16.399944305419922
2019-05-30,16.430078506469727
2019-05-31,16.422542572021484
2019-06-03,16.354747772216797
2019-06-04,16.60334587097168
2019-06-05,16.535545349121094
2019-06-06,16.64101219177246
2019-06-07,16.83687400817871
2019-06-10,16.83687400817871
2019-06-11,17.010143280029297
2019-06-12,16.83687400817871
2019-06-13,16.844406127929688
2019-06-14,16.731409072875977
2019-06-17,16.664533615112305
2019-06-18,16.918195724487305
2019-06-19,17.02580451965332
2019-06-20,17.217967987060547
2019-06-21,17.118045806884766
2019-06-24,17.241031646728516
2019-06-25,17.17953872680664
2019-06-26,17.24871826171875
2019-06-27,17.364011764526367
2019-06-28,17.325584411621094
2019-07-01,17.294836044311523
2019-07-02,17.287151336669922
2019-07-03,17.502376556396484
2019-07-05,17.510061264038086
2019-07-08,17.287151336669922
2019-07-09,17.225658416748047
2019-07-10,17.294836044311523
2019-07-11,17.348644256591797
2019-07-12,17.37938690185547
2019-07-15,17.402448654174805
2019-07-16,17.287151336669922
2019-07-17,17.364011764526367
2019-07-18,17.456254959106445
2019-07-19,17.48699951171875
2019-07-22,17.456254959106445
2019-07-23,17.52543067932129
2019-07-24,17.533123016357422
2019-07-25,17.47162628173828
2019-07-26,17.433195114135742
2019-07-29,17.517745971679688
2019-07-30,17.364011764526367
2019-07-31,17.225658416748047
2019-08-01,17.1334171295166
2019-08-02,17.064241409301758
2019-08-05,16.44162368774414
2019-08-06,16.326326370239258
2019-08-07,16.33401107788086
2019-08-08,16.610733032226562
2019-08-09,16.51848793029785
2019-08-12,16.387819290161133
2019-08-13,16.603044509887695
2019-08-14,16.211027145385742
2019-08-15,16.149534225463867
2019-08-16,16.318641662597656
2019-08-19,16.3801326751709
2019-08-20,16.433937072753906
2019-08-21,16.456998825073242
2019-08-22,16.403188705444336
2019-08-23,16.203340530395508
2019-08-26,16.310951232910156
2019-08-27,16.29557991027832
2019-08-28,16.341699600219727
2019-08-29,16.480058670043945
2019-08-30,16.664533615112305
2019-09-03,16.579984664916992
2019-09-04,16.76445960998535
2019-09-05,16.96431541442871
2019-09-06,17.08729362487793
2019-09-09,17.1411075592041
2019-09-10,17.1411075592041
2019-09-11,17.217967987060547
2019-09-12,17.287151336669922
2019-09-13,17.340957641601562
2019-09-16,17.287151336669922
2019-09-17,17.39476203918457
2019-09-18,17.26409149169922
2019-09-19,17.310213088989258
2019-09-20,17.202594757080078
2019-09-23,17.217967987060547
2019-09-24,17.156476974487305
2019-09-25,17.156476974487305
2019-09-26,17.125734329223633
2019-09-27,17.1334171295166
2019-09-30,17.102672576904297
2019-10-01,16.887449264526367
2019-10-02,16.487747192382812
2019-10-03,16.59535789489746
2019-10-04,16.77214813232422
2019-10-07,16.702970504760742
2019-10-08,16.579984664916992
2019-10-09,16.679908752441406
2019-10-10,16.818265914916992
2019-10-11,17.018123626708984
2019-10-14,16.879762649536133
2019-10-15,17.094982147216797
2019-10-16,17.156476974487305
2019-10-17,17.17953872680664
2019-10-18,17.156476974487305
2019-10-21,17.30252456665039
2019-10-22,17.30252456665039
2019-10-23,17.387075424194336
2019-10-24,17.39476203918457
2019-10-25,17.448570251464844
2019-10-28,17.52543067932129
2019-10-29,17.47931671142578
2019-10-30,17.463939666748047
2019-10-31,17.317895889282227
2019-11-01,17.494688034057617
2019-11-04,17.440881729125977
2019-11-05,17.47162628173828
2019-11-06,17.371702194213867
2019-11-07,17.55617904663086
2019-11-08,17.502376556396484
2019-11-11,17.602298736572266
2019-11-12,17.571552276611328
2019-11-13,17.387075424194336
2019-11-14,17.37938690185547
2019-11-15,17.533123016357422
2019-11-18,17.47931671142578
2019-11-19,17.563867568969727
2019-11-20,17.24871826171875
2019-11-21,17.225658416748047
2019-11-22,17.30252456665039
2019-11-25,17.387075424194336
2019-11-26,17.440881729125977
2019-11-27,17.65610122680664
2019-11-29,17.548494338989258
2019-12-02,17.47162628173828
2019-12-03,17.164169311523438
2019-12-04,17.294836044311523
2019-12-05,17.26409149169922
2019-12-06,17.417821884155273
2019-12-09,17.333267211914062
2019-12-10,17.279462814331055
2019-12-11,17.48699951171875
2019-12-12,17.594614028930664
2019-12-13,17.579240798950195
2019-12-16,17.897666931152344
2019-12-17,17.732961654663086
2019-12-18,17.740806579589844
2019-12-19,17.725120544433594
2019-12-20,17.732961654663086
2019-12-23,17.748647689819336
2019-12-24,17.764333724975586
2019-12-26,17.874135971069336
2019-12-27,17.842761993408203
2019-12-30,17.81923484802246
2019-12-31,17.756492614746094
2020-01-02,17.83492088317871
2020-01-03,17.646690368652344
2020-01-06,17.740806579589844
2020-01-07,17.71727752685547
2020-01-08,17.81923484802246
2020-01-09,17.82707405090332
2020-01-10,17.921194076538086
2020-01-13,18.06236457824707
2020-01-14,18.172168731689453
2020-01-15,18.258441925048828
2020-01-16,18.462360382080078
2020-01-17,18.44667625427246
2020-01-21,18.297657012939453
2020-01-22,18.399616241455078
2020-01-23,18.38393211364746
2020-01-24,18.234912872314453
2020-01-27,17.842761993408203
2020-01-28,17.99178123474121
2020-01-29,17.913349151611328
2020-01-30,17.905508041381836
2020-01-31,17.458459854125977
2020-02-03,17.49767303466797
2020-02-04,17.80354881286621
2020-02-05,17.913349151611328
2020-02-06,17.94472312927246
2020-02-07,17.71727752685547
2020-02-10,17.78002166748047
2020-02-11,17.905508041381836
2020-02-12,18.132949829101562
2020-02-13,18.03099250793457
2020-02-14,18.07805061340332
2020-02-18,18.023151397705078
2020-02-19,18.117265701293945
2020-02-20,17.97609519958496
2020-02-21,17.83492088317871
2020-02-24,17.07415008544922
2020-02-25,16.831022262573242
2020-02-26,16.619260787963867
2020-02-27,16.22711181640625
2020-02-28,15.780062675476074
2020-03-02,16.015350341796875
2020-03-03,15.858492851257324
2020-03-04,16.28985595703125
2020-03-05,15.811432838439941
2020-03-06,15.513404846191406
2020-03-09,13.678144454956055
2020-03-10,14.854588508605957
2020-03-11,13.693831443786621
2020-03-12,11.858574867248535
2020-03-13,13.536972999572754
2020-03-16,11.3566255569458
2020-03-17,12.203666687011719
2020-03-18,10.760558128356934
2020-03-19,10.940948486328125
2020-03-20,10.493898391723633
2020-03-23,10.05469036102295
2020-03-24,11.28603744506836
2020-03-25,11.756614685058594
2020-03-26,12.297780990600586
2020-03-27,11.372312545776367
2020-03-30,12.352681159973145
2020-03-31,12.187979698181152
2020-04-01,11.772302627563477
2020-04-02,12.164451599121094
2020-04-03,11.631129264831543
2020-04-06,12.61150074005127
2020-04-07,12.258566856384277
2020-04-08,12.36052417755127
2020-04-09,13.042865753173828
2020-04-13,12.995804786682129
2020-04-14,13.442853927612305
2020-04-15,12.784046173095703
2020-04-16,12.870317459106445
2020-04-17,13.199723243713379
2020-04-20,12.729146003723145
2020-04-21,12.156608581542969
2020-04-22,12.697774887084961
2020-04-23,12.619342803955078
2020-04-24,12.870317459106445
2020-04-27,13.027178764343262
2020-04-28,13.027178764343262
2020-04-29,13.442853927612305
2020-04-30,13.364424705505371
2020-05-01,12.697774887084961
2020-05-04,12.987961769104004
2020-05-05,13.113450050354004
2020-05-06,12.870317459106445
2020-05-07,13.082079887390137
2020-05-08,13.270309448242188
2020-05-11,13.309523582458496
2020-05-12,12.980119705200195
2020-05-13,12.933062553405762
2020-05-14,12.95659065246582
2020-05-15,13.06639289855957
2020-05-18,13.646774291992188
2020-05-19,13.435013771057129
2020-05-20,13.835004806518555
2020-05-21,13.623247146606445
2020-05-22,13.59971809387207
2020-05-26,14.242836952209473
2020-05-27,14.415382385253906
2020-05-28,14.501656532287598
2020-05-29,14.164407730102539
2020-06-01,14.862435340881348
2020-06-02,15.097722053527832
2020-06-03,15.536931991577148
2020-06-04,15.513404846191406
2020-06-05,15.936920166015625
2020-06-08,16.20358657836914
2020-06-09,15.921233177185059
2020-06-10,15.929078102111816
2020-06-11,14.784003257751465
2020-06-12,15.05850887298584
2020-06-15,15.26867389678955
2020-06-16,15.427886009216309
2020-06-17,15.404004096984863
2020-06-18,15.324396133422852
2020-06-19,15.1412992477417
2020-06-22,15.483609199523926
2020-06-23,15.507492065429688
2020-06-24,15.069656372070312
2020-06-25,15.212947845458984
2020-06-26,14.958203315734863
2020-06-29,15.244790077209473
2020-06-30,15.34031867980957
2020-07-01,15.491570472717285
2020-07-02,15.78611946105957
2020-07-06,15.802041053771973
2020-07-07,15.563217163085938
2020-07-08,15.603023529052734
2020-07-09,15.45176887512207
2020-07-10,15.626906394958496
2020-07-13,15.404004096984863
2020-07-14,15.63486385345459
2020-07-15,15.977174758911133
2020-07-16,15.770196914672852
2020-07-17,15.857765197753906
2020-07-20,15.921451568603516
2020-07-21,16.303564071655273
2020-07-22,16.263765335083008
2020-07-23,16.0488224029541
2020-07-24,15.945334434509277
2020-07-27,16.208040237426758
2020-07-28,16.040861129760742
2020-07-29,16.303564071655273
2020-07-30,16.1602725982666
2020-07-31,15.849802017211914
2020-08-03,16.07270622253418
2020-08-04,16.176193237304688
2020-08-05,16.239879608154297
2020-08-06,16.35133171081543
2020-08-07,16.231918334960938
2020-08-10,16.407052993774414
2020-08-11,16.4229793548584
2020-08-12,16.62995719909668
2020-08-13,16.367250442504883
2020-08-14,16.375211715698242
2020-08-17,16.534423828125
2020-08-18,16.606077194213867
2020-08-19,16.621994018554688
2020-08-20,16.566267013549805
2020-08-21,16.39909553527832
2020-08-24,16.550352096557617
2020-08-25,16.502586364746094
2020-08-26,16.590152740478516
2020-08-27,16.574230194091797
2020-08-28,16.637916564941406
2020-08-31,16.550352096557617
2020-09-01,16.534423828125
2020-09-02,16.813051223754883
2020-09-03,16.359291076660156
2020-09-04,16.152313232421875
2020-09-08,15.993098258972168
2020-09-09,16.311527252197266
2020-09-10,15.881648063659668
2020-09-11,16.040861129760742
2020-09-14,16.18415641784668
2020-09-15,16.303564071655273
2020-09-16,16.319486618041992
2020-09-17,16.21599769592285
2020-09-18,16.02494239807129
2020-09-21,15.642824172973633
2020-09-22,15.810001373291016
2020-09-23,15.587101936340332
2020-09-24,15.57913875579834
2020-09-25,15.825922012329102
2020-09-28,15.969216346740723
2020-09-29,15.802041053771973
2020-09-30,15.69854736328125
2020-10-01,15.825922012329102
2020-10-02,15.802041053771973
2020-10-05,16.12047004699707
2020-10-06,15.921451568603516
2020-10-07,16.231918334960938
2020-10-08,16.47074317932129
2020-10-09,16.574230194091797
2020-10-12,16.685678482055664
2020-10-13,16.55830955505371
2020-10-14,16.542387008666992
2020-10-15,16.518505096435547
2020-10-16,16.518505096435547
2020-10-19,16.383174896240234
2020-10-20,16.367250442504883
2020-10-21,16.359291076660156
2020-10-22,16.502586364746094
2020-10-23,16.621994018554688
2020-10-26,16.375211715698242
2020-10-27,16.18415641784668
2020-10-28,15.746316909790039
2020-10-29,15.817961692810059
2020-10-30,15.738356590270996
2020-11-02,15.825922012329102
2020-11-03,16.33540916442871
2020-11-04,16.34337043762207
2020-11-05,16.876737594604492
2020-11-06,16.90858268737793
2020-11-09,17.57728385925293
2020-11-10,17.537477493286133
2020-11-11,17.77630043029785
2020-11-12,17.441946029663086
2020-11-13,17.664854049682617
2020-11-16,17.927553176879883
2020-11-17,17.959394454956055
2020-11-18,17.983280181884766
2020-11-19,18.118610382080078
2020-11-20,18.150453567504883
2020-11-23,18.158414840698242
2020-11-24,18.636058807373047
2020-11-25,18.651981353759766
2020-11-27,18.548490524291992
2020-11-30,18.08676528930664
2020-12-01,18.445003509521484
2020-12-02,18.516647338867188
2020-12-03,18.60421371459961
2020-12-04,18.763427734375
2020-12-07,18.715665817260742
2020-12-08,18.84303855895996
2020-12-09,18.874879837036133
2020-12-10,18.994291305541992
2020-12-11,18.906723022460938
2020-12-14,18.962921142578125
2020-12-15,19.187715530395508
2020-12-16,19.243911743164062
2020-12-17,19.50082015991211
2020-12-18,19.25996971130371
2020-12-21,19.10742950439453
2020-12-22,18.987009048461914
2020-12-23,19.211803436279297
2020-12-24,19.219831466674805
2020-12-28,19.308137893676758
2020-12-29,19.235883712768555
2020-12-30,19.340251922607422
2020-12-31,19.22785758972168
2021-01-04,19.292083740234375
2021-01-05,19.56505012512207
2021-01-06,19.82998275756836
2021-01-07,19.838008880615234
2021-01-08,19.934350967407227
2021-01-11,19.605188369750977
2021-01-12,19.72561264038086
2021-01-13,19.653356552124023
2021-01-14,19.886178970336914
2021-01-15,19.629276275634766
2021-01-19,19.72561264038086
2021-01-20,20.070831298828125
2021-01-21,20.118999481201172
2021-01-22,19.96646499633789
2021-01-25,20.05477523803711
2021-01-26,20.070831298828125
2021-01-27,19.516874313354492
2021-01-28,19.653356552124023
2021-01-29,19.06728744506836
2021-02-01,19.396451950073242
2021-02-02,19.637296676635742
2021-02-03,19.717586517333984
2021-02-04,19.709556579589844
2021-02-05,19.918291091918945
2021-02-08,20.062801361083984
2021-02-09,20.04674530029297
2021-02-10,20.00660514831543
2021-02-11,20.15111541748047
2021-02-12,20.17519760131836
2021-02-16,20.335763931274414
2021-02-17,20.223373413085938
2021-02-18,20.287595748901367
2021-02-19,20.303653717041016
2021-02-22,20.37590789794922
2021-02-23,20.568588256835938
2021-02-24,20.713098526000977
2021-02-25,20.255483627319336
2021-02-26,19.677444458007812
2021-03-01,20.36787986755371
2021-03-02,20.335763931274414
2021-03-03,20.207317352294922
2021-03-04,20.070831298828125
2021-03-05,20.191255569458008
2021-03-08,20.01463508605957
2021-03-09,20.231399536132812
2021-03-10,20.070831298828125
2021-03-11,20.223373413085938
2021-03-12,20.183225631713867
2021-03-15,20.247453689575195
2021-03-16,20.21534538269043
2021-03-17,20.255483627319336
2021-03-18,19.902236938476562
2021-03-19,19.813922882080078
2021-03-22,19.958436965942383
2021-03-23,19.709556579589844
2021-03-24,19.701528549194336
2021-03-25,19.773780822753906
2021-03-26,20.110973358154297
2021-03-29,20.02266502380371
2021-03-30,19.854066848754883
2021-03-31,19.902236938476562
2021-04-01,20.17519760131836
2021-04-05,20.464218139648438
2021-04-06,20.26350975036621
2021-04-07,20.3197078704834
2021-04-08,20.45619010925293
2021-04-09,20.488304138183594
2021-04-12,20.42407989501953
2021-04-13,20.51239013671875
2021-04-14,20.672958374023438
2021-04-15,21.058313369750977
2021-04-16,21.0824031829834
2021-04-19,20.978031158447266
2021-04-20,20.576616287231445
2021-04-21,20.945919036865234
2021-04-22,20.80943489074707
2021-04-23,21.066343307495117
2021-04-26,21.178741455078125
2021-04-27,21.058313369750977
2021-04-28,21.242971420288086
2021-04-29,21.138601303100586
2021-04-30,20.777324676513672
2021-05-03,21.05028533935547
2021-05-04,20.921833038330078
2021-05-05,21.210853576660156
2021-05-06,21.242971420288086
2021-05-07,21.483816146850586
2021-05-10,21.540014266967773
2021-05-11,21.355365753173828
2021-05-12,20.986059188842773
2021-05-13,21.074373245239258
2021-05-14,21.27507972717285
2021-05-17,21.234943389892578
2021-05-18,21.17071533203125
2021-05-19,20.801408767700195
2021-05-20,21.307191848754883
2021-05-21,21.114513397216797
2021-05-24,21.267051696777344
2021-05-25,21.31522560119629
2021-05-26,21.347335815429688
2021-05-27,21.46776008605957
2021-05-28,21.46776008605957
2021-06-01,21.56410026550293
2021-06-02,21.77284049987793
2021-06-03,21.62833023071289
2021-06-04,21.98157501220703
2021-06-07,21.941431045532227
2021-06-08,21.973548889160156
2021-06-09,21.764808654785156
2021-06-10,21.9895076751709
2021-06-11,21.973222732543945
2021-06-14,22.022069931030273
2021-06-15,21.9895076751709
2021-06-16,21.891813278198242
2021-06-17,21.712705612182617
2021-06-18,21.175384521484375
2021-06-21,21.4603271484375
2021-06-22,21.4603271484375
2021-06-23,21.273075103759766
2021-06-24,21.444046020507812
2021-06-25,21.4603271484375
2021-06-28,21.30564308166504
2021-06-29,21.321929931640625
2021-06-30,21.150959014892578
2021-07-01,21.07769012451172
2021-07-02,21.28936195373535
2021-07-06,21.004417419433594
2021-07-07,21.232370376586914
2021-07-08,20.90672492980957
2021-07-09,21.26494026184082
2021-07-12,21.232370376586914
2021-07-13,21.110252380371094
2021-07-14,21.191667556762695
2021-07-15,20.988134384155273
2021-07-16,20.84159278869629
2021-07-19,20.40196418762207
2021-07-20,20.654346466064453
2021-07-21,20.963714599609375
2021-07-22,20.93114471435547
2021-07-23,21.07769012451172
2021-07-26,21.102109909057617
2021-07-27,21.061405181884766
2021-07-28,21.004417419433594
2021-07-29,21.183523178100586
2021-07-30,20.979991912841797
2021-08-02,21.13467788696289
2021-08-03,21.30564308166504
2021-08-04,21.28936195373535
2021-08-05,21.444046020507812
2021-08-06,21.444046020507812
2021-08-09,21.362628936767578
2021-08-10,21.476612091064453
2021-08-11,21.582441329956055
2021-08-12,21.517314910888672
2021-08-13,21.66385841369629
2021-08-16,21.435903549194336
2021-08-17,20.91486358642578
2021-08-18,20.752037048339844
2021-08-19,20.581073760986328
2021-08-20,20.62177848815918
2021-08-23,20.825307846069336
2021-08-24,21.004417419433594
2021-08-25,21.061405181884766
2021-08-26,20.86601448059082
2021-08-27,21.175384521484375
2021-08-30,21.1672420501709
2021-08-31,21.102109909057617
2021-09-01,21.31378746032715
2021-09-02,21.492891311645508
2021-09-03,21.606868743896484
2021-09-07,21.492891311645508
2021-09-08,21.370773315429688
2021-09-09,21.159095764160156
2021-09-10,21.004417419433594
2021-09-13,21.175384521484375
2021-09-14,20.963714599609375
2021-09-15,21.1672420501709
2021-09-16,21.102109909057617
2021-09-17,20.711332321166992
2021-09-20,20.174013137817383
2021-09-21,20.410106658935547
2021-09-22,20.54036521911621
2021-09-23,20.849733352661133
2021-09-24,20.62177848815918
2021-09-27,20.743896484375
2021-09-28,20.133302688598633
2021-09-29,20.07631492614746
2021-09-30,20.206571578979492
2021-10-01,20.30427360534668
2021-10-04,20.393821716308594
2021-10-05,20.613636016845703
2021-10-06,20.45895004272461
2021-10-07,20.7194766998291
2021-10-08,20.73575782775879
2021-10-11,20.752037048339844
2021-10-12,20.874155044555664
2021-10-13,20.963714599609375
2021-10-14,21.19980812072754
2021-10-15,21.297500610351562
2021-10-18,21.191667556762695
2021-10-19,21.484752655029297
2021-10-20,21.680139541625977
2021-10-21,21.476612091064453
2021-10-22,21.606868743896484
2021-10-25,21.737131118774414
2021-10-26,21.696422576904297
2021-10-27,21.623151779174805
2021-10-28,21.859249114990234
2021-10-29,21.541738510131836
2021-11-01,21.54987907409668
2021-11-02,21.30564308166504
2021-11-03,21.468469619750977
2021-11-04,21.362628936767578
2021-11-05,21.517314910888672
2021-11-08,21.55802345275879
2021-11-09,21.39519500732422
2021-11-10,21.13467788696289
2021-11-11,21.0369815826416
2021-11-12,21.22422981262207
2021-11-15,21.24051284790039
2021-11-16,21.118392944335938
2021-11-17,20.77646255493164
2021-11-18,20.79274559020996
2021-11-19,20.62177848815918
2021-11-22,20.597352981567383
2021-11-23,20.86601448059082
2021-11-24,20.784603118896484
2021-11-26,19.994903564453125
2021-11-29,20.149585723876953
2021-11-30,19.913488388061523
2021-12-01,19.742523193359375
2021-12-02,20.07631492614746
2021-12-03,19.791370391845703
2021-12-06,20.07631492614746
2021-12-07,20.45895004272461
2021-12-08,20.638059616088867
2021-12-09,20.51594352722168
2021-12-10,20.548503875732422
2021-12-13,20.320220947265625
2021-12-14,20.236595153808594
2021-12-15,20.462373733520508
2021-12-16,20.345304489135742
2021-12-17,20.111162185668945
2021-12-20,20.12788963317871
2021-12-21,20.47073745727539
2021-12-22,20.771778106689453
2021-12-23,20.90557289123535
2021-12-27,21.047733306884766
2021-12-28,20.98919677734375
2021-12-29,21.081180572509766
2021-12-30,21.088773727416992
2021-12-31,20.94536781311035
2022-01-03,20.979114532470703
2022-01-04,21.299663543701172
2022-01-05,21.03816032409668
2022-01-06,20.6669979095459
2022-01-07,20.768224716186523
2022-01-10,20.60795021057129
2022-01-11,20.869449615478516
2022-01-12,21.06346321105957
2022-01-13,20.987546920776367
2022-01-14,20.751352310180664
2022-01-18,20.405498504638672
2022-01-19,20.498289108276367
2022-01-20,20.34644889831543
2022-01-21,19.7728328704834
2022-01-24,19.612558364868164
2022-01-25,19.56195068359375
2022-01-26,19.38479995727539
2022-01-27,18.95458984375
2022-01-28,19.038944244384766
2022-01-31,19.26670265197754
2022-02-01,19.51976776123047
2022-02-02,19.63786506652832
2022-02-03,19.418540954589844
2022-02-04,19.494462966918945
2022-02-07,19.654735565185547
2022-02-08,20.02589988708496
2022-02-09,20.34644889831543
2022-02-10,20.160865783691406
2022-02-11,19.95841407775879
2022-02-14,20.000591278076172
2022-02-15,20.32957649230957
2022-02-16,20.54890251159668
2022-02-17,20.38862419128418
2022-02-18,20.228349685668945
2022-02-22,20.34644889831543
2022-02-23,20.219913482666016
2022-02-24,20.068077087402344
2022-02-25,20.430801391601562
2022-02-28,20.28740119934082
2022-03-01,20.110254287719727
2022-03-02,20.75978660583496
2022-03-03,20.565771102905273
2022-03-04,20.894758224487305
2022-03-07,20.489852905273438
2022-03-08,20.169301986694336
2022-03-09,20.59951400756836
2022-03-10,20.785093307495117
2022-03-11,20.565771102905273
2022-03-14,20.312707901000977
2022-03-15,20.5067195892334
2022-03-16,21.190000534057617
2022-03-17,21.400890350341797
2022-03-18,21.67082405090332
2022-03-21,21.67082405090332
2022-03-22,21.91545295715332
2022-03-23,21.932323455810547
2022-03-24,22.236000061035156
2022-03-25,22.354097366333008
2022-03-28,22.24443817138672
2022-03-29,22.505939483642578
2022-03-30,22.522809982299805
2022-03-31,22.295047760009766
2022-04-01,22.514375686645508
2022-04-04,22.674650192260742
2022-04-05,22.556549072265625
2022-04-06,22.404714584350586
2022-04-07,22.37940788269043
2022-04-08,22.387842178344727
2022-04-11,22.151647567749023
2022-04-12,22.236000061035156
2022-04-13,22.354097366333008
2022-04-14,22.261308670043945
2022-04-18,22.193822860717773
2022-04-19,22.472196578979492
2022-04-20,22.607162475585938
2022-04-21,22.16851806640625
2022-04-22,21.333404541015625
2022-04-25,20.970678329467773
2022-04-26,20.582639694213867
2022-04-27,20.768224716186523
2022-04-28,21.0718994140625
2022-04-29,20.73448371887207
2022-05-02,20.67543601989746
2022-05-03,20.9116268157959
2022-05-04,21.400890350341797
2022-05-05,20.62482261657715
2022-05-06,20.321142196655273
2022-05-09,19.64630126953125
2022-05-10,19.663171768188477
2022-05-11,19.6041259765625
2022-05-12,19.232959747314453
2022-05-13,19.933107376098633
2022-05-16,20.0090274810791
2022-05-17,20.34644889831543
2022-05-18,19.84031867980957
2022-05-19,20.101816177368164
2022-05-20,20.27896499633789
2022-05-23,20.54046630859375
2022-05-24,20.51515769958496
2022-05-25,20.582639694213867
2022-05-26,20.60795021057129
2022-05-27,21.04659652709961
2022-05-31,20.818836212158203
2022-06-01,20.886322021484375
2022-06-02,21.375581741333008
2022-06-03,21.0718994140625
2022-06-06,21.03816032409668
2022-06-07,20.987546920776367
2022-06-08,20.62482261657715
2022-06-09,20.018434524536133
2022-06-10,19.47034454345703
2022-06-13,18.626455307006836
2022-06-14,18.478559494018555
2022-06-15,18.852651596069336
2022-06-16,18.426359176635742
2022-06-17,18.104463577270508
2022-06-21,18.53945541381836
2022-06-22,18.33066177368164
2022-06-23,18.3045597076416
2022-06-24,18.800453186035156
2022-06-27,18.756956100463867
2022-06-28,18.72215461730957
2022-06-29,18.669952392578125
2022-06-30,18.461158752441406
2022-07-01,18.348060607910156
2022-07-05,18.113162994384766
2022-07-06,18.243661880493164
2022-07-07,18.626455307006836
2022-07-08,18.548152923583984
2022-07-11,18.052261352539062
2022-07-12,18.13056182861328
2022-07-13,18.15666389465332
2022-07-14,17.97396469116211
2022-07-15,18.33066177368164
2022-07-18,18.32196044921875
2022-07-19,18.756956100463867
2022-07-20,18.748254776000977
2022-07-21,18.922250747680664
2022-07-22,18.922250747680664
2022-07-25,19.157146453857422
2022-07-26,18.91355323791504
2022-07-27,19.444246292114258
2022-07-28,19.531246185302734
2022-07-29,19.78354263305664
2022-08-01,19.774839401245117
2022-08-02,19.522546768188477
2022-08-03,19.618244171142578
2022-08-04,19.60954475402832
2022-08-05,19.47034454345703
2022-08-08,19.65304183959961
2022-08-09,19.496444702148438
2022-08-10,20.027135848999023
2022-08-11,20.044538497924805
2022-08-12,20.227235794067383
2022-08-15,19.992338180541992
2022-08-16,20.096736907958984
2022-08-17,19.844440460205078
2022-08-18,19.93143653869629
2022-08-19,19.6617431640625
2022-08-22,19.461647033691406
2022-08-23,19.505144119262695
2022-08-24,19.557342529296875
2022-08-25,19.89664077758789
2022-08-26,19.522546768188477
2022-08-29,19.452943801879883
2022-08-30,19.183246612548828
2022-08-31,19.061450958251953
2022-09-01,18.90485191345215
2022-09-02,18.939653396606445
2022-09-06,18.678653717041016
2022-09-07,18.669952392578125
2022-09-08,18.843952178955078
2022-09-09,19.444246292114258
2022-09-12,19.65304183959961
2022-09-13,18.809152603149414
2022-09-14,18.77435302734375
2022-09-15,18.626455307006836
2022-09-16,18.478559494018555
2022-09-19,18.652557373046875
2022-09-20,18.44375991821289
2022-09-21,18.069665908813477
2022-09-22,18.034862518310547
2022-09-23,17.35627555847168
2022-09-26,17.21707534790039
2022-09-27,17.069175720214844
2022-09-28,17.56507110595703
2022-09-29,17.399768829345703
2022-09-30,17.069175720214844
2022-10-03,17.556371688842773
2022-10-04,18.13056182861328
2022-10-05,18.078365325927734
2022-10-06,17.799964904785156
2022-10-07,17.521570205688477
2022-10-10,17.312772750854492
2022-10-11,17.069175720214844
2022-10-12,17.069175720214844
2022-10-13,17.478071212768555
2022-10-14,17.03437614440918
2022-10-17,17.373672485351562
2022-10-18,17.46067237854004
2022-10-19,17.34757423400879
2022-10-20,17.33017349243164
2022-10-21,17.74776840209961
2022-10-24,17.608570098876953
2022-10-25,17.956562042236328
2022-10-26,18.15666389465332
2022-10-27,18.06096649169922
2022-10-28,18.087064743041992
2022-10-31,18.02616310119629
2022-11-01,18.278457641601562
2022-11-02,17.947866439819336
2022-11-03,17.678165435791016
2022-11-04,18.556856155395508
2022-11-07,18.51335906982422
2022-11-08,18.696056365966797
2022-11-09,18.31325912475586
2022-11-10,19.426843643188477
2022-11-11,19.835739135742188
2022-11-14,19.592144012451172
2022-11-15,19.905338287353516
2022-11-16,19.766141891479492
2022-11-17,19.731338500976562
2022-11-18,19.800941467285156
2022-11-21,19.583444595336914
2022-11-22,19.887939453125
2022-11-23,20.157636642456055
2022-11-25,20.2446346282959
2022-11-28,19.879241943359375
2022-11-29,20.07063865661621
2022-11-30,20.610031127929688
2022-12-01,20.644826889038086
2022-12-02,20.5665283203125
2022-12-05,20.166336059570312
2022-12-06,20.06193733215332
2022-12-07,20.096736907958984
2022-12-08,20.183732986450195
2022-12-09,20.157636642456055
2022-12-12,20.201133728027344
2022-12-13,20.475919723510742
2022-12-14,20.422739028930664
2022-12-15,19.76679801940918
2022-12-16,19.6870174407959
2022-12-19,19.669294357299805
2022-12-20,19.545196533203125
2022-12-21,19.855436325073242
2022-12-22,19.527467727661133
2022-12-23,19.78452491760254
2022-12-27,19.864301681518555
2022-12-28,19.598379135131836
2022-12-29,19.811119079589844
2022-12-30,19.704748153686523
2023-01-03,19.474285125732422
2023-01-04,19.9883975982666
2023-01-05,19.704748153686523
2023-01-06,20.405006408691406
2023-01-09,20.39614486694336
2023-01-10,20.422739028930664
2023-01-11,20.70638656616211
2023-01-12,21.12299346923828
2023-01-13,21.282546997070312
2023-01-17,21.388914108276367
2023-01-18,21.14958953857422
2023-01-19,21.326866149902344
2023-01-20,21.610515594482422
2023-01-23,21.76120376586914
2023-01-24,21.82325553894043
2023-01-25,22.035991668701172
2023-01-26,22.177812576293945
2023-01-27,22.106901168823242
2023-01-30,21.88530158996582
2023-01-31,22.035991668701172
2023-02-01,22.266456604003906
2023-02-02,22.106901168823242
2023-02-03,21.74347686767578
2023-02-06,21.53960418701172
2023-02-07,21.75234031677246
2023-02-08,21.583925247192383
2023-02-09,21.52187728881836
2023-02-10,21.424373626708984
2023-02-13,21.690292358398438
2023-02-14,21.654834747314453
2023-02-15,21.220500946044922
2023-02-16,21.131858825683594
2023-02-17,20.998899459838867
2023-02-21,20.795026779174805
2023-02-22,20.69752311706543
2023-02-23,20.70638656616211
2023-02-24,20.316370010375977
2023-02-27,20.39614486694336
2023-02-28,20.280908584594727
2023-03-01,20.46705436706543
2023-03-02,20.475919723510742
2023-03-03,20.812753677368164
2023-03-06,20.6088809967041
2023-03-07,20.156816482543945
2023-03-08,20.316370010375977
2023-03-09,20.077037811279297
2023-03-10,19.72247886657715
2023-03-13,19.598379135131836
2023-03-14,19.873165130615234
2023-03-15,19.359052658081055
2023-03-16,19.58951759338379
2023-03-17,19.474285125732422
2023-03-20,19.660430908203125
2023-03-21,19.731340408325195
2023-03-22,19.624971389770508
2023-03-23,19.536334991455078
2023-03-24,19.518604278564453
2023-03-27,19.624971389770508
2023-03-28,19.811119079589844
2023-03-29,19.997264862060547
2023-03-30,20.25432014465332
2023-03-31,20.334096908569336
2023-04-03,20.679792404174805
2023-04-04,20.52024269104004
2023-04-05,20.46705436706543
2023-04-06,20.46705436706543
2023-04-10,20.431598663330078
2023-04-11,20.6088809967041
2023-04-12,20.724111557006836
2023-04-13,20.998899459838867
2023-04-14,20.795026779174805
2023-04-17,20.786161422729492
2023-04-18,20.874801635742188
2023-04-19,20.812753677368164
2023-04-20,20.83047866821289
2023-04-21,20.6088809967041
2023-04-24,20.679792404174805
2023-04-25,20.30750274658203
2023-04-26,20.24545669555664
2023-04-27,20.493648529052734
2023-04-28,20.511375427246094
2023-05-01,20.44932746887207
2023-05-02,20.25432014465332
2023-05-03,20.10363006591797
2023-05-04,20.08590316772461
2023-05-05,20.653200149536133
2023-05-08,20.662065505981445
2023-05-09,20.5379695892334
2023-05-10,20.60001564025879
2023-05-11,20.369550704956055
2023-05-12,20.289775848388672
2023-05-15,20.52024269104004
2023-05-16,20.147951126098633
2023-05-17,20.316370010375977
2023-05-18,20.22772789001465
2023-05-19,20.387279510498047
2023-05-22,20.387279510498047
2023-05-23,20.139087677001953
2023-05-24,19.749069213867188
2023-05-25,19.554059982299805
2023-05-26,19.873165130615234
2023-05-30,19.72247886657715
2023-05-31,19.38564682006836
2023-06-01,19.828847885131836
2023-06-02,20.130220413208008
2023-06-05,19.9883975982666
2023-06-06,20.12135887145996
2023-06-07,19.91095733642578
2023-06-08,20.208948135375977
2023-06-09,20.190889358520508
2023-06-12,20.272159576416016
2023-06-13,20.524993896484375
2023-06-14,20.59723472595215
2023-06-15,20.976491928100586
2023-06-16,21.066791534423828
2023-06-20,21.030672073364258
2023-06-21,20.958431243896484
2023-06-22,20.51596450805664
2023-06-23,20.01028823852539
2023-06-26,20.028350830078125
2023-06-27,20.190889358520508
2023-06-28,20.064468383789062
2023-06-29,20.17283058166504
2023-06-30,20.362455368041992
2023-07-03,20.47081756591797
2023-07-05,20.29924774169922
2023-07-06,19.7935733795166
2023-07-07,19.95611000061035
2023-07-10,19.856781005859375
2023-07-11,20.136709213256836
2023-07-12,20.61529541015625
2023-07-13,21.157089233398438
2023-07-14,21.039701461791992
2023-07-17,20.94940185546875
2023-07-18,21.030672073364258
2023-07-19,20.940372467041016
2023-07-20,20.96746063232422
2023-07-21,20.895221710205078
2023-07-24,20.93134117126465
2023-07-25,21.130001068115234
2023-07-26,21.193206787109375
2023-07-27,20.994552612304688
2023-07-28,20.88619041442871
2023-07-31,21.09387969970703
2023-08-01,20.678503036499023
2023-08-02,20.17283058166504
2023-08-03,20.17283058166504
2023-08-04,20.290218353271484
2023-08-07,20.371488571166992
2023-08-08,20.236040115356445
2023-08-09,20.272159576416016
2023-08-10,20.26313018798828
2023-08-11,20.0915584564209
2023-08-14,19.992229461669922
2023-08-15,19.748422622680664
2023-08-16,19.531705856323242
2023-08-17,19.360137939453125
2023-08-18,19.378196716308594
2023-08-21,19.4233455657959
2023-08-22,19.324018478393555
2023-08-23,19.64006233215332
2023-08-24,19.28789710998535
2023-08-25,19.4323787689209
2023-08-28,19.60394287109375
2023-08-29,19.974172592163086
2023-08-30,20.0915584564209
2023-08-31,20.055438995361328
2023-09-01,20.0915584564209
2023-09-05,19.91095733642578
2023-09-06,19.73939323425293
2023-09-07,19.64006233215332
2023-09-08,19.59491539001465
2023-09-11,19.91095733642578
2023-09-12,19.865812301635742
2023-09-13,19.7755126953125
2023-09-14,20.163799285888672
2023-09-15,20.082530975341797
2023-09-18,20.01932144165039
2023-09-19,20.01028823852539
2023-09-20,19.91095733642578
2023-09-21,19.27886962890625
2023-09-22,19.540735244750977
2023-09-25,19.522676467895508
2023-09-26,19.269834518432617
2023-09-27,19.188566207885742
2023-09-28,19.531705856323242
2023-09-29,19.4233455657959
2023-10-02,19.026029586791992
2023-10-03,18.773193359375
2023-10-04,18.872522354125977
2023-10-05,19.04408836364746
2023-10-06,19.34207534790039
2023-10-09,19.378196716308594
2023-10-10,19.622005462646484
2023-10-11,19.622005462646484
2023-10-12,19.16147804260254
2023-10-13,19.107295989990234
2023-10-16,19.40528678894043
2023-10-17,19.486557006835938
2023-10-18,19.170509338378906
2023-10-19,18.95379066467285
2023-10-20,18.62871551513672
2023-10-23,18.66483497619629
2023-10-24,18.890581130981445
2023-10-25,18.646772384643555
2023-10-26,18.610654830932617
2023-10-27,18.556474685668945
2023-10-30,18.7822208404541
2023-10-31,18.728042602539062
2023-11-01,19.07118034362793
2023-11-02,19.45946502685547
2023-11-03,19.694244384765625
2023-11-06,19.612972259521484
2023-11-07,19.387226104736328
2023-11-08,19.4323787689209
2023-11-09,19.324018478393555
2023-11-10,19.30595588684082
2023-11-13,19.40528678894043
2023-11-14,20.037382125854492
2023-11-15,20.037382125854492
2023-11-16,19.84775161743164
2023-11-17,20.055438995361328
2023-11-20,20.190889358520508
2023-11-21,20.163799285888672
2023-11-22,20.0915584564209
2023-11-24,20.272159576416016
2023-11-27,20.100589752197266
2023-11-28,20.326339721679688
2023-11-29,20.22701072692871
2023-11-30,20.272159576416016
2023-12-01,20.70559310913086
2023-12-04,20.362455368041992
2023-12-05,20.17283058166504
2023-12-06,20.35342788696289
2023-12-07,20.534029006958008
2023-12-08,20.606264114379883
2023-12-11,20.59723472595215
2023-12-12,20.65141487121582
2023-12-13,21.32866096496582
2023-12-14,21.662765502929688
2023-12-15,21.518285751342773
2023-12-18,21.671794891357422
2023-12-19,22.1413516998291
2023-12-20,21.835472106933594
2023-12-21,22.277706146240234
2023-12-22,22.33298683166504
2023-12-26,22.517253875732422
2023-12-27,22.627811431884766
2023-12-28,22.56332015991211
2023-12-29,22.425119400024414
2024-01-02,22.25006675720215
2024-01-03,22.01973533630371
2024-01-04,21.946027755737305
2024-01-05,21.927600860595703
2024-01-08,22.084228515625
2024-01-09,21.85389518737793
2024-01-10,21.81704330444336
2024-01-11,21.798616409301758
2024-01-12,21.844682693481445
2024-01-16,21.282672882080078
2024-01-17,21.05234146118164
2024-01-18,21.245819091796875
2024-01-19,21.448511123657227
2024-01-22,21.448511123657227
2024-01-23,21.632776260375977
2024-01-24,21.651201248168945
2024-01-25,21.780187606811523
2024-01-26,21.826257705688477
2024-01-29,21.98288345336914
2024-01-30,21.927600860595703
2024-01-31,21.761764526367188
2024-02-01,21.872323989868164
2024-02-02,21.743337631225586
2024-02-05,21.522218704223633
2024-02-06,21.77097511291504
2024-02-07,21.697269439697266
2024-02-08,21.669631958007812
2024-02-09,21.789403915405273
2024-02-12,21.77097511291504
2024-02-13,21.17211151123047
2024-02-14,21.53143310546875
2024-02-15,21.881534576416016
2024-02-16,21.863109588623047
2024-02-20,21.881534576416016
2024-02-21,21.77097511291504
2024-02-22,21.98288345336914
2024-02-23,22.028947830200195
2024-02-26,21.955242156982422
2024-02-27,22.1026554107666
2024-02-28,21.844682693481445
2024-02-29,22.038162231445312
2024-03-01,22.286922454833984
2024-03-04,22.13029670715332
2024-03-05,22.0658016204834
2024-03-06,22.452760696411133
2024-03-07,22.81207847595215
2024-03-08,22.821290969848633
2024-03-11,22.489612579345703
2024-03-12,22.489612579345703
2024-03-13,22.65545082092285
2024-03-14,22.222429275512695
2024-03-15,22.139507293701172
2024-03-18,22.185575485229492
2024-03-19,22.222429275512695
2024-03-20,22.498825073242188
2024-03-21,22.498825073242188
2024-03-22,22.351415634155273
2024-03-25,22.443546295166016
2024-03-26,22.369840621948242
2024-03-27,22.71994400024414
2024-03-28,22.71994400024414
2024-04-01,22.646238327026367
2024-04-02,22.590959548950195
2024-04-03,22.637022018432617
2024-04-04,22.508037567138672
2024-04-05,22.627811431884766
2024-04-08,22.756797790527344
2024-04-09,22.894996643066406
2024-04-10,22.37905502319336
2024-04-11,22.4343318939209
2024-04-12,22.01973533630371
2024-04-15,21.863109588623047
2024-04-16,21.411657333374023
2024-04-17,21.651201248168945
2024-04-18,21.466938018798828
2024-04-19,21.522218704223633
2024-04-22,21.789403915405273
2024-04-23,21.98288345336914
2024-04-24,21.85389518737793
2024-04-25,21.724910736083984
2024-04-26,21.85389518737793
2024-04-29,22.047374725341797
2024-04-30,21.503793716430664
2024-05-01,21.549856185913086
2024-05-02,21.946027755737305
2024-05-03,22.259279251098633
2024-05-06,22.498825073242188
2024-05-07,22.692302703857422
2024-05-08,22.57253074645996
2024-05-09,22.56332015991211
2024-05-10,22.554105758666992
2024-05-13,22.590959548950195
2024-05-14,22.71994400024414
2024-05-15,23.051620483398438
2024-05-16,23.152965545654297
2024-05-17,23.25431251525879
2024-05-20,23.11611557006836
2024-05-21,23.143756866455078
2024-05-22,22.701515197753906
2024-05-23,22.57253074645996
2024-05-24,22.766010284423828
2024-05-28,22.68309211730957
2024-05-29,22.296133041381836
2024-05-30,22.508037567138672
2024-05-31,22.710729598999023
2024-06-03,22.858142852783203
2024-06-04,22.710729598999023
2024-06-05,22.98712921142578
2024-06-06,23.125329971313477
2024-06-07,22.793649673461914
2024-06-10,22.821290969848633
2024-06-11,22.585573196411133
2024-06-12,22.914262771606445
2024-06-13,22.782785415649414
2024-06-14,22.623138427734375
2024-06-17,22.68887710571289
2024-06-18,22.94243621826172
2024-06-20,22.97060775756836
2024-06-21,22.886089324951172
2024-06-24,22.97060775756836
2024-06-25,23.02695655822754
2024-06-26,22.764005661010742
2024-06-27,22.97060775756836
2024-06-28,22.94243621826172
2024-07-01,22.8579158782959
2024-07-02,22.93304443359375
2024-07-03,23.280515670776367
2024-07-05,23.43077278137207
2024-07-08,23.224166870117188
2024-07-09,23.26173210144043
2024-07-10,23.609203338623047
2024-07-11,23.72189712524414
2024-07-12,24.069364547729492
2024-07-15,23.984846115112305
2024-07-16,24.031801223754883
2024-07-17,23.862762451171875
2024-07-18,23.581029891967773
2024-07-19,23.43077278137207
2024-07-22,23.505901336669922
2024-07-23,23.374425888061523
2024-07-24,22.961217880249023
2024-07-25,22.848526000976562
2024-07-26,23.177213668823242
2024-07-29,23.017562866210938
2024-07-30,23.16781997680664
2024-07-31,23.496509552001953
2024-08-01,22.94243621826172
2024-08-02,22.55739974975586
2024-08-05,21.796720504760742
2024-08-06,22.172365188598633
2024-08-07,22.125410079956055
2024-08-08,22.641921997070312
2024-08-09,22.81096076965332
2024-08-12,22.77339744567871
2024-08-13,23.1302547454834
2024-08-14,22.989391326904297
2024-08-15,23.195995330810547
2024-08-16,23.43077278137207
2024-08-19,23.853370666503906
2024-08-20,23.72189712524414
2024-08-21,23.97545623779297
2024-08-22,23.731287002563477
2024-08-23,24.322927474975586
2024-08-26,24.294754028320312
2024-08-27,24.2477970123291
2024-08-28,24.21962547302246
2024-08-29,24.46379280090332
2024-08-30,24.294754028320312
2024-09-03,23.947280883789062
2024-09-04,23.91910743713379
2024-09-05,24.022411346435547
2024-09-06,23.590421676635742
2024-09-09,24.003625869750977
2024-09-10,23.900325775146484
2024-09-11,24.05058479309082
2024-09-12,24.46379280090332
2024-09-13,24.379270553588867
2024-09-16,24.745525360107422
2024-09-17,24.604658126831055
2024-09-18,24.557701110839844
2024-09-19,25.186906814575195
2024-09-20,24.895782470703125
2024-09-23,25.02725601196289
2024-09-24,25.24325180053711
2024-09-25,24.830045700073242
2024-09-26,25.327770233154297
2024-09-27,25.40289878845215
2024-09-30,25.459247589111328
2024-10-01,25.271425247192383
2024-10-02,25.262035369873047
2024-10-03,25.00847625732422
2024-10-04,24.848825454711914
2024-10-07,24.764305114746094
2024-10-08,24.689178466796875
2024-10-09,24.62343978881836
2024-10-10,24.717350006103516
2024-10-11,24.88639259338379
2024-10-14,24.91456413269043
2024-10-15,24.764305114746094
2024-10-16,24.848825454711914
2024-10-17,24.848825454711914
2024-10-18,24.94273567199707
2024-10-21,24.61404800415039
2024-10-22,24.548311233520508
2024-10-23,24.266578674316406
2024-10-24,24.407445907592773
2024-10-25,24.21962547302246
2024-10-28,24.322927474975586
2024-10-29,24.15388298034668
2024-10-30,24.022411346435547
2024-10-31,23.806415557861328
2024-11-01,23.900325775146484
2024-11-04,23.928497314453125
2024-11-05,24.294754028320312
2024-11-06,24.144495010375977
2024-11-07,24.858217239379883
2024-11-08,24.360490798950195
2024-11-11,24.35110092163086
2024-11-12,23.947280883789062
2024-11-13,23.95667266845703
2024-11-14,24.003625869750977
2024-11-15,24.013019561767578
2024-11-18,24.341707229614258
2024-11-19,24.548311233520508
2024-11-20,24.398056030273438
2024-11-21,24.642221450805664
2024-11-22,24.717350006103516
2024-11-25,24.717350006103516
2024-11-26,24.38866424560547
2024-11-27,24.651615142822266
2024-11-29,24.820653915405273
2024-12-02,24.75491714477539
2024-12-03,24.689178466796875
2024-12-04,24.53891944885254
2024-12-05,24.50135612487793
2024-12-06,24.13510513305664
2024-12-09,24.435619354248047
2024-12-10,24.022411346435547
2024-12-11,24.069364547729492
2024-12-12,23.665552139282227
2024-12-13,23.571638107299805
2024-12-16,23.618593215942383
2024-12-17,23.682575225830078
2024-12-18,22.899520874023438
2024-12-19,22.75628089904785
2024-12-20,22.698984146118164
2024-12-23,23.014114379882812
2024-12-24,23.109609603881836
2024-12-26,23.22420310974121
2024-12-27,22.97591781616211
2024-12-30,22.889972686767578
2024-12-31,22.784929275512695
2025-01-02,22.83267593383789
2025-01-03,23.109609603881836
2025-01-06,23.233753204345703
2025-01-07,23.128707885742188
2025-01-08,23.262401580810547
2025-01-10,22.737180709838867
2025-01-13,22.804027557373047
2025-01-14,22.899520874023438
2025-01-15,23.252851486206055
2025-01-16,23.233753204345703
2025-01-17,23.147808074951172
2025-01-21,23.682575225830078
2025-01-22,23.596630096435547
2025-01-23,23.63482666015625
2025-01-24,23.787616729736328
2025-01-27,23.749422073364258
2025-01-28,23.67302703857422
2025-01-29,23.529783248901367
2025-01-30,23.825817108154297
2025-01-31,23.501136779785156
2025-02-03,23.38654327392578
2025-02-04,23.663476943969727
2025-02-05,23.883113861083984
2025-02-06,23.997705459594727
2025-02-07,23.806718826293945
2025-02-10,23.959508895874023
2025-02-11,23.911762237548828
2025-02-12,24.121849060058594
2025-02-13,24.503826141357422
2025-02-14,24.322385787963867
2025-02-18,24.274639129638672
2025-02-19,23.911762237548828
2025-02-20,23.959508895874023
2025-02-21,23.443838119506836
2025-02-24,23.520233154296875
2025-02-25,23.434289932250977
2025-02-26,23.338796615600586
2025-02-27,22.98546600341797
2025-02-28,22.90907096862793
2025-03-03,22.87087631225586
2025-03-04,22.842226028442383
2025-03-05,23.310148239135742
2025-03-06,22.937719345092773
2025-03-07,22.813575744628906
2025-03-10,22.36475372314453
2025-03-11,22.26926040649414
2025-03-12,22.25971031188965
2025-03-13,21.982778549194336
2025-03-14,22.44114875793457
2025-03-17,22.79448127746582
2025-03-18,22.374303817749023
2025-03-19,22.58439064025879
2025-03-20,22.469797134399414
2025-03-21,22.374303817749023
2025-03-24,22.632139205932617
2025-03-25,22.737180709838867
2025-03-26,22.641687393188477
2025-03-27,22.679885864257812
2025-03-28,22.412500381469727
2025-03-31,22.383853912353516
2025-04-01,22.641687393188477
2025-04-02,22.813575744628906
2025-04-03,22.20241355895996
2025-04-04,20.197032928466797
2025-04-07,19.910552978515625
2025-04-08,19.88190269470215
2025-04-09,21.782238006591797
2025-04-10,21.342966079711914
2025-04-11,21.744041442871094
2025-04-14,22.240612030029297
2025-04-15,22.307456970214844
2025-04-16,22.36475372314453
2025-04-17,22.546192169189453
2025-04-21,22.42205047607422
2025-04-22,22.880422592163086
2025-04-23,22.918621063232422
2025-04-24,23.405641555786133
2025-04-25,23.405641555786133
2025-04-28,23.415193557739258
2025-04-29,23.443838119506836
2025-04-30,23.55843162536621
2025-05-01,23.53933334350586
2025-05-02,24.169593811035156
2025-05-05,23.864011764526367
2025-05-06,23.921310424804688
2025-05-07,23.76852035522461
2025-05-08,23.71122169494629
2025-05-09,23.883113861083984
2025-05-12,24.045452117919922
2025-05-13,24.274639129638672
2025-05-14,24.026355743408203
2025-05-15,24.398780822753906
2025-05-16,24.322385787963867
2025-05-19,24.475175857543945
2025-05-20,24.475175857543945
2025-05-21,24.265090942382812
2025-05-22,24.265090942382812
2025-05-23,24.49427604675293
2025-05-27,24.704364776611328
2025-05-28,24.408329010009766
2025-05-29,24.484724044799805
2025-05-30,24.64706802368164
2025-06-02,24.97174644470215
2025-06-03,24.89535140991211
2025-06-04,25.143638610839844
2025-06-05,25.172286987304688
2025-06-06,25.181833267211914
2025-06-09,25.248682022094727
2025-06-10,25.506515502929688
2025-06-11,25.401472091674805
2025-06-12,25.439666748046875
2025-06-13,25.13408660888672
2025-06-16,25.296005249023438
2025-06-17,24.98574447631836
2025-06-18,25.07300567626953
2025-06-20,24.772438049316406
2025-06-23,25.005136489868164
2025-06-24,25.25722312927246
2025-06-25,25.23783302307129
2025-06-26,25.625659942626953
2025-06-27,25.296005249023438
2025-06-30,25.519006729125977
2025-07-01,25.548093795776367
2025-07-02,25.73231315612793
2025-07-03,25.674137115478516
2025-07-07,25.189353942871094
2025-07-08,25.344484329223633
2025-07-09,25.44144058227539
2025-07-10,25.771093368530273
2025-07-11,25.557790756225586
2025-07-14,25.586875915527344
2025-07-15,25.276615142822266
2025-07-16,25.392963409423828
2025-07-17,25.480224609375
2025-07-18,25.645051956176758
2025-07-21,25.567485809326172
2025-07-22,25.74200439453125
2025-07-23,26.003787994384766
2025-07-24,25.771093368530273
2025-07-25,25.674137115478516
2025-07-28,25.422048568725586
2025-07-29,25.567485809326172
2025-07-30,25.35417938232422
2025-07-31,25.22813606262207
2025-08-01,25.121482849121094
2025-08-04,25.480224609375
2025-08-05,25.60626792907715
2025-08-06,25.84865951538086
2025-08-07,25.790485382080078
2025-08-08,25.81957244873047
2025-08-11,25.83896255493164
2025-08-12,26.139528274536133
2025-08-13,26.09105110168457
2025-08-14,25.926223754882812
2025-08-15,26.013484954833984
2025-08-18,26.023181915283203
2025-08-19,25.800182342529297
2025-08-20,25.88744354248047
2025-08-21,26.042573928833008
2025-08-22,26.430400848388672
2025-08-25,26.013484954833984
2025-08-26,26.14922523498535
2025-08-27,26.178312301635742
2025-08-28,26.265573501586914
2025-08-29,26.255878448486328
2025-09-02,25.955312728881836
2025-09-03,25.790485382080078
2025-09-04,26.081356048583984
2025-09-05,26.110441207885742
2025-09-08,26.178312301635742
2025-09-09,26.071659088134766
2025-09-10,26.284963607788086
2025-09-11,26.575834274291992
2025-09-12,26.411008834838867
2025-09-15,26.73096466064453
2025-09-16,26.54674530029297
2025-09-17,26.314050674438477
2025-09-18,26.071659088134766
2025-09-19,26.071659088134766
2025-09-22,26.100746154785156
2025-09-23,26.052268981933594
2025-09-24,25.664440155029297
2025-09-25,25.664440155029297
2025-09-26,25.858354568481445
2025-09-29,26.158920288085938
2025-09-30,26.178312301635742
2025-10-01,26.323747634887695
2025-10-02,26.352834701538086
2025-10-03,26.595226287841797
2025-10-06,26.52735710144043
2025-10-07,26.314050674438477
2025-10-08,26.40131187438965
2025-10-09,26.100746154785156
2025-10-10,25.63535499572754
2025-10-13,25.84865951538086
2025-10-14,25.88744354248047
2025-10-15,26.071659088134766
2025-10-16,26.14922523498535
2025-10-17,26.100746154785156
2025-10-20,26.430400848388672
2025-10-21,26.284963607788086
2025-10-22,26.24618148803711
2025-10-23,26.362529754638672
2025-10-24,26.352834701538086
2025-10-27,26.537052154541016
2025-10-28,26.68248748779297
2025-10-29,26.178312301635742
2025-10-30,26.071659088134766
2025-10-31,25.955312728881836
2025-11-03,26.023181915283203
2025-11-04,25.60626792907715
2025-11-05,25.858354568481445
2025-11-06,25.65474510192871
2025-11-07,25.63535499572754
2025-11-10,25.994094848632812
2025-11-11,25.81957244873047
2025-11-12,25.771093368530273
2025-11-13,25.150571823120117
2025-11-14,25.160266876220703
2025-11-17,24.859699249267578
2025-11-18,24.627004623413086
2025-11-19,24.530046463012695
2025-11-20,24.19070053100586
2025-11-21,24.55913543701172
2025-11-24,24.665788650512695
2025-11-25,24.84031105041504
2025-11-26,25.034221649169922
2025-11-28,25.063310623168945
2025-12-01,24.94696044921875
2025-12-02,25.1408748626709
2025-12-03,25.334787368774414
2025-12-04,25.489919662475586
2025-12-05,25.53839874267578
2025-12-08,25.44144058227539
2025-12-09,25.548093795776367
2025-12-10,25.83896255493164
2025-12-11,25.829265594482422
2025-12-12,25.712921142578125
2025-12-15,25.615962982177734
2025-12-16,25.462125778198242
2025-12-17,25.225452423095703
2025-12-18,25.4522647857666
2025-12-19,25.52129364013672
2025-12-22,25.787551879882812
2025-12-23,26.24117660522461
2025-12-24,26.23131561279297
2025-12-26,26.310205459594727
2025-12-29,26.112977981567383
2025-12-30,26.043947219848633
2025-12-31,25.826997756958008
2026-01-02,26.10311508178711
2026-01-05,26.24117660522461
2026-01-06,26.122838973999023
2026-01-07,25.9058895111084
2026-01-08,26.00450325012207
2026-01-09,25.896028518676758
2026-01-12,26.08339500427246
2026-01-13,26.043947219848633
2026-01-14,26.172147750854492
2026-01-15,26.280620574951172
2026-01-16,26.369373321533203
2026-01-20,26.09325408935547
2026-01-21,26.32992935180664
2026-01-22,26.694799423217773
2026-01-23,27.000503540039062
2026-01-26,27.237178802490234
2026-01-27,27.848583221435547
2026-01-28,27.77955436706543
2026-01-29,28.02608871459961
2026-01-30,27.365375518798828
2026-02-02,27.562604904174805
2026-02-03,27.730247497558594
2026-02-04,27.957059860229492
2026-02-05,27.45412826538086
2026-02-06,27.838722229003906
2026-02-09,28.43040657043457
2026-02-10,28.243038177490234
2026-02-11,28.893890380859375
2026-02-12,28.696664810180664
2026-02-13,28.75583267211914
2026-02-17,28.91361427307129
2026-02-18,28.90375328063965
2026-02-19,28.962923049926758
2026-02-20,29.288349151611328
2026-02-23,29.041812896728516
2026-02-24,29.170011520385742
2026-02-25,29.741971969604492
2026-02-26,29.722248077392578
2026-02-27,29.672943115234375
2026-03-02,29.515159606933594
2026-03-03,28.68680191040039
2026-03-04,28.943199157714844
2026-03-05,28.213455200195312
2026-03-06,27.937335968017578
2026-03-09,28.459991455078125
2026-03-10,28.548744201660156
2026-03-11,28.59804916381836
2026-03-12,28.02608871459961
2026-03-13,27.592187881469727
2026-03-16,28.282485961914062
2026-03-17,28.302207946777344
2026-03-18,27.611909866333008
2026-03-19,27.86830711364746
2026-03-20,26.921611785888672
2026-03-23,27.70066261291504
2026-03-24,27.178009033203125
2026-03-25,27.414682388305664
2026-03-26,26.793415069580078
2026-03-27,26.83285903930664
2026-03-30,26.763830184936523
2026-03-31,27.37523651123047
2026-04-01,27.70066261291504
2026-04-02,27.710525512695312
2026-04-06,27.828861236572266
2026-04-07,28.144426345825195
2026-04-08,29.110843658447266
2026-04-09,29.357378005981445
2026-04-10,29.426406860351562
2026-04-13,29.73211097717285
2026-04-14,29.761695861816406
2026-04-15,29.840585708618164
2026-04-16,29.515159606933594
2026-04-17,29.791278839111328
2026-04-20,29.633495330810547
2026-04-21,29.071395874023438
2026-04-22,29.022090911865234
2026-04-23,28.864307403564453
2026-04-24,28.76569366455078
2026-04-27,28.785417556762695
2026-04-28,28.66707992553711
2026-04-29,28.223318099975586
2026-04-30,29.08125877380371
2026-05-01,28.864307403564453
2026-05-04,28.479711532592773
2026-05-05,28.785417556762695
2026-05-06,29.70252799987793
2026-05-07,29.071395874023438
2026-05-08,29.130565643310547
2026-05-11,29.179872512817383
2026-05-12,28.91361427307129
2026-05-13,28.716386795043945
2026-05-14,28.874170303344727
2026-05-15,28.321929931640625
2026-05-18,28.410682678222656
2026-05-19,28.134565353393555
2026-05-20,28.499435424804688
2026-05-21,28.58818817138672
2026-05-22,28.381099700927734
2026-05-26,28.548744201660156
2026-05-27,28.529020309448242
2026-05-28,28.568464279174805
2026-05-29,28.844585418701172
2026-06-01,28.726247787475586
2026-06-02,29.061534881591797
2026-06-03,28.736108779907227
2026-06-04,28.637496948242188
2026-06-05,27.671077728271484
2026-06-08,27.680940628051758
2026-06-09,27.85844612121582
2026-06-10,27.78941535949707
2026-06-11,28.558603286743164
2026-06-12,28.815000534057617
2026-06-15,28.600000381469727
2026-06-16,28.979999542236328
2026-06-17,28.649999618530273
2026-06-18,28.559999465942383
2026-06-22,28.450000762939453
2026-06-23,28.020000457763672
2026-06-24,27.90999984741211
2026-06-25,27.93000030517578
2026-06-26,27.969999313354492
2026-06-29,28.110000610351562
2026-06-30,28.15999984741211
2026-07-01,27.700000762939453
2026-07-02,28.09000015258789
2026-07-06,28.329999923706055
2026-07-07,28.1299991607666
2026-07-08,28.1200008392334
2026-07-09,28.200000762939453
2026-07-10,28.450000762939453
2026-07-13,28.350000381469727
2026-07-14,28.709999084472656
2026-07-15,28.799999237060547
2026-07-16,28.6299991607666
2026-07-17,28.75
2026-07-20,28.520000457763672
2026-07-21,28.68000030517578
2026-07-22,28.860000610351562
2026-07-23,28.489999771118164
2026-07-24,28.719999313354492
2026-07-27,28.8799991607666
2026-07-28,29.31999969482422
2026-07-29,29.110000610351562
2026-07-30,29.81999969482422
2026-07-31,29.34000015258789
2026-08-03,29.399999618530273
2026-08-04,30.1200008392334
2026-08-05,30.139999389648438
2026-08-06,30.15999984741211
2026-08-07,30.40999984741211
2026-08-10,30.049999237060547
2026-08-11,29.950000762939453
2026-08-12,29.889999389648438
2026-08-13,29.739999771118164
2026-08-14,29.649999618530273
2026-08-17,29.549999237060547
2026-08-18,29.610000610351562
2026-08-19,29.969999313354492
2026-08-20,29.75
2026-08-21,30.139999389648438
2026-08-24,30.059999465942383
2026-08-25,30.43000030517578
2026-08-26,30.149999618530273
2026-08-27,30.110000610351562
2026-08-28,30.0
2026-08-31,30.020000457763672
2026-09-01,29.68000030517578
2026-09-02,30.030000686645508
2026-09-03,30.3700008392334
2026-09-04,30.229999542236328
2026-09-08,30.0
2026-09-09,29.6200008392334
2026-09-10,29.079999923706055
2026-09-11,29.270000457763672
2026-09-14,29.059999465942383
2026-09-15,28.889999389648438
2026-09-16,28.489999771118164
2026-09-17,29.1299991607666
2026-09-18,28.75
2026-09-21,29.040000915527344
2026-09-22,29.09000015258789
2026-09-23,28.360000610351562
2026-09-24,28.309999465942383
2026-09-25,28.43000030517578
2026-09-28,28.5
2026-09-29,28.3700008392334
2026-09-30,28.309999465942383
2026-10-01,27.989999771118164
2026-10-02,28.31999969482422
2026-10-05,28.43000030517578
2026-10-06,28.549999237060547
2026-10-07,28.229999542236328
