date,adjclose
2011-10-10,29.197307586669922
2011-10-11,28.95450782775879
2011-10-12,29.136606216430664
2011-10-13,29.136606216430664
2011-10-14,29.197307586669922
2011-10-17,29.075916290283203
2011-10-18,29.34906578063965
2011-10-19,28.893814086914062
2011-10-20,28.802757263183594
2011-10-21,29.106264114379883
2011-10-24,29.40977668762207
2011-10-25,28.98486328125
2011-10-26,29.045560836791992
2011-10-27,30.168533325195312
2011-10-28,30.28994369506836
2011-10-31,28.52960968017578
2011-11-01,28.165395736694336
2011-11-02,28.256444931030273
2011-11-03,28.468904495239258
2011-11-04,28.408203125
2011-11-07,28.6510009765625
2011-11-08,28.52960968017578
2011-11-09,28.013641357421875
2011-11-10,27.983293533325195
2011-11-11,28.286800384521484
2011-11-14,28.165395736694336
2011-11-15,28.165395736694336
2011-11-16,27.649433135986328
2011-11-17,27.679786682128906
2011-11-18,27.801183700561523
2011-11-21,27.25486946105957
2011-11-22,27.46733283996582
2011-11-23,26.8299617767334
2011-11-25,26.8299617767334
2011-11-28,27.588729858398438
2011-11-29,27.71013641357422
2011-11-30,28.620662689208984
2011-12-01,28.226097106933594
2011-12-02,28.31714630126953
2011-12-05,28.52960968017578
2011-12-06,28.195737838745117
2011-12-07,28.590299606323242
2011-12-08,27.89223861694336
2011-12-09,28.52960968017578
2011-12-12,28.043994903564453
2011-12-13,27.922578811645508
2011-12-14,27.619089126586914
2011-12-15,27.558378219604492
2011-12-16,27.46733283996582
2011-12-19,27.072771072387695
2011-12-20,27.766948699951172
2011-12-21,27.490503311157227
2011-12-22,27.674800872802734
2011-12-23,27.889801025390625
2011-12-27,27.551937103271484
2011-12-28,27.21406364440918
2011-12-29,27.766948699951172
2011-12-30,27.98195457458496
2012-01-03,28.534835815429688
2012-01-04,28.504121780395508
2012-01-05,28.166248321533203
2012-01-06,27.859085083007812
2012-01-09,27.95123291015625
2012-01-10,28.289106369018555
2012-01-11,28.166248321533203
2012-01-12,28.04338264465332
2012-01-13,28.104816436767578
2012-01-17,28.104816436767578
2012-01-18,28.44268798828125
2012-01-19,28.657697677612305
2012-01-20,29.026287078857422
2012-01-23,29.149141311645508
2012-01-24,28.87270736694336
2012-01-25,29.24129295349121
2012-01-26,29.179866790771484
2012-01-27,29.33344268798828
2012-01-30,29.149141311645508
2012-01-31,29.33344268798828
2012-02-01,29.517736434936523
2012-02-02,29.609888076782227
2012-02-03,29.702030181884766
2012-02-06,29.609888076782227
2012-02-07,29.917036056518555
2012-02-08,30.039897918701172
2012-02-09,29.94775390625
2012-02-10,29.579158782958984
2012-02-13,29.88631820678711
2012-02-14,29.794178009033203
2012-02-15,30.285619735717773
2012-02-16,30.592782974243164
2012-02-17,30.623497009277344
2012-02-21,30.592782974243164
2012-02-22,30.68492889404297
2012-02-23,30.86922836303711
2012-02-24,30.930646896362305
2012-02-27,30.74636459350586
2012-02-28,31.237817764282227
2012-02-29,30.68492889404297
2012-03-01,30.86922836303711
2012-03-02,30.56206512451172
2012-03-05,30.377779006958008
2012-03-06,30.132049560546875
2012-03-07,30.31633949279785
2012-03-08,30.838510513305664
2012-03-09,30.961368560791016
2012-03-12,30.654218673706055
2012-03-13,30.930646896362305
2012-03-14,30.592782974243164
2012-03-15,30.838510513305664
2012-03-16,31.022802352905273
2012-03-19,31.11495018005371
2012-03-20,30.80779457092285
2012-03-21,30.654218673706055
2012-03-22,30.68492889404297
2012-03-23,30.68492889404297
2012-03-26,30.899940490722656
2012-03-27,31.145660400390625
2012-03-28,31.207096099853516
2012-03-29,31.176374435424805
2012-03-30,31.268526077270508
2012-04-02,31.299236297607422
2012-04-03,30.899940490722656
2012-04-04,30.193477630615234
2012-04-05,30.193477630615234
2012-04-09,30.009183883666992
2012-04-10,29.640592575073242
2012-04-11,30.039897918701172
2012-04-12,30.193477630615234
2012-04-13,29.855606079101562
2012-04-16,29.917036056518555
2012-04-17,30.101327896118164
2012-04-18,30.039897918701172
2012-04-19,29.855606079101562
2012-04-20,29.917036056518555
2012-04-23,29.579158782958984
2012-04-24,29.763460159301758
2012-04-25,29.917036056518555
2012-04-26,30.070619583129883
2012-04-27,29.978469848632812
2012-04-30,29.917036056518555
2012-05-01,29.609888076782227
2012-05-02,29.456308364868164
2012-05-03,29.210582733154297
2012-05-04,28.995561599731445
2012-05-07,29.118431091308594
2012-05-08,28.87270736694336
2012-05-09,28.626976013183594
2012-05-10,28.749841690063477
2012-05-11,28.44268798828125
2012-05-14,28.135536193847656
2012-05-15,27.766948699951172
2012-05-16,27.45978546142578
2012-05-17,27.705516815185547
2012-05-18,27.30621337890625
2012-05-21,27.5826473236084
2012-05-22,27.551937103271484
2012-05-23,27.33692741394043
2012-05-24,27.21406364440918
2012-05-25,27.060482025146484
2012-05-29,27.398361206054688
2012-05-30,27.029769897460938
2012-05-31,27.30621337890625
2012-06-01,26.569026947021484
2012-06-04,26.876192092895508
2012-06-05,27.21406364440918
2012-06-06,27.64407730102539
2012-06-07,27.45978546142578
2012-06-08,27.21406364440918
2012-06-11,27.091196060180664
2012-06-12,27.398361206054688
2012-06-13,27.244775772094727
2012-06-14,27.45978546142578
2012-06-15,27.859085083007812
2012-06-18,27.920515060424805
2012-06-19,28.0740966796875
2012-06-20,28.3198184967041
2012-06-21,27.910476684570312
2012-06-22,28.096540451049805
2012-06-25,27.662385940551758
2012-06-26,27.972501754760742
2012-06-27,28.1895751953125
2012-06-28,28.59271812438965
2012-06-29,29.181949615478516
2012-07-02,29.088912963867188
2012-07-03,29.461057662963867
2012-07-05,29.088912963867188
2012-07-06,28.96487045288086
2012-07-09,28.80980682373047
2012-07-10,28.499692916870117
2012-07-11,28.561716079711914
2012-07-12,28.12755584716797
2012-07-13,28.406661987304688
2012-07-16,28.282615661621094
2012-07-17,28.15856170654297
2012-07-18,28.25160026550293
2012-07-19,28.46868896484375
2012-07-20,27.786426544189453
2012-07-23,27.414287567138672
2012-07-24,27.166194915771484
2012-07-25,27.166194915771484
2012-07-26,27.56934928894043
2012-07-27,28.065534591674805
2012-07-30,27.910476684570312
2012-07-31,27.87946319580078
2012-08-01,27.786426544189453
2012-08-02,27.662385940551758
2012-08-03,27.972501754760742
2012-08-06,28.25160026550293
2012-08-07,28.59271812438965
2012-08-08,28.53070831298828
2012-08-09,28.59271812438965
2012-08-10,28.62373924255371
2012-08-13,28.561716079711914
2012-08-14,28.53070831298828
2012-08-15,28.375648498535156
2012-08-16,28.74778938293457
2012-08-17,28.96487045288086
2012-08-20,28.902835845947266
2012-08-21,28.902835845947266
2012-08-22,28.871828079223633
2012-08-23,28.871828079223633
2012-08-24,28.840824127197266
2012-08-27,28.74778938293457
2012-08-28,28.499692916870117
2012-08-29,28.59271812438965
2012-08-30,28.065534591674805
2012-08-31,28.096540451049805
2012-09-04,27.724393844604492
2012-09-05,27.383272171020508
2012-09-06,27.755413055419922
2012-09-07,28.12755584716797
2012-09-10,28.12755584716797
2012-09-11,28.25160026550293
2012-09-12,28.561716079711914
2012-09-13,29.026884078979492
2012-09-14,29.337013244628906
2012-09-17,29.057899475097656
2012-09-18,29.119932174682617
2012-09-19,29.181949615478516
2012-09-20,28.871828079223633
2012-09-21,29.026884078979492
2012-09-24,28.96487045288086
2012-09-25,28.96487045288086
2012-09-26,28.654752731323242
2012-09-27,28.99587631225586
2012-09-28,28.43766975402832
2012-10-01,28.344633102416992
2012-10-02,28.220584869384766
2012-10-03,28.096540451049805
2012-10-04,28.43766975402832
2012-10-05,28.43766975402832
2012-10-08,28.282615661621094
2012-10-09,27.81744384765625
2012-10-10,27.600357055664062
2012-10-11,27.755413055419922
2012-10-12,27.786426544189453
2012-10-15,27.972501754760742
2012-10-16,28.375648498535156
2012-10-17,28.53070831298828
2012-10-18,28.71677589416504
2012-10-19,28.344633102416992
2012-10-22,28.74778938293457
2012-10-23,28.15856170654297
2012-10-24,28.220584869384766
2012-10-25,28.43766975402832
2012-10-26,28.282615661621094
2012-10-31,28.096540451049805
2012-11-01,28.375648498535156
2012-11-02,28.15856170654297
2012-11-05,28.15856170654297
2012-11-06,28.220584869384766
2012-11-07,27.87946319580078
2012-11-08,27.755413055419922
2012-11-09,27.755413055419922
2012-11-12,27.47631072998047
2012-11-13,27.50731658935547
2012-11-14,27.166194915771484
2012-11-15,27.600357055664062
2012-11-16,28.096540451049805
2012-11-19,28.499692916870117
2012-11-20,28.43766975402832
2012-11-21,28.46868896484375
2012-11-23,28.80980682373047
2012-11-26,28.80980682373047
2012-11-27,28.654752731323242
2012-11-28,28.685766220092773
2012-11-29,29.026884078979492
2012-11-30,28.93385887145996
2012-12-03,28.80980682373047
2012-12-04,28.840824127197266
2012-12-05,28.840824127197266
2012-12-06,28.99587631225586
2012-12-07,29.088912963867188
2012-12-10,28.99587631225586
2012-12-11,28.96487045288086
2012-12-12,29.088912963867188
2012-12-13,28.96487045288086
2012-12-14,29.119932174682617
2012-12-17,29.399036407470703
2012-12-18,29.84100341796875
2012-12-19,30.31119155883789
2012-12-20,30.718673706054688
2012-12-21,30.530607223510742
2012-12-24,30.530607223510742
2012-12-26,30.499263763427734
2012-12-27,30.530607223510742
2012-12-28,30.31119155883789
2012-12-31,30.561952590942383
2013-01-02,31.31424331665039
2013-01-03,31.032133102416992
2013-01-04,30.906755447387695
2013-01-07,30.6246395111084
2013-01-08,30.21714973449707
2013-01-09,30.6246395111084
2013-01-10,30.875408172607422
2013-01-11,30.969453811645508
2013-01-14,31.157508850097656
2013-01-15,31.06348419189453
2013-01-16,30.687345504760742
2013-01-17,30.812713623046875
2013-01-18,30.93809700012207
2013-01-22,30.6246395111084
2013-01-23,30.373878479003906
2013-01-24,30.718673706054688
2013-01-25,30.93809700012207
2013-01-28,30.467912673950195
2013-01-29,30.875408172607422
2013-01-30,31.188861846923828
2013-01-31,31.251556396484375
2013-02-01,31.157508850097656
2013-02-04,31.188861846923828
2013-02-05,31.09483528137207
2013-02-06,31.502323150634766
2013-02-07,31.59634780883789
2013-02-08,31.470970153808594
2013-02-11,31.81578254699707
2013-02-12,31.59634780883789
2013-02-13,31.470970153808594
2013-02-14,31.157508850097656
2013-02-15,31.06348419189453
2013-02-19,31.533666610717773
2013-02-20,31.627704620361328
2013-02-21,31.251556396484375
2013-02-22,31.753089904785156
2013-02-25,31.31424331665039
2013-02-26,31.90981101989746
2013-02-27,31.87847900390625
2013-02-28,32.00385284423828
2013-03-01,32.31731033325195
2013-03-04,32.5053825378418
2013-03-05,32.56807327270508
2013-03-06,32.975563049316406
2013-03-07,32.662105560302734
2013-03-08,32.81884002685547
2013-03-11,33.00690841674805
2013-03-12,32.662105560302734
2013-03-13,32.85017776489258
2013-03-14,33.03825759887695
2013-03-15,33.351707458496094
2013-03-18,33.194984436035156
2013-03-19,33.38304901123047
2013-03-20,33.633819580078125
2013-03-21,33.633819580078125
2013-03-22,33.75920104980469
2013-03-25,33.44573974609375
2013-03-26,33.75920104980469
2013-03-27,33.91593551635742
2013-03-28,33.85324478149414
2013-04-01,32.53672409057617
2013-04-02,32.944217681884766
2013-04-03,32.81884002685547
2013-04-04,34.16669845581055
2013-04-05,34.35477066040039
2013-04-08,34.69957733154297
2013-04-09,34.417457580566406
2013-04-10,35.138404846191406
2013-04-11,35.5458984375
2013-04-12,35.60858917236328
2013-04-15,35.32648468017578
2013-04-16,35.671287536621094
2013-04-17,35.4205207824707
2013-04-18,35.16975784301758
2013-04-19,35.5458984375
2013-04-22,35.51456069946289
2013-04-23,35.859352111816406
2013-04-24,36.07878112792969
2013-04-25,36.266849517822266
2013-04-26,36.172813415527344
2013-04-29,36.392234802246094
2013-04-30,36.674339294433594
2013-05-01,36.266849517822266
2013-05-02,36.423580169677734
2013-05-03,36.92510986328125
2013-05-06,36.76837921142578
2013-05-07,36.8310661315918
2013-05-08,37.144527435302734
2013-05-09,36.8624153137207
2013-05-10,36.8624153137207
2013-05-13,37.33259582519531
2013-05-14,37.58336639404297
2013-05-15,37.92817306518555
2013-05-16,37.36394500732422
2013-05-17,37.959510803222656
2013-05-20,38.21027755737305
2013-05-21,38.42969512939453
2013-05-22,38.02220916748047
2013-05-23,36.423580169677734
2013-05-24,35.76533126831055
2013-05-28,35.5458984375
2013-05-29,34.95033645629883
2013-05-30,34.76226806640625
2013-05-31,33.9786262512207
2013-06-03,33.57113265991211
2013-06-04,34.54283905029297
2013-06-05,33.2263298034668
2013-06-06,33.194984436035156
2013-06-07,34.48015213012695
2013-06-10,34.91899108886719
2013-06-11,34.22938919067383
2013-06-12,34.323421478271484
2013-06-13,35.138404846191406
2013-06-14,34.04131317138672
2013-06-17,34.95033645629883
2013-06-18,35.5458984375
2013-06-19,35.1070671081543
2013-06-20,33.665164947509766
2013-06-21,34.88764572143555
2013-06-24,33.91593551635742
2013-06-25,34.35477066040039
2013-06-26,34.198036193847656
2013-06-27,35.0385856628418
2013-06-28,35.32191848754883
2013-07-01,35.76265335083008
2013-07-02,36.014495849609375
2013-07-03,36.04598617553711
2013-07-05,36.518211364746094
2013-07-08,36.26636505126953
2013-07-09,36.45524597167969
2013-07-10,36.32932662963867
2013-07-11,37.399681091308594
2013-07-12,37.33672332763672
2013-07-15,37.68301010131836
2013-07-16,37.36819839477539
2013-07-17,37.71449279785156
2013-07-18,37.90337371826172
2013-07-19,37.620052337646484
2013-07-22,37.71449279785156
2013-07-23,37.68301010131836
2013-07-24,37.36819839477539
2013-07-25,36.67560958862305
2013-07-26,35.82562255859375
2013-07-29,35.0385856628418
2013-07-30,35.35340118408203
2013-07-31,35.32191848754883
2013-08-01,36.2978401184082
2013-08-02,36.86450958251953
2013-08-05,36.95893859863281
2013-08-06,36.99042510986328
2013-08-07,36.2978401184082
2013-08-08,36.10895919799805
2013-08-09,36.14043426513672
2013-08-12,36.10895919799805
2013-08-13,36.42376708984375
2013-08-14,36.2348747253418
2013-08-15,35.731178283691406
2013-08-16,35.731178283691406
2013-08-19,35.63672637939453
2013-08-20,35.32191848754883
2013-08-21,34.81822204589844
2013-08-22,35.0385856628418
2013-08-23,35.63672637939453
2013-08-26,35.227481842041016
2013-08-27,34.84970474243164
2013-08-28,34.94415283203125
2013-08-29,34.912662506103516
2013-08-30,34.22007751464844
2013-09-03,35.070072174072266
2013-09-04,35.605255126953125
2013-09-05,35.51081466674805
2013-09-06,35.63672637939453
2013-09-09,36.549678802490234
2013-09-10,36.8330192565918
2013-09-11,36.5811767578125
2013-09-12,36.32932662963867
2013-09-13,36.518211364746094
2013-09-16,36.99042510986328
2013-09-17,36.8330192565918
2013-09-18,37.966339111328125
2013-09-19,37.7774543762207
2013-09-20,37.462642669677734
2013-09-23,37.58856964111328
2013-09-24,37.620052337646484
2013-09-25,37.52560043334961
2013-09-26,38.12374496459961
2013-09-27,37.84041213989258
2013-09-30,37.52560043334961
2013-10-01,37.36819839477539
2013-10-02,37.1793212890625
2013-10-03,36.8959846496582
2013-10-04,36.95893859863281
2013-10-07,36.26636505126953
2013-10-08,36.14043426513672
2013-10-09,36.99042510986328
2013-10-10,37.52560043334961
2013-10-11,37.58856964111328
2013-10-14,37.651527404785156
2013-10-15,37.33672332763672
2013-10-16,37.68301010131836
2013-10-17,37.99782180786133
2013-10-18,38.02930450439453
2013-10-21,38.06077575683594
2013-10-22,38.24967575073242
2013-10-23,37.462642669677734
2013-10-24,37.84041213989258
2013-10-25,37.27375030517578
2013-10-28,37.399681091308594
2013-10-29,37.68301010131836
2013-10-30,37.68301010131836
2013-10-31,37.49412155151367
2013-11-01,37.084869384765625
2013-11-04,37.116355895996094
2013-11-05,36.80154037475586
2013-11-06,37.30523681640625
2013-11-07,36.61264419555664
2013-11-08,36.8959846496582
2013-11-11,36.8330192565918
2013-11-12,37.30523681640625
2013-11-13,37.58856964111328
2013-11-14,37.90337371826172
2013-11-15,38.438568115234375
2013-11-18,38.37559509277344
2013-11-19,38.155242919921875
2013-11-20,38.155242919921875
2013-11-21,38.3126335144043
2013-11-22,38.281158447265625
2013-11-25,37.99782180786133
2013-11-26,37.84041213989258
2013-11-27,37.99782180786133
2013-11-29,37.966339111328125
2013-12-02,37.87189865112305
2013-12-03,37.71449279785156
2013-12-04,37.4311637878418
2013-12-05,37.116355895996094
2013-12-06,37.58856964111328
2013-12-09,37.58856964111328
2013-12-10,37.651527404785156
2013-12-11,37.30523681640625
2013-12-12,37.4311637878418
2013-12-13,37.116355895996094
2013-12-16,36.8959846496582
2013-12-17,36.92746353149414
2013-12-18,37.650665283203125
2013-12-19,37.333465576171875
2013-12-20,37.46036148071289
2013-12-23,37.80925369262695
2013-12-24,37.3017578125
2013-12-26,37.9044189453125
2013-12-27,38.0947265625
2013-12-30,38.44364929199219
2013-12-31,38.507080078125
2014-01-02,37.87268829345703
2014-01-03,38.0947265625
2014-01-06,37.96785354614258
2014-01-07,38.12643814086914
2014-01-08,38.18988037109375
2014-01-09,38.063011169433594
2014-01-10,38.31676483154297
2014-01-13,38.063011169433594
2014-01-14,37.96785354614258
2014-01-15,38.253326416015625
2014-01-16,38.12643814086914
2014-01-17,38.22159957885742
2014-01-21,38.2850456237793
2014-01-22,38.380210876464844
2014-01-23,37.61894989013672
2014-01-24,37.047996520996094
2014-01-27,36.572200775146484
2014-01-28,36.88939666748047
2014-01-29,36.85768508911133
2014-01-30,36.92112731933594
2014-01-31,35.93782424926758
2014-02-03,35.208282470703125
2014-02-04,35.2400016784668
2014-02-05,35.303443908691406
2014-02-06,35.715789794921875
2014-02-07,36.28671646118164
2014-02-10,36.12813949584961
2014-02-11,36.63564682006836
2014-02-12,36.572200775146484
2014-02-13,36.25502014160156
2014-02-14,36.09642791748047
2014-02-18,36.88939666748047
2014-02-19,36.44533920288086
2014-02-20,36.22330856323242
2014-02-21,36.50878143310547
2014-02-24,36.92112731933594
2014-02-25,36.794254302978516
2014-02-26,36.63564682006836
2014-02-27,36.63564682006836
2014-02-28,36.82596206665039
2014-03-03,35.969547271728516
2014-03-04,36.88939666748047
2014-03-05,36.47705078125
2014-03-06,37.17487716674805
2014-03-07,36.92112731933594
2014-03-10,36.762535095214844
2014-03-11,36.381900787353516
2014-03-12,36.032981872558594
2014-03-13,35.430320739746094
2014-03-14,35.017967224121094
2014-03-17,35.398597717285156
2014-03-18,35.366878509521484
2014-03-19,35.17656707763672
2014-03-20,34.66905975341797
2014-03-21,34.51046371459961
2014-03-24,34.63733673095703
2014-03-25,34.795936584472656
2014-03-26,35.049678802490234
2014-03-27,35.55720138549805
2014-03-28,35.93782424926758
2014-03-31,35.93782424926758
2014-04-01,36.032981872558594
2014-04-02,36.35017395019531
2014-04-03,36.15986633300781
2014-04-04,36.001258850097656
2014-04-07,35.65235137939453
2014-04-08,34.8911018371582
2014-04-09,35.398597717285156
2014-04-10,34.38358688354492
2014-04-11,34.25670623779297
2014-04-14,34.73249053955078
2014-04-15,34.70077896118164
2014-04-16,35.366878509521484
2014-04-17,35.462032318115234
2014-04-21,35.462032318115234
2014-04-22,35.208282470703125
2014-04-23,35.303443908691406
2014-04-24,35.17656707763672
2014-04-25,34.954524993896484
2014-04-28,35.144840240478516
2014-04-29,35.2400016784668
2014-04-30,35.144840240478516
2014-05-01,35.58891296386719
2014-05-02,35.52547836303711
2014-05-05,35.430320739746094
2014-05-06,35.33515930175781
2014-05-07,35.17656707763672
2014-05-08,35.049678802490234
2014-05-09,35.33515930175781
2014-05-12,35.366878509521484
2014-05-13,35.84266662597656
2014-05-14,35.65235137939453
2014-05-15,35.303443908691406
2014-05-16,35.366878509521484
2014-05-19,35.430320739746094
2014-05-20,35.017967224121094
2014-05-21,35.430320739746094
2014-05-22,35.77922821044922
2014-05-23,36.12813949584961
2014-05-27,36.41361618041992
2014-05-28,36.25502014160156
2014-05-29,36.66737365722656
2014-05-30,36.73080825805664
2014-06-02,37.17487716674805
2014-06-03,37.11142349243164
2014-06-04,37.36518096923828
2014-06-05,37.46036148071289
2014-06-06,37.46036148071289
2014-06-09,37.42863082885742
2014-06-10,37.11142349243164
2014-06-11,37.20659255981445
2014-06-12,37.333465576171875
2014-06-13,37.523780822753906
2014-06-16,37.523780822753906
2014-06-17,37.46036148071289
2014-06-18,37.96785354614258
2014-06-19,38.63396072387695
2014-06-20,38.66568374633789
2014-06-23,38.34847640991211
2014-06-24,38.34847640991211
2014-06-25,38.482608795166016
2014-06-26,38.3548698425293
2014-06-27,38.25906753540039
2014-06-30,38.45067596435547
2014-07-01,39.1213264465332
2014-07-02,39.0255241394043
2014-07-03,38.89778518676758
2014-07-07,38.6103515625
2014-07-08,38.482608795166016
2014-07-09,38.738094329833984
2014-07-10,38.06744384765625
2014-07-11,38.13131332397461
2014-07-14,38.57842254638672
2014-07-15,38.70616912841797
2014-07-16,38.77003860473633
2014-07-17,38.514549255371094
2014-07-18,38.70616912841797
2014-07-21,38.64229965209961
2014-07-22,38.77003860473633
2014-07-23,38.80197525024414
2014-07-24,38.6103515625
2014-07-25,38.738094329833984
2014-07-28,38.96165084838867
2014-07-29,38.8658447265625
2014-07-30,38.89778518676758
2014-07-31,38.32293701171875
2014-08-01,38.29100036621094
2014-08-04,38.3548698425293
2014-08-05,37.74808883666992
2014-08-06,37.556480407714844
2014-08-07,37.42873764038086
2014-08-08,37.49260330200195
2014-08-11,37.843902587890625
2014-08-12,37.780025482177734
2014-08-13,38.09939193725586
2014-08-14,38.16325759887695
2014-08-15,38.22712707519531
2014-08-18,38.3548698425293
2014-08-19,38.38679122924805
2014-08-20,38.16325759887695
2014-08-21,38.3548698425293
2014-08-22,38.06744384765625
2014-08-25,38.195186614990234
2014-08-26,38.00357437133789
2014-08-27,37.843902587890625
2014-08-28,37.74808883666992
2014-08-29,37.68423080444336
2014-09-02,38.06744384765625
2014-09-03,38.09939193725586
2014-09-04,37.971641540527344
2014-09-05,37.81196212768555
2014-09-08,37.780025482177734
2014-09-09,37.46066665649414
2014-09-10,37.87584686279297
2014-09-11,37.780025482177734
2014-09-12,37.65228271484375
2014-09-15,37.68423080444336
2014-09-16,37.74808883666992
2014-09-17,37.42873764038086
2014-09-18,37.65228271484375
2014-09-19,37.716163635253906
2014-09-22,37.68423080444336
2014-09-23,37.62034225463867
2014-09-24,37.843902587890625
2014-09-25,37.74808883666992
2014-09-26,38.03551483154297
2014-09-29,37.81196212768555
2014-09-30,37.58841323852539
2014-10-01,36.981632232666016
2014-10-02,36.2790412902832
2014-10-03,36.72614669799805
2014-10-06,36.63034439086914
2014-10-07,36.40679168701172
2014-10-08,36.63034439086914
2014-10-09,35.704193115234375
2014-10-10,35.19322204589844
2014-10-13,34.873870849609375
2014-10-14,35.0974235534668
2014-10-15,34.90580749511719
2014-10-16,34.77805709838867
2014-10-17,34.937740325927734
2014-10-20,35.64032745361328
2014-10-21,35.57645034790039
2014-10-22,35.608394622802734
2014-10-23,35.831939697265625
2014-10-24,35.959686279296875
2014-10-27,36.0235595703125
2014-10-28,36.21517562866211
2014-10-29,36.40679168701172
2014-10-30,36.6942138671875
2014-10-31,38.514549255371094
2014-11-03,38.77003860473633
2014-11-04,37.74808883666992
2014-11-05,37.556480407714844
2014-11-06,37.07743835449219
2014-11-07,36.9496955871582
2014-11-10,37.23711013793945
2014-11-11,37.46066665649414
2014-11-12,37.26905059814453
2014-11-13,37.58841323852539
2014-11-14,37.58841323852539
2014-11-17,36.981632232666016
2014-11-18,37.49260330200195
2014-11-19,37.26905059814453
2014-11-20,36.88582229614258
2014-11-21,37.173248291015625
2014-11-24,37.23711013793945
2014-11-25,37.332923889160156
2014-11-26,37.23711013793945
2014-11-28,37.109378814697266
2014-12-01,37.30099105834961
2014-12-02,37.62034225463867
2014-12-03,37.58841323852539
2014-12-04,37.49260330200195
2014-12-05,37.524539947509766
2014-12-08,36.91777038574219
2014-12-09,37.109378814697266
2014-12-10,36.534515380859375
2014-12-11,36.63034439086914
2014-12-12,36.2790412902832
2014-12-15,35.57645034790039
2014-12-16,35.608394622802734
2014-12-17,36.20594024658203
2014-12-18,36.78419494628906
2014-12-19,36.97696304321289
2014-12-22,36.880584716796875
2014-12-23,36.94483184814453
2014-12-24,36.880584716796875
2014-12-26,37.13759231567383
2014-12-29,36.75205993652344
2014-12-30,36.30231475830078
2014-12-31,36.109554290771484
2015-01-02,36.173805236816406
2015-01-05,35.75617599487305
2015-01-06,35.17790222167969
2015-01-07,35.691917419433594
2015-01-08,36.141693115234375
2015-01-09,35.75617599487305
2015-01-12,35.62767028808594
2015-01-13,35.91679763793945
2015-01-14,35.85255432128906
2015-01-15,36.109554290771484
2015-01-16,36.430824279785156
2015-01-20,36.719947814941406
2015-01-21,36.78419494628906
2015-01-22,36.94483184814453
2015-01-23,36.81632995605469
2015-01-26,37.23397445678711
2015-01-27,37.2982177734375
2015-01-28,37.23397445678711
2015-01-29,37.55522918701172
2015-01-30,36.91270446777344
2015-02-02,37.2982177734375
2015-02-03,37.23397445678711
2015-02-04,37.42671585083008
2015-02-05,37.74797439575195
2015-02-06,37.42671585083008
2015-02-09,37.07333755493164
2015-02-10,37.55522918701172
2015-02-11,37.61948013305664
2015-02-12,37.87648010253906
2015-02-13,38.326255798339844
2015-02-17,38.294124603271484
2015-02-18,38.96876525878906
2015-02-19,39.25789260864258
2015-02-20,39.61128616333008
2015-02-23,39.38640213012695
2015-02-24,39.579158782958984
2015-02-25,39.4827880859375
2015-02-26,39.83616256713867
2015-02-27,39.675533294677734
2015-03-02,39.77191162109375
2015-03-03,39.579158782958984
2015-03-04,39.38640213012695
2015-03-05,39.61128616333008
2015-03-06,39.54702377319336
2015-03-09,39.41853332519531
2015-03-10,38.84025573730469
2015-03-11,39.19364547729492
2015-03-12,40.06105041503906
2015-03-13,40.093170166015625
2015-03-16,40.25381088256836
2015-03-17,40.35019302368164
2015-03-18,40.99270248413086
2015-03-19,40.510799407958984
2015-03-20,41.15333557128906
2015-03-23,41.34608840942383
2015-03-24,41.24971008300781
2015-03-25,41.15333557128906
2015-03-26,40.73570251464844
2015-03-27,40.89632034301758
2015-03-30,41.05695724487305
2015-03-31,40.25381088256836
2015-04-01,40.4144401550293
2015-04-02,40.767818450927734
2015-04-06,41.24971008300781
2015-04-07,41.442466735839844
2015-04-08,41.506717681884766
2015-04-09,41.506717681884766
2015-04-10,41.57096862792969
2015-04-13,41.281829833984375
2015-04-14,41.57096862792969
2015-04-15,41.76370620727539
2015-04-16,41.8600959777832
2015-04-17,41.538848876953125
2015-04-20,41.66735076904297
2015-04-21,42.30986785888672
2015-04-22,42.631126403808594
2015-04-23,42.5989990234375
2015-04-24,42.75963592529297
2015-04-27,42.66324996948242
2015-04-28,42.791751861572266
2015-04-29,42.40624237060547
2015-04-30,41.31396484375
2015-05-01,41.82796859741211
2015-05-04,42.02073287963867
2015-05-05,41.21758270263672
2015-05-06,41.185455322265625
2015-05-07,41.24971008300781
2015-05-08,42.21348571777344
2015-05-11,41.538848876953125
2015-05-12,41.538848876953125
2015-05-13,41.79584503173828
2015-05-14,42.02073287963867
2015-05-15,42.21348571777344
2015-05-18,42.56687545776367
2015-05-19,42.5989990234375
2015-05-20,42.5989990234375
2015-05-21,42.75963592529297
2015-05-22,42.66324996948242
2015-05-26,42.11711120605469
2015-05-27,42.40624237060547
2015-05-28,42.30986785888672
2015-05-29,41.924354553222656
2015-06-01,42.11711120605469
2015-06-02,42.02073287963867
2015-06-03,42.18136215209961
2015-06-04,41.8922233581543
2015-06-05,41.635215759277344
2015-06-08,41.41032791137695
2015-06-09,40.99270248413086
2015-06-10,41.66735076904297
2015-06-11,41.8600959777832
2015-06-12,41.635215759277344
2015-06-15,41.76370620727539
2015-06-16,41.57096862792969
2015-06-17,41.21758270263672
2015-06-18,41.24971008300781
2015-06-19,41.281829833984375
2015-06-22,41.924354553222656
2015-06-23,42.40624237060547
2015-06-24,41.95647430419922
2015-06-25,42.04042434692383
2015-06-26,42.23416519165039
2015-06-29,41.16862487792969
2015-06-30,41.362361907958984
2015-07-01,41.65296173095703
2015-07-02,41.65296173095703
2015-07-06,41.362361907958984
2015-07-07,41.459228515625
2015-07-08,39.747894287109375
2015-07-09,40.23223876953125
2015-07-10,40.87802505493164
2015-07-13,41.426937103271484
2015-07-14,41.68524932861328
2015-07-15,41.65296173095703
2015-07-16,41.81441116333008
2015-07-17,41.91127014160156
2015-07-20,41.91127014160156
2015-07-21,41.78211975097656
2015-07-22,41.58837890625
2015-07-23,41.556095123291016
2015-07-24,41.16862487792969
2015-07-27,41.00717544555664
2015-07-28,41.2009162902832
2015-07-29,41.362361907958984
2015-07-30,41.426937103271484
2015-07-31,41.74983596801758
2015-08-03,41.58837890625
2015-08-04,41.523807525634766
2015-08-05,41.78211975097656
2015-08-06,41.65296173095703
2015-08-07,41.78211975097656
2015-08-10,42.39561080932617
2015-08-11,41.65296173095703
2015-08-12,41.39464569091797
2015-08-13,41.7175407409668
2015-08-14,41.7175407409668
2015-08-17,41.81441116333008
2015-08-18,41.523807525634766
2015-08-19,41.071754455566406
2015-08-20,39.84476852416992
2015-08-21,38.48862838745117
2015-08-24,37.132484436035156
2015-08-25,37.3585090637207
2015-08-26,38.84380340576172
2015-08-27,39.554168701171875
2015-08-28,39.747894287109375
2015-08-31,39.13441467285156
2015-09-01,37.3585090637207
2015-09-02,38.03657531738281
2015-09-03,38.327186584472656
2015-09-04,37.10019302368164
2015-09-08,37.97200012207031
2015-09-09,37.90741729736328
2015-09-10,37.875125885009766
2015-09-11,37.90741729736328
2015-09-14,37.8105583190918
2015-09-15,38.10116195678711
2015-09-16,38.424049377441406
2015-09-17,38.39176559448242
2015-09-18,37.16477966308594
2015-09-21,37.39079666137695
2015-09-22,36.84187698364258
2015-09-23,36.84187698364258
2015-09-24,36.58356857299805
2015-09-25,37.48766326904297
2015-09-28,36.58356857299805
2015-09-29,36.13152313232422
2015-09-30,36.906455993652344
2015-10-01,37.16477966308594
2015-10-02,37.61681365966797
2015-10-05,38.55320358276367
2015-10-06,38.230316162109375
2015-10-07,38.84380340576172
2015-10-08,38.97296142578125
2015-10-09,39.06984329223633
2015-10-12,39.13441467285156
2015-10-13,38.71464920043945
2015-10-14,38.262611389160156
2015-10-15,39.23128128051758
2015-10-16,39.42501449584961
2015-10-19,39.23128128051758
2015-10-20,39.0052604675293
2015-10-21,39.521881103515625
2015-10-22,40.00621795654297
2015-10-23,40.3936882019043
2015-10-26,40.361385345458984
2015-10-27,40.03850173950195
2015-10-28,40.42597579956055
2015-10-29,39.97392272949219
2015-10-30,39.780189514160156
2015-11-02,40.07079315185547
2015-11-03,40.03850173950195
2015-11-04,39.84476852416992
2015-11-05,40.13536834716797
2015-11-06,40.03850173950195
2015-11-09,39.87705612182617
2015-11-10,40.29681396484375
2015-11-11,40.45827102661133
2015-11-12,40.07079315185547
2015-11-13,39.87705612182617
2015-11-16,40.264530181884766
2015-11-17,40.361385345458984
2015-11-18,40.55514144897461
2015-11-19,40.55514144897461
2015-11-20,40.74885559082031
2015-11-23,40.55514144897461
2015-11-24,40.74885559082031
2015-11-25,40.49055862426758
2015-11-27,40.29681396484375
2015-11-30,39.97392272949219
2015-12-01,40.5874137878418
2015-12-02,40.264530181884766
2015-12-03,39.87705612182617
2015-12-04,40.10308837890625
2015-12-07,40.00621795654297
2015-12-08,39.48958206176758
2015-12-09,39.03753662109375
2015-12-10,39.39271926879883
2015-12-11,38.77922821044922
2015-12-14,39.13441467285156
2015-12-15,38.97296142578125
2015-12-16,39.94163513183594
2015-12-17,39.554168701171875
2015-12-18,39.06984329223633
2015-12-21,39.19342041015625
2015-12-22,39.48616027832031
2015-12-23,39.90899658203125
2015-12-24,39.42111587524414
2015-12-28,39.453636169433594
2015-12-29,40.03908920288086
2015-12-30,39.811424255371094
2015-12-31,39.42111587524414
2016-01-04,38.803123474121094
2016-01-05,39.29100799560547
2016-01-06,38.60797119140625
2016-01-07,38.02251052856445
2016-01-08,37.209346771240234
2016-01-11,37.46957015991211
2016-01-12,37.2744140625
2016-01-13,36.94915008544922
2016-01-14,37.40451431274414
2016-01-15,36.363685607910156
2016-01-19,36.656429290771484
2016-01-20,35.25782775878906
2016-01-21,35.12771987915039
2016-01-22,36.721473693847656
2016-01-25,35.940853118896484
2016-01-26,36.428749084472656
2016-01-27,36.46127700805664
2016-01-28,36.526329040527344
2016-01-29,37.40451431274414
2016-02-01,37.17683029174805
2016-02-02,36.786529541015625
2016-02-03,36.33116912841797
2016-02-04,36.23359298706055
2016-02-05,35.615604400634766
2016-02-08,35.55056381225586
2016-02-09,34.86751937866211
2016-02-10,34.24953079223633
2016-02-11,33.56648635864258
2016-02-12,33.85921859741211
2016-02-16,35.09518814086914
2016-02-17,35.387916564941406
2016-02-18,35.387916564941406
2016-02-19,35.22530746459961
2016-02-22,35.810760498046875
2016-02-23,35.22530746459961
2016-02-24,35.58307647705078
2016-02-25,36.00590896606445
2016-02-26,35.973384857177734
2016-02-29,35.420448303222656
2016-03-01,36.29864501953125
2016-03-02,36.81904983520508
2016-03-03,37.079261779785156
2016-03-04,37.46957015991211
2016-03-07,37.079261779785156
2016-03-08,36.721473693847656
2016-03-09,36.6889533996582
2016-03-10,36.526329040527344
2016-03-11,37.50209045410156
2016-03-14,37.66471862792969
2016-03-15,37.17683029174805
2016-03-16,37.24188232421875
2016-03-17,37.371986389160156
2016-03-18,37.24188232421875
2016-03-21,37.40451431274414
2016-03-22,37.63219451904297
2016-03-23,37.14432144165039
2016-03-24,36.9166259765625
2016-03-28,37.46957015991211
2016-03-29,37.8598747253418
2016-03-30,37.72977828979492
2016-03-31,37.11178207397461
2016-04-01,36.201072692871094
2016-04-04,36.201072692871094
2016-04-05,35.420448303222656
2016-04-06,36.00590896606445
2016-04-07,35.810760498046875
2016-04-08,36.85157775878906
2016-04-11,36.623897552490234
2016-04-12,37.46957015991211
2016-04-13,38.5103874206543
2016-04-14,38.67302322387695
2016-04-15,38.31523513793945
2016-04-18,38.60797119140625
2016-04-19,39.19342041015625
2016-04-20,39.42111587524414
2016-04-21,39.42111587524414
2016-04-22,39.713844299316406
2016-04-25,39.453636169433594
2016-04-26,39.29100799560547
2016-04-27,39.25847625732422
2016-04-28,37.46957015991211
2016-04-29,37.14432144165039
2016-05-02,37.82735061645508
2016-05-03,37.46957015991211
2016-05-04,37.14432144165039
2016-05-05,37.33946990966797
2016-05-06,37.53462219238281
2016-05-09,37.50209045410156
2016-05-10,38.44533157348633
2016-05-11,37.72977828979492
2016-05-12,38.02251052856445
2016-05-13,37.50209045410156
2016-05-16,38.02251052856445
2016-05-17,37.76229476928711
2016-05-18,37.794830322265625
2016-05-19,37.53462219238281
2016-05-20,37.794830322265625
2016-05-23,37.63219451904297
2016-05-24,37.924922943115234
2016-05-25,38.18513107299805
2016-05-26,38.15260314941406
2016-05-27,38.05501937866211
2016-05-31,38.347755432128906
2016-06-01,38.31523513793945
2016-06-02,37.9899787902832
2016-06-03,38.15260314941406
2016-06-06,38.54291915893555
2016-06-07,38.803123474121094
2016-06-08,39.03080368041992
2016-06-09,38.57544708251953
2016-06-10,37.89239501953125
2016-06-13,37.209346771240234
2016-06-14,37.04673385620117
2016-06-15,37.40451431274414
2016-06-16,37.24188232421875
2016-06-17,37.17683029174805
2016-06-20,38.02251052856445
2016-06-21,38.28271484375
2016-06-22,37.92866897583008
2016-06-23,38.7809944152832
2016-06-24,37.1746826171875
2016-06-27,36.977996826171875
2016-06-28,37.535282135009766
2016-06-29,38.02701187133789
2016-06-30,37.699195861816406
2016-07-01,37.633628845214844
2016-07-05,37.633628845214844
2016-07-06,37.633628845214844
2016-07-07,37.666404724121094
2016-07-08,37.92866897583008
2016-07-11,38.84656524658203
2016-07-12,39.07602310180664
2016-07-13,39.01047134399414
2016-07-14,39.07602310180664
2016-07-15,38.94490432739258
2016-07-18,39.04325485229492
2016-07-19,38.7809944152832
2016-07-20,39.10881042480469
2016-07-21,38.81378173828125
2016-07-22,38.879356384277344
2016-07-25,38.748207092285156
2016-07-26,38.7809944152832
2016-07-27,38.84656524658203
2016-07-28,38.84656524658203
2016-07-29,39.53497314453125
2016-08-01,39.666107177734375
2016-08-02,39.174373626708984
2016-08-03,38.97768783569336
2016-08-04,39.53497314453125
2016-08-05,39.666107177734375
2016-08-08,39.83001708984375
2016-08-09,40.190616607666016
2016-08-10,40.32174301147461
2016-08-11,40.616783142089844
2016-08-12,40.42008590698242
2016-08-15,40.649559020996094
2016-08-16,40.28895950317383
2016-08-17,40.616783142089844
2016-08-18,40.42008590698242
2016-08-19,40.32174301147461
2016-08-22,40.55122375488281
2016-08-23,40.58399963378906
2016-08-24,40.55122375488281
2016-08-25,40.354522705078125
2016-08-26,40.059486389160156
2016-08-29,40.190616607666016
2016-08-30,40.190616607666016
2016-08-31,40.256187438964844
2016-09-01,40.55122375488281
2016-09-02,40.84626007080078
2016-09-06,41.07572937011719
2016-09-07,41.27241516113281
2016-09-08,41.07572937011719
2016-09-09,40.42008590698242
2016-09-12,40.74790954589844
2016-09-13,40.026710510253906
2016-09-14,39.76445770263672
2016-09-15,39.96113967895508
2016-09-16,39.633323669433594
2016-09-19,39.76445770263672
2016-09-20,40.32174301147461
2016-09-21,41.50190353393555
2016-09-22,42.026397705078125
2016-09-23,41.43632888793945
2016-09-26,41.07572937011719
2016-09-27,41.5346794128418
2016-09-28,41.46910858154297
2016-09-29,41.174076080322266
2016-09-30,41.1085090637207
2016-10-03,40.97737503051758
2016-10-04,40.74790954589844
2016-10-05,41.010169982910156
2016-10-06,40.8134651184082
2016-10-07,40.8134651184082
2016-10-10,40.94459915161133
2016-10-11,40.58399963378906
2016-10-12,40.5184326171875
2016-10-13,40.4528694152832
2016-10-14,40.4528694152832
2016-10-17,40.485652923583984
2016-10-18,40.71513366699219
2016-10-19,40.84626007080078
2016-10-20,41.20684814453125
2016-10-21,41.20684814453125
2016-10-24,41.27241516113281
2016-10-25,41.305198669433594
2016-10-26,41.23963928222656
2016-10-27,41.305198669433594
2016-10-28,41.37076187133789
2016-10-31,41.40354537963867
2016-11-01,41.23963928222656
2016-11-02,40.97737503051758
2016-11-03,41.07572937011719
2016-11-04,40.58399963378906
2016-11-07,40.8708381652832
2016-11-08,40.82167053222656
2016-11-09,40.47745895385742
2016-11-10,40.51023864746094
2016-11-11,40.56761169433594
2016-11-14,40.616783142089844
2016-11-15,40.682350158691406
2016-11-16,40.485652923583984
2016-11-17,41.09211730957031
2016-11-18,40.47745895385742
2016-11-21,40.80527877807617
2016-11-22,40.903629302978516
2016-11-23,40.903629302978516
2016-11-25,40.55941390991211
2016-11-28,40.91181564331055
2016-11-29,40.95279312133789
2016-11-30,40.88722610473633
2016-12-01,40.54302215576172
2016-12-02,40.66595458984375
2016-12-05,40.616783142089844
2016-12-06,40.797080993652344
2016-12-07,41.40354537963867
2016-12-08,41.878883361816406
2016-12-09,42.0018196105957
2016-12-12,41.59204864501953
2016-12-13,42.083770751953125
2016-12-14,41.43632888793945
2016-12-15,41.43632888793945
2016-12-16,41.07572937011719
2016-12-19,41.428138732910156
2016-12-20,41.46910858154297
2016-12-21,41.24773406982422
2016-12-22,41.18141174316406
2016-12-23,41.25603103637695
2016-12-27,40.999019622802734
2016-12-28,40.94096755981445
2016-12-29,40.52642059326172
2016-12-30,40.50984191894531
2017-01-03,40.84147262573242
2017-01-04,41.662288665771484
2017-01-05,41.902732849121094
2017-01-06,41.83641052246094
2017-01-09,41.87785720825195
2017-01-10,41.7203254699707
2017-01-11,41.99394226074219
2017-01-12,41.9276123046875
2017-01-13,42.19290542602539
2017-01-17,41.7203254699707
2017-01-18,41.712039947509766
2017-01-19,41.59596252441406
2017-01-20,41.86127853393555
2017-01-23,41.886146545410156
2017-01-24,41.99394226074219
2017-01-25,42.4333610534668
2017-01-26,42.49139404296875
2017-01-27,42.143165588378906
2017-01-30,42.02709197998047
2017-01-31,41.9276123046875
2017-02-01,42.151458740234375
2017-02-02,42.1348762512207
2017-02-03,42.32557678222656
2017-02-06,42.25925064086914
2017-02-07,42.234371185302734
2017-02-08,42.35874938964844
2017-02-09,42.30070114135742
2017-02-10,42.59917449951172
2017-02-13,42.76499938964844
2017-02-14,42.458229064941406
2017-02-15,42.41677474975586
2017-02-16,42.466522216796875
2017-02-17,42.441646575927734
2017-02-21,42.79815673828125
2017-02-22,42.8479118347168
2017-02-23,42.806453704833984
2017-02-24,42.715248107910156
2017-02-27,42.58259582519531
2017-02-28,42.47480392456055
2017-03-01,42.9722785949707
2017-03-02,42.566009521484375
2017-03-03,42.59088134765625
2017-03-06,42.49139404296875
2017-03-07,42.391902923583984
2017-03-08,42.25925064086914
2017-03-09,42.25925064086914
2017-03-10,42.566009521484375
2017-03-13,42.78157043457031
2017-03-14,42.48310852050781
2017-03-15,42.91423034667969
2017-03-16,42.83132553100586
2017-03-17,42.9722785949707
2017-03-20,42.980560302734375
2017-03-21,42.64892578125
2017-03-22,42.70696258544922
2017-03-23,42.7401237487793
2017-03-24,43.00544738769531
2017-03-27,43.030303955078125
2017-03-28,43.39511489868164
2017-03-29,43.33707046508789
2017-03-30,43.09663009643555
2017-03-31,42.698665618896484
2017-04-03,42.91423034667969
2017-04-04,42.76499938964844
2017-04-05,42.466522216796875
2017-04-06,42.25094985961914
2017-04-07,42.34215545654297
2017-04-10,42.24266052246094
2017-04-11,42.458229064941406
2017-04-12,42.31727981567383
2017-04-13,41.96076965332031
2017-04-17,42.408485412597656
2017-04-18,42.27582931518555
2017-04-19,42.25094985961914
2017-04-20,42.50798416137695
2017-04-21,42.665504455566406
2017-04-24,42.96398162841797
2017-04-25,43.12150192260742
2017-04-26,43.17125701904297
2017-04-27,43.20442199707031
2017-04-28,42.99714279174805
2017-05-01,43.162967681884766
2017-05-02,43.29562759399414
2017-05-03,43.40340042114258
2017-05-04,43.51118087768555
2017-05-05,43.75162887573242
2017-05-08,43.76820755004883
2017-05-09,43.627254486083984
2017-05-10,43.428279876708984
2017-05-11,43.312198638916016
2017-05-12,43.419986724853516
2017-05-15,43.544342041015625
2017-05-16,43.57752227783203
2017-05-17,43.51118087768555
2017-05-18,43.627254486083984
2017-05-19,43.98377990722656
2017-05-22,43.95889663696289
2017-05-23,44.016937255859375
2017-05-24,43.95061111450195
2017-05-25,44.06667709350586
2017-05-26,44.09156036376953
2017-05-30,44.18275833129883
2017-05-31,44.18275833129883
2017-06-01,44.580726623535156
2017-06-02,45.51761245727539
2017-06-05,45.343505859375
2017-06-06,45.37666320800781
2017-06-07,45.36008071899414
2017-06-08,45.25230407714844
2017-06-09,44.84603500366211
2017-06-12,44.98698043823242
2017-06-13,45.2357177734375
2017-06-14,45.210845947265625
2017-06-15,44.771419525146484
2017-06-16,44.95381546020508
2017-06-19,45.09476852416992
2017-06-20,45.10979461669922
2017-06-21,45.04302978515625
2017-06-22,45.13481903076172
2017-06-23,45.1014404296875
2017-06-26,44.976280212402344
2017-06-27,44.86780548095703
2017-06-28,45.06806945800781
2017-06-29,44.61747360229492
2017-06-30,44.76767349243164
2017-07-03,44.550716400146484
2017-07-05,44.55905532836914
2017-07-06,44.2336311340332
2017-07-07,44.20859146118164
2017-07-10,44.09177780151367
2017-07-11,44.39216613769531
2017-07-12,44.70091247558594
2017-07-13,44.64250946044922
2017-07-14,44.75098419189453
2017-07-17,44.69257354736328
2017-07-18,44.926212310791016
2017-07-19,45.10979461669922
2017-07-20,45.27667236328125
2017-07-21,45.36012268066406
2017-07-24,45.268333435058594
2017-07-25,45.10979461669922
2017-07-26,45.259979248046875
2017-07-27,45.410179138183594
2017-07-28,45.543704986572266
2017-07-31,45.693885803222656
2017-08-01,45.9609260559082
2017-08-02,45.93587875366211
2017-08-03,46.05270004272461
2017-08-04,46.010982513427734
2017-08-07,45.99428939819336
2017-08-08,45.94423294067383
2017-08-09,45.66051483154297
2017-08-10,45.184898376464844
2017-08-11,45.11812973022461
2017-08-14,45.45191192626953
2017-08-15,45.39350128173828
2017-08-16,45.543704986572266
2017-08-17,45.234962463378906
2017-08-18,45.435218811035156
2017-08-21,45.3350830078125
2017-08-22,45.42687225341797
2017-08-23,45.44356155395508
2017-08-24,45.209922790527344
2017-08-25,45.36012268066406
2017-08-28,45.410179138183594
2017-08-29,45.318389892578125
2017-08-30,45.293365478515625
2017-08-31,45.65217208862305
2017-09-01,45.46860122680664
2017-09-05,45.268333435058594
2017-09-06,45.46025466918945
2017-09-07,45.72726821899414
2017-09-08,45.8691291809082
2017-09-11,46.07774353027344
2017-09-12,46.11111831665039
2017-09-13,46.01932907104492
2017-09-14,46.02766799926758
2017-09-15,46.09442901611328
2017-09-18,46.10277557373047
2017-09-19,46.36979293823242
2017-09-20,46.386478424072266
2017-09-21,46.202911376953125
2017-09-22,46.252967834472656
2017-09-25,46.35309982299805
2017-09-26,46.35309982299805
2017-09-27,46.44489288330078
2017-09-28,46.47827911376953
2017-09-29,46.48662567138672
2017-10-02,46.48662567138672
2017-10-03,46.76198959350586
2017-10-04,46.770320892333984
2017-10-05,46.74528884887695
2017-10-06,46.72025680541992
2017-10-09,46.77866744995117
2017-10-10,47.1124382019043
2017-10-11,47.35442352294922
2017-10-12,47.296016693115234
2017-10-13,47.880123138427734
2017-10-16,48.097076416015625
2017-10-17,48.0470085144043
2017-10-18,47.996952056884766
2017-10-19,47.888465881347656
2017-10-20,47.996952056884766
2017-10-23,48.113773345947266
2017-10-24,48.514305114746094
2017-10-25,48.12211990356445
2017-10-26,48.38079071044922
2017-10-27,48.747947692871094
2017-10-30,48.731258392333984
2017-10-31,48.93986511230469
2017-11-01,49.21522903442383
2017-11-02,49.273643493652344
2017-11-03,49.390464782714844
2017-11-06,49.38212203979492
2017-11-07,49.77430725097656
2017-11-08,50.08305358886719
2017-11-09,49.665828704833984
2017-11-10,49.298675537109375
2017-11-13,49.08171463012695
2017-11-14,48.82304000854492
2017-11-15,48.464237213134766
2017-11-16,49.21522903442383
2017-11-17,48.97323989868164
2017-11-20,49.21522903442383
2017-11-21,49.665828704833984
2017-11-22,49.69920349121094
2017-11-24,50.10807800292969
2017-11-27,49.89112091064453
2017-11-28,50.041324615478516
2017-11-29,49.94118881225586
2017-11-30,49.99125671386719
2017-12-01,49.765960693359375
2017-12-04,49.24026107788086
2017-12-05,49.36542892456055
2017-12-06,49.181846618652344
2017-12-07,49.49893569946289
2017-12-08,49.73259353637695
2017-12-11,49.89946746826172
2017-12-12,49.99125671386719
2017-12-13,50.1915283203125
2017-12-14,49.95787811279297
2017-12-15,49.982913970947266
2017-12-18,50.583717346191406
2017-12-19,50.07048797607422
2017-12-20,50.13768768310547
2017-12-21,50.17129135131836
2017-12-22,50.40647506713867
2017-12-26,50.43167495727539
2017-12-27,50.36447525024414
2017-12-28,50.24686813354492
2017-12-29,50.33927917480469
2018-01-02,50.641666412353516
2018-01-03,51.338836669921875
2018-01-04,51.968814849853516
2018-01-05,52.111610412597656
2018-01-08,52.414005279541016
2018-01-09,52.447601318359375
2018-01-10,52.78358840942383
2018-01-11,53.13636779785156
2018-01-12,53.30436325073242
2018-01-16,53.30436325073242
2018-01-17,53.73275375366211
2018-01-18,53.2791633605957
2018-01-19,53.61515426635742
2018-01-22,53.84194564819336
2018-01-23,54.169525146484375
2018-01-24,54.18634033203125
2018-01-25,53.925941467285156
2018-01-26,54.32072448730469
2018-01-29,53.85874938964844
2018-01-30,53.16996765136719
2018-01-31,52.86758041381836
2018-02-01,53.12797546386719
2018-02-02,52.346805572509766
2018-02-05,49.868896484375
2018-02-06,51.07845687866211
2018-02-07,50.62487030029297
2018-02-08,49.1213264465332
2018-02-09,49.616912841796875
2018-02-12,50.58287048339844
2018-02-13,49.96129608154297
2018-02-14,50.71726989746094
2018-02-15,50.960845947265625
2018-02-16,51.74202346801758
2018-02-20,51.32204055786133
2018-02-21,50.80965805053711
2018-02-22,51.044857025146484
2018-02-23,51.792423248291016
2018-02-26,52.46440124511719
2018-02-27,51.75042724609375
2018-02-28,51.296844482421875
2018-03-01,49.810096740722656
2018-03-02,50.37287521362305
2018-03-05,50.599674224853516
2018-03-06,50.910465240478516
2018-03-07,50.4820671081543
2018-03-08,50.792869567871094
2018-03-09,50.91886520385742
2018-03-12,50.96925735473633
2018-03-13,50.88526153564453
2018-03-14,51.10364532470703
2018-03-15,51.204444885253906
2018-03-16,50.97765350341797
2018-03-19,50.112491607666016
2018-03-20,50.398075103759766
2018-03-21,50.465274810791016
2018-03-22,50.00328826904297
2018-03-23,48.953330993652344
2018-03-26,49.650508880615234
2018-03-27,49.76810073852539
2018-03-28,50.33087158203125
2018-03-29,50.96925735473633
2018-04-02,49.94449234008789
2018-04-03,50.5744743347168
2018-04-04,50.62487030029297
2018-04-05,50.876853942871094
2018-04-06,50.078887939453125
2018-04-09,50.524070739746094
2018-04-10,50.80126190185547
2018-04-11,50.67527389526367
2018-04-12,50.591270446777344
2018-04-13,50.591270446777344
2018-04-16,50.73406982421875
2018-04-17,50.92725372314453
2018-04-18,51.271636962890625
2018-04-19,51.07845687866211
2018-04-20,50.97765350341797
2018-04-23,50.910465240478516
2018-04-24,50.72565841674805
2018-04-25,50.88526153564453
2018-04-26,51.196044921875
2018-04-27,51.053245544433594
2018-04-30,50.9356575012207
2018-05-01,50.89366149902344
2018-05-02,50.591270446777344
2018-05-03,50.641666412353516
2018-05-04,51.011253356933594
2018-05-07,51.0700569152832
2018-05-08,51.229644775390625
2018-05-09,50.792869567871094
2018-05-10,51.08685302734375
2018-05-11,51.473236083984375
2018-05-14,51.758827209472656
2018-05-15,51.229644775390625
2018-05-16,51.38084030151367
2018-05-17,51.3724479675293
2018-05-18,51.246437072753906
2018-05-21,51.305233001708984
2018-05-22,51.187644958496094
2018-05-23,50.98605728149414
2018-05-24,50.67527389526367
2018-05-25,50.50727844238281
2018-05-29,50.17129135131836
2018-05-30,50.524070739746094
2018-05-31,50.17969512939453
2018-06-01,50.524070739746094
2018-06-04,50.826454162597656
2018-06-05,50.73406982421875
2018-06-06,50.952457427978516
2018-06-07,50.952457427978516
2018-06-08,51.10364532470703
2018-06-11,51.263240814208984
2018-06-12,50.94405746459961
2018-06-13,50.98605728149414
2018-06-14,50.9356575012207
2018-06-15,50.66686248779297
2018-06-18,50.297271728515625
2018-06-19,49.763999938964844
2018-06-20,49.78093338012695
2018-06-21,49.594703674316406
2018-06-22,49.84018325805664
2018-06-25,49.16301345825195
2018-06-26,49.450809478759766
2018-06-27,49.12068176269531
2018-06-28,49.179935455322266
2018-06-29,49.019100189208984
2018-07-02,48.24036407470703
2018-07-03,48.18110656738281
2018-07-05,48.10492706298828
2018-07-06,48.418113708496094
2018-07-09,49.08683395385742
2018-07-10,48.900596618652344
2018-07-11,48.22343063354492
2018-07-12,48.274208068847656
2018-07-13,48.72284698486328
2018-07-16,48.73977279663086
2018-07-17,49.17147445678711
2018-07-18,49.095298767089844
2018-07-19,49.10375213623047
2018-07-20,49.25611877441406
2018-07-23,49.50159454345703
2018-07-24,49.704750061035156
2018-07-25,50.026405334472656
2018-07-26,50.153377532958984
2018-07-27,50.30574417114258
2018-07-30,49.92483139038086
2018-07-31,49.54391860961914
2018-08-01,49.86558151245117
2018-08-02,49.58625411987305
2018-08-03,49.57778549194336
2018-08-06,49.20532989501953
2018-08-07,49.620113372802734
2018-08-08,49.5693244934082
2018-08-09,49.38309097290039
2018-08-10,48.672061920166016
2018-08-13,48.384254455566406
2018-08-14,48.578948974609375
2018-08-15,47.986412048339844
2018-08-16,48.248817443847656
2018-08-17,48.40964889526367
2018-08-20,48.60434341430664
2018-08-21,48.59587478637695
2018-08-22,48.79902267456055
2018-08-23,48.59587478637695
2018-08-24,48.765167236328125
2018-08-27,49.50159454345703
2018-08-28,49.349239349365234
2018-08-29,49.52698516845703
2018-08-30,49.179935455322266
2018-08-31,49.281517028808594
2018-09-04,48.672061920166016
2018-09-05,48.15571594238281
2018-09-06,48.265743255615234
2018-09-07,47.96949005126953
2018-09-10,48.079524993896484
2018-09-11,48.18110656738281
2018-09-12,48.274208068847656
2018-09-13,48.646663665771484
2018-09-14,49.196868896484375
2018-09-17,49.22226333618164
2018-09-18,50.39885330200195
2018-09-19,50.576622009277344
2018-09-20,50.7120475769043
2018-09-21,50.82209014892578
2018-09-24,50.59354782104492
2018-09-25,50.974456787109375
2018-09-26,51.21992492675781
2018-09-27,51.084503173828125
2018-09-28,50.98291778564453
2018-10-01,51.32997512817383
2018-10-02,51.21147155761719
2018-10-03,50.76283645629883
2018-10-04,50.07719802856445
2018-10-05,50.08566665649414
2018-10-08,50.30574417114258
2018-10-09,50.01795196533203
2018-10-10,48.79056167602539
2018-10-11,47.91022872924805
2018-10-12,48.0202751159668
2018-10-15,47.87637710571289
2018-10-16,48.765167236328125
2018-10-17,48.73130798339844
2018-10-18,47.85098648071289
2018-10-19,47.95255661010742
2018-10-22,47.65629577636719
2018-10-23,47.1060791015625
2018-10-24,45.59937286376953
2018-10-25,46.276546478271484
2018-10-26,45.684017181396484
2018-10-29,45.260780334472656
2018-10-30,45.9718132019043
2018-10-31,46.42044448852539
2018-11-01,46.31039810180664
2018-11-02,46.57280731201172
2018-11-05,46.40351867675781
2018-11-06,46.92832565307617
2018-11-07,47.41928482055664
2018-11-08,47.11455535888672
2018-11-09,46.64052963256836
2018-11-12,46.005672454833984
2018-11-13,45.83637619018555
2018-11-14,45.9972038269043
2018-11-15,46.2680778503418
2018-11-16,46.30194091796875
2018-11-19,46.09878921508789
2018-11-20,45.2523193359375
2018-11-21,45.94641876220703
2018-11-23,45.777130126953125
2018-11-26,46.39505386352539
2018-11-27,46.352725982666016
2018-11-28,46.962188720703125
2018-11-29,46.80135726928711
2018-11-30,46.84367752075195
2018-12-03,47.4785270690918
2018-12-04,45.72634506225586
2018-12-06,45.65861892700195
2018-12-07,45.32004165649414
2018-12-10,44.97297668457031
2018-12-11,44.93912124633789
2018-12-12,45.480857849121094
2018-12-13,45.34542465209961
2018-12-14,44.82908248901367
2018-12-17,44.473567962646484
2018-12-18,44.597259521484375
2018-12-19,43.94041061401367
2018-12-20,43.710086822509766
2018-12-21,42.36227798461914
2018-12-24,41.90163040161133
2018-12-26,42.694969177246094
2018-12-27,43.266510009765625
2018-12-28,43.317684173583984
2018-12-31,43.24091339111328
2019-01-02,43.53948211669922
2019-01-03,43.29209899902344
2019-01-04,44.759334564208984
2019-01-07,44.8702278137207
2019-01-08,45.08349609375
2019-01-09,45.330867767333984
2019-01-10,45.60384750366211
2019-01-11,45.07496643066406
2019-01-14,44.912879943847656
2019-01-15,45.458831787109375
2019-01-16,45.680625915527344
2019-01-17,45.5867919921875
2019-01-18,46.19245147705078
2019-01-22,45.36499786376953
2019-01-23,45.237037658691406
2019-01-24,45.50148391723633
2019-01-25,45.99625015258789
2019-01-28,45.66355895996094
2019-01-29,45.706214904785156
2019-01-30,46.218040466308594
2019-01-31,46.303340911865234
2019-02-01,46.11568069458008
2019-02-04,46.218040466308594
2019-02-05,46.40571594238281
2019-02-06,46.02184295654297
2019-02-07,45.38205337524414
2019-02-08,44.98112869262695
2019-02-11,45.02377700805664
2019-02-12,45.81711196899414
2019-02-13,45.928009033203125
2019-02-14,45.89388656616211
2019-02-15,46.48249053955078
2019-02-19,46.559268951416016
2019-02-20,46.610443115234375
2019-02-21,46.54220199584961
2019-02-22,46.64457321166992
2019-02-25,46.90901184082031
2019-02-26,47.07109451293945
2019-02-27,46.823699951171875
2019-02-28,46.37158966064453
2019-03-01,46.508087158203125
2019-03-04,46.363059997558594
2019-03-05,46.40571594238281
2019-03-06,46.13273620605469
2019-03-07,45.5867919921875
2019-03-08,45.51001739501953
2019-03-11,46.004783630371094
2019-03-12,46.11568069458008
2019-03-13,46.294822692871094
2019-03-14,45.800048828125
2019-03-15,46.328941345214844
2019-03-18,46.45690155029297
2019-03-19,46.47395706176758
2019-03-20,46.49954605102539
2019-03-21,46.80664825439453
2019-03-22,46.303340911865234
2019-03-25,46.328941345214844
2019-03-26,46.840763092041016
2019-03-27,46.67868423461914
2019-03-28,46.70428466796875
2019-03-29,46.67868423461914
2019-04-01,47.26728439331055
2019-04-02,46.94313430786133
2019-04-03,47.22464370727539
2019-04-04,47.19904327392578
2019-04-05,47.23316955566406
2019-04-08,47.12228012084961
2019-04-09,46.866363525390625
2019-04-10,46.87488555908203
2019-04-11,46.72986602783203
2019-04-12,46.96872329711914
2019-04-15,46.9601936340332
2019-04-16,47.14786911010742
2019-04-17,47.14786911010742
2019-04-18,47.216102600097656
2019-04-22,47.045501708984375
2019-04-23,47.309940338134766
2019-04-24,46.72986602783203
2019-04-25,46.832237243652344
2019-04-26,47.25875473022461
2019-04-29,47.44642639160156
2019-04-30,47.275821685791016
2019-05-01,47.113746643066406
2019-05-02,47.130802154541016
2019-05-03,47.7364616394043
2019-05-06,47.25022888183594
2019-05-07,46.38865280151367
2019-05-08,46.107147216796875
2019-05-09,45.80857467651367
2019-05-10,46.12421417236328
2019-05-13,45.08349609375
2019-05-14,45.71474838256836
2019-05-15,45.78298568725586
2019-05-16,45.97065734863281
2019-05-17,45.800048828125
2019-05-20,45.552669525146484
2019-05-21,45.86829376220703
2019-05-22,45.49295425415039
2019-05-23,45.151737213134766
2019-05-24,45.85123825073242
2019-05-28,45.46735763549805
2019-05-29,45.25410461425781
2019-05-30,45.458831787109375
2019-05-31,44.97259521484375
2019-06-03,45.237037658691406
2019-06-04,45.75739288330078
2019-06-05,45.78298568725586
2019-06-06,45.83416748046875
2019-06-07,46.38865280151367
2019-06-10,46.60191345214844
2019-06-11,46.75546646118164
2019-06-12,46.235107421875
2019-06-13,46.18392562866211
2019-06-14,46.06449890136719
2019-06-17,46.19963836669922
2019-06-18,46.47510528564453
2019-06-19,46.88829040527344
2019-06-20,47.344520568847656
2019-06-21,46.87968063354492
2019-06-24,46.87968063354492
2019-06-25,46.67308807373047
2019-06-26,46.60423278808594
2019-06-27,46.79360580444336
2019-06-28,46.98297882080078
2019-07-01,47.65439987182617
2019-07-02,47.800750732421875
2019-07-03,47.9384765625
2019-07-05,47.73188018798828
2019-07-08,47.456424713134766
2019-07-09,47.034629821777344
2019-07-10,47.318695068359375
2019-07-11,47.40476989746094
2019-07-12,47.42198944091797
2019-07-15,47.456424713134766
2019-07-16,47.1035041809082
2019-07-17,47.060447692871094
2019-07-18,46.939937591552734
2019-07-19,47.060447692871094
2019-07-22,47.12932205200195
2019-07-23,47.50807189941406
2019-07-24,47.56833267211914
2019-07-25,47.060447692871094
2019-07-26,47.18096923828125
2019-07-29,47.12070846557617
2019-07-30,46.819427490234375
2019-07-31,46.78498840332031
2019-08-01,46.7763786315918
2019-08-02,46.53535842895508
2019-08-05,45.38188552856445
2019-08-06,45.958614349365234
2019-08-07,46.27711486816406
2019-08-08,46.60423278808594
2019-08-09,46.11355209350586
2019-08-12,45.6745491027832
2019-08-13,46.1910285949707
2019-08-14,45.07197952270508
2019-08-15,45.50238800048828
2019-08-16,45.975830078125
2019-08-19,45.967227935791016
2019-08-20,45.872535705566406
2019-08-21,46.02748489379883
2019-08-22,45.958614349365234
2019-08-23,45.4421272277832
2019-08-26,46.104949951171875
2019-08-27,45.958614349365234
2019-08-28,45.941402435302734
2019-08-29,46.26850509643555
2019-08-30,46.41484832763672
2019-09-03,46.440670013427734
2019-09-04,46.69891357421875
2019-09-05,47.034629821777344
2019-09-06,47.19818115234375
2019-09-09,47.50807189941406
2019-09-10,47.64579772949219
2019-09-11,48.06760025024414
2019-09-12,48.3860969543457
2019-09-13,48.95423889160156
2019-09-16,48.69599533081055
2019-09-17,48.87675476074219
2019-09-18,48.773468017578125
2019-09-19,49.135009765625
2019-09-20,49.023101806640625
2019-09-23,48.97145080566406
2019-09-24,49.04031753540039
2019-09-25,49.238304138183594
2019-09-26,49.32438278198242
2019-09-27,48.61851119995117
2019-09-30,48.84232711791992
2019-10-01,48.62712478637695
2019-10-02,48.02456283569336
2019-10-03,48.265586853027344
2019-10-04,48.825111389160156
2019-10-07,48.515220642089844
2019-10-08,48.23115539550781
2019-10-09,48.65294647216797
2019-10-10,48.59269332885742
2019-10-11,49.19525909423828
2019-10-14,48.98005676269531
2019-10-15,49.71173858642578
2019-10-16,49.60844421386719
2019-10-17,49.47932815551758
2019-10-18,49.3846321105957
2019-10-21,49.73756790161133
2019-10-22,49.79782485961914
2019-10-23,50.00442123413086
2019-10-24,50.030242919921875
2019-10-25,50.00442123413086
2019-10-28,50.1507568359375
2019-10-29,50.365962982177734
2019-10-30,50.50368881225586
2019-10-31,50.51230239868164
2019-11-01,51.01156234741211
2019-11-04,51.35588455200195
2019-11-05,51.42476272583008
2019-11-06,51.3128547668457
2019-11-07,51.614131927490234
2019-11-08,51.58830642700195
2019-11-11,51.459190368652344
2019-11-12,51.57109069824219
2019-11-13,51.390316009521484
2019-11-14,51.16651153564453
2019-11-15,51.46779251098633
2019-11-18,51.51082992553711
2019-11-19,51.34728240966797
2019-11-20,51.19233703613281
2019-11-21,51.24399185180664
2019-11-22,51.27841567993164
2019-11-25,51.631351470947266
2019-11-26,51.545265197753906
2019-11-27,51.648563385009766
2019-11-29,51.15790557861328
2019-12-02,51.05461502075195
2019-12-03,51.25259017944336
2019-12-04,51.82933807373047
2019-12-05,51.622745513916016
2019-12-06,52.21670150756836
2019-12-09,51.924034118652344
2019-12-10,51.8982048034668
2019-12-11,52.010101318359375
2019-12-12,52.13922882080078
2019-12-13,52.27695083618164
2019-12-16,52.51737976074219
2019-12-17,52.404136657714844
2019-12-18,52.195072174072266
2019-12-19,52.1428108215332
2019-12-20,52.10796356201172
2019-12-23,52.064414978027344
2019-12-24,51.85536193847656
2019-12-26,51.99473190307617
2019-12-27,51.8989143371582
2019-12-30,51.437232971191406
2019-12-31,51.60273742675781
2020-01-02,52.1428108215332
2020-01-03,51.567901611328125
2020-01-06,51.75082778930664
2020-01-07,51.83793258666992
2020-01-08,51.846649169921875
2020-01-09,52.212493896484375
2020-01-10,51.846649169921875
2020-01-13,52.1428108215332
2020-01-14,52.16022872924805
2020-01-15,51.968589782714844
2020-01-16,52.00343322753906
2020-01-17,52.03828811645508
2020-01-21,51.7595329284668
2020-01-22,51.99473190307617
2020-01-23,52.055702209472656
2020-01-24,51.85536193847656
2020-01-27,50.92329406738281
2020-01-28,51.37626647949219
2020-01-29,51.21076202392578
2020-01-30,51.14107131958008
2020-01-31,50.30482864379883
2020-02-03,50.688106536865234
2020-02-04,51.45466232299805
2020-02-05,51.916324615478516
2020-02-06,52.30832290649414
2020-02-07,51.80309295654297
2020-02-10,51.74211883544922
2020-02-11,52.00343322753906
2020-02-12,51.75082778930664
2020-02-13,51.29786682128906
2020-02-14,50.91459655761719
2020-02-18,50.1567497253418
2020-02-19,50.069644927978516
2020-02-20,49.747344970703125
2020-02-21,49.32923126220703
2020-02-24,47.66547775268555
2020-02-25,47.58707046508789
2020-02-26,47.82225799560547
2020-02-27,46.18463134765625
2020-02-28,46.132362365722656
2020-03-02,46.71598434448242
2020-03-03,46.11494827270508
2020-03-04,47.11668395996094
2020-03-05,46.26302719116211
2020-03-06,45.81877517700195
2020-03-09,43.484283447265625
2020-03-10,44.78218460083008
2020-03-11,43.26652145385742
2020-03-12,39.024356842041016
2020-03-13,40.30484390258789
2020-03-16,37.648048400878906
2020-03-17,39.4947395324707
2020-03-18,38.65850067138672
2020-03-19,39.198577880859375
2020-03-20,39.294395446777344
2020-03-23,38.88498306274414
2020-03-24,41.58533477783203
2020-03-25,42.369300842285156
2020-03-26,43.76302719116211
2020-03-27,43.71076202392578
2020-03-30,44.242130279541016
2020-03-31,43.02260971069336
2020-04-01,40.97557830810547
2020-04-02,41.49822235107422
2020-04-03,40.566165924072266
2020-04-06,42.96163558959961
2020-04-07,43.423309326171875
2020-04-08,43.31877899169922
2020-04-09,43.88497543334961
2020-04-13,43.702049255371094
2020-04-14,44.503456115722656
2020-04-15,44.059200286865234
2020-04-16,43.684627532958984
2020-04-17,44.268253326416016
2020-04-20,43.58881759643555
2020-04-21,43.179412841796875
2020-04-22,43.928531646728516
2020-04-23,43.98950958251953
2020-04-24,44.329227447509766
2020-04-27,44.93898391723633
2020-04-28,45.59229278564453
2020-04-29,46.3936882019043
2020-04-30,45.087066650390625
2020-05-01,44.29438781738281
2020-05-04,44.076622009277344
2020-05-05,44.503456115722656
2020-05-06,44.163726806640625
2020-05-07,44.825748443603516
2020-05-08,45.59229278564453
2020-05-11,46.027835845947266
2020-05-12,45.42679214477539
2020-05-13,45.644561767578125
2020-05-14,44.965118408203125
2020-05-15,45.043514251708984
2020-05-18,46.167213439941406
2020-05-19,45.62713623046875
2020-05-20,46.31528854370117
2020-05-21,45.81877517700195
2020-05-22,45.8797492980957
2020-05-26,47.43898391723633
2020-05-27,48.04874038696289
2020-05-28,48.6759147644043
2020-05-29,48.26650619506836
2020-06-01,48.99821090698242
2020-06-02,49.21598434448242
2020-06-03,49.55570983886719
2020-06-04,48.99821090698242
2020-06-05,49.70379638671875
2020-06-08,50.43550109863281
2020-06-09,50.17416763305664
2020-06-10,50.14803695678711
2020-06-11,48.0400276184082
2020-06-12,48.90239715576172
2020-06-15,48.36857986450195
2020-06-16,49.299251556396484
2020-06-17,49.51874923706055
2020-06-18,49.43095016479492
2020-06-19,49.19388961791992
2020-06-22,49.527530670166016
2020-06-23,49.65922927856445
2020-06-24,48.623191833496094
2020-06-25,49.17633056640625
2020-06-26,48.70222091674805
2020-06-29,48.710994720458984
2020-06-30,48.21931838989258
2020-07-01,48.12274169921875
2020-07-02,48.438819885253906
2020-07-06,49.06219482421875
2020-07-07,48.623191833496094
2020-07-08,48.588077545166016
2020-07-09,48.35102081298828
2020-07-10,48.98317337036133
2020-07-13,48.728553771972656
2020-07-14,49.1148681640625
2020-07-15,49.73824691772461
2020-07-16,49.22901153564453
2020-07-17,49.30803298950195
2020-07-20,49.34315490722656
2020-07-21,49.36949157714844
2020-07-22,49.23778533935547
2020-07-23,49.07097625732422
2020-07-24,49.01829147338867
2020-07-27,49.992862701416016
2020-07-28,49.68556594848633
2020-07-29,49.71190643310547
2020-07-30,48.96561813354492
2020-07-31,47.70130157470703
2020-08-03,48.67586898803711
2020-08-04,49.22023010253906
2020-08-05,49.18510818481445
2020-08-06,49.14999008178711
2020-08-07,49.16754913330078
2020-08-10,49.40460968017578
2020-08-11,49.80848693847656
2020-08-12,50.86207580566406
2020-08-13,50.800621032714844
2020-08-14,50.79182815551758
2020-08-17,51.0025520324707
2020-08-18,51.17815399169922
2020-08-19,50.905975341796875
2020-08-20,50.721595764160156
2020-08-21,50.581111907958984
2020-08-24,51.143035888671875
2020-08-25,51.07278823852539
2020-08-26,51.2132682800293
2020-08-27,50.73916244506836
2020-08-28,51.01133346557617
2020-08-31,50.941097259521484
2020-09-01,51.08156967163086
2020-09-02,51.5908088684082
2020-09-03,50.68648147583008
2020-09-04,50.967430114746094
2020-09-08,50.545989990234375
2020-09-09,50.721595764160156
2020-09-10,50.7479362487793
2020-09-11,51.40643310546875
2020-09-14,51.77519226074219
2020-09-15,52.01224899291992
2020-09-16,52.19662094116211
2020-09-17,52.25808334350586
2020-09-18,52.02980041503906
2020-09-21,51.25717544555664
2020-09-22,51.41521453857422
2020-09-23,51.7137336730957
2020-09-24,51.51178741455078
2020-09-25,51.5908088684082
2020-09-28,52.310760498046875
2020-09-29,52.26686096191406
2020-09-30,51.86299133300781
2020-10-01,51.871768951416016
2020-10-02,51.61715316772461
2020-10-05,52.03858184814453
2020-10-06,51.92444610595703
2020-10-07,52.19662094116211
2020-10-08,52.21418762207031
2020-10-09,52.20539855957031
2020-10-12,52.34587860107422
2020-10-13,52.17906951904297
2020-10-14,52.25808334350586
2020-10-15,51.81908416748047
2020-10-16,51.7137336730957
2020-10-19,51.77519226074219
2020-10-20,51.783966064453125
2020-10-21,52.187843322753906
2020-10-22,52.03858184814453
2020-10-23,52.06491470336914
2020-10-26,51.56447219848633
2020-10-27,51.74884796142578
2020-10-28,51.04645538330078
2020-10-29,51.432777404785156
2020-10-30,51.13425827026367
2020-11-02,51.669830322265625
2020-11-03,52.758544921875
2020-11-04,52.67074966430664
2020-11-05,53.97016906738281
2020-11-06,54.01407241821289
2020-11-09,55.603233337402344
2020-11-10,55.39251708984375
2020-11-11,55.72615432739258
2020-11-12,54.86572265625
2020-11-13,55.647132873535156
2020-11-16,56.43732452392578
2020-11-17,56.21782302856445
2020-11-18,55.84029006958008
2020-11-19,56.209041595458984
2020-11-20,56.84120559692383
2020-11-23,56.87632369995117
2020-11-24,57.736751556396484
2020-11-25,57.324100494384766
2020-11-27,58.14940643310547
2020-11-30,56.533905029296875
2020-12-01,57.692848205566406
2020-12-02,57.596282958984375
2020-12-03,57.736751556396484
2020-12-04,58.000144958496094
2020-12-07,57.148494720458984
2020-12-08,57.28019714355469
2020-12-09,57.68407440185547
2020-12-10,57.78065490722656
2020-12-11,57.903564453125
2020-12-14,58.09572219848633
2020-12-15,58.5099983215332
2020-12-16,58.50119400024414
2020-12-17,58.84495162963867
2020-12-18,58.67747497558594
2020-12-21,58.04283142089844
2020-12-22,58.01639175415039
2020-12-23,58.227935791015625
2020-12-24,58.01639175415039
2020-12-28,58.60696029663086
2020-12-29,59.33855438232422
2020-12-30,59.36499786376953
2020-12-31,59.55010223388672
2021-01-04,58.84495162963867
2021-01-05,59.39143753051758
2021-01-06,60.09659194946289
2021-01-07,59.97318649291992
2021-01-08,61.07499313354492
2021-01-11,60.50205993652344
2021-01-12,60.819374084472656
2021-01-13,60.99565887451172
2021-01-14,61.63029479980469
2021-01-15,60.572566986083984
2021-01-19,60.92515182495117
2021-01-20,61.23365020751953
2021-01-21,60.99565887451172
2021-01-22,61.030914306640625
2021-01-25,61.26890563964844
2021-01-26,61.27772521972656
2021-01-27,59.937923431396484
2021-01-28,60.32577133178711
2021-01-29,59.04767990112305
2021-02-01,59.664695739746094
2021-02-02,60.14067077636719
2021-02-03,60.493228912353516
2021-02-04,60.56375503540039
2021-02-05,61.03974151611328
2021-02-08,62.13271713256836
2021-02-09,62.46767044067383
2021-02-10,62.35308074951172
2021-02-11,62.67921829223633
2021-02-12,63.06705093383789
2021-02-16,63.34028625488281
2021-02-17,63.25215530395508
2021-02-18,62.49411392211914
2021-02-19,62.88193130493164
2021-02-22,62.732093811035156
2021-02-23,62.59107208251953
2021-02-24,62.071014404296875
2021-02-25,61.004486083984375
2021-02-26,60.13185119628906
2021-03-01,61.127872467041016
2021-03-02,60.52849197387695
2021-03-03,60.1671028137207
2021-03-04,59.594181060791016
2021-03-05,60.078956604003906
2021-03-08,59.409080505371094
2021-03-09,60.06133270263672
2021-03-10,60.27288055419922
2021-03-11,59.97318649291992
2021-03-12,60.766502380371094
2021-03-15,61.09261703491211
2021-03-16,61.295352935791016
2021-03-17,61.6920051574707
2021-03-18,61.859474182128906
2021-03-19,62.30901336669922
2021-03-22,61.89473342895508
2021-03-23,60.969207763671875
2021-03-24,60.29932403564453
2021-03-25,60.986839294433594
2021-03-26,61.79777526855469
2021-03-29,61.42755889892578
2021-03-30,60.978031158447266
2021-03-31,60.39628982543945
2021-04-01,60.942771911621094
2021-04-05,61.68318557739258
2021-04-06,60.74885940551758
2021-04-07,60.92515182495117
2021-04-08,60.986839294433594
2021-04-09,61.40992736816406
2021-04-12,61.030914306640625
2021-04-13,61.41875457763672
2021-04-14,61.30416488647461
2021-04-15,61.59503173828125
2021-04-16,61.66555404663086
2021-04-19,61.07499313354492
2021-04-20,59.752838134765625
2021-04-21,60.26406478881836
2021-04-22,60.36983871459961
2021-04-23,60.90752029418945
2021-04-26,60.67833709716797
2021-04-27,59.937923431396484
2021-04-28,59.920291900634766
2021-04-29,59.97318649291992
2021-04-30,59.42669677734375
2021-05-03,60.13185119628906
2021-05-04,59.37381362915039
2021-05-05,60.0877799987793
2021-05-06,60.572566986083984
2021-05-07,60.87225341796875
2021-05-10,60.74885940551758
2021-05-11,59.71757888793945
2021-05-12,57.67263412475586
2021-05-13,58.14860153198242
2021-05-14,59.0653076171875
2021-05-17,58.571693420410156
2021-05-18,59.31211853027344
2021-05-19,59.012413024902344
2021-05-20,59.55010223388672
2021-05-21,59.8762321472168
2021-05-24,60.14067077636719
2021-05-25,59.9996223449707
2021-05-26,60.13185119628906
2021-05-27,60.175926208496094
2021-05-28,60.44917678833008
2021-06-01,60.07014846801758
2021-06-02,60.62546157836914
2021-06-03,60.643089294433594
2021-06-04,61.30416488647461
2021-06-07,61.54215621948242
2021-06-08,61.242462158203125
2021-06-09,60.81056213378906
2021-06-10,61.072513580322266
2021-06-11,61.16130065917969
2021-06-14,61.1435432434082
2021-06-15,61.43655776977539
2021-06-16,61.33888626098633
2021-06-17,61.1080322265625
2021-06-18,59.71396255493164
2021-06-21,60.344390869140625
2021-06-22,60.4154167175293
2021-06-23,59.953697204589844
2021-06-24,60.47757339477539
2021-06-25,60.75284194946289
2021-06-28,60.504215240478516
2021-06-29,60.548614501953125
2021-06-30,59.971458435058594
2021-07-01,59.92706298828125
2021-07-02,60.300010681152344
2021-07-06,60.07801055908203
2021-07-07,60.104652404785156
2021-07-08,59.17230987548828
2021-07-09,60.76171875
2021-07-12,60.939308166503906
2021-07-13,60.74397659301758
2021-07-14,61.045860290527344
2021-07-15,60.300010681152344
2021-07-16,59.68731689453125
2021-07-19,58.83489227294922
2021-07-20,59.53636932373047
2021-07-21,59.962589263916016
2021-07-22,59.92706298828125
2021-07-23,60.26448440551758
2021-07-26,60.05137252807617
2021-07-27,59.722835540771484
2021-07-28,60.0424919128418
2021-07-29,60.24673080444336
2021-07-30,59.58964157104492
2021-08-02,60.16679763793945
2021-08-03,60.61076354980469
2021-08-04,59.98921585083008
2021-08-05,60.344390869140625
2021-08-06,60.2200813293457
2021-08-09,60.18456268310547
2021-08-10,60.2200813293457
2021-08-11,60.96596145629883
2021-08-12,60.76171875
2021-08-13,60.94819259643555
2021-08-16,60.530853271484375
2021-08-17,60.02473831176758
2021-08-18,59.71396255493164
2021-08-19,59.14567565917969
2021-08-20,59.19007873535156
2021-08-23,59.971458435058594
2021-08-24,60.504215240478516
2021-08-25,60.3887939453125
2021-08-26,60.07801055908203
2021-08-27,60.495338439941406
2021-08-30,60.4154167175293
2021-08-31,60.73508834838867
2021-09-01,61.720703125
2021-09-02,62.00484848022461
2021-09-03,63.762962341308594
2021-09-07,64.42890167236328
2021-09-08,64.15364837646484
2021-09-09,64.72193145751953
2021-09-10,64.65089416503906
2021-09-13,65.5388412475586
2021-09-14,65.17479705810547
2021-09-15,65.81410217285156
2021-09-16,65.66315460205078
2021-09-17,65.20142364501953
2021-09-20,64.26020812988281
2021-09-21,64.83736419677734
2021-09-22,64.36675262451172
2021-09-23,64.73970794677734
2021-09-24,64.51771545410156
2021-09-27,64.46443939208984
2021-09-28,63.07037353515625
2021-09-29,63.03485107421875
2021-09-30,62.37777328491211
2021-10-01,62.093650817871094
2021-10-04,60.37102127075195
2021-10-05,60.70844650268555
2021-10-06,60.18456268310547
2021-10-07,60.530853271484375
2021-10-08,60.25560760498047
2021-10-11,60.52197265625
2021-10-12,60.13129425048828
2021-10-13,60.09577941894531
2021-10-14,60.66404724121094
2021-10-15,61.303367614746094
2021-10-18,61.0014762878418
2021-10-19,61.38328170776367
2021-10-20,61.32112121582031
2021-10-21,60.25560760498047
2021-10-22,60.75284194946289
2021-10-25,60.77947998046875
2021-10-26,60.788368225097656
2021-10-27,60.344390869140625
2021-10-28,60.82387924194336
2021-10-29,60.73508834838867
2021-11-01,61.649654388427734
2021-11-02,61.57862091064453
2021-11-03,61.95155715942383
2021-11-04,62.395530700683594
2021-11-05,62.47544479370117
2021-11-08,62.342247009277344
2021-11-09,61.95155715942383
2021-11-10,60.98371505737305
2021-11-11,61.33888626098633
2021-11-12,62.22682571411133
2021-11-15,62.17354965209961
2021-11-16,62.04924011230469
2021-11-17,61.791725158691406
2021-11-18,61.95155715942383
2021-11-19,62.07588577270508
2021-11-22,61.756229400634766
2021-11-23,61.827247619628906
2021-11-24,61.072513580322266
2021-11-26,59.456443786621094
2021-11-29,59.62515640258789
2021-11-30,58.89705276489258
2021-12-01,58.586273193359375
2021-12-02,59.46533966064453
2021-12-03,59.8116340637207
2021-12-06,59.84714889526367
2021-12-07,61.241214752197266
2021-12-08,61.170188903808594
2021-12-09,60.67292785644531
2021-12-10,60.76171875
2021-12-13,60.17517852783203
2021-12-14,60.103206634521484
2021-12-15,61.13776397705078
2021-12-16,61.20973205566406
2021-12-17,60.46306228637695
2021-12-20,59.95027542114258
2021-12-21,60.301124572753906
2021-12-22,60.40008544921875
2021-12-23,60.63397979736328
2021-12-27,60.579994201660156
2021-12-28,60.6519660949707
2021-12-29,60.364097595214844
2021-12-30,60.193172454833984
2021-12-31,60.23815155029297
2022-01-03,60.301124572753906
2022-01-04,61.0927848815918
2022-01-05,60.813899993896484
2022-01-06,60.364097595214844
2022-01-07,59.97726058959961
2022-01-10,59.83332824707031
2022-01-11,60.301124572753906
2022-01-12,61.16474914550781
2022-01-13,60.553001403808594
2022-01-14,60.481048583984375
2022-01-18,59.5274543762207
2022-01-19,58.789772033691406
2022-01-20,58.52888107299805
2022-01-21,58.30397415161133
2022-01-24,58.052085876464844
2022-01-25,57.84518051147461
2022-01-26,57.04452133178711
2022-01-27,56.23486328125
2022-01-28,56.450767517089844
2022-01-31,57.64725875854492
2022-02-01,57.665252685546875
2022-02-02,58.546878814697266
2022-02-03,57.32339859008789
2022-02-04,57.77321243286133
2022-02-07,57.80919647216797
2022-02-08,58.14204788208008
2022-02-09,58.94270324707031
2022-02-10,58.00710678100586
2022-02-11,57.539306640625
2022-02-14,57.539306640625
2022-02-15,58.178035736083984
2022-02-16,58.18703079223633
2022-02-17,57.3323974609375
2022-02-18,57.242435455322266
2022-02-22,56.783626556396484
2022-02-23,56.19888687133789
2022-02-24,55.875022888183594
2022-02-25,57.170467376708984
2022-02-28,56.6217041015625
2022-03-01,55.8480339050293
2022-03-02,56.036956787109375
2022-03-03,55.75807571411133
2022-03-04,55.03838348388672
2022-03-07,53.104209899902344
2022-03-08,52.33953857421875
2022-03-09,53.751930236816406
2022-03-10,53.52702331542969
2022-03-11,52.66340255737305
2022-03-14,52.73536682128906
2022-03-15,53.5989990234375
2022-03-16,54.79548645019531
2022-03-17,55.308265686035156
2022-03-18,56.01896286010742
2022-03-21,56.00096893310547
2022-03-22,56.171897888183594
2022-03-23,55.83903503417969
2022-03-24,56.450767517089844
2022-03-25,56.4417839050293
2022-03-28,55.59613800048828
2022-03-29,56.693668365478516
2022-03-30,56.09992599487305
2022-03-31,55.42521667480469
2022-04-01,55.71309280395508
2022-04-04,56.162899017333984
2022-04-05,54.6965217590332
2022-04-06,53.87788009643555
2022-04-07,53.688961029052734
2022-04-08,53.464054107666016
2022-04-11,52.62741470336914
2022-04-12,51.93471145629883
2022-04-13,52.681396484375
2022-04-14,52.53745651245117
2022-04-18,51.9077262878418
2022-04-19,51.916717529296875
2022-04-20,52.40251159667969
2022-04-21,51.97069549560547
2022-04-22,51.197025299072266
2022-04-25,51.511898040771484
2022-04-26,50.42335891723633
2022-04-27,50.62127685546875
2022-04-28,51.547874450683594
2022-04-29,50.9361457824707
2022-05-02,50.918148040771484
2022-05-03,51.32297897338867
2022-05-04,52.23158645629883
2022-05-05,50.80120086669922
2022-05-06,50.99911117553711
2022-05-09,49.55973434448242
2022-05-10,49.63169860839844
2022-05-11,49.0919303894043
2022-05-12,49.64069747924805
2022-05-13,50.666255950927734
2022-05-16,50.39637756347656
2022-05-17,50.76520919799805
2022-05-18,50.279422760009766
2022-05-19,50.711238861083984
2022-05-20,51.35895919799805
2022-05-23,51.8537483215332
2022-05-24,51.65583419799805
2022-05-25,51.7637825012207
2022-05-26,52.16861343383789
2022-05-27,52.483482360839844
2022-05-31,51.81776809692383
2022-06-01,51.84475326538086
2022-06-02,52.37553024291992
2022-06-03,51.28699493408203
2022-06-06,51.56587219238281
2022-06-07,51.727806091308594
2022-06-08,51.0530891418457
2022-06-09,50.68611526489258
2022-06-10,49.768680572509766
2022-06-13,48.3788948059082
2022-06-14,48.0518913269043
2022-06-15,48.587825775146484
2022-06-16,47.81571578979492
2022-06-17,47.28887176513672
2022-06-21,47.77938461303711
2022-06-22,47.543216705322266
2022-06-23,47.83388900756836
2022-06-24,48.7785758972168
2022-06-27,48.351646423339844
2022-06-28,48.27898025512695
2022-06-29,48.06097412109375
2022-06-30,47.98831558227539
2022-07-01,48.188140869140625
2022-07-05,47.879302978515625
2022-07-06,47.87022018432617
2022-07-07,48.551483154296875
2022-07-08,48.79674530029297
2022-07-11,48.13364791870117
2022-07-12,48.15180969238281
2022-07-13,47.8974723815918
2022-07-14,47.42512512207031
2022-07-15,47.92471694946289
2022-07-18,48.01555633544922
2022-07-19,48.705902099609375
2022-07-20,48.914833068847656
2022-07-21,49.53250503540039
2022-07-22,49.68692398071289
2022-07-25,49.67784881591797
2022-07-26,49.13283157348633
2022-07-27,50.1229362487793
2022-07-28,50.53169631958008
2022-07-29,51.00404357910156
2022-08-01,51.658050537109375
2022-08-02,50.677032470703125
2022-08-03,50.568031311035156
2022-08-04,50.54986572265625
2022-08-05,50.24102020263672
2022-08-08,50.22285842895508
2022-08-09,49.723262786865234
2022-08-10,51.149375915527344
2022-08-11,51.13120651245117
2022-08-12,51.80339050292969
2022-08-15,52.01231002807617
2022-08-16,51.76705551147461
2022-08-17,51.603553771972656
2022-08-18,51.4218864440918
2022-08-19,50.53169631958008
2022-08-22,50.01393127441406
2022-08-23,50.132015228271484
2022-08-24,50.113853454589844
2022-08-25,50.68611526489258
2022-08-26,49.45075225830078
2022-08-29,48.9511604309082
2022-08-30,48.896663665771484
2022-08-31,48.678653717041016
2022-09-01,48.097312927246094
2022-09-02,47.570465087890625
2022-09-06,46.825618743896484
2022-09-07,46.75294876098633
2022-09-08,47.31612777709961
2022-09-09,48.20631408691406
2022-09-12,48.2244758605957
2022-09-13,46.63486099243164
2022-09-14,47.30704879760742
2022-09-15,46.93461227416992
2022-09-16,46.89828872680664
2022-09-19,47.052703857421875
2022-09-20,46.562191009521484
2022-09-21,46.026268005371094
2022-09-22,46.38960647583008
2022-09-23,45.454002380371094
2022-09-26,44.71823501586914
2022-09-27,44.34580993652344
2022-09-28,45.181495666503906
2022-09-29,44.7454833984375
2022-09-30,44.3730583190918
2022-10-03,45.17240905761719
2022-10-04,46.61669158935547
2022-10-05,46.12617874145508
2022-10-06,45.70833969116211
2022-10-07,45.24508285522461
2022-10-10,45.06340789794922
2022-10-11,44.60014724731445
2022-10-12,44.27314376831055
2022-10-13,44.66373062133789
2022-10-14,44.018802642822266
2022-10-17,44.46390151977539
2022-10-18,44.30947494506836
2022-10-19,44.03696823120117
2022-10-20,44.000633239746094
2022-10-21,44.772735595703125
2022-10-24,44.4820556640625
2022-10-25,45.499420166015625
2022-10-26,45.762840270996094
2022-10-27,45.190582275390625
2022-10-28,45.6720085144043
2022-10-31,45.40858840942383
2022-11-01,45.75374984741211
2022-11-02,45.454002380371094
2022-11-03,45.32682800292969
2022-11-04,46.20793533325195
2022-11-07,46.47136306762695
2022-11-08,47.14353942871094
2022-11-09,46.34418487548828
2022-11-10,48.93299102783203
2022-11-11,49.904930114746094
2022-11-14,49.223670959472656
2022-11-15,49.55067443847656
2022-11-16,49.378089904785156
2022-11-17,49.28725051879883
2022-11-18,49.26908874511719
2022-11-21,48.86941146850586
2022-11-22,49.91401672363281
2022-11-23,50.48628234863281
2022-11-25,50.83145523071289
2022-11-28,50.44085693359375
2022-11-29,50.132015228271484
2022-11-30,50.68611526489258
2022-12-01,51.031288146972656
2022-12-02,50.804203033447266
2022-12-05,49.741432189941406
2022-12-06,49.587005615234375
2022-12-07,49.73234176635742
2022-12-08,50.04119110107422
2022-12-09,50.19560623168945
2022-12-12,50.1865234375
2022-12-13,50.90937805175781
2022-12-14,50.863853454589844
2022-12-15,49.62571334838867
2022-12-16,49.66213607788086
2022-12-19,49.3434944152832
2022-12-20,50.04450225830078
2022-12-21,49.97166442871094
2022-12-22,49.82600784301758
2022-12-23,49.862422943115234
2022-12-27,49.634822845458984
2022-12-28,49.04306411743164
2022-12-29,49.95345687866211
2022-12-30,49.56198501586914
2023-01-03,49.7986946105957
2023-01-04,49.30707550048828
2023-01-05,48.642494201660156
2023-01-06,49.862422943115234
2023-01-09,49.97166442871094
2023-01-10,49.85331726074219
2023-01-11,50.2538948059082
2023-01-12,51.4647216796875
2023-01-13,51.6832160949707
2023-01-17,52.174835205078125
2023-01-18,52.10199737548828
2023-01-19,52.074684143066406
2023-01-20,52.666446685791016
2023-01-23,52.52077102661133
2023-01-24,52.875831604003906
2023-01-25,53.51311492919922
2023-01-26,53.40386199951172
2023-01-27,53.549530029296875
2023-01-30,53.23088836669922
2023-01-31,53.41297149658203
2023-02-01,53.59505081176758
2023-02-02,53.46759033203125
2023-02-03,52.85762023925781
2023-02-06,52.375118255615234
2023-02-07,53.13984680175781
2023-02-08,52.55718994140625
2023-02-09,52.611820220947266
2023-02-10,52.91224670410156
2023-02-13,52.88493728637695
2023-02-14,52.62092208862305
2023-02-15,52.10199737548828
2023-02-16,51.929019927978516
2023-02-17,51.91081619262695
2023-02-21,51.27354049682617
2023-02-22,50.89117431640625
2023-02-23,51.4009895324707
2023-02-24,50.63625717163086
2023-02-27,51.1187744140625
2023-02-28,50.927581787109375
2023-03-01,51.009525299072266
2023-03-02,51.06414794921875
2023-03-03,52.238555908203125
2023-03-06,52.238555908203125
2023-03-07,51.774253845214844
2023-03-08,52.411529541015625
2023-03-09,52.320491790771484
2023-03-10,51.69231414794922
2023-03-13,51.20070266723633
2023-03-14,51.05504608154297
2023-03-15,50.017181396484375
2023-03-16,51.036834716796875
2023-03-17,50.718196868896484
2023-03-20,51.45561599731445
2023-03-21,51.774253845214844
2023-03-22,51.62858581542969
2023-03-23,51.8561897277832
2023-03-24,52.010955810546875
2023-03-27,52.238555908203125
2023-03-28,52.33869934082031
2023-03-29,52.53898620605469
2023-03-30,52.784793853759766
2023-03-31,53.431175231933594
2023-04-03,53.67698287963867
2023-04-04,53.658775329589844
2023-04-05,52.85762023925781
2023-04-06,52.630027770996094
2023-04-10,52.52077102661133
2023-04-11,52.693756103515625
2023-04-12,52.866729736328125
2023-04-13,53.604156494140625
2023-04-14,53.20357131958008
2023-04-17,53.35834884643555
2023-04-18,53.67698287963867
2023-04-19,53.24909973144531
2023-04-20,53.42206954956055
2023-04-21,53.72249984741211
2023-04-24,53.6951904296875
2023-04-25,53.321929931640625
2023-04-26,53.13075256347656
2023-04-27,53.99562072753906
2023-04-28,53.56773376464844
2023-05-01,53.50400924682617
2023-05-02,53.05791473388672
2023-05-03,53.376556396484375
2023-05-04,53.4766960144043
2023-05-05,54.19590759277344
2023-05-08,54.07756042480469
2023-05-09,54.660213470458984
2023-05-10,54.3870964050293
2023-05-11,54.5418586730957
2023-05-12,54.805877685546875
2023-05-15,55.13362503051758
2023-05-16,55.02437210083008
2023-05-17,55.39762878417969
2023-05-18,55.406734466552734
2023-05-19,55.497779846191406
2023-05-22,55.74357986450195
2023-05-23,54.94243240356445
2023-05-24,54.359779357910156
2023-05-25,54.669315338134766
2023-05-26,54.85139465332031
2023-05-30,54.496337890625
2023-05-31,54.02293014526367
2023-06-01,55.379425048828125
2023-06-02,56.44459533691406
2023-06-05,56.24429702758789
2023-06-06,57.39140319824219
2023-06-07,55.91648864746094
2023-06-08,56.39315414428711
2023-06-09,57.034820556640625
2023-06-12,57.39231872558594
2023-06-13,58.217315673828125
2023-06-14,58.483154296875
2023-06-15,58.40065002441406
2023-06-16,57.84148406982422
2023-06-20,57.043983459472656
2023-06-21,57.72231674194336
2023-06-22,57.24565505981445
2023-06-23,55.833988189697266
2023-06-26,55.833988189697266
2023-06-27,56.04482650756836
2023-06-28,56.66815185546875
2023-06-29,56.38398742675781
2023-06-30,56.74148941040039
2023-07-03,56.9156494140625
2023-07-05,56.448158264160156
2023-07-06,55.705657958984375
2023-07-07,56.50314712524414
2023-07-10,56.42066192626953
2023-07-11,56.66815185546875
2023-07-12,57.06232452392578
2023-07-13,57.914817810058594
2023-07-14,57.2181510925293
2023-07-17,57.24565505981445
2023-07-18,58.03398513793945
2023-07-19,58.04315185546875
2023-07-20,57.273155212402344
2023-07-21,57.208988189697266
2023-07-24,57.29148483276367
2023-07-25,57.36482238769531
2023-07-26,57.59398651123047
2023-07-27,58.06148910522461
2023-07-28,58.391483306884766
2023-07-31,58.13481521606445
2023-08-01,57.44731521606445
2023-08-02,56.365657806396484
2023-08-03,56.09064865112305
2023-08-04,56.63148498535156
2023-08-07,57.108150482177734
2023-08-08,56.60398483276367
2023-08-09,56.10898971557617
2023-08-10,56.34732437133789
2023-08-11,56.25565719604492
2023-08-14,55.751487731933594
2023-08-15,55.155662536621094
2023-08-16,54.46815872192383
2023-08-17,54.23899459838867
2023-08-18,54.37649917602539
2023-08-21,54.422325134277344
2023-08-22,54.68816375732422
2023-08-23,55.41232681274414
2023-08-24,54.68816375732422
2023-08-25,54.97233200073242
2023-08-28,55.623165130615234
2023-08-29,56.00815963745117
2023-08-30,55.907325744628906
2023-08-31,56.50314712524414
2023-09-01,56.86981964111328
2023-09-05,56.89732360839844
2023-09-06,57.043983459472656
2023-09-07,57.043983459472656
2023-09-08,56.47565460205078
2023-09-11,57.126487731933594
2023-09-12,57.1173210144043
2023-09-13,57.089820861816406
2023-09-14,58.06148910522461
2023-09-15,57.74065399169922
2023-09-18,57.87814712524414
2023-09-19,58.162315368652344
2023-09-20,57.38315200805664
2023-09-21,56.493988037109375
2023-09-22,56.649818420410156
2023-09-25,56.57649230957031
2023-09-26,55.705657958984375
2023-09-27,55.943992614746094
2023-09-28,56.05398941040039
2023-09-29,55.26565933227539
2023-10-02,54.78899383544922
2023-10-03,53.83565902709961
2023-10-04,53.249000549316406
2023-10-05,54.29399490356445
2023-10-06,54.43149185180664
2023-10-09,54.58732604980469
2023-10-10,55.30232620239258
2023-10-11,55.16482925415039
2023-10-12,55.30232620239258
2023-10-13,54.614830017089844
2023-10-16,54.78899383544922
2023-10-17,54.89898681640625
2023-10-18,54.037330627441406
2023-10-19,53.64316177368164
2023-10-20,53.285667419433594
2023-10-23,53.15732955932617
2023-10-24,53.49650192260742
2023-10-25,53.285667419433594
2023-10-26,52.561500549316406
2023-10-27,53.001495361328125
2023-10-30,53.39566421508789
2023-10-31,54.0464973449707
2023-11-01,54.97233200073242
2023-11-02,55.87065887451172
2023-11-03,56.833160400390625
2023-11-06,56.09982681274414
2023-11-07,55.58649444580078
2023-11-08,54.66982650756836
2023-11-09,54.89898681640625
2023-11-10,55.430660247802734
2023-11-13,55.403160095214844
2023-11-14,56.50314712524414
2023-11-15,56.08148956298828
2023-11-16,56.27398681640625
2023-11-17,57.153987884521484
2023-11-20,57.16315460205078
2023-11-21,56.92481231689453
2023-11-22,57.28232192993164
2023-11-24,57.39231872558594
2023-11-27,57.34648513793945
2023-11-28,57.33731460571289
2023-11-29,57.28232192993164
2023-11-30,57.39231872558594
2023-12-01,57.942317962646484
2023-12-04,57.06232452392578
2023-12-05,56.85149002075195
2023-12-06,57.44731521606445
2023-12-07,57.88732147216797
2023-12-08,57.54815673828125
2023-12-11,57.87814712524414
2023-12-12,57.79564666748047
2023-12-13,58.67565155029297
2023-12-14,58.40981674194336
2023-12-15,57.9056510925293
2023-12-18,57.79564666748047
2023-12-19,57.969818115234375
2023-12-20,57.67701721191406
2023-12-21,58.680908203125
2023-12-22,58.8668098449707
2023-12-26,58.84822082519531
2023-12-27,59.17354965209961
2023-12-28,59.526771545410156
2023-12-29,59.619728088378906
2024-01-02,59.080604553222656
2024-01-03,58.75526809692383
2024-01-04,58.615840911865234
2024-01-05,59.052711486816406
2024-01-08,59.91717529296875
2024-01-09,59.554656982421875
2024-01-10,60.62361145019531
2024-01-11,61.16273498535156
2024-01-12,61.74833679199219
2024-01-16,61.29286575317383
2024-01-17,60.53065872192383
2024-01-18,61.0976676940918
2024-01-19,61.25569152832031
2024-01-22,61.980712890625
2024-01-23,61.43229675292969
2024-01-24,61.50666046142578
2024-01-25,61.27427673339844
2024-01-26,60.78163528442383
2024-01-29,61.50666046142578
2024-01-30,61.283573150634766
2024-01-31,61.54384231567383
2024-02-01,62.20381164550781
2024-02-02,61.82270050048828
2024-02-05,61.5252571105957
2024-02-06,61.515953063964844
2024-02-07,61.869171142578125
2024-02-08,61.711151123046875
2024-02-09,61.934242248535156
2024-02-12,62.250274658203125
2024-02-13,62.0364875793457
2024-02-14,62.27817153930664
2024-02-15,62.87306213378906
2024-02-16,62.8637580871582
2024-02-20,63.14263153076172
2024-02-21,63.012489318847656
2024-02-22,64.04426574707031
2024-02-23,64.14652252197266
2024-02-26,64.13721466064453
2024-02-27,64.30452728271484
2024-02-28,63.83047103881836
2024-02-29,64.24876403808594
2024-03-01,65.37348937988281
2024-03-04,64.99237823486328
2024-03-05,65.34559631347656
2024-03-06,66.34019470214844
2024-03-07,66.31230163574219
2024-03-08,66.16358184814453
2024-03-11,64.69493865966797
2024-03-12,65.04814910888672
2024-03-13,64.48114013671875
2024-03-14,64.19297790527344
2024-03-15,64.66704559326172
2024-03-18,65.67093658447266
2024-03-19,65.92190551757812
2024-03-20,66.43314361572266
2024-03-21,66.76776885986328
2024-03-22,66.75847625732422
2024-03-25,65.98696899414062
2024-03-26,66.2751235961914
2024-03-27,66.56327819824219
2024-03-28,66.32159423828125
2024-04-01,65.32701110839844
2024-04-02,64.99237823486328
2024-04-03,65.43855285644531
2024-04-04,64.76000213623047
2024-04-05,64.94590759277344
2024-04-08,65.27123260498047
2024-04-09,65.51290893554688
2024-04-10,64.49044036865234
2024-04-11,65.05744934082031
2024-04-12,64.19297790527344
2024-04-15,63.92342758178711
2024-04-16,63.03108215332031
2024-04-17,62.36182403564453
2024-04-18,62.17591857910156
2024-04-19,61.80411148071289
2024-04-22,62.43619155883789
2024-04-23,62.57561111450195
2024-04-24,62.84518051147461
2024-04-25,61.869171142578125
2024-04-26,62.39900207519531
2024-04-29,62.96601867675781
2024-04-30,62.52913284301758
2024-05-01,62.38041687011719
2024-05-02,63.644569396972656
2024-05-03,64.37889099121094
2024-05-06,64.76000213623047
2024-05-07,64.0535659790039
2024-05-08,63.244876861572266
2024-05-09,63.52372741699219
2024-05-10,63.16121292114258
2024-05-13,62.91024398803711
2024-05-14,63.402889251708984
2024-05-15,64.10933685302734
2024-05-16,63.458656311035156
2024-05-17,63.886253356933594
2024-05-20,64.34171295166016
2024-05-21,63.969905853271484
2024-05-22,63.22627639770508
2024-05-23,62.947425842285156
2024-05-24,63.635276794433594
2024-05-28,63.99779510498047
2024-05-29,62.71504211425781
2024-05-30,63.263465881347656
2024-05-31,64.10933685302734
2024-06-03,64.50902557373047
2024-06-04,64.58338928222656
2024-06-05,64.3974838256836
2024-06-06,64.36029815673828
2024-06-07,63.886253356933594
2024-06-10,64.45325469970703
2024-06-11,63.731285095214844
2024-06-12,64.04029846191406
2024-06-13,62.879173278808594
2024-06-14,62.860443115234375
2024-06-17,62.373512268066406
2024-06-18,62.42034149169922
2024-06-20,62.25178909301758
2024-06-21,61.811676025390625
2024-06-24,62.279876708984375
2024-06-25,63.263092041015625
2024-06-26,63.02898406982422
2024-06-27,63.34737014770508
2024-06-28,63.89985275268555
2024-07-01,63.478477478027344
2024-07-02,64.48041534423828
2024-07-03,65.07034301757812
2024-07-05,65.51044464111328
2024-07-08,65.19207763671875
2024-07-09,65.54791259765625
2024-07-10,66.74649810791016
2024-07-11,66.4936752319336
2024-07-12,66.85887145996094
2024-07-15,66.54048919677734
2024-07-16,67.32705688476562
2024-07-17,66.93377685546875
2024-07-18,65.9224624633789
2024-07-19,65.51044464111328
2024-07-22,65.82882690429688
2024-07-23,65.77264404296875
2024-07-24,64.48041534423828
2024-07-25,63.46910095214844
2024-07-26,64.32122802734375
2024-07-29,64.4710464477539
2024-07-30,64.5553207397461
2024-07-31,66.45621490478516
2024-08-01,63.25373840332031
2024-08-02,60.53817367553711
2024-08-05,59.39576721191406
2024-08-06,59.10548400878906
2024-08-07,60.08869934082031
2024-08-08,61.36220932006836
2024-08-09,61.21238327026367
2024-08-12,61.54948425292969
2024-08-13,63.30991744995117
2024-08-14,63.40354919433594
2024-08-15,64.6208724975586
2024-08-16,64.9579849243164
2024-08-19,65.88501739501953
2024-08-20,65.5666275024414
2024-08-21,66.32511138916016
2024-08-22,65.83818817138672
2024-08-23,67.35515594482422
2024-08-26,66.51239776611328
2024-08-27,67.16788482666016
2024-08-28,66.87759399414062
2024-08-29,66.98995971679688
2024-08-30,67.39260864257812
2024-09-03,66.38130187988281
2024-09-04,65.69773864746094
2024-09-05,66.09101867675781
2024-09-06,63.759376525878906
2024-09-09,64.92052459716797
2024-09-10,64.74259948730469
2024-09-11,65.1358871459961
2024-09-12,65.78201293945312
2024-09-13,65.42618560791016
2024-09-16,66.0535659790039
2024-09-17,65.27635192871094
2024-09-18,64.97669982910156
2024-09-19,66.69967651367188
2024-09-20,66.73713684082031
2024-09-23,67.13978576660156
2024-09-24,66.55921936035156
2024-09-25,66.43748474121094
2024-09-26,68.34774017333984
2024-09-27,66.55921936035156
2024-09-30,66.98995971679688
2024-10-01,67.08358764648438
2024-10-02,66.69967651367188
2024-10-03,66.43748474121094
2024-10-04,67.30833435058594
2024-10-07,66.52176666259766
2024-10-08,66.72776794433594
2024-10-09,66.38130187988281
2024-10-10,66.39067077636719
2024-10-11,66.5311279296875
2024-10-14,66.64349365234375
2024-10-15,65.27635192871094
2024-10-16,65.66964721679688
2024-10-17,65.32317352294922
2024-10-18,65.66964721679688
2024-10-21,64.58341979980469
2024-10-22,63.731285095214844
2024-10-23,62.42970275878906
2024-10-24,62.94472122192383
2024-10-25,62.963436126708984
2024-10-28,63.39418029785156
2024-10-29,64.01221466064453
2024-10-30,64.06839752197266
2024-10-31,63.74065399169922
2024-11-01,63.65639114379883
2024-11-04,63.71256637573242
2024-11-05,64.67705535888672
2024-11-06,64.96733856201172
2024-11-07,65.52918243408203
2024-11-08,65.01416015625
2024-11-11,65.17334747314453
2024-11-12,64.14330291748047
2024-11-13,63.431644439697266
2024-11-14,63.506561279296875
2024-11-15,63.19754409790039
2024-11-18,63.562740325927734
2024-11-19,63.46910095214844
2024-11-20,63.00090026855469
2024-11-21,63.1788215637207
2024-11-22,63.62828826904297
2024-11-25,64.06839752197266
2024-11-26,63.74065399169922
2024-11-27,63.562740325927734
2024-11-29,65.25761413574219
2024-12-02,66.0535659790039
2024-12-03,66.99932861328125
2024-12-04,66.62476348876953
2024-12-05,66.5030288696289
2024-12-06,66.55921936035156
2024-12-09,65.97864532470703
2024-12-10,65.62281036376953
2024-12-11,66.54985809326172
2024-12-12,65.89437866210938
2024-12-13,65.1171646118164
2024-12-16,64.78005981445312
2024-12-17,64.55561065673828
2024-12-18,62.938865661621094
2024-12-19,63.13859176635742
2024-12-20,62.96739959716797
2024-12-23,63.23369216918945
2024-12-24,63.195648193359375
2024-12-26,63.92794418334961
2024-12-27,64.41297149658203
2024-12-30,63.87088394165039
2024-12-31,63.813812255859375
2025-01-02,63.728233337402344
2025-01-03,63.9849967956543
2025-01-06,64.12765502929688
2025-01-07,63.97548294067383
2025-01-08,63.813812255859375
2025-01-10,62.04490280151367
2025-01-13,62.216094970703125
2025-01-14,62.09246063232422
2025-01-15,63.02446365356445
2025-01-16,62.62503433227539
2025-01-17,62.938865661621094
2025-01-21,64.03255462646484
2025-01-22,63.95647048950195
2025-01-23,64.4985580444336
2025-01-24,65.12623596191406
2025-01-27,64.4224624633789
2025-01-28,64.96456146240234
2025-01-29,64.76483917236328
2025-01-30,65.73489379882812
2025-01-31,64.96456146240234
2025-02-03,64.34638977050781
2025-02-04,64.926513671875
2025-02-05,65.73489379882812
2025-02-06,66.00118255615234
2025-02-07,65.12623596191406
2025-02-10,65.38300323486328
2025-02-11,65.37349700927734
2025-02-12,64.68875122070312
2025-02-13,65.86803436279297
2025-02-14,65.97264862060547
2025-02-18,66.6668930053711
2025-02-19,66.21040344238281
2025-02-20,66.29598999023438
2025-02-21,65.70635223388672
2025-02-24,65.41154479980469
2025-02-25,66.06774139404297
2025-02-26,66.10579681396484
2025-02-27,65.62075805664062
2025-02-28,65.11671447753906
2025-03-03,65.82048034667969
2025-03-04,65.27839660644531
2025-03-05,66.71444702148438
2025-03-06,66.20088958740234
2025-03-07,66.73346710205078
2025-03-10,65.31643676757812
2025-03-11,64.91700744628906
2025-03-12,66.11529541015625
2025-03-13,65.86803436279297
2025-03-14,66.90464782714844
2025-03-17,67.60841369628906
2025-03-18,67.41819763183594
2025-03-19,68.18852996826172
2025-03-20,67.8271484375
2025-03-21,67.83665466308594
2025-03-24,67.68448638916016
2025-03-25,68.16951751708984
2025-03-26,67.2850570678711
2025-03-27,67.18995666503906
2025-03-28,65.82998657226562
2025-03-31,65.20231628417969
2025-04-01,64.85994720458984
2025-04-02,64.87895965576172
2025-04-03,62.20659255981445
2025-04-04,58.497581481933594
2025-04-07,58.316890716552734
2025-04-08,58.63072967529297
2025-04-09,63.091033935546875
2025-04-10,61.074859619140625
2025-04-11,62.59649658203125
2025-04-14,63.62361145019531
2025-04-15,64.13716125488281
2025-04-16,63.50947952270508
2025-04-17,64.73631286621094
2025-04-21,64.59365844726562
2025-04-22,65.8775405883789
2025-04-23,66.07726287841797
2025-04-24,66.83807373046875
2025-04-25,67.3040771484375
2025-04-28,68.22657012939453
2025-04-29,68.49285888671875
2025-04-30,67.9317626953125
2025-05-01,67.68448638916016
2025-05-02,68.36922454833984
2025-05-05,68.84474182128906
2025-05-06,68.88278198242188
2025-05-07,68.45482635498047
2025-05-08,68.31216430664062
2025-05-09,68.48336029052734
2025-05-12,69.23466491699219
2025-05-13,68.71159362792969
2025-05-14,67.95077514648438
2025-05-15,68.7591552734375
2025-05-16,68.9398422241211
2025-05-19,69.01592254638672
2025-05-20,69.41535949707031
2025-05-21,68.7686538696289
2025-05-22,68.82572937011719
2025-05-23,69.45339965820312
2025-05-27,71.27936553955078
2025-05-28,70.00499725341797
2025-05-29,70.4044189453125
2025-05-30,70.4900131225586
2025-06-02,71.36495971679688
2025-06-03,70.49951934814453
2025-06-04,70.45198059082031
2025-06-05,69.79576873779297
2025-06-06,70.2047119140625
2025-06-09,70.309326171875
2025-06-10,70.26176452636719
2025-06-11,70.06204986572266
2025-06-12,70.57561492919922
2025-06-13,69.9954833984375
2025-06-16,70.13066864013672
2025-06-17,69.29656982421875
2025-06-18,70.0347900390625
2025-06-20,68.79803466796875
2025-06-23,69.04730224609375
2025-06-24,69.73758697509766
2025-06-25,69.44996643066406
2025-06-26,70.91681671142578
2025-06-27,72.17274475097656
2025-06-30,71.87554168701172
2025-07-01,71.3482437133789
2025-07-02,71.38658905029297
2025-07-03,71.52080535888672
2025-07-07,69.81427764892578
2025-07-08,70.16901397705078
2025-07-09,70.27447509765625
2025-07-10,69.92932891845703
2025-07-11,69.3732681274414
2025-07-14,69.42121124267578
2025-07-15,68.73092651367188
2025-07-16,69.04730224609375
2025-07-17,69.40203094482422
2025-07-18,68.8459701538086
2025-07-21,69.61295318603516
2025-07-22,69.96768188476562
2025-07-23,73.33280181884766
2025-07-24,73.39032745361328
2025-07-25,72.55623626708984
2025-07-28,71.20442962646484
2025-07-29,70.83052825927734
2025-07-30,70.92640686035156
2025-07-31,70.58126831054688
2025-08-01,71.01268768310547
2025-08-04,72.18233489990234
2025-08-05,71.93305969238281
2025-08-06,72.89179229736328
2025-08-07,73.45743560791016
2025-08-08,74.71336364746094
2025-08-11,74.57913970947266
2025-08-12,75.95970916748047
2025-08-13,75.99805450439453
2025-08-14,75.54745483398438
2025-08-15,76.84172821044922
2025-08-18,76.98554229736328
2025-08-19,76.71708679199219
2025-08-20,76.352783203125
2025-08-21,75.45157623291016
2025-08-22,76.71708679199219
2025-08-25,75.78713989257812
2025-08-26,75.6624984741211
2025-08-27,75.38446807861328
2025-08-28,76.0172348022461
2025-08-29,75.04891204833984
2025-09-02,74.92428588867188
2025-09-03,74.71336364746094
2025-09-04,75.4803466796875
2025-09-05,75.9117660522461
2025-09-08,77.61830139160156
2025-09-09,76.75543975830078
2025-09-10,77.0430679321289
2025-09-11,77.96343994140625
2025-09-12,77.42655181884766
2025-09-15,77.99219512939453
2025-09-16,77.99219512939453
2025-09-17,77.81962585449219
2025-09-18,78.12641906738281
2025-09-19,77.45531463623047
2025-09-22,77.89632415771484
2025-09-23,77.74292755126953
2025-09-24,77.5128402709961
2025-09-25,77.13893127441406
2025-09-26,77.11976623535156
2025-09-29,77.1868667602539
2025-09-30,76.89925384521484
2025-10-01,76.89925384521484
2025-10-02,76.84172821044922
2025-10-03,78.40444946289062
2025-10-06,79.83293914794922
2025-10-07,78.57701873779297
2025-10-08,78.37568664550781
2025-10-09,78.18394470214844
2025-10-10,75.1256103515625
2025-10-13,76.0172348022461
2025-10-14,76.73626708984375
2025-10-15,77.93467712402344
2025-10-16,78.18394470214844
2025-10-17,78.61537170410156
2025-10-20,80.09180450439453
2025-10-21,79.1618423461914
2025-10-22,78.7879409790039
2025-10-23,78.82628631591797
2025-10-24,79.09473419189453
2025-10-27,80.08221435546875
2025-10-28,80.46570587158203
2025-10-29,79.79460144042969
2025-10-30,79.77542114257812
2025-10-31,80.0055160522461
2025-11-03,80.18767547607422
2025-11-04,79.4111099243164
2025-11-05,79.3823471069336
2025-11-06,79.5357437133789
2025-11-07,79.85211944580078
2025-11-10,80.22602844238281
2025-11-11,80.29313659667969
2025-11-12,80.85877990722656
2025-11-13,79.58368682861328
2025-11-14,80.5136489868164
2025-11-17,79.06597137451172
2025-11-18,77.44572448730469
2025-11-19,77.349853515625
2025-11-20,76.20896911621094
2025-11-21,77.83880615234375
2025-11-24,78.36609649658203
2025-11-25,78.5386734008789
2025-11-26,79.8233642578125
2025-11-28,79.58368682861328
2025-12-01,79.12349700927734
2025-12-02,79.06597137451172
2025-12-03,79.2001953125
2025-12-04,80.16851043701172
2025-12-05,80.24520111083984
2025-12-08,79.75625610351562
2025-12-09,79.87129211425781
2025-12-10,80.446533203125
2025-12-11,80.74374389648438
2025-12-12,80.5328140258789
2025-12-15,81.36690521240234
2025-12-16,80.41309356689453
2025-12-17,79.30908966064453
2025-12-18,79.53784942626953
2025-12-19,80.1445541381836
2025-12-22,80.02519989013672
2025-12-23,80.70152282714844
2025-12-24,80.5622787475586
2025-12-26,80.5324478149414
2025-12-29,80.65179443359375
2025-12-30,80.54238891601562
2025-12-31,80.30368041992188
2026-01-02,80.8905029296875
2026-01-05,82.68077087402344
2026-01-06,82.62109375
2026-01-07,82.4719009399414
2026-01-08,82.4122314453125
2026-01-09,84.15277099609375
2026-01-12,84.8291015625
2026-01-13,83.99363708496094
2026-01-14,84.58045196533203
2026-01-15,84.9583969116211
2026-01-16,85.01807403564453
2026-01-20,83.26758575439453
2026-01-21,84.32185363769531
2026-01-22,84.40142059326172
2026-01-23,84.10304260253906
2026-01-26,84.17266082763672
2026-01-27,85.3761215209961
2026-01-28,84.74952697753906
2026-01-29,85.62477111816406
2026-01-30,85.25677490234375
2026-02-02,85.42585754394531
2026-02-03,86.21158599853516
2026-02-04,87.01720428466797
2026-02-05,85.63471984863281
2026-02-06,88.9168930053711
2026-02-09,90.79667663574219
2026-02-10,92.59689331054688
2026-02-11,93.46219635009766
2026-02-12,92.86544036865234
2026-02-13,93.34284210205078
2026-02-17,91.37354278564453
2026-02-18,90.88618469238281
2026-02-19,90.70716094970703
2026-02-20,90.97570037841797
2026-02-23,90.89613342285156
2026-02-24,90.73699951171875
2026-02-25,91.94046020507812
2026-02-26,91.9802474975586
2026-02-27,91.87084197998047
2026-03-02,89.71256256103516
2026-03-03,86.36077880859375
2026-03-04,88.11125946044922
2026-03-05,85.42585754394531
2026-03-06,84.31190490722656
2026-03-09,85.17720794677734
2026-03-10,85.9927749633789
2026-03-11,85.2667236328125
2026-03-12,83.73504638671875
2026-03-13,82.90953063964844
2026-03-16,84.61029052734375
2026-03-17,84.62023162841797
2026-03-18,83.69525909423828
2026-03-19,83.62564086914062
2026-03-20,80.76119995117188
2026-03-23,83.09850311279297
2026-03-24,82.8299560546875
2026-03-25,84.2920150756836
2026-03-26,82.2630386352539
2026-03-27,80.98995971679688
2026-03-30,81.0794677734375
2026-03-31,83.98369598388672
2026-04-01,86.0126724243164
2026-04-02,84.8291015625
2026-04-06,85.10758209228516
2026-04-07,85.04791259765625
2026-04-08,88.92683410644531
2026-04-09,87.7432632446289
2026-04-10,87.65374755859375
2026-04-13,87.87255859375
2026-04-14,88.92683410644531
2026-04-15,88.58866882324219
2026-04-16,88.92683410644531
2026-04-17,89.70262145996094
2026-04-20,88.8472671508789
2026-04-21,86.66909790039062
2026-04-22,87.28575134277344
2026-04-23,86.59947967529297
2026-04-24,86.84812927246094
2026-04-27,87.20618438720703
2026-04-28,87.08683013916016
2026-04-29,86.34088134765625
2026-04-30,88.6185073852539
2026-05-01,87.82283782958984
2026-05-04,87.64380645751953
2026-05-05,88.77764892578125
2026-05-06,91.1845703125
2026-05-07,90.498291015625
2026-05-08,91.72164916992188
2026-05-11,91.76143646240234
2026-05-12,91.56250762939453
2026-05-13,92.58694458007812
2026-05-14,91.56250762939453
2026-05-15,90.57786560058594
2026-05-18,90.42867279052734
2026-05-19,89.80207824707031
2026-05-20,90.71710968017578
2026-05-21,90.8762435913086
2026-05-22,91.11494445800781
2026-05-26,92.3979721069336
2026-05-27,91.79127502441406
2026-05-28,92.19905090332031
2026-05-29,92.45764923095703
2026-06-01,92.42781066894531
2026-06-02,93.07430267333984
2026-06-03,93.43235778808594
2026-06-04,93.62132263183594
2026-06-05,90.2297592163086
2026-06-08,91.4531021118164
2026-06-09,90.45851135253906
2026-06-10,88.80747985839844
2026-06-11,91.6818618774414
2026-06-12,92.20899963378906
2026-06-15,94.05999755859375
2026-06-16,94.12000274658203
2026-06-17,94.44999694824219
2026-06-18,96.26000213623047
2026-06-22,96.97000122070312
2026-06-23,92.75
2026-06-24,92.61000061035156
2026-06-25,93.38999938964844
2026-06-26,92.80000305175781
2026-06-29,93.20999908447266
2026-06-30,93.2699966430664
2026-07-01,93.05000305175781
2026-07-02,93.13999938964844
2026-07-06,95.2699966430664
2026-07-07,93.06999969482422
2026-07-08,92.54000091552734
2026-07-09,93.5199966430664
2026-07-10,94.55000305175781
2026-07-13,92.72000122070312
2026-07-14,93.88999938964844
2026-07-15,93.5
2026-07-16,91.91000366210938
2026-07-17,90.48999786376953
2026-07-20,90.43000030517578
2026-07-21,92.73999786376953
2026-07-22,92.19000244140625
2026-07-23,91.0999984741211
2026-07-24,91.20999908447266
2026-07-27,91.51000213623047
2026-07-28,89.83000183105469
2026-07-29,89.3499984741211
2026-07-30,93.29000091552734
2026-07-31,92.38999938964844
2026-08-03,92.91000366210938
2026-08-04,94.61000061035156
2026-08-05,95.16000366210938
2026-08-06,95.1500015258789
2026-08-07,96.9000015258789
2026-08-10,96.05000305175781
2026-08-11,96.27999877929688
2026-08-12,97.79000091552734
2026-08-13,98.47000122070312
2026-08-14,98.20999908447266
2026-08-17,98.16999816894531
2026-08-18,95.37000274658203
2026-08-19,94.77999877929688
2026-08-20,94.2699966430664
2026-08-21,95.18000030517578
2026-08-24,94.83999633789062
2026-08-25,95.62999725341797
2026-08-26,95.43000030517578
2026-08-27,95.83999633789062
2026-08-28,95.87000274658203
2026-08-31,95.87999725341797
2026-09-01,95.22000122070312
2026-09-02,96.04000091552734
2026-09-03,97.9000015258789
2026-09-04,98.27999877929688
2026-09-08,97.95999908447266
2026-09-09,97.0
2026-09-10,96.44000244140625
2026-09-11,98.55999755859375
2026-09-14,97.58000183105469
2026-09-15,96.91999816894531
2026-09-16,97.01000213623047
2026-09-17,97.91000366210938
2026-09-18,97.0
2026-09-21,97.95999908447266
2026-09-22,98.77999877929688
2026-09-23,97.05000305175781
2026-09-24,95.80999755859375
2026-09-25,97.93000030517578
2026-09-28,96.83000183105469
2026-09-29,96.51000213623047
2026-09-30,97.45999908447266
2026-10-01,97.37999725341797
2026-10-02,98.91999816894531
2026-10-05,99.30000305175781
2026-10-06,99.31999969482422
2026-10-07,98.31999969482422
