date,adjclose
2011-10-10,27.592554092407227
2011-10-11,27.607051849365234
2011-10-12,28.382570266723633
2011-10-13,28.1289005279541
2011-10-14,28.694231033325195
2011-10-17,27.723026275634766
2011-10-18,28.462299346923828
2011-10-19,27.918712615966797
2011-10-20,27.382369995117188
2011-10-21,28.165130615234375
2011-10-24,29.266809463500977
2011-10-25,28.686983108520508
2011-10-26,29.21607208251953
2011-10-27,30.991792678833008
2011-10-28,30.730876922607422
2011-10-31,29.578468322753906
2011-11-01,28.86092758178711
2011-11-02,29.745168685913086
2011-11-03,30.049579620361328
2011-11-04,29.853885650634766
2011-11-07,30.107555389404297
2011-11-08,30.462696075439453
2011-11-09,28.67974090576172
2011-11-10,28.868175506591797
2011-11-11,29.56397247314453
2011-11-14,29.15808868408203
2011-11-15,29.339290618896484
2011-11-16,28.549274444580078
2011-11-17,27.824501037597656
2011-11-18,27.933202743530273
2011-11-21,27.034475326538086
2011-11-22,27.128700256347656
2011-11-23,26.2517032623291
2011-11-25,26.16472625732422
2011-11-28,27.418611526489258
2011-11-29,27.29539680480957
2011-11-30,28.998634338378906
2011-12-01,28.911663055419922
2011-12-02,28.824695587158203
2011-12-05,29.295795440673828
2011-12-06,28.897165298461914
2011-12-07,29.013134002685547
2011-12-08,27.969446182250977
2011-12-09,28.53477668762207
2011-12-12,27.46209144592285
2011-12-13,27.208419799804688
2011-12-14,26.817039489746094
2011-12-15,26.990978240966797
2011-12-16,27.193923950195312
2011-12-19,26.490880966186523
2011-12-20,27.600923538208008
2011-12-21,27.688722610473633
2011-12-22,28.05459976196289
2011-12-23,28.164352416992188
2011-12-27,27.89360809326172
2011-12-28,27.425308227539062
2011-12-29,27.739946365356445
2011-12-30,27.761903762817383
2012-01-03,28.610713958740234
2012-01-04,28.449731826782227
2012-01-05,28.32533836364746
2012-01-06,27.96678924560547
2012-01-09,28.259479522705078
2012-01-10,28.874134063720703
2012-01-11,28.896087646484375
2012-01-12,29.013166427612305
2012-01-13,28.74973487854004
2012-01-17,29.298538208007812
2012-01-18,30.03759002685547
2012-01-19,30.301006317138672
2012-01-20,30.279064178466797
2012-01-23,30.571744918823242
2012-01-24,30.61565589904785
2012-01-25,30.95957374572754
2012-01-26,30.83517837524414
2012-01-27,30.996156692504883
2012-01-30,30.5498046875
2012-01-31,30.81321907043457
2012-02-01,31.493732452392578
2012-02-02,31.5815372467041
2012-02-03,32.10839080810547
2012-02-06,31.837642669677734
2012-02-07,31.90349578857422
2012-02-08,32.13034439086914
2012-02-09,32.11570739746094
2012-02-10,31.40592384338379
2012-02-13,31.918148040771484
2012-02-14,31.654712677001953
2012-02-15,31.742525100708008
2012-02-16,32.0864372253418
2012-02-17,32.14497375488281
2012-02-21,32.01326370239258
2012-02-22,32.07180404663086
2012-02-23,32.01326370239258
2012-02-24,32.33522415161133
2012-02-27,32.01326370239258
2012-02-28,32.459625244140625
2012-02-29,32.43766784667969
2012-03-01,32.744998931884766
2012-03-02,32.66450881958008
2012-03-05,32.101070404052734
2012-03-06,31.025426864624023
2012-03-07,31.398605346679688
2012-03-08,32.057167053222656
2012-03-09,32.04252624511719
2012-03-12,31.69129753112793
2012-03-13,32.554744720458984
2012-03-14,32.04252624511719
2012-03-15,32.29862976074219
2012-03-16,32.262046813964844
2012-03-19,32.13764953613281
2012-03-20,31.5815372467041
2012-03-21,31.64007568359375
2012-03-22,31.157148361206055
2012-03-23,31.391294479370117
2012-03-26,31.940080642700195
2012-03-27,31.77179527282715
2012-03-28,31.237625122070312
2012-03-29,31.201040267944336
2012-03-30,31.427871704101562
2012-04-02,31.859600067138672
2012-04-03,31.676664352416992
2012-04-04,31.10591697692871
2012-04-05,31.27420997619629
2012-04-09,30.81321907043457
2012-04-10,30.213199615478516
2012-04-11,30.54248046875
2012-04-12,31.325437545776367
2012-04-13,30.849809646606445
2012-04-16,30.696130752563477
2012-04-17,31.047382354736328
2012-04-18,30.90103530883789
2012-04-19,30.762004852294922
2012-04-20,30.974206924438477
2012-04-23,30.381500244140625
2012-04-24,30.447364807128906
2012-04-25,30.72541618347168
2012-04-26,30.915668487548828
2012-04-27,30.95957374572754
2012-04-30,30.893712997436523
2012-05-01,31.09860610961914
2012-05-02,31.040050506591797
2012-05-03,30.805908203125
2012-05-04,30.264421463012695
2012-05-07,30.37417984008789
2012-05-08,29.8912410736084
2012-05-09,29.503419876098633
2012-05-10,29.627824783325195
2012-05-11,29.247314453125
2012-05-14,28.581439971923828
2012-05-15,28.33265495300293
2012-05-16,27.930206298828125
2012-05-17,27.549697875976562
2012-05-18,27.28627586364746
2012-05-21,27.937519073486328
2012-05-22,27.64482879638672
2012-05-23,27.45456886291504
2012-05-24,27.31554412841797
2012-05-25,27.18383026123047
2012-05-29,27.952152252197266
2012-05-30,27.469209671020508
2012-05-31,27.586286544799805
2012-06-01,26.84723472595215
2012-06-04,26.964309692382812
2012-06-05,27.037485122680664
2012-06-06,27.827756881713867
2012-06-07,27.996051788330078
2012-06-08,27.754581451416016
2012-06-11,27.35212516784668
2012-06-12,27.922880172729492
2012-06-13,27.820446014404297
2012-06-14,28.018009185791016
2012-06-15,28.53021240234375
2012-06-18,28.58875274658203
2012-06-19,29.04974937438965
2012-06-20,28.95462989807129
2012-06-21,27.894237518310547
2012-06-22,27.98309326171875
2012-06-25,27.464759826660156
2012-06-26,27.701725006103516
2012-06-27,27.879430770874023
2012-06-28,27.74614715576172
2012-06-29,28.975360870361328
2012-07-02,28.975360870361328
2012-07-03,29.552946090698242
2012-07-05,29.2419376373291
2012-07-06,28.70878028869629
2012-07-09,28.605112075805664
2012-07-10,28.286706924438477
2012-07-11,28.434812545776367
2012-07-12,27.960887908935547
2012-07-13,28.501447677612305
2012-07-16,28.434812545776367
2012-07-17,28.812450408935547
2012-07-18,28.7384033203125
2012-07-19,29.004976272583008
2012-07-20,28.57549476623535
2012-07-23,27.827604293823242
2012-07-24,27.709123611450195
2012-07-25,27.842409133911133
2012-07-26,28.47182846069336
2012-07-27,29.271556854248047
2012-07-30,29.10124397277832
2012-07-31,28.967960357666016
2012-08-01,29.0197811126709
2012-08-02,28.67916488647461
2012-08-03,29.567760467529297
2012-08-06,29.752864837646484
2012-08-07,29.834325790405273
2012-08-08,29.89356803894043
2012-08-09,30.019447326660156
2012-08-10,30.160139083862305
2012-08-13,29.89356803894043
2012-08-14,29.88616943359375
2012-08-15,29.84173583984375
2012-08-16,30.115713119506836
2012-08-17,29.967622756958008
2012-08-20,29.952810287475586
2012-08-21,29.908370971679688
2012-08-22,29.923189163208008
2012-08-23,29.649202346801758
2012-08-24,29.6566162109375
2012-08-27,29.353008270263672
2012-08-28,29.29377555847168
2012-08-29,29.153072357177734
2012-08-30,28.812450408935547
2012-08-31,29.08642578125
2012-09-04,28.92352294921875
2012-09-05,28.77542495727539
2012-09-06,29.41225242614746
2012-09-07,30.093496322631836
2012-09-10,29.70844268798828
2012-09-11,30.063879013061523
2012-09-12,30.197166442871094
2012-09-13,31.011699676513672
2012-09-14,31.374542236328125
2012-09-17,31.03391456604004
2012-09-18,31.048734664916992
2012-09-19,31.048734664916992
2012-09-20,30.863603591918945
2012-09-21,30.937658309936523
2012-09-24,30.908039093017578
2012-09-25,30.448928833007812
2012-09-26,30.30823516845703
2012-09-27,30.78955078125
2012-09-28,30.60443878173828
2012-10-01,30.908039093017578
2012-10-02,30.952463150024414
2012-10-03,30.745134353637695
2012-10-04,31.063535690307617
2012-10-05,31.063535690307617
2012-10-08,30.78955078125
2012-10-09,30.560001373291016
2012-10-10,30.3748836517334
2012-10-11,30.65627098083496
2012-10-12,30.560001373291016
2012-10-15,30.73772621154785
2012-10-16,31.056129455566406
2012-10-17,31.300500869750977
2012-10-18,31.211645126342773
2012-10-19,30.730316162109375
2012-10-22,31.02651596069336
2012-10-23,30.389692306518555
2012-10-24,30.419313430786133
2012-10-25,30.752531051635742
2012-10-26,30.515573501586914
2012-10-31,30.471153259277344
2012-11-01,30.9672794342041
2012-11-02,30.80436134338379
2012-11-05,30.952463150024414
2012-11-06,31.196834564208984
2012-11-07,30.68588638305664
2012-11-08,30.300830841064453
2012-11-09,30.360069274902344
2012-11-12,30.471153259277344
2012-11-13,30.197166442871094
2012-11-14,29.73065948486328
2012-11-15,29.834325790405273
2012-11-16,29.923189163208008
2012-11-19,30.448928833007812
2012-11-20,30.389692306518555
2012-11-21,30.33045768737793
2012-11-23,30.826580047607422
2012-11-26,30.826580047607422
2012-11-27,30.567413330078125
2012-11-28,30.73772621154785
2012-11-29,30.959871292114258
2012-11-30,30.945066452026367
2012-12-03,30.930253982543945
2012-12-04,31.019105911254883
2012-12-05,31.352325439453125
2012-12-06,31.589282989501953
2012-12-07,31.685556411743164
2012-12-10,31.86326789855957
2012-12-11,32.02617263793945
2012-12-12,32.12244415283203
2012-12-13,31.981761932373047
2012-12-14,32.12244415283203
2012-12-17,32.203895568847656
2012-12-18,32.42887496948242
2012-12-19,32.41396713256836
2012-12-20,32.60767364501953
2012-12-21,32.23519515991211
2012-12-24,32.168128967285156
2012-12-26,32.26497268676758
2012-12-27,32.446815490722656
2012-12-28,32.5660514831543
2012-12-31,33.050437927246094
2013-01-02,33.69878005981445
2013-01-03,33.46030807495117
2013-01-04,33.52738952636719
2013-01-07,33.27400207519531
2013-01-08,32.97592544555664
2013-01-09,33.11751174926758
2013-01-10,33.40814971923828
2013-01-11,33.13987350463867
2013-01-14,33.281463623046875
2013-01-15,33.13987350463867
2013-01-16,33.11006546020508
2013-01-17,33.29636764526367
2013-01-18,33.370887756347656
2013-01-22,33.3187141418457
2013-01-23,33.13987350463867
2013-01-24,33.02064514160156
2013-01-25,32.90884780883789
2013-01-28,32.677825927734375
2013-01-29,33.042999267578125
2013-01-30,32.886497497558594
2013-01-31,32.95356750488281
2013-02-01,33.169673919677734
2013-02-04,32.72998809814453
2013-02-05,32.76725769042969
2013-02-06,32.72998809814453
2013-02-07,32.43935775756836
2013-02-08,32.677825927734375
2013-02-11,32.662925720214844
2013-02-12,32.752357482910156
2013-02-13,32.91630935668945
2013-02-14,32.901397705078125
2013-02-15,32.782161712646484
2013-02-19,32.8492317199707
2013-02-20,32.558597564697266
2013-02-21,32.11146926879883
2013-02-22,32.25305938720703
2013-02-25,31.820833206176758
2013-02-26,31.999685287475586
2013-02-27,32.34993362426758
2013-02-28,32.20089340209961
2013-03-01,32.27540588378906
2013-03-04,31.96986961364746
2013-03-05,32.357391357421875
2013-03-06,32.513877868652344
2013-03-07,32.60330581665039
2013-03-08,32.886497497558594
2013-03-11,32.7076416015625
2013-03-12,32.33503723144531
2013-03-13,32.02949905395508
2013-03-14,32.16362762451172
2013-03-15,31.87299156188965
2013-03-18,31.51529312133789
2013-03-19,31.291728973388672
2013-03-20,31.470571517944336
2013-03-21,31.15013313293457
2013-03-22,31.26936149597168
2013-03-25,31.239559173583984
2013-03-26,31.686695098876953
2013-03-27,31.805923461914062
2013-03-28,31.87299156188965
2013-04-01,31.530197143554688
2013-04-02,31.545101165771484
2013-04-03,31.17249870300293
2013-04-04,31.08306312561035
2013-04-05,31.008546829223633
2013-04-08,31.060705184936523
2013-04-09,31.366241455078125
2013-04-10,31.664339065551758
2013-04-11,31.694150924682617
2013-04-12,31.209749221801758
2013-04-15,30.449636459350586
2013-04-16,31.07561492919922
2013-04-17,30.58377456665039
2013-04-18,30.58377456665039
2013-04-19,31.030893325805664
2013-04-22,31.17994499206543
2013-04-23,31.3289794921875
2013-04-24,31.51529312133789
2013-04-25,31.79847526550293
2013-04-26,31.478031158447266
2013-04-29,31.805923461914062
2013-04-30,32.2605094909668
2013-05-01,31.91025161743164
2013-05-02,32.16362762451172
2013-05-03,32.431907653808594
2013-05-06,32.476619720458984
2013-05-07,32.7076416015625
2013-05-08,32.961021423339844
2013-05-09,32.72255325317383
2013-05-10,32.46916961669922
2013-05-13,32.17108154296875
2013-05-14,32.320125579833984
2013-05-15,32.32758331298828
2013-05-16,32.215782165527344
2013-05-17,32.357391357421875
2013-05-20,32.43935775756836
2013-05-21,32.37228775024414
2013-05-22,32.01458740234375
2013-05-23,31.7761173248291
2013-05-24,31.50039291381836
2013-05-28,31.67178726196289
2013-05-29,31.26936149597168
2013-05-30,31.26936149597168
2013-05-31,30.702999114990234
2013-06-03,31.157590866088867
2013-06-04,30.77752685546875
2013-06-05,30.22606086730957
2013-06-06,30.479448318481445
2013-06-07,30.322940826416016
2013-06-10,29.913068771362305
2013-06-11,29.346704483032227
2013-06-12,29.145509719848633
2013-06-13,29.764026641845703
2013-06-14,29.29454231262207
2013-06-17,29.562816619873047
2013-06-18,29.689510345458984
2013-06-19,28.772884368896484
2013-06-20,27.48366355895996
2013-06-21,27.878629684448242
2013-06-24,27.31226348876953
2013-06-25,27.89353370666504
2013-06-26,28.333213806152344
2013-06-27,28.901723861694336
2013-06-28,29.06783103942871
2013-07-01,29.15843391418457
2013-07-02,28.63747215270996
2013-07-03,28.373226165771484
2013-07-05,28.19202995300293
2013-07-08,28.22977066040039
2013-07-09,28.599720001220703
2013-07-10,28.327924728393555
2013-07-11,29.717138290405273
2013-07-12,29.40003776550293
2013-07-15,29.702037811279297
2013-07-16,29.822837829589844
2013-07-17,30.094640731811523
2013-07-18,29.739789962768555
2013-07-19,29.65673828125
2013-07-22,29.951190948486328
2013-07-23,30.275842666625977
2013-07-24,29.966289520263672
2013-07-25,30.139944076538086
2013-07-26,30.071983337402344
2013-07-29,29.694480895996094
2013-07-30,29.62654685974121
2013-07-31,29.45288848876953
2013-08-01,29.98894500732422
2013-08-02,29.98139762878418
2013-08-05,29.79263687133789
2013-08-06,29.415142059326172
2013-08-07,29.098033905029297
2013-08-08,29.65673828125
2013-08-09,29.717138290405273
2013-08-12,29.996498107910156
2013-08-13,30.17768669128418
2013-08-14,30.275842666625977
2013-08-15,29.928544998168945
2013-08-16,29.67184066772461
2013-08-19,29.11313247680664
2013-08-20,29.06028175354004
2013-08-21,28.380775451660156
2013-08-22,28.841327667236328
2013-08-23,29.181081771850586
2013-08-26,28.86397361755371
2013-08-27,28.19957160949707
2013-08-28,28.25997543334961
2013-08-29,28.48647117614746
2013-08-30,28.70543098449707
2013-09-03,28.88663101196289
2013-09-04,29.40003776550293
2013-09-05,29.747344970703125
2013-09-06,30.185243606567383
2013-09-09,30.978008270263672
2013-09-10,31.21204376220703
2013-09-11,31.234704971313477
2013-09-12,30.8723087310791
2013-09-13,31.076152801513672
2013-09-16,31.423460006713867
2013-09-17,31.35550880432129
2013-09-18,32.669212341308594
2013-09-19,32.49557113647461
2013-09-20,31.77076530456543
2013-09-23,31.884014129638672
2013-09-24,31.61220359802246
2013-09-25,31.370601654052734
2013-09-26,31.49895668029785
2013-09-27,31.129005432128906
2013-09-30,30.774147033691406
2013-10-01,31.385713577270508
2013-10-02,31.506511688232422
2013-10-03,31.385713577270508
2013-10-04,31.793415069580078
2013-10-07,31.521621704101562
2013-10-08,31.21961212158203
2013-10-09,31.45366859436035
2013-10-10,32.19356155395508
2013-10-11,32.337013244628906
2013-10-14,32.52577209472656
2013-10-15,32.20866775512695
2013-10-16,32.46536636352539
2013-10-17,32.669212341308594
2013-10-18,32.69942092895508
2013-10-21,32.64657211303711
2013-10-22,32.96367645263672
2013-10-23,32.19356155395508
2013-10-24,32.1256217956543
2013-10-25,32.276615142822266
2013-10-28,32.46536636352539
2013-10-29,32.571075439453125
2013-10-30,32.389869689941406
2013-10-31,32.05766677856445
2013-11-01,32.07276153564453
2013-11-04,32.26906967163086
2013-11-05,31.6197509765625
2013-11-06,31.71790313720703
2013-11-07,31.14410400390625
2013-11-08,31.076152801513672
2013-11-11,30.9176025390625
2013-11-12,30.751506805419922
2013-11-13,30.804357528686523
2013-11-14,31.30265235900879
2013-11-15,31.89910888671875
2013-11-18,32.18601608276367
2013-11-19,31.98971939086914
2013-11-20,31.551815032958984
2013-11-21,31.521621704101562
2013-11-22,31.74811363220215
2013-11-25,31.340404510498047
2013-11-26,31.446107864379883
2013-11-27,31.649946212768555
2013-11-29,31.97461700439453
2013-12-02,31.30265235900879
2013-12-03,31.19695281982422
2013-12-04,31.159208297729492
2013-12-05,30.978008270263672
2013-12-06,31.665063858032227
2013-12-09,31.71036720275879
2013-12-10,31.725465774536133
2013-12-11,31.02330207824707
2013-12-12,30.842100143432617
2013-12-13,30.9176025390625
2013-12-16,31.121456146240234
2013-12-17,30.849653244018555
2013-12-18,31.463682174682617
2013-12-19,30.88469696044922
2013-12-20,30.8389949798584
2013-12-23,31.067535400390625
2013-12-24,31.250364303588867
2013-12-26,30.98373031616211
2013-12-27,31.463682174682617
2013-12-30,31.600828170776367
2013-12-31,31.8446044921875
2014-01-02,30.618051528930664
2014-01-03,30.56473159790039
2014-01-06,30.27523422241211
2014-01-07,30.404741287231445
2014-01-08,30.30570411682129
2014-01-09,30.14572525024414
2014-01-10,30.678998947143555
2014-01-13,30.31332778930664
2014-01-14,30.640913009643555
2014-01-15,30.633291244506836
2014-01-16,30.4656982421875
2014-01-17,30.31332778930664
2014-01-21,30.267614364624023
2014-01-22,30.67138671875
2014-01-23,29.91716766357422
2014-01-24,29.132478713989258
2014-01-27,29.018205642700195
2014-01-28,29.2010555267334
2014-01-29,28.782033920288086
2014-01-30,29.04867935180664
2014-01-31,29.094388961791992
2014-02-03,28.2716007232666
2014-02-04,28.84298324584961
2014-02-05,28.736328125
2014-02-06,29.338167190551758
2014-02-07,29.50577735900879
2014-02-10,29.17819595336914
2014-02-11,29.81051254272461
2014-02-12,29.818126678466797
2014-02-13,29.84860610961914
2014-02-14,30.21428680419922
2014-02-18,29.93240737915039
2014-02-19,29.72671127319336
2014-02-20,29.83336639404297
2014-02-21,30.039058685302734
2014-02-24,30.039058685302734
2014-02-25,29.69624137878418
2014-02-26,29.719093322753906
2014-02-27,30.28285026550293
2014-02-28,30.077152252197266
2014-03-03,29.54387092590332
2014-03-04,30.04668426513672
2014-03-05,30.069538116455078
2014-03-06,30.49616050720215
2014-03-07,30.107627868652344
2014-03-10,29.90193748474121
2014-03-11,29.56672477722168
2014-03-12,29.627676010131836
2014-03-13,29.094388961791992
2014-03-14,29.254379272460938
2014-03-17,29.6124324798584
2014-03-18,30.02381706237793
2014-03-19,29.383886337280273
2014-03-20,29.51339340209961
2014-03-21,29.69624137878418
2014-03-24,29.985740661621094
2014-03-25,30.32856559753418
2014-03-26,30.39712905883789
2014-03-27,30.79327392578125
2014-03-28,31.037059783935547
2014-03-31,31.24276351928711
2014-04-01,31.608444213867188
2014-04-02,31.669382095336914
2014-04-03,31.547489166259766
2014-04-04,31.463682174682617
2014-04-07,31.600828170776367
2014-04-08,31.96649742126465
2014-04-09,32.21028137207031
2014-04-10,31.86745834350586
2014-04-11,31.86745834350586
2014-04-14,31.798891067504883
2014-04-15,31.318937301635742
2014-04-16,31.7150936126709
2014-04-17,32.00458526611328
2014-04-21,31.8065185546875
2014-04-22,31.722719192504883
2014-04-23,31.494163513183594
2014-04-24,31.52463150024414
2014-04-25,31.098012924194336
2014-04-28,31.250364303588867
2014-04-29,31.547489166259766
2014-04-30,31.486539840698242
2014-05-01,31.52463150024414
2014-05-02,31.699853897094727
2014-05-05,31.52463150024414
2014-05-06,31.669382095336914
2014-05-07,31.83699607849121
2014-05-08,31.76079559326172
2014-05-09,31.707477569580078
2014-05-12,32.240753173828125
2014-05-13,32.36265182495117
2014-05-14,32.59120178222656
2014-05-15,32.28647232055664
2014-05-16,32.71308898925781
2014-05-19,32.71308898925781
2014-05-20,32.446449279785156
2014-05-21,32.697853088378906
2014-05-22,32.92641067504883
2014-05-23,32.8654670715332
2014-05-27,32.583580017089844
2014-05-28,32.77404022216797
2014-05-29,32.8654670715332
2014-05-30,32.41596603393555
2014-06-02,32.515018463134766
2014-06-03,32.697853088378906
2014-06-04,32.515018463134766
2014-06-05,32.857845306396484
2014-06-06,33.18543243408203
2014-06-09,33.30731964111328
2014-06-10,33.4825439453125
2014-06-11,33.36826705932617
2014-06-12,33.20827865600586
2014-06-13,33.2235221862793
2014-06-16,33.071163177490234
2014-06-17,33.078773498535156
2014-06-18,33.4444580078125
2014-06-19,33.25399398803711
2014-06-20,33.18543243408203
2014-06-23,33.11687469482422
2014-06-24,33.101627349853516
2014-06-25,33.171512603759766
2014-06-26,33.20988845825195
2014-06-27,33.28667449951172
2014-06-30,33.19454574584961
2014-07-01,33.50935745239258
2014-07-02,33.709007263183594
2014-07-03,33.90864944458008
2014-07-07,33.8856086730957
2014-07-08,33.7320442199707
2014-07-09,33.92400360107422
2014-07-10,33.739715576171875
2014-07-11,33.701332092285156
2014-07-14,33.96239471435547
2014-07-15,33.939369201660156
2014-07-16,34.023834228515625
2014-07-17,33.386512756347656
2014-07-18,33.90864944458008
2014-07-21,34.023834228515625
2014-07-22,34.33864974975586
2014-07-23,34.369361877441406
2014-07-24,34.5229377746582
2014-07-25,34.38472366333008
2014-07-28,34.62275695800781
2014-07-29,34.415435791015625
2014-07-30,34.246498107910156
2014-07-31,33.6475830078125
2014-08-01,33.831871032714844
2014-08-04,34.14667510986328
2014-08-05,33.62453842163086
2014-08-06,33.39418411254883
2014-08-07,33.26364517211914
2014-08-08,33.563106536865234
2014-08-11,33.99311828613281
2014-08-12,34.0315055847168
2014-08-13,34.215789794921875
2014-08-14,34.269535064697266
2014-08-15,34.17739486694336
2014-08-18,34.507568359375
2014-08-19,34.668827056884766
2014-08-20,34.5997200012207
2014-08-21,34.453826904296875
2014-08-22,34.3616828918457
2014-08-25,34.61508560180664
2014-08-26,34.82239532470703
2014-08-27,34.9990119934082
2014-08-28,34.65345764160156
2014-08-29,34.5997200012207
2014-09-02,34.54597473144531
2014-09-03,34.9990119934082
2014-09-04,34.90686798095703
2014-09-05,35.20633316040039
2014-09-08,34.79167938232422
2014-09-09,34.3616828918457
2014-09-10,34.215789794921875
2014-09-11,33.98543167114258
2014-09-12,33.62453842163086
2014-09-15,33.45560836791992
2014-09-16,33.893287658691406
2014-09-17,33.57846450805664
2014-09-18,33.62453842163086
2014-09-19,33.37114715576172
2014-09-22,32.86435317993164
2014-09-23,32.68008041381836
2014-09-24,33.14846420288086
2014-09-25,32.42667007446289
2014-09-26,32.57257843017578
2014-09-29,31.912216186523438
2014-09-30,31.912216186523438
2014-10-01,31.259532928466797
2014-10-02,31.428466796875
2014-10-03,31.697219848632812
2014-10-06,32.11186218261719
2014-10-07,31.8277530670166
2014-10-08,32.3038215637207
2014-10-09,31.797033309936523
2014-10-10,31.10596466064453
2014-10-13,31.420787811279297
2014-10-14,31.60507583618164
2014-10-15,31.205778121948242
2014-10-16,30.921682357788086
2014-10-17,31.267210006713867
2014-10-20,31.35935401916504
2014-10-21,31.48989486694336
2014-10-22,31.28256607055664
2014-10-23,31.274900436401367
2014-10-24,31.49757194519043
2014-10-27,31.25185775756836
2014-10-28,31.881507873535156
2014-10-29,31.92756462097168
2014-10-30,32.22703170776367
2014-10-31,32.36526107788086
2014-11-03,32.096492767333984
2014-11-04,32.127220153808594
2014-11-05,31.84311294555664
2014-11-06,31.45150375366211
2014-11-07,31.65113067626953
2014-11-10,31.735607147216797
2014-11-11,31.70488739013672
2014-11-12,31.643468856811523
2014-11-13,31.558996200561523
2014-11-14,31.820072174072266
2014-11-17,31.482208251953125
2014-11-18,31.65113067626953
2014-11-19,31.635780334472656
2014-11-20,31.582042694091797
2014-11-21,32.587928771972656
2014-11-24,32.319175720214844
2014-11-25,32.11186218261719
2014-11-26,32.51881790161133
2014-11-28,31.866140365600586
2014-12-01,31.32096290588379
2014-12-02,31.313282012939453
2014-12-03,31.397754669189453
2014-12-04,31.45150375366211
2014-12-05,31.390071868896484
2014-12-08,30.92934799194336
2014-12-09,30.637563705444336
2014-12-10,30.184532165527344
2014-12-11,29.931135177612305
2014-12-12,29.439708709716797
2014-12-15,29.017385482788086
2014-12-16,28.9713077545166
2014-12-17,29.637279510498047
2014-12-18,30.042308807373047
2014-12-19,30.252609252929688
2014-12-22,30.673219680786133
2014-12-23,30.392810821533203
2014-12-24,30.462919235229492
2014-12-26,30.704374313354492
2014-12-29,30.517444610595703
2014-12-30,30.579744338989258
2014-12-31,30.603120803833008
2015-01-02,30.198091506958008
2015-01-05,29.660646438598633
2015-01-06,29.5360164642334
2015-01-07,30.174720764160156
2015-01-08,30.688796997070312
2015-01-09,30.587543487548828
2015-01-12,30.33829116821289
2015-01-13,30.603120803833008
2015-01-14,30.431758880615234
2015-01-15,30.501863479614258
2015-01-16,30.758895874023438
2015-01-20,30.712158203125
2015-01-21,31.389806747436523
2015-01-22,31.989566802978516
2015-01-23,31.748109817504883
2015-01-26,31.76367950439453
2015-01-27,31.592330932617188
2015-01-28,31.24961280822754
2015-01-29,31.24961280822754
2015-01-30,30.392810821533203
2015-02-02,30.938053131103516
2015-02-03,31.522233963012695
2015-02-04,31.366455078125
2015-02-05,31.553380966186523
2015-02-06,31.015932083129883
2015-02-09,30.969205856323242
2015-02-10,30.891319274902344
2015-02-11,30.665428161621094
2015-02-12,31.319713592529297
2015-02-13,31.67800521850586
2015-02-17,31.60790252685547
2015-02-18,31.600114822387695
2015-02-19,31.46770668029785
2015-02-20,31.67800521850586
2015-02-23,31.358654022216797
2015-02-24,31.810420989990234
2015-02-25,31.748109817504883
2015-02-26,31.755897521972656
2015-02-27,31.73253059387207
2015-03-02,31.6857967376709
2015-03-03,31.444334030151367
2015-03-04,31.101621627807617
2015-03-05,31.05488395690918
2015-03-06,30.579744338989258
2015-03-09,30.462919235229492
2015-03-10,29.785274505615234
2015-03-11,30.01114273071289
2015-03-12,30.198091506958008
2015-03-13,29.83201026916504
2015-03-16,30.19029998779297
2015-03-17,30.540800094604492
2015-03-18,31.288549423217773
2015-03-19,30.758895874023438
2015-03-20,31.21845245361328
2015-03-23,31.311914443969727
2015-03-24,31.436553955078125
2015-03-25,30.938053131103516
2015-03-26,30.64984703063965
2015-03-27,30.73552894592285
2015-03-30,31.327499389648438
2015-03-31,31.257396697998047
2015-04-01,31.6468448638916
2015-04-02,32.12197494506836
2015-04-06,32.534793853759766
2015-04-07,32.37123489379883
2015-04-08,33.048885345458984
2015-04-09,33.37601089477539
2015-04-10,33.39937973022461
2015-04-13,33.20465850830078
2015-04-14,33.35264587402344
2015-04-15,33.58631896972656
2015-04-16,33.85114669799805
2015-04-17,33.259178161621094
2015-04-20,33.22802734375
2015-04-21,33.42274475097656
2015-04-22,33.781036376953125
2015-04-23,34.03029251098633
2015-04-24,34.15491485595703
2015-04-27,34.287322998046875
2015-04-28,34.341854095458984
2015-04-29,33.91345977783203
2015-04-30,33.39937973022461
2015-05-01,33.60190200805664
2015-05-04,33.7966194152832
2015-05-05,33.430545806884766
2015-05-06,33.01771926879883
2015-05-07,32.970985412597656
2015-05-08,33.3915901184082
2015-05-11,33.072242736816406
2015-05-12,32.963199615478516
2015-05-13,33.025508880615234
2015-05-14,33.35264587402344
2015-05-15,33.60968780517578
2015-05-18,33.266963958740234
2015-05-19,33.321495056152344
2015-05-20,33.298118591308594
2015-05-21,33.18128967285156
2015-05-22,33.29033279418945
2015-05-26,32.760677337646484
2015-05-27,32.768463134765625
2015-05-28,32.3400764465332
2015-05-29,32.02850341796875
2015-06-01,31.90389633178711
2015-06-02,32.02850341796875
2015-06-03,31.864940643310547
2015-06-04,31.38202667236328
2015-06-05,31.2418212890625
2015-06-08,31.234027862548828
2015-06-09,31.047096252441406
2015-06-10,31.498859405517578
2015-06-11,31.34307861328125
2015-06-12,31.34307861328125
2015-06-15,30.99257469177246
2015-06-16,31.00035858154297
2015-06-17,31.187294006347656
2015-06-18,31.47549819946289
2015-06-19,31.2028865814209
2015-06-22,31.65463638305664
2015-06-23,31.966209411621094
2015-06-24,31.740314483642578
2015-06-25,31.631237030029297
2015-06-26,31.33306121826172
2015-06-29,30.63468360900879
2015-06-30,31.08979606628418
2015-07-01,31.066265106201172
2015-07-02,31.21536636352539
2015-07-06,30.344341278076172
2015-07-07,29.88921356201172
2015-07-08,28.861249923706055
2015-07-09,29.41839599609375
2015-07-10,30.163850784301758
2015-07-13,30.367876052856445
2015-07-14,30.42281150817871
2015-07-15,30.077545166015625
2015-07-16,30.454195022583008
2015-07-17,30.414960861206055
2015-07-20,30.218780517578125
2015-07-21,30.22663116455078
2015-07-22,29.795053482055664
2015-07-23,29.50470733642578
2015-07-24,29.080974578857422
2015-07-27,28.53168487548828
2015-07-28,28.8220272064209
2015-07-29,29.10451889038086
2015-07-30,28.814184188842773
2015-07-31,29.1280517578125
2015-08-03,28.641536712646484
2015-08-04,28.743547439575195
2015-08-05,28.75139808654785
2015-08-06,28.500295639038086
2015-08-07,28.484601974487305
2015-08-10,28.96326446533203
2015-08-11,28.32765007019043
2015-08-12,27.888227462768555
2015-08-13,27.841142654418945
2015-08-14,27.88038444519043
2015-08-17,27.574337005615234
2015-08-18,27.27616310119629
2015-08-19,26.938739776611328
2015-08-20,26.514999389648438
2015-08-21,25.698915481567383
2015-08-24,24.57679557800293
2015-08-25,24.890674591064453
2015-08-26,25.71460723876953
2015-08-27,26.852420806884766
2015-08-28,26.50715446472168
2015-08-31,26.554235458374023
2015-09-01,25.526277542114258
2015-09-02,25.895097732543945
2015-09-03,25.997102737426758
2015-09-04,25.220247268676758
2015-09-08,26.0206356048584
2015-09-09,25.887250900268555
2015-09-10,26.154041290283203
2015-09-11,26.256046295166016
2015-09-14,26.216815948486328
2015-09-15,26.46792221069336
2015-09-16,27.111370086669922
2015-09-17,27.048599243164062
2015-09-18,26.5463924407959
2015-09-21,26.499309539794922
2015-09-22,26.004945755004883
2015-09-23,25.589052200317383
2015-09-24,25.47920036315918
2015-09-25,25.424274444580078
2015-09-28,24.882823944091797
2015-09-29,25.000534057617188
2015-09-30,25.72245216369629
2015-10-01,25.863704681396484
2015-10-02,26.554235458374023
2015-10-05,27.12706756591797
2015-10-06,27.079984664916992
2015-10-07,27.801910400390625
2015-10-08,28.10009765625
2015-10-09,28.202104568481445
2015-10-12,27.990236282348633
2015-10-13,27.535110473632812
2015-10-14,27.746978759765625
2015-10-15,28.42182731628418
2015-10-16,28.445363998413086
2015-10-19,28.1550235748291
2015-10-20,28.147180557250977
2015-10-21,27.739131927490234
2015-10-22,28.31196403503418
2015-10-23,28.47675132751465
2015-10-26,28.217798233032227
2015-10-27,27.896074295043945
2015-10-28,27.574337005615234
2015-10-29,27.315406799316406
2015-10-30,27.362476348876953
2015-11-02,27.903921127319336
2015-11-03,28.272727966308594
2015-11-04,28.0451717376709
2015-11-05,28.092252731323242
2015-11-06,27.699899673461914
2015-11-09,27.009361267089844
2015-11-10,26.89166259765625
2015-11-11,26.94658660888672
2015-11-12,26.687639236450195
2015-11-13,26.318830490112305
2015-11-16,26.828880310058594
2015-11-17,26.750415802001953
2015-11-18,27.04074478149414
2015-11-19,27.28400993347168
2015-11-20,27.558652877807617
2015-11-23,27.299701690673828
2015-11-24,27.44095230102539
2015-11-25,27.229076385498047
2015-11-27,26.632709503173828
2015-11-30,26.67194366455078
2015-12-01,26.87595558166504
2015-12-02,26.554235458374023
2015-12-03,26.405147552490234
2015-12-04,26.58562469482422
2015-12-07,26.146190643310547
2015-12-08,25.85585594177246
2015-12-09,25.643985748291016
2015-12-10,25.471349716186523
2015-12-11,24.757274627685547
2015-12-14,25.157470703125
2015-12-15,25.541973114013672
2015-12-16,26.04418182373047
2015-12-17,25.706764221191406
2015-12-18,25.620447158813477
2015-12-21,25.82047462463379
2015-12-22,26.027673721313477
2015-12-23,26.39426040649414
2015-12-24,26.298633575439453
2015-12-28,26.115337371826172
2015-12-29,26.139244079589844
2015-12-30,25.73280906677246
2015-12-31,25.653112411499023
2016-01-04,24.951818466186523
2016-01-05,25.007610321044922
2016-01-06,24.529451370239258
2016-01-07,23.772363662719727
2016-01-08,23.517349243164062
2016-01-11,23.50937843322754
2016-01-12,23.557199478149414
2016-01-13,23.310150146484375
2016-01-14,23.61298179626465
2016-01-15,22.680580139160156
2016-01-19,23.01528549194336
2016-01-20,22.513221740722656
2016-01-21,22.60088348388672
2016-01-22,23.373903274536133
2016-01-25,22.975440979003906
2016-01-26,23.310150146484375
2016-01-27,23.23045539855957
2016-01-28,23.5970458984375
2016-01-29,24.362098693847656
2016-02-01,24.1309871673584
2016-02-02,23.349992752075195
2016-02-03,24.01144790649414
2016-02-04,24.194738388061523
2016-02-05,23.915813446044922
2016-02-08,23.58907699584961
2016-02-09,23.262332916259766
2016-02-10,23.357967376708984
2016-02-11,22.967470169067383
2016-02-12,23.365936279296875
2016-02-16,23.883934020996094
2016-02-17,24.3541259765625
2016-02-18,24.210678100585938
2016-02-19,24.099105834960938
2016-02-22,24.696807861328125
2016-02-23,24.17083168029785
2016-02-24,24.11505126953125
2016-02-25,24.194738388061523
2016-02-26,23.955659866333008
2016-02-29,24.162864685058594
2016-03-01,25.023548126220703
2016-03-02,25.358259201049805
2016-03-03,25.64514923095703
2016-03-04,26.15518569946289
2016-03-07,26.115337371826172
2016-03-08,25.669057846069336
2016-03-09,25.828441619873047
2016-03-10,25.868289947509766
2016-03-11,26.410200119018555
2016-03-14,26.25081443786621
2016-03-15,25.87626075744629
2016-03-16,26.39426040649414
2016-03-17,26.976016998291016
2016-03-18,27.11946678161621
2016-03-21,27.17525291442871
2016-03-22,27.111499786376953
2016-03-23,26.64927864074707
2016-03-24,26.585521697998047
2016-03-28,26.673189163208008
2016-03-29,27.03977394104004
2016-03-30,27.318695068359375
2016-03-31,27.294790267944336
2016-04-01,27.215097427368164
2016-04-04,26.88836097717285
2016-04-05,26.362382888793945
2016-04-06,26.6811580657959
2016-04-07,26.147216796875
2016-04-08,26.60146141052246
2016-04-11,26.944143295288086
2016-04-12,27.358543395996094
2016-04-13,27.84467124938965
2016-04-14,27.70919418334961
2016-04-15,27.549802780151367
2016-04-18,27.67731475830078
2016-04-19,28.099685668945312
2016-04-20,27.97217559814453
2016-04-21,27.693254470825195
2016-04-22,27.525901794433594
2016-04-25,27.350574493408203
2016-04-26,27.64544105529785
2016-04-27,27.81279945373535
2016-04-28,27.525901794433594
2016-04-29,27.406360626220703
2016-05-02,27.334636688232422
2016-05-03,26.56162452697754
2016-05-04,26.131277084350586
2016-05-05,26.12330436706543
2016-05-06,26.16315460205078
2016-05-09,25.828441619873047
2016-05-10,26.322534561157227
2016-05-11,26.2587890625
2016-05-12,26.18706512451172
2016-05-13,25.716875076293945
2016-05-16,26.027673721313477
2016-05-17,25.90813636779785
2016-05-18,25.653112411499023
2016-05-19,25.41403579711914
2016-05-20,25.669057846069336
2016-05-23,25.62124252319336
2016-05-24,25.88422966003418
2016-05-25,26.195030212402344
2016-05-26,26.370351791381836
2016-05-27,26.362382888793945
2016-05-31,26.39426040649414
2016-06-01,26.378318786621094
2016-06-02,26.593494415283203
2016-06-03,26.99992561340332
2016-06-06,27.286821365356445
2016-06-07,27.53386878967285
2016-06-08,27.733097076416016
2016-06-09,27.414335250854492
2016-06-10,26.720998764038086
2016-06-13,26.346446990966797
2016-06-14,26.2587890625
2016-06-15,26.53770637512207
2016-06-16,26.442081451416016
2016-06-17,26.5137996673584
2016-06-20,26.983993530273438
2016-06-21,27.191192626953125
2016-06-22,27.260265350341797
2016-06-23,27.91887664794922
2016-06-24,26.22414779663086
2016-06-27,25.886812210083008
2016-06-28,26.64984130859375
2016-06-29,27.324522018432617
2016-06-30,27.597610473632812
2016-07-01,27.862659454345703
2016-07-05,27.268295288085938
2016-07-06,27.196012496948242
2016-07-07,27.123722076416016
2016-07-08,27.710052490234375
2016-07-11,27.975099563598633
2016-07-12,28.368663787841797
2016-07-13,28.320472717285156
2016-07-14,28.730106353759766
2016-07-15,28.665849685668945
2016-07-18,28.922866821289062
2016-07-19,28.62569236755371
2016-07-20,28.7702579498291
2016-07-21,28.681907653808594
2016-07-22,28.89073371887207
2016-07-25,28.601591110229492
2016-07-26,28.82648277282715
2016-07-27,28.922866821289062
2016-07-28,28.93089485168457
2016-07-29,29.08350372314453
2016-08-01,29.027280807495117
2016-08-02,28.818456649780273
2016-08-03,28.91483497619629
2016-08-04,29.075477600097656
2016-08-05,29.412817001342773
2016-08-08,29.62164878845215
2016-08-09,29.822439193725586
2016-08-10,29.83047103881836
2016-08-11,30.215999603271484
2016-08-12,30.103559494018555
2016-08-15,30.41680335998535
2016-08-16,30.280258178710938
2016-08-17,30.08749008178711
2016-08-18,30.36859703063965
2016-08-19,30.199939727783203
2016-08-22,29.798349380493164
2016-08-23,29.677865982055664
2016-08-24,29.758182525634766
2016-08-25,29.78227996826172
2016-08-26,29.52526092529297
2016-08-29,29.750154495239258
2016-08-30,29.669828414916992
2016-08-31,29.34052848815918
2016-09-01,29.565420150756836
2016-09-02,30.047332763671875
2016-09-06,30.68988609313965
2016-09-07,30.5935001373291
2016-09-08,30.513187408447266
2016-09-09,29.48509979248047
2016-09-12,29.685897827148438
2016-09-13,28.938926696777344
2016-09-14,29.027280807495117
2016-09-15,29.52526092529297
2016-09-16,29.324460983276367
2016-09-19,29.55738639831543
2016-09-20,29.57345199584961
2016-09-21,30.40073013305664
2016-09-22,30.61759376525879
2016-09-23,30.224042892456055
2016-09-26,29.78227996826172
2016-09-27,30.207971572875977
2016-09-28,30.481054306030273
2016-09-29,29.950958251953125
2016-09-30,30.07946014404297
2016-10-03,30.288288116455078
2016-10-04,29.950958251953125
2016-10-05,30.384668350219727
2016-10-06,30.408769607543945
2016-10-07,30.27222442626953
2016-10-10,30.601526260375977
2016-10-11,29.894723892211914
2016-10-12,29.8385009765625
2016-10-13,29.57345199584961
2016-10-14,29.62164878845215
2016-10-17,29.58951187133789
2016-10-18,30.111591339111328
2016-10-19,30.296321868896484
2016-10-20,30.207971572875977
2016-10-21,30.199939727783203
2016-10-24,30.328441619873047
2016-10-25,30.360567092895508
2016-10-26,30.039304733276367
2016-10-27,29.78227996826172
2016-10-28,29.66180419921875
2016-10-31,29.83047103881836
2016-11-01,29.58951187133789
2016-11-02,29.236114501953125
2016-11-03,29.155794143676758
2016-11-04,28.858610153198242
2016-11-07,29.902755737304688
2016-11-08,30.095529556274414
2016-11-09,29.115636825561523
2016-11-10,28.288341522216797
2016-11-11,27.750211715698242
2016-11-14,27.549409866333008
2016-11-15,28.103614807128906
2016-11-16,27.870689392089844
2016-11-17,27.910844802856445
2016-11-18,27.782344818115234
2016-11-21,28.055421829223633
2016-11-22,28.48111343383789
2016-11-23,28.175899505615234
2016-11-25,28.31244659423828
2016-11-28,28.42489242553711
2016-11-29,28.465044021606445
2016-11-30,28.51324462890625
2016-12-01,28.175899505615234
2016-12-02,28.208023071289062
2016-12-05,28.440948486328125
2016-12-06,28.59355926513672
2016-12-07,29.075477600097656
2016-12-08,29.203983306884766
2016-12-09,29.051374435424805
2016-12-12,28.858610153198242
2016-12-13,29.179889678955078
2016-12-14,28.31244659423828
2016-12-15,28.36063575744629
2016-12-16,28.23212242126465
2016-12-19,28.03936004638672
2016-12-20,28.135744094848633
2016-12-21,28.018756866455078
2016-12-22,27.685688018798828
2016-12-23,27.848161697387695
2016-12-27,27.970014572143555
2016-12-28,28.181230545043945
2016-12-29,28.644287109375
2016-12-30,28.441192626953125
2017-01-03,28.782384872436523
2017-01-04,29.00173568725586
2017-01-05,29.318552017211914
2017-01-06,29.196704864501953
2017-01-09,29.17232894897461
2017-01-10,29.342927932739258
2017-01-11,29.69224739074707
2017-01-12,29.822229385375977
2017-01-13,29.797861099243164
2017-01-17,29.781612396240234
2017-01-18,29.619129180908203
2017-01-19,29.529773712158203
2017-01-20,29.586639404296875
2017-01-23,30.025327682495117
2017-01-24,30.212169647216797
2017-01-25,30.545238494873047
2017-01-26,30.41526222229004
2017-01-27,30.43963623046875
2017-01-30,30.277158737182617
2017-01-31,30.334020614624023
2017-02-01,30.350269317626953
2017-02-02,30.480247497558594
2017-02-03,30.667095184326172
2017-02-06,30.593984603881836
2017-02-07,30.43963623046875
2017-02-08,30.626482009887695
2017-02-09,30.764585494995117
2017-02-10,31.048908233642578
2017-02-13,31.146406173706055
2017-02-14,31.17889404296875
2017-02-15,31.430727005004883
2017-02-16,31.316993713378906
2017-02-17,31.1870174407959
2017-02-21,31.528215408325195
2017-02-22,31.625696182250977
2017-02-23,31.633825302124023
2017-02-24,31.260122299194336
2017-02-27,31.16265106201172
2017-02-28,30.862064361572266
2017-03-01,31.341365814208984
2017-03-02,30.788955688476562
2017-03-03,31.024538040161133
2017-03-06,31.04079246520996
2017-03-07,31.073286056518555
2017-03-08,30.78082847595215
2017-03-09,30.537109375
2017-03-10,30.878311157226562
2017-03-13,31.30886459350586
2017-03-14,31.13014793395996
2017-03-15,31.94251823425293
2017-03-16,32.137489318847656
2017-03-17,32.080623626708984
2017-03-20,32.454315185546875
2017-03-21,32.09687042236328
2017-03-22,32.251224517822266
2017-03-23,32.25934600830078
2017-03-24,32.3405876159668
2017-03-27,32.251224517822266
2017-03-28,32.3405876159668
2017-03-29,32.39744567871094
2017-03-30,32.22685623168945
2017-03-31,31.999385833740234
2017-04-03,32.17811584472656
2017-04-04,32.19435501098633
2017-04-05,32.09687042236328
2017-04-06,32.040000915527344
2017-04-07,31.983144760131836
2017-04-10,31.853164672851562
2017-04-11,31.78004264831543
2017-04-12,31.93440055847168
2017-04-13,31.796295166015625
2017-04-17,32.12936782836914
2017-04-18,31.72319221496582
2017-04-19,31.528215408325195
2017-04-20,31.91815757751465
2017-04-21,31.91815757751465
2017-04-24,32.373077392578125
2017-04-25,32.65740966796875
2017-04-26,32.535552978515625
2017-04-27,32.49493408203125
2017-04-28,32.54367446899414
2017-05-01,32.73052215576172
2017-05-02,32.96611785888672
2017-05-03,32.74677658081055
2017-05-04,32.38121032714844
2017-05-05,32.64927673339844
2017-05-08,32.64116287231445
2017-05-09,33.05546569824219
2017-05-10,33.27482223510742
2017-05-11,33.347930908203125
2017-05-12,33.48603439331055
2017-05-15,33.827232360839844
2017-05-16,33.85971450805664
2017-05-17,33.28293991088867
2017-05-18,32.73052215576172
2017-05-19,33.42917251586914
2017-05-22,33.4616584777832
2017-05-23,33.49414825439453
2017-05-24,33.6241340637207
2017-05-25,33.7866096496582
2017-05-26,33.90847396850586
2017-05-30,33.72974395751953
2017-05-31,33.469783782958984
2017-06-01,33.75411605834961
2017-06-02,33.924720764160156
2017-06-05,33.884098052978516
2017-06-06,33.90034484863281
2017-06-07,33.85971450805664
2017-06-08,34.06281280517578
2017-06-09,33.802860260009766
2017-06-12,33.6241340637207
2017-06-13,33.7866096496582
2017-06-14,33.77849197387695
2017-06-15,33.42917251586914
2017-06-16,33.48603439331055
2017-06-19,33.81911087036133
2017-06-20,33.44532012939453
2017-06-21,33.51877212524414
2017-06-22,33.690155029296875
2017-06-23,33.86970901489258
2017-06-26,34.19615173339844
2017-06-27,33.7962532043457
2017-06-28,34.05741882324219
2017-06-29,33.6248664855957
2017-06-30,33.779930114746094
2017-07-03,33.97581100463867
2017-07-05,33.91051483154297
2017-07-06,33.502445220947266
2017-07-07,33.56773376464844
2017-07-10,33.886024475097656
2017-07-11,34.163509368896484
2017-07-12,34.8245849609375
2017-07-13,34.99597930908203
2017-07-14,35.43669128417969
2017-07-17,35.27347183227539
2017-07-18,35.37956619262695
2017-07-19,35.673377990722656
2017-07-20,35.632564544677734
2017-07-21,35.60808563232422
2017-07-24,35.714176177978516
2017-07-25,35.6244010925293
2017-07-26,35.918209075927734
2017-07-27,35.72233581542969
2017-07-28,35.70601272583008
2017-07-31,35.746829986572266
2017-08-01,35.85292053222656
2017-08-02,35.88556671142578
2017-08-03,35.73866653442383
2017-08-04,35.86924362182617
2017-08-07,36.114078521728516
2017-08-08,36.122249603271484
2017-08-09,35.7957878112793
2017-08-10,34.94700241088867
2017-08-11,35.028621673583984
2017-08-14,35.38772201538086
2017-08-15,35.42852783203125
2017-08-16,35.7957878112793
2017-08-17,35.338748931884766
2017-08-18,35.64072799682617
2017-08-21,35.77130889892578
2017-08-22,36.17121505737305
2017-08-23,36.34260559082031
2017-08-24,36.45685958862305
2017-08-25,36.669063568115234
2017-08-28,36.53846740722656
2017-08-29,36.47318649291992
2017-08-30,36.53031539916992
2017-08-31,36.58744430541992
2017-09-01,36.85676574707031
2017-09-05,36.375247955322266
2017-09-06,36.61192321777344
2017-09-07,36.88125991821289
2017-09-08,36.636409759521484
2017-09-11,37.1260871887207
2017-09-12,37.085289001464844
2017-09-13,36.88941192626953
2017-09-14,36.98734664916992
2017-09-15,37.20771408081055
2017-09-18,37.338287353515625
2017-09-19,37.41991424560547
2017-09-20,37.24851608276367
2017-09-21,37.24851608276367
2017-09-22,37.03632354736328
2017-09-25,36.40789031982422
2017-09-26,36.30995559692383
2017-09-27,36.17936706542969
2017-09-28,36.15489196777344
2017-09-29,36.571128845214844
2017-10-02,36.579280853271484
2017-10-03,37.15874481201172
2017-10-04,37.15058135986328
2017-10-05,37.42806625366211
2017-10-06,37.240352630615234
2017-10-09,37.21586608886719
2017-10-10,37.583126068115234
2017-10-11,37.754520416259766
2017-10-12,37.738197326660156
2017-10-13,38.08098220825195
2017-10-16,38.056488037109375
2017-10-17,37.860618591308594
2017-10-18,37.95039367675781
2017-10-19,37.61578369140625
2017-10-20,37.754520416259766
2017-10-23,37.452552795410156
2017-10-24,37.452552795410156
2017-10-25,37.370941162109375
2017-10-26,37.1179313659668
2017-10-27,37.65658187866211
2017-10-30,37.41991424560547
2017-10-31,37.77083969116211
2017-11-01,37.96671676635742
2017-11-02,38.015689849853516
2017-11-03,37.81981658935547
2017-11-06,38.24420166015625
2017-11-07,37.99936294555664
2017-11-08,38.17891311645508
2017-11-09,37.942237854003906
2017-11-10,37.77900695800781
2017-11-13,37.69739532470703
2017-11-14,37.444393157958984
2017-11-15,37.24851608276367
2017-11-16,38.023841857910156
2017-11-17,38.2115478515625
2017-11-20,38.40743637084961
2017-11-21,38.92160415649414
2017-11-22,39.0195426940918
2017-11-24,38.93791198730469
2017-11-27,38.36662292480469
2017-11-28,38.65227127075195
2017-11-29,38.04016876220703
2017-11-30,37.62394714355469
2017-12-01,37.411746978759766
2017-12-04,37.485198974609375
2017-12-05,37.460716247558594
2017-12-06,36.954708099365234
2017-12-07,37.0608024597168
2017-12-08,37.49335861206055
2017-12-11,37.68106460571289
2017-12-12,37.42806625366211
2017-12-13,37.8769416809082
2017-12-14,37.599449157714844
2017-12-15,37.68106460571289
2017-12-18,38.1054573059082
2017-12-19,37.90413284301758
2017-12-20,37.9538459777832
2017-12-21,38.202396392822266
2017-12-22,38.5255126953125
2017-12-26,38.492366790771484
2017-12-27,38.591793060302734
2017-12-28,38.85691452026367
2017-12-29,39.03919219970703
2018-01-02,39.77655029296875
2018-01-03,40.15767288208008
2018-01-04,40.356510162353516
2018-01-05,40.7044792175293
2018-01-08,40.7044792175293
2018-01-09,40.63819885253906
2018-01-10,40.38136672973633
2018-01-11,40.62990951538086
2018-01-12,41.01931381225586
2018-01-16,40.861900329589844
2018-01-17,41.400428771972656
2018-01-18,41.450138092041016
2018-01-19,41.78982925415039
2018-01-22,42.030086517333984
2018-01-23,42.228939056396484
2018-01-24,42.58518981933594
2018-01-25,42.56033706665039
2018-01-26,43.14857864379883
2018-01-29,42.49405288696289
2018-01-30,41.91410446166992
2018-01-31,42.27863693237305
2018-02-01,41.706974029541016
2018-02-02,40.63819885253906
2018-02-05,39.213172912597656
2018-02-06,40.48906707763672
2018-02-07,39.213172912597656
2018-02-08,37.85441970825195
2018-02-09,38.459232330322266
2018-02-12,39.06404495239258
2018-02-13,39.36229705810547
2018-02-14,40.34823226928711
2018-02-15,41.17673110961914
2018-02-16,41.044166564941406
2018-02-20,40.48078536987305
2018-02-21,40.4476432800293
2018-02-22,40.472503662109375
2018-02-23,41.193294525146484
2018-02-26,41.57441711425781
2018-02-27,40.36479568481445
2018-02-28,39.784847259521484
2018-03-01,39.71028137207031
2018-03-02,39.875972747802734
2018-03-05,39.9339714050293
2018-03-06,40.30679702758789
2018-03-07,40.34823226928711
2018-03-08,40.356510162353516
2018-03-09,41.21815490722656
2018-03-12,41.317569732666016
2018-03-13,40.94474792480469
2018-03-14,41.01103973388672
2018-03-15,40.861900329589844
2018-03-16,40.77076721191406
2018-03-19,40.33165740966797
2018-03-20,40.779052734375
2018-03-21,41.01931381225586
2018-03-22,39.65228271484375
2018-03-23,38.8486328125
2018-03-26,40.10795974731445
2018-03-27,39.378875732421875
2018-03-28,39.18003463745117
2018-03-29,40.00025177001953
2018-04-02,39.27944564819336
2018-04-03,39.66884994506836
2018-04-04,39.685420989990234
2018-04-05,39.784847259521484
2018-04-06,39.006046295166016
2018-04-09,39.047462463378906
2018-04-10,39.8096923828125
2018-04-11,39.82626724243164
2018-04-12,39.8096923828125
2018-04-13,39.412017822265625
2018-04-16,39.46173095703125
2018-04-17,39.54457092285156
2018-04-18,39.884254455566406
2018-04-19,39.65228271484375
2018-04-20,39.15517044067383
2018-04-23,38.84034729003906
2018-04-24,38.658077239990234
2018-04-25,38.35981750488281
2018-04-26,38.914913177490234
2018-04-27,39.15517044067383
2018-04-30,38.87348175048828
2018-05-01,38.68292236328125
2018-05-02,38.37638473510742
2018-05-03,38.29353713989258
2018-05-04,38.46751403808594
2018-05-07,38.24381637573242
2018-05-08,38.459232330322266
2018-05-09,38.533790588378906
2018-05-10,39.33744430541992
2018-05-11,39.271175384521484
2018-05-14,39.32087707519531
2018-05-15,38.50893783569336
2018-05-16,39.08889389038086
2018-05-17,38.492366790771484
2018-05-18,38.169254302978516
2018-05-21,38.4012336730957
2018-05-22,38.533790588378906
2018-05-23,38.51722717285156
2018-05-24,38.31010437011719
2018-05-25,38.46751403808594
2018-05-29,37.57271957397461
2018-05-30,37.87098693847656
2018-05-31,37.85441970825195
2018-06-01,38.38467025756836
2018-06-04,38.77406311035156
2018-06-05,38.47579574584961
2018-06-06,39.055763244628906
2018-06-07,38.459232330322266
2018-06-08,38.38467025756836
2018-06-11,38.38467025756836
2018-06-12,38.28524398803711
2018-06-13,38.028411865234375
2018-06-14,37.771575927734375
2018-06-15,37.47331237792969
2018-06-18,37.01762771606445
2018-06-19,36.609012603759766
2018-06-20,36.7674560546875
2018-06-21,36.25043487548828
2018-06-22,36.625694274902344
2018-06-25,36.13368225097656
2018-06-26,35.99190139770508
2018-06-27,35.299766540527344
2018-06-28,35.5999641418457
2018-06-29,36.13368225097656
2018-07-02,35.77509689331055
2018-07-03,35.800106048583984
2018-07-05,35.708377838134766
2018-07-06,36.200382232666016
2018-07-09,36.85083770751953
2018-07-10,36.7674560546875
2018-07-11,36.05029296875
2018-07-12,36.54230499267578
2018-07-13,36.56730651855469
2018-07-16,36.36717987060547
2018-07-17,36.634029388427734
2018-07-18,36.59232711791992
2018-07-19,36.14200973510742
2018-07-20,36.65904998779297
2018-07-23,36.417205810546875
2018-07-24,36.9509162902832
2018-07-25,37.55134201049805
2018-07-26,37.13438034057617
2018-07-27,37.26780319213867
2018-07-30,37.209434509277344
2018-07-31,37.409568786621094
2018-08-01,37.07600784301758
2018-08-02,36.5839958190918
2018-08-03,36.86752700805664
2018-08-06,36.5839958190918
2018-08-07,36.95925521850586
2018-08-08,36.90922546386719
2018-08-09,36.80081558227539
2018-08-10,36.01693344116211
2018-08-13,35.424842834472656
2018-08-14,35.641666412353516
2018-08-15,34.615943908691406
2018-08-16,34.832763671875
2018-08-17,35.1996955871582
2018-08-20,35.35813522338867
2018-08-21,35.808448791503906
2018-08-22,36.09199142456055
2018-08-23,35.50823974609375
2018-08-24,36.16703414916992
2018-08-27,36.68406677246094
2018-08-28,36.550636291503906
2018-08-29,36.775794982910156
2018-08-30,35.81678009033203
2018-08-31,36.0002555847168
2018-09-04,35.299766540527344
2018-09-05,34.79107666015625
2018-09-06,34.82442092895508
2018-09-07,34.64929962158203
2018-09-10,34.307395935058594
2018-09-11,34.38245391845703
2018-09-12,34.557579040527344
2018-09-13,35.02456283569336
2018-09-14,34.9912109375
2018-09-17,34.67432403564453
2018-09-18,35.00788879394531
2018-09-19,35.49156951904297
2018-09-20,35.88350296020508
2018-09-21,36.05029296875
2018-09-24,35.641666412353516
2018-09-25,35.78343200683594
2018-09-26,35.85847854614258
2018-09-27,36.033607482910156
2018-09-28,35.79176712036133
2018-10-01,35.800106048583984
2018-10-02,35.349796295166016
2018-10-03,35.05792999267578
2018-10-04,34.18230438232422
2018-10-05,34.05721664428711
2018-10-08,34.107269287109375
2018-10-09,33.9821662902832
2018-10-10,32.97312927246094
2018-10-11,32.639556884765625
2018-10-12,33.59857177734375
2018-10-15,33.239986419677734
2018-10-16,34.07389450073242
2018-10-17,33.656944274902344
2018-10-18,32.772979736328125
2018-10-19,33.08153533935547
2018-10-22,33.440120697021484
2018-10-23,33.07320022583008
2018-10-24,32.00578689575195
2018-10-25,32.62287902832031
2018-10-26,32.247615814208984
2018-10-29,31.68889617919922
2018-10-30,32.305992126464844
2018-10-31,32.656227111816406
2018-11-01,33.82372283935547
2018-11-02,34.04053497314453
2018-11-05,34.13227844238281
2018-11-06,34.07389450073242
2018-11-07,34.71601867675781
2018-11-08,33.81538009643555
2018-11-09,33.189945220947266
2018-11-12,32.722957611083984
2018-11-13,33.098209381103516
2018-11-14,33.29835510253906
2018-11-15,34.04053497314453
2018-11-16,34.107269287109375
2018-11-19,33.648597717285156
2018-11-20,32.923095703125
2018-11-21,33.5318603515625
2018-11-23,33.13991165161133
2018-11-26,33.548526763916016
2018-11-27,33.78203201293945
2018-11-28,34.59092712402344
2018-11-29,34.29071044921875
2018-11-30,34.25735855102539
2018-12-03,34.94951248168945
2018-12-04,34.20732498168945
2018-12-06,33.89043426513672
2018-12-07,33.25666427612305
2018-12-10,32.906410217285156
2018-12-11,33.156585693359375
2018-12-12,33.698638916015625
2018-12-13,33.69029998779297
2018-12-14,33.2149658203125
2018-12-17,32.906410217285156
2018-12-18,33.1298713684082
2018-12-19,32.579689025878906
2018-12-20,32.8336181640625
2018-12-21,32.605079650878906
2018-12-24,32.30035400390625
2018-12-26,32.943660736083984
2018-12-27,32.90134048461914
2018-12-28,33.21452331542969
2018-12-31,33.062164306640625
2019-01-02,33.146793365478516
2019-01-03,32.545833587646484
2019-01-04,33.59541702270508
2019-01-07,33.67160415649414
2019-01-08,33.79856872558594
2019-01-09,34.399539947509766
2019-01-10,34.64501190185547
2019-01-11,34.4757194519043
2019-01-14,34.18793487548828
2019-01-15,34.4249382019043
2019-01-16,34.84815216064453
2019-01-17,35.000518798828125
2019-01-18,35.169803619384766
2019-01-22,34.56037139892578
2019-01-23,34.91587829589844
2019-01-24,35.25446319580078
2019-01-25,35.720001220703125
2019-01-28,35.347557067871094
2019-01-29,35.40681838989258
2019-01-30,36.17707824707031
2019-01-31,36.4818000793457
2019-02-01,36.19400405883789
2019-02-04,36.25326156616211
2019-02-05,36.75265884399414
2019-02-06,36.25326156616211
2019-02-07,35.88928985595703
2019-02-08,35.68614196777344
2019-02-11,35.5676383972168
2019-02-12,35.863895416259766
2019-02-13,35.60995864868164
2019-02-14,35.67768096923828
2019-02-15,35.626895904541016
2019-02-19,35.90621566772461
2019-02-20,36.10935974121094
2019-02-21,36.03318405151367
2019-02-22,36.43101501464844
2019-02-25,36.837303161621094
2019-02-26,36.7103385925293
2019-02-27,36.397151947021484
2019-02-28,35.92314529418945
2019-03-01,35.96546936035156
2019-03-04,36.01625061035156
2019-03-05,36.37176513671875
2019-03-06,36.16862106323242
2019-03-07,35.49992370605469
2019-03-08,35.24599075317383
2019-03-11,35.90621566772461
2019-03-12,36.092437744140625
2019-03-13,36.1347541809082
2019-03-14,35.940067291259766
2019-03-15,36.46487045288086
2019-03-18,36.87117004394531
2019-03-19,36.88809585571289
2019-03-20,36.94734191894531
2019-03-21,36.998130798339844
2019-03-22,35.91468048095703
2019-03-25,35.99932098388672
2019-03-26,36.10935974121094
2019-03-27,35.720001220703125
2019-03-28,35.95699691772461
2019-03-29,36.32943344116211
2019-04-01,36.930416107177734
2019-04-02,36.811912536621094
2019-04-03,37.06584930419922
2019-04-04,37.29438781738281
2019-04-05,37.582183837890625
2019-04-08,37.582183837890625
2019-04-09,37.50599670410156
2019-04-10,37.683746337890625
2019-04-11,37.2774658203125
2019-04-12,37.54832077026367
2019-04-15,37.353641510009766
2019-04-16,37.63296890258789
2019-04-17,37.74299621582031
2019-04-18,37.717613220214844
2019-04-22,37.472145080566406
2019-04-23,37.556785583496094
2019-04-24,37.048919677734375
2019-04-25,36.998130798339844
2019-04-26,37.14202117919922
2019-04-29,37.21821212768555
2019-04-30,37.184349060058594
2019-05-01,36.9050178527832
2019-05-02,36.98966598510742
2019-05-03,37.4298210144043
2019-05-06,36.65955352783203
2019-05-07,35.940067291259766
2019-05-08,35.88928985595703
2019-05-09,35.322174072265625
2019-05-10,35.53377914428711
2019-05-13,34.3487548828125
2019-05-14,34.83123016357422
2019-05-15,34.898948669433594
2019-05-16,34.729652404785156
2019-05-17,34.10329055786133
2019-05-20,33.95939636230469
2019-05-21,34.39107131958008
2019-05-22,34.22179412841797
2019-05-23,33.781639099121094
2019-05-24,33.81549835205078
2019-05-28,33.93399429321289
2019-05-29,34.154075622558594
2019-05-30,34.34028625488281
2019-05-31,34.45878982543945
2019-06-03,34.77197265625
2019-06-04,34.84815216064453
2019-06-05,34.568824768066406
2019-06-06,34.58575439453125
2019-06-07,34.856632232666016
2019-06-10,35.22058868408203
2019-06-11,35.61842346191406
2019-06-12,35.237525939941406
2019-06-13,35.17826461791992
2019-06-14,34.788902282714844
2019-06-17,34.92622756958008
2019-06-18,35.77059555053711
2019-06-19,36.069114685058594
2019-06-20,36.5979118347168
2019-06-21,36.47850799560547
2019-06-24,36.427330017089844
2019-06-25,36.05205154418945
2019-06-26,36.39320755004883
2019-06-27,36.649085998535156
2019-06-28,36.5979118347168
2019-07-01,37.03289031982422
2019-07-02,36.939064025878906
2019-07-03,36.87084197998047
2019-07-05,36.614967346191406
2019-07-08,36.39320755004883
2019-07-09,36.28234100341797
2019-07-10,36.589378356933594
2019-07-11,36.521141052246094
2019-07-12,36.54673385620117
2019-07-15,36.68320083618164
2019-07-16,36.632022857666016
2019-07-17,36.521141052246094
2019-07-18,36.74290084838867
2019-07-19,36.55526351928711
2019-07-22,36.56379318237305
2019-07-23,36.6064338684082
2019-07-24,36.666141510009766
2019-07-25,36.342041015625
2019-07-26,36.41880798339844
2019-07-29,36.3505744934082
2019-07-30,36.069114685058594
2019-07-31,35.6256103515625
2019-08-01,34.92622756958008
2019-08-02,34.58506774902344
2019-08-05,33.30570983886719
2019-08-06,33.78334426879883
2019-08-07,33.93686294555664
2019-08-08,34.35478591918945
2019-08-09,34.00510025024414
2019-08-12,33.595706939697266
2019-08-13,34.022151947021484
2019-08-14,33.041316986083984
2019-08-15,33.263065338134766
2019-08-16,33.723636627197266
2019-08-19,33.86009979248047
2019-08-20,33.92832946777344
2019-08-21,34.252437591552734
2019-08-22,33.808929443359375
2019-08-23,33.30570983886719
2019-08-26,33.484825134277344
2019-08-27,33.54452896118164
2019-08-28,33.63834762573242
2019-08-29,34.01362228393555
2019-08-30,34.278018951416016
2019-09-03,34.06479263305664
2019-09-04,34.63624572753906
2019-09-05,35.02857208251953
2019-09-06,35.182098388671875
2019-09-09,35.29297637939453
2019-09-10,35.31856155395508
2019-09-11,35.56590270996094
2019-09-12,35.82176971435547
2019-09-13,36.026466369628906
2019-09-16,35.7450065612793
2019-09-17,35.7450065612793
2019-09-18,35.600013732910156
2019-09-19,35.45502471923828
2019-09-20,35.489139556884766
2019-09-23,35.52326583862305
2019-09-24,35.147979736328125
2019-09-25,35.12239074707031
2019-09-26,35.11385726928711
2019-09-27,34.661827087402344
2019-09-30,34.85798645019531
2019-10-01,34.610652923583984
2019-10-02,34.346256256103516
2019-10-03,34.789764404296875
2019-10-04,34.94329071044922
2019-10-07,34.65330123901367
2019-10-08,34.40595626831055
2019-10-09,34.670352935791016
2019-10-10,35.02857208251953
2019-10-11,35.59149932861328
2019-10-14,35.43796920776367
2019-10-15,35.7535400390625
2019-10-16,35.855892181396484
2019-10-17,35.992347717285156
2019-10-18,35.80471420288086
2019-10-21,36.12881088256836
2019-10-22,36.154415130615234
2019-10-23,36.16292190551758
2019-10-24,36.16292190551758
2019-10-25,36.41880798339844
2019-10-28,36.632022857666016
2019-10-29,36.44438552856445
2019-10-30,36.6064338684082
2019-10-31,36.31645965576172
2019-11-01,36.862308502197266
2019-11-04,37.22906494140625
2019-11-05,37.44229507446289
2019-11-06,37.322872161865234
2019-11-07,37.595794677734375
2019-11-08,37.254638671875
2019-11-11,36.9902458190918
2019-11-12,36.751426696777344
2019-11-13,36.469970703125
2019-11-14,36.49555969238281
2019-11-15,36.785545349121094
2019-11-18,36.72584533691406
2019-11-19,36.8026123046875
2019-11-20,36.64055252075195
2019-11-21,36.56379318237305
2019-11-22,36.56379318237305
2019-11-25,36.9305419921875
2019-11-26,36.81966781616211
2019-11-27,36.862308502197266
2019-11-29,36.28234100341797
2019-12-02,36.2738037109375
2019-12-03,36.086181640625
2019-12-04,36.35909652709961
2019-12-05,36.521141052246094
2019-12-06,36.734375
2019-12-09,36.589378356933594
2019-12-10,36.717308044433594
2019-12-11,37.254638671875
2019-12-12,37.902835845947266
2019-12-13,37.885780334472656
2019-12-16,38.20723342895508
2019-12-17,38.55567169189453
2019-12-18,38.76475143432617
2019-12-19,38.782169342041016
2019-12-20,38.860572814941406
2019-12-23,38.91282653808594
2019-12-24,38.82572937011719
2019-12-26,39.10448455810547
2019-12-27,39.26128005981445
2019-12-30,38.999942779541016
2019-12-31,39.08706283569336
2020-01-02,39.8797721862793
2020-01-03,39.13932800292969
2020-01-06,39.043495178222656
2020-01-07,39.017372131347656
2020-01-08,39.243858337402344
2020-01-09,39.50519561767578
2020-01-10,39.714263916015625
2020-01-13,40.3327522277832
2020-01-14,40.10626983642578
2020-01-15,39.79267501831055
2020-01-16,40.045291900634766
2020-01-17,40.27177429199219
2020-01-21,39.2525749206543
2020-01-22,39.57488250732422
2020-01-23,39.16545867919922
2020-01-24,38.85185241699219
2020-01-27,37.51033401489258
2020-01-28,37.82394027709961
2020-01-29,38.00687026977539
2020-01-30,37.44064712524414
2020-01-31,36.682769775390625
2020-02-03,37.09220504760742
2020-02-04,38.05043029785156
2020-02-05,38.26820373535156
2020-02-06,38.30305862426758
2020-02-07,37.771671295166016
2020-02-10,37.980735778808594
2020-02-11,38.47727966308594
2020-02-12,38.999942779541016
2020-02-13,38.485984802246094
2020-02-14,38.50341796875
2020-02-18,38.25078582763672
2020-02-19,38.52954864501953
2020-02-20,37.928470611572266
2020-02-21,37.710689544677734
2020-02-24,36.299476623535156
2020-02-25,36.01200866699219
2020-02-26,36.299476623535156
2020-02-27,35.42837142944336
2020-02-28,35.29770278930664
2020-03-02,36.06428527832031
2020-03-03,35.82036590576172
2020-03-04,36.45628356933594
2020-03-05,35.68970489501953
2020-03-06,34.95796203613281
2020-03-09,32.57109451293945
2020-03-10,34.226226806640625
2020-03-11,32.632080078125
2020-03-12,29.36538314819336
2020-03-13,31.482192993164062
2020-03-16,27.55345916748047
2020-03-17,29.452497482299805
2020-03-18,26.908830642700195
2020-03-19,27.11789894104004
2020-03-20,27.318254470825195
2020-03-23,26.6649169921875
2020-03-24,28.668485641479492
2020-03-25,29.678987503051758
2020-03-26,30.8027286529541
2020-03-27,29.05178451538086
2020-03-30,29.53089714050293
2020-03-31,29.731250762939453
2020-04-01,28.45941734313965
2020-04-02,29.417652130126953
2020-04-03,28.860137939453125
2020-04-06,30.43685531616211
2020-04-07,30.593664169311523
2020-04-08,30.907262802124023
2020-04-09,30.794017791748047
2020-04-13,30.837570190429688
2020-04-14,31.54317283630371
2020-04-15,30.73303985595703
2020-04-16,30.89854621887207
2020-04-17,31.58673095703125
2020-04-20,31.18602180480957
2020-04-21,30.323610305786133
2020-04-22,31.15117835998535
2020-04-23,31.03792953491211
2020-04-24,30.994373321533203
2020-04-27,31.6215763092041
2020-04-28,31.68255615234375
2020-04-29,32.605934143066406
2020-04-30,31.917753219604492
2020-05-01,30.767879486083984
2020-05-04,31.098905563354492
2020-05-05,31.273130416870117
2020-05-06,31.17731475830078
2020-05-07,31.4299373626709
2020-05-08,32.09198760986328
2020-05-11,31.88290786743164
2020-05-12,31.760957717895508
2020-05-13,31.69997215270996
2020-05-14,31.821943283081055
2020-05-15,31.386381149291992
2020-05-18,32.61465072631836
2020-05-19,32.35331344604492
2020-05-20,32.78016662597656
2020-05-21,32.40558624267578
2020-05-22,31.734821319580078
2020-05-26,32.43172073364258
2020-05-27,32.536251068115234
2020-05-28,32.30976104736328
2020-05-29,32.86727523803711
2020-06-01,33.625144958496094
2020-06-02,34.42658615112305
2020-06-03,35.22800064086914
2020-06-04,34.73147201538086
2020-06-05,35.646141052246094
2020-06-08,35.86391067504883
2020-06-09,35.62001037597656
2020-06-10,35.88134002685547
2020-06-11,34.008445739746094
2020-06-12,34.73147201538086
2020-06-15,34.416046142578125
2020-06-16,34.63508987426758
2020-06-17,34.968040466308594
2020-06-18,34.98556137084961
2020-06-19,34.9767951965332
2020-06-22,35.4061279296875
2020-06-23,35.74782943725586
2020-06-24,35.27469253540039
2020-06-25,35.423641204833984
2020-06-26,34.994319915771484
2020-06-29,35.152034759521484
2020-06-30,35.03812789916992
2020-07-01,35.43240737915039
2020-07-02,36.23848342895508
2020-07-06,37.798072814941406
2020-07-07,37.167232513427734
2020-07-08,38.13101577758789
2020-07-09,38.13101577758789
2020-07-10,37.88569259643555
2020-07-13,37.63159942626953
2020-07-14,37.68416976928711
2020-07-15,37.798072814941406
2020-07-16,37.26360321044922
2020-07-17,37.47389221191406
2020-07-20,37.95578384399414
2020-07-21,38.30625534057617
2020-07-22,38.139774322509766
2020-07-23,37.833126068115234
2020-07-24,37.798072814941406
2020-07-27,38.38511276245117
2020-07-28,38.069679260253906
2020-07-29,38.68301010131836
2020-07-30,38.19234848022461
2020-07-31,37.92949676513672
2020-08-03,38.19234848022461
2020-08-04,38.70053482055664
2020-08-05,39.12110137939453
2020-08-06,39.243751525878906
2020-08-07,38.43767547607422
2020-08-10,38.534053802490234
2020-08-11,38.42892074584961
2020-08-12,38.94585418701172
2020-08-13,38.83195495605469
2020-08-14,38.761863708496094
2020-08-17,39.25252151489258
2020-08-18,39.208709716796875
2020-08-19,38.72681427001953
2020-08-20,38.60415267944336
2020-08-21,38.796905517578125
2020-08-24,39.226234436035156
2020-08-25,39.620513916015625
2020-08-26,39.725650787353516
2020-08-27,39.3927001953125
2020-08-28,39.90964889526367
2020-08-31,39.024715423583984
2020-09-01,39.69060134887695
2020-09-02,39.58546829223633
2020-09-03,38.83195495605469
2020-09-04,38.84947967529297
2020-09-08,38.174827575683594
2020-09-09,38.74433898925781
2020-09-10,38.12225341796875
2020-09-11,38.49024963378906
2020-09-14,39.11233139038086
2020-09-15,39.52413558959961
2020-09-16,39.471561431884766
2020-09-17,39.31385803222656
2020-09-18,39.00718688964844
2020-09-21,38.6479606628418
2020-09-22,38.358821868896484
2020-09-23,37.76302719116211
2020-09-24,37.58779525756836
2020-09-25,37.62283706665039
2020-09-28,38.04340362548828
2020-09-29,38.017112731933594
2020-09-30,38.630435943603516
2020-10-01,38.98966979980469
2020-10-02,38.54281997680664
2020-10-05,39.05976486206055
2020-10-06,39.12985610961914
2020-10-07,39.559181213378906
2020-10-08,39.883365631103516
2020-10-09,40.15497970581055
2020-10-12,40.50544357299805
2020-10-13,40.33897399902344
2020-10-14,40.06735610961914
2020-10-15,39.778228759765625
2020-10-16,39.91840744018555
2020-10-19,39.804508209228516
2020-10-20,40.242591857910156
2020-10-21,40.35649490356445
2020-10-22,40.34773254394531
2020-10-23,40.58430099487305
2020-10-26,40.058597564697266
2020-10-27,40.23383331298828
2020-10-28,39.226234436035156
2020-10-29,39.620513916015625
2020-10-30,39.17366409301758
2020-11-02,39.6730842590332
2020-11-03,39.84832000732422
2020-11-04,41.10124588012695
2020-11-05,41.80218505859375
2020-11-06,41.99493408203125
2020-11-09,42.2840690612793
2020-11-10,41.80218505859375
2020-11-11,42.073795318603516
2020-11-12,41.75837707519531
2020-11-13,42.345401763916016
2020-11-16,42.87110900878906
2020-11-17,42.827308654785156
2020-11-18,42.6783561706543
2020-11-19,42.74844741821289
2020-11-20,42.985015869140625
2020-11-23,43.098915100097656
2020-11-24,43.677188873291016
2020-11-25,43.43186569213867
2020-11-27,43.84366226196289
2020-11-30,42.69588088989258
2020-12-01,43.536991119384766
2020-12-02,43.59832763671875
2020-12-03,44.09775161743164
2020-12-04,44.55336380004883
2020-12-07,44.55336380004883
2020-12-08,44.570884704589844
2020-12-09,44.18537139892578
2020-12-10,44.75489044189453
2020-12-11,44.43946838378906
2020-12-14,44.20840835571289
2020-12-15,44.68644332885742
2020-12-16,44.898895263671875
2020-12-17,45.19102096557617
2020-12-18,45.13791275024414
2020-12-21,44.4739875793457
2020-12-22,44.11988830566406
2020-12-23,44.57135009765625
2020-12-24,44.37660598754883
2020-12-28,44.50053787231445
2020-12-29,45.16446304321289
2020-12-30,45.76642608642578
2020-12-31,45.7398567199707
2021-01-04,46.031986236572266
2021-01-05,47.138526916503906
2021-01-06,46.74017333984375
2021-01-07,47.18278884887695
2021-01-08,48.43096160888672
2021-01-11,47.77589797973633
2021-01-12,48.24506759643555
2021-01-13,48.351295471191406
2021-01-14,48.802764892578125
2021-01-15,48.11227798461914
2021-01-19,48.908992767333984
2021-01-20,49.767662048339844
2021-01-21,49.85618209838867
2021-01-22,49.422428131103516
2021-01-25,49.794219970703125
2021-01-26,49.431278228759766
2021-01-27,48.059165954589844
2021-01-28,48.39554977416992
2021-01-29,47.191646575927734
2021-02-01,48.46636962890625
2021-02-02,49.094879150390625
2021-02-03,49.342750549316406
2021-02-04,49.36045455932617
2021-02-05,49.78537368774414
2021-02-08,49.87389373779297
2021-02-09,50.405029296875
2021-02-10,50.58206558227539
2021-02-11,51.122066497802734
2021-02-12,51.166324615478516
2021-02-16,51.290252685546875
2021-02-17,51.307960510253906
2021-02-18,50.59977722167969
2021-02-19,50.927310943603516
2021-02-22,49.431278228759766
2021-02-23,49.652587890625
2021-02-24,49.333892822265625
2021-02-25,48.20966339111328
2021-02-26,47.563438415527344
2021-03-01,48.838165283203125
2021-03-02,48.360145568847656
2021-03-03,48.26277160644531
2021-03-04,47.138526916503906
2021-03-05,47.65196228027344
2021-03-08,46.36837387084961
2021-03-09,47.38639450073242
2021-03-10,47.17393493652344
2021-03-11,48.66112518310547
2021-03-12,47.79359817504883
2021-03-15,47.90867233276367
2021-03-16,48.11227798461914
2021-03-17,48.17424774169922
2021-03-18,47.28901672363281
2021-03-19,47.873268127441406
2021-03-22,47.73163604736328
2021-03-23,46.81984329223633
2021-03-24,45.74871826171875
2021-03-25,45.9611701965332
2021-03-26,47.15623474121094
2021-03-29,46.82869338989258
2021-03-30,46.979183197021484
2021-03-31,47.218204498291016
2021-04-01,47.678524017333984
2021-04-05,47.86442184448242
2021-04-06,48.129981994628906
2021-04-07,47.42180252075195
2021-04-08,47.811302185058594
2021-04-09,47.404090881347656
2021-04-12,47.12081527709961
2021-04-13,47.31557083129883
2021-04-14,47.55458450317383
2021-04-15,47.988346099853516
2021-04-16,48.11227798461914
2021-04-19,47.93524169921875
2021-04-20,47.54573440551758
2021-04-21,47.837852478027344
2021-04-22,47.66966247558594
2021-04-23,48.360145568847656
2021-04-26,48.422115325927734
2021-04-27,48.39554977416992
2021-04-28,48.75849914550781
2021-04-29,48.6434211730957
2021-04-30,47.78474426269531
2021-05-03,47.78474426269531
2021-05-04,47.244754791259766
2021-05-05,47.466060638427734
2021-05-06,47.91753005981445
2021-05-07,48.41325378417969
2021-05-10,47.54573440551758
2021-05-11,47.41294479370117
2021-05-12,46.10281753540039
2021-05-13,46.04084014892578
2021-05-14,46.87295913696289
2021-05-17,46.82869338989258
2021-05-18,47.45720672607422
2021-05-19,47.31557083129883
2021-05-20,47.589996337890625
2021-05-21,47.04115295410156
2021-05-24,47.4306526184082
2021-05-25,47.89982986450195
2021-05-26,48.25391387939453
2021-05-27,48.26277160644531
2021-05-28,48.572601318359375
2021-06-01,49.572914123535156
2021-06-02,49.652587890625
2021-06-03,49.12144470214844
2021-06-04,49.56406021118164
2021-06-07,49.31618881225586
2021-06-08,49.07718276977539
2021-06-09,48.935543060302734
2021-06-10,49.327632904052734
2021-06-11,49.15871047973633
2021-06-14,49.292076110839844
2021-06-15,48.9542121887207
2021-06-16,48.287384033203125
2021-06-17,48.554115295410156
2021-06-18,48.21625900268555
2021-06-21,48.42074966430664
2021-06-22,48.19847869873047
2021-06-23,48.491878509521484
2021-06-24,48.93643569946289
2021-06-25,49.34542465209961
2021-06-28,49.38987350463867
2021-06-29,49.354312896728516
2021-06-30,49.03423309326172
2021-07-01,48.758609771728516
2021-07-02,48.705265045166016
2021-07-06,47.851722717285156
2021-07-07,47.798377990722656
2021-07-08,46.80257797241211
2021-07-09,47.61166000366211
2021-07-12,47.65611267089844
2021-07-13,47.70057678222656
2021-07-14,47.905059814453125
2021-07-15,48.02064514160156
2021-07-16,47.6472282409668
2021-07-19,46.84702682495117
2021-07-20,46.9981803894043
2021-07-21,47.30047607421875
2021-07-22,47.389381408691406
2021-07-23,46.68699264526367
2021-07-26,45.797882080078125
2021-07-27,44.87321472167969
2021-07-28,46.09128952026367
2021-07-29,46.32246017456055
2021-07-30,45.87791061401367
2021-08-02,46.20687484741211
2021-08-03,46.4024772644043
2021-08-04,46.64253616333008
2021-08-05,46.571407318115234
2021-08-06,46.180206298828125
2021-08-09,46.33135223388672
2021-08-10,46.393592834472656
2021-08-11,46.51805877685547
2021-08-12,46.109073638916016
2021-08-13,45.99348831176758
2021-08-16,45.57560729980469
2021-08-17,44.73984909057617
2021-08-18,44.81097412109375
2021-08-19,44.046348571777344
2021-08-20,44.010780334472656
2021-08-23,44.677616119384766
2021-08-24,45.691192626953125
2021-08-25,45.744537353515625
2021-08-26,45.30887222290039
2021-08-27,45.8690185546875
2021-08-30,45.96681594848633
2021-08-31,46.598087310791016
2021-09-01,47.193782806396484
2021-09-02,46.98039245605469
2021-09-03,47.22934341430664
2021-09-07,47.50497055053711
2021-09-08,46.81147384643555
2021-09-09,46.72256088256836
2021-09-10,46.669212341308594
2021-09-13,46.79368591308594
2021-09-14,46.4024772644043
2021-09-15,46.393592834472656
2021-09-16,45.8690185546875
2021-09-17,45.67341232299805
2021-09-20,44.44644546508789
2021-09-21,44.775421142578125
2021-09-22,45.33554458618164
2021-09-23,45.691192626953125
2021-09-24,45.14883804321289
2021-09-27,45.44224166870117
2021-09-28,44.855430603027344
2021-09-29,44.43754959106445
2021-09-30,44.793190002441406
2021-10-01,44.748748779296875
2021-10-04,44.09079360961914
2021-10-05,44.40198516845703
2021-10-06,44.153038024902344
2021-10-07,45.015472412109375
2021-10-08,45.18440246582031
2021-10-11,45.095489501953125
2021-10-12,44.864322662353516
2021-10-13,45.486698150634766
2021-10-14,45.628963470458984
2021-10-15,46.180206298828125
2021-10-18,46.06461715698242
2021-10-19,46.678096771240234
2021-10-20,46.669212341308594
2021-10-21,46.366912841796875
2021-10-22,46.26911163330078
2021-10-25,46.50917053222656
2021-10-26,46.26911163330078
2021-10-27,45.89569091796875
2021-10-28,45.94013977050781
2021-10-29,45.27330780029297
2021-11-01,45.628963470458984
2021-11-02,45.219966888427734
2021-11-03,45.433353424072266
2021-11-04,45.32666015625
2021-11-05,45.27330780029297
2021-11-08,45.691192626953125
2021-11-09,45.513370513916016
2021-11-10,45.32666015625
2021-11-11,46.109073638916016
2021-11-12,46.23354721069336
2021-11-15,46.0823974609375
2021-11-16,46.1446418762207
2021-11-17,45.904579162597656
2021-11-18,45.34443664550781
2021-11-19,45.27330780029297
2021-11-22,44.908775329589844
2021-11-23,44.864322662353516
2021-11-24,44.802093505859375
2021-11-26,43.29949188232422
2021-11-29,43.46842575073242
2021-11-30,43.42396926879883
2021-12-01,43.584014892578125
2021-12-02,44.117469787597656
2021-12-03,43.49509048461914
2021-12-06,43.83296203613281
2021-12-07,44.526466369628906
2021-12-08,44.704288482666016
2021-12-09,44.490901947021484
2021-12-10,44.526466369628906
2021-12-13,43.82032012939453
2021-12-14,43.72111892700195
2021-12-15,43.59486389160156
2021-12-16,43.64897537231445
2021-12-17,43.432533264160156
2021-12-20,42.783206939697266
2021-12-21,43.50468444824219
2021-12-22,43.71210479736328
2021-12-23,43.937564849853516
2021-12-27,44.13596725463867
2021-12-28,43.991676330566406
2021-12-29,43.79327392578125
2021-12-30,44.29496383666992
2021-12-31,44.078399658203125
2022-01-03,44.394222259521484
2022-01-04,44.24081802368164
2022-01-05,43.51896667480469
2022-01-06,43.717472076416016
2022-01-07,44.11449432373047
2022-01-10,44.11449432373047
2022-01-11,45.13412094116211
2022-01-12,45.88304901123047
2022-01-13,45.233375549316406
2022-01-14,45.21532440185547
2022-01-18,44.41226577758789
2022-01-19,44.601749420166016
2022-01-20,44.86342239379883
2022-01-21,44.21375274658203
2022-01-24,43.59115219116211
2022-01-25,43.509944915771484
2022-01-26,42.95952606201172
2022-01-27,42.46324920654297
2022-01-28,42.670780181884766
2022-01-31,44.06938171386719
2022-02-01,44.34007263183594
2022-02-02,44.26788330078125
2022-02-03,43.798683166503906
2022-02-04,43.906959533691406
2022-02-07,43.81673049926758
2022-02-08,44.24081802368164
2022-02-09,44.935604095458984
2022-02-10,44.637840270996094
2022-02-11,43.96110534667969
2022-02-14,43.65431213378906
2022-02-15,44.601749420166016
2022-02-16,44.92658996582031
2022-02-17,44.40324020385742
2022-02-18,43.96110534667969
2022-02-22,43.3385009765625
2022-02-23,42.83320617675781
2022-02-24,41.94892883300781
2022-02-25,42.724918365478516
2022-02-28,42.16548156738281
2022-03-01,41.606048583984375
2022-03-02,41.678226470947266
2022-03-03,41.09172058105469
2022-03-04,40.26158142089844
2022-03-07,38.75470733642578
2022-03-08,38.88103103637695
2022-03-09,39.98186111450195
2022-03-10,39.232933044433594
2022-03-11,38.41182327270508
2022-03-14,37.4824333190918
2022-03-15,37.53656768798828
2022-03-16,40.559349060058594
2022-03-17,40.3518180847168
2022-03-18,40.92930221557617
2022-03-21,40.29767608642578
2022-03-22,41.028560638427734
2022-03-23,40.75785827636719
2022-03-24,40.97441864013672
2022-03-25,40.64958190917969
2022-03-28,40.78492736816406
2022-03-29,41.479713439941406
2022-03-30,41.3624153137207
2022-03-31,40.73981857299805
2022-04-01,41.41655349731445
2022-04-04,42.14743423461914
2022-04-05,41.37143325805664
2022-04-06,40.83004379272461
2022-04-07,40.50520706176758
2022-04-08,40.541297912597656
2022-04-11,40.036006927490234
2022-04-12,39.90967559814453
2022-04-13,40.43302917480469
2022-04-14,39.90967559814453
2022-04-18,39.77433395385742
2022-04-19,39.57582092285156
2022-04-20,39.341217041015625
2022-04-21,38.5832633972168
2022-04-22,38.240379333496094
2022-04-25,37.96065902709961
2022-04-26,37.130523681640625
2022-04-27,37.56364059448242
2022-04-28,38.105037689208984
2022-04-29,38.240379333496094
2022-05-02,38.186241149902344
2022-05-03,38.46596908569336
2022-05-04,38.88103103637695
2022-05-05,37.44633865356445
2022-05-06,36.9320182800293
2022-05-09,35.867271423339844
2022-05-10,36.038719177246094
2022-05-11,35.786067962646484
2022-05-12,35.55146408081055
2022-05-13,36.53499984741211
2022-05-16,36.390625
2022-05-17,37.28392028808594
2022-05-18,36.390625
2022-05-19,36.96811294555664
2022-05-20,37.12150192260742
2022-05-23,37.401222229003906
2022-05-24,36.751548767089844
2022-05-25,36.9320182800293
2022-05-26,37.50950622558594
2022-05-27,37.94261932373047
2022-05-31,38.47499084472656
2022-06-01,38.20429229736328
2022-06-02,38.862979888916016
2022-06-03,38.23135757446289
2022-06-06,38.43888854980469
2022-06-07,38.55619430541992
2022-06-08,38.763729095458984
2022-06-09,37.84646224975586
2022-06-10,37.42786407470703
2022-06-13,36.11747741699219
2022-06-14,36.61797332763672
2022-06-15,37.10026931762695
2022-06-16,35.9627799987793
2022-06-17,36.099281311035156
2022-06-21,36.68168258666992
2022-06-22,36.02648162841797
2022-06-23,36.13568115234375
2022-06-24,36.99106979370117
2022-06-27,37.03656768798828
2022-06-28,36.80906677246094
2022-06-29,36.66347122192383
2022-06-30,36.49057388305664
2022-07-01,36.26308059692383
2022-07-05,35.980987548828125
2022-07-06,35.762577056884766
2022-07-07,36.48147201538086
2022-07-08,36.48147201538086
2022-07-11,35.507789611816406
2022-07-12,35.37128829956055
2022-07-13,35.28938674926758
2022-07-14,34.97089385986328
2022-07-15,35.152889251708984
2022-07-18,35.398590087890625
2022-07-19,35.980987548828125
2022-07-20,35.8262825012207
2022-07-21,36.235782623291016
2022-07-22,35.87178421020508
2022-07-25,35.99917984008789
2022-07-26,35.71708679199219
2022-07-27,36.38137435913086
2022-07-28,36.53607177734375
2022-07-29,36.36317443847656
2022-08-01,36.05377960205078
2022-08-02,35.880882263183594
2022-08-03,36.16298294067383
2022-08-04,36.41777801513672
2022-08-05,36.45417785644531
2022-08-08,36.49967956542969
2022-08-09,36.36317443847656
2022-08-10,36.818172454833984
2022-08-11,36.963768005371094
2022-08-12,37.355064392089844
2022-08-15,37.182167053222656
2022-08-16,37.173065185546875
2022-08-17,37.01836395263672
2022-08-18,36.80906677246094
2022-08-19,36.30857849121094
2022-08-22,35.990081787109375
2022-08-23,36.181175231933594
2022-08-24,36.17207336425781
2022-08-25,36.95467758178711
2022-08-26,36.4086799621582
2022-08-29,36.181175231933594
2022-08-30,35.753482818603516
2022-08-31,35.880882263183594
2022-09-01,35.598785400390625
2022-09-02,35.27119445800781
2022-09-06,34.85259246826172
2022-09-07,35.1619873046875
2022-09-08,34.97089385986328
2022-09-09,35.489585876464844
2022-09-12,36.01737976074219
2022-09-13,34.90719985961914
2022-09-14,35.08009338378906
2022-09-15,34.706993103027344
2022-09-16,34.38850402832031
2022-09-19,34.49769973754883
2022-09-20,34.306602478027344
2022-09-21,33.733306884765625
2022-09-22,33.56950759887695
2022-09-23,32.741424560546875
2022-09-26,32.34101867675781
2022-09-27,32.304622650146484
2022-09-28,32.58672332763672
2022-09-29,31.85873031616211
2022-09-30,31.740428924560547
2022-10-03,32.259124755859375
2022-10-04,33.31471633911133
2022-10-05,33.33292007446289
2022-10-06,33.13270950317383
2022-10-07,32.44112777709961
2022-10-10,31.986125946044922
2022-10-11,31.476531982421875
2022-10-12,31.5129337310791
2022-10-13,31.603933334350586
2022-10-14,31.1307430267334
2022-10-17,31.986125946044922
2022-10-18,31.995229721069336
2022-10-19,31.412839889526367
2022-10-20,31.6130313873291
2022-10-21,32.09532928466797
2022-10-24,30.875940322875977
2022-10-25,31.1307430267334
2022-10-26,31.640329360961914
2022-10-27,31.394638061523438
2022-10-28,31.203536987304688
2022-10-31,31.11253547668457
2022-11-01,31.685829162597656
2022-11-02,31.421937942504883
2022-11-03,31.603933334350586
2022-11-04,32.94161605834961
2022-11-07,32.959815979003906
2022-11-08,33.196414947509766
2022-11-09,32.62312316894531
2022-11-10,33.80610656738281
2022-11-11,34.72519302368164
2022-11-14,34.51589584350586
2022-11-15,35.30758285522461
2022-11-16,34.74340057373047
2022-11-17,34.80709457397461
2022-11-18,34.606895446777344
2022-11-21,34.170101165771484
2022-11-22,34.25200271606445
2022-11-23,34.534095764160156
2022-11-25,34.37030029296875
2022-11-28,34.215599060058594
2022-11-29,34.952693939208984
2022-11-30,35.9627799987793
2022-12-01,35.844478607177734
2022-12-02,35.980987548828125
2022-12-05,35.57148742675781
2022-12-06,35.52598571777344
2022-12-07,35.316688537597656
2022-12-08,35.744380950927734
2022-12-09,35.507789611816406
2022-12-12,35.398590087890625
2022-12-13,35.65172576904297
2022-12-14,35.670204162597656
2022-12-15,34.84796905517578
2022-12-16,34.94959259033203
2022-12-19,34.97731018066406
2022-12-20,34.96806716918945
2022-12-21,35.28218460083008
2022-12-22,34.96806716918945
2022-12-23,34.921878814697266
2022-12-27,35.439239501953125
2022-12-28,34.921878814697266
2022-12-29,35.50391387939453
2022-12-30,35.01426315307617
2023-01-03,35.309898376464844
2023-01-04,36.37233352661133
2023-01-05,36.261474609375
2023-01-06,37.019039154052734
2023-01-09,37.29619598388672
2023-01-10,37.564117431640625
2023-01-11,37.721168518066406
2023-01-12,37.905941009521484
2023-01-13,38.15538024902344
2023-01-17,37.942901611328125
2023-01-18,37.68421936035156
2023-01-19,37.970611572265625
2023-01-20,38.552642822265625
2023-01-23,38.82979965209961
2023-01-24,38.857521057128906
2023-01-25,38.894466400146484
2023-01-26,39.264015197753906
2023-01-27,39.07924270629883
2023-01-30,38.29396438598633
2023-01-31,38.210819244384766
2023-02-01,38.681983947753906
2023-02-02,38.45101547241211
2023-02-03,37.76736068725586
2023-02-06,37.213050842285156
2023-02-07,37.360862731933594
2023-02-08,37.314674377441406
2023-02-09,37.49020767211914
2023-02-10,37.12989807128906
2023-02-13,37.434776306152344
2023-02-14,37.37010192871094
2023-02-15,37.055992126464844
2023-02-16,37.06523132324219
2023-02-17,36.65873336791992
2023-02-21,36.19680404663086
2023-02-22,36.02126693725586
2023-02-23,36.19680404663086
2023-02-24,35.38380432128906
2023-02-27,35.56857681274414
2023-02-28,35.31913757324219
2023-03-01,36.076698303222656
2023-03-02,36.20603942871094
2023-03-03,36.529396057128906
2023-03-06,36.40005111694336
2023-03-07,35.790306091308594
2023-03-08,35.93812561035156
2023-03-09,35.14360046386719
2023-03-10,34.95882797241211
2023-03-13,35.01426315307617
2023-03-14,35.032737731933594
2023-03-15,34.43223571777344
2023-03-16,34.95882797241211
2023-03-17,34.74634552001953
2023-03-20,34.87568283081055
2023-03-21,35.18980026245117
2023-03-22,35.328372955322266
2023-03-23,35.818023681640625
2023-03-24,35.72563552856445
2023-03-27,35.5316276550293
2023-03-28,36.03974533081055
2023-03-29,36.14137268066406
2023-03-30,36.50167465209961
2023-03-31,36.45547866821289
2023-04-03,36.529396057128906
2023-04-04,36.529396057128906
2023-04-05,36.24299621582031
2023-04-06,36.39080810546875
2023-04-10,36.42776870727539
2023-04-11,36.64949417114258
2023-04-12,36.39080810546875
2023-04-13,36.88969802856445
2023-04-14,36.6956901550293
2023-04-17,36.852745056152344
2023-04-18,36.80655288696289
2023-04-19,36.437007904052734
2023-04-20,36.38157653808594
2023-04-21,36.03974533081055
2023-04-24,35.95659637451172
2023-04-25,35.28218460083008
2023-04-26,35.48543167114258
2023-04-27,35.96583557128906
2023-04-28,36.15061569213867
2023-05-01,36.03050994873047
2023-05-02,35.679439544677734
2023-05-03,35.62401580810547
2023-05-04,35.91040802001953
2023-05-05,36.39080810546875
2023-05-08,36.40929412841797
2023-05-09,36.18756103515625
2023-05-10,36.16909408569336
2023-05-11,36.03974533081055
2023-05-12,35.61477279663086
2023-05-15,36.270713806152344
2023-05-16,36.01202392578125
2023-05-17,36.17832565307617
2023-05-18,35.98432159423828
2023-05-19,36.01202392578125
2023-05-22,36.30766296386719
2023-05-23,35.744110107421875
2023-05-24,35.476192474365234
2023-05-25,35.40228271484375
2023-05-26,36.03050994873047
2023-05-30,35.61477279663086
2023-05-31,35.28218460083008
2023-06-01,35.91040802001953
2023-06-02,36.529396057128906
2023-06-05,36.5201530456543
2023-06-06,36.843505859375
2023-06-07,36.685218811035156
2023-06-08,36.945926666259766
2023-06-09,37.113521575927734
2023-06-12,37.188011169433594
2023-06-13,37.560447692871094
2023-06-14,37.839778900146484
2023-06-15,38.19359588623047
2023-06-16,38.06324005126953
2023-06-20,37.3183708190918
2023-06-21,37.141456604003906
2023-06-22,37.01110076904297
2023-06-23,36.47106170654297
2023-06-26,36.592105865478516
2023-06-27,36.96454620361328
2023-06-28,36.74108123779297
2023-06-29,36.545555114746094
2023-06-30,36.834190368652344
2023-07-03,37.24387741088867
2023-07-05,37.020408630371094
2023-07-06,36.266231536865234
2023-07-07,36.6759033203125
2023-07-10,36.70384216308594
2023-07-11,37.0762825012207
2023-07-12,37.90495681762695
2023-07-13,38.3984375
2023-07-14,38.18428039550781
2023-07-17,38.23084259033203
2023-07-18,37.951507568359375
2023-07-19,37.877017974853516
2023-07-20,37.597694396972656
2023-07-21,37.541831970214844
2023-07-24,38.053932189941406
2023-07-25,38.37049865722656
2023-07-26,38.59396743774414
2023-07-27,38.11910629272461
2023-07-28,39.040897369384766
2023-07-31,39.05952072143555
2023-08-01,38.5660285949707
2023-08-02,37.644248962402344
2023-08-03,37.79322814941406
2023-08-04,37.746673583984375
2023-08-07,37.690799713134766
2023-08-08,37.23456573486328
2023-08-09,37.327674865722656
2023-08-10,37.38353729248047
2023-08-11,36.834190368652344
2023-08-14,36.657283782958984
2023-08-15,36.23828887939453
2023-08-16,35.91240310668945
2023-08-17,35.996212005615234
2023-08-18,35.754119873046875
2023-08-21,35.83792495727539
2023-08-22,35.763431549072266
2023-08-23,36.33140563964844
2023-08-24,36.19173812866211
2023-08-25,36.228981018066406
2023-08-28,36.58279800415039
2023-08-29,37.04834747314453
2023-08-30,36.927303314208984
2023-08-31,36.47106170654297
2023-09-01,36.89937210083008
2023-09-05,36.60142135620117
2023-09-06,36.39657974243164
2023-09-07,35.9682731628418
2023-09-08,36.04275894165039
2023-09-11,36.48968505859375
2023-09-12,36.377960205078125
2023-09-13,36.33140563964844
2023-09-14,36.573486328125
2023-09-15,36.4338264465332
2023-09-18,36.387271881103516
2023-09-19,36.17311096191406
2023-09-20,36.024139404296875
2023-09-21,35.400306701660156
2023-09-22,35.81930160522461
2023-09-25,35.6610107421875
2023-09-26,35.15821838378906
2023-09-27,35.21408462524414
2023-09-28,35.307193756103516
2023-09-29,35.33512878417969
2023-10-02,35.15821838378906
2023-10-03,34.69266891479492
2023-10-04,34.59025192260742
2023-10-05,34.720603942871094
2023-10-06,35.22339630126953
2023-10-09,35.0557975769043
2023-10-10,35.55859375
2023-10-11,35.78205871582031
2023-10-12,35.38168716430664
2023-10-13,35.2513313293457
2023-10-16,35.51203536987305
2023-10-17,35.418922424316406
2023-10-18,34.87888717651367
2023-10-19,34.674049377441406
2023-10-20,34.25505828857422
2023-10-23,34.22711944580078
2023-10-24,34.664737701416016
2023-10-25,34.20850372314453
2023-10-26,34.04090881347656
2023-10-27,34.01296615600586
2023-10-30,34.366790771484375
2023-10-31,34.17125701904297
2023-11-01,34.48783493041992
2023-11-02,35.093040466308594
2023-11-03,35.80998992919922
2023-11-06,36.098628997802734
2023-11-07,36.033447265625
2023-11-08,35.79136276245117
2023-11-09,35.456172943115234
2023-11-10,35.70756530761719
2023-11-13,35.6982536315918
2023-11-14,36.647979736328125
2023-11-15,36.95523452758789
2023-11-16,36.60142135620117
2023-11-17,36.647979736328125
2023-11-20,37.10421371459961
2023-11-21,36.871437072753906
2023-11-22,36.79694747924805
2023-11-24,36.815574645996094
2023-11-27,36.66659927368164
2023-11-28,36.97385787963867
2023-11-29,36.759708404541016
2023-11-30,36.834190368652344
2023-12-01,36.99248123168945
2023-12-04,36.573486328125
2023-12-05,36.35002136230469
2023-12-06,36.303466796875
2023-12-07,36.480377197265625
2023-12-08,36.32209014892578
2023-12-11,36.5362434387207
2023-12-12,36.545555114746094
2023-12-13,36.90868377685547
2023-12-14,37.44871520996094
2023-12-15,37.22525405883789
2023-12-18,37.20663070678711
2023-12-19,37.52320861816406
2023-12-20,36.84772491455078
2023-12-21,37.540279388427734
2023-12-22,37.36002731323242
2023-12-26,37.65412139892578
2023-12-27,37.87232971191406
2023-12-28,38.16642379760742
2023-12-29,38.147457122802734
2024-01-02,37.70156478881836
2024-01-03,37.49285125732422
2024-01-04,37.369510650634766
2024-01-05,37.41694641113281
2024-01-08,37.52130889892578
2024-01-09,36.99003601074219
2024-01-10,36.90464401245117
2024-01-11,37.05644226074219
2024-01-12,37.18925857543945
2024-01-16,36.28799057006836
2024-01-17,35.74722671508789
2024-01-18,36.04132843017578
2024-01-19,36.42081069946289
2024-01-22,36.09824752807617
2024-01-23,36.41132354736328
2024-01-24,36.81926727294922
2024-01-25,36.866703033447266
2024-01-26,36.89516067504883
2024-01-29,36.91413497924805
2024-01-30,36.62002944946289
2024-01-31,36.42081069946289
2024-02-01,36.77183151245117
2024-02-02,36.66747283935547
2024-02-05,36.71490478515625
2024-02-06,37.549774169921875
2024-02-07,37.597206115722656
2024-02-08,37.38848876953125
2024-02-09,37.549774169921875
2024-02-12,37.84386444091797
2024-02-13,37.13233947753906
2024-02-14,37.66360855102539
2024-02-15,37.84386444091797
2024-02-16,38.02412796020508
2024-02-20,38.0810432434082
2024-02-21,38.147457122802734
2024-02-22,38.53642272949219
2024-02-23,38.51744842529297
2024-02-26,38.3466796875
2024-02-27,38.42258071899414
2024-02-28,37.91976547241211
2024-02-29,37.93873596191406
2024-03-01,38.40359878540039
2024-03-04,38.31822204589844
2024-03-05,37.976688385009766
2024-03-06,38.526939392089844
2024-03-07,38.76411819458008
2024-03-08,38.72616195678711
2024-03-11,38.811546325683594
2024-03-12,39.238468170166016
2024-03-13,39.11513137817383
2024-03-14,38.9159049987793
2024-03-15,38.67873001098633
2024-03-18,38.74513626098633
2024-03-19,38.55539321899414
2024-03-20,38.991798400878906
2024-03-21,39.03923797607422
2024-03-22,38.76411819458008
2024-03-25,38.792572021484375
2024-03-26,38.76411819458008
2024-03-27,38.83052062988281
2024-03-28,38.97282791137695
2024-04-01,39.03923797607422
2024-04-02,39.16256332397461
2024-04-03,39.19103240966797
2024-04-04,39.04872131347656
2024-04-05,39.13410949707031
2024-04-08,39.390254974365234
2024-04-09,39.65589141845703
2024-04-10,39.11513137817383
2024-04-11,39.35231018066406
2024-04-12,38.45103454589844
2024-04-15,38.20438003540039
2024-04-16,37.70156478881836
2024-04-17,37.673099517822266
2024-04-18,37.824893951416016
2024-04-19,37.673099517822266
2024-04-22,38.0810432434082
2024-04-23,38.39411926269531
2024-04-24,38.526939392089844
2024-04-25,38.61231994628906
2024-04-26,39.05820846557617
2024-04-29,39.43769073486328
2024-04-30,38.887447357177734
2024-05-01,38.92538833618164
2024-05-02,39.9310188293457
2024-05-03,40.291526794433594
2024-05-06,40.32947540283203
2024-05-07,40.101783752441406
2024-05-08,40.111270904541016
2024-05-09,40.23460388183594
2024-05-10,40.31998825073242
2024-05-13,40.62357711791992
2024-05-14,40.841773986816406
2024-05-15,41.27818298339844
2024-05-16,41.36355972290039
2024-05-17,41.543819427490234
2024-05-20,41.39202880859375
2024-05-21,41.13587951660156
2024-05-22,41.00305938720703
2024-05-23,40.69947052001953
2024-05-24,40.813316345214844
2024-05-28,40.75638961791992
2024-05-29,40.14921951293945
2024-05-30,40.035377502441406
2024-05-31,39.64641189575195
2024-06-03,40.063838958740234
2024-06-04,39.50410079956055
2024-06-05,40.13973617553711
2024-06-06,40.338966369628906
2024-06-07,39.88358688354492
2024-06-10,40.12076187133789
2024-06-11,39.987030029296875
2024-06-12,40.38822937011719
2024-06-13,40.29270553588867
2024-06-14,40.34046936035156
2024-06-17,40.598388671875
2024-06-18,40.97093963623047
2024-06-20,40.90407180786133
2024-06-21,40.76077651977539
2024-06-24,40.76077651977539
2024-06-25,40.66525650024414
2024-06-26,40.579280853271484
2024-06-27,40.607940673828125
2024-06-28,40.68436050415039
2024-07-01,40.77988815307617
2024-07-02,40.90407180786133
2024-07-03,41.50587844848633
2024-07-05,41.67782974243164
2024-07-08,41.687381744384766
2024-07-09,41.85932540893555
2024-07-10,42.098140716552734
2024-07-11,42.34650802612305
2024-07-12,42.51844787597656
2024-07-15,42.06948471069336
2024-07-16,42.30829620361328
2024-07-17,41.620513916015625
2024-07-18,41.22885513305664
2024-07-19,40.82765197753906
2024-07-22,41.171539306640625
2024-07-23,40.80854797363281
2024-07-24,40.216285705566406
2024-07-25,40.053890228271484
2024-07-26,40.46464920043945
2024-07-29,40.33091735839844
2024-07-30,40.149417877197266
2024-07-31,41.02825164794922
2024-08-01,40.31181335449219
2024-08-02,39.7386589050293
2024-08-05,38.611454010009766
2024-08-06,38.8311653137207
2024-08-07,39.06998062133789
2024-08-08,39.95836639404297
2024-08-09,40.178077697753906
2024-08-12,40.31181335449219
2024-08-13,40.76077651977539
2024-08-14,40.541072845458984
2024-08-15,40.99004364013672
2024-08-16,41.46767044067383
2024-08-19,41.86888122558594
2024-08-20,41.544097900390625
2024-08-21,41.70648193359375
2024-08-22,41.19064712524414
2024-08-23,41.8784294128418
2024-08-26,41.524986267089844
2024-08-27,41.582298278808594
2024-08-28,41.324378967285156
2024-08-29,41.34348678588867
2024-08-30,41.42946243286133
2024-09-03,40.607940673828125
2024-09-04,40.598388671875
2024-09-05,40.65570068359375
2024-09-06,39.91060256958008
2024-09-09,40.24494171142578
2024-09-10,40.09210205078125
2024-09-11,40.38822937011719
2024-09-12,40.72257614135742
2024-09-13,40.91362762451172
2024-09-16,41.047359466552734
2024-09-17,41.095123291015625
2024-09-18,40.95183181762695
2024-09-19,41.82111358642578
2024-09-20,41.735145568847656
2024-09-23,42.059932708740234
2024-09-24,43.49281311035156
2024-09-25,43.0342903137207
2024-09-26,44.61046600341797
2024-09-27,44.52449035644531
2024-09-30,43.80805206298828
2024-10-01,44.12328338623047
2024-10-02,44.9925651550293
2024-10-03,44.45762634277344
2024-10-04,44.868385314941406
2024-10-07,45.24093246459961
2024-10-08,44.12328338623047
2024-10-09,43.88446807861328
2024-10-10,43.970436096191406
2024-10-11,44.28567886352539
2024-10-14,44.10417556762695
2024-10-15,43.168025970458984
2024-10-16,43.50236892700195
2024-10-17,43.43550109863281
2024-10-18,43.86536407470703
2024-10-21,43.5596809387207
2024-10-22,43.46415710449219
2024-10-23,43.206233978271484
2024-10-24,43.13936996459961
2024-10-25,43.101158142089844
2024-10-28,43.292213439941406
2024-10-29,43.158470153808594
2024-10-30,42.738162994384766
2024-10-31,42.46113586425781
2024-11-01,42.49934768676758
2024-11-04,42.738162994384766
2024-11-05,43.32086944580078
2024-11-06,42.78592300415039
2024-11-07,43.731624603271484
2024-11-08,42.652191162109375
2024-11-11,42.32740020751953
2024-11-12,41.524986267089844
2024-11-13,41.25751495361328
2024-11-14,41.02825164794922
2024-11-15,41.02825164794922
2024-11-18,41.49633026123047
2024-11-19,41.46767044067383
2024-11-20,41.4199104309082
2024-11-21,41.33393478393555
2024-11-22,41.34348678588867
2024-11-25,41.37215042114258
2024-11-26,41.200199127197266
2024-11-27,41.25751495361328
2024-11-29,41.324378967285156
2024-12-02,41.486778259277344
2024-12-03,41.57274627685547
2024-12-04,41.67782974243164
2024-12-05,41.95484924316406
2024-12-06,41.88798141479492
2024-12-09,42.74771499633789
2024-12-10,42.059932708740234
2024-12-11,42.231876373291016
2024-12-12,42.02172088623047
2024-12-13,42.059932708740234
2024-12-16,41.83066940307617
2024-12-17,41.73061752319336
2024-12-18,40.75923156738281
2024-12-19,40.895225524902344
2024-12-20,41.060359954833984
2024-12-23,41.293495178222656
2024-12-24,41.41977310180664
2024-12-26,41.274070739746094
2024-12-27,41.08950424194336
2024-12-30,40.75923156738281
2024-12-31,40.62323760986328
2025-01-02,40.56495666503906
2025-01-03,40.94379806518555
2025-01-06,41.08950424194336
2025-01-07,40.79808807373047
2025-01-08,40.60380935668945
2025-01-10,39.914127349853516
2025-01-13,39.64214324951172
2025-01-14,40.08898162841797
2025-01-15,40.613529205322266
2025-01-16,40.56495666503906
2025-01-17,40.88551330566406
2025-01-21,41.322635650634766
2025-01-22,41.351776123046875
2025-01-23,41.44891357421875
2025-01-24,41.72090148925781
2025-01-27,40.96322250366211
2025-01-28,41.26435089111328
2025-01-29,41.274070739746094
2025-01-30,41.97346115112305
2025-01-31,41.49748992919922
2025-02-03,41.196353912353516
2025-02-04,41.934608459472656
2025-02-05,41.8277587890625
2025-02-06,42.00260925292969
2025-02-07,41.963748931884766
2025-02-10,42.46886444091797
2025-02-11,42.303733825683594
2025-02-12,42.536861419677734
2025-02-13,42.80885314941406
2025-02-14,43.139122009277344
2025-02-18,43.411109924316406
2025-02-19,43.34311294555664
2025-02-20,43.74138259887695
2025-02-21,43.61509704589844
2025-02-24,42.944847106933594
2025-02-25,42.9739875793457
2025-02-26,43.401397705078125
2025-02-27,42.55629348754883
2025-02-28,41.97346115112305
2025-03-03,41.604339599609375
2025-03-04,41.95403289794922
2025-03-05,43.20711898803711
2025-03-06,42.93513107299805
2025-03-07,43.14883804321289
2025-03-10,42.119171142578125
2025-03-11,42.46886444091797
2025-03-12,42.70199966430664
2025-03-13,42.52714920043945
2025-03-14,43.30426025390625
2025-03-17,44.042510986328125
2025-03-18,43.819087982177734
2025-03-19,43.92594528198242
2025-03-20,43.51796340942383
2025-03-21,43.30426025390625
2025-03-24,43.498531341552734
2025-03-25,43.37225341796875
2025-03-26,43.10997772216797
2025-03-27,43.32368469238281
2025-03-28,42.51743698120117
2025-03-31,42.449440002441406
2025-04-01,42.58543395996094
2025-04-02,42.64371871948242
2025-04-03,41.74032974243164
2025-04-04,39.41872787475586
2025-04-07,37.951934814453125
2025-04-08,37.41767883300781
2025-04-09,40.011268615722656
2025-04-10,39.32158279418945
2025-04-11,40.555240631103516
2025-04-14,40.92436981201172
2025-04-15,40.88551330566406
2025-04-16,40.40953826904297
2025-04-17,40.72037887573242
2025-04-21,40.710662841796875
2025-04-22,41.322635650634766
2025-04-23,41.798614501953125
2025-04-24,42.284305572509766
2025-04-25,42.20659255981445
2025-04-28,42.284305572509766
2025-04-29,42.40087127685547
2025-04-30,42.50772476196289
2025-05-01,42.498008728027344
2025-05-02,43.71223831176758
2025-05-05,44.042510986328125
2025-05-06,43.86766052246094
2025-05-07,43.3625373840332
2025-05-08,43.33340072631836
2025-05-09,43.624813079833984
2025-05-12,44.56705856323242
2025-05-13,44.6447639465332
2025-05-14,44.98474884033203
2025-05-15,44.9653205871582
2025-05-16,44.93617630004883
2025-05-19,45.03331756591797
2025-05-20,44.98474884033203
2025-05-21,44.86818313598633
2025-05-22,44.722476959228516
2025-05-23,44.907039642333984
2025-05-27,44.80018615722656
2025-05-28,44.596195220947266
2025-05-29,44.76133346557617
2025-05-30,44.21735763549805
2025-06-02,44.53791427612305
2025-06-03,44.6447639465332
2025-06-04,45.198455810546875
2025-06-05,45.43158721923828
2025-06-06,45.57728958129883
2025-06-09,45.96584701538086
2025-06-10,46.22812271118164
2025-06-11,46.42239761352539
2025-06-12,46.50010299682617
2025-06-13,45.76185607910156
2025-06-16,46.32286834716797
2025-06-17,45.714778900146484
2025-06-18,45.7049674987793
2025-06-20,45.44015884399414
2025-06-23,45.81285858154297
2025-06-24,46.99961853027344
2025-06-25,47.03884506225586
2025-06-26,47.35270309448242
2025-06-27,47.166351318359375
2025-06-30,47.313472747802734
2025-07-01,47.4017448425293
2025-07-02,47.60770797729492
2025-07-03,47.823482513427734
2025-07-07,47.14673614501953
2025-07-08,47.440975189208984
2025-07-09,47.362510681152344
2025-07-10,47.490013122558594
2025-07-11,47.33308792114258
2025-07-14,47.4017448425293
2025-07-15,47.745018005371094
2025-07-16,47.970603942871094
2025-07-17,48.24522399902344
2025-07-18,48.13733673095703
2025-07-21,48.451194763183594
2025-07-22,48.48061752319336
2025-07-23,48.971012115478516
2025-07-24,48.70619583129883
2025-07-25,48.55907440185547
2025-07-28,48.23542022705078
2025-07-29,48.255035400390625
2025-07-30,47.90195083618164
2025-07-31,47.62732696533203
2025-08-01,47.27423858642578
2025-08-04,47.7646369934082
2025-08-05,47.90195083618164
2025-08-06,48.12752914428711
2025-08-07,48.52965545654297
2025-08-08,48.490421295166016
2025-08-11,48.353111267089844
2025-08-12,48.94158935546875
2025-08-13,49.53006362915039
2025-08-14,48.921974182128906
2025-08-15,48.98081970214844
2025-08-18,49.2652473449707
2025-08-19,48.86312484741211
2025-08-20,48.79446792602539
2025-08-21,48.686580657958984
2025-08-22,49.65756607055664
2025-08-25,49.37313461303711
2025-08-26,49.245635986328125
2025-08-27,48.95139694213867
2025-08-28,49.13774871826172
2025-08-29,48.90235900878906
2025-09-02,48.86312484741211
2025-09-03,49.049476623535156
2025-09-04,48.892547607421875
2025-09-05,49.48102569580078
2025-09-08,49.93218994140625
2025-09-09,50.206809997558594
2025-09-10,50.55009078979492
2025-09-11,51.28568649291992
2025-09-12,51.25625991821289
2025-09-15,51.628963470458984
2025-09-16,52.011470794677734
2025-09-17,52.23705291748047
2025-09-18,52.10955047607422
2025-09-19,51.991851806640625
2025-09-22,52.246864318847656
2025-09-23,52.276283264160156
2025-09-24,52.0997428894043
2025-09-25,51.79569625854492
2025-09-26,51.69761657714844
2025-09-29,52.16839599609375
2025-09-30,52.374366760253906
2025-10-01,52.78629684448242
2025-10-02,53.031494140625
2025-10-03,53.18842315673828
2025-10-06,53.433624267578125
2025-10-07,53.021690368652344
2025-10-08,53.44343185424805
2025-10-09,52.89418411254883
2025-10-10,50.942405700683594
2025-10-13,52.42340850830078
2025-10-14,51.9526252746582
2025-10-15,52.80591583251953
2025-10-16,53.149192810058594
2025-10-17,53.13938522338867
2025-10-20,53.865169525146484
2025-10-21,53.26688766479492
2025-10-22,53.21784591674805
2025-10-23,53.688629150390625
2025-10-24,54.04171371459961
2025-10-27,54.63999557495117
2025-10-28,54.62038040161133
2025-10-29,54.934234619140625
2025-10-30,54.36537551879883
2025-10-31,54.23787307739258
2025-11-03,54.581153869628906
2025-11-04,53.58074188232422
2025-11-05,54.06132888793945
2025-11-06,53.65920639038086
2025-11-07,53.50227737426758
2025-11-10,54.4438362121582
2025-11-11,54.502685546875
2025-11-12,54.51249313354492
2025-11-13,53.87498092651367
2025-11-14,53.90440368652344
2025-11-17,53.26688766479492
2025-11-18,53.0020751953125
2025-11-19,52.81571960449219
2025-11-20,52.08993911743164
2025-11-21,52.08012390136719
2025-11-24,52.629371643066406
2025-11-25,52.81571960449219
2025-11-26,53.19823455810547
2025-11-28,53.27669143676758
2025-12-01,53.237464904785156
2025-12-02,53.257080078125
2025-12-03,53.29631042480469
2025-12-04,53.28650665283203
2025-12-05,53.688629150390625
2025-12-08,53.5709342956543
2025-12-09,53.482662200927734
2025-12-10,54.0809440612793
2025-12-11,53.8259391784668
2025-12-12,53.19823455810547
2025-12-15,53.04130935668945
2025-12-16,52.70604705810547
2025-12-17,52.32801055908203
2025-12-18,52.92491149902344
2025-12-19,53.442222595214844
2025-12-22,53.73072052001953
2025-12-23,54.029170989990234
2025-12-24,54.13859939575195
2025-12-26,54.51663589477539
2025-12-29,54.37736129760742
2025-12-30,54.596221923828125
2025-12-31,54.427101135253906
2026-01-02,55.94919204711914
2026-01-05,56.565982818603516
2026-01-06,56.98381042480469
2026-01-07,56.556034088134766
2026-01-08,56.575931549072266
2026-01-09,56.84453582763672
2026-01-12,57.64039611816406
2026-01-13,57.21261978149414
2026-01-14,57.45138168334961
2026-01-15,57.78962326049805
2026-01-16,57.57075881958008
2026-01-20,57.01365661621094
2026-01-21,57.958744049072266
2026-01-22,58.39646911621094
2026-01-23,58.764556884765625
2026-01-26,58.864036560058594
2026-01-27,60.02798843383789
2026-01-28,60.43586730957031
2026-01-29,60.127471923828125
2026-01-30,58.79439926147461
2026-02-02,58.97346878051758
2026-02-03,59.291812896728516
2026-02-04,58.49595260620117
2026-02-05,58.22734832763672
2026-02-06,59.75938415527344
2026-02-09,60.19710922241211
2026-02-10,60.286643981933594
2026-02-11,61.24168014526367
2026-02-12,60.5452995300293
2026-02-13,60.803955078125
2026-02-17,60.55524826049805
2026-02-18,60.873592376708984
2026-02-19,60.724369049072266
2026-02-20,62.01764678955078
2026-02-23,61.331214904785156
2026-02-24,62.296199798583984
2026-02-25,62.98263168334961
2026-02-26,62.38573455810547
2026-02-27,62.25640869140625
2026-03-02,61.18199157714844
2026-03-03,58.117916107177734
2026-03-04,58.744659423828125
2026-03-05,57.33200454711914
2026-03-06,57.02360534667969
2026-03-09,58.147762298583984
2026-03-10,58.37657165527344
2026-03-11,58.52579879760742
2026-03-12,56.655517578125
2026-03-13,56.50629425048828
2026-03-16,58.078125
2026-03-17,58.44620895385742
2026-03-18,57.262367248535156
2026-03-19,57.322052001953125
2026-03-20,55.352291107177734
2026-03-23,57.01365661621094
2026-03-24,56.22774124145508
2026-03-25,57.123085021972656
2026-03-26,55.18317413330078
2026-03-27,54.91456985473633
2026-03-30,54.466896057128906
2026-03-31,56.49634552001953
2026-04-01,56.9340705871582
2026-04-02,56.29737854003906
2026-04-06,56.814693450927734
2026-04-07,57.01365661621094
2026-04-08,60.127471923828125
2026-04-09,59.968299865722656
2026-04-10,60.24685287475586
2026-04-13,60.754215240478516
2026-04-14,61.91816711425781
2026-04-15,61.87837219238281
2026-04-16,62.127079010009766
2026-04-17,63.3109245300293
2026-04-20,62.85330581665039
2026-04-21,61.9281120300293
2026-04-22,63.052268981933594
2026-04-23,62.02759552001953
2026-04-24,63.41040802001953
2026-04-27,63.3109245300293
2026-04-28,62.66428756713867
2026-04-29,62.36583709716797
2026-04-30,63.65911865234375
2026-05-01,63.79838943481445
2026-05-04,63.7685432434082
2026-05-05,65.06182861328125
2026-05-06,67.1410140991211
2026-05-07,66.24566650390625
2026-05-08,67.58869171142578
2026-05-11,67.53894805908203
2026-05-12,65.47965240478516
2026-05-13,66.86246490478516
2026-05-14,67.03158569335938
2026-05-15,64.73352813720703
2026-05-18,64.63404846191406
2026-05-19,63.9277229309082
2026-05-20,65.12151336669922
2026-05-21,65.68856811523438
2026-05-22,65.53933715820312
2026-05-26,68.04631042480469
2026-05-27,68.03636169433594
2026-05-28,68.2552261352539
2026-05-29,68.24527740478516
2026-06-01,69.7176284790039
2026-06-02,70.43390655517578
2026-06-03,69.5584487915039
2026-06-04,68.74269104003906
2026-06-05,64.25601196289062
2026-06-08,65.4100112915039
2026-06-09,65.47965240478516
2026-06-10,64.32565307617188
2026-06-11,67.15096282958984
2026-06-12,67.52899932861328
2026-06-15,69.75
2026-06-16,68.63999938964844
2026-06-17,68.55999755859375
2026-06-18,70.79000091552734
2026-06-22,71.20999908447266
2026-06-23,67.16999816894531
2026-06-24,67.25
2026-06-25,67.95999908447266
2026-06-26,67.19000244140625
2026-06-29,67.43000030517578
2026-06-30,68.41000366210938
2026-07-01,66.4800033569336
2026-07-02,65.69999694824219
2026-07-06,67.56999969482422
2026-07-07,65.72000122070312
2026-07-08,66.2300033569336
2026-07-09,66.77999877929688
2026-07-10,66.9000015258789
2026-07-13,64.5
2026-07-14,65.66999816894531
2026-07-15,65.56999969482422
2026-07-16,64.19000244140625
2026-07-17,63.290000915527344
2026-07-20,63.560001373291016
2026-07-21,65.33999633789062
2026-07-22,64.98999786376953
2026-07-23,64.5999984741211
2026-07-24,63.33000183105469
2026-07-27,63.619998931884766
2026-07-28,62.36000061035156
2026-07-29,61.06999969482422
2026-07-30,63.59000015258789
2026-07-31,64.08999633789062
2026-08-03,64.31999969482422
2026-08-04,66.0
2026-08-05,65.72000122070312
2026-08-06,65.0199966430664
2026-08-07,65.63999938964844
2026-08-10,65.16999816894531
2026-08-11,65.43000030517578
2026-08-12,66.45999908447266
2026-08-13,66.68000030517578
2026-08-14,66.61000061035156
2026-08-17,67.31999969482422
2026-08-18,65.33999633789062
2026-08-19,66.11000061035156
2026-08-20,66.62000274658203
2026-08-21,67.12000274658203
2026-08-24,66.11000061035156
2026-08-25,67.25
2026-08-26,67.16999816894531
2026-08-27,67.61000061035156
2026-08-28,67.13999938964844
2026-08-31,67.0199966430664
2026-09-01,66.7699966430664
2026-09-02,67.1500015258789
2026-09-03,67.47000122070312
2026-09-04,68.69999694824219
2026-09-08,68.83000183105469
2026-09-09,68.4800033569336
2026-09-10,67.0
2026-09-11,67.83999633789062
2026-09-14,65.98999786376953
2026-09-15,65.76000213623047
2026-09-16,65.72000122070312
2026-09-17,66.91000366210938
2026-09-18,67.02999877929688
2026-09-21,68.83000183105469
2026-09-22,69.0999984741211
2026-09-23,67.70999908447266
2026-09-24,67.25
2026-09-25,67.9800033569336
2026-09-28,67.19999694824219
2026-09-29,67.4000015258789
2026-09-30,66.79000091552734
2026-10-01,66.80999755859375
2026-10-02,67.66999816894531
2026-10-05,68.7300033569336
2026-10-06,68.2699966430664
2026-10-07,67.37000274658203
