date,adjclose
2011-10-10,16.494897842407227
2011-10-11,16.436920166015625
2011-10-12,16.73405647277832
2011-10-13,16.65433692932129
2011-10-14,16.850013732910156
2011-10-17,16.480405807495117
2011-10-18,16.65433692932129
2011-10-19,16.306468963623047
2011-10-20,16.560123443603516
2011-10-21,17.016704559326172
2011-10-24,17.118167877197266
2011-10-25,16.871755599975586
2011-10-26,17.03119468688965
2011-10-27,17.842899322509766
2011-10-28,17.748680114746094
2011-10-31,17.03119468688965
2011-11-01,16.451414108276367
2011-11-02,16.574617385864258
2011-11-03,16.944231033325195
2011-11-04,16.748554229736328
2011-11-07,16.473155975341797
2011-11-08,16.748554229736328
2011-11-09,15.94410514831543
2011-11-10,16.06005859375
2011-11-11,16.393434524536133
2011-11-14,16.212249755859375
2011-11-15,16.176013946533203
2011-11-16,15.973092079162598
2011-11-17,15.791908264160156
2011-11-18,15.893369674682617
2011-11-21,15.559993743896484
2011-11-22,15.545499801635742
2011-11-23,15.204873085021973
2011-11-25,15.016446113586426
2011-11-28,15.574485778808594
2011-11-29,15.610725402832031
2011-11-30,16.205001831054688
2011-12-01,16.212249755859375
2011-12-02,16.12528419494629
2011-12-05,16.248489379882812
2011-12-06,16.248489379882812
2011-12-07,16.371694564819336
2011-12-08,16.023818969726562
2011-12-09,16.32096290588379
2011-12-12,15.922359466552734
2011-12-13,15.675951957702637
2011-12-14,15.588979721069336
2011-12-15,15.849888801574707
2011-12-16,15.748422622680664
2011-12-19,15.799156188964844
2011-12-20,16.138607025146484
2011-12-21,16.08783531188965
2011-12-22,16.19663429260254
2011-12-23,16.28367805480957
2011-12-27,16.290929794311523
2011-12-28,16.138607025146484
2011-12-29,16.348955154418945
2011-12-30,16.406984329223633
2012-01-03,16.78415298461914
2012-01-04,16.689857482910156
2012-01-05,16.406984329223633
2012-01-06,16.23290252685547
2012-01-09,16.348955154418945
2012-01-10,16.465009689331055
2012-01-11,16.33445167541504
2012-01-12,16.537538528442383
2012-01-13,16.348955154418945
2012-01-17,16.406984329223633
2012-01-18,16.90745735168457
2012-01-19,17.175832748413086
2012-01-20,17.052528381347656
2012-01-23,17.1685791015625
2012-01-24,17.117807388305664
2012-01-25,17.16132926940918
2012-01-26,17.13231086730957
2012-01-27,17.183088302612305
2012-01-30,16.892955780029297
2012-01-31,16.91471290588379
2012-02-01,17.212093353271484
2012-02-02,17.21935272216797
2012-02-03,17.42244529724121
2012-02-06,17.38617706298828
2012-02-07,17.538497924804688
2012-02-08,17.57476043701172
2012-02-09,17.632787704467773
2012-02-10,17.36441993713379
2012-02-13,17.5312442779541
2012-02-14,17.42244529724121
2012-02-15,17.40793800354004
2012-02-16,17.640043258666992
2012-02-17,17.705322265625
2012-02-21,17.748842239379883
2012-02-22,17.676313400268555
2012-02-23,17.85038948059082
2012-02-24,17.951932907104492
2012-02-27,17.86489486694336
2012-02-28,17.886653900146484
2012-02-29,17.66180419921875
2012-03-01,17.792362213134766
2012-03-02,17.647294998168945
2012-03-05,17.66180419921875
2012-03-06,17.16132926940918
2012-03-07,17.400686264038086
2012-03-08,17.814125061035156
2012-03-09,17.712574005126953
2012-03-12,17.741588592529297
2012-03-13,17.908416748046875
2012-03-14,17.814125061035156
2012-03-15,18.06073760986328
2012-03-16,18.14777374267578
2012-03-19,18.27108383178711
2012-03-20,18.155025482177734
2012-03-21,18.07524299621582
2012-03-22,17.93017578125
2012-03-23,18.02446937561035
2012-03-26,18.28558921813965
2012-03-27,18.13326644897461
2012-03-28,18.10425567626953
2012-03-29,17.937429428100586
2012-03-30,18.155025482177734
2012-04-02,18.394386291503906
2012-04-03,18.14777374267578
2012-04-04,17.814125061035156
2012-04-05,17.640043258666992
2012-04-09,17.59652328491211
2012-04-10,17.262876510620117
2012-04-11,17.436952590942383
2012-04-12,17.792362213134766
2012-04-13,17.444202423095703
2012-04-16,17.640043258666992
2012-04-17,17.922922134399414
2012-04-18,17.785112380981445
2012-04-19,17.89390754699707
2012-04-20,18.08249855041504
2012-04-23,17.814125061035156
2012-04-24,17.814125061035156
2012-04-25,18.031719207763672
2012-04-26,18.046228408813477
2012-04-27,18.017215728759766
2012-04-30,18.002710342407227
2012-05-01,18.126012802124023
2012-05-02,17.966442108154297
2012-05-03,17.79962158203125
2012-05-04,17.62553596496582
2012-05-07,17.603776931762695
2012-05-08,17.3934326171875
2012-05-09,17.146818161010742
2012-05-10,17.096046447753906
2012-05-11,17.059785842895508
2012-05-14,16.747888565063477
2012-05-15,16.581064224243164
2012-05-16,16.530284881591797
2012-05-17,16.377967834472656
2012-05-18,16.36346435546875
2012-05-21,16.639087677001953
2012-05-22,16.573810577392578
2012-05-23,16.45050048828125
2012-05-24,16.31269073486328
2012-05-25,16.31269073486328
2012-05-29,16.435993194580078
2012-05-30,16.18937873840332
2012-05-31,16.138607025146484
2012-06-01,15.906503677368164
2012-06-04,15.870238304138184
2012-06-05,15.826717376708984
2012-06-06,16.319942474365234
2012-06-07,16.348955154418945
2012-06-08,16.32719612121582
2012-06-11,16.203887939453125
2012-06-12,16.465009689331055
2012-06-13,16.530284881591797
2012-06-14,16.5447940826416
2012-06-15,16.617328643798828
2012-06-18,16.559303283691406
2012-06-19,16.9437255859375
2012-06-20,16.91471290588379
2012-06-21,16.59636116027832
2012-06-22,16.723106384277344
2012-06-25,16.417417526245117
2012-06-26,16.51434326171875
2012-06-27,16.59636116027832
2012-06-28,16.54416847229004
2012-06-29,17.080978393554688
2012-07-02,17.140621185302734
2012-07-03,17.31209945678711
2012-07-05,17.013874053955078
2012-07-06,16.834938049316406
2012-07-09,16.81256675720215
2012-07-10,16.730558395385742
2012-07-11,16.76783561706543
2012-07-12,16.618722915649414
2012-07-13,16.797657012939453
2012-07-16,16.80512046813965
2012-07-17,16.90203857421875
2012-07-18,17.028785705566406
2012-07-19,17.185352325439453
2012-07-20,16.909494400024414
2012-07-23,16.59636116027832
2012-07-24,16.45469856262207
2012-07-25,16.60381317138672
2012-07-26,17.06606674194336
2012-07-27,17.38665771484375
2012-07-30,17.297189712524414
2012-07-31,17.356840133666992
2012-08-01,17.28227996826172
2012-08-02,17.200267791748047
2012-08-03,17.66997718811035
2012-08-06,17.692340850830078
2012-08-07,17.7296199798584
2012-08-08,17.67742919921875
2012-08-09,17.67742919921875
2012-08-10,17.625242233276367
2012-08-13,17.647611618041992
2012-08-14,17.692340850830078
2012-08-15,17.655065536499023
2012-08-16,17.796724319458008
2012-08-17,17.796724319458008
2012-08-20,17.74453353881836
2012-08-21,17.84145736694336
2012-08-22,17.901098251342773
2012-08-23,17.878734588623047
2012-08-24,17.863821029663086
2012-08-27,17.863821029663086
2012-08-28,17.804176330566406
2012-08-29,17.751983642578125
2012-08-30,17.565595626831055
2012-08-31,17.722164154052734
2012-09-04,17.69979476928711
2012-09-05,17.789268493652344
2012-09-06,18.16204833984375
2012-09-07,18.355897903442383
2012-09-10,18.2067813873291
2012-09-11,18.393173217773438
2012-09-12,18.415544509887695
2012-09-13,18.62430191040039
2012-09-14,18.788330078125
2012-09-17,18.75850486755371
2012-09-18,18.683948516845703
2012-09-19,18.780872344970703
2012-09-20,18.669034957885742
2012-09-21,18.743593215942383
2012-09-24,18.669034957885742
2012-09-25,18.6019344329834
2012-09-26,18.445363998413086
2012-09-27,18.557199478149414
2012-09-28,18.333532333374023
2012-10-01,18.587024688720703
2012-10-02,18.743593215942383
2012-10-03,18.646669387817383
2012-10-04,18.90761947631836
2012-10-05,18.952350616455078
2012-10-08,18.900163650512695
2012-10-09,18.676490783691406
2012-10-10,18.654125213623047
2012-10-11,18.788330078125
2012-10-12,18.847972869873047
2012-10-15,19.06418800354004
2012-10-16,19.369873046875
2012-10-17,19.504074096679688
2012-10-18,19.39969253540039
2012-10-19,19.190933227539062
2012-10-22,19.2804012298584
2012-10-23,18.803239822387695
2012-10-24,18.75850486755371
2012-10-25,18.77341651916504
2012-10-26,18.73613739013672
2012-10-31,18.780872344970703
2012-11-01,18.97471809387207
2012-11-02,18.855432510375977
2012-11-05,18.847972869873047
2012-11-06,19.034364700317383
2012-11-07,18.825605392456055
2012-11-08,18.76595687866211
2012-11-09,18.713769912719727
2012-11-12,18.713769912719727
2012-11-13,18.698856353759766
2012-11-14,18.572111129760742
2012-11-15,18.415544509887695
2012-11-16,18.288795471191406
2012-11-19,18.713769912719727
2012-11-20,18.706317901611328
2012-11-21,18.77341651916504
2012-11-23,19.190933227539062
2012-11-26,19.146198272705078
2012-11-27,19.094011306762695
2012-11-28,19.30276870727539
2012-11-29,19.45188331604004
2012-11-30,19.511531829833984
2012-12-03,19.586084365844727
2012-12-04,19.586084365844727
2012-12-05,19.600996017456055
2012-12-06,19.615907669067383
2012-12-07,19.638277053833008
2012-12-10,19.70537757873535
2012-12-11,19.787391662597656
2012-12-12,19.83957862854004
2012-12-13,19.817211151123047
2012-12-14,19.8544921875
2012-12-17,19.906681060791016
2012-12-18,20.055795669555664
2012-12-19,20.115440368652344
2012-12-20,20.09307289123535
2012-12-21,19.973783493041992
2012-12-24,19.906681060791016
2012-12-26,19.958871841430664
2012-12-27,19.943958282470703
2012-12-28,19.779932022094727
2012-12-31,19.981239318847656
2013-01-02,20.301834106445312
2013-01-03,20.070703506469727
2013-01-04,20.294370651245117
2013-01-07,20.294370651245117
2013-01-08,20.28691864013672
2013-01-09,20.465856552124023
2013-01-10,20.741718292236328
2013-01-11,20.831186294555664
2013-01-14,20.734264373779297
2013-01-15,20.719350814819336
2013-01-16,20.726804733276367
2013-01-17,21.01012420654297
2013-01-18,20.883373260498047
2013-01-22,20.831186294555664
2013-01-23,21.047399520874023
2013-01-24,21.18160057067871
2013-01-25,21.300891876220703
2013-01-28,21.308347702026367
2013-01-29,21.367996215820312
2013-01-30,21.39035987854004
2013-01-31,21.397815704345703
2013-02-01,21.61402702331543
2013-02-04,21.345624923706055
2013-02-05,21.47237205505371
2013-02-06,21.539474487304688
2013-02-07,21.14432144165039
2013-02-08,21.300891876220703
2013-02-11,21.308347702026367
2013-02-12,21.382909774780273
2013-02-13,21.561843872070312
2013-02-14,21.517107009887695
2013-02-15,21.509654998779297
2013-02-19,21.70349884033203
2013-02-20,21.63640022277832
2013-02-21,21.330717086791992
2013-02-22,21.53202247619629
2013-02-25,21.16669273376465
2013-02-26,21.233789443969727
2013-02-27,21.435094833374023
2013-02-28,21.442548751831055
2013-03-01,21.360536575317383
2013-03-04,21.442548751831055
2013-03-05,21.696044921875
2013-03-06,21.591665267944336
2013-03-07,21.755691528320312
2013-03-08,21.673677444458008
2013-03-11,21.79296875
2013-03-12,21.867523193359375
2013-03-13,21.725866317749023
2013-03-14,22.00918197631836
2013-03-15,22.247760772705078
2013-03-18,21.94953727722168
2013-03-19,21.860069274902344
2013-03-20,22.09865379333496
2013-03-21,21.718408584594727
2013-03-22,21.867523193359375
2013-03-25,21.65131187438965
2013-03-26,21.82279396057129
2013-03-27,21.658761978149414
2013-03-28,21.889890670776367
2013-04-01,21.80042266845703
2013-04-02,22.046463012695312
2013-04-03,22.061372756958008
2013-04-04,21.92717170715332
2013-04-05,21.77060317993164
2013-04-08,21.897348403930664
2013-04-09,21.82279396057129
2013-04-10,22.13593101501465
2013-04-11,22.299955368041992
2013-04-12,22.277587890625
2013-04-15,22.07628631591797
2013-04-16,22.359600067138672
2013-04-17,21.59912109375
2013-04-18,21.70349884033203
2013-04-19,21.830244064331055
2013-04-22,21.79296875
2013-04-23,22.07628631591797
2013-04-24,22.188121795654297
2013-04-25,22.30741310119629
2013-04-26,22.314865112304688
2013-04-29,22.64291763305664
2013-04-30,22.73984146118164
2013-05-01,22.64291763305664
2013-05-02,22.635461807250977
2013-05-03,22.73984146118164
2013-05-06,22.710020065307617
2013-05-07,22.829307556152344
2013-05-08,23.231916427612305
2013-05-09,22.933692932128906
2013-05-10,22.91132164001465
2013-05-13,22.851673126220703
2013-05-14,22.762208938598633
2013-05-15,23.030616760253906
2013-05-16,22.888957977294922
2013-05-17,22.90386390686035
2013-05-20,22.98587989807129
2013-05-21,22.94860076904297
2013-05-22,22.792030334472656
2013-05-23,22.628005981445312
2013-05-24,22.777118682861328
2013-05-28,22.53853416442871
2013-05-29,22.44161605834961
2013-05-30,22.598182678222656
2013-05-31,22.165754318237305
2013-06-03,22.143386840820312
2013-06-04,22.23285484313965
2013-06-05,21.979360580444336
2013-06-06,22.106107711791992
2013-06-07,22.38942527770996
2013-06-10,22.419246673583984
2013-06-11,22.210485458374023
2013-06-12,22.23285484313965
2013-06-13,22.337234497070312
2013-06-14,22.262678146362305
2013-06-17,22.486347198486328
2013-06-18,22.598182678222656
2013-06-19,22.314865112304688
2013-06-20,21.681129455566406
2013-06-21,21.39035987854004
2013-06-24,21.069765090942383
2013-06-25,21.367996215820312
2013-06-26,21.576751708984375
2013-06-27,21.77777862548828
2013-06-28,21.81585121154785
2013-07-01,21.945301055908203
2013-07-02,21.831083297729492
2013-07-03,21.891996383666992
2013-07-05,21.87677001953125
2013-07-08,22.01382827758789
2013-07-09,21.99098777770996
2013-07-10,22.22704315185547
2013-07-11,22.76006317138672
2013-07-12,22.67630386352539
2013-07-15,22.72960662841797
2013-07-16,22.72960662841797
2013-07-17,22.668685913085938
2013-07-18,22.63823127746582
2013-07-19,22.72960662841797
2013-07-22,22.851436614990234
2013-07-23,22.737220764160156
2013-07-24,22.752450942993164
2013-07-25,22.83620834350586
2013-07-26,22.683916091918945
2013-07-29,22.615386962890625
2013-07-30,22.569698333740234
2013-07-31,22.72960662841797
2013-08-01,22.889509201049805
2013-08-02,23.10272216796875
2013-08-05,23.14079475402832
2013-08-06,23.26262664794922
2013-08-07,23.32354736328125
2013-08-08,23.407302856445312
2013-08-09,23.38446044921875
2013-08-12,23.30831527709961
2013-08-13,23.300701141357422
2013-08-14,23.2930850982666
2013-08-15,23.178865432739258
2013-08-16,23.15601921081543
2013-08-19,23.064645767211914
2013-08-20,23.31593132019043
2013-08-21,23.03418731689453
2013-08-22,23.32354736328125
2013-08-23,23.430145263671875
2013-08-26,23.33877182006836
2013-08-27,22.97327423095703
2013-08-28,22.653461456298828
2013-08-29,22.41740608215332
2013-08-30,22.348875045776367
2013-09-03,22.622997283935547
2013-09-04,22.645841598510742
2013-09-05,22.615386962890625
2013-09-06,22.80574607849121
2013-09-09,22.99611473083496
2013-09-10,23.17125129699707
2013-09-11,23.33115577697754
2013-09-12,23.17125129699707
2013-09-13,23.239784240722656
2013-09-16,23.277856826782227
2013-09-17,23.32354736328125
2013-09-18,23.955554962158203
2013-09-19,23.97840118408203
2013-09-20,23.879411697387695
2013-09-23,23.833721160888672
2013-09-24,23.734731674194336
2013-09-25,23.780424118041992
2013-09-26,23.7956485748291
2013-09-27,23.909870147705078
2013-09-30,23.818492889404297
2013-10-01,23.940326690673828
2013-10-02,23.826108932495117
2013-10-03,23.72711753845215
2013-10-04,23.628128051757812
2013-10-07,23.44538116455078
2013-10-08,23.186481475830078
2013-10-09,23.018959045410156
2013-10-10,23.38446044921875
2013-10-11,23.5748291015625
2013-10-14,23.620515823364258
2013-10-15,23.46822166442871
2013-10-16,23.55959701538086
2013-10-17,24.077388763427734
2013-10-18,24.23729705810547
2013-10-21,24.328672409057617
2013-10-22,24.75508689880371
2013-10-23,24.838851928710938
2013-10-24,24.89215087890625
2013-10-25,24.914997100830078
2013-10-28,24.89215087890625
2013-10-29,24.747474670410156
2013-10-30,24.678945541381836
2013-10-31,24.526649475097656
2013-11-01,24.404817581176758
2013-11-04,24.420047760009766
2013-11-05,24.10023307800293
2013-11-06,24.381975173950195
2013-11-07,24.16876792907715
2013-11-08,24.23729705810547
2013-11-11,24.328672409057617
2013-11-12,24.313446044921875
2013-11-13,24.389591217041016
2013-11-14,24.45811653137207
2013-11-15,24.56472396850586
2013-11-18,24.618030548095703
2013-11-19,24.610414505004883
2013-11-20,24.343900680541992
2013-11-21,24.435277938842773
2013-11-22,24.557109832763672
2013-11-25,24.519039154052734
2013-11-26,24.557109832763672
2013-11-27,24.526649475097656
2013-11-29,24.5799503326416
2013-12-02,24.450504302978516
2013-12-03,24.16876792907715
2013-12-04,24.03931427001953
2013-12-05,24.130693435668945
2013-12-06,24.427663803100586
2013-12-09,24.435277938842773
2013-12-10,24.290599822998047
2013-12-11,24.222070693969727
2013-12-12,23.864179611206055
2013-12-13,23.818492889404297
2013-12-16,24.008859634399414
2013-12-17,24.008859634399414
2013-12-18,24.206836700439453
2013-12-19,24.321062088012695
2013-12-20,24.442890167236328
2013-12-23,24.633256912231445
2013-12-24,24.69417381286621
2013-12-26,24.777935028076172
2013-12-27,25.01398468017578
2013-12-30,25.090133666992188
2013-12-31,25.120594024658203
2014-01-02,24.526649475097656
2014-01-03,24.770320892333984
2014-01-06,24.762704849243164
2014-01-07,24.78554916381836
2014-01-08,24.75508689880371
2014-01-09,24.89215087890625
2014-01-10,25.15104866027832
2014-01-13,25.090133666992188
2014-01-14,25.227195739746094
2014-01-15,25.128206253051758
2014-01-16,25.272884368896484
2014-01-17,25.074907302856445
2014-01-21,25.211965560913086
2014-01-22,25.17389488220215
2014-01-23,25.310955047607422
2014-01-24,24.7398624420166
2014-01-27,24.427663803100586
2014-01-28,24.709402084350586
2014-01-29,24.47334861755371
2014-01-30,24.602798461914062
2014-01-31,24.366744995117188
2014-02-03,24.046932220458984
2014-02-04,24.22968101501465
2014-02-05,24.30582618713379
2014-02-06,24.777935028076172
2014-02-07,25.18150520324707
2014-02-10,25.143436431884766
2014-02-11,25.3033390045166
2014-02-12,25.288114547729492
2014-02-13,25.440404891967773
2014-02-14,25.562236785888672
2014-02-18,25.63077163696289
2014-02-19,25.50893211364746
2014-02-20,25.478477478027344
2014-02-21,25.592697143554688
2014-02-24,25.783063888549805
2014-02-25,25.843976974487305
2014-02-26,25.737377166748047
2014-02-27,25.920127868652344
2014-02-28,26.057186126708984
2014-03-03,25.46324920654297
2014-03-04,25.874433517456055
2014-03-05,25.904897689819336
2014-03-06,26.2475528717041
2014-03-07,26.163793563842773
2014-03-10,26.102872848510742
2014-03-11,25.988658905029297
2014-03-12,25.98104476928711
2014-03-13,25.516550064086914
2014-03-14,25.349027633666992
2014-03-17,25.60030746459961
2014-03-18,25.851593017578125
2014-03-19,25.478477478027344
2014-03-20,25.516550064086914
2014-03-21,25.50893211364746
2014-03-24,25.478477478027344
2014-03-25,25.760217666625977
2014-03-26,25.737377166748047
2014-03-27,25.737377166748047
2014-03-28,25.82874870300293
2014-03-31,26.1485595703125
2014-04-01,26.278013229370117
2014-04-02,26.262784957885742
2014-04-03,26.171405792236328
2014-04-04,25.99626922607422
2014-04-07,25.98104476928711
2014-04-08,26.140947341918945
2014-04-09,26.36176872253418
2014-04-10,26.140947341918945
2014-04-11,25.874433517456055
2014-04-14,26.034343719482422
2014-04-15,26.034343719482422
2014-04-16,26.12571907043457
2014-04-17,26.255168914794922
2014-04-21,26.316085815429688
2014-04-22,26.4303035736084
2014-04-23,26.4303035736084
2014-04-24,26.369388580322266
2014-04-25,26.293243408203125
2014-04-28,26.369388580322266
2014-04-29,26.4303035736084
2014-04-30,26.673969268798828
2014-05-01,26.70442771911621
2014-05-02,26.635900497436523
2014-05-05,26.59782600402832
2014-05-06,26.582592010498047
2014-05-07,26.658742904663086
2014-05-08,26.529293060302734
2014-05-09,26.56736946105957
2014-05-12,26.727270126342773
2014-05-13,26.64351463317871
2014-05-14,26.742502212524414
2014-05-15,26.864337921142578
2014-05-16,26.856721878051758
2014-05-19,26.803417205810547
2014-05-20,26.734888076782227
2014-05-21,26.78818702697754
2014-05-22,26.84149169921875
2014-05-23,26.818649291992188
2014-05-27,26.849105834960938
2014-05-28,26.78057289123535
2014-05-29,26.856721878051758
2014-05-30,26.849105834960938
2014-06-02,26.79580307006836
2014-06-03,26.742502212524414
2014-06-04,26.727270126342773
2014-06-05,26.864337921142578
2014-06-06,26.917638778686523
2014-06-09,26.879562377929688
2014-06-10,26.986169815063477
2014-06-11,26.78057289123535
2014-06-12,26.727270126342773
2014-06-13,26.5902099609375
2014-06-16,26.734888076782227
2014-06-17,26.734888076782227
2014-06-18,26.902408599853516
2014-06-19,26.91002655029297
2014-06-20,26.89479637145996
2014-06-23,26.89479637145996
2014-06-24,26.765352249145508
2014-06-25,26.709266662597656
2014-06-26,26.608003616333008
2014-06-27,26.67032241821289
2014-06-30,26.732627868652344
2014-07-01,26.935152053833008
2014-07-02,26.888416290283203
2014-07-03,26.958518981933594
2014-07-07,26.74042320251465
2014-07-08,26.569059371948242
2014-07-09,26.61579132080078
2014-07-10,26.405485153198242
2014-07-11,26.358749389648438
2014-07-14,26.631370544433594
2014-07-15,26.55348014831543
2014-07-16,26.631370544433594
2014-07-17,26.33538246154785
2014-07-18,26.397693634033203
2014-07-21,26.343172073364258
2014-07-22,26.42106056213379
2014-07-23,26.46779441833496
2014-07-24,26.569059371948242
2014-07-25,26.358749389648438
2014-07-28,26.257490158081055
2014-07-29,26.08612823486328
2014-07-30,25.992656707763672
2014-07-31,25.548669815063477
2014-08-01,25.4162540435791
2014-08-04,25.455198287963867
2014-08-05,25.307201385498047
2014-08-06,25.260467529296875
2014-08-07,25.229310989379883
2014-08-08,25.43182945251465
2014-08-11,25.462989807128906
2014-08-12,25.44740867614746
2014-08-13,25.626562118530273
2014-08-14,25.852445602416992
2014-08-15,25.8212947845459
2014-08-18,25.89918327331543
2014-08-19,26.062759399414062
2014-08-20,25.96150016784668
2014-08-21,26.05497169494629
2014-08-22,25.96150016784668
2014-08-25,26.1094913482666
2014-08-26,26.179597854614258
2014-08-27,26.265281677246094
2014-08-28,26.164020538330078
2014-08-29,26.19517707824707
2014-09-02,26.38211441040039
2014-09-03,26.530109405517578
2014-09-04,26.17180633544922
2014-09-05,26.19517707824707
2014-09-08,26.00044822692871
2014-09-09,26.039392471313477
2014-09-10,26.016023635864258
2014-09-11,26.00044822692871
2014-09-12,25.938127517700195
2014-09-15,25.914758682250977
2014-09-16,26.093914031982422
2014-09-17,25.84465980529785
2014-09-18,26.023813247680664
2014-09-19,25.836870193481445
2014-09-22,25.836870193481445
2014-09-23,25.673295974731445
2014-09-24,25.688875198364258
2014-09-25,25.38509178161621
2014-09-26,25.439620971679688
2014-09-29,25.299413681030273
2014-09-30,25.322778701782227
2014-10-01,25.073524475097656
2014-10-02,24.902162551879883
2014-10-03,24.652908325195312
2014-10-06,24.87879753112793
2014-10-07,24.38807487487793
2014-10-08,24.769746780395508
2014-10-09,24.193342208862305
2014-10-10,23.842830657958984
2014-10-13,23.83503532409668
2014-10-14,23.83503532409668
2014-10-15,23.69483184814453
2014-10-16,23.43000030517578
2014-10-17,23.881772994995117
2014-10-20,24.11545181274414
2014-10-21,24.411439895629883
2014-10-22,24.356916427612305
2014-10-23,24.551651000976562
2014-10-24,24.652908325195312
2014-10-27,24.676273345947266
2014-10-28,25.08910369873047
2014-10-29,24.886585235595703
2014-10-30,25.112476348876953
2014-10-31,25.213729858398438
2014-11-03,24.847639083862305
2014-11-04,24.941110610961914
2014-11-05,25.13584327697754
2014-11-06,24.97226905822754
2014-11-07,25.03458023071289
2014-11-10,25.15141487121582
2014-11-11,25.299413681030273
2014-11-12,25.19036293029785
2014-11-13,25.43182945251465
2014-11-14,25.40846061706543
2014-11-17,25.314990997314453
2014-11-18,25.603191375732422
2014-11-19,25.649932861328125
2014-11-20,25.642139434814453
2014-11-21,25.610986709594727
2014-11-24,25.72781753540039
2014-11-25,25.7823429107666
2014-11-26,25.86023712158203
2014-11-28,25.852445602416992
2014-12-01,25.875816345214844
2014-12-02,25.75897216796875
2014-12-03,25.688875198364258
2014-12-04,25.751188278198242
2014-12-05,25.7823429107666
2014-12-08,25.59540367126465
2014-12-09,25.501935958862305
2014-12-10,25.27604866027832
2014-12-11,25.33835792541504
2014-12-12,24.9644775390625
2014-12-15,24.590593338012695
2014-12-16,24.793113708496094
2014-12-17,24.85542869567871
2014-12-18,25.26825523376465
2014-12-19,25.073524475097656
2014-12-22,25.252676010131836
2014-12-23,25.08131217956543
2014-12-24,25.19036293029785
2014-12-26,25.229310989379883
2014-12-29,25.03458023071289
2014-12-30,24.894372940063477
2014-12-31,24.684064865112305
2015-01-02,24.559436798095703
2015-01-05,24.232290267944336
2015-01-06,23.975242614746094
2015-01-07,24.131025314331055
2015-01-08,24.4737548828125
2015-01-09,24.60617446899414
2015-01-12,24.536067962646484
2015-01-13,24.652908325195312
2015-01-14,24.71521759033203
2015-01-15,25.649932861328125
2015-01-16,25.400672912597656
2015-01-20,25.400672912597656
2015-01-21,25.4162540435791
2015-01-22,25.19036293029785
2015-01-23,25.205944061279297
2015-01-26,25.182579040527344
2015-01-27,25.361730575561523
2015-01-28,24.738588333129883
2015-01-29,24.9644775390625
2015-01-30,24.730798721313477
2015-02-02,24.933319091796875
2015-02-03,25.15141487121582
2015-02-04,25.27604866027832
2015-02-05,25.37730598449707
2015-02-06,25.3305721282959
2015-02-09,25.478565216064453
2015-02-10,25.533090591430664
2015-02-11,25.361730575561523
2015-02-12,25.548669815063477
2015-02-13,25.56424903869629
2015-02-17,25.720033645629883
2015-02-18,25.673295974731445
2015-02-19,25.696666717529297
2015-02-20,26.039392471313477
2015-02-23,25.922550201416016
2015-02-24,25.97707748413086
2015-02-25,26.039392471313477
2015-02-26,26.023813247680664
2015-02-27,25.953710556030273
2015-03-02,25.9459171295166
2015-03-03,25.743398666381836
2015-03-04,25.751188278198242
2015-03-05,25.673295974731445
2015-03-06,25.462989807128906
2015-03-09,25.439620971679688
2015-03-10,25.011215209960938
2015-03-11,24.948898315429688
2015-03-12,25.213729858398438
2015-03-13,25.291624069213867
2015-03-16,25.353939056396484
2015-03-17,25.33835792541504
2015-03-18,26.117280960083008
2015-03-19,25.930339813232422
2015-03-20,26.483379364013672
2015-03-23,26.78715705871582
2015-03-24,26.732627868652344
2015-03-25,26.46000862121582
2015-03-26,26.078336715698242
2015-03-27,26.218544006347656
2015-03-30,26.226333618164062
2015-03-31,25.868026733398438
2015-04-01,26.17180633544922
2015-04-02,26.33538246154785
2015-04-06,26.498952865600586
2015-04-07,26.491161346435547
2015-04-08,26.55348014831543
2015-04-09,26.678110122680664
2015-04-10,26.802734375
2015-04-13,26.64695167541504
2015-04-14,26.8416805267334
2015-04-15,27.075353622436523
2015-04-16,27.238933563232422
2015-04-17,26.958518981933594
2015-04-20,26.857263565063477
2015-04-21,27.122093200683594
2015-04-22,26.89620590209961
2015-04-23,27.20777702331543
2015-04-24,27.114303588867188
2015-04-27,27.059778213500977
2015-04-28,26.98188591003418
2015-04-29,26.95073127746582
2015-04-30,26.903995513916016
2015-05-01,27.293460845947266
2015-05-04,27.246723175048828
2015-05-05,27.176618576049805
2015-05-06,27.075353622436523
2015-05-07,26.974098205566406
2015-05-08,27.36355972290039
2015-05-11,27.32461166381836
2015-05-12,27.340187072753906
2015-05-13,27.62839126586914
2015-05-14,28.14247703552246
2015-05-15,27.97890281677246
2015-05-18,27.877655029296875
2015-05-19,27.706287384033203
2015-05-20,27.830909729003906
2015-05-21,27.971118927001953
2015-05-22,27.698495864868164
2015-05-26,27.19998550415039
2015-05-27,27.612817764282227
2015-05-28,27.768598556518555
2015-05-29,27.573869705200195
2015-06-01,27.410293579101562
2015-06-02,27.527132034301758
2015-06-03,27.605024337768555
2015-06-04,27.51155662536621
2015-06-05,27.067567825317383
2015-06-08,27.1688289642334
2015-06-09,26.958518981933594
2015-06-10,27.379138946533203
2015-06-11,27.39471435546875
2015-06-12,27.1688289642334
2015-06-15,26.880626678466797
2015-06-16,26.872840881347656
2015-06-17,26.826099395751953
2015-06-18,26.974098205566406
2015-06-19,26.98188591003418
2015-06-22,27.293460845947266
2015-06-23,27.347980499267578
2015-06-24,26.958518981933594
2015-06-25,26.75200080871582
2015-06-26,26.975261688232422
2015-06-29,26.448993682861328
2015-06-30,26.114097595214844
2015-07-01,26.24167823791504
2015-07-02,26.44101905822754
2015-07-06,26.066255569458008
2015-07-07,26.161941528320312
2015-07-08,25.890830993652344
2015-07-09,26.23370361328125
2015-07-10,27.11081886291504
2015-07-13,27.11081886291504
2015-07-14,27.429767608642578
2015-07-15,27.142711639404297
2015-07-16,27.46166229248047
2015-07-17,27.334083557128906
2015-07-20,27.38990020751953
2015-07-21,27.246370315551758
2015-07-22,26.93539810180664
2015-07-23,27.142711639404297
2015-07-24,26.879581451416016
2015-07-27,26.520755767822266
2015-07-28,26.943370819091797
2015-07-29,27.031082153320312
2015-07-30,27.047025680541992
2015-07-31,27.1905574798584
2015-08-03,27.166635513305664
2015-08-04,27.086896896362305
2015-08-05,27.086896896362305
2015-08-06,26.879581451416016
2015-08-07,26.712129592895508
2015-08-10,26.991207122802734
2015-08-11,26.60847282409668
2015-08-12,26.568603515625
2015-08-13,26.60847282409668
2015-08-14,26.736047744750977
2015-08-17,26.783897399902344
2015-08-18,26.66428565979004
2015-08-19,26.67226219177246
2015-08-20,26.16991424560547
2015-08-21,25.524038314819336
2015-08-24,25.101428985595703
2015-08-25,25.308746337890625
2015-08-26,25.53998565673828
2015-08-27,25.61972427368164
2015-08-28,25.412403106689453
2015-08-31,25.372535705566406
2015-09-01,24.782480239868164
2015-09-02,24.94195556640625
2015-09-03,25.06155776977539
2015-09-04,24.742610931396484
2015-09-08,25.14129638671875
2015-09-09,25.125347137451172
2015-09-10,25.24495506286621
2015-09-11,25.332666397094727
2015-09-14,25.07750701904297
2015-09-15,25.284822463989258
2015-09-16,25.56390953063965
2015-09-17,25.627696990966797
2015-09-18,25.213062286376953
2015-09-21,25.133325576782227
2015-09-22,24.455554962158203
2015-09-23,24.08078384399414
2015-09-24,23.929285049438477
2015-09-25,23.993078231811523
2015-09-28,23.80170440673828
2015-09-29,23.865495681762695
2015-09-30,24.39176368713379
2015-10-01,24.39176368713379
2015-10-02,24.710712432861328
2015-10-05,25.133325576782227
2015-10-06,25.276851654052734
2015-10-07,25.101428985595703
2015-10-08,25.372535705566406
2015-10-09,25.428354263305664
2015-10-12,25.40443229675293
2015-10-13,25.236984252929688
2015-10-14,25.332666397094727
2015-10-15,25.69148826599121
2015-10-16,25.627696990966797
2015-10-19,25.484167098999023
2015-10-20,25.40443229675293
2015-10-21,25.16521453857422
2015-10-22,25.44430160522461
2015-10-23,25.667564392089844
2015-10-26,25.43632698059082
2015-10-27,25.22103500366211
2015-10-28,25.38848304748535
2015-10-29,25.43632698059082
2015-10-30,25.332666397094727
2015-11-02,25.61174964904785
2015-11-03,25.524038314819336
2015-11-04,25.38848304748535
2015-11-05,25.428354263305664
2015-11-06,25.236984252929688
2015-11-09,24.95789909362793
2015-11-10,24.814374923706055
2015-11-11,24.89411163330078
2015-11-12,24.654895782470703
2015-11-13,24.407712936401367
2015-11-16,24.67084503173828
2015-11-17,24.710712432861328
2015-11-18,24.886137008666992
2015-11-19,24.981821060180664
2015-11-20,24.822343826293945
2015-11-23,24.567182540893555
2015-11-24,24.471498489379883
2015-11-25,24.599079132080078
2015-11-27,24.583133697509766
2015-11-30,24.6309757232666
2015-12-01,24.77450180053711
2015-12-02,24.750581741333008
2015-12-03,24.910058975219727
2015-12-04,25.157241821289062
2015-12-07,24.997770309448242
2015-12-08,24.782480239868164
2015-12-09,24.67084503173828
2015-12-10,24.6309757232666
2015-12-11,24.327972412109375
2015-12-14,24.296077728271484
2015-12-15,24.463525772094727
2015-12-16,24.94993019104004
2015-12-17,24.535289764404297
2015-12-18,24.327972412109375
2015-12-21,24.37581443786621
2015-12-22,24.599079132080078
2015-12-23,25.005741119384766
2015-12-24,25.06155776977539
2015-12-28,25.09345245361328
2015-12-29,25.29279899597168
2015-12-30,25.260900497436523
2015-12-31,24.750581741333008
2016-01-04,24.471498489379883
2016-01-05,24.415681838989258
2016-01-06,24.048891067504883
2016-01-07,23.658172607421875
2016-01-08,23.30733299255371
2016-01-11,23.30733299255371
2016-01-12,23.61033058166504
2016-01-13,23.28340721130371
2016-01-14,23.56249237060547
2016-01-15,22.804981231689453
2016-01-19,23.052165985107422
2016-01-20,22.68537712097168
2016-01-21,22.61361312866211
2016-01-22,23.0441951751709
2016-01-25,22.8687744140625
2016-01-26,23.203672409057617
2016-01-27,23.020273208618164
2016-01-28,22.93256187438965
2016-01-29,23.251514434814453
2016-02-01,23.219619750976562
2016-02-02,22.804981231689453
2016-02-03,23.219619750976562
2016-02-04,23.020273208618164
2016-02-05,22.844850540161133
2016-02-08,22.517925262451172
2016-02-09,22.310609817504883
2016-02-10,22.446163177490234
2016-02-11,22.119237899780273
2016-02-12,22.46211051940918
2016-02-16,22.765113830566406
2016-02-17,22.892690658569336
2016-02-18,22.79701042175293
2016-02-19,22.804981231689453
2016-02-22,22.884721755981445
2016-02-23,22.557796478271484
2016-02-24,22.573741912841797
2016-02-25,22.836877822875977
2016-02-26,22.757137298583984
2016-02-29,22.589689254760742
2016-03-01,23.147857666015625
2016-03-02,23.2674617767334
2016-03-03,23.42693328857422
2016-03-04,23.323278427124023
2016-03-07,23.40301513671875
2016-03-08,23.251514434814453
2016-03-09,23.259485244750977
2016-03-10,23.33125114440918
2016-03-11,23.745887756347656
2016-03-14,23.602359771728516
2016-03-15,23.42693328857422
2016-03-16,23.594385147094727
2016-03-17,23.75385856628418
2016-03-18,23.65019989013672
2016-03-21,23.61033058166504
2016-03-22,23.54654312133789
2016-03-23,23.48275375366211
2016-03-24,23.251514434814453
2016-03-28,23.33922576904297
2016-03-29,23.62628173828125
2016-03-30,23.77777862548828
2016-03-31,23.706016540527344
2016-04-01,23.57843780517578
2016-04-04,23.62628173828125
2016-04-05,23.42693328857422
2016-04-06,23.937255859375
2016-04-07,23.682098388671875
2016-04-08,23.961177825927734
2016-04-11,23.825626373291016
2016-04-12,24.05686378479004
2016-04-13,24.24026107788086
2016-04-14,24.35987091064453
2016-04-15,24.304052352905273
2016-04-18,24.495418548583984
2016-04-19,24.933979034423828
2016-04-20,24.814374923706055
2016-04-21,24.50339698791504
2016-04-22,24.39176368713379
2016-04-25,24.367839813232422
2016-04-26,24.407712936401367
2016-04-27,24.511371612548828
2016-04-28,24.423656463623047
2016-04-29,24.407712936401367
2016-05-02,24.66286849975586
2016-05-03,24.296077728271484
2016-05-04,23.9851016998291
2016-05-05,23.76183319091797
2016-05-06,23.737911224365234
2016-05-09,23.865495681762695
2016-05-10,24.120655059814453
2016-05-11,24.08078384399414
2016-05-12,24.11267852783203
2016-05-13,23.889413833618164
2016-05-16,24.064838409423828
2016-05-17,23.865495681762695
2016-05-18,23.87346839904785
2016-05-19,23.77777862548828
2016-05-20,23.96915054321289
2016-05-23,24.016998291015625
2016-05-24,24.248233795166016
2016-05-25,24.37581443786621
2016-05-26,24.551239013671875
2016-05-27,24.591106414794922
2016-05-31,24.351892471313477
2016-06-01,24.463525772094727
2016-06-02,24.543262481689453
2016-06-03,24.66286849975586
2016-06-06,24.77450180053711
2016-06-07,24.989791870117188
2016-06-08,25.037639617919922
2016-06-09,24.702735900878906
2016-06-10,24.09673309326172
2016-06-13,23.698047637939453
2016-06-14,23.458833694458008
2016-06-15,23.55451774597168
2016-06-16,23.618305206298828
2016-06-17,23.9133358001709
2016-06-20,24.176471710205078
2016-06-21,24.407712936401367
2016-06-22,24.36923599243164
2016-06-23,24.909503936767578
2016-06-24,23.174104690551758
2016-06-27,22.969457626342773
2016-06-28,23.485166549682617
2016-06-29,23.804412841796875
2016-06-30,24.271005630493164
2016-07-01,24.401979446411133
2016-07-05,23.788043975830078
2016-07-06,23.85352897644043
2016-07-07,23.788043975830078
2016-07-08,23.984500885009766
2016-07-11,24.230079650878906
2016-07-12,24.21370506286621
2016-07-13,24.303747177124023
2016-07-14,24.516578674316406
2016-07-15,24.393795013427734
2016-07-18,24.45109748840332
2016-07-19,24.262821197509766
2016-07-20,24.401979446411133
2016-07-21,24.32012176513672
2016-07-22,24.385608673095703
2016-07-25,24.401979446411133
2016-07-26,24.401979446411133
2016-07-27,24.467466354370117
2016-07-28,24.344676971435547
2016-07-29,24.729412078857422
2016-08-01,24.61481285095215
2016-08-02,24.557512283325195
2016-08-03,24.385608673095703
2016-08-04,24.524768829345703
2016-08-05,24.598438262939453
2016-08-08,24.5329532623291
2016-08-09,24.713043212890625
2016-08-10,24.852203369140625
2016-08-11,25.155078887939453
2016-08-12,25.155078887939453
2016-08-15,25.187820434570312
2016-08-16,25.196006774902344
2016-08-17,25.155078887939453
2016-08-18,25.367908477783203
2016-08-19,25.089590072631836
2016-08-22,25.130517959594727
2016-08-23,25.204193115234375
2016-08-24,25.015918731689453
2016-08-25,24.87675666809082
2016-08-26,24.721229553222656
2016-08-29,24.803085327148438
2016-08-30,24.786714553833008
2016-08-31,24.704856872558594
2016-09-01,24.770343780517578
2016-09-02,25.065034866333008
2016-09-06,25.35153579711914
2016-09-07,25.376094818115234
2016-09-08,25.32697868347168
2016-09-09,24.909503936767578
2016-09-12,25.16326141357422
2016-09-13,24.8276424407959
2016-09-14,24.819459915161133
2016-09-15,24.99954605102539
2016-09-16,24.606624603271484
2016-09-19,24.69666862487793
2016-09-20,24.88494300842285
2016-09-21,25.146892547607422
2016-09-22,25.433395385742188
2016-09-23,25.228748321533203
2016-09-26,25.02410316467285
2016-09-27,25.105960845947266
2016-09-28,25.29423713684082
2016-09-29,24.934059143066406
2016-09-30,25.007728576660156
2016-10-03,24.950428009033203
2016-10-04,24.901317596435547
2016-10-05,25.02410316467285
2016-10-06,24.8276424407959
2016-10-07,24.688488006591797
2016-10-10,24.704856872558594
2016-10-11,24.475650787353516
2016-10-12,24.377422332763672
2016-10-13,24.254636764526367
2016-10-14,24.32830810546875
2016-10-17,24.164592742919922
2016-10-18,24.35286521911621
2016-10-19,24.410165786743164
2016-10-20,24.295564651489258
2016-10-21,24.221893310546875
2016-10-24,24.04180335998535
2016-10-25,23.85352897644043
2016-10-26,23.76348876953125
2016-10-27,23.812599182128906
2016-10-28,23.796226501464844
2016-10-31,23.747112274169922
2016-11-01,23.820783615112305
2016-11-02,23.67344093322754
2016-11-03,23.50153923034668
2016-11-04,23.436052322387695
2016-11-07,23.82897186279297
2016-11-08,23.861713409423828
2016-11-09,24.131847381591797
2016-11-10,24.04180335998535
2016-11-11,23.886272430419922
2016-11-14,23.648880004882812
2016-11-15,23.747112274169922
2016-11-16,23.558837890625
2016-11-17,23.68162727355957
2016-11-18,23.436052322387695
2016-11-21,23.37874984741211
2016-11-22,23.133174896240234
2016-11-23,22.961273193359375
2016-11-25,23.329633712768555
2016-11-28,23.11680030822754
2016-11-29,23.264148712158203
2016-11-30,23.20684814453125
2016-12-01,23.06768798828125
2016-12-02,23.174104690551758
2016-12-05,23.44423484802246
2016-12-06,23.616140365600586
2016-12-07,23.7061824798584
2016-12-08,23.51791000366211
2016-12-09,23.845340728759766
2016-12-12,23.722553253173828
2016-12-13,24.09092140197754
2016-12-14,23.76348876953125
2016-12-15,23.6898136138916
2016-12-16,23.845340728759766
2016-12-19,23.845340728759766
2016-12-20,23.91082763671875
2016-12-21,23.892810821533203
2016-12-22,23.94195556640625
2016-12-23,23.958335876464844
2016-12-27,23.958335876464844
2016-12-28,23.86004638671875
2016-12-29,24.007482528686523
2016-12-30,24.130348205566406
2017-01-03,24.22044563293457
2017-01-04,24.45798110961914
2017-01-05,24.752849578857422
2017-01-06,24.70370864868164
2017-01-09,24.744659423828125
2017-01-10,24.77742576599121
2017-01-11,24.785615921020508
2017-01-12,24.900287628173828
2017-01-13,24.99858283996582
2017-01-17,24.867528915405273
2017-01-18,24.793806076049805
2017-01-19,24.638181686401367
2017-01-20,24.785615921020508
2017-01-23,24.785615921020508
2017-01-24,24.793806076049805
2017-01-25,25.1378231048584
2017-01-26,25.154205322265625
2017-01-27,25.154205322265625
2017-01-30,25.072298049926758
2017-01-31,25.170589447021484
2017-02-01,25.17877769470215
2017-02-02,25.080490112304688
2017-02-03,25.227922439575195
2017-02-06,25.14601707458496
2017-02-07,25.14601707458496
2017-02-08,25.195159912109375
2017-02-09,25.244304656982422
2017-02-10,25.25249671936035
2017-02-13,25.211544036865234
2017-02-14,25.14601707458496
2017-02-15,25.285261154174805
2017-02-16,25.432695388793945
2017-02-17,25.432695388793945
2017-02-21,25.46546173095703
2017-02-22,25.440885543823242
2017-02-23,25.48184585571289
2017-02-24,25.367172241210938
2017-02-27,25.350791931152344
2017-02-28,25.424503326416016
2017-03-01,25.629276275634766
2017-03-02,25.604703903198242
2017-03-03,25.77671241760254
2017-03-06,25.727569580078125
2017-03-07,25.61289405822754
2017-03-08,25.514604568481445
2017-03-09,25.66204071044922
2017-03-10,25.817668914794922
2017-03-13,25.9487247467041
2017-03-14,25.83405303955078
2017-03-15,26.13711166381836
2017-03-16,26.26816749572754
2017-03-17,26.30093002319336
2017-03-20,26.24359130859375
2017-03-21,26.079774856567383
2017-03-22,26.13711166381836
2017-03-23,26.2026424407959
2017-03-24,26.26816749572754
2017-03-27,26.407413482666016
2017-03-28,26.333696365356445
2017-03-29,26.325502395629883
2017-03-30,26.24359130859375
2017-03-31,26.194448471069336
2017-04-03,26.186254501342773
2017-04-04,26.227210998535156
2017-04-05,25.997867584228516
2017-04-06,26.079774856567383
2017-04-07,26.063392639160156
2017-04-10,26.022441864013672
2017-04-11,26.251785278320312
2017-04-12,26.341882705688477
2017-04-13,26.194448471069336
2017-04-17,26.333696365356445
2017-04-18,26.21082878112793
2017-04-19,26.10434913635254
2017-04-20,26.341882705688477
2017-04-21,26.341882705688477
2017-04-24,26.87429428100586
2017-04-25,27.16916275024414
2017-04-26,27.177356719970703
2017-04-27,27.324792861938477
2017-04-28,27.22650146484375
2017-05-01,27.324792861938477
2017-05-02,27.537755966186523
2017-05-03,27.537755966186523
2017-05-04,27.971872329711914
2017-05-05,28.209407806396484
2017-05-08,27.865392684936523
2017-05-09,27.873579025268555
2017-05-10,27.81624412536621
2017-05-11,27.783477783203125
2017-05-12,28.01282501220703
2017-05-15,28.11931037902832
2017-05-16,28.45513343811035
2017-05-17,28.053783416748047
2017-05-18,28.11931037902832
2017-05-19,28.528852462768555
2017-05-22,28.692670822143555
2017-05-23,28.60256576538086
2017-05-24,28.55342674255371
2017-05-25,28.58618927001953
2017-05-26,28.569805145263672
2017-05-30,28.463321685791016
2017-05-31,28.610755920410156
2017-06-01,28.725431442260742
2017-06-02,28.97934913635254
2017-06-05,28.651714324951172
2017-06-06,28.54523277282715
2017-06-07,28.45513343811035
2017-06-08,28.193025588989258
2017-06-09,28.193025588989258
2017-06-12,28.078351974487305
2017-06-13,28.29131507873535
2017-06-14,28.233978271484375
2017-06-15,28.07016372680664
2017-06-16,28.4960880279541
2017-06-19,28.64352798461914
2017-06-20,28.491281509399414
2017-06-21,28.491281509399414
2017-06-22,28.566564559936523
2017-06-23,28.683673858642578
2017-06-26,28.834245681762695
2017-06-27,28.95972442626953
2017-06-28,29.07682991027832
2017-06-29,28.717138290405273
2017-06-30,28.70040512084961
2017-07-03,28.717138290405273
2017-07-05,28.63348388671875
2017-07-06,28.399261474609375
2017-07-07,28.491281509399414
2017-07-10,28.541467666625977
2017-07-11,28.44108772277832
2017-07-12,28.784053802490234
2017-07-13,28.77569007873535
2017-07-14,28.90116310119629
2017-07-17,28.90116310119629
2017-07-18,29.001543045043945
2017-07-19,29.143753051757812
2017-07-20,29.19394302368164
2017-07-21,29.1186580657959
2017-07-24,29.043367385864258
2017-07-25,28.95972442626953
2017-07-26,29.051740646362305
2017-07-27,28.792421340942383
2017-07-28,28.750593185424805
2017-07-31,28.834245681762695
2017-08-01,28.984819412231445
2017-08-02,29.02663803100586
2017-08-03,29.043367385864258
2017-08-04,29.11029052734375
2017-08-07,29.051740646362305
2017-08-08,28.859344482421875
2017-08-09,28.9262638092041
2017-08-10,28.516376495361328
2017-08-11,28.44108772277832
2017-08-14,28.60839080810547
2017-08-15,28.583290100097656
2017-08-16,28.70040512084961
2017-08-17,28.449453353881836
2017-08-18,28.36580467224121
2017-08-21,28.499643325805664
2017-08-22,28.658578872680664
2017-08-23,28.6251220703125
2017-08-24,28.57493019104004
2017-08-25,28.725502014160156
2017-08-28,28.66694450378418
2017-08-29,28.591659545898438
2017-08-30,28.457820892333984
2017-08-31,28.70040512084961
2017-09-01,28.658578872680664
2017-09-05,28.583290100097656
2017-09-06,28.66694450378418
2017-09-07,28.93462371826172
2017-09-08,29.001543045043945
2017-09-11,29.16048240661621
2017-09-12,29.235769271850586
2017-09-13,29.043367385864258
2017-09-14,29.07682991027832
2017-09-15,29.11029052734375
2017-09-18,29.1019287109375
2017-09-19,29.227401733398438
2017-09-20,29.12702178955078
2017-09-21,29.051740646362305
2017-09-22,29.11029052734375
2017-09-25,29.093564987182617
2017-09-26,29.043367385864258
2017-09-27,28.93462371826172
2017-09-28,29.00991439819336
2017-09-29,29.302688598632812
2017-10-02,29.327781677246094
2017-10-03,29.47835350036621
2017-10-04,29.44489288330078
2017-10-05,29.369606018066406
2017-10-06,29.302688598632812
2017-10-09,29.219032287597656
2017-10-10,29.511808395385742
2017-10-11,29.52854347229004
2017-10-12,29.536909103393555
2017-10-13,29.620555877685547
2017-10-16,29.486717224121094
2017-10-17,29.344511032104492
2017-10-18,29.38633918762207
2017-10-19,29.327781677246094
2017-10-20,29.152114868164062
2017-10-23,29.043367385864258
2017-10-24,28.842609405517578
2017-10-25,28.66694450378418
2017-10-26,28.683673858642578
2017-10-27,28.6251220703125
2017-10-30,28.733861923217773
2017-10-31,28.884431838989258
2017-11-01,28.717138290405273
2017-11-02,28.90116310119629
2017-11-03,28.96808624267578
2017-11-06,28.951356887817383
2017-11-07,28.74222755432129
2017-11-08,28.817516326904297
2017-11-09,28.708768844604492
2017-11-10,28.566564559936523
2017-11-13,28.57493019104004
2017-11-14,28.616756439208984
2017-11-15,28.466182708740234
2017-11-16,28.616756439208984
2017-11-17,28.767324447631836
2017-11-20,28.95972442626953
2017-11-21,29.12702178955078
2017-11-22,29.2608585357666
2017-11-24,29.45325469970703
2017-11-27,29.210668563842773
2017-11-28,29.4197940826416
2017-11-29,29.210668563842773
2017-11-30,29.2608585357666
2017-12-01,29.38633918762207
2017-12-04,29.210668563842773
2017-12-05,29.035005569458008
2017-12-06,29.051740646362305
2017-12-07,28.984819412231445
2017-12-08,29.143753051757812
2017-12-11,29.143753051757812
2017-12-12,29.210668563842773
2017-12-13,29.327781677246094
2017-12-14,29.28595542907715
2017-12-15,29.35287857055664
2017-12-18,29.62891960144043
2017-12-19,29.47835350036621
2017-12-20,29.25250244140625
2017-12-21,29.436525344848633
2017-12-22,29.436525344848633
2017-12-26,29.40306854248047
2017-12-27,29.595462799072266
2017-12-28,29.720937728881836
2017-12-29,29.762765884399414
2018-01-02,29.8798770904541
2018-01-03,30.03045082092285
2018-01-04,30.214473724365234
2018-01-05,30.35668182373047
2018-01-08,30.30649185180664
2018-01-09,30.314857482910156
2018-01-10,30.181015014648438
2018-01-11,30.27303123474121
2018-01-12,30.55744171142578
2018-01-16,30.56580352783203
2018-01-17,30.590906143188477
2018-01-18,30.65782928466797
2018-01-19,30.766565322875977
2018-01-22,30.80002212524414
2018-01-23,30.933862686157227
2018-01-24,31.184814453125
2018-01-25,31.251733779907227
2018-01-26,31.56960678100586
2018-01-29,31.23501205444336
2018-01-30,31.176456451416016
2018-01-31,31.092796325683594
2018-02-01,31.176456451416016
2018-02-02,30.574169158935547
2018-02-05,29.562000274658203
2018-02-06,29.60382652282715
2018-02-07,29.52854347229004
2018-02-08,28.909534454345703
2018-02-09,28.976449966430664
2018-02-12,29.336145401000977
2018-02-13,29.219032287597656
2018-02-14,29.871509552001953
2018-02-15,30.130823135375977
2018-02-16,30.072267532348633
2018-02-20,29.67911148071289
2018-02-21,29.545272827148438
2018-02-22,29.662378311157227
2018-02-23,29.796222686767578
2018-02-26,29.988616943359375
2018-02-27,29.645652770996094
2018-02-28,29.210668563842773
2018-03-01,28.69203758239746
2018-03-02,28.74222755432129
2018-03-05,29.051740646362305
2018-03-06,29.1019287109375
2018-03-07,29.02663803100586
2018-03-08,29.1019287109375
2018-03-09,29.344511032104492
2018-03-12,29.41143035888672
2018-03-13,29.177209854125977
2018-03-14,29.227401733398438
2018-03-15,29.210668563842773
2018-03-16,29.16884422302246
2018-03-19,29.018272399902344
2018-03-20,28.984819412231445
2018-03-21,28.909534454345703
2018-03-22,28.290515899658203
2018-03-23,28.106487274169922
2018-03-26,28.583290100097656
2018-03-27,28.340709686279297
2018-03-28,28.641849517822266
2018-03-29,28.750593185424805
2018-04-02,28.36580467224121
2018-04-03,28.332340240478516
2018-04-04,28.323978424072266
2018-04-05,28.43272590637207
2018-04-06,28.357437133789062
2018-04-09,28.616756439208984
2018-04-10,28.842609405517578
2018-04-11,28.616756439208984
2018-04-12,28.74222755432129
2018-04-13,28.792421340942383
2018-04-16,28.850976943969727
2018-04-17,29.001543045043945
2018-04-18,29.00991439819336
2018-04-19,28.884431838989258
2018-04-20,28.74222755432129
2018-04-23,28.683673858642578
2018-04-24,28.499643325805664
2018-04-25,28.40762710571289
2018-04-26,28.566564559936523
2018-04-27,28.616756439208984
2018-04-30,28.474550247192383
2018-05-01,28.374164581298828
2018-05-02,28.34907341003418
2018-05-03,28.466182708740234
2018-05-04,28.499643325805664
2018-05-07,28.675310134887695
2018-05-08,28.6251220703125
2018-05-09,28.725502014160156
2018-05-10,28.74222755432129
2018-05-11,28.859344482421875
2018-05-14,28.87607192993164
2018-05-15,28.767324447631836
2018-05-16,28.817516326904297
2018-05-17,28.80915069580078
2018-05-18,28.758962631225586
2018-05-21,28.90116310119629
2018-05-22,28.842609405517578
2018-05-23,28.482912063598633
2018-05-24,28.499643325805664
2018-05-25,28.43272590637207
2018-05-29,27.997743606567383
2018-05-30,28.156679153442383
2018-05-31,27.830442428588867
2018-06-01,28.198501586914062
2018-06-04,28.206872940063477
2018-06-05,28.07303237915039
2018-06-06,28.181772232055664
2018-06-07,28.07303237915039
2018-06-08,28.089757919311523
2018-06-11,28.374164581298828
2018-06-12,28.340709686279297
2018-06-13,28.36580467224121
2018-06-14,28.26542091369629
2018-06-15,28.13158416748047
2018-06-18,27.813709259033203
2018-06-19,27.59680938720703
2018-06-20,27.751123428344727
2018-06-21,27.54537582397461
2018-06-22,28.04261016845703
2018-06-25,27.69111442565918
2018-06-26,27.708263397216797
2018-06-27,27.468217849731445
2018-06-28,27.528230667114258
2018-06-29,27.931163787841797
2018-07-02,27.811138153076172
2018-07-03,28.01689338684082
2018-07-05,28.291231155395508
2018-07-06,28.43697166442871
2018-07-09,28.591291427612305
2018-07-10,28.582719802856445
2018-07-11,28.231220245361328
2018-07-12,28.428403854370117
2018-07-13,28.539854049682617
2018-07-16,28.66844940185547
2018-07-17,28.61701011657715
2018-07-18,28.797046661376953
2018-07-19,28.857059478759766
2018-07-20,29.122825622558594
2018-07-23,29.105676651000977
2018-07-24,29.148544311523438
2018-07-25,29.405733108520508
2018-07-26,29.508609771728516
2018-07-27,29.594341278076172
2018-07-30,29.72294044494629
2018-07-31,29.748659133911133
2018-08-01,29.654354095458984
2018-08-02,29.680076599121094
2018-08-03,29.67150115966797
2018-08-06,29.56005096435547
2018-08-07,29.72294044494629
2018-08-08,29.688648223876953
2018-08-09,29.67150115966797
2018-08-10,29.174257278442383
2018-08-13,29.174257278442383
2018-08-14,29.242849349975586
2018-08-15,28.968507766723633
2018-08-16,29.01994514465332
2018-08-17,29.148544311523438
2018-08-20,29.337156295776367
2018-08-21,29.594341278076172
2018-08-22,29.594341278076172
2018-08-23,29.482894897460938
2018-08-24,29.611488342285156
2018-08-27,29.868682861328125
2018-08-28,29.868682861328125
2018-08-29,30.125871658325195
2018-08-30,29.96298599243164
2018-08-31,29.808673858642578
2018-09-04,29.585769653320312
2018-09-05,29.362869262695312
2018-09-06,29.371440887451172
2018-09-07,29.311429977416992
2018-09-10,29.457176208496094
2018-09-11,29.508609771728516
2018-09-12,29.662927627563477
2018-09-13,29.86011505126953
2018-09-14,29.851539611816406
2018-09-17,29.817241668701172
2018-09-18,29.84296226501465
2018-09-19,29.765806198120117
2018-09-20,30.288766860961914
2018-09-21,30.2287540435791
2018-09-24,29.88582992553711
2018-09-25,29.997283935546875
2018-09-26,30.06586456298828
2018-09-27,29.920120239257812
2018-09-28,29.740089416503906
2018-10-01,29.774375915527344
2018-10-02,29.662927627563477
2018-10-03,29.69721794128418
2018-10-04,29.311429977416992
2018-10-05,29.071386337280273
2018-10-08,28.83991241455078
2018-10-09,28.857059478759766
2018-10-10,28.282665252685547
2018-10-11,27.768274307250977
2018-10-12,27.862577438354492
2018-10-15,27.83685874938965
2018-10-16,28.402685165405273
2018-10-17,28.102624893188477
2018-10-18,27.905445098876953
2018-10-19,28.222644805908203
2018-10-22,28.274084091186523
2018-10-23,28.102624893188477
2018-10-24,27.331045150756836
2018-10-25,27.622533798217773
2018-10-26,27.656818389892578
2018-10-29,27.648252487182617
2018-10-30,28.08547592163086
2018-10-31,28.376962661743164
2018-11-01,28.625587463378906
2018-11-02,28.471267700195312
2018-11-05,28.522706985473633
2018-11-06,28.539854049682617
2018-11-07,28.83991241455078
2018-11-08,28.625587463378906
2018-11-09,28.625587463378906
2018-11-12,28.136917114257812
2018-11-13,28.231220245361328
2018-11-14,28.008319854736328
2018-11-15,28.09405517578125
2018-11-16,28.21407699584961
2018-11-19,27.9654541015625
2018-11-20,27.631105422973633
2018-11-21,27.99974822998047
2018-11-23,27.91401481628418
2018-11-26,28.256942749023438
2018-11-27,28.188356399536133
2018-11-28,28.50555992126465
2018-11-29,28.488414764404297
2018-11-30,28.471267700195312
2018-12-03,28.762752532958984
2018-12-04,28.308378219604492
2018-12-06,27.888296127319336
2018-12-07,27.639678955078125
2018-12-10,27.49393081665039
2018-12-11,27.605388641357422
2018-12-12,28.06833267211914
2018-12-13,27.896869659423828
2018-12-14,27.391056060791016
2018-12-17,27.048131942749023
2018-12-18,26.94525718688965
2018-12-19,26.696636199951172
2018-12-20,26.52517318725586
2018-12-21,26.336565017700195
2018-12-24,26.087947845458984
2018-12-26,26.748077392578125
2018-12-27,26.473731994628906
2018-12-28,26.89381980895996
2018-12-31,27.02241325378418
2019-01-02,26.81666374206543
2019-01-03,26.799510955810547
2019-01-04,27.468217849731445
2019-01-07,27.41677474975586
2019-01-08,27.68254280090332
2019-01-09,28.008319854736328
2019-01-10,28.17120933532715
2019-01-11,28.145490646362305
2019-01-14,28.05118751525879
2019-01-15,28.09405517578125
2019-01-16,28.145490646362305
2019-01-17,28.35124397277832
2019-01-18,28.608442306518555
2019-01-22,28.21407699584961
2019-01-23,28.368385314941406
2019-01-24,28.34267234802246
2019-01-25,28.3341007232666
2019-01-28,28.316951751708984
2019-01-29,28.4112548828125
2019-01-30,28.548425674438477
2019-01-31,28.56557273864746
2019-02-01,28.454120635986328
2019-02-04,28.57414436340332
2019-02-05,28.805618286132812
2019-02-06,28.728458404541016
2019-02-07,28.4112548828125
2019-02-08,28.479843139648438
2019-02-11,28.368385314941406
2019-02-12,28.591291427612305
2019-02-13,28.642730712890625
2019-02-14,28.728458404541016
2019-02-15,29.122825622558594
2019-02-19,29.2685604095459
2019-02-20,29.397167205810547
2019-02-21,29.431455612182617
2019-02-22,29.551481246948242
2019-02-25,29.585769653320312
2019-02-26,29.84296226501465
2019-02-27,29.67150115966797
2019-02-28,29.637208938598633
2019-03-01,29.851539611816406
2019-03-04,29.79152488708496
2019-03-05,29.757230758666992
2019-03-06,29.637208938598633
2019-03-07,29.34572410583496
2019-03-08,29.380022048950195
2019-03-11,29.525758743286133
2019-03-12,29.482894897460938
2019-03-13,29.817241668701172
2019-03-14,30.07443618774414
2019-03-15,30.237329483032227
2019-03-18,30.29734230041504
2019-03-19,30.3402099609375
2019-03-20,30.400211334228516
2019-03-21,30.4516544342041
2019-03-22,29.808673858642578
2019-03-25,29.851539611816406
2019-03-26,30.06586456298828
2019-03-27,30.14302635192871
2019-03-28,30.108732223510742
2019-03-29,30.323055267333984
2019-04-01,30.520235061645508
2019-04-02,30.503097534179688
2019-04-03,30.640262603759766
2019-04-04,30.54595947265625
2019-04-05,30.58882713317871
2019-04-08,30.691699981689453
2019-04-09,30.614543914794922
2019-04-10,30.55453109741211
2019-04-11,30.57168197631836
2019-04-12,30.528812408447266
2019-04-15,30.674549102783203
2019-04-16,30.674549102783203
2019-04-17,30.70027732849121
2019-04-18,30.691699981689453
2019-04-22,30.640262603759766
2019-04-23,30.665985107421875
2019-04-24,30.768856048583984
2019-04-25,30.811721801757812
2019-04-26,30.940322875976562
2019-04-29,30.957469940185547
2019-04-30,31.034624099731445
2019-05-01,30.931753158569336
2019-05-02,30.931753158569336
2019-05-03,31.11178207397461
2019-05-06,30.863162994384766
2019-05-07,30.357349395751953
2019-05-08,30.623119354248047
2019-05-09,30.33163070678711
2019-05-10,30.640262603759766
2019-05-13,30.14302635192871
2019-05-14,30.323055267333984
2019-05-15,30.537385940551758
2019-05-16,30.966041564941406
2019-05-17,30.88030433654785
2019-05-20,30.79457664489746
2019-05-21,30.966041564941406
2019-05-22,31.077491760253906
2019-05-23,31.008907318115234
2019-05-24,31.36041259765625
2019-05-28,30.940322875976562
2019-05-29,30.777437210083008
2019-05-30,30.94889259338379
2019-05-31,30.82887077331543
2019-06-03,31.283246994018555
2019-06-04,31.377548217773438
2019-06-05,31.55758285522461
2019-06-06,31.634737014770508
2019-06-07,32.00339126586914
2019-06-10,32.06340026855469
2019-06-11,32.07197189331055
2019-06-12,32.0462532043457
2019-06-13,32.09769058227539
2019-06-14,31.969097137451172
2019-06-17,31.92534828186035
2019-06-18,32.30155563354492
2019-06-19,32.476539611816406
2019-06-20,32.905242919921875
2019-06-21,32.826507568359375
2019-06-24,32.94898986816406
2019-06-25,32.72151565551758
2019-06-26,32.62527084350586
2019-06-27,32.69526290893555
2019-06-28,32.86149978637695
2019-07-01,32.765254974365234
2019-07-02,32.931488037109375
2019-07-03,33.11521911621094
2019-07-05,32.651519775390625
2019-07-08,32.5815315246582
2019-07-09,32.45903778076172
2019-07-10,32.53778076171875
2019-07-11,32.40654754638672
2019-07-12,32.33655548095703
2019-07-15,32.41529846191406
2019-07-16,32.41529846191406
2019-07-17,32.69526290893555
2019-07-18,33.02772521972656
2019-07-19,32.826507568359375
2019-07-22,32.878997802734375
2019-07-23,32.992733001708984
2019-07-24,32.817752838134766
2019-07-25,32.35405731201172
2019-07-26,32.62527084350586
2019-07-29,32.80900573730469
2019-07-30,32.52028274536133
2019-07-31,32.52028274536133
2019-08-01,32.60777282714844
2019-08-02,32.59027862548828
2019-08-05,31.890348434448242
2019-08-06,31.92534828186035
2019-08-07,32.13532638549805
2019-08-08,32.63401794433594
2019-08-09,32.72151565551758
2019-08-12,32.61652374267578
2019-08-13,32.765254974365234
2019-08-14,32.0478401184082
2019-08-15,31.995336532592773
2019-08-16,32.33655548095703
2019-08-19,32.52903747558594
2019-08-20,32.40654754638672
2019-08-21,32.599021911621094
2019-08-22,32.50279235839844
2019-08-23,32.222816467285156
2019-08-26,32.44154739379883
2019-08-27,32.38029479980469
2019-08-28,32.33655548095703
2019-08-29,32.494041442871094
2019-08-30,32.78276062011719
2019-09-03,32.56402587890625
2019-09-04,33.001487731933594
2019-09-05,33.05397033691406
2019-09-06,33.307701110839844
2019-09-09,33.20271301269531
2019-09-10,33.001487731933594
2019-09-11,33.211463928222656
2019-09-12,33.34269332885742
2019-09-13,33.09772491455078
2019-09-16,32.73026657104492
2019-09-17,32.85274887084961
2019-09-18,32.83524703979492
2019-09-19,32.95773696899414
2019-09-20,32.92274856567383
2019-09-23,32.95773696899414
2019-09-24,32.94023895263672
2019-09-25,32.66027069091797
2019-09-26,32.95773696899414
2019-09-27,32.992733001708984
2019-09-30,32.98398971557617
2019-10-01,32.59027862548828
2019-10-02,31.820358276367188
2019-10-03,32.012840270996094
2019-10-04,32.397796630859375
2019-10-07,32.48529052734375
2019-10-08,32.1790657043457
2019-10-09,32.33655548095703
2019-10-10,32.46778869628906
2019-10-11,32.73026657104492
2019-10-14,32.59027862548828
2019-10-15,32.84400177001953
2019-10-16,32.8964958190918
2019-10-17,32.95773696899414
2019-10-18,32.88774871826172
2019-10-21,32.94898986816406
2019-10-22,32.75651168823242
2019-10-23,32.91399383544922
2019-10-24,33.123966217041016
2019-10-25,33.26395797729492
2019-10-28,33.3776969909668
2019-10-29,33.491432189941406
2019-10-30,33.753902435302734
2019-10-31,33.753902435302734
2019-11-01,33.86764144897461
2019-11-04,33.972625732421875
2019-11-05,33.753902435302734
2019-11-06,33.806400299072266
2019-11-07,33.815147399902344
2019-11-08,33.77140426635742
2019-11-11,33.7801513671875
2019-11-12,33.73640823364258
2019-11-13,33.86764144897461
2019-11-14,33.753902435302734
2019-11-15,33.91138458251953
2019-11-18,33.99887466430664
2019-11-19,33.972625732421875
2019-11-20,33.89388656616211
2019-11-21,33.7801513671875
2019-11-22,33.815147399902344
2019-11-25,34.060123443603516
2019-11-26,34.1563606262207
2019-11-27,34.2088508605957
2019-11-29,34.03387451171875
2019-12-02,33.92013931274414
2019-12-03,33.7801513671875
2019-12-04,33.99887466430664
2019-12-05,34.00762176513672
2019-12-06,34.29634475708008
2019-12-09,34.24385070800781
2019-12-10,34.19135665893555
2019-12-11,34.270103454589844
2019-12-12,34.48881912231445
2019-12-13,34.506324768066406
2019-12-16,34.8212890625
2019-12-17,34.86503601074219
2019-12-18,35.00502014160156
2019-12-19,35.09251403808594
2019-12-20,35.25873947143555
2019-12-23,35.43372344970703
2019-12-24,35.39872741699219
2019-12-26,35.45122146606445
2019-12-27,35.65244674682617
2019-12-30,35.41622543334961
2019-12-31,35.55621337890625
2020-01-02,35.836177825927734
2020-01-03,35.59995651245117
2020-01-06,35.76618957519531
2020-01-07,35.60870361328125
2020-01-08,35.63495635986328
2020-01-09,35.564964294433594
2020-01-10,35.33748245239258
2020-01-13,35.55621337890625
2020-01-14,35.71369552612305
2020-01-15,35.871185302734375
2020-01-16,36.01116180419922
2020-01-17,36.38737106323242
2020-01-21,36.41362380981445
2020-01-22,36.53610610961914
2020-01-23,36.369873046875
2020-01-24,36.151145935058594
2020-01-27,35.69619369506836
2020-01-28,36.01116180419922
2020-01-29,36.063663482666016
2020-01-30,36.168643951416016
2020-01-31,35.643699645996094
2020-02-03,35.67869186401367
2020-02-04,36.107398986816406
2020-02-05,36.64109420776367
2020-02-06,36.5536003112793
2020-02-07,36.396121978759766
2020-02-10,36.64109420776367
2020-02-11,36.71984100341797
2020-02-12,36.75483322143555
2020-02-13,36.5536003112793
2020-02-14,36.65859603881836
2020-02-18,36.667335510253906
2020-02-19,36.97356033325195
2020-02-20,36.71108627319336
2020-02-21,36.68484115600586
2020-02-24,35.06626510620117
2020-02-25,34.27885055541992
2020-02-26,34.34883117675781
2020-02-27,33.41268539428711
2020-02-28,33.14147186279297
2020-03-02,33.84139633178711
2020-03-03,33.94638442993164
2020-03-04,35.29373550415039
2020-03-05,34.24385070800781
2020-03-06,33.82389450073242
2020-03-09,31.55788803100586
2020-03-10,32.826507568359375
2020-03-11,31.199180603027344
2020-03-12,27.91827392578125
2020-03-13,30.088045120239258
2020-03-16,27.165855407714844
2020-03-17,28.434471130371094
2020-03-18,27.437076568603516
2020-03-19,28.434471130371094
2020-03-20,27.349584579467773
2020-03-23,26.69340705871582
2020-03-24,28.6531982421875
2020-03-25,29.598098754882812
2020-03-26,30.892955780029297
2020-03-27,30.438003540039062
2020-03-30,31.234172821044922
2020-03-31,30.936704635620117
2020-04-01,30.184288024902344
2020-04-02,30.752975463867188
2020-04-03,30.394264221191406
2020-04-06,31.260417938232422
2020-04-07,31.146678924560547
2020-04-08,31.55788803100586
2020-04-09,31.741615295410156
2020-04-13,31.44414710998535
2020-04-14,32.117828369140625
2020-04-15,31.260417938232422
2020-04-16,31.62788963317871
2020-04-17,32.432796478271484
2020-04-20,32.38029479980469
2020-04-21,31.83785629272461
2020-04-22,32.1528205871582
2020-04-23,31.671628952026367
2020-04-24,32.31905746459961
2020-04-27,32.511539459228516
2020-04-28,32.686519622802734
2020-04-29,32.739009857177734
2020-04-30,32.266563415527344
2020-05-01,31.83785629272461
2020-05-04,31.890348434448242
2020-05-05,31.654129028320312
2020-05-06,31.794111251831055
2020-05-07,32.09157943725586
2020-05-08,32.59027862548828
2020-05-11,32.704010009765625
2020-05-12,32.38905334472656
2020-05-13,32.16157531738281
2020-05-14,31.91659927368164
2020-05-15,31.94284439086914
2020-05-18,32.75651168823242
2020-05-19,32.5815315246582
2020-05-20,33.14147186279297
2020-05-21,32.87024688720703
2020-05-22,32.69526290893555
2020-05-26,33.06272888183594
2020-05-27,32.878997802734375
2020-05-28,33.333946228027344
2020-05-29,33.517677307128906
2020-06-01,33.94638442993164
2020-06-02,34.086368560791016
2020-06-03,34.66380310058594
2020-06-04,34.44507598876953
2020-06-05,34.40133285522461
2020-06-08,34.812538146972656
2020-06-09,34.882530212402344
2020-06-10,34.83003616333008
2020-06-11,33.46518325805664
2020-06-12,33.7801513671875
2020-06-15,34.11273956298828
2020-06-16,34.459556579589844
2020-06-17,34.930877685546875
2020-06-18,34.85083770751953
2020-06-19,34.83305358886719
2020-06-22,35.05537033081055
2020-06-23,35.082061767578125
2020-06-24,34.352848052978516
2020-06-25,34.88641357421875
2020-06-26,34.43288040161133
2020-06-29,34.56626892089844
2020-06-30,34.64630889892578
2020-07-01,35.01091003417969
2020-07-02,35.12651824951172
2020-07-06,35.642303466796875
2020-07-07,35.25101852416992
2020-07-08,35.69565963745117
2020-07-09,35.42887496948242
2020-07-10,35.75790786743164
2020-07-13,35.46444320678711
2020-07-14,35.98912048339844
2020-07-15,36.220333099365234
2020-07-16,36.21144104003906
2020-07-17,36.3892936706543
2020-07-20,36.65608215332031
2020-07-21,36.522682189941406
2020-07-22,37.065147399902344
2020-07-23,36.65608215332031
2020-07-24,36.380401611328125
2020-07-27,36.85171890258789
2020-07-28,36.72721862792969
2020-07-29,37.180755615234375
2020-07-30,36.83393478393555
2020-07-31,36.042476654052734
2020-08-03,36.61161422729492
2020-08-04,36.65608215332031
2020-08-05,36.64718246459961
2020-08-06,36.66496658325195
2020-08-07,36.54936218261719
2020-08-10,36.48711395263672
2020-08-11,36.247013092041016
2020-08-12,37.14518356323242
2020-08-13,37.14518356323242
2020-08-14,36.90507507324219
2020-08-17,37.30525207519531
2020-08-18,37.2252197265625
2020-08-19,37.13629150390625
2020-08-20,37.29636001586914
2020-08-21,37.09182357788086
2020-08-24,37.3408203125
2020-08-25,37.30525207519531
2020-08-26,37.51868438720703
2020-08-27,37.180755615234375
2020-08-28,37.23411178588867
2020-08-31,37.10961151123047
2020-09-01,37.18964767456055
2020-09-02,37.83882141113281
2020-09-03,36.869503021240234
2020-09-04,36.95843505859375
2020-09-08,36.584930419921875
2020-09-09,37.429752349853516
2020-09-10,37.14518356323242
2020-09-11,37.57204055786133
2020-09-14,37.73210525512695
2020-09-15,37.98110580444336
2020-09-16,37.95442581176758
2020-09-17,38.070037841796875
2020-09-18,37.94552993774414
2020-09-21,37.2785758972168
2020-09-22,37.10961151123047
2020-09-23,36.40707778930664
2020-09-24,36.247013092041016
2020-09-25,36.4515495300293
2020-09-28,36.70943069458008
2020-09-29,36.65608215332031
2020-09-30,36.522682189941406
2020-10-01,36.80725860595703
2020-10-02,36.887290954589844
2020-10-05,37.331932067871094
2020-10-06,36.68275451660156
2020-10-07,36.825042724609375
2020-10-08,37.1007194519043
2020-10-09,37.56314468383789
2020-10-12,37.84770965576172
2020-10-13,37.385284423828125
2020-10-14,37.12739562988281
2020-10-15,36.620506286621094
2020-10-16,36.83393478393555
2020-10-19,36.736122131347656
2020-10-20,37.056251525878906
2020-10-21,36.576045989990234
2020-10-22,36.629398345947266
2020-10-23,36.85171890258789
2020-10-26,36.415977478027344
2020-10-27,36.03358459472656
2020-10-28,34.80637741088867
2020-10-29,34.73524475097656
2020-10-30,34.619632720947266
2020-11-02,35.224342346191406
2020-11-03,36.264793395996094
2020-11-04,37.03846740722656
2020-11-05,37.53646469116211
2020-11-06,37.81214141845703
2020-11-09,37.44753646850586
2020-11-10,37.358604431152344
2020-11-11,37.84770965576172
2020-11-12,37.62539291381836
2020-11-13,38.07891845703125
2020-11-16,38.301246643066406
2020-11-17,38.31903076171875
2020-11-18,38.02556610107422
2020-11-19,38.18563461303711
2020-11-20,38.11449432373047
2020-11-23,37.83882141113281
2020-11-24,38.096710205078125
2020-11-25,38.13227844238281
2020-11-27,38.301246643066406
2020-11-30,37.82102966308594
2020-12-01,38.44352722167969
2020-12-02,38.407962799072266
2020-12-03,38.247886657714844
2020-12-04,38.4613151550293
2020-12-07,38.42573928833008
2020-12-08,38.63027572631836
2020-12-09,38.73698806762695
2020-12-10,38.674747467041016
2020-12-11,38.71030807495117
2020-12-14,38.51723861694336
2020-12-15,38.837547302246094
2020-12-16,39.015499114990234
2020-12-17,39.406986236572266
2020-12-18,39.424781799316406
2020-12-21,38.87313461303711
2020-12-22,38.78416442871094
2020-12-23,38.96211242675781
2020-12-24,38.908729553222656
2020-12-28,39.522647857666016
2020-12-29,39.949737548828125
2020-12-30,40.083194732666016
2020-12-31,39.75399398803711
2021-01-04,40.18996810913086
2021-01-05,40.48358154296875
2021-01-06,40.305633544921875
2021-01-07,40.323429107666016
2021-01-08,40.447994232177734
2021-01-11,40.23445510864258
2021-01-12,40.447994232177734
2021-01-13,40.323429107666016
2021-01-14,40.341224670410156
2021-01-15,40.145477294921875
2021-01-19,40.29673767089844
2021-01-20,40.51917266845703
2021-01-21,40.67042922973633
2021-01-22,40.65263366699219
2021-01-25,40.63483810424805
2021-01-26,40.74161148071289
2021-01-27,40.15437698364258
2021-01-28,40.24334716796875
2021-01-29,39.1756477355957
2021-02-01,39.549346923828125
2021-02-02,39.851863861083984
2021-02-03,39.709503173828125
2021-02-04,39.73619079589844
2021-02-05,39.567142486572266
2021-02-08,39.60273361206055
2021-02-09,40.127681732177734
2021-02-10,40.145477294921875
2021-02-11,40.376808166503906
2021-02-12,40.35901641845703
2021-02-16,40.46578598022461
2021-02-17,39.89634704589844
2021-02-18,39.825164794921875
2021-02-19,39.65611267089844
2021-02-22,39.549346923828125
2021-02-23,39.02439498901367
2021-02-24,39.22903823852539
2021-02-25,38.65959548950195
2021-02-26,38.46385192871094
2021-03-01,38.94431686401367
2021-03-02,39.19344711303711
2021-03-03,38.71298599243164
2021-03-04,38.2859001159668
2021-03-05,38.51723861694336
2021-03-08,38.30369567871094
2021-03-09,38.98880386352539
2021-03-10,39.086673736572266
2021-03-11,39.326908111572266
2021-03-12,39.10447311401367
2021-03-15,39.31801223754883
2021-03-16,39.504859924316406
2021-03-17,39.584938049316406
2021-03-18,39.1756477355957
2021-03-19,39.46927261352539
2021-03-22,39.985321044921875
2021-03-23,39.682804107666016
2021-03-24,39.53155517578125
2021-03-25,39.69170379638672
2021-03-26,39.84296417236328
2021-03-29,39.73619079589844
2021-03-30,39.70060348510742
2021-03-31,39.33580780029297
2021-04-01,39.99422073364258
2021-04-05,40.67042922973633
2021-04-06,40.35901641845703
2021-04-07,40.42129898071289
2021-04-08,40.92845916748047
2021-04-09,41.12420654296875
2021-04-12,40.901763916015625
2021-04-13,40.96404266357422
2021-04-14,40.80389404296875
2021-04-15,41.19538116455078
2021-04-16,41.63135528564453
2021-04-19,41.68473815917969
2021-04-20,41.3288459777832
2021-04-21,41.613563537597656
2021-04-22,41.542381286621094
2021-04-23,41.83599853515625
2021-04-26,41.63135528564453
2021-04-27,41.44451141357422
2021-04-28,41.5601806640625
2021-04-29,41.64915466308594
2021-04-30,41.18648910522461
2021-05-03,41.595767974853516
2021-05-04,40.981842041015625
2021-05-05,41.497894287109375
2021-05-06,41.82710266113281
2021-05-07,42.334259033203125
2021-05-10,41.86269760131836
2021-05-11,41.453407287597656
2021-05-12,41.03522491455078
2021-05-13,41.52458953857422
2021-05-14,41.98725509643555
2021-05-17,42.08513259887695
2021-05-18,42.26308059692383
2021-05-19,41.88938903808594
2021-05-20,42.45882797241211
2021-05-21,42.72575378417969
2021-05-24,42.88591003417969
2021-05-25,43.17062759399414
2021-05-26,43.26850128173828
2021-05-27,43.277400970458984
2021-05-28,43.35747146606445
2021-06-01,43.64219284057617
2021-06-02,43.67778396606445
2021-06-03,43.535423278808594
2021-06-04,44.02478790283203
2021-06-07,44.31840515136719
2021-06-08,44.425174713134766
2021-06-09,44.80776596069336
2021-06-10,44.94822311401367
2021-06-11,44.98447799682617
2021-06-14,45.06603240966797
2021-06-15,45.28352737426758
2021-06-16,44.93916702270508
2021-06-17,44.56761932373047
2021-06-18,44.05107879638672
2021-06-21,44.56761932373047
2021-06-22,44.44075012207031
2021-06-23,44.15982437133789
2021-06-24,44.54949188232422
2021-06-25,44.694488525390625
2021-06-28,44.522308349609375
2021-06-29,44.55855178833008
2021-06-30,44.06919860839844
2021-07-01,44.20513153076172
2021-07-02,44.36824417114258
2021-07-06,44.196067810058594
2021-07-07,44.531368255615234
2021-07-08,44.47699737548828
2021-07-09,44.65823745727539
2021-07-12,44.97541427612305
2021-07-13,44.80323028564453
2021-07-14,44.857608795166016
2021-07-15,44.55855178833008
2021-07-16,44.513240814208984
2021-07-19,44.06013870239258
2021-07-20,44.25044250488281
2021-07-21,44.7579231262207
2021-07-22,44.47699737548828
2021-07-23,44.93916702270508
2021-07-26,44.90291213989258
2021-07-27,44.911983489990234
2021-07-28,45.093223571777344
2021-07-29,45.33789825439453
2021-07-30,45.52820587158203
2021-08-02,45.709442138671875
2021-08-03,45.92693328857422
2021-08-04,45.718509674072266
2021-08-05,45.82725143432617
2021-08-06,45.41946029663086
2021-08-09,45.43758010864258
2021-08-10,45.54632568359375
2021-08-11,45.66413879394531
2021-08-12,45.791011810302734
2021-08-13,46.253177642822266
2021-08-16,46.35286331176758
2021-08-17,46.30754470825195
2021-08-18,46.17161560058594
2021-08-19,45.88162612915039
2021-08-20,46.053810119628906
2021-08-23,46.28036117553711
2021-08-24,46.18067932128906
2021-08-25,45.917877197265625
2021-08-26,45.82725143432617
2021-08-27,46.361915588378906
2021-08-30,46.20786666870117
2021-08-31,46.07193374633789
2021-09-01,46.19879913330078
2021-09-02,46.16255569458008
2021-09-03,45.98130798339844
2021-09-07,45.6460075378418
2021-09-08,45.05697250366211
2021-09-09,44.99353790283203
2021-09-10,44.7579231262207
2021-09-13,44.79417037963867
2021-09-14,44.848541259765625
2021-09-15,44.667301177978516
2021-09-16,44.6129264831543
2021-09-17,43.86077117919922
2021-09-20,43.253604888916016
2021-09-21,43.70670700073242
2021-09-22,43.81545639038086
2021-09-23,44.22325897216797
2021-09-24,43.634220123291016
2021-09-27,43.21735763549805
2021-09-28,42.24770736694336
2021-09-29,42.392704010009766
2021-09-30,42.21146011352539
2021-10-01,42.57394027709961
2021-10-04,42.564884185791016
2021-10-05,42.44707489013672
2021-10-06,42.57394027709961
2021-10-07,42.94548797607422
2021-10-08,43.16298294067383
2021-10-11,42.87299728393555
2021-10-12,42.86393356323242
2021-10-13,43.507347106933594
2021-10-14,43.87889099121094
2021-10-15,44.08732223510742
2021-10-18,44.06013870239258
2021-10-19,43.969512939453125
2021-10-20,44.44075012207031
2021-10-21,44.640113830566406
2021-10-22,44.884788513183594
2021-10-25,44.513240814208984
2021-10-26,44.80323028564453
2021-10-27,44.73073196411133
2021-10-28,45.35602569580078
2021-10-29,45.15666198730469
2021-11-01,45.76382064819336
2021-11-02,45.80006790161133
2021-11-03,46.334739685058594
2021-11-04,46.43442153930664
2021-11-05,46.13536834716797
2021-11-08,46.10818099975586
2021-11-09,46.39817428588867
2021-11-10,45.89069366455078
2021-11-11,45.99037551879883
2021-11-12,46.28036117553711
2021-11-15,46.06287384033203
2021-11-16,45.89975357055664
2021-11-17,46.18974304199219
2021-11-18,46.244110107421875
2021-11-19,45.89069366455078
2021-11-22,45.42852020263672
2021-11-23,45.01165771484375
2021-11-24,44.96635437011719
2021-11-26,44.70355224609375
2021-11-29,44.875732421875
2021-11-30,44.74885940551758
2021-12-01,44.3773193359375
2021-12-02,44.857608795166016
2021-12-03,44.96635437011719
2021-12-06,45.35602569580078
2021-12-07,46.01755905151367
2021-12-08,46.49785614013672
2021-12-09,46.18974304199219
2021-12-10,46.43442153930664
2021-12-13,46.10818099975586
2021-12-14,45.6822624206543
2021-12-15,46.425357818603516
2021-12-16,47.00532913208008
2021-12-17,46.41629409790039
2021-12-20,46.4072265625
2021-12-21,46.73346710205078
2021-12-22,47.05064392089844
2021-12-23,47.22282409667969
2021-12-27,47.730308532714844
2021-12-28,48.020294189453125
2021-12-29,48.047481536865234
2021-12-30,47.83905029296875
2021-12-31,47.78467559814453
2022-01-03,47.93873596191406
2022-01-04,47.829986572265625
2022-01-05,47.286258697509766
2022-01-06,46.93283462524414
2022-01-07,47.141265869140625
2022-01-10,46.01755905151367
2022-01-11,46.588478088378906
2022-01-12,46.82408905029297
2022-01-13,46.51597595214844
2022-01-14,46.2894287109375
2022-01-18,45.98130798339844
2022-01-19,45.97224807739258
2022-01-20,45.6369514465332
2022-01-21,45.165714263916016
2022-01-24,44.304813385009766
2022-01-25,43.89701843261719
2022-01-26,43.79733657836914
2022-01-27,43.76108932495117
2022-01-28,44.1145133972168
2022-01-31,44.70355224609375
2022-02-01,45.328834533691406
2022-02-02,45.33789825439453
2022-02-03,44.38637161254883
2022-02-04,44.28668975830078
2022-02-07,44.28668975830078
2022-02-08,44.2685661315918
2022-02-09,45.05697250366211
2022-02-10,44.395442962646484
2022-02-11,44.08732223510742
2022-02-14,43.6885871887207
2022-02-15,44.341060638427734
2022-02-16,44.55855178833008
2022-02-17,43.81545639038086
2022-02-18,43.770145416259766
2022-02-22,43.39860534667969
2022-02-23,43.33516311645508
2022-02-24,42.81862258911133
2022-02-25,43.76108932495117
2022-02-28,43.443912506103516
2022-03-01,42.97267532348633
2022-03-02,43.253604888916016
2022-03-03,42.646446228027344
2022-03-04,41.62242126464844
2022-03-07,40.07279586791992
2022-03-08,40.26310729980469
2022-03-09,42.066463470458984
2022-03-10,41.45024108886719
2022-03-11,40.92463684082031
2022-03-14,41.540863037109375
2022-03-15,42.00303268432617
2022-03-16,42.87299728393555
2022-03-17,43.67953109741211
2022-03-18,44.3773193359375
2022-03-21,44.023887634277344
2022-03-22,44.38637161254883
2022-03-23,43.842647552490234
2022-03-24,44.196067810058594
2022-03-25,44.23231887817383
2022-03-28,44.22325897216797
2022-03-29,45.093223571777344
2022-03-30,45.00259780883789
2022-03-31,44.495121002197266
2022-04-01,44.86666488647461
2022-04-04,45.12040328979492
2022-04-05,45.047908782958984
2022-04-06,44.55855178833008
2022-04-07,45.01165771484375
2022-04-08,45.165714263916016
2022-04-11,45.238216400146484
2022-04-12,44.685420989990234
2022-04-13,44.848541259765625
2022-04-14,44.63105010986328
2022-04-18,44.48605728149414
2022-04-19,44.04200744628906
2022-04-20,44.06013870239258
2022-04-21,43.471099853515625
2022-04-22,43.20829391479492
2022-04-25,43.226417541503906
2022-04-26,41.84897232055664
2022-04-27,42.24770736694336
2022-04-28,42.592071533203125
2022-04-29,42.04834747314453
2022-05-02,41.78554153442383
2022-05-03,41.676795959472656
2022-05-04,42.1570930480957
2022-05-05,41.02432632446289
2022-05-06,40.39903259277344
2022-05-09,39.075958251953125
2022-05-10,39.52906036376953
2022-05-11,39.11220169067383
2022-05-12,38.958152770996094
2022-05-13,39.71030807495117
2022-05-16,39.800933837890625
2022-05-17,40.281227111816406
2022-05-18,39.59249496459961
2022-05-19,39.70124816894531
2022-05-20,39.574371337890625
2022-05-23,40.344661712646484
2022-05-24,40.74339294433594
2022-05-25,40.42621994018555
2022-05-26,40.92463684082031
2022-05-27,41.4774284362793
2022-05-31,41.27806091308594
2022-06-01,40.417152404785156
2022-06-02,41.323368072509766
2022-06-03,40.73432922363281
2022-06-06,40.56214904785156
2022-06-07,40.38090896606445
2022-06-08,39.646873474121094
2022-06-09,38.839942932128906
2022-06-10,38.01729965209961
2022-06-13,36.926597595214844
2022-06-14,36.32579040527344
2022-06-15,36.84341049194336
2022-06-16,36.56611251831055
2022-06-17,36.510658264160156
2022-06-21,36.80643844604492
2022-06-22,37.12995147705078
2022-06-23,37.16692352294922
2022-06-24,38.67356491088867
2022-06-27,38.645835876464844
2022-06-28,37.989566802978516
2022-06-29,38.32231903076172
2022-06-30,38.38702392578125
2022-07-01,38.43324279785156
2022-07-05,37.96183395385742
2022-07-06,38.10048294067383
2022-07-07,38.28535079956055
2022-07-08,38.266868591308594
2022-07-11,38.08200454711914
2022-07-12,38.091243743896484
2022-07-13,37.934112548828125
2022-07-14,37.49967575073242
2022-07-15,38.146697998046875
2022-07-18,37.989566802978516
2022-07-19,39.043296813964844
2022-07-20,38.61810302734375
2022-07-21,39.20966720581055
2022-07-22,39.098751068115234
2022-07-25,39.28361511230469
2022-07-26,39.07102584838867
2022-07-27,39.51469802856445
2022-07-28,39.82896423339844
2022-07-29,40.19869613647461
2022-08-01,40.18021011352539
2022-08-02,39.54241943359375
2022-08-03,39.77350997924805
2022-08-04,40.097023010253906
2022-08-05,39.62561798095703
2022-08-08,39.819725036621094
2022-08-09,39.67182922363281
2022-08-10,40.4205322265625
2022-08-11,40.475990295410156
2022-08-12,40.67009735107422
2022-08-15,40.568416595458984
2022-08-16,40.07853317260742
2022-08-17,39.83820343017578
2022-08-18,39.791988372802734
2022-08-19,39.58864212036133
2022-08-22,38.92313003540039
2022-08-23,38.56264877319336
2022-08-24,38.66432189941406
2022-08-25,39.191184997558594
2022-08-26,38.155948638916016
2022-08-29,38.19291687011719
2022-08-30,37.776973724365234
2022-08-31,37.53665542602539
2022-09-01,37.07448959350586
2022-09-02,36.98206329345703
2022-09-06,36.991302490234375
2022-09-07,37.46270751953125
2022-09-08,37.50892639160156
2022-09-09,38.51642608642578
2022-09-12,38.91388702392578
2022-09-13,37.90637969970703
2022-09-14,37.69378662109375
2022-09-15,37.4811897277832
2022-09-16,37.06524658203125
2022-09-19,37.02827453613281
2022-09-20,36.45519256591797
2022-09-21,35.946815490722656
2022-09-22,35.51239013671875
2022-09-23,34.80990219116211
2022-09-26,34.17212677001953
2022-09-27,34.13515090942383
2022-09-28,35.23509216308594
2022-09-29,34.76369094848633
2022-09-30,34.61579895019531
2022-10-03,34.735958099365234
2022-10-04,36.288818359375
2022-10-05,35.85438537597656
2022-10-06,35.11493682861328
2022-10-07,34.6989860534668
2022-10-10,34.38471984863281
2022-10-11,34.190616607666016
2022-10-12,34.116668701171875
2022-10-13,34.49563980102539
2022-10-14,34.246070861816406
2022-10-17,35.24433898925781
2022-10-18,35.69725036621094
2022-10-19,34.967041015625
2022-10-20,34.828392028808594
2022-10-21,35.290557861328125
2022-10-24,35.540122985839844
2022-10-25,36.39049530029297
2022-10-26,36.658546447753906
2022-10-27,36.03925323486328
2022-10-28,36.372005462646484
2022-10-31,36.150169372558594
2022-11-01,36.08546829223633
2022-11-02,35.75271224975586
2022-11-03,35.15190505981445
2022-11-04,36.39973831176758
2022-11-07,36.372005462646484
2022-11-08,36.76022720336914
2022-11-09,36.87114334106445
2022-11-10,38.84918975830078
2022-11-11,40.032318115234375
2022-11-14,39.26512908935547
2022-11-15,39.14496612548828
2022-11-16,38.89540100097656
2022-11-17,38.729026794433594
2022-11-18,38.91388702392578
2022-11-21,38.876914978027344
2022-11-22,39.17269515991211
2022-11-23,39.5978889465332
2022-11-25,39.75502014160156
2022-11-28,39.36680603027344
2022-11-29,39.07102584838867
2022-11-30,39.644100189208984
2022-12-01,40.20793914794922
2022-12-02,40.11550521850586
2022-12-05,39.616371154785156
2022-12-06,39.34832000732422
2022-12-07,39.20966720581055
2022-12-08,39.40378189086914
2022-12-09,39.54241943359375
2022-12-12,39.57939910888672
2022-12-13,40.12474822998047
2022-12-14,40.189449310302734
2022-12-15,39.08951187133789
2022-12-16,38.636592864990234
2022-12-19,38.59037399291992
2022-12-20,38.47945785522461
2022-12-21,39.10799789428711
2022-12-22,38.710540771484375
2022-12-23,38.784481048583984
2022-12-27,38.987831115722656
2022-12-28,38.77524185180664
2022-12-29,39.33907699584961
2022-12-30,38.75675582885742
2023-01-03,39.35756301879883
2023-01-04,40.22642135620117
2023-01-05,39.71804428100586
2023-01-06,40.494476318359375
2023-01-09,40.6146354675293
2023-01-10,40.799503326416016
2023-01-11,40.93814468383789
2023-01-12,41.08604049682617
2023-01-13,41.22468948364258
2023-01-17,41.72382354736328
2023-01-18,41.649879455566406
2023-01-19,41.55744552612305
2023-01-20,41.52971649169922
2023-01-23,41.79777145385742
2023-01-24,41.668365478515625
2023-01-25,41.973392486572266
2023-01-26,41.73306655883789
2023-01-27,41.585174560546875
2023-01-30,41.446529388427734
2023-01-31,41.825496673583984
2023-02-01,42.028846740722656
2023-02-02,41.834739685058594
2023-02-03,41.649879455566406
2023-02-06,41.418800354003906
2023-02-07,41.75155258178711
2023-02-08,41.6406364440918
2023-02-09,41.132259368896484
2023-02-10,40.97512435913086
2023-02-13,41.50198745727539
2023-02-14,41.585174560546875
2023-02-15,41.6129035949707
2023-02-16,41.06755828857422
2023-02-17,41.51123046875
2023-02-21,41.15998077392578
2023-02-22,41.1507453918457
2023-02-23,41.104530334472656
2023-02-24,40.4205322265625
2023-02-27,40.7532844543457
2023-02-28,40.087772369384766
2023-03-01,40.097023010253906
2023-03-02,40.43901824951172
2023-03-03,40.808746337890625
2023-03-06,40.651611328125
2023-03-07,39.84745788574219
2023-03-08,39.84745788574219
2023-03-09,39.68107604980469
2023-03-10,39.60712432861328
2023-03-13,39.81047821044922
2023-03-14,40.30036926269531
2023-03-15,39.098751068115234
2023-03-16,39.856693267822266
2023-03-17,39.36680603027344
2023-03-20,39.616371154785156
2023-03-21,40.36506652832031
2023-03-22,40.06929016113281
2023-03-23,40.06929016113281
2023-03-24,40.18021011352539
2023-03-27,40.69782638549805
2023-03-28,40.55917739868164
2023-03-29,41.15998077392578
2023-03-30,41.51123046875
2023-03-31,41.890201568603516
2023-04-03,42.028846740722656
2023-04-04,42.06582260131836
2023-04-05,42.222957611083984
2023-04-06,42.69435501098633
2023-04-10,42.657386779785156
2023-04-11,42.86997985839844
2023-04-12,43.1934928894043
2023-04-13,43.73884201049805
2023-04-14,43.65564727783203
2023-04-17,43.553977966308594
2023-04-18,43.75732421875
2023-04-19,43.748085021972656
2023-04-20,44.006893157958984
2023-04-21,44.459808349609375
2023-04-24,44.80180740356445
2023-04-25,44.43207931518555
2023-04-26,44.099327087402344
2023-04-27,44.18251037597656
2023-04-28,44.450565338134766
2023-05-01,44.450565338134766
2023-05-02,44.40435028076172
2023-05-03,44.866512298583984
2023-05-04,44.792564392089844
2023-05-05,45.023643493652344
2023-05-08,45.13456726074219
2023-05-09,45.00515365600586
2023-05-10,44.70937728881836
2023-05-11,44.75558853149414
2023-05-12,44.69089126586914
2023-05-15,44.89423751831055
2023-05-16,44.459808349609375
2023-05-17,44.29343032836914
2023-05-18,44.247215270996094
2023-05-19,44.59845733642578
2023-05-22,44.52450942993164
2023-05-23,43.9237060546875
2023-05-24,43.44306182861328
2023-05-25,43.3321418762207
2023-05-26,43.75732421875
2023-05-30,43.230464935302734
2023-05-31,42.76830291748047
2023-06-01,43.14727783203125
2023-06-02,43.61867904663086
2023-06-05,43.40608215332031
2023-06-06,43.609432220458984
2023-06-07,42.98683547973633
2023-06-08,43.468666076660156
2023-06-09,43.14744567871094
2023-06-12,43.19468307495117
2023-06-13,43.3175048828125
2023-06-14,43.364742279052734
2023-06-15,43.93159866333008
2023-06-16,43.90325927734375
2023-06-20,43.1757926940918
2023-06-21,43.1002082824707
2023-06-22,43.15689468383789
2023-06-23,43.11909866333008
2023-06-26,43.03407287597656
2023-06-27,43.41197967529297
2023-06-28,43.15689468383789
2023-06-29,43.05297088623047
2023-06-30,43.657623291015625
2023-07-03,43.383636474609375
2023-07-05,43.043521881103516
2023-07-06,42.5050048828125
2023-07-07,42.42942428588867
2023-07-10,42.67506408691406
2023-07-11,43.26081848144531
2023-07-12,44.035526275634766
2023-07-13,44.61183166503906
2023-07-14,44.71575927734375
2023-07-17,44.422882080078125
2023-07-18,44.90470886230469
2023-07-19,44.95194625854492
2023-07-20,44.762996673583984
2023-07-21,44.80078125
2023-07-24,44.58348846435547
2023-07-25,44.93305587768555
2023-07-26,45.055870056152344
2023-07-27,45.140899658203125
2023-07-28,45.178688049316406
2023-07-31,45.07476806640625
2023-08-01,44.61183166503906
2023-08-02,44.224483489990234
2023-08-03,43.95050048828125
2023-08-04,43.95050048828125
2023-08-07,44.196136474609375
2023-08-08,43.922157287597656
2023-08-09,43.83713150024414
2023-08-10,44.016632080078125
2023-08-11,43.93159866333008
2023-08-14,43.85601806640625
2023-08-15,43.298606872558594
2023-08-16,43.07186508178711
2023-08-17,42.7695426940918
2023-08-18,42.59003829956055
2023-08-21,42.892356872558594
2023-08-22,42.731746673583984
2023-08-23,43.27971649169922
2023-08-24,42.84511947631836
2023-08-25,43.05297088623047
2023-08-28,43.32695388793945
2023-08-29,43.95050048828125
2023-08-30,43.808780670166016
2023-08-31,43.5820426940918
2023-09-01,43.39308547973633
2023-09-05,42.68450927734375
2023-09-06,42.58058547973633
2023-09-07,42.72230529785156
2023-09-08,42.533348083496094
2023-09-11,42.80733108520508
2023-09-12,42.68450927734375
2023-09-13,42.54279708862305
2023-09-14,42.90180969238281
2023-09-15,43.07186508178711
2023-09-18,42.68450927734375
2023-09-19,42.66561508178711
2023-09-20,42.797882080078125
2023-09-21,42.22157669067383
2023-09-22,41.88146209716797
2023-09-25,41.73029327392578
2023-09-26,41.22956848144531
2023-09-27,40.71939468383789
2023-09-28,41.078407287597656
2023-09-29,41.16343688964844
2023-10-02,40.74774169921875
2023-10-03,40.265907287597656
2023-10-04,40.59657669067383
2023-10-05,40.794979095458984
2023-10-06,41.12564468383789
2023-10-09,41.248470306396484
2023-10-10,41.74919509887695
2023-10-11,42.16489028930664
2023-10-12,41.56024169921875
2023-10-13,41.616920471191406
2023-10-16,41.70195770263672
2023-10-17,41.41852569580078
2023-10-18,40.766639709472656
2023-10-19,40.265907287597656
2023-10-20,40.00137710571289
2023-10-23,39.84076690673828
2023-10-24,40.12419891357422
2023-10-25,39.90690231323242
2023-10-26,39.68015670776367
2023-10-27,39.31169891357422
2023-10-30,39.81242370605469
2023-10-31,39.60457229614258
2023-11-01,40.09585189819336
2023-11-02,40.66271209716797
2023-11-03,40.80442810058594
2023-11-06,40.728851318359375
2023-11-07,40.634368896484375
2023-11-08,40.71939468383789
2023-11-09,40.672157287597656
2023-11-10,40.69105529785156
2023-11-13,40.700504302978516
2023-11-14,41.79643249511719
2023-11-15,41.805877685546875
2023-11-16,41.673614501953125
2023-11-17,42.06096649169922
2023-11-20,42.04207229614258
2023-11-21,42.27825927734375
2023-11-22,42.372737884521484
2023-11-24,42.66561508178711
2023-11-27,42.44832229614258
2023-11-28,42.34439468383789
2023-11-29,42.7411994934082
2023-11-30,42.911251068115234
2023-12-01,43.298606872558594
2023-12-04,43.27971649169922
2023-12-05,43.11909866333008
2023-12-06,43.223026275634766
2023-12-07,43.109657287597656
2023-12-08,43.41197967529297
2023-12-11,43.56314468383789
2023-12-12,43.874916076660156
2023-12-13,44.403987884521484
2023-12-14,44.574039459228516
2023-12-15,44.224483489990234
2023-12-18,44.37564468383789
2023-12-19,44.696861267089844
2023-12-20,44.130001068115234
2023-12-21,44.77244186401367
2023-12-22,44.82912826538086
2023-12-26,45.0653190612793
2023-12-27,45.41488265991211
2023-12-28,45.21648406982422
2023-12-29,45.60383987426758
2024-01-02,45.301513671875
2024-01-03,45.159793853759766
2024-01-04,45.225929260253906
2024-01-05,45.0653190612793
2024-01-08,45.61328125
2024-01-09,45.19758987426758
2024-01-10,45.29206466674805
2024-01-11,45.055870056152344
2024-01-12,45.23537826538086
2024-01-16,44.630733489990234
2024-01-17,44.18668746948242
2024-01-18,44.3000602722168
2024-01-19,44.177242279052734
2024-01-22,44.43232345581055
2024-01-23,43.95994186401367
2024-01-24,44.26226806640625
2024-01-25,44.441776275634766
2024-01-26,45.178688049316406
2024-01-29,45.60383987426758
2024-01-30,45.5188102722168
2024-01-31,44.88581466674805
2024-02-01,45.21648406982422
2024-02-02,44.71575927734375
2024-02-05,44.58348846435547
2024-02-06,44.59293746948242
2024-02-07,44.18668746948242
2024-02-08,43.922157287597656
2024-02-09,43.81822967529297
2024-02-12,43.96939468383789
2024-02-13,43.109657287597656
2024-02-14,43.73320007324219
2024-02-15,44.15834426879883
2024-02-16,44.09220886230469
2024-02-20,44.61183166503906
2024-02-21,44.71575927734375
2024-02-22,44.517356872558594
2024-02-23,44.77244186401367
2024-02-26,44.517356872558594
2024-02-27,44.59293746948242
2024-02-28,44.441776275634766
2024-02-29,44.233924865722656
2024-03-01,44.489013671875
2024-03-04,44.3000602722168
2024-03-05,44.30950927734375
2024-03-06,44.762996673583984
2024-03-07,45.29206466674805
2024-03-08,45.55659866333008
2024-03-11,45.78334045410156
2024-03-12,46.038429260253906
2024-03-13,46.038429260253906
2024-03-14,45.66996765136719
2024-03-15,45.59438705444336
2024-03-18,45.055870056152344
2024-03-19,44.876365661621094
2024-03-20,45.35819625854492
2024-03-21,44.942501068115234
2024-03-22,44.78189468383789
2024-03-25,44.6590690612793
2024-03-26,44.54569625854492
2024-03-27,44.762996673583984
2024-03-28,44.97084426879883
2024-04-01,44.810237884521484
2024-04-02,44.196136474609375
2024-04-03,44.356746673583984
2024-04-04,44.28116226196289
2024-04-05,44.02607727050781
2024-04-08,44.035526275634766
2024-04-09,44.111106872558594
2024-04-10,43.5064582824707
2024-04-11,43.76154708862305
2024-04-12,43.05297088623047
2024-04-15,43.1002082824707
2024-04-16,42.64672088623047
2024-04-17,42.85456848144531
2024-04-18,42.68450927734375
2024-04-19,43.1757926940918
2024-04-22,43.5064582824707
2024-04-23,43.874916076660156
2024-04-24,43.52534866333008
2024-04-25,43.23247146606445
2024-04-26,43.40253448486328
2024-04-29,43.53480529785156
2024-04-30,42.85456848144531
2024-05-01,42.75064468383789
2024-05-02,43.16633987426758
2024-05-03,43.676513671875
2024-05-06,43.808780670166016
2024-05-07,44.2717170715332
2024-05-08,44.574039459228516
2024-05-09,44.98973846435547
2024-05-10,45.29206466674805
2024-05-13,45.07476806640625
2024-05-14,45.547149658203125
2024-05-15,46.07621765136719
2024-05-16,46.12345886230469
2024-05-17,46.265174865722656
2024-05-20,46.23683166503906
2024-05-21,46.04787826538086
2024-05-22,45.64162826538086
2024-05-23,45.53770446777344
2024-05-24,45.65107727050781
2024-05-28,45.367645263671875
2024-05-29,45.0842170715332
2024-05-30,45.89671325683594
2024-05-31,46.444679260253906
2024-06-03,46.605289459228516
2024-06-04,47.15325164794922
2024-06-05,47.42723083496094
2024-06-06,47.8334846496582
2024-06-07,47.436683654785156
2024-06-10,47.15325164794922
2024-06-11,46.76459503173828
2024-06-12,47.295021057128906
2024-06-13,47.20822525024414
2024-06-14,47.034629821777344
2024-06-17,47.10213851928711
2024-06-18,47.53612518310547
2024-06-20,47.41075134277344
2024-06-21,46.86103439331055
2024-06-24,47.285377502441406
2024-06-25,47.188934326171875
2024-06-26,46.60063934326172
2024-06-27,46.60063934326172
2024-06-28,46.49455261230469
2024-07-01,46.40775680541992
2024-07-02,46.34989547729492
2024-07-03,46.61029052734375
2024-07-05,46.90925216674805
2024-07-08,46.803165435791016
2024-07-09,46.86103439331055
2024-07-10,47.246803283691406
2024-07-11,47.545772552490234
2024-07-12,47.999046325683594
2024-07-15,47.555416107177734
2024-07-16,47.7868766784668
2024-07-17,48.43303298950195
2024-07-18,47.85438537597656
2024-07-19,47.6229248046875
2024-07-22,48.19192886352539
2024-07-23,47.709720611572266
2024-07-24,47.75794219970703
2024-07-25,47.671142578125
2024-07-26,48.27872848510742
2024-07-29,47.95082473754883
2024-07-30,48.30765914916992
2024-07-31,48.62591552734375
2024-08-01,48.31730270385742
2024-08-02,48.230506896972656
2024-08-05,47.063560485839844
2024-08-06,47.20822525024414
2024-08-07,47.48790740966797
2024-08-08,47.719364166259766
2024-08-09,47.999046325683594
2024-08-12,47.74829864501953
2024-08-13,48.17264175415039
2024-08-14,48.70307159423828
2024-08-15,48.558406829833984
2024-08-16,48.953819274902344
2024-08-19,49.532470703125
2024-08-20,49.83143615722656
2024-08-21,50.101478576660156
2024-08-22,49.78321838378906
2024-08-23,50.64154815673828
2024-08-26,50.68012619018555
2024-08-27,50.81514358520508
2024-08-28,50.83443069458008
2024-08-29,50.90194320678711
2024-08-30,50.969451904296875
2024-09-03,50.26542663574219
2024-09-04,49.995391845703125
2024-09-05,49.59033203125
2024-09-06,49.20457077026367
2024-09-09,49.24314498901367
2024-09-10,49.3878059387207
2024-09-11,48.90559768676758
2024-09-12,49.25278854370117
2024-09-13,49.5614013671875
2024-09-16,49.7446403503418
2024-09-17,49.571044921875
2024-09-18,49.3395881652832
2024-09-19,49.67713165283203
2024-09-20,48.85737991333008
2024-09-23,49.24314498901367
2024-09-24,49.79286575317383
2024-09-25,49.75428771972656
2024-09-26,50.46795654296875
2024-09-27,50.61261749267578
2024-09-30,50.24613571166992
2024-10-01,49.995391845703125
2024-10-02,49.77357482910156
2024-10-03,49.14670181274414
2024-10-04,49.108123779296875
2024-10-07,48.86701965332031
2024-10-08,48.86701965332031
2024-10-09,49.23350143432617
2024-10-10,49.20457077026367
2024-10-11,49.63855743408203
2024-10-14,49.7446403503418
2024-10-15,49.26243209838867
2024-10-16,49.23350143432617
2024-10-17,49.3974494934082
2024-10-18,49.67713165283203
2024-10-21,49.22385787963867
2024-10-22,48.87666702270508
2024-10-23,48.77058029174805
2024-10-24,48.973106384277344
2024-10-25,48.84773254394531
2024-10-28,49.37816619873047
2024-10-29,48.519832611083984
2024-10-30,48.008689880371094
2024-10-31,47.593990325927734
2024-11-01,47.90260314941406
2024-11-04,47.970115661621094
2024-11-05,47.97975540161133
2024-11-06,47.16000747680664
2024-11-07,47.65185546875
2024-11-08,47.01533889770508
2024-11-11,46.90925216674805
2024-11-12,46.12807846069336
2024-11-13,45.8869743347168
2024-11-14,45.771240234375
2024-11-15,45.49155807495117
2024-11-18,45.761600494384766
2024-11-19,45.5204963684082
2024-11-20,45.51084899902344
2024-11-21,45.51084899902344
2024-11-22,45.5976448059082
2024-11-25,45.7230224609375
2024-11-26,45.5590705871582
2024-11-27,45.90625762939453
2024-11-29,46.47526550292969
2024-12-02,46.33060836791992
2024-12-03,46.282386779785156
2024-12-04,46.253448486328125
2024-12-05,46.46562194824219
2024-12-06,46.53313064575195
2024-12-09,46.37882614135742
2024-12-10,45.7423095703125
2024-12-11,45.9737663269043
2024-12-12,45.53013610839844
2024-12-13,45.50120544433594
2024-12-16,45.41440963745117
2024-12-17,45.5590705871582
2024-12-18,44.324615478515625
2024-12-19,44.10280227661133
2024-12-20,44.28603744506836
2024-12-23,44.65251922607422
2024-12-24,44.816471099853516
2024-12-26,44.96113204956055
2024-12-27,44.691097259521484
2024-12-30,44.55607604980469
2024-12-31,44.324615478515625
2025-01-02,44.218528747558594
2025-01-03,44.61394119262695
2025-01-06,44.86469268798828
2025-01-07,45.20223617553711
2025-01-08,45.32761001586914
2025-01-10,44.75860595703125
2025-01-13,44.51750183105469
2025-01-14,44.681453704833984
2025-01-15,44.94184112548828
2025-01-16,45.43370056152344
2025-01-17,45.49155807495117
2025-01-21,46.62957000732422
2025-01-22,46.71636962890625
2025-01-23,47.053916931152344
2025-01-24,47.092498779296875
2025-01-27,48.06655502319336
2025-01-28,47.94118118286133
2025-01-29,47.8254508972168
2025-01-30,48.240150451660156
2025-01-31,47.80615997314453
2025-02-03,47.48790740966797
2025-02-04,47.74829864501953
2025-02-05,48.42338943481445
2025-02-06,48.19192886352539
2025-02-07,47.8254508972168
2025-02-10,48.12442398071289
2025-02-11,48.26908493041992
2025-02-12,48.43303298950195
2025-02-13,49.571044921875
2025-02-14,49.580692291259766
2025-02-18,49.484249114990234
2025-02-19,49.050262451171875
2025-02-20,49.464962005615234
2025-02-21,49.78321838378906
2025-02-24,49.7060661315918
2025-02-25,50.120765686035156
2025-02-26,50.178627014160156
2025-02-27,49.503536224365234
2025-02-28,49.889305114746094
2025-03-03,50.439022064208984
2025-03-04,50.83443069458008
2025-03-05,50.979095458984375
2025-03-06,50.71870422363281
2025-03-07,51.6252555847168
2025-03-10,50.74763488769531
2025-03-11,50.024322509765625
2025-03-12,50.545108795166016
2025-03-13,50.28471374511719
2025-03-14,50.71870422363281
2025-03-17,51.432373046875
2025-03-18,51.528812408447266
2025-03-19,51.345577239990234
2025-03-20,51.384151458740234
2025-03-21,51.17198181152344
2025-03-24,51.01767349243164
2025-03-25,51.094825744628906
2025-03-26,50.58368682861328
2025-03-27,50.71870422363281
2025-03-28,50.61261749267578
2025-03-31,49.94717025756836
2025-04-01,49.918235778808594
2025-04-02,49.65784454345703
2025-04-03,49.580692291259766
2025-04-04,46.639217376708984
2025-04-07,45.36619186401367
2025-04-08,45.44334030151367
2025-04-09,47.94118118286133
2025-04-10,47.93153762817383
2025-04-11,49.23350143432617
2025-04-14,49.37816619873047
2025-04-15,49.61927032470703
2025-04-16,49.464962005615234
2025-04-17,50.101478576660156
2025-04-21,49.97610092163086
2025-04-22,50.58368682861328
2025-04-23,50.37151336669922
2025-04-24,51.07553482055664
2025-04-25,51.15269088745117
2025-04-28,51.798851013183594
2025-04-29,51.76027297973633
2025-04-30,51.943511962890625
2025-05-01,51.6156120300293
2025-05-02,52.53180694580078
2025-05-05,52.69575881958008
2025-05-06,52.406436920166016
2025-05-07,52.22319412231445
2025-05-08,51.67347717285156
2025-05-09,51.67347717285156
2025-05-12,51.6252555847168
2025-05-13,51.2973518371582
2025-05-14,51.05624771118164
2025-05-15,52.09782028198242
2025-05-16,52.47394561767578
2025-05-19,53.06224060058594
2025-05-20,53.2068977355957
2025-05-21,53.08152770996094
2025-05-22,52.821136474609375
2025-05-23,53.07188034057617
2025-05-27,53.235836029052734
2025-05-28,52.67646789550781
2025-05-29,52.94650650024414
2025-05-30,53.21654510498047
2025-06-02,53.56373596191406
2025-06-03,53.07188034057617
2025-06-04,53.58302688598633
2025-06-05,53.4962272644043
2025-06-06,53.66017532348633
2025-06-09,53.64088439941406
2025-06-10,53.68910598754883
2025-06-11,53.45764923095703
2025-06-12,54.26776123046875
2025-06-13,53.25511932373047
2025-06-16,52.835540771484375
2025-06-17,52.49162292480469
2025-06-18,52.32457733154297
2025-06-20,51.76448440551758
2025-06-23,52.53092956542969
2025-06-24,53.37598419189453
2025-06-25,52.815887451171875
2025-06-26,53.31702423095703
2025-06-27,53.68059539794922
2025-06-30,53.85746765136719
2025-07-01,54.024513244628906
2025-07-02,54.30947494506836
2025-07-03,53.94590377807617
2025-07-07,53.582332611083984
2025-07-08,53.86729431152344
2025-07-09,54.319297790527344
2025-07-10,54.48634719848633
2025-07-11,53.7493782043457
2025-07-14,53.75920486450195
2025-07-15,53.2384147644043
2025-07-16,53.601985931396484
2025-07-17,53.415287017822266
2025-07-18,53.533203125
2025-07-21,53.562679290771484
2025-07-22,54.004859924316406
2025-07-23,55.22331237792969
2025-07-24,54.162078857421875
2025-07-25,54.201385498046875
2025-07-28,53.21876525878906
2025-07-29,53.17945861816406
2025-07-30,52.55057907104492
2025-07-31,51.80379104614258
2025-08-01,51.518829345703125
2025-08-04,52.38353729248047
2025-08-05,52.55057907104492
2025-08-06,52.059268951416016
2025-08-07,52.74710464477539
2025-08-08,52.668495178222656
2025-08-11,52.275447845458984
2025-08-12,52.874847412109375
2025-08-13,53.2580680847168
2025-08-14,53.15980529785156
2025-08-15,53.5528564453125
2025-08-18,53.405460357666016
2025-08-19,53.94590377807617
2025-08-20,54.55513000488281
2025-08-21,53.985206604003906
2025-08-22,54.67304229736328
2025-08-25,54.014686584472656
2025-08-26,54.15225601196289
2025-08-27,54.27999496459961
2025-08-28,54.368431091308594
2025-08-29,54.368431091308594
2025-09-02,53.71989822387695
2025-09-03,54.12277603149414
2025-09-04,54.741825103759766
2025-09-05,55.27244186401367
2025-09-08,55.35105514526367
2025-09-09,55.04644012451172
2025-09-10,54.65338897705078
2025-09-11,55.14469909667969
2025-09-12,54.6828727722168
2025-09-15,54.59443664550781
2025-09-16,54.51582336425781
2025-09-17,54.32912826538086
2025-09-18,54.25051498413086
2025-09-19,54.299644470214844
2025-09-22,54.6042594909668
2025-09-23,54.27999496459961
2025-09-24,53.562679290771484
2025-09-25,52.92397689819336
2025-09-26,53.31702423095703
2025-09-29,53.621639251708984
2025-09-30,54.27999496459961
2025-10-01,54.96782684326172
2025-10-02,55.27244186401367
2025-10-03,55.675315856933594
2025-10-06,55.734275817871094
2025-10-07,55.56722640991211
2025-10-08,55.84236526489258
2025-10-09,55.380531311035156
2025-10-10,55.12504577636719
2025-10-13,55.10540008544922
2025-10-14,55.35105514526367
2025-10-15,55.655662536621094
2025-10-16,56.47124099731445
2025-10-17,56.77585220336914
2025-10-20,56.677589416503906
2025-10-21,56.117496490478516
2025-10-22,56.14697265625
2025-10-23,56.17645263671875
2025-10-24,56.127323150634766
2025-10-27,55.9504508972168
2025-10-28,55.19383239746094
2025-10-29,54.69269561767578
2025-10-30,54.63373565673828
2025-10-31,54.397911071777344
2025-11-03,54.162078857421875
2025-11-04,54.10312271118164
2025-11-05,54.43721389770508
2025-11-06,54.26034164428711
2025-11-07,54.771305084228516
2025-11-10,55.380531311035156
2025-11-11,56.667762756347656
2025-11-12,57.050987243652344
2025-11-13,56.844635009765625
2025-11-14,56.54985046386719
2025-11-17,55.82271194458008
2025-11-18,55.596710205078125
2025-11-19,55.380531311035156
2025-11-20,54.722171783447266
2025-11-21,55.704795837402344
2025-11-24,55.41000747680664
2025-11-25,56.264888763427734
2025-11-26,56.54985046386719
2025-11-28,56.81515884399414
2025-12-01,56.4221076965332
2025-12-02,56.93307113647461
2025-12-03,57.060813903808594
2025-12-04,56.903594970703125
2025-12-05,57.021507263183594
2025-12-08,56.75619888305664
2025-12-09,56.687416076660156
2025-12-10,57.36542510986328
2025-12-11,57.473514556884766
2025-12-12,57.35559844970703
2025-12-15,58.033607482910156
2025-12-16,57.99430465698242
2025-12-17,57.81743240356445
2025-12-18,58.436485290527344
2025-12-19,58.53474426269531
2025-12-22,58.88848876953125
2025-12-23,59.35032272338867
2025-12-24,59.478057861328125
2025-12-26,59.48788833618164
2025-12-29,59.301185607910156
2025-12-30,59.12431716918945
2025-12-31,58.917964935302734
2026-01-02,59.29136276245117
2026-01-05,59.379798889160156
2026-01-06,59.497711181640625
2026-01-07,59.26188659667969
2026-01-08,59.16361999511719
2026-01-09,59.52719497680664
2026-01-12,59.576324462890625
2026-01-13,59.12431716918945
2026-01-14,59.81215286254883
2026-01-15,59.46823501586914
2026-01-16,59.45840835571289
2026-01-20,59.1144905090332
2026-01-21,59.438758850097656
2026-01-22,59.537017822265625
2026-01-23,59.81215286254883
2026-01-26,60.126590728759766
2026-01-27,61.482608795166016
2026-01-28,59.98902130126953
2026-01-29,61.13869094848633
2026-01-30,60.47050857543945
2026-02-02,61.16817092895508
2026-02-03,60.81442642211914
2026-02-04,61.38434600830078
2026-02-05,61.15834426879883
2026-02-06,61.99357223510742
2026-02-09,62.34731674194336
2026-02-10,62.32766342163086
2026-02-11,62.14096450805664
2026-02-12,62.357139587402344
2026-02-13,62.6814079284668
2026-02-17,63.32011032104492
2026-02-18,63.14323806762695
2026-02-19,63.044979095458984
2026-02-20,63.26115036010742
2026-02-23,63.19236755371094
2026-02-24,63.693504333496094
2026-02-25,63.722984313964844
2026-02-26,63.506805419921875
2026-02-27,63.94898986816406
2026-03-02,62.48488235473633
2026-03-03,61.12886428833008
2026-03-04,61.472782135009766
2026-03-05,59.98902130126953
2026-03-06,60.077457427978516
2026-03-09,59.9497184753418
2026-03-10,59.1931037902832
2026-03-11,59.04570770263672
2026-03-12,58.32839584350586
2026-03-13,57.69951629638672
2026-03-16,58.46596145629883
2026-03-17,58.50526809692383
2026-03-18,56.854461669921875
2026-03-19,56.54002380371094
2026-03-20,55.33140182495117
2026-03-23,56.43193435668945
2026-03-24,56.32384490966797
2026-03-25,57.18855285644531
2026-03-26,56.304195404052734
2026-03-27,55.98975372314453
2026-03-30,56.52037048339844
2026-03-31,57.7879524230957
2026-04-01,58.46596145629883
2026-04-02,57.92552185058594
2026-04-06,58.28908920288086
2026-04-07,57.90586853027344
2026-04-08,59.58614730834961
2026-04-09,59.497711181640625
2026-04-10,59.64510726928711
2026-04-13,60.19537353515625
2026-04-14,60.78494644165039
2026-04-15,60.55894470214844
2026-04-16,60.04798126220703
2026-04-17,61.35486602783203
2026-04-20,61.40399932861328
2026-04-21,59.772850036621094
2026-04-22,60.06763458251953
2026-04-23,60.097110748291016
2026-04-24,60.49016189575195
2026-04-27,59.99885177612305
2026-04-28,59.694236755371094
2026-04-29,58.77057647705078
2026-04-30,60.303462982177734
2026-05-01,60.21502685546875
2026-05-04,59.27170944213867
2026-05-05,60.04798126220703
2026-05-06,61.41382598876953
2026-05-07,60.03815460205078
2026-05-08,60.725990295410156
2026-05-11,60.45085525512695
2026-05-12,60.41154861450195
2026-05-13,60.686683654785156
2026-05-14,60.706336975097656
2026-05-15,60.06763458251953
2026-05-18,60.80459976196289
2026-05-19,60.53929138183594
2026-05-20,61.21730041503906
2026-05-21,61.75774002075195
2026-05-22,61.5513916015625
2026-05-26,61.77739334106445
2026-05-27,61.97391891479492
2026-05-28,61.75774002075195
2026-05-29,62.032875061035156
2026-06-01,60.912689208984375
2026-06-02,60.686683654785156
2026-06-03,59.84163284301758
2026-06-04,60.78494644165039
2026-06-05,59.9497184753418
2026-06-08,59.87110900878906
2026-06-09,60.36241912841797
2026-06-10,60.01850509643555
2026-06-11,61.81669998168945
2026-06-12,61.630001068115234
2026-06-15,61.68000030517578
2026-06-16,61.93000030517578
2026-06-17,61.4900016784668
2026-06-18,61.33000183105469
2026-06-22,61.25
2026-06-23,61.47999954223633
2026-06-24,62.189998626708984
2026-06-25,62.79999923706055
2026-06-26,62.400001525878906
2026-06-29,63.25
2026-06-30,62.849998474121094
2026-07-01,62.5
2026-07-02,63.97999954223633
2026-07-06,63.70000076293945
2026-07-07,63.40999984741211
2026-07-08,62.84000015258789
2026-07-09,62.970001220703125
2026-07-10,62.93000030517578
2026-07-13,62.41999816894531
2026-07-14,62.41999816894531
2026-07-15,63.349998474121094
2026-07-16,62.9900016784668
2026-07-17,63.18000030517578
2026-07-20,62.33000183105469
2026-07-21,62.65999984741211
2026-07-22,62.369998931884766
2026-07-23,61.869998931884766
2026-07-24,62.09000015258789
2026-07-27,62.439998626708984
2026-07-28,63.22999954223633
2026-07-29,62.790000915527344
2026-07-30,63.91999816894531
2026-07-31,63.15999984741211
2026-08-03,63.16999816894531
2026-08-04,63.75
2026-08-05,64.18000030517578
2026-08-06,63.720001220703125
2026-08-07,64.5
2026-08-10,64.36000061035156
2026-08-11,64.02999877929688
2026-08-12,63.650001525878906
2026-08-13,63.70000076293945
2026-08-14,63.27000045776367
2026-08-17,62.91999816894531
2026-08-18,62.90999984741211
2026-08-19,64.45999908447266
2026-08-20,63.7400016784668
2026-08-21,64.36000061035156
2026-08-24,64.2300033569336
2026-08-25,64.69999694824219
2026-08-26,64.19000244140625
2026-08-27,63.709999084472656
2026-08-28,63.310001373291016
2026-08-31,62.79999923706055
2026-09-01,62.529998779296875
2026-09-02,62.88999938964844
2026-09-03,63.4900016784668
2026-09-04,63.130001068115234
2026-09-08,61.599998474121094
2026-09-09,60.7599983215332
2026-09-10,60.29999923706055
2026-09-11,60.29999923706055
2026-09-14,60.4900016784668
2026-09-15,60.25
2026-09-16,60.04999923706055
2026-09-17,60.34000015258789
2026-09-18,60.040000915527344
2026-09-21,60.810001373291016
2026-09-22,61.18000030517578
2026-09-23,60.369998931884766
2026-09-24,60.439998626708984
2026-09-25,60.65999984741211
2026-09-28,60.41999816894531
2026-09-29,59.970001220703125
2026-09-30,59.150001525878906
2026-10-01,58.81999969482422
2026-10-02,59.22999954223633
2026-10-05,59.2599983215332
2026-10-06,59.290000915527344
2026-10-07,59.38999938964844
