date,adjclose
2011-10-10,15.051177024841309
2011-10-11,15.027009963989258
2011-10-12,15.20827579498291
2011-10-13,14.97867202758789
2011-10-14,15.437881469726562
2011-10-17,14.815528869628906
2011-10-18,15.323078155517578
2011-10-19,14.827616691589355
2011-10-20,15.008881568908691
2011-10-21,15.51642894744873
2011-10-24,15.782286643981934
2011-10-25,15.607060432434082
2011-10-26,16.066268920898438
2011-10-27,17.40764045715332
2011-10-28,17.111576080322266
2011-10-31,16.048141479492188
2011-11-01,15.238482475280762
2011-11-02,15.456010818481445
2011-11-03,15.95750904083252
2011-11-04,15.66143798828125
2011-11-07,15.818543434143066
2011-11-08,16.042102813720703
2011-11-09,14.839698791503906
2011-11-10,15.069305419921875
2011-11-11,15.715821266174316
2011-11-14,15.226399421691895
2011-11-15,15.093472480773926
2011-11-16,14.773233413696289
2011-11-17,14.610095024108887
2011-11-18,14.610095024108887
2011-11-21,14.126717567443848
2011-11-22,14.078381538391113
2011-11-23,13.49832534790039
2011-11-25,13.34726619720459
2011-11-28,14.066296577453613
2011-11-29,14.24756145477295
2011-11-30,15.413710594177246
2011-12-01,15.178062438964844
2011-12-02,15.244529724121094
2011-12-05,15.47413444519043
2011-12-06,15.419754028320312
2011-12-07,15.540602684020996
2011-12-08,14.845739364624023
2011-12-09,15.184107780456543
2011-12-12,14.537588119506836
2011-12-13,14.350279808044434
2011-12-14,14.199223518371582
2011-12-15,14.2777738571167
2011-12-16,14.259645462036133
2011-12-19,14.150888442993164
2011-12-20,14.863868713378906
2011-12-21,14.827616691589355
2011-12-22,15.045134544372559
2011-12-23,15.14785385131836
2011-12-27,15.069305419921875
2011-12-28,14.900121688842773
2011-12-29,15.123684883117676
2011-12-30,15.190149307250977
2012-01-03,15.776244163513184
2012-01-04,15.697698593139648
2012-01-05,15.419754028320312
2012-01-06,15.202234268188477
2012-01-09,15.413710594177246
2012-01-10,15.601017951965332
2012-01-11,15.51642894744873
2012-01-12,15.67956829071045
2012-01-13,15.347245216369629
2012-01-17,15.631230354309082
2012-01-18,16.06022834777832
2012-01-19,16.32608985900879
2012-01-20,16.28379249572754
2012-01-23,16.422761917114258
2012-01-24,16.301918029785156
2012-01-25,16.289831161499023
2012-01-26,16.31400489807129
2012-01-27,16.410676956176758
2012-01-30,16.187116622924805
2012-01-31,16.223369598388672
2012-02-01,16.682579040527344
2012-02-02,16.803421020507812
2012-02-03,17.202213287353516
2012-02-06,17.0028133392334
2012-02-07,17.11762046813965
2012-02-08,17.238462448120117
2012-02-09,17.317012786865234
2012-02-10,16.96656036376953
2012-02-13,17.184083938598633
2012-02-14,17.014902114868164
2012-02-15,17.069278717041016
2012-02-16,17.371397018432617
2012-02-17,17.492238998413086
2012-02-21,17.649333953857422
2012-02-22,17.480146408081055
2012-02-23,17.655372619628906
2012-02-24,17.872896194458008
2012-02-27,17.667457580566406
2012-02-28,17.921236038208008
2012-02-29,17.77018165588379
2012-03-01,17.884981155395508
2012-03-02,17.643293380737305
2012-03-05,17.486194610595703
2012-03-06,16.501312255859375
2012-03-07,16.712791442871094
2012-03-08,17.38347816467285
2012-03-09,17.08136558532715
2012-03-12,17.135744094848633
2012-03-13,17.504322052001953
2012-03-14,17.34117889404297
2012-03-15,17.655372619628906
2012-03-16,17.746009826660156
2012-03-19,17.824560165405273
2012-03-20,17.468063354492188
2012-03-21,17.220335006713867
2012-03-22,16.93031120300293
2012-03-23,17.184083938598633
2012-03-26,17.73996925354004
2012-03-27,17.492238998413086
2012-03-28,17.395559310913086
2012-03-29,17.099489212036133
2012-03-30,17.528486251831055
2012-04-02,17.764137268066406
2012-04-03,17.504322052001953
2012-04-04,16.89405632019043
2012-04-05,16.688617706298828
2012-04-09,16.537565231323242
2012-04-10,15.975638389587402
2012-04-11,16.32608985900879
2012-04-12,16.85175895690918
2012-04-13,16.39255142211914
2012-04-16,16.591943740844727
2012-04-17,16.85175895690918
2012-04-18,16.610069274902344
2012-04-19,16.682579040527344
2012-04-20,16.990734100341797
2012-04-23,16.217323303222656
2012-04-24,16.36838150024414
2012-04-25,16.767168045043945
2012-04-26,16.845712661743164
2012-04-27,17.08136558532715
2012-04-30,17.11762046813965
2012-05-01,17.202213287353516
2012-05-02,17.039066314697266
2012-05-03,16.94843292236328
2012-05-04,16.543603897094727
2012-05-07,16.610069274902344
2012-05-08,16.410676956176758
2012-05-09,16.199201583862305
2012-05-10,16.187116622924805
2012-05-11,16.144821166992188
2012-05-14,15.564767837524414
2012-05-15,15.184107780456543
2012-05-16,14.948460578918457
2012-05-17,14.730940818786621
2012-05-18,14.52550220489502
2012-05-21,15.135770797729492
2012-05-22,15.202234268188477
2012-05-23,15.111600875854492
2012-05-24,15.00284194946289
2012-05-25,14.966584205627441
2012-05-29,15.298909187316895
2012-05-30,14.89408016204834
2012-05-31,14.827616691589355
2012-06-01,14.386534690856934
2012-06-04,14.531545639038086
2012-06-05,14.52550220489502
2012-06-06,14.954501152038574
2012-06-07,15.008881568908691
2012-06-08,15.051177024841309
2012-06-11,15.008881568908691
2012-06-12,15.341202735900879
2012-06-13,15.123684883117676
2012-06-14,15.178062438964844
2012-06-15,15.353290557861328
2012-06-18,15.286824226379395
2012-06-19,15.631230354309082
2012-06-20,15.915214538574219
2012-06-21,15.46078109741211
2012-06-22,15.617269515991211
2012-06-25,15.17284870147705
2012-06-26,15.17284870147705
2012-06-27,15.348111152648926
2012-06-28,15.197885513305664
2012-06-29,16.11802101135254
2012-07-02,16.205652236938477
2012-07-03,16.36839485168457
2012-07-05,16.193134307861328
2012-07-06,15.917720794677734
2012-07-09,15.923981666564941
2012-07-10,15.95527172088623
2012-07-11,15.974056243896484
2012-07-12,15.748716354370117
2012-07-13,15.980314254760742
2012-07-16,16.005353927612305
2012-07-17,16.055429458618164
2012-07-18,16.224428176879883
2012-07-19,16.53114128112793
2012-07-20,16.380918502807617
2012-07-23,16.099246978759766
2012-07-24,15.911460876464844
2012-07-25,16.099246978759766
2012-07-26,16.625032424926758
2012-07-27,16.969303131103516
2012-07-30,17.050678253173828
2012-07-31,17.050678253173828
2012-08-01,16.988082885742188
2012-08-02,16.862890243530273
2012-08-03,17.476318359375
2012-08-06,17.482576370239258
2012-08-07,17.470056533813477
2012-08-08,17.595245361328125
2012-08-09,17.63905906677246
2012-08-10,17.764249801635742
2012-08-13,17.507610321044922
2012-08-14,17.526391983032227
2012-08-15,17.463794708251953
2012-08-16,17.53265380859375
2012-08-17,17.801809310913086
2012-08-20,17.682878494262695
2012-08-21,17.651582717895508
2012-08-22,17.45128059387207
2012-08-23,17.31357192993164
2012-08-24,17.344867706298828
2012-08-27,17.41998291015625
2012-08-28,17.150829315185547
2012-08-29,17.05694007873535
2012-08-30,16.781522750854492
2012-08-31,17.03190040588379
2012-09-04,16.750226974487305
2012-09-05,16.668851852416992
2012-09-06,17.050678253173828
2012-09-07,17.60150718688965
2012-09-10,17.388687133789062
2012-09-11,17.664098739624023
2012-09-12,17.876924514770508
2012-09-13,18.127296447753906
2012-09-14,18.446523666381836
2012-09-17,18.246225357055664
2012-09-18,18.20867156982422
2012-09-19,18.427751541137695
2012-09-20,18.321338653564453
2012-09-21,18.15233612060547
2012-09-24,18.127296447753906
2012-09-25,18.020885467529297
2012-09-26,17.858137130737305
2012-09-27,18.1085147857666
2012-09-28,17.689138412475586
2012-10-01,17.776771545410156
2012-10-02,17.814327239990234
2012-10-03,17.53265380859375
2012-10-04,17.83936309814453
2012-10-05,17.908212661743164
2012-10-08,17.707916259765625
2012-10-09,17.319833755493164
2012-10-10,17.175865173339844
2012-10-11,17.188383102416992
2012-10-12,17.182125091552734
2012-10-15,17.41998291015625
2012-10-16,17.670358657836914
2012-10-17,17.789289474487305
2012-10-18,17.908212661743164
2012-10-19,17.50135612487793
2012-10-22,17.63905906677246
2012-10-23,17.175865173339844
2012-10-24,17.0694522857666
2012-10-25,17.2071590423584
2012-10-26,17.25723648071289
2012-10-31,17.32608985900879
2012-11-01,17.482576370239258
2012-11-02,17.37616729736328
2012-11-05,17.38242530822754
2012-11-06,17.595245361328125
2012-11-07,17.407461166381836
2012-11-08,17.225940704345703
2012-11-09,17.03815460205078
2012-11-12,17.094493865966797
2012-11-13,16.862890243530273
2012-11-14,16.800294876098633
2012-11-15,16.700149536132812
2012-11-16,16.587480545043945
2012-11-19,17.094493865966797
2012-11-20,17.063196182250977
2012-11-21,17.14456558227539
2012-11-23,17.70166015625
2012-11-26,17.801809310913086
2012-11-27,17.495094299316406
2012-11-28,17.732955932617188
2012-11-29,17.808069229125977
2012-11-30,17.908212661743164
2012-12-03,17.98332977294922
2012-12-04,18.127296447753906
2012-12-05,18.214929580688477
2012-12-06,18.239967346191406
2012-12-07,18.133560180664062
2012-12-10,18.196151733398438
2012-12-11,18.327598571777344
2012-12-12,18.158594131469727
2012-12-13,17.939512252807617
2012-12-14,18.04592514038086
2012-12-17,18.196151733398438
2012-12-18,18.465303421020508
2012-12-19,18.540422439575195
2012-12-20,18.721939086914062
2012-12-21,18.634313583374023
2012-12-24,18.584238052368164
2012-12-26,18.590496063232422
2012-12-27,18.765762329101562
2012-12-28,18.57171630859375
2012-12-31,18.903467178344727
2013-01-02,19.14132308959961
2013-01-03,18.97858238220215
2013-01-04,19.135066986083984
2013-01-07,19.072467803955078
2013-01-08,18.847135543823242
2013-01-09,18.790796279907227
2013-01-10,19.04743194580078
2013-01-11,19.178882598876953
2013-01-14,19.297805786132812
2013-01-15,19.12880516052246
2013-01-16,19.041173934936523
2013-01-17,19.17262077331543
2013-01-18,19.24147605895996
2013-01-22,19.25399398803711
2013-01-23,19.203916549682617
2013-01-24,19.341625213623047
2013-01-25,19.70467185974121
2013-01-28,19.867420196533203
2013-01-29,19.998863220214844
2013-01-30,20.18038558959961
2013-01-31,20.067720413208008
2013-02-01,20.49961280822754
2013-02-04,20.124061584472656
2013-02-05,20.330612182617188
2013-02-06,20.311838150024414
2013-02-07,20.005123138427734
2013-02-08,20.073974609375
2013-02-11,20.136568069458008
2013-02-12,20.311838150024414
2013-02-13,20.71243667602539
2013-02-14,20.5935115814209
2013-02-15,20.56847381591797
2013-02-19,20.79381561279297
2013-02-20,20.643585205078125
2013-02-21,20.28054428100586
2013-02-22,20.64984703063965
2013-02-25,19.77352523803711
2013-02-26,20.11153793334961
2013-02-27,20.393213272094727
2013-02-28,20.24298095703125
2013-03-01,20.424510955810547
2013-03-04,20.656105041503906
2013-03-05,20.81259536743164
2013-03-06,20.68114471435547
2013-03-07,20.94403839111328
2013-03-08,20.800073623657227
2013-03-11,20.88770294189453
2013-03-12,20.77503204345703
2013-03-13,20.656105041503906
2013-03-14,20.731216430664062
2013-03-15,20.85015106201172
2013-03-18,20.46832275390625
2013-03-19,20.299320220947266
2013-03-20,20.355653762817383
2013-03-21,20.030160903930664
2013-03-22,20.286800384521484
2013-03-25,20.14908790588379
2013-03-26,20.286800384521484
2013-03-27,20.199167251586914
2013-03-28,20.34939193725586
2013-04-01,20.255502700805664
2013-04-02,20.405731201171875
2013-04-03,20.34939193725586
2013-04-04,20.167869567871094
2013-04-05,20.167869567871094
2013-04-08,20.224206924438477
2013-04-09,20.455799102783203
2013-04-10,20.718704223632812
2013-04-11,20.88144302368164
2013-04-12,20.85640525817871
2013-04-15,20.268022537231445
2013-04-16,20.48710060119629
2013-04-17,19.66086196899414
2013-04-18,19.47307586669922
2013-04-19,19.49811363220215
2013-04-22,19.57322883605957
2013-04-23,19.62329864501953
2013-04-24,19.842382431030273
2013-04-25,20.142837524414062
2013-04-26,20.380693435668945
2013-04-29,20.580989837646484
2013-04-30,20.750003814697266
2013-05-01,20.643585205078125
2013-05-02,20.50588035583496
2013-05-03,20.756256103515625
2013-05-06,20.756256103515625
2013-05-07,20.85015106201172
2013-05-08,21.1130428314209
2013-05-09,20.88770294189453
2013-05-10,20.98785400390625
2013-05-13,20.88144302368164
2013-05-14,20.768779754638672
2013-05-15,20.843889236450195
2013-05-16,20.85640525817871
2013-05-17,21.00663185119629
2013-05-20,21.06922721862793
2013-05-21,21.28205108642578
2013-05-22,21.100521087646484
2013-05-23,20.806333541870117
2013-05-24,20.731216430664062
2013-05-28,20.81259536743164
2013-05-29,20.787551879882812
2013-05-30,21.056703567504883
2013-05-31,20.49961280822754
2013-06-03,20.950298309326172
2013-06-04,20.71243667602539
2013-06-05,20.20542335510254
2013-06-06,20.380693435668945
2013-06-07,20.56847381591797
2013-06-10,20.41823959350586
2013-06-11,20.336877822875977
2013-06-12,20.286800384521484
2013-06-13,20.54969596862793
2013-06-14,20.624807357788086
2013-06-17,20.743730545043945
2013-06-18,20.912738800048828
2013-06-19,20.443288803100586
2013-06-20,19.4855899810791
2013-06-21,19.178882598876953
2013-06-24,18.603017807006836
2013-06-25,19.122547149658203
2013-06-26,19.203916549682617
2013-06-27,19.424053192138672
2013-06-28,19.30103874206543
2013-07-01,19.61829948425293
2013-07-02,19.411109924316406
2013-07-03,19.488800048828125
2013-07-05,19.47585678100586
2013-07-08,19.67656707763672
2013-07-09,19.890235900878906
2013-07-10,20.03268051147461
2013-07-11,20.654245376586914
2013-07-12,20.5506534576416
2013-07-15,20.615398406982422
2013-07-16,20.861440658569336
2013-07-17,20.8873348236084
2013-07-18,20.95208168029785
2013-07-19,21.12042236328125
2013-07-22,21.146326065063477
2013-07-23,21.372936248779297
2013-07-24,21.359987258911133
2013-07-25,21.625446319580078
2013-07-26,21.547754287719727
2013-07-29,21.46358871459961
2013-07-30,21.301715850830078
2013-07-31,21.431209564208984
2013-08-01,21.41826629638672
2013-08-02,21.424732208251953
2013-08-05,21.502431869506836
2013-08-06,21.46358871459961
2013-08-07,21.554231643676758
2013-08-08,21.826162338256836
2013-08-09,21.87796401977539
2013-08-12,21.716096878051758
2013-08-13,21.839113235473633
2013-08-14,21.968612670898438
2013-08-15,21.690195083618164
2013-08-16,21.85206413269043
2013-08-19,21.703149795532227
2013-08-20,21.79379653930664
2013-08-21,21.185171127319336
2013-08-22,21.58012580871582
2013-08-23,21.76142120361328
2013-08-26,21.612497329711914
2013-08-27,21.23049545288086
2013-08-28,21.159269332885742
2013-08-29,20.997406005859375
2013-08-30,20.68661880493164
2013-09-03,21.178693771362305
2013-09-04,21.405311584472656
2013-09-05,21.191646575927734
2013-09-06,21.41178321838379
2013-09-09,21.709619522094727
2013-09-10,22.03982925415039
2013-09-11,22.201698303222656
2013-09-12,22.098102569580078
2013-09-13,22.013938903808594
2013-09-16,22.29882049560547
2013-09-17,22.428314208984375
2013-09-18,23.07578468322754
2013-09-19,23.030454635620117
2013-09-20,22.829734802246094
2013-09-23,22.654924392700195
2013-09-24,22.629024505615234
2013-09-25,22.331193923950195
2013-09-26,22.434789657592773
2013-09-27,22.29882049560547
2013-09-30,22.175800323486328
2013-10-01,22.518951416015625
2013-10-02,22.35708999633789
2013-10-03,22.285860061645508
2013-10-04,22.020401000976562
2013-10-07,21.845590591430664
2013-10-08,21.612497329711914
2013-10-09,21.547754287719727
2013-10-10,21.923288345336914
2013-10-11,22.085147857666016
2013-10-14,22.020401000976562
2013-10-15,21.845590591430664
2013-10-16,21.968612670898438
2013-10-17,22.253490447998047
2013-10-18,22.570758819580078
2013-10-21,22.73261833190918
2013-10-22,22.92685890197754
2013-10-23,22.7908935546875
2013-10-24,22.952754974365234
2013-10-25,22.875070571899414
2013-10-28,22.680828094482422
2013-10-29,22.6355037689209
2013-10-30,22.48011016845703
2013-10-31,22.13695526123047
2013-11-01,21.90386390686035
2013-11-04,22.065731048583984
2013-11-05,21.780838012695312
2013-11-06,22.169326782226562
2013-11-07,21.80674171447754
2013-11-08,21.81968879699707
2013-11-11,21.98155975341797
2013-11-12,21.554231643676758
2013-11-13,21.593076705932617
2013-11-14,21.696674346923828
2013-11-15,21.85206413269043
2013-11-18,21.929758071899414
2013-11-19,21.962135314941406
2013-11-20,21.709619522094727
2013-11-21,21.774364471435547
2013-11-22,22.072206497192383
2013-11-25,22.162851333618164
2013-11-26,22.24054527282715
2013-11-27,22.285860061645508
2013-11-29,22.272920608520508
2013-12-02,22.188749313354492
2013-12-03,21.962135314941406
2013-12-04,21.93623924255371
2013-12-05,21.871488571166992
2013-12-06,21.9945125579834
2013-12-09,21.923288345336914
2013-12-10,21.729049682617188
2013-12-11,21.631925582885742
2013-12-12,21.191646575927734
2013-12-13,21.431209564208984
2013-12-16,21.586605072021484
2013-12-17,21.573654174804688
2013-12-18,22.063814163208008
2013-12-19,22.10292625427246
2013-12-20,22.28542709350586
2013-12-23,22.59178352355957
2013-12-24,22.7091121673584
2013-12-26,22.885099411010742
2013-12-27,22.956796646118164
2013-12-30,23.282705307006836
2013-12-31,23.354402542114258
2014-01-02,22.748214721679688
2014-01-03,22.72865867614746
2014-01-06,22.72214126586914
2014-01-07,22.86554718017578
2014-01-08,22.643932342529297
2014-01-09,22.793846130371094
2014-01-10,23.087158203125
2014-01-13,22.780805587768555
2014-01-14,23.139307022094727
2014-01-15,23.373958587646484
2014-01-16,23.413068771362305
2014-01-17,23.341371536254883
2014-01-21,23.360919952392578
2014-01-22,23.471731185913086
2014-01-23,23.380475997924805
2014-01-24,22.72865867614746
2014-01-27,22.793846130371094
2014-01-28,22.976354598999023
2014-01-29,22.559192657470703
2014-01-30,22.48097801208496
2014-01-31,22.239805221557617
2014-02-03,21.731393814086914
2014-02-04,22.03122329711914
2014-02-05,22.246322631835938
2014-02-06,22.630891799926758
2014-02-07,22.813396453857422
2014-02-10,22.813396453857422
2014-02-11,23.347888946533203
2014-02-12,23.171892166137695
2014-02-13,23.18492889404297
2014-02-14,23.276182174682617
2014-02-18,22.937246322631836
2014-02-19,22.86554718017578
2014-02-20,23.06108856201172
2014-02-21,23.17841148376465
2014-02-24,23.549951553344727
2014-02-25,23.5629825592041
2014-02-26,23.497800827026367
2014-02-27,23.595569610595703
2014-02-28,23.78460121154785
2014-03-03,23.028499603271484
2014-03-04,23.595569610595703
2014-03-05,23.719417572021484
2014-03-06,24.071395874023438
2014-03-07,23.93451499938965
2014-03-10,23.908445358276367
2014-03-11,23.81719207763672
2014-03-12,23.706378936767578
2014-03-13,23.24359703063965
2014-03-14,23.165374755859375
2014-03-17,23.738967895507812
2014-03-18,24.012731552124023
2014-03-19,23.57601547241211
2014-03-20,23.57601547241211
2014-03-21,23.4326229095459
2014-03-24,23.497800827026367
2014-03-25,23.7780818939209
2014-03-26,23.4326229095459
2014-03-27,23.4000244140625
2014-03-28,23.373958587646484
2014-03-31,23.86933708190918
2014-04-01,24.182205200195312
2014-04-02,24.012731552124023
2014-04-03,23.7780818939209
2014-04-04,23.589054107666016
2014-04-07,23.60208511352539
2014-04-08,23.765047073364258
2014-04-09,24.084430694580078
2014-04-10,23.328330993652344
2014-04-11,23.328330993652344
2014-04-14,23.445653915405273
2014-04-15,23.18492889404297
2014-04-16,23.276182174682617
2014-04-17,23.413068771362305
2014-04-21,23.41958236694336
2014-04-22,23.667268753051758
2014-04-23,23.458694458007812
2014-04-24,23.595569610595703
2014-04-25,23.484764099121094
2014-04-28,23.536909103393555
2014-04-29,23.667268753051758
2014-04-30,24.032283782958984
2014-05-01,24.006214141845703
2014-05-02,23.967103958129883
2014-05-05,23.804153442382812
2014-05-06,23.78460121154785
2014-05-07,23.738967895507812
2014-05-08,23.81719207763672
2014-05-09,23.738967895507812
2014-05-12,23.993179321289062
2014-05-13,24.16916847229004
2014-05-14,24.110502243041992
2014-05-15,24.24738311767578
2014-05-16,24.273460388183594
2014-05-19,24.156131744384766
2014-05-20,24.123537063598633
2014-05-21,24.31256675720215
2014-05-22,24.26042366027832
2014-05-23,24.11702537536621
2014-05-27,24.24086570739746
2014-05-28,24.084430694580078
2014-05-29,24.13657569885254
2014-05-30,24.110502243041992
2014-06-02,24.051841735839844
2014-06-03,23.973621368408203
2014-06-04,24.149608612060547
2014-06-05,24.012731552124023
2014-06-06,24.286495208740234
2014-06-09,24.188722610473633
2014-06-10,24.13657569885254
2014-06-11,23.999696731567383
2014-06-12,23.947547912597656
2014-06-13,23.999696731567383
2014-06-16,23.993179321289062
2014-06-17,23.973621368408203
2014-06-18,23.999696731567383
2014-06-19,23.804153442382812
2014-06-20,23.64119529724121
2014-06-23,23.98014259338379
2014-06-24,23.79763412475586
2014-06-25,23.629383087158203
2014-06-26,23.495317459106445
2014-06-27,23.595867156982422
2014-06-30,23.649492263793945
2014-07-01,23.81037139892578
2014-07-02,23.84388542175293
2014-07-03,23.72993278503418
2014-07-07,23.535533905029297
2014-07-08,23.26069450378418
2014-07-09,23.361248016357422
2014-07-10,23.03948402404785
2014-07-11,23.03278160095215
2014-07-14,23.314319610595703
2014-07-15,23.086406707763672
2014-07-16,23.3880558013916
2014-07-17,22.999265670776367
2014-07-18,23.361248016357422
2014-07-21,23.18695831298828
2014-07-22,23.37464714050293
2014-07-23,23.40816879272461
2014-07-24,23.595867156982422
2014-07-25,23.716524124145508
2014-07-28,23.542234420776367
2014-07-29,23.321020126342773
2014-07-30,23.361248016357422
2014-07-31,22.865196228027344
2014-08-01,22.751235961914062
2014-08-04,22.78475570678711
2014-08-05,22.6037654876709
2014-08-06,22.342336654663086
2014-08-07,22.114418029785156
2014-08-08,22.382553100585938
2014-08-11,22.637285232543945
2014-08-12,22.556840896606445
2014-08-13,22.717723846435547
2014-08-14,22.751235961914062
2014-08-15,22.838380813598633
2014-08-18,22.972448348999023
2014-08-19,23.01937484741211
2014-08-20,22.858488082885742
2014-08-21,23.09981346130371
2014-08-22,22.965742111206055
2014-08-25,23.09981346130371
2014-08-26,23.03948402404785
2014-08-27,23.093109130859375
2014-08-28,22.81827163696289
2014-08-29,22.824974060058594
2014-09-02,22.690906524658203
2014-09-03,22.871898651123047
2014-09-04,22.670801162719727
2014-09-05,22.53672981262207
2014-09-08,22.422775268554688
2014-09-09,22.315519332885742
2014-09-10,22.469696044921875
2014-09-11,22.261890411376953
2014-09-12,22.30881690979004
2014-09-15,22.429475784301758
2014-09-16,22.57024383544922
2014-09-17,22.550142288208008
2014-09-18,22.905414581298828
2014-09-19,22.744537353515625
2014-09-22,22.72442626953125
2014-09-23,22.52332305908203
2014-09-24,22.53672981262207
2014-09-25,22.08760643005371
2014-09-26,22.07419776916504
2014-09-29,22.013866424560547
2014-09-30,22.181453704833984
2014-10-01,21.826175689697266
2014-10-02,21.625070571899414
2014-10-03,21.584854125976562
2014-10-06,21.739028930664062
2014-10-07,21.09550666809082
2014-10-08,21.497709274291992
2014-10-09,20.746931076049805
2014-10-10,20.48550033569336
2014-10-13,20.52572250366211
2014-10-14,20.498903274536133
2014-10-15,20.358135223388672
2014-10-16,20.277698516845703
2014-10-17,20.8139591217041
2014-10-20,20.901107788085938
2014-10-21,21.269794464111328
2014-10-22,21.055282592773438
2014-10-23,21.524526596069336
2014-10-24,21.61836814880371
2014-10-27,21.4373779296875
2014-10-28,21.725622177124023
2014-10-29,21.665292739868164
2014-10-30,21.906612396240234
2014-10-31,22.067495346069336
2014-11-03,21.70551300048828
2014-11-04,21.873098373413086
2014-11-05,21.97364616394043
2014-11-06,21.920021057128906
2014-11-07,21.933427810668945
2014-11-10,21.966941833496094
2014-11-11,22.1345272064209
2014-11-12,21.89320945739746
2014-11-13,22.00046157836914
2014-11-14,21.97364616394043
2014-11-17,21.926719665527344
2014-11-18,22.362442016601562
2014-11-19,22.201560974121094
2014-11-20,22.08089828491211
2014-11-21,22.214969635009766
2014-11-24,22.53672981262207
2014-11-25,22.72442626953125
2014-11-26,22.704317092895508
2014-11-28,22.47640037536621
2014-12-01,22.422775268554688
2014-12-02,22.221675872802734
2014-12-03,22.375850677490234
2014-12-04,22.25518798828125
2014-12-05,22.382553100585938
2014-12-08,22.261890411376953
2014-12-09,22.261890411376953
2014-12-10,22.040678024291992
2014-12-11,22.00046157836914
2014-12-12,21.564739227294922
2014-12-15,21.18265151977539
2014-12-16,21.055282592773438
2014-12-17,21.25179672241211
2014-12-18,21.643476486206055
2014-12-19,21.636716842651367
2014-12-22,21.65022850036621
2014-12-23,21.656980514526367
2014-12-24,21.70425033569336
2014-12-26,21.69750213623047
2014-12-29,21.670488357543945
2014-12-30,21.70425033569336
2014-12-31,21.386859893798828
2015-01-02,21.24504280090332
2015-01-05,20.66428565979004
2015-01-06,20.50896644592285
2015-01-07,20.69804573059082
2015-01-08,20.77908706665039
2015-01-09,20.752073287963867
2015-01-12,20.684541702270508
2015-01-13,20.752073287963867
2015-01-14,20.495460510253906
2015-01-15,20.583250045776367
2015-01-16,20.91415023803711
2015-01-20,21.015443801879883
2015-01-21,21.103229522705078
2015-01-22,21.49490737915039
2015-01-23,21.136995315551758
2015-01-26,21.67723846435547
2015-01-27,21.656980514526367
2015-01-28,21.4476318359375
2015-01-29,22.035154342651367
2015-01-30,21.90683937072754
2015-02-02,22.008140563964844
2015-02-03,22.480852127075195
2015-02-04,21.900087356567383
2015-02-05,22.28501319885254
2015-02-06,21.933855056762695
2015-02-09,21.9946346282959
2015-02-10,22.35929298400879
2015-02-11,21.940608978271484
2015-02-12,22.44033432006836
2015-02-13,22.636165618896484
2015-02-17,22.784740447998047
2015-02-18,22.87928009033203
2015-02-19,22.784740447998047
2015-02-20,23.216930389404297
2015-02-23,23.088621139526367
2015-02-24,23.176410675048828
2015-02-25,23.38575553894043
2015-02-26,23.162906646728516
2015-02-27,23.446533203125
2015-03-02,23.419523239135742
2015-03-03,23.31822967529297
2015-03-04,23.169660568237305
2015-03-05,23.081872940063477
2015-03-06,22.61591339111328
2015-03-09,22.636165618896484
2015-03-10,22.170211791992188
2015-03-11,22.264753341674805
2015-03-12,22.426828384399414
2015-03-13,22.21072769165039
2015-03-16,22.56863784790039
2015-03-17,22.366046905517578
2015-03-18,22.86577606201172
2015-03-19,22.669931411743164
2015-03-20,22.892786026000977
2015-03-23,23.156152725219727
2015-03-24,23.129138946533203
2015-03-25,23.061609268188477
2015-03-26,22.784740447998047
2015-03-27,22.703702926635742
2015-03-30,22.913047790527344
2015-03-31,22.60915756225586
2015-04-01,22.59564971923828
2015-04-02,22.79149055480957
2015-04-06,23.162906646728516
2015-04-07,22.886035919189453
2015-04-08,22.85226821899414
2015-04-09,22.825252532958984
2015-04-10,22.683441162109375
2015-04-13,22.58214569091797
2015-04-14,22.86577606201172
2015-04-15,23.048105239868164
2015-04-16,23.257450103759766
2015-04-17,22.649682998657227
2015-04-20,22.7104549407959
2015-04-21,23.088621139526367
2015-04-22,23.176410675048828
2015-04-23,23.18991470336914
2015-04-24,23.250694274902344
2015-04-27,23.55458641052246
2015-04-28,23.30472183227539
2015-04-29,23.162906646728516
2015-04-30,22.973825454711914
2015-05-01,23.081872940063477
2015-05-04,23.068363189697266
2015-05-05,22.663183212280273
2015-05-06,22.764476776123047
2015-05-07,22.750972747802734
2015-05-08,23.243942260742188
2015-05-11,23.048105239868164
2015-05-12,22.784740447998047
2015-05-13,22.973825454711914
2015-05-14,23.331735610961914
2015-05-15,23.446533203125
2015-05-18,23.345237731933594
2015-05-19,23.135892868041992
2015-05-20,23.2371883392334
2015-05-21,23.40601348876953
2015-05-22,23.33848762512207
2015-05-26,23.048105239868164
2015-05-27,23.196672439575195
2015-05-28,23.38575553894043
2015-05-29,22.933307647705078
2015-06-01,22.87928009033203
2015-06-02,23.223682403564453
2015-06-03,23.615360260009766
2015-06-04,23.31822967529297
2015-06-05,22.906293869018555
2015-06-08,22.838764190673828
2015-06-09,22.838764190673828
2015-06-10,23.264202117919922
2015-06-11,23.43977928161621
2015-06-12,23.33848762512207
2015-06-15,23.00758171081543
2015-06-16,23.142650604248047
2015-06-17,23.000835418701172
2015-06-18,23.108882904052734
2015-06-19,23.00758171081543
2015-06-22,23.46678924560547
2015-06-23,23.493806838989258
2015-06-24,23.2371883392334
2015-06-25,23.171485900878906
2015-06-26,23.143524169921875
2015-06-29,22.47948455810547
2015-06-30,22.206884384155273
2015-07-01,22.47249984741211
2015-07-02,22.15096092224121
2015-07-06,21.56380844116211
2015-07-07,21.72457504272461
2015-07-08,21.38207244873047
2015-07-09,21.710599899291992
2015-07-10,22.598316192626953
2015-07-13,22.731121063232422
2015-07-14,22.79403305053711
2015-07-15,22.43754768371582
2015-07-16,22.842954635620117
2015-07-17,22.626270294189453
2015-07-20,22.9617862701416
2015-07-21,22.93383026123047
2015-07-22,22.570354461669922
2015-07-23,22.500452041625977
2015-07-24,22.31871795654297
2015-07-27,22.16493797302246
2015-07-28,22.206884384155273
2015-07-29,22.157949447631836
2015-07-30,22.262800216674805
2015-07-31,22.39560317993164
2015-08-03,22.297746658325195
2015-08-04,22.12299919128418
2015-08-05,22.199888229370117
2015-08-06,22.10902214050293
2015-08-07,21.962234497070312
2015-08-10,22.49346160888672
2015-08-11,22.283763885498047
2015-08-12,22.15096092224121
2015-08-13,22.451526641845703
2015-08-14,22.38861846923828
2015-08-17,22.33269691467285
2015-08-18,22.116010665893555
2015-08-19,21.794479370117188
2015-08-20,21.263246536254883
2015-08-21,21.12344741821289
2015-08-24,20.522315979003906
2015-08-25,20.389511108398438
2015-08-26,20.836862564086914
2015-08-27,21.165382385253906
2015-08-28,21.312171936035156
2015-08-31,21.20732307434082
2015-09-01,20.738998413085938
2015-09-02,20.96268081665039
2015-09-03,21.21431541442871
2015-09-04,20.676090240478516
2015-09-08,21.284217834472656
2015-09-09,21.22829246520996
2015-09-10,21.43798828125
2015-09-11,21.71758460998535
2015-09-14,21.305185317993164
2015-09-15,21.256256103515625
2015-09-16,21.56380844116211
2015-09-17,21.74555015563965
2015-09-18,21.03257942199707
2015-09-21,20.871809005737305
2015-09-22,20.452415466308594
2015-09-23,20.165836334228516
2015-09-24,19.942157745361328
2015-09-25,20.03302574157715
2015-09-28,19.55771255493164
2015-09-29,19.865270614624023
2015-09-30,20.29165267944336
2015-10-01,20.193790435791016
2015-10-02,20.56425666809082
2015-10-05,21.10947036743164
2015-10-06,21.158397674560547
2015-10-07,21.354114532470703
2015-10-08,21.521875381469727
2015-10-09,21.738555908203125
2015-10-12,21.738555908203125
2015-10-13,21.46595001220703
2015-10-14,21.340133666992188
2015-10-15,21.319164276123047
2015-10-16,21.200332641601562
2015-10-19,21.018598556518555
2015-10-20,21.13043785095215
2015-10-21,20.836862564086914
2015-10-22,21.102476119995117
2015-10-23,21.298198699951172
2015-10-26,21.179367065429688
2015-10-27,21.004621505737305
2015-10-28,21.13043785095215
2015-10-29,21.08150863647461
2015-10-30,21.074514389038086
2015-11-02,21.20732307434082
2015-11-03,21.263246536254883
2015-11-04,21.29120445251465
2015-11-05,21.2213077545166
2015-11-06,21.116456985473633
2015-11-09,20.983652114868164
2015-11-10,20.780941009521484
2015-11-11,20.871809005737305
2015-11-12,20.599205017089844
2015-11-13,20.389511108398438
2015-11-16,20.627166748046875
2015-11-17,20.669105529785156
2015-11-18,20.9556884765625
2015-11-19,20.9556884765625
2015-11-20,20.934720993041992
2015-11-23,20.836862564086914
2015-11-24,20.690073013305664
2015-11-25,20.71803855895996
2015-11-27,20.941707611083984
2015-11-30,21.158397674560547
2015-12-01,21.256256103515625
2015-12-02,21.17237663269043
2015-12-03,21.158397674560547
2015-12-04,21.32615089416504
2015-12-07,21.17237663269043
2015-12-08,20.620176315307617
2015-12-09,20.515329360961914
2015-12-10,20.256702423095703
2015-12-11,19.77440071105957
2015-12-14,19.879249572753906
2015-12-15,20.15185546875
2015-12-16,20.536293029785156
2015-12-17,20.158843994140625
2015-12-18,19.90021324157715
2015-12-21,20.17027473449707
2015-12-22,20.380163192749023
2015-12-23,20.757959365844727
2015-12-24,20.799936294555664
2015-12-28,20.72997283935547
2015-12-29,20.939865112304688
2015-12-30,20.708986282348633
2015-12-31,20.415145874023438
2016-01-04,19.9953670501709
2016-01-05,19.645549774169922
2016-01-06,19.351709365844727
2016-01-07,19.092844009399414
2016-01-08,18.966917037963867
2016-01-11,19.09984016418457
2016-01-12,19.190793991088867
2016-01-13,18.91794204711914
2016-01-14,19.09984016418457
2016-01-15,18.295272827148438
2016-01-19,18.652082443237305
2016-01-20,18.267282485961914
2016-01-21,18.44219398498535
2016-01-22,19.09984016418457
2016-01-25,18.91794204711914
2016-01-26,19.414676666259766
2016-01-27,19.162809371948242
2016-01-28,18.93193244934082
2016-01-29,19.148818969726562
2016-02-01,19.015886306762695
2016-02-02,18.449188232421875
2016-02-03,18.77801513671875
2016-02-04,19.120832443237305
2016-02-05,18.945926666259766
2016-02-08,18.31625747680664
2016-02-09,18.2323055267334
2016-02-10,18.40021324157715
2016-02-11,18.092378616333008
2016-02-12,18.491165161132812
2016-02-16,18.95292091369629
2016-02-17,19.456649780273438
2016-02-18,19.449655532836914
2016-02-19,19.372697830200195
2016-02-22,19.65254783630371
2016-02-23,19.393688201904297
2016-02-24,19.190793991088867
2016-02-25,19.442659378051758
2016-02-26,19.274751663208008
2016-02-29,19.197790145874023
2016-03-01,19.596576690673828
2016-03-02,19.407682418823242
2016-03-03,19.743499755859375
2016-03-04,19.925403594970703
2016-03-07,19.89742088317871
2016-03-08,19.736507415771484
2016-03-09,19.932397842407227
2016-03-10,19.932397842407227
2016-03-11,20.590049743652344
2016-03-14,20.590049743652344
2016-03-15,20.394155502319336
2016-03-16,20.562063217163086
2016-03-17,20.583053588867188
2016-03-18,20.583053588867188
2016-03-21,20.485107421875
2016-03-22,20.54807472229004
2016-03-23,20.2402400970459
2016-03-24,19.988367080688477
2016-03-28,19.9953670501709
2016-03-29,20.324188232421875
2016-03-30,20.72298240661621
2016-03-31,20.60404396057129
2016-04-01,20.63202476501465
2016-04-04,20.597047805786133
2016-04-05,20.128293991088867
2016-04-06,20.54107666015625
2016-04-07,20.128293991088867
2016-04-08,20.667011260986328
2016-04-11,20.757959365844727
2016-04-12,20.960851669311523
2016-04-13,21.219711303710938
2016-04-14,21.170740127563477
2016-04-15,21.135759353637695
2016-04-18,21.212718963623047
2016-04-19,21.758432388305664
2016-04-20,21.751434326171875
2016-04-21,21.471582412719727
2016-04-22,21.359642028808594
2016-04-25,21.240705490112305
2016-04-26,21.32465934753418
2016-04-27,21.42959976196289
2016-04-28,21.310665130615234
2016-04-29,21.149755477905273
2016-05-02,21.275686264038086
2016-05-03,20.708986282348633
2016-05-04,20.443126678466797
2016-05-05,20.373165130615234
2016-05-06,20.30320167541504
2016-05-09,20.422138214111328
2016-05-10,20.569061279296875
2016-05-11,20.40814971923828
2016-05-12,20.212247848510742
2016-05-13,19.988367080688477
2016-05-16,20.35917091369629
2016-05-17,20.17027473449707
2016-05-18,20.114303588867188
2016-05-19,19.953386306762695
2016-05-20,20.247230529785156
2016-05-23,20.15627670288086
2016-05-24,20.513092041015625
2016-05-25,20.681001663208008
2016-05-26,20.8419189453125
2016-05-27,20.78594970703125
2016-05-31,20.674007415771484
2016-06-01,20.63202476501465
2016-06-02,20.681001663208008
2016-06-03,20.862905502319336
2016-06-06,20.981843948364258
2016-06-07,21.121768951416016
2016-06-08,21.198726654052734
2016-06-09,20.750965118408203
2016-06-10,19.932397842407227
2016-06-13,19.694522857666016
2016-06-14,19.463651657104492
2016-06-15,19.6595458984375
2016-06-16,19.547607421875
2016-06-17,19.785478591918945
2016-06-20,20.35917091369629
2016-06-21,20.555063247680664
2016-06-22,20.561613082885742
2016-06-23,21.165300369262695
2016-06-24,18.845115661621094
2016-06-27,18.554182052612305
2016-06-28,19.136045455932617
2016-06-29,19.470617294311523
2016-06-30,19.89246940612793
2016-07-01,19.979747772216797
2016-07-05,19.230600357055664
2016-07-06,19.143320083618164
2016-07-07,19.128772735595703
2016-07-08,19.470617294311523
2016-07-11,19.768823623657227
2016-07-12,19.95065689086914
2016-07-13,20.081575393676758
2016-07-14,20.21976661682129
2016-07-15,20.205224990844727
2016-07-18,20.103391647338867
2016-07-19,20.06702995300293
2016-07-20,20.2779541015625
2016-07-21,20.16885757446289
2016-07-22,20.09612274169922
2016-07-25,20.154308319091797
2016-07-26,20.16158103942871
2016-07-27,20.241586685180664
2016-07-28,20.212495803833008
2016-07-29,20.38705825805664
2016-08-01,20.18340301513672
2016-08-02,20.110668182373047
2016-08-03,20.030664443969727
2016-08-04,20.19795036315918
2016-08-05,20.270679473876953
2016-08-08,20.292499542236328
2016-08-09,20.750720977783203
2016-08-10,20.881643295288086
2016-08-11,21.056201934814453
2016-08-12,21.005281448364258
2016-08-15,21.10710906982422
2016-08-16,20.976194381713867
2016-08-17,20.903459548950195
2016-08-18,21.136199951171875
2016-08-19,20.939828872680664
2016-08-22,20.92527961730957
2016-08-23,21.041650772094727
2016-08-24,21.099838256835938
2016-08-25,20.968917846679688
2016-08-26,20.823448181152344
2016-08-29,21.01983070373535
2016-08-30,20.859821319580078
2016-08-31,20.772541046142578
2016-09-01,20.888914108276367
2016-09-02,21.048925399780273
2016-09-06,21.296218872070312
2016-09-07,21.383495330810547
2016-09-08,21.35440444946289
2016-09-09,20.968917846679688
2016-09-12,21.179845809936523
2016-09-13,20.787086486816406
2016-09-14,20.830724716186523
2016-09-15,21.034379959106445
2016-09-16,20.68526268005371
2016-09-19,20.787086486816406
2016-09-20,20.728897094726562
2016-09-21,21.01983070373535
2016-09-22,21.25257682800293
2016-09-23,21.114377975463867
2016-09-26,20.89618682861328
2016-09-27,20.939828872680664
2016-09-28,21.078018188476562
2016-09-29,20.903459548950195
2016-09-30,21.143476486206055
2016-10-03,21.230756759643555
2016-10-04,21.187116622924805
2016-10-05,21.30349349975586
2016-10-06,21.339859008789062
2016-10-07,21.2016658782959
2016-10-10,21.31076431274414
2016-10-11,20.779813766479492
2016-10-12,20.539793014526367
2016-10-13,20.44524574279785
2016-10-14,20.510700225830078
2016-10-17,20.47433853149414
2016-10-18,20.71435546875
2016-10-19,20.65616798400879
2016-10-20,20.71435546875
2016-10-21,20.6270751953125
2016-10-24,20.517976760864258
2016-10-25,20.459789276123047
2016-10-26,20.38705825805664
2016-10-27,20.16885757446289
2016-10-28,20.19795036315918
2016-10-31,20.030664443969727
2016-11-01,19.95065689086914
2016-11-02,19.848833084106445
2016-11-03,19.74700355529785
2016-11-04,19.56517219543457
2016-11-07,19.848833084106445
2016-11-08,19.972475051879883
2016-11-09,20.13976287841797
2016-11-10,20.26340675354004
2016-11-11,20.008840560913086
2016-11-14,19.659727096557617
2016-11-15,19.957931518554688
2016-11-16,19.77609634399414
2016-11-17,19.914291381835938
2016-11-18,19.863380432128906
2016-11-21,20.06702995300293
2016-11-22,20.154308319091797
2016-11-23,19.9652042388916
2016-11-25,20.117944717407227
2016-11-28,19.936113357543945
2016-11-29,19.9652042388916
2016-11-30,19.994291305541992
2016-12-01,19.94338607788086
2016-12-02,19.957931518554688
2016-12-05,20.33614158630371
2016-12-06,20.488880157470703
2016-12-07,20.83799934387207
2016-12-08,20.794363021850586
2016-12-09,20.93255615234375
2016-12-12,20.93255615234375
2016-12-13,21.12892723083496
2016-12-14,20.779813766479492
2016-12-15,20.59070587158203
2016-12-16,20.692535400390625
2016-12-19,20.568891525268555
2016-12-20,20.496156692504883
2016-12-21,20.703481674194336
2016-12-22,20.62346076965332
2016-12-23,20.73257827758789
2016-12-27,20.790773391723633
2016-12-28,20.718032836914062
2016-12-29,20.84897232055664
2016-12-30,20.8998966217041
2017-01-03,21.045387268066406
2017-01-04,21.16177749633789
2017-01-05,21.234525680541992
2017-01-06,21.198152542114258
2017-01-09,21.023561477661133
2017-01-10,20.907167434692383
2017-01-11,21.07448387145996
2017-01-12,21.249074935913086
2017-01-13,21.474586486816406
2017-01-17,21.33637237548828
2017-01-18,21.33637237548828
2017-01-19,21.263626098632812
2017-01-20,21.62735366821289
2017-01-23,21.59098243713379
2017-01-24,21.80921745300293
2017-01-25,22.100200653076172
2017-01-26,22.129297256469727
2017-01-27,21.9910831451416
2017-01-30,21.903789520263672
2017-01-31,22.187496185302734
2017-02-01,22.318439483642578
2017-02-02,22.471202850341797
2017-02-03,22.493032455444336
2017-02-06,22.20932388305664
2017-02-07,22.194772720336914
2017-02-08,22.238418579101562
2017-02-09,22.165674209594727
2017-02-10,22.194772720336914
2017-02-13,22.274791717529297
2017-02-14,22.325716018676758
2017-02-15,22.376638412475586
2017-02-16,22.602149963378906
2017-02-17,22.442108154296875
2017-02-21,22.5439510345459
2017-02-22,22.434833526611328
2017-02-23,22.493032455444336
2017-02-24,22.165674209594727
2017-02-27,21.998355865478516
2017-02-28,22.049280166625977
2017-03-01,22.362091064453125
2017-03-02,22.063831329345703
2017-03-03,22.347537994384766
2017-03-06,22.2238712310791
2017-03-07,22.245695114135742
2017-03-08,22.100200653076172
2017-03-09,22.29661750793457
2017-03-10,22.3839111328125
2017-03-13,22.682167053222656
2017-03-14,22.500303268432617
2017-03-15,22.784011840820312
2017-03-16,22.944055557250977
2017-03-17,22.958602905273438
2017-03-20,22.936777114868164
2017-03-21,22.76946258544922
2017-03-22,22.805835723876953
2017-03-23,22.856760025024414
2017-03-24,22.97315216064453
2017-03-27,23.038623809814453
2017-03-28,22.994976043701172
2017-03-29,23.009523391723633
2017-03-30,22.89313507080078
2017-03-31,22.96587562561035
2017-04-03,22.784011840820312
2017-04-04,22.616697311401367
2017-04-05,22.507579803466797
2017-04-06,22.5439510345459
2017-04-07,22.58759880065918
2017-04-10,22.565778732299805
2017-04-11,22.67489242553711
2017-04-12,22.820392608642578
2017-04-13,22.667619705200195
2017-04-17,22.864036560058594
2017-04-18,22.63124656677246
2017-04-19,22.66034507751465
2017-04-20,22.74764060974121
2017-04-21,22.784011840820312
2017-04-24,23.693340301513672
2017-04-25,24.144359588623047
2017-04-26,24.144359588623047
2017-04-27,24.064342498779297
2017-04-28,24.086166381835938
2017-05-01,24.26802635192871
2017-05-02,24.435346603393555
2017-05-03,24.362598419189453
2017-05-04,24.522640228271484
2017-05-05,24.813615798950195
2017-05-08,24.471715927124023
2017-05-09,24.50809097290039
2017-05-10,24.398971557617188
2017-05-11,24.47899055480957
2017-05-12,24.588111877441406
2017-05-15,24.61721420288086
2017-05-16,24.813615798950195
2017-05-17,24.38442611694336
2017-05-18,24.209836959838867
2017-05-19,24.602663040161133
2017-05-22,24.631755828857422
2017-05-23,24.806346893310547
2017-05-24,24.84999656677246
2017-05-25,24.8354434967041
2017-05-26,24.799070358276367
2017-05-30,24.769973754882812
2017-05-31,24.769973754882812
2017-06-01,24.95911407470703
2017-06-02,25.213727951049805
2017-06-05,24.98821449279785
2017-06-06,24.8354434967041
2017-06-07,24.930017471313477
2017-06-08,24.8718204498291
2017-06-09,24.95184326171875
2017-06-12,24.719057083129883
2017-06-13,24.98821449279785
2017-06-14,24.95184326171875
2017-06-15,24.50081443786621
2017-06-16,24.879100799560547
2017-06-19,25.017311096191406
2017-06-20,24.768882751464844
2017-06-21,24.768882751464844
2017-06-22,24.754005432128906
2017-06-23,24.925079345703125
2017-06-26,24.902767181396484
2017-06-27,24.932519912719727
2017-06-28,25.23748016357422
2017-06-29,25.096160888671875
2017-06-30,25.23004150390625
2017-07-03,25.274673461914062
2017-07-05,25.311861038208008
2017-07-06,25.311861038208008
2017-07-07,25.401119232177734
2017-07-10,25.520122528076172
2017-07-11,25.609384536743164
2017-07-12,25.929222106933594
2017-07-13,26.033357620239258
2017-07-14,26.263938903808594
2017-07-17,26.085416793823242
2017-07-18,25.535005569458008
2017-07-19,25.668888092041016
2017-07-20,25.698644638061523
2017-07-21,25.482938766479492
2017-07-24,25.33417320251465
2017-07-25,25.244916915893555
2017-07-26,25.47550392150879
2017-07-27,25.311861038208008
2017-07-28,25.468059539794922
2017-07-31,25.401119232177734
2017-08-01,25.579633712768555
2017-08-02,25.587072372436523
2017-08-03,25.497814178466797
2017-08-04,25.616819381713867
2017-08-07,25.609384536743164
2017-08-08,25.497814178466797
2017-08-09,25.47550392150879
2017-08-10,25.23004150390625
2017-08-11,25.14078712463379
2017-08-14,25.349058151245117
2017-08-15,25.363927841186523
2017-08-16,25.445743560791016
2017-08-17,24.962270736694336
2017-08-18,25.029211044311523
2017-08-21,25.01433753967285
2017-08-22,25.274673461914062
2017-08-23,25.3936767578125
2017-08-24,25.259794235229492
2017-08-25,25.601947784423828
2017-08-28,25.609384536743164
2017-08-29,25.535005569458008
2017-08-30,25.57219696044922
2017-08-31,25.825092315673828
2017-09-01,25.892030715942383
2017-09-05,25.72096061706543
2017-09-06,25.75815200805664
2017-09-07,26.063108444213867
2017-09-08,25.973854064941406
2017-09-11,26.107738494873047
2017-09-12,26.301132202148438
2017-09-13,26.10030174255371
2017-09-14,26.293691635131836
2017-09-15,26.338319778442383
2017-09-18,26.36807632446289
2017-09-19,26.479644775390625
2017-09-20,26.40526008605957
2017-09-21,26.494516372680664
2017-09-22,26.583778381347656
2017-09-25,26.397825241088867
2017-09-26,26.256500244140625
2017-09-27,26.345754623413086
2017-09-28,26.47220802307129
2017-09-29,26.687908172607422
2017-10-02,26.62840461730957
2017-10-03,26.858985900878906
2017-10-04,26.94080924987793
2017-10-05,26.888736724853516
2017-10-06,26.866418838500977
2017-10-09,26.769731521606445
2017-10-10,27.05237579345703
2017-10-11,27.037498474121094
2017-10-12,26.77716636657715
2017-10-13,26.784605026245117
2017-10-16,26.7325382232666
2017-10-17,26.546585083007812
2017-10-18,26.702787399291992
2017-10-19,26.762292861938477
2017-10-20,26.985435485839844
2017-10-23,26.82179069519043
2017-10-24,26.620967864990234
2017-10-25,26.583778381347656
2017-10-26,26.330881118774414
2017-10-27,26.47220802307129
2017-10-30,26.412700653076172
2017-10-31,26.464767456054688
2017-11-01,26.353199005126953
2017-11-02,26.479644775390625
2017-11-03,26.442453384399414
2017-11-06,26.50939178466797
2017-11-07,26.353199005126953
2017-11-08,26.345754623413086
2017-11-09,26.025915145874023
2017-11-10,25.98128890991211
2017-11-13,25.825092315673828
2017-11-14,25.72096061706543
2017-11-15,25.579633712768555
2017-11-16,25.892030715942383
2017-11-17,25.5126895904541
2017-11-20,25.3936767578125
2017-11-21,25.773025512695312
2017-11-22,25.773025512695312
2017-11-24,25.892030715942383
2017-11-27,25.75815200805664
2017-11-28,25.90690803527832
2017-11-29,25.646577835083008
2017-11-30,25.497814178466797
2017-12-01,25.38624382019043
2017-12-04,25.378807067871094
2017-12-05,25.43087387084961
2017-12-06,25.073843002319336
2017-12-07,24.992021560668945
2017-12-08,25.25235939025879
2017-12-11,25.28955078125
2017-12-12,25.520122528076172
2017-12-13,25.401119232177734
2017-12-14,25.185413360595703
2017-12-15,24.939952850341797
2017-12-18,25.408557891845703
2017-12-19,25.42283058166504
2017-12-20,25.287601470947266
2017-12-21,25.475418090820312
2017-12-22,25.573081970214844
2017-12-26,25.51298713684082
2017-12-27,25.528005599975586
2017-12-28,25.528005599975586
2017-12-29,25.467910766601562
2018-01-02,25.663236618041992
2018-01-03,25.753387451171875
2018-01-04,26.159072875976562
2018-01-05,26.354400634765625
2018-01-08,26.24921989440918
2018-01-09,26.36191177368164
2018-01-10,26.459577560424805
2018-01-11,26.745054244995117
2018-01-12,26.98546028137207
2018-01-16,26.84271812438965
2018-01-17,27.02302360534668
2018-01-18,27.0831298828125
2018-01-19,27.180795669555664
2018-01-22,27.36861228942871
2018-01-23,27.428709030151367
2018-01-24,27.481304168701172
2018-01-25,27.210838317871094
2018-01-26,27.428709030151367
2018-01-29,27.255918502807617
2018-01-30,27.053075790405273
2018-01-31,27.060588836669922
2018-02-01,27.30850601196289
2018-02-02,26.632369995117188
2018-02-05,25.302629470825195
2018-02-06,25.94120216369629
2018-02-07,25.685768127441406
2018-02-08,24.934505462646484
2018-02-09,25.092275619506836
2018-02-12,25.407806396484375
2018-02-13,25.40029525756836
2018-02-14,26.00881576538086
2018-02-15,26.204147338867188
2018-02-16,26.219173431396484
2018-02-20,25.926179885864258
2018-02-21,25.90363883972168
2018-02-22,25.95623016357422
2018-02-23,26.053895950317383
2018-02-26,26.25673484802246
2018-02-27,25.80598258972168
2018-02-28,25.482933044433594
2018-03-01,25.159887313842773
2018-03-02,24.972070693969727
2018-03-05,25.15237808227539
2018-03-06,25.475418090820312
2018-03-07,25.482933044433594
2018-03-08,25.6331787109375
2018-03-09,25.888614654541016
2018-03-12,25.89613151550293
2018-03-13,25.655723571777344
2018-03-14,26.016332626342773
2018-03-15,26.083946228027344
2018-03-16,25.89613151550293
2018-03-19,25.625675201416016
2018-03-20,25.490440368652344
2018-03-21,25.505470275878906
2018-03-22,24.746692657470703
2018-03-23,24.626487731933594
2018-03-26,25.09978485107422
2018-03-27,24.784255981445312
2018-03-28,24.641515731811523
2018-03-29,25.15237808227539
2018-04-02,24.784255981445312
2018-04-03,24.58892822265625
2018-04-04,24.498775482177734
2018-04-05,24.634002685546875
2018-04-06,24.513795852661133
2018-04-09,24.6790771484375
2018-04-10,25.084758758544922
2018-04-11,24.754207611083984
2018-04-12,24.739177703857422
2018-04-13,24.731664657592773
2018-04-16,24.88943099975586
2018-04-17,25.219989776611328
2018-04-18,25.370241165161133
2018-04-19,25.460390090942383
2018-04-20,25.5355224609375
2018-04-23,25.565567016601562
2018-04-24,25.32516860961914
2018-04-25,25.092275619506836
2018-04-26,25.069732666015625
2018-04-27,25.13735008239746
2018-04-30,24.6790771484375
2018-05-01,24.506282806396484
2018-05-02,24.45369529724121
2018-05-03,24.58892822265625
2018-05-04,24.70912742614746
2018-05-07,24.866893768310547
2018-05-08,25.092275619506836
2018-05-09,25.663236618041992
2018-05-10,25.881107330322266
2018-05-11,25.700803756713867
2018-05-14,25.565567016601562
2018-05-15,25.558059692382812
2018-05-16,25.475418090820312
2018-05-17,25.528005599975586
2018-05-18,25.573081970214844
2018-05-21,25.828510284423828
2018-05-22,25.738359451293945
2018-05-23,25.32516860961914
2018-05-24,25.219989776611328
2018-05-25,25.06222915649414
2018-05-29,24.19075584411621
2018-05-30,24.61897850036621
2018-05-31,24.34851837158203
2018-06-01,24.634002685546875
2018-06-04,24.70161247253418
2018-06-05,24.641515731811523
2018-06-06,24.866893768310547
2018-06-07,24.664058685302734
2018-06-08,24.806793212890625
2018-06-11,25.09978485107422
2018-06-12,25.15237808227539
2018-06-13,25.1899356842041
2018-06-14,25.15237808227539
2018-06-15,24.79176139831543
2018-06-18,24.498775482177734
2018-06-19,24.360422134399414
2018-06-20,24.423311233520508
2018-06-21,24.061717987060547
2018-06-22,24.321123123168945
2018-06-25,24.00669288635254
2018-06-26,23.865198135375977
2018-06-27,23.645095825195312
2018-06-28,23.62151527404785
2018-06-29,23.983108520507812
2018-07-02,23.83375358581543
2018-07-03,24.10101890563965
2018-07-05,24.2503719329834
2018-07-06,24.321123123168945
2018-07-09,24.54121971130371
2018-07-10,24.627689361572266
2018-07-11,24.045995712280273
2018-07-12,24.195350646972656
2018-07-13,24.211071014404297
2018-07-16,24.415451049804688
2018-07-17,24.415451049804688
2018-07-18,24.494054794311523
2018-07-19,24.588390350341797
2018-07-20,24.68271255493164
2018-07-23,24.74559783935547
2018-07-24,25.03644561767578
2018-07-25,25.36659812927246
2018-07-26,25.209383010864258
2018-07-27,25.15435791015625
2018-07-30,25.37445640563965
2018-07-31,25.41376304626465
2018-08-01,25.37445640563965
2018-08-02,25.091472625732422
2018-08-03,25.08361053466797
2018-08-06,24.93425941467285
2018-08-07,25.099336624145508
2018-08-08,25.07575225830078
2018-08-09,25.052169799804688
2018-08-10,24.478336334228516
2018-08-13,24.368288040161133
2018-08-14,24.3289794921875
2018-08-15,23.912364959716797
2018-08-16,24.085298538208008
2018-08-17,24.462615966796875
2018-08-20,24.509777069091797
2018-08-21,24.7849063873291
2018-08-22,24.98928451538086
2018-08-23,24.77704429626465
2018-08-24,24.871370315551758
2018-08-27,25.240827560424805
2018-08-28,25.17794418334961
2018-08-29,25.287988662719727
2018-08-30,25.23296546936035
2018-08-31,25.052169799804688
2018-09-04,25.01286506652832
2018-09-05,24.957839965820312
2018-09-06,24.816349029541016
2018-09-07,24.611968994140625
2018-09-10,24.761322021484375
2018-09-11,24.753459930419922
2018-09-12,24.863510131835938
2018-09-13,25.067888259887695
2018-09-14,24.93425941467285
2018-09-17,25.248687744140625
2018-09-18,25.240827560424805
2018-09-19,25.429485321044922
2018-09-20,25.96401596069336
2018-09-21,26.097644805908203
2018-09-24,26.034759521484375
2018-09-25,26.026899337768555
2018-09-26,25.979734420776367
2018-09-27,26.13694953918457
2018-09-28,25.798940658569336
2018-10-01,25.720335006713867
2018-10-02,25.453065872192383
2018-10-03,25.523815155029297
2018-10-04,25.193662643432617
2018-10-05,24.8870906829834
2018-10-08,24.706296920776367
2018-10-09,24.627689361572266
2018-10-10,23.951663970947266
2018-10-11,23.76300811767578
2018-10-12,23.82589340209961
2018-10-15,23.723703384399414
2018-10-16,24.140323638916016
2018-10-17,23.935941696166992
2018-10-18,23.582210540771484
2018-10-19,23.495744705200195
2018-10-22,23.3935546875
2018-10-23,23.18917465209961
2018-10-24,22.50528907775879
2018-10-25,22.764694213867188
2018-10-26,22.48957061767578
2018-10-29,22.48957061767578
2018-10-30,22.859024047851562
2018-10-31,23.079124450683594
2018-11-01,23.417139053344727
2018-11-02,23.535049438476562
2018-11-05,23.495744705200195
2018-11-06,23.480022430419922
2018-11-07,23.747282028198242
2018-11-08,23.52718734741211
2018-11-09,23.330671310424805
2018-11-12,22.890470504760742
2018-11-13,23.031959533691406
2018-11-14,22.811859130859375
2018-11-15,22.906185150146484
2018-11-16,23.055540084838867
2018-11-19,22.654644012451172
2018-11-20,22.072948455810547
2018-11-21,22.434545516967773
2018-11-23,22.27733039855957
2018-11-26,22.72538948059082
2018-11-27,22.615337371826172
2018-11-28,23.031959533691406
2018-11-29,22.96907615661621
2018-11-30,22.921913146972656
2018-12-03,23.377830505371094
2018-12-04,22.772558212280273
2018-12-06,22.41096305847168
2018-12-07,22.08867073059082
2018-12-10,22.0415096282959
2018-12-11,22.269468307495117
2018-12-12,22.662506103515625
2018-12-13,22.583894729614258
2018-12-14,22.348079681396484
2018-12-17,21.98648452758789
2018-12-18,22.10210609436035
2018-12-19,21.866140365600586
2018-12-20,21.81894874572754
2018-12-21,21.386343002319336
2018-12-24,21.07172203063965
2018-12-26,21.520055770874023
2018-12-27,21.700963973999023
2018-12-28,21.881872177124023
2018-12-31,22.212221145629883
2019-01-02,21.84254264831543
2019-01-03,21.527923583984375
2019-01-04,22.408863067626953
2019-01-07,22.644826889038086
2019-01-08,22.841463088989258
2019-01-09,23.13248634338379
2019-01-10,23.156082153320312
2019-01-11,22.912250518798828
2019-01-14,22.75494384765625
2019-01-15,22.75494384765625
2019-01-16,22.833600997924805
2019-01-17,22.975177764892578
2019-01-18,23.258338928222656
2019-01-22,22.951583862304688
2019-01-23,22.95944595336914
2019-01-24,22.975177764892578
2019-01-25,23.17967987060547
2019-01-28,23.069562911987305
2019-01-29,23.203277587890625
2019-01-30,23.40778160095215
2019-01-31,23.454973220825195
2019-02-01,23.494300842285156
2019-02-04,23.628019332885742
2019-02-05,23.64374542236328
2019-02-06,23.549362182617188
2019-02-07,23.11675262451172
2019-02-08,23.13248634338379
2019-02-11,23.14822006225586
2019-02-12,23.376319885253906
2019-02-13,23.541494369506836
2019-02-14,23.494300842285156
2019-02-15,23.848251342773438
2019-02-19,23.887577056884766
2019-02-20,23.82465362548828
2019-02-21,23.470705032348633
2019-02-22,23.722400665283203
2019-02-25,23.67521095275879
2019-02-26,23.722400665283203
2019-02-27,23.651611328125
2019-02-28,23.722400665283203
2019-03-01,23.87184715270996
2019-03-04,23.722400665283203
2019-03-05,23.840383529663086
2019-03-06,23.620153427124023
2019-03-07,22.95944595336914
2019-03-08,23.13248634338379
2019-03-11,23.447105407714844
2019-03-12,23.392051696777344
2019-03-13,23.651611328125
2019-03-14,23.848251342773438
2019-03-15,24.217931747436523
2019-03-18,24.31231689453125
2019-03-19,24.453899383544922
2019-03-20,24.713457107543945
2019-03-21,24.619068145751953
2019-03-22,23.82465362548828
2019-03-25,23.895437240600586
2019-03-26,23.91904067993164
2019-03-27,23.87184715270996
2019-03-28,23.76959228515625
2019-03-29,23.76959228515625
2019-04-01,24.280853271484375
2019-04-02,24.36737060546875
2019-04-03,24.831439971923828
2019-04-04,24.768516540527344
2019-04-05,24.933691024780273
2019-04-08,25.059539794921875
2019-04-09,24.910091400146484
2019-04-10,25.114599227905273
2019-04-11,25.098867416381836
2019-04-12,25.389890670776367
2019-04-15,25.366296768188477
2019-04-16,25.413490295410156
2019-04-17,25.688777923583984
2019-04-18,25.712373733520508
2019-04-22,25.68091583251953
2019-04-23,25.625858306884766
2019-04-24,25.5000057220459
2019-04-25,25.366296768188477
2019-04-26,25.413490295410156
2019-04-29,25.50787353515625
2019-04-30,25.33483123779297
2019-05-01,25.098867416381836
2019-05-02,24.870763778686523
2019-05-03,25.185386657714844
2019-05-06,24.768516540527344
2019-05-07,24.107812881469727
2019-05-08,24.17860221862793
2019-05-09,23.934768676757812
2019-05-10,24.13927459716797
2019-05-13,23.494300842285156
2019-05-14,23.832517623901367
2019-05-15,23.91904067993164
2019-05-16,24.099946975708008
2019-05-17,23.895437240600586
2019-05-20,23.7066707611084
2019-05-21,23.92690658569336
2019-05-22,23.81678581237793
2019-05-23,23.352724075317383
2019-05-24,23.753864288330078
2019-05-28,23.36058807373047
2019-05-29,23.266199111938477
2019-05-30,23.454973220825195
2019-05-31,22.951583862304688
2019-06-03,22.967313766479492
2019-06-04,23.40778160095215
2019-06-05,23.502166748046875
2019-06-06,23.572959899902344
2019-06-07,23.989830017089844
2019-06-10,24.052751541137695
2019-06-11,24.13927459716797
2019-06-12,24.147140502929688
2019-06-13,24.217931747436523
2019-06-14,24.12354278564453
2019-06-17,24.05779457092285
2019-06-18,24.252595901489258
2019-06-19,24.45551300048828
2019-06-20,24.877580642700195
2019-06-21,24.877580642700195
2019-06-24,24.9425106048584
2019-06-25,24.80453109741211
2019-06-26,24.926280975341797
2019-06-27,25.0399112701416
2019-06-28,25.031797409057617
2019-07-01,25.242830276489258
2019-07-02,25.323997497558594
2019-07-03,25.470096588134766
2019-07-05,24.99932861328125
2019-07-08,24.893815994262695
2019-07-09,24.85323143005371
2019-07-10,24.820764541625977
2019-07-11,24.788299560546875
2019-07-12,25.031797409057617
2019-07-15,25.137313842773438
2019-07-16,24.98309326171875
2019-07-17,24.61784553527832
2019-07-18,24.5123291015625
2019-07-19,24.60972785949707
2019-07-22,24.56914710998535
2019-07-23,24.755830764770508
2019-07-24,24.650314331054688
2019-07-25,24.41493034362793
2019-07-26,24.34999656677246
2019-07-29,24.439281463623047
2019-07-30,23.936046600341797
2019-07-31,23.708782196044922
2019-08-01,23.668197631835938
2019-08-02,23.335416793823242
2019-08-05,22.77536392211914
2019-08-06,22.913349151611328
2019-08-07,22.864648818969727
2019-08-08,23.132497787475586
2019-08-09,23.043210983276367
2019-08-12,22.85653305053711
2019-08-13,23.083797454833984
2019-08-14,22.18284797668457
2019-08-15,22.134145736694336
2019-08-16,22.49127960205078
2019-08-19,22.62926483154297
2019-08-20,22.58867835998535
2019-08-21,22.90523338317871
2019-08-22,22.742897033691406
2019-08-23,22.45069694519043
2019-08-26,22.50751495361328
2019-08-27,22.50751495361328
2019-08-28,22.458818435668945
2019-08-29,22.694194793701172
2019-08-30,22.98639488220215
2019-09-03,22.824066162109375
2019-09-04,23.19742774963379
2019-09-05,23.513978958129883
2019-09-06,23.651962280273438
2019-09-09,23.81429672241211
2019-09-10,23.976627349853516
2019-09-11,24.285062789916992
2019-09-12,24.61784553527832
2019-09-13,24.71525001525879
2019-09-16,24.5610294342041
2019-09-17,24.39869499206543
2019-09-18,24.390579223632812
2019-09-19,24.47174835205078
2019-09-20,24.41493034362793
2019-09-23,24.155195236206055
2019-09-24,23.976627349853516
2019-09-25,23.757478713989258
2019-09-26,23.86299705505371
2019-09-27,23.88735008239746
2019-09-30,23.903581619262695
2019-10-01,23.5545654296875
2019-10-02,22.94581413269043
2019-10-03,23.051328659057617
2019-10-04,23.238012313842773
2019-10-07,23.278600692749023
2019-10-08,22.929582595825195
2019-10-09,23.229900360107422
2019-10-10,23.530214309692383
2019-10-11,24.00909423828125
2019-10-14,23.927934646606445
2019-10-15,24.309415817260742
2019-10-16,24.423049926757812
2019-10-17,24.674665451049805
2019-10-18,25.048032760620117
2019-10-21,25.4538631439209
2019-10-22,25.413280487060547
2019-10-23,25.44574546813965
2019-10-24,25.583730697631836
2019-10-25,25.575613021850586
2019-10-28,25.729827880859375
2019-10-29,25.526912689208984
2019-10-30,25.746065139770508
2019-10-31,25.583730697631836
2019-11-01,25.932748794555664
2019-11-04,26.19247817993164
2019-11-05,26.0463809967041
2019-11-06,26.0301456451416
2019-11-07,26.070728302001953
2019-11-08,26.143781661987305
2019-11-11,26.013914108276367
2019-11-12,26.022031784057617
2019-11-13,25.87592887878418
2019-11-14,25.908395767211914
2019-11-15,26.005796432495117
2019-11-18,25.851577758789062
2019-11-19,25.835346221923828
2019-11-20,25.61619758605957
2019-11-21,25.5025634765625
2019-11-22,25.721715927124023
2019-11-25,25.867813110351562
2019-11-26,25.884048461914062
2019-11-27,25.924631118774414
2019-11-29,25.746065139770508
2019-12-02,25.575613021850586
2019-12-03,25.478212356567383
2019-12-04,25.965211868286133
2019-12-05,25.884048461914062
2019-12-06,26.208711624145508
2019-12-09,26.038267135620117
2019-12-10,26.038267135620117
2019-12-11,26.387277603149414
2019-12-12,26.83369255065918
2019-12-13,26.963565826416016
2019-12-16,27.256181716918945
2019-12-17,27.346593856811523
2019-12-18,27.2643985748291
2019-12-19,27.12466812133789
2019-12-20,27.256181716918945
2019-12-23,27.215087890625
2019-12-24,27.2643985748291
2019-12-26,27.338375091552734
2019-12-27,27.445234298706055
2019-12-30,27.017810821533203
2019-12-31,27.0424747467041
2020-01-02,27.798675537109375
2020-01-03,27.058910369873047
2020-01-06,27.0424747467041
2020-01-07,27.075349807739258
2020-01-08,27.247962951660156
2020-01-09,27.108230590820312
2020-01-10,26.78766441345215
2020-01-13,27.14932632446289
2020-01-14,27.215087890625
2020-01-15,27.050689697265625
2020-01-16,27.420576095581055
2020-01-17,27.576744079589844
2020-01-21,27.469886779785156
2020-01-22,27.289060592651367
2020-01-23,27.1164493560791
2020-01-24,27.09178924560547
2020-01-27,26.335588455200195
2020-01-28,26.656152725219727
2020-01-29,26.549297332763672
2020-01-30,26.656152725219727
2020-01-31,26.310924530029297
2020-02-03,26.29448890686035
2020-02-04,27.083568572998047
2020-02-05,27.560306549072266
2020-02-06,27.5109920501709
2020-02-07,27.354816436767578
2020-02-10,27.593183517456055
2020-02-11,27.92197036743164
2020-02-12,28.135679244995117
2020-02-13,27.864429473876953
2020-02-14,27.856210708618164
2020-02-18,27.593183517456055
2020-02-19,27.70003890991211
2020-02-20,27.6835994720459
2020-02-21,27.6096248626709
2020-02-24,26.29448890686035
2020-02-25,25.669797897338867
2020-02-26,25.850629806518555
2020-02-27,24.971134185791016
2020-02-28,24.971134185791016
2020-03-02,25.456090927124023
2020-03-03,25.34923553466797
2020-03-04,26.06433868408203
2020-03-05,25.069766998291016
2020-03-06,24.80674171447754
2020-03-09,22.718963623046875
2020-03-10,23.655996322631836
2020-03-11,22.2833251953125
2020-03-12,19.685932159423828
2020-03-13,21.305194854736328
2020-03-16,18.732460021972656
2020-03-17,19.75168800354004
2020-03-18,18.22284507751465
2020-03-19,18.855756759643555
2020-03-20,18.009140014648438
2020-03-23,17.663909912109375
2020-03-24,19.266735076904297
2020-03-25,20.12156867980957
2020-03-26,20.976409912109375
2020-03-27,20.24486541748047
2020-03-30,20.55721092224121
2020-03-31,21.033946990966797
2020-04-01,19.86676788330078
2020-04-02,20.228424072265625
2020-04-03,19.587295532226562
2020-04-06,20.729820251464844
2020-04-07,21.198339462280273
2020-04-08,21.387388229370117
2020-04-09,21.872344970703125
2020-04-13,21.543561935424805
2020-04-14,21.97920036315918
2020-04-15,20.943532943725586
2020-04-16,20.927093505859375
2020-04-17,21.88878631591797
2020-04-20,21.543561935424805
2020-04-21,20.951749801635742
2020-04-22,21.494245529174805
2020-04-23,21.518903732299805
2020-04-24,21.625757217407227
2020-04-27,21.96276092529297
2020-04-28,22.365520477294922
2020-04-29,23.154603958129883
2020-04-30,22.554569244384766
2020-05-01,21.92166519165039
2020-05-04,21.872344970703125
2020-05-05,22.077836990356445
2020-05-06,21.839468002319336
2020-05-07,22.20113182067871
2020-05-08,22.80937957763672
2020-05-11,22.52169418334961
2020-05-12,22.4805965423584
2020-05-13,21.97920036315918
2020-05-14,21.592876434326172
2020-05-15,21.66685676574707
2020-05-18,22.95733070373535
2020-05-19,22.727182388305664
2020-05-20,23.318994522094727
2020-05-21,23.154603958129883
2020-05-22,23.055967330932617
2020-05-26,23.697093963623047
2020-05-27,24.24781036376953
2020-05-28,24.732763290405273
2020-05-29,24.814958572387695
2020-06-01,25.341014862060547
2020-06-02,25.645143508911133
2020-06-03,26.434219360351562
2020-06-04,26.47532081604004
2020-06-05,26.76300621032715
2020-06-08,26.92739486694336
2020-06-09,26.434219360351562
2020-06-10,26.26983070373535
2020-06-11,24.256027221679688
2020-06-12,24.839618682861328
2020-06-15,25.041637420654297
2020-06-16,25.420928955078125
2020-06-17,25.627063751220703
2020-06-18,25.305490493774414
2020-06-19,25.140583038330078
2020-06-22,25.462156295776367
2020-06-23,25.816715240478516
2020-06-24,25.05812644958496
2020-06-25,25.717769622802734
2020-06-26,25.429174423217773
2020-06-29,25.701274871826172
2020-06-30,25.61882209777832
2020-07-01,25.907411575317383
2020-07-02,26.014604568481445
2020-07-06,26.83091163635254
2020-07-07,26.418638229370117
2020-07-08,26.962841033935547
2020-07-09,26.459863662719727
2020-07-10,26.764949798583984
2020-07-13,26.88038444519043
2020-07-14,27.540029525756836
2020-07-15,27.845108032226562
2020-07-16,27.746164321899414
2020-07-17,28.191423416137695
2020-07-20,28.57071876525879
2020-07-21,28.57071876525879
2020-07-22,28.950008392333984
2020-07-23,28.59545135498047
2020-07-24,28.331592559814453
2020-07-27,28.925277709960938
2020-07-28,28.50475311279297
2020-07-29,29.00773048400879
2020-07-30,28.644929885864258
2020-07-31,27.91931915283203
2020-08-03,28.69439697265625
2020-08-04,28.669662475585938
2020-08-05,28.90878677368164
2020-08-06,28.91702651977539
2020-08-07,28.743871688842773
2020-08-10,28.90878677368164
2020-08-11,29.090181350708008
2020-08-12,29.518949508666992
2020-08-13,29.518949508666992
2020-08-14,28.900531768798828
2020-08-17,29.35403823852539
2020-08-18,29.378774642944336
2020-08-19,29.337553024291992
2020-08-20,29.048954010009766
2020-08-21,28.785099029541016
2020-08-24,29.370527267456055
2020-08-25,29.46122932434082
2020-08-26,29.74983024597168
2020-08-27,29.494213104248047
2020-08-28,29.683860778808594
2020-08-31,29.42824935913086
2020-09-01,29.321060180664062
2020-09-02,29.70859146118164
2020-09-03,28.809831619262695
2020-09-04,29.321060180664062
2020-09-08,28.809831619262695
2020-09-09,29.667369842529297
2020-09-10,29.139663696289062
2020-09-11,29.279830932617188
2020-09-14,29.35403823852539
2020-09-15,29.584917068481445
2020-09-16,29.73333740234375
2020-09-17,29.873502731323242
2020-09-18,29.939476013183594
2020-09-21,28.867551803588867
2020-09-22,28.77685546875
2020-09-23,28.257387161254883
2020-09-24,27.98528480529785
2020-09-25,28.191423416137695
2020-09-28,29.098432540893555
2020-09-29,29.31281280517578
2020-09-30,29.11492347717285
2020-10-01,29.46122932434082
2020-10-02,29.147905349731445
2020-10-05,29.782806396484375
2020-10-06,29.3045711517334
2020-10-07,29.725088119506836
2020-10-08,29.939476013183594
2020-10-09,30.09613800048828
2020-10-12,30.33526039123535
2020-10-13,29.82403564453125
2020-10-14,29.84052276611328
2020-10-15,29.46122932434082
2020-10-16,29.82403564453125
2020-10-19,29.71685028076172
2020-10-20,30.170347213745117
2020-10-21,29.88999366760254
2020-10-22,29.88999366760254
2020-10-23,30.153854370117188
2020-10-26,29.3045711517334
2020-10-27,29.057201385498047
2020-10-28,27.993534088134766
2020-10-29,27.861602783203125
2020-10-30,27.853355407714844
2020-11-02,28.364580154418945
2020-11-03,28.97474479675293
2020-11-04,29.420005798339844
2020-11-05,30.31876564025879
2020-11-06,30.566133499145508
2020-11-09,31.398929595947266
2020-11-10,31.349454879760742
2020-11-11,31.654539108276367
2020-11-12,31.234018325805664
2020-11-13,31.580331802368164
2020-11-16,31.984357833862305
2020-11-17,32.14927291870117
2020-11-18,32.03382873535156
2020-11-19,32.28944778442383
2020-11-20,32.223480224609375
2020-11-23,32.11628723144531
2020-11-24,32.67698287963867
2020-11-25,32.916099548339844
2020-11-27,32.88312530517578
2020-11-30,32.083309173583984
2020-12-01,32.81715393066406
2020-12-02,32.73470687866211
2020-12-03,32.660499572753906
2020-12-04,32.866634368896484
2020-12-07,32.79241943359375
2020-12-08,32.94084167480469
2020-12-09,32.808921813964844
2020-12-10,32.68523025512695
2020-12-11,32.58628463745117
2020-12-14,32.70674133300781
2020-12-15,33.03904724121094
2020-12-16,33.01412582397461
2020-12-17,33.22180938720703
2020-12-18,33.27996063232422
2020-12-21,32.89781188964844
2020-12-22,32.656898498535156
2020-12-23,32.95596694946289
2020-12-24,33.10550308227539
2020-12-28,33.213504791259766
2020-12-29,33.63719177246094
2020-12-30,33.38795852661133
2020-12-31,33.063961029052734
2021-01-04,33.479339599609375
2021-01-05,33.969486236572266
2021-01-06,34.66731643676758
2021-01-07,34.65901184082031
2021-01-08,34.83346939086914
2021-01-11,34.21870422363281
2021-01-12,34.66731643676758
2021-01-13,34.31840133666992
2021-01-14,34.617469787597656
2021-01-15,33.99440383911133
2021-01-19,34.35993576049805
2021-01-20,34.683929443359375
2021-01-21,35.10761642456055
2021-01-22,35.00791931152344
2021-01-25,35.04115676879883
2021-01-26,35.10761642456055
2021-01-27,34.35162353515625
2021-01-28,34.376556396484375
2021-01-29,33.80332946777344
2021-02-01,34.31009292602539
2021-02-02,34.64239501953125
2021-02-03,34.825157165527344
2021-02-04,34.79193878173828
2021-02-05,34.81684875488281
2021-02-08,34.86669921875
2021-02-09,35.19069290161133
2021-02-10,35.09100341796875
2021-02-11,35.38176727294922
2021-02-12,35.59776306152344
2021-02-16,35.82206726074219
2021-02-17,35.38176727294922
2021-02-18,35.531307220458984
2021-02-19,35.871910095214844
2021-02-22,35.68914794921875
2021-02-23,35.655906677246094
2021-02-24,36.029754638671875
2021-02-25,35.498077392578125
2021-02-26,34.908241271972656
2021-03-01,35.772216796875
2021-03-02,36.12113571166992
2021-03-03,35.913448333740234
2021-03-04,35.45653533935547
2021-03-05,35.55622100830078
2021-03-08,35.722373962402344
2021-03-09,36.519901275634766
2021-03-10,36.827274322509766
2021-03-11,37.47526931762695
2021-03-12,37.50018310546875
2021-03-15,37.32572937011719
2021-03-16,37.48357391357422
2021-03-17,37.67464828491211
2021-03-18,37.05989456176758
2021-03-19,37.05989456176758
2021-03-22,37.275882720947266
2021-03-23,36.70266342163086
2021-03-24,36.893733978271484
2021-03-25,36.96019744873047
2021-03-26,37.533416748046875
2021-03-29,36.926971435546875
2021-03-30,37.08480453491211
2021-03-31,37.01835250854492
2021-04-01,37.5915641784668
2021-04-05,38.397403717041016
2021-04-06,38.1564826965332
2021-04-07,38.36417007446289
2021-04-08,38.821083068847656
2021-04-09,39.120155334472656
2021-04-12,38.497093200683594
2021-04-13,39.103538513183594
2021-04-14,38.94569778442383
2021-04-15,39.369384765625
2021-04-16,40.150291442871094
2021-04-19,39.8096809387207
2021-04-20,38.74631118774414
2021-04-21,39.42753601074219
2021-04-22,39.02877426147461
2021-04-23,39.527225494384766
2021-04-26,39.568763732910156
2021-04-27,39.8096809387207
2021-04-28,39.568763732910156
2021-04-29,39.485687255859375
2021-04-30,38.56354904174805
2021-05-03,39.16999816894531
2021-05-04,38.23955154418945
2021-05-05,39.16169357299805
2021-05-06,39.493995666503906
2021-05-07,40.2582893371582
2021-05-10,39.8346061706543
2021-05-11,39.153385162353516
2021-05-12,38.630008697509766
2021-05-13,39.22815704345703
2021-05-14,40.175209045410156
2021-05-17,39.793067932128906
2021-05-18,40.06721496582031
2021-05-19,39.13677215576172
2021-05-20,40.075523376464844
2021-05-21,39.94260025024414
2021-05-24,40.05890655517578
2021-05-25,40.32474899291992
2021-05-26,39.776451110839844
2021-05-27,40.24998474121094
2021-05-28,40.2665901184082
2021-06-01,40.806583404541016
2021-06-02,40.8647346496582
2021-06-03,40.56566619873047
2021-06-04,40.97273635864258
2021-06-07,40.873050689697266
2021-06-08,41.03089141845703
2021-06-09,40.94781494140625
2021-06-10,41.04473114013672
2021-06-11,40.959712982177734
2021-06-14,40.92570495605469
2021-06-15,40.83218765258789
2021-06-16,40.313602447509766
2021-06-17,39.59098815917969
2021-06-18,38.817359924316406
2021-06-21,39.54848098754883
2021-06-22,39.65049362182617
2021-06-23,39.284934997558594
2021-06-24,39.88853073120117
2021-06-25,39.982051849365234
2021-06-28,39.437965393066406
2021-06-29,39.71000671386719
2021-06-30,39.44646453857422
2021-07-01,39.607994079589844
2021-07-02,39.982051849365234
2021-07-06,39.72700881958008
2021-07-07,40.13508224487305
2021-07-08,39.70151138305664
2021-07-09,40.18608474731445
2021-07-12,40.49213790893555
2021-07-13,40.40712356567383
2021-07-14,40.5771484375
2021-07-15,40.25409698486328
2021-07-16,39.854530334472656
2021-07-19,39.216922760009766
2021-07-20,39.32744216918945
2021-07-21,40.13508224487305
2021-07-22,40.49213790893555
2021-07-23,40.91720962524414
2021-07-26,41.39328384399414
2021-07-27,41.23175811767578
2021-07-28,41.12123489379883
2021-07-29,41.52930450439453
2021-07-30,41.15524673461914
2021-08-02,41.27426528930664
2021-08-03,41.41028594970703
2021-08-04,41.56330871582031
2021-08-05,41.53780746459961
2021-08-06,41.04473114013672
2021-08-09,40.90870666503906
2021-08-10,40.96820831298828
2021-08-11,41.35077667236328
2021-08-12,41.35077667236328
2021-08-13,41.63132095336914
2021-08-16,40.9342041015625
2021-08-17,40.48363494873047
2021-08-18,40.26259994506836
2021-08-19,39.55698013305664
2021-08-20,40.10957717895508
2021-08-23,40.49213790893555
2021-08-24,40.60265350341797
2021-08-25,40.67916488647461
2021-08-26,40.43262481689453
2021-08-27,40.96820831298828
2021-08-30,41.08723449707031
2021-08-31,40.73017501831055
2021-09-01,40.97671890258789
2021-09-02,41.597320556640625
2021-09-03,41.38478469848633
2021-09-07,41.20624923706055
2021-09-08,40.50063705444336
2021-09-09,40.5771484375
2021-09-10,40.49213790893555
2021-09-13,40.54314422607422
2021-09-14,40.61965560913086
2021-09-15,40.6961669921875
2021-09-16,40.815185546875
2021-09-17,39.97355651855469
2021-09-20,38.83436584472656
2021-09-21,38.77485656738281
2021-09-22,39.27643966674805
2021-09-23,40.194583892822266
2021-09-24,39.65049362182617
2021-09-27,39.31894302368164
2021-09-28,38.349788665771484
2021-09-29,37.958717346191406
2021-09-30,38.12874984741211
2021-10-01,38.511314392089844
2021-10-04,38.12874984741211
2021-10-05,38.349788665771484
2021-10-06,37.80569839477539
2021-10-07,38.29877471923828
2021-10-08,38.19675827026367
2021-10-11,37.77169418334961
2021-10-12,38.31578063964844
2021-10-13,39.25092697143555
2021-10-14,39.86302947998047
2021-10-15,40.26259994506836
2021-10-18,40.024559020996094
2021-10-19,40.46662521362305
2021-10-20,40.61115646362305
2021-10-21,40.84919357299805
2021-10-22,41.44429016113281
2021-10-25,40.91720962524414
2021-10-26,41.0532341003418
2021-10-27,40.89170455932617
2021-10-28,41.16374588012695
2021-10-29,40.73017501831055
2021-11-01,41.112735748291016
2021-11-02,40.89170455932617
2021-11-03,41.53780746459961
2021-11-04,41.44429016113281
2021-11-05,41.5548095703125
2021-11-08,41.5803108215332
2021-11-09,41.5548095703125
2021-11-10,40.764183044433594
2021-11-11,41.18925476074219
2021-11-12,41.376277923583984
2021-11-15,41.35927963256836
2021-11-16,41.24025344848633
2021-11-17,41.27426528930664
2021-11-18,41.14674377441406
2021-11-19,40.5771484375
2021-11-22,40.23709487915039
2021-11-23,39.565486907958984
2021-11-24,39.25092697143555
2021-11-26,37.89071273803711
2021-11-29,38.63032913208008
2021-11-30,38.30727767944336
2021-12-01,37.958717346191406
2021-12-02,38.57931900024414
2021-12-03,37.763187408447266
2021-12-06,38.5538215637207
2021-12-07,39.46346664428711
2021-12-08,39.6930046081543
2021-12-09,39.33594512939453
2021-12-10,39.36994934082031
2021-12-13,39.00685501098633
2021-12-14,38.360958099365234
2021-12-15,39.129051208496094
2021-12-16,39.04176712036133
2021-12-17,38.40460205078125
2021-12-20,38.37841796875
2021-12-21,38.8671989440918
2021-12-22,39.36471176147461
2021-12-23,39.93205642700195
2021-12-27,40.45574951171875
2021-12-28,40.78742980957031
2021-12-29,40.95326614379883
2021-12-30,40.692909240722656
2021-12-31,40.614017486572266
2022-01-03,40.99095916748047
2022-01-04,41.19258499145508
2022-01-05,40.43868637084961
2022-01-06,40.23706817626953
2022-01-07,40.25459671020508
2022-01-10,39.2114143371582
2022-01-11,40.00037384033203
2022-01-12,40.614017486572266
2022-01-13,40.228294372558594
2022-01-14,39.41304016113281
2022-01-18,38.03673553466797
2022-01-19,38.33479309082031
2022-01-20,37.8526496887207
2022-01-21,37.15134811401367
2022-01-24,36.42374801635742
2022-01-25,36.18705749511719
2022-01-26,36.37992477416992
2022-01-27,35.83641052246094
2022-01-28,36.14323425292969
2022-01-31,37.0023193359375
2022-02-01,37.53706359863281
2022-02-02,37.940311431884766
2022-02-03,37.18640899658203
2022-02-04,37.08121871948242
2022-02-07,37.11628723144531
2022-02-08,37.239013671875
2022-02-09,38.19452667236328
2022-02-10,36.77439880371094
2022-02-11,35.853946685791016
2022-02-14,35.45946502685547
2022-02-15,36.660438537597656
2022-02-16,36.6253776550293
2022-02-17,35.21400833129883
2022-02-18,34.69679641723633
2022-02-22,34.188358306884766
2022-02-23,33.59225082397461
2022-02-24,33.22407531738281
2022-02-25,34.08316421508789
2022-02-28,33.153934478759766
2022-03-01,31.87407112121582
2022-03-02,32.329917907714844
2022-03-03,31.216596603393555
2022-03-04,30.13835334777832
2022-03-07,29.025041580200195
2022-03-08,29.980562210083008
2022-03-09,31.654911041259766
2022-03-10,31.654911041259766
2022-03-11,31.549718856811523
2022-03-14,32.6367301940918
2022-03-15,32.83835220336914
2022-03-16,35.01238250732422
2022-03-17,34.75816345214844
2022-03-18,35.10881423950195
2022-03-21,34.600372314453125
2022-03-22,34.977325439453125
2022-03-23,34.30232238769531
2022-03-24,34.293548583984375
2022-03-25,34.05685806274414
2022-03-28,34.10946273803711
2022-03-29,35.38056564331055
2022-03-30,35.1263427734375
2022-03-31,34.05685806274414
2022-04-01,34.83706283569336
2022-04-04,34.96855545043945
2022-04-05,34.73186492919922
2022-04-06,33.99549865722656
2022-04-07,34.425048828125
2022-04-08,34.40751266479492
2022-04-11,33.478294372558594
2022-04-12,33.548423767089844
2022-04-13,33.92536926269531
2022-04-14,33.49582290649414
2022-04-18,33.22407531738281
2022-04-19,33.84647750854492
2022-04-20,34.26725769042969
2022-04-21,33.72374725341797
2022-04-22,33.27666473388672
2022-04-25,32.5052375793457
2022-04-26,30.971145629882812
2022-04-27,31.59355354309082
2022-04-28,31.76887321472168
2022-04-29,31.479585647583008
2022-05-02,31.085107803344727
2022-05-03,31.304262161254883
2022-05-04,31.96173095703125
2022-05-05,30.3925724029541
2022-05-06,29.770172119140625
2022-05-09,28.726985931396484
2022-05-10,29.200366973876953
2022-05-11,29.305559158325195
2022-05-12,29.331859588623047
2022-05-13,30.36627197265625
2022-05-16,30.4364070892334
2022-05-17,31.0938720703125
2022-05-18,30.068218231201172
2022-05-19,30.71692657470703
2022-05-20,30.576669692993164
2022-05-23,31.34809112548828
2022-05-24,31.523420333862305
2022-05-25,30.962379455566406
2022-05-26,31.400691986083984
2022-05-27,32.040626525878906
2022-05-31,31.996797561645508
2022-06-01,31.567249298095703
2022-06-02,32.94355010986328
2022-06-03,32.321144104003906
2022-06-06,32.40004348754883
2022-06-07,32.46141052246094
2022-06-08,31.952966690063477
2022-06-09,30.90129280090332
2022-06-10,30.054187774658203
2022-06-13,29.00882339477539
2022-06-14,28.603296279907227
2022-06-15,28.990798950195312
2022-06-16,27.945438385009766
2022-06-17,27.945438385009766
2022-06-21,28.341957092285156
2022-06-22,28.13468360900879
2022-06-23,27.593978881835938
2022-06-24,28.603296279907227
2022-06-27,28.468120574951172
2022-06-28,27.89137077331543
2022-06-29,27.81927490234375
2022-06-30,27.440780639648438
2022-07-01,27.521886825561523
2022-07-05,26.981182098388672
2022-07-06,27.3326416015625
2022-07-07,27.89137077331543
2022-07-08,28.017534255981445
2022-07-11,27.242523193359375
2022-07-12,27.72014808654785
2022-07-13,27.53089714050293
2022-07-14,27.107345581054688
2022-07-15,27.323625564575195
2022-07-18,27.72014808654785
2022-07-19,28.900684356689453
2022-07-20,28.74748420715332
2022-07-21,29.378307342529297
2022-07-22,29.1800479888916
2022-07-25,29.387319564819336
2022-07-26,28.504167556762695
2022-07-27,29.270166397094727
2022-07-28,29.765811920166016
2022-07-29,30.64896011352539
2022-08-01,30.180355072021484
2022-08-02,29.45039939880371
2022-08-03,29.98209571838379
2022-08-04,30.38762664794922
2022-08-05,29.873952865600586
2022-08-08,30.045177459716797
2022-08-09,29.50447654724121
2022-08-10,30.6669864654541
2022-08-11,30.55884552001953
2022-08-12,30.486757278442383
2022-08-15,30.009130477905273
2022-08-16,30.23442268371582
2022-08-17,29.693721771240234
2022-08-18,29.702728271484375
2022-08-19,29.062894821166992
2022-08-22,28.017534255981445
2022-08-23,28.053579330444336
2022-08-24,28.107648849487305
2022-08-25,28.5131778717041
2022-08-26,27.38671112060547
2022-08-29,27.35967445373535
2022-08-30,27.3326416015625
2022-08-31,27.107345581054688
2022-09-01,26.44047737121582
2022-09-02,26.296289443969727
2022-09-06,26.485532760620117
2022-09-07,26.99019432067871
2022-09-08,26.87303924560547
2022-09-09,27.756189346313477
2022-09-12,28.612308502197266
2022-09-13,27.30560302734375
2022-09-14,27.143394470214844
2022-09-15,26.900075912475586
2022-09-16,26.6117000579834
2022-09-19,26.38640785217285
2022-09-20,25.692501068115234
2022-09-21,25.29598045349121
2022-09-22,25.025630950927734
2022-09-23,24.26864242553711
2022-09-26,24.00730323791504
2022-09-27,24.00730323791504
2022-09-28,24.845396041870117
2022-09-29,24.259632110595703
2022-09-30,24.557022094726562
2022-10-03,25.151798248291016
2022-10-04,26.467514038085938
2022-10-05,25.890762329101562
2022-10-06,25.268949508666992
2022-10-07,24.421846389770508
2022-10-10,24.340740203857422
2022-10-11,24.133468627929688
2022-10-12,24.043350219726562
2022-10-13,24.89946746826172
2022-10-14,24.520971298217773
2022-10-17,25.54831314086914
2022-10-18,26.2061710357666
2022-10-19,25.54831314086914
2022-10-20,25.00760841369629
2022-10-21,25.521278381347656
2022-10-24,25.827678680419922
2022-10-25,26.782922744750977
2022-10-26,26.936120986938477
2022-10-27,26.737863540649414
2022-10-28,27.197463989257812
2022-10-31,26.548616409301758
2022-11-01,26.77391242980957
2022-11-02,26.26024055480957
2022-11-03,25.94483184814453
2022-11-04,27.449792861938477
2022-11-07,27.593978881835938
2022-11-08,28.215789794921875
2022-11-09,27.61200523376465
2022-11-10,29.774826049804688
2022-11-11,30.748090744018555
2022-11-14,30.018142700195312
2022-11-15,29.91901206970215
2022-11-16,29.64866065979004
2022-11-17,29.2791805267334
2022-11-18,29.414352416992188
2022-11-21,29.14400291442871
2022-11-22,29.57656478881836
2022-11-23,30.23442268371582
2022-11-25,30.5137882232666
2022-11-28,29.675697326660156
2022-11-29,29.62162208557129
2022-11-30,30.180355072021484
2022-12-01,30.92833137512207
2022-12-02,30.90129280090332
2022-12-05,30.639951705932617
2022-12-06,30.297502517700195
2022-12-07,30.16233253479004
2022-12-08,30.360586166381836
2022-12-09,30.55884552001953
2022-12-12,30.639951705932617
2022-12-13,31.381431579589844
2022-12-14,31.4267520904541
2022-12-15,30.17584800720215
2022-12-16,29.496007919311523
2022-12-19,29.31471824645996
2022-12-20,29.22407341003418
2022-12-21,29.668235778808594
2022-12-22,29.278459548950195
2022-12-23,29.350975036621094
2022-12-27,29.55946159362793
2022-12-28,29.22407341003418
2022-12-29,29.749814987182617
2022-12-30,29.305654525756836
2023-01-03,29.641040802001953
2023-01-04,30.184913635253906
2023-01-05,29.81326675415039
2023-01-06,30.66533851623535
2023-01-09,31.20920753479004
2023-01-10,31.381431579589844
2023-01-11,31.780275344848633
2023-01-12,32.070335388183594
2023-01-13,32.06127166748047
2023-01-17,31.87997817993164
2023-01-18,31.997821807861328
2023-01-19,31.580854415893555
2023-01-20,32.16098403930664
2023-01-23,32.65952682495117
2023-01-24,32.59608459472656
2023-01-25,32.568885803222656
2023-01-26,32.269752502441406
2023-01-27,32.15191650390625
2023-01-30,31.762142181396484
2023-01-31,31.680561065673828
2023-02-01,32.441986083984375
2023-02-02,33.28498458862305
2023-02-03,32.65952682495117
2023-02-06,32.097530364990234
2023-02-07,32.39665985107422
2023-02-08,31.952495574951172
2023-02-09,32.30601119995117
2023-02-10,31.671499252319336
2023-02-13,32.451045989990234
2023-02-14,32.4873046875
2023-02-15,32.668601989746094
2023-02-16,32.38759231567383
2023-02-17,32.451045989990234
2023-02-21,32.16098403930664
2023-02-22,32.052207946777344
2023-02-23,32.30601119995117
2023-02-24,31.63524055480957
2023-02-27,32.35133743286133
2023-02-28,32.015953063964844
2023-03-01,32.015953063964844
2023-03-02,31.916240692138672
2023-03-03,32.67766571044922
2023-03-06,32.550758361816406
2023-03-07,31.399560928344727
2023-03-08,31.55366325378418
2023-03-09,31.00978660583496
2023-03-10,30.375267028808594
2023-03-13,30.339014053344727
2023-03-14,31.381431579589844
2023-03-15,30.01268768310547
2023-03-16,30.438724517822266
2023-03-17,29.65917205810547
2023-03-20,30.61094856262207
2023-03-21,31.172945022583008
2023-03-22,30.73784828186035
2023-03-23,30.701589584350586
2023-03-24,30.26649284362793
2023-03-27,30.647207260131836
2023-03-28,30.62000846862793
2023-03-29,31.064170837402344
2023-03-30,31.83465576171875
2023-03-31,32.215370178222656
2023-04-03,32.17005157470703
2023-04-04,32.451045989990234
2023-04-05,31.644302368164062
2023-04-06,31.80746841430664
2023-04-10,31.680561065673828
2023-04-11,32.15191650390625
2023-04-12,32.47824478149414
2023-04-13,32.99491882324219
2023-04-14,33.11275863647461
2023-04-17,32.98585510253906
2023-04-18,33.24872589111328
2023-04-19,33.01304626464844
2023-04-20,33.040245056152344
2023-04-21,33.11275863647461
2023-04-24,33.420955657958984
2023-04-25,32.7320442199707
2023-04-26,32.70486068725586
2023-04-27,33.62943649291992
2023-04-28,33.729148864746094
2023-05-01,33.6838264465332
2023-05-02,33.08556365966797
2023-05-03,33.08556365966797
2023-05-04,33.158077239990234
2023-05-05,33.6838264465332
2023-05-08,33.62943649291992
2023-05-09,33.167144775390625
2023-05-10,32.8408203125
2023-05-11,32.89521026611328
2023-05-12,32.65952682495117
2023-05-15,33.139957427978516
2023-05-16,32.451045989990234
2023-05-17,32.68672561645508
2023-05-18,32.550758361816406
2023-05-19,32.89521026611328
2023-05-22,32.72298049926758
2023-05-23,32.070335388183594
2023-05-24,31.354238510131836
2023-05-25,31.08230209350586
2023-05-26,31.689624786376953
2023-05-30,31.236400604248047
2023-05-31,31.127626419067383
2023-06-01,31.3904972076416
2023-06-02,31.961559295654297
2023-06-05,31.798404693603516
2023-06-06,31.744016647338867
2023-06-07,31.87091636657715
2023-06-08,32.11566162109375
2023-06-09,31.988759994506836
2023-06-12,32.06127166748047
2023-06-13,32.65952682495117
2023-06-14,32.3422737121582
2023-06-15,32.83176040649414
2023-06-16,32.568885803222656
2023-06-20,31.680561065673828
2023-06-21,31.734947204589844
2023-06-22,31.381431579589844
2023-06-23,31.064170837402344
2023-06-26,31.245466232299805
2023-06-27,31.54459571838379
2023-06-28,31.508333206176758
2023-06-29,31.508333206176758
2023-06-30,32.106590270996094
2023-07-03,31.916240692138672
2023-07-05,31.236400604248047
2023-07-06,30.719717025756836
2023-07-07,31.154817581176758
2023-07-10,31.336109161376953
2023-07-11,31.77120590209961
2023-07-12,32.84988784790039
2023-07-13,33.420955657958984
2023-07-14,32.87708282470703
2023-07-17,33.076499938964844
2023-07-18,33.44814682006836
2023-07-19,32.89521026611328
2023-07-20,32.432918548583984
2023-07-21,32.441986083984375
2023-07-24,32.57794952392578
2023-07-25,32.89521026611328
2023-07-26,32.71392059326172
2023-07-27,32.28788757324219
2023-07-28,32.41478729248047
2023-07-31,32.41478729248047
2023-08-01,32.052207946777344
2023-08-02,31.354238510131836
2023-08-03,31.136690139770508
2023-08-04,31.463014602661133
2023-08-07,31.680561065673828
2023-08-08,31.154817581176758
2023-08-09,31.399560928344727
2023-08-10,31.44488525390625
2023-08-11,30.864755630493164
2023-08-14,30.991655349731445
2023-08-15,30.311817169189453
2023-08-16,30.148651123046875
2023-08-17,29.786075592041016
2023-08-18,29.668235778808594
2023-08-21,29.668235778808594
2023-08-22,29.749814987182617
2023-08-23,29.958297729492188
2023-08-24,29.4144287109375
2023-08-25,29.595720291137695
2023-08-28,30.058008193969727
2023-08-29,30.66533851623535
2023-08-30,30.60188102722168
2023-08-31,30.203044891357422
2023-09-01,30.0489444732666
2023-09-05,30.11240005493164
2023-09-06,30.130523681640625
2023-09-07,29.758880615234375
2023-09-08,29.65010643005371
2023-09-11,30.076139450073242
2023-09-12,29.704490661621094
2023-09-13,29.378170013427734
2023-09-14,29.786075592041016
2023-09-15,29.786075592041016
2023-09-18,29.840457916259766
2023-09-19,29.758880615234375
2023-09-20,29.949237823486328
2023-09-21,29.450687408447266
2023-09-22,29.450687408447266
2023-09-25,29.631977081298828
2023-09-26,29.332847595214844
2023-09-27,29.251266479492188
2023-09-28,29.804203033447266
2023-09-29,29.885786056518555
2023-10-02,29.36004066467285
2023-10-03,29.124364852905273
2023-10-04,29.142492294311523
2023-10-05,29.486940383911133
2023-10-06,30.01268768310547
2023-10-09,29.740751266479492
2023-10-10,30.61094856262207
2023-10-11,30.592817306518555
2023-10-12,30.520299911499023
2023-10-13,30.17584800720215
2023-10-16,30.55655860900879
2023-10-17,30.193979263305664
2023-10-18,29.486940383911133
2023-10-19,29.278459548950195
2023-10-20,28.78897476196289
2023-10-23,28.562360763549805
2023-10-24,28.480777740478516
2023-10-25,28.181652069091797
2023-10-26,28.118200302124023
2023-10-27,27.91877555847168
2023-10-30,28.281360626220703
2023-10-31,28.517038345336914
2023-11-01,28.417327880859375
2023-11-02,29.16061782836914
2023-11-03,29.985498428344727
2023-11-06,29.740751266479492
2023-11-07,29.523202896118164
2023-11-08,29.622909545898438
2023-11-09,29.731687545776367
2023-11-10,29.85858917236328
2023-11-13,29.994558334350586
2023-11-14,31.435819625854492
2023-11-15,31.90717887878418
2023-11-16,31.481138229370117
2023-11-17,32.097530364990234
2023-11-20,32.4873046875
2023-11-21,32.25163650512695
2023-11-22,32.41478729248047
2023-11-24,32.74110794067383
2023-11-27,32.77737045288086
2023-11-28,32.84988784790039
2023-11-29,33.058372497558594
2023-11-30,32.64140319824219
2023-12-01,33.34843826293945
2023-12-04,33.11275863647461
2023-12-05,33.167144775390625
2023-12-06,33.493473052978516
2023-12-07,33.910438537597656
2023-12-08,33.95575714111328
2023-12-11,34.19144058227539
2023-12-12,34.30021286010742
2023-12-13,34.75343704223633
2023-12-14,35.560184478759766
2023-12-15,35.70521926879883
2023-12-18,35.795860290527344
2023-12-19,36.203765869140625
2023-12-20,35.84439468383789
2023-12-21,36.25298309326172
2023-12-22,36.61513900756836
2023-12-26,36.773006439208984
2023-12-27,37.07944869995117
2023-12-28,36.912296295166016
2023-12-29,36.652286529541016
2024-01-02,35.91868591308594
2024-01-03,35.157222747802734
2024-01-04,35.296512603759766
2024-01-05,34.97150421142578
2024-01-08,35.42652130126953
2024-01-09,34.97150421142578
2024-01-10,35.064361572265625
2024-01-11,35.04579162597656
2024-01-12,35.08293533325195
2024-01-16,33.9964599609375
2024-01-17,33.652870178222656
2024-01-18,33.875736236572266
2024-01-19,33.81073760986328
2024-01-22,34.06146240234375
2024-01-23,34.20075225830078
2024-01-24,34.40504837036133
2024-01-25,34.646488189697266
2024-01-26,34.618629455566406
2024-01-29,34.711490631103516
2024-01-30,34.7579231262207
2024-01-31,34.674339294433594
2024-02-01,35.185081481933594
2024-02-02,34.81363296508789
2024-02-05,34.04289245605469
2024-02-06,34.62791442871094
2024-02-07,34.76720428466797
2024-02-08,34.85078048706055
2024-02-09,34.95292663574219
2024-02-12,35.2779426574707
2024-02-13,34.2657585144043
2024-02-14,34.85078048706055
2024-02-15,35.46366500854492
2024-02-16,35.61223602294922
2024-02-20,36.067264556884766
2024-02-21,36.14155197143555
2024-02-22,36.512996673583984
2024-02-23,36.577999114990234
2024-02-26,36.74514389038086
2024-02-27,36.69871520996094
2024-02-28,36.63371658325195
2024-02-29,36.71729278564453
2024-03-01,37.13516616821289
2024-03-04,36.69871520996094
2024-03-05,36.53156661987305
2024-03-06,37.17230987548828
2024-03-07,37.56232452392578
2024-03-08,37.738765716552734
2024-03-11,37.69233322143555
2024-03-12,38.398075103759766
2024-03-13,38.47236633300781
2024-03-14,38.026634216308594
2024-03-15,38.03591537475586
2024-03-18,37.28374481201172
2024-03-19,37.45089340209961
2024-03-20,37.961631774902344
2024-03-21,38.1473503112793
2024-03-22,37.775901794433594
2024-03-25,37.553035736083984
2024-03-26,37.738765716552734
2024-03-27,37.72947692871094
2024-03-28,37.107303619384766
2024-04-01,36.92158508300781
2024-04-02,36.83800506591797
2024-04-03,37.19087600708008
2024-04-04,36.977298736572266
2024-04-05,37.13516616821289
2024-04-08,37.59018325805664
2024-04-09,37.56232452392578
2024-04-10,36.94015884399414
2024-04-11,36.735862731933594
2024-04-12,35.965110778808594
2024-04-15,36.16012191772461
2024-04-16,35.62153244018555
2024-04-17,35.71438980102539
2024-04-18,35.64938735961914
2024-04-19,35.5472412109375
2024-04-22,35.974403381347656
2024-04-23,36.670860290527344
2024-04-24,36.35513687133789
2024-04-25,35.99296951293945
2024-04-26,36.290130615234375
2024-04-29,36.53156661987305
2024-04-30,35.64938735961914
2024-05-01,35.77939224243164
2024-05-02,36.16940689086914
2024-05-03,36.63371658325195
2024-05-06,37.03302001953125
2024-05-07,37.2187385559082
2024-05-08,37.0887336730957
2024-05-09,37.53446578979492
2024-05-10,37.93376922607422
2024-05-13,37.79447937011719
2024-05-14,38.203067779541016
2024-05-15,38.778804779052734
2024-05-16,38.165924072265625
2024-05-17,38.175209045410156
2024-05-20,38.6580924987793
2024-05-21,38.66737365722656
2024-05-22,38.46307373046875
2024-05-23,38.370216369628906
2024-05-24,38.685943603515625
2024-05-28,38.871673583984375
2024-05-29,37.943058013916016
2024-05-30,38.35164260864258
2024-05-31,38.936668395996094
2024-06-03,39.24311065673828
2024-06-04,38.84381103515625
2024-06-05,39.47526550292969
2024-06-06,39.5681266784668
2024-06-07,38.7695198059082
2024-06-10,38.7695198059082
2024-06-11,38.598751068115234
2024-06-12,39.60829544067383
2024-06-13,38.664791107177734
2024-06-14,37.96659851074219
2024-06-17,38.174171447753906
2024-06-18,38.315696716308594
2024-06-20,38.23078155517578
2024-06-21,38.00434112548828
2024-06-24,38.57987976074219
2024-06-25,38.060951232910156
2024-06-26,37.88168716430664
2024-06-27,37.72128677368164
2024-06-28,37.976036071777344
2024-07-01,38.07038116455078
2024-07-02,37.90998458862305
2024-07-03,38.47609329223633
2024-07-05,38.45722198486328
2024-07-08,38.03264617919922
2024-07-09,37.72128677368164
2024-07-10,38.07038116455078
2024-07-11,38.53269958496094
2024-07-12,39.26863479614258
2024-07-15,38.45722198486328
2024-07-16,38.881797790527344
2024-07-17,38.664791107177734
2024-07-18,38.56100845336914
2024-07-19,37.79676818847656
2024-07-22,38.19303894042969
2024-07-23,37.787330627441406
2024-07-24,37.23066711425781
2024-07-25,37.00422668457031
2024-07-26,37.419368743896484
2024-07-29,37.35332107543945
2024-07-30,37.7307243347168
2024-07-31,38.211910247802734
2024-08-01,37.06083679199219
2024-08-02,36.60795211791992
2024-08-05,35.66444778442383
2024-08-06,35.7210578918457
2024-08-07,36.117332458496094
2024-08-08,36.64569091796875
2024-08-09,36.749481201171875
2024-08-12,36.61738967895508
2024-08-13,37.13631820678711
2024-08-14,37.419368743896484
2024-08-15,37.5986328125
2024-08-16,37.98546600341797
2024-08-19,38.62704849243164
2024-08-20,38.778011322021484
2024-08-21,38.90066909790039
2024-08-22,38.768577575683594
2024-08-23,39.579994201660156
2024-08-26,39.447898864746094
2024-08-27,39.5988655090332
2024-08-28,39.47620391845703
2024-08-29,39.69321060180664
2024-08-30,39.787559509277344
2024-09-03,38.90066909790039
2024-09-04,38.52326965332031
2024-09-05,38.24021530151367
2024-09-06,37.702415466308594
2024-09-09,38.04207992553711
2024-09-10,37.90055465698242
2024-09-11,38.01377868652344
2024-09-12,38.57044219970703
2024-09-13,39.03275680541992
2024-09-16,39.4384651184082
2024-09-17,39.60829544067383
2024-09-18,39.20258712768555
2024-09-19,40.183834075927734
2024-09-20,39.853607177734375
2024-09-23,40.04230880737305
2024-09-24,40.51405715942383
2024-09-25,40.3819694519043
2024-09-26,41.35377883911133
2024-09-27,41.23112487792969
2024-09-30,40.95750427246094
2024-10-01,40.27817916870117
2024-10-02,40.315921783447266
2024-10-03,39.674339294433594
2024-10-04,39.844173431396484
2024-10-07,39.53281784057617
2024-10-08,39.523380279541016
2024-10-09,39.46677017211914
2024-10-10,38.91954040527344
2024-10-11,39.3441162109375
2024-10-14,39.3158073425293
2024-10-15,38.87236022949219
2024-10-16,38.67422866821289
2024-10-17,38.52326965332031
2024-10-18,38.87236022949219
2024-10-21,38.400611877441406
2024-10-22,38.315696716308594
2024-10-23,38.174171447753906
2024-10-24,38.2779541015625
2024-10-25,38.36287307739258
2024-10-28,38.891231536865234
2024-10-29,38.598751068115234
2024-10-30,38.03264617919922
2024-10-31,37.664676666259766
2024-11-01,37.65524673461914
2024-11-04,37.7307243347168
2024-11-05,37.98546600341797
2024-11-06,37.25897216796875
2024-11-07,38.57044219970703
2024-11-08,37.636375427246094
2024-11-11,37.702415466308594
2024-11-12,36.52303695678711
2024-11-13,36.183372497558594
2024-11-14,36.26829147338867
2024-11-15,36.089027404785156
2024-11-18,36.14563751220703
2024-11-19,36.13620376586914
2024-11-20,35.64557647705078
2024-11-21,35.66444778442383
2024-11-22,35.9852409362793
2024-11-25,36.04185104370117
2024-11-26,35.796539306640625
2024-11-27,36.20224380493164
2024-11-29,36.47586441040039
2024-12-02,36.749481201171875
2024-12-03,37.0136604309082
2024-12-04,37.636375427246094
2024-12-05,37.787330627441406
2024-12-06,37.80620193481445
2024-12-09,37.5986328125
2024-12-10,37.20235824584961
2024-12-11,37.155189514160156
2024-12-12,36.730613708496094
2024-12-13,36.7589111328125
2024-12-16,36.83439636230469
2024-12-17,36.50416564941406
2024-12-18,35.438011169433594
2024-12-19,35.31535339355469
2024-12-20,35.25873947143555
2024-12-23,35.353092193603516
2024-12-24,35.447444915771484
2024-12-26,35.579532623291016
2024-12-27,35.551231384277344
2024-12-30,35.29648208618164
2024-12-31,35.22100067138672
2025-01-02,35.31535339355469
2025-01-03,35.71162414550781
2025-01-06,36.32490158081055
2025-01-07,35.890892028808594
2025-01-08,36.004112243652344
2025-01-10,35.438011169433594
2025-01-13,35.173828125
2025-01-14,35.50405502319336
2025-01-15,36.466426849365234
2025-01-16,36.730613708496094
2025-01-17,37.02309799194336
2025-01-21,37.862815856933594
2025-01-22,37.79676818847656
2025-01-23,38.4383544921875
2025-01-24,38.53269958496094
2025-01-27,38.45722198486328
2025-01-28,38.315696716308594
2025-01-29,38.62704849243164
2025-01-30,38.825191497802734
2025-01-31,38.57044219970703
2025-02-03,38.00434112548828
2025-02-04,39.25920104980469
2025-02-05,39.55168151855469
2025-02-06,39.844173431396484
2025-02-07,39.447898864746094
2025-02-10,40.05174255371094
2025-02-11,40.11779022216797
2025-02-12,40.55179977416992
2025-02-13,41.35377883911133
2025-02-14,41.429256439208984
2025-02-18,41.78779220581055
2025-02-19,41.10846710205078
2025-02-20,41.65570068359375
2025-02-21,41.193382263183594
2025-02-24,40.929203033447266
2025-02-25,41.37264633178711
2025-02-26,41.37264633178711
2025-02-27,40.636714935302734
2025-02-28,40.702762603759766
2025-03-03,41.419822692871094
2025-03-04,40.872589111328125
2025-03-05,42.55202865600586
2025-03-06,41.806663513183594
2025-03-07,42.570899963378906
2025-03-10,41.34434509277344
2025-03-11,41.40095520019531
2025-03-12,41.29716491699219
2025-03-13,40.636714935302734
2025-03-14,42.03310012817383
2025-03-17,42.42937469482422
2025-03-18,42.14632034301758
2025-03-19,42.20293045043945
2025-03-20,41.90100860595703
2025-03-21,41.54248046875
2025-03-24,41.74061584472656
2025-03-25,42.14632034301758
2025-03-26,41.11790466308594
2025-03-27,41.07072448730469
2025-03-28,40.51405715942383
2025-03-31,39.7026481628418
2025-04-01,39.86304473876953
2025-04-02,40.20270538330078
2025-04-03,39.12710952758789
2025-04-04,36.013545989990234
2025-04-07,35.230438232421875
2025-04-08,34.97569274902344
2025-04-09,37.664676666259766
2025-04-10,37.40993118286133
2025-04-11,38.03264617919922
2025-04-14,38.41948318481445
2025-04-15,39.05162811279297
2025-04-16,38.74970626831055
2025-04-17,39.53281784057617
2025-04-21,39.410160064697266
2025-04-22,40.26874923706055
2025-04-23,40.03287124633789
2025-04-24,40.872589111328125
2025-04-25,41.155643463134766
2025-04-28,41.146209716796875
2025-04-29,40.57067108154297
2025-04-30,41.17451095581055
2025-05-01,40.68389129638672
2025-05-02,42.03310012817383
2025-05-05,41.778350830078125
2025-05-06,41.68400573730469
2025-05-07,41.872703552246094
2025-05-08,41.75947952270508
2025-05-09,41.872703552246094
2025-05-12,42.5425910949707
2025-05-13,42.674686431884766
2025-05-14,42.56146240234375
2025-05-15,43.04264450073242
2025-05-16,43.03321838378906
2025-05-19,43.580448150634766
2025-05-20,43.73141098022461
2025-05-21,43.34457015991211
2025-05-22,42.5425910949707
2025-05-23,42.75959777832031
2025-05-27,42.97660446166992
2025-05-28,42.684120178222656
2025-05-29,42.797340393066406
2025-05-30,42.88225555419922
2025-06-02,43.04264450073242
2025-06-03,42.64638137817383
2025-06-04,43.33513641357422
2025-06-05,43.56157302856445
2025-06-06,43.53327178955078
2025-06-09,43.31626510620117
2025-06-10,43.34457015991211
2025-06-11,43.30683135986328
2025-06-12,43.42005157470703
2025-06-13,42.91999816894531
2025-06-16,43.33491134643555
2025-06-17,42.87174987792969
2025-06-18,42.437530517578125
2025-06-20,42.273494720458984
2025-06-23,42.41823196411133
2025-06-24,43.373512268066406
2025-06-25,43.103328704833984
2025-06-26,43.74018478393555
2025-06-27,44.405982971191406
2025-06-30,44.135807037353516
2025-07-01,43.6050910949707
2025-07-02,43.91386795043945
2025-07-03,44.0200080871582
2025-07-07,43.923519134521484
2025-07-08,43.95246505737305
2025-07-09,44.43492889404297
2025-07-10,44.763004302978516
2025-07-11,43.97176742553711
2025-07-14,43.71123504638672
2025-07-15,43.12262725830078
2025-07-16,43.06473159790039
2025-07-17,43.40245819091797
2025-07-18,43.08403396606445
2025-07-21,43.662986755371094
2025-07-22,43.624393463134766
2025-07-23,44.67616271972656
2025-07-24,44.290191650390625
2025-07-25,44.75335693359375
2025-07-28,44.174400329589844
2025-07-29,43.38315963745117
2025-07-30,42.97789001464844
2025-07-31,42.321739196777344
2025-08-01,42.14805221557617
2025-08-04,42.746307373046875
2025-08-05,42.891048431396484
2025-08-06,43.248069763183594
2025-08-07,44.00071334838867
2025-08-08,44.27089309692383
2025-08-11,43.64369201660156
2025-08-12,44.377037048339844
2025-08-13,44.405982971191406
2025-08-14,44.444583892822266
2025-08-15,44.97528839111328
2025-08-18,44.656864166259766
2025-08-19,44.92704772949219
2025-08-20,44.82090377807617
2025-08-21,44.46388244628906
2025-08-22,45.583194732666016
2025-08-25,44.93669509887695
2025-08-26,45.00423812866211
2025-08-27,44.83055114746094
2025-08-28,44.994590759277344
2025-08-29,44.763004302978516
2025-09-02,44.280540466308594
2025-09-03,44.56037139892578
2025-09-04,44.6375617980957
2025-09-05,45.36125946044922
2025-09-08,45.75688171386719
2025-09-09,45.641090393066406
2025-09-10,45.44810485839844
2025-09-11,45.6700439453125
2025-09-12,45.583194732666016
2025-09-15,45.940216064453125
2025-09-16,45.79547882080078
2025-09-17,45.515647888183594
2025-09-18,45.89197540283203
2025-09-19,45.76653289794922
2025-09-22,45.95951843261719
2025-09-23,46.17179870605469
2025-09-24,45.36125946044922
2025-09-25,44.98493576049805
2025-09-26,45.54460144042969
2025-09-29,45.563899993896484
2025-09-30,45.54460144042969
2025-10-01,45.940216064453125
2025-10-02,46.258644104003906
2025-10-03,46.50952911376953
2025-10-06,46.567420959472656
2025-10-07,46.142852783203125
2025-10-08,46.200748443603516
2025-10-09,45.54460144042969
2025-10-10,45.274417877197266
2025-10-13,45.6603889465332
2025-10-14,45.785831451416016
2025-10-15,45.91127395629883
2025-10-16,46.12355422973633
2025-10-17,46.11390686035156
2025-10-20,46.403385162353516
2025-10-21,46.83760452270508
2025-10-22,46.66391372680664
2025-10-23,46.94374465942383
2025-10-24,47.14637756347656
2025-10-27,47.50339889526367
2025-10-28,47.34901428222656
2025-10-29,47.03058624267578
2025-10-30,46.78935623168945
2025-10-31,46.30689239501953
2025-11-03,46.02706527709961
2025-11-04,45.22616958618164
2025-11-05,45.63144302368164
2025-11-06,45.332313537597656
2025-11-07,45.583194732666016
2025-11-10,46.06565856933594
2025-11-11,46.77970504760742
2025-11-12,47.107784271240234
2025-11-13,46.57707214355469
2025-11-14,45.978816986083984
2025-11-17,45.563899993896484
2025-11-18,44.859500885009766
2025-11-19,44.55072021484375
2025-11-20,43.788429260253906
2025-11-21,44.444583892822266
2025-11-24,44.6375617980957
2025-11-25,45.40951156616211
2025-11-26,45.76653289794922
2025-11-28,46.229698181152344
2025-12-01,45.91127395629883
2025-12-02,45.940216064453125
2025-12-03,46.094608306884766
2025-12-04,46.403385162353516
2025-12-05,46.673561096191406
2025-12-08,46.7025146484375
2025-12-09,46.847251892089844
2025-12-10,47.628841400146484
2025-12-11,47.92797088623047
2025-12-12,47.64814376831055
2025-12-15,47.387611389160156
2025-12-16,47.11505889892578
2025-12-17,46.519161224365234
2025-12-18,47.06621551513672
2025-12-19,47.42766189575195
2025-12-22,47.67188262939453
2025-12-23,48.07240676879883
2025-12-24,48.17009735107422
2025-12-26,48.502235412597656
2025-12-29,48.17986297607422
2025-12-30,48.404544830322266
2025-12-31,48.091941833496094
2026-01-02,48.45338821411133
2026-01-05,49.225128173828125
2026-01-06,48.951602935791016
2026-01-07,49.69403076171875
2026-01-08,49.11766815185547
2026-01-09,49.606109619140625
2026-01-12,49.73310852050781
2026-01-13,49.52796173095703
2026-01-14,49.44004440307617
2026-01-15,49.869869232177734
2026-01-16,50.123863220214844
2026-01-20,49.29351043701172
2026-01-21,50.32900619506836
2026-01-22,50.543922424316406
2026-01-23,51.169124603271484
2026-01-26,51.50126647949219
2026-01-27,52.39999771118164
2026-01-28,51.7064094543457
2026-01-29,52.21438980102539
2026-01-30,51.061668395996094
2026-02-02,51.65756607055664
2026-02-03,51.999473571777344
2026-02-04,51.69664001464844
2026-02-05,50.66114807128906
2026-02-06,51.7064094543457
2026-02-09,52.1460075378418
2026-02-10,52.91774368286133
2026-02-11,53.29873275756836
2026-02-12,52.185081481933594
2026-02-13,52.23392868041992
2026-02-17,52.02878189086914
2026-02-18,52.26323318481445
2026-02-19,52.16554641723633
2026-02-20,52.75167465209961
2026-02-23,52.25346755981445
2026-02-24,52.761444091796875
2026-02-25,52.87866973876953
2026-02-26,53.29873275756836
2026-02-27,53.45503234863281
2026-03-02,51.940860748291016
2026-03-03,50.67091369628906
2026-03-04,51.68687438964844
2026-03-05,50.83698654174805
2026-03-06,50.543922424316406
2026-03-09,50.182472229003906
2026-03-10,50.56345748901367
2026-03-11,50.22154998779297
2026-03-12,49.36188888549805
2026-03-13,48.19940185546875
2026-03-16,49.13720703125
2026-03-17,49.27397155761719
2026-03-18,48.033329010009766
2026-03-19,47.21274948120117
2026-03-20,45.708351135253906
2026-03-23,46.99783706665039
2026-03-24,46.66569519042969
2026-03-25,47.447200775146484
2026-03-26,46.216331481933594
2026-03-27,45.796268463134766
2026-03-30,45.94279861450195
2026-03-31,47.59373474121094
2026-04-01,48.404544830322266
2026-04-02,48.404544830322266
2026-04-06,48.482696533203125
2026-04-07,48.131019592285156
2026-04-08,50.51461410522461
2026-04-09,50.6123046875
2026-04-10,50.65137481689453
2026-04-13,51.7747917175293
2026-04-14,52.097164154052734
2026-04-15,52.15577697753906
2026-04-16,52.05809020996094
2026-04-17,53.113121032714844
2026-04-20,53.17173385620117
2026-04-21,51.79433059692383
2026-04-22,51.96039962768555
2026-04-23,51.31565475463867
2026-04-24,51.56964874267578
2026-04-27,50.817447662353516
2026-04-28,49.43027114868164
2026-04-29,49.13720703125
2026-04-30,50.504844665527344
2026-05-01,50.36808395385742
2026-05-04,49.11766815185547
2026-05-05,49.703800201416016
2026-05-06,51.4035758972168
2026-05-07,50.01640319824219
2026-05-08,50.23131561279297
2026-05-11,50.06524658203125
2026-05-12,49.5377311706543
2026-05-13,49.567039489746094
2026-05-14,49.518192291259766
2026-05-15,48.4240837097168
2026-05-18,49.313045501708984
2026-05-19,48.92229461669922
2026-05-20,50.11408996582031
2026-05-21,51.03236389160156
2026-05-22,51.21796798706055
2026-05-26,51.97016906738281
2026-05-27,51.80409622192383
2026-05-28,51.47195816040039
2026-05-29,51.52080535888672
2026-06-01,50.876060485839844
2026-06-02,51.55987548828125
2026-06-03,50.446231842041016
2026-06-04,51.110511779785156
2026-06-05,49.77218246459961
2026-06-08,50.19224166870117
2026-06-09,49.71356964111328
2026-06-10,49.039520263671875
2026-06-11,50.38761901855469
2026-06-12,50.45600128173828
2026-06-15,50.86000061035156
2026-06-16,50.880001068115234
2026-06-17,49.93000030517578
2026-06-18,50.34000015258789
2026-06-22,50.16999816894531
2026-06-23,48.779998779296875
2026-06-24,48.81999969482422
2026-06-25,49.279998779296875
2026-06-26,49.04999923706055
2026-06-29,49.619998931884766
2026-06-30,49.97999954223633
2026-07-01,49.65999984741211
2026-07-02,50.47999954223633
2026-07-06,51.099998474121094
2026-07-07,50.40999984741211
2026-07-08,49.86000061035156
2026-07-09,50.29999923706055
2026-07-10,50.33000183105469
2026-07-13,49.63999938964844
2026-07-14,49.97999954223633
2026-07-15,50.41999816894531
2026-07-16,50.18000030517578
2026-07-17,50.08000183105469
2026-07-20,49.529998779296875
2026-07-21,50.09000015258789
2026-07-22,50.279998779296875
2026-07-23,49.70000076293945
2026-07-24,50.400001525878906
2026-07-27,50.95000076293945
2026-07-28,51.369998931884766
2026-07-29,51.22999954223633
2026-07-30,52.4900016784668
2026-07-31,52.349998474121094
2026-08-03,52.599998474121094
2026-08-04,53.54999923706055
2026-08-05,53.540000915527344
2026-08-06,53.310001373291016
2026-08-07,53.61000061035156
2026-08-10,53.439998626708984
2026-08-11,53.060001373291016
2026-08-12,52.43000030517578
2026-08-13,52.7400016784668
2026-08-14,52.900001525878906
2026-08-17,52.470001220703125
2026-08-18,52.36000061035156
2026-08-19,52.90999984741211
2026-08-20,52.86000061035156
2026-08-21,53.630001068115234
2026-08-24,53.56999969482422
2026-08-25,54.349998474121094
2026-08-26,53.959999084472656
2026-08-27,53.90999984741211
2026-08-28,53.68000030517578
2026-08-31,53.40999984741211
2026-09-01,52.38999938964844
2026-09-02,52.560001373291016
2026-09-03,53.400001525878906
2026-09-04,53.13999938964844
2026-09-08,53.0099983215332
2026-09-09,52.380001068115234
2026-09-10,51.58000183105469
2026-09-11,51.900001525878906
2026-09-14,51.52000045776367
2026-09-15,51.25
2026-09-16,51.04999923706055
2026-09-17,51.58000183105469
2026-09-18,51.029998779296875
2026-09-21,51.7599983215332
2026-09-22,52.189998626708984
2026-09-23,51.31999969482422
2026-09-24,51.06999969482422
2026-09-25,51.52000045776367
2026-09-28,50.95000076293945
2026-09-29,50.61000061035156
2026-09-30,49.9900016784668
2026-10-01,49.40999984741211
2026-10-02,50.04999923706055
2026-10-05,50.060001373291016
2026-10-06,50.349998474121094
2026-10-07,49.9900016784668
