date,adjclose
2011-10-10,16.688932418823242
2011-10-11,16.70811653137207
2011-10-12,17.277423858642578
2011-10-13,17.104707717895508
2011-10-14,17.36058235168457
2011-10-17,16.586585998535156
2011-10-18,17.047143936157227
2011-10-19,16.644155502319336
2011-10-20,16.330717086791992
2011-10-21,16.98957633972168
2011-10-24,17.584463119506836
2011-10-25,17.17507553100586
2011-10-26,17.341386795043945
2011-10-27,18.831817626953125
2011-10-28,18.192148208618164
2011-10-31,17.136699676513672
2011-11-01,16.08124351501465
2011-11-02,17.162277221679688
2011-11-03,17.69320297241211
2011-11-04,17.155887603759766
2011-11-07,17.488515853881836
2011-11-08,17.79555320739746
2011-11-09,16.132417678833008
2011-11-10,16.18358612060547
2011-11-11,16.91921043395996
2011-11-14,16.497028350830078
2011-11-15,16.40747833251953
2011-11-16,16.068450927734375
2011-11-17,15.69105052947998
2011-11-18,15.812583923339844
2011-11-21,15.313645362854004
2011-11-22,15.39680290222168
2011-11-23,14.635599136352539
2011-11-25,14.392521858215332
2011-11-28,14.974618911743164
2011-11-29,14.718751907348633
2011-11-30,15.75501823425293
2011-12-01,15.761407852172852
2011-12-02,15.473560333251953
2011-12-05,15.75501823425293
2011-12-06,15.601493835449219
2011-12-07,15.761407852172852
2011-12-08,14.981016159057617
2011-12-09,15.275267601013184
2011-12-12,14.552440643310547
2011-12-13,14.219816207885742
2011-12-14,14.264586448669434
2011-12-15,14.315760612487793
2011-12-16,14.155847549438477
2011-12-19,13.963944435119629
2011-12-20,14.57538890838623
2011-12-21,14.743000984191895
2011-12-22,14.776518821716309
2011-12-23,14.944132804870605
2011-12-27,14.984358787536621
2011-12-28,14.702773094177246
2011-12-29,14.89049243927002
2011-12-30,14.508339881896973
2012-01-03,14.997760772705078
2012-01-04,14.662545204162598
2012-01-05,14.313911437988281
2012-01-06,14.045741081237793
2012-01-09,14.126191139221191
2012-01-10,14.340733528137207
2012-01-11,14.24687385559082
2012-01-12,14.776518821716309
2012-01-13,14.474823951721191
2012-01-17,15.011171340942383
2012-01-18,15.507303237915039
2012-01-19,15.79558277130127
2012-01-20,15.815704345703125
2012-01-23,16.1777400970459
2012-01-24,16.150922775268555
2012-01-25,16.345354080200195
2012-01-26,16.60682487487793
2012-01-27,16.915225982666016
2012-01-30,16.754318237304688
2012-01-31,16.968860626220703
2012-02-01,17.424762725830078
2012-02-02,17.39794921875
2012-02-03,17.545442581176758
2012-02-06,17.646005630493164
2012-02-07,17.78679847717285
2012-02-08,17.76668357849121
2012-02-09,17.60578155517578
2012-02-10,17.042606353759766
2012-02-13,17.43817138671875
2012-02-14,17.257150650024414
2012-02-15,17.022489547729492
2012-02-16,17.257150650024414
2012-02-17,17.50521469116211
2012-02-21,17.565549850463867
2012-02-22,17.283967971801758
2012-02-23,17.424762725830078
2012-02-24,17.646005630493164
2012-02-27,17.572256088256836
2012-02-28,17.873960494995117
2012-02-29,17.612485885620117
2012-03-01,17.739870071411133
2012-03-02,17.59907341003418
2012-03-05,17.290672302246094
2012-03-06,16.613529205322266
2012-03-07,16.89511489868164
2012-03-08,17.59907341003418
2012-03-09,17.337604522705078
2012-03-12,17.250452041625977
2012-03-13,17.391239166259766
2012-03-14,17.270559310913086
2012-03-15,17.619192123413086
2012-03-16,17.71975326538086
2012-03-19,17.74656867980957
2012-03-20,17.48509979248047
2012-03-21,17.35101318359375
2012-03-22,16.834774017333984
2012-03-23,17.290672302246094
2012-03-26,17.71975326538086
2012-03-27,17.69964027404785
2012-03-28,17.478397369384766
2012-03-29,17.324195861816406
2012-03-30,17.39794921875
2012-04-02,17.552148818969727
2012-04-03,17.283967971801758
2012-04-04,16.89511489868164
2012-04-05,16.814661026000977
2012-04-09,16.613529205322266
2012-04-10,16.258193969726562
2012-04-11,16.566598892211914
2012-04-12,17.102951049804688
2012-04-13,16.647048950195312
2012-04-16,16.7073917388916
2012-04-17,16.901813507080078
2012-04-18,16.613529205322266
2012-04-19,16.53307342529297
2012-04-20,16.57330322265625
2012-04-23,16.110698699951172
2012-04-24,16.137516021728516
2012-04-25,16.445919036865234
2012-04-26,16.626937866210938
2012-04-27,16.774436950683594
2012-04-30,16.76102638244629
2012-05-01,16.86829948425293
2012-05-02,16.700685501098633
2012-05-03,16.472736358642578
2012-05-04,16.24478530883789
2012-05-07,16.392282485961914
2012-05-08,16.04365348815918
2012-05-09,15.72183895111084
2012-05-10,15.849228858947754
2012-05-11,15.520709991455078
2012-05-14,14.950834274291992
2012-05-15,14.548571586608887
2012-05-16,14.629022598266602
2012-05-17,14.139603614807129
2012-05-18,14.273690223693848
2012-05-21,14.863680839538574
2012-05-22,14.394363403320312
2012-05-23,14.132896423339844
2012-05-24,13.851308822631836
2012-05-25,13.784268379211426
2012-05-29,14.139603614807129
2012-05-30,13.831201553344727
2012-05-31,14.012216567993164
2012-06-01,13.676997184753418
2012-06-04,13.918356895446777
2012-06-05,13.784268379211426
2012-06-06,14.52845573425293
2012-06-07,14.675955772399902
2012-06-08,14.81674575805664
2012-06-11,14.561979293823242
2012-06-12,15.044697761535645
2012-06-13,15.071513175964355
2012-06-14,15.279356002807617
2012-06-15,15.72183895111084
2012-06-18,15.507303237915039
2012-06-19,16.016836166381836
2012-06-20,15.98331356048584
2012-06-21,15.27197551727295
2012-06-22,15.665657997131348
2012-06-25,15.387368202209473
2012-06-26,15.76068115234375
2012-06-27,15.747109413146973
2012-06-28,15.400943756103516
2012-06-29,16.15435791015625
2012-07-02,16.05254554748535
2012-07-03,16.229019165039062
2012-07-05,15.910004615783691
2012-07-06,15.563843727111816
2012-07-09,15.611352920532227
2012-07-10,15.455239295959473
2012-07-11,15.407732009887695
2012-07-12,15.210892677307129
2012-07-13,15.543475151062012
2012-07-16,15.5299072265625
2012-07-17,15.740323066711426
2012-07-18,15.658868789672852
2012-07-19,15.808194160461426
2012-07-20,15.421305656433105
2012-07-23,14.783278465270996
2012-07-24,14.695035934448242
2012-07-25,15.027627944946289
2012-07-26,15.428088188171387
2012-07-27,15.808194160461426
2012-07-30,15.821764945983887
2012-07-31,15.76068115234375
2012-08-01,15.726739883422852
2012-08-02,15.53669261932373
2012-08-03,16.405500411987305
2012-08-06,16.69736099243164
2012-08-07,16.72451400756836
2012-08-08,16.643064498901367
2012-08-09,16.97565269470215
2012-08-10,16.860267639160156
2012-08-13,16.8127498626709
2012-08-14,16.819536209106445
2012-08-15,16.853477478027344
2012-08-16,17.233579635620117
2012-08-17,16.96886444091797
2012-08-20,16.88741683959961
2012-08-21,17.0367374420166
2012-08-22,17.124977111816406
2012-08-23,16.96207618713379
2012-08-24,16.982440948486328
2012-08-27,16.84668731689453
2012-08-28,16.914562225341797
2012-08-29,16.371562957763672
2012-08-30,16.195085525512695
2012-08-31,16.55482292175293
2012-09-04,16.425857543945312
2012-09-05,16.50052261352539
2012-09-06,17.04353141784668
2012-09-07,17.56616973876953
2012-09-10,17.40326690673828
2012-09-11,17.946271896362305
2012-09-12,17.8240966796875
2012-09-13,18.509639739990234
2012-09-14,18.79471778869629
2012-09-17,18.468910217285156
2012-09-18,18.38067626953125
2012-09-19,18.455337524414062
2012-09-20,18.12274742126465
2012-09-21,18.088808059692383
2012-09-24,17.932697296142578
2012-09-25,17.769800186157227
2012-09-26,17.74264144897461
2012-09-27,18.102384567260742
2012-09-28,17.885181427001953
2012-10-01,18.17026138305664
2012-10-02,18.31279945373535
2012-10-03,18.22456169128418
2012-10-04,18.407821655273438
2012-10-05,18.591083526611328
2012-10-08,18.63860321044922
2012-10-09,18.29922103881836
2012-10-10,18.149898529052734
2012-10-11,18.326374053955078
2012-10-12,18.183835983276367
2012-10-15,18.251710891723633
2012-10-16,18.591083526611328
2012-10-17,18.652175903320312
2012-10-18,18.652175903320312
2012-10-19,18.20419692993164
2012-10-22,18.306013107299805
2012-10-23,17.75621795654297
2012-10-24,17.545804977416992
2012-10-25,17.667980194091797
2012-10-26,17.667980194091797
2012-10-31,17.61368751525879
2012-11-01,17.885181427001953
2012-11-02,17.74264144897461
2012-11-05,17.7901554107666
2012-11-06,17.817312240600586
2012-11-07,17.430419921875
2012-11-08,17.16570281982422
2012-11-09,17.220006942749023
2012-11-12,17.32181739807129
2012-11-13,17.26751708984375
2012-11-14,17.38969612121582
2012-11-15,17.647613525390625
2012-11-16,17.688344955444336
2012-11-19,18.12274742126465
2012-11-20,18.27886390686035
2012-11-21,18.06844711303711
2012-11-23,18.373886108398438
2012-11-26,18.631813049316406
2012-11-27,18.38067626953125
2012-11-28,18.509639739990234
2012-11-29,18.67254066467285
2012-11-30,18.604658126831055
2012-12-03,18.740419387817383
2012-12-04,18.944040298461914
2012-12-05,19.04585838317871
2012-12-06,19.066213607788086
2012-12-07,18.91010093688965
2012-12-10,19.04585838317871
2012-12-11,19.446319580078125
2012-12-12,19.58885955810547
2012-12-13,19.493833541870117
2012-12-14,19.826427459716797
2012-12-17,19.914661407470703
2012-12-18,20.295459747314453
2012-12-19,20.4688663482666
2012-12-20,20.572908401489258
2012-12-21,20.19835662841797
2012-12-24,20.135927200317383
2012-12-26,20.108177185058594
2012-12-27,20.503549575805664
2012-12-28,20.260780334472656
2012-12-31,20.545169830322266
2013-01-02,20.670019149780273
2013-01-03,20.246910095214844
2013-01-04,20.122055053710938
2013-01-07,19.934776306152344
2013-01-08,19.796051025390625
2013-01-09,19.90009117126465
2013-01-10,20.281583786010742
2013-01-11,20.246910095214844
2013-01-14,20.32320213317871
2013-01-15,20.052688598632812
2013-01-16,20.1151180267334
2013-01-17,20.413381576538086
2013-01-18,20.170608520507812
2013-01-22,19.96945571899414
2013-01-23,19.948652267456055
2013-01-24,19.879283905029297
2013-01-25,20.03188133239746
2013-01-28,19.705881118774414
2013-01-29,19.8446044921875
2013-01-30,19.574092864990234
2013-01-31,19.726686477661133
2013-02-01,20.011072158813477
2013-02-04,19.525535583496094
2013-02-05,19.608774185180664
2013-02-06,19.442302703857422
2013-02-07,19.324382781982422
2013-02-08,19.51860237121582
2013-02-11,19.643449783325195
2013-02-12,19.359066009521484
2013-02-13,19.4561767578125
2013-02-14,19.095489501953125
2013-02-15,19.012250900268555
2013-02-19,19.220340728759766
2013-02-20,18.824975967407227
2013-02-21,18.672382354736328
2013-02-22,18.73480224609375
2013-02-25,18.304758071899414
2013-02-26,18.561399459838867
2013-02-27,18.859655380249023
2013-02-28,18.67931365966797
2013-03-01,18.887401580810547
2013-03-04,18.81110382080078
2013-03-05,19.026124954223633
2013-03-06,18.94289207458496
2013-03-07,19.060806274414062
2013-03-08,19.130168914794922
2013-03-11,19.046934127807617
2013-03-12,19.00531768798828
2013-03-13,18.81804084777832
2013-03-14,19.05387306213379
2013-03-15,19.046934127807617
2013-03-18,18.57526969909668
2013-03-19,18.40880012512207
2013-03-20,18.40880012512207
2013-03-21,17.951007843017578
2013-03-22,18.048118591308594
2013-03-25,17.618066787719727
2013-03-26,17.638874053955078
2013-03-27,17.749855041503906
2013-03-28,17.826154708862305
2013-04-01,17.666622161865234
2013-04-02,17.69437026977539
2013-04-03,17.403043746948242
2013-04-04,17.631940841674805
2013-04-05,17.94407081604004
2013-04-08,18.034242630004883
2013-04-09,18.18684196472168
2013-04-10,18.332502365112305
2013-04-11,18.589141845703125
2013-04-12,18.60995101928711
2013-04-15,17.895523071289062
2013-04-16,18.436546325683594
2013-04-17,17.756792068481445
2013-04-18,17.520959854125977
2013-04-19,17.715181350708008
2013-04-22,17.618066787719727
2013-04-23,17.29206657409668
2013-04-24,17.41691780090332
2013-04-25,17.37529754638672
2013-04-26,17.39611053466797
2013-04-29,17.76373291015625
2013-04-30,17.91632843017578
2013-05-01,17.742918014526367
2013-05-02,17.76373291015625
2013-05-03,18.006494522094727
2013-05-06,17.95794105529785
2013-05-07,18.07586097717285
2013-05-08,18.381053924560547
2013-05-09,18.089731216430664
2013-05-10,17.94407081604004
2013-05-13,18.006494522094727
2013-05-14,18.228458404541016
2013-05-15,18.242328643798828
2013-05-16,18.07586097717285
2013-05-17,18.20764923095703
2013-05-20,18.235393524169922
2013-05-21,18.159095764160156
2013-05-22,17.77066993713379
2013-05-23,18.048118591308594
2013-05-24,18.221519470214844
2013-05-28,18.651567459106445
2013-05-29,18.498973846435547
2013-05-30,18.526718139648438
2013-05-31,18.31169319152832
2013-06-03,18.69318389892578
2013-06-04,18.623823165893555
2013-06-05,18.450422286987305
2013-06-06,18.790292739868164
2013-06-07,19.116294860839844
2013-06-10,19.178726196289062
2013-06-11,19.171785354614258
2013-06-12,19.07468605041504
2013-06-13,19.615707397460938
2013-06-14,19.171785354614258
2013-06-17,19.29663848876953
2013-06-18,19.331321716308594
2013-06-19,18.505910873413086
2013-06-20,17.42384910583496
2013-06-21,17.250452041625977
2013-06-24,17.29206657409668
2013-06-25,17.34755516052246
2013-06-26,17.18108367919922
2013-06-27,16.66142463684082
2013-06-28,17.032611846923828
2013-07-01,17.102649688720703
2013-07-02,17.109647750854492
2013-07-03,17.361780166625977
2013-07-05,17.03961181640625
2013-07-08,17.00459861755371
2013-07-09,16.7664737701416
2013-07-10,17.02560043334961
2013-07-11,17.894041061401367
2013-07-12,17.950075149536133
2013-07-15,18.027111053466797
2013-07-16,18.307249069213867
2013-07-17,18.377288818359375
2013-07-18,18.202198028564453
2013-07-19,18.391298294067383
2013-07-22,18.63641929626465
2013-07-23,18.797500610351562
2013-07-24,18.63641929626465
2013-07-25,18.79050064086914
2013-07-26,18.699453353881836
2013-07-29,18.664432525634766
2013-07-30,18.580392837524414
2013-07-31,18.734468460083008
2013-08-01,18.874540328979492
2013-08-02,19.441829681396484
2013-08-05,19.441829681396484
2013-08-06,19.273744583129883
2013-08-07,19.406814575195312
2013-08-08,20.037128448486328
2013-08-09,19.89005470275879
2013-08-12,19.939077377319336
2013-08-13,19.925071716308594
2013-08-14,20.044132232666016
2013-08-15,19.81301498413086
2013-08-16,19.728975296020508
2013-08-19,19.490854263305664
2013-08-20,19.581897735595703
2013-08-21,19.287752151489258
2013-08-22,19.707962036132812
2013-08-23,19.939077377319336
2013-08-26,19.686948776245117
2013-08-27,19.217716217041016
2013-08-28,18.94457244873047
2013-08-29,18.81851577758789
2013-08-30,18.97258949279785
2013-09-03,18.95157814025879
2013-09-04,18.678436279296875
2013-09-05,17.83101463317871
2013-09-06,18.062129974365234
2013-09-09,18.860532760620117
2013-09-10,19.29475212097168
2013-09-11,19.756982803344727
2013-09-12,19.651933670043945
2013-09-13,19.60991096496582
2013-09-16,19.455833435058594
2013-09-17,19.532875061035156
2013-09-18,20.74448585510254
2013-09-19,20.387304306030273
2013-09-20,20.10016441345215
2013-09-23,20.00210952758789
2013-09-24,19.848037719726562
2013-09-25,20.114168167114258
2013-09-26,20.41531753540039
2013-09-27,20.261240005493164
2013-09-30,20.058135986328125
2013-10-01,20.275249481201172
2013-10-02,20.478347778320312
2013-10-03,20.562395095825195
2013-10-04,20.464340209960938
2013-10-07,20.261240005493164
2013-10-08,20.030126571655273
2013-10-09,20.233224868774414
2013-10-10,21.157690048217773
2013-10-11,21.360795974731445
2013-10-14,21.64794158935547
2013-10-15,21.38881492614746
2013-10-16,21.67595672607422
2013-10-17,21.844038009643555
2013-10-18,21.52888298034668
2013-10-21,22.08216094970703
2013-10-22,22.348299026489258
2013-10-23,21.879060745239258
2013-10-24,22.159198760986328
2013-10-25,22.36931037902832
2013-10-28,22.383310317993164
2013-10-29,22.446346282958984
2013-10-30,21.9490966796875
2013-10-31,21.61992835998535
2013-11-01,21.39581298828125
2013-11-04,21.837034225463867
2013-11-05,21.409822463989258
2013-11-06,21.760000228881836
2013-11-07,21.13668441772461
2013-11-08,21.22072410583496
2013-11-11,21.073652267456055
2013-11-12,21.101665496826172
2013-11-13,21.1787052154541
2013-11-14,21.423830032348633
2013-11-15,21.816022872924805
2013-11-18,22.306278228759766
2013-11-19,22.131187438964844
2013-11-20,21.64093780517578
2013-11-21,21.956100463867188
2013-11-22,22.20822525024414
2013-11-25,22.054149627685547
2013-11-26,22.019132614135742
2013-11-27,22.08916664123535
2013-11-29,22.08216094970703
2013-12-02,21.45184898376465
2013-12-03,21.311771392822266
2013-12-04,21.27675437927246
2013-12-05,21.318777084350586
2013-12-06,21.7249813079834
2013-12-09,21.67595672607422
2013-12-10,21.61992835998535
2013-12-11,21.423830032348633
2013-12-12,21.213726043701172
2013-12-13,21.1787052154541
2013-12-16,21.20671844482422
2013-12-17,20.842538833618164
2013-12-18,21.039283752441406
2013-12-19,20.744876861572266
2013-12-20,20.73051643371582
2013-12-23,21.146997451782227
2013-12-24,21.21879768371582
2013-12-26,21.103910446166992
2013-12-27,21.405498504638672
2013-12-30,21.355234146118164
2013-12-31,21.312149047851562
2014-01-02,20.910036087036133
2014-01-03,20.7879638671875
2014-01-06,20.68743324279785
2014-01-07,20.44329261779785
2014-01-08,20.551002502441406
2014-01-09,20.299680709838867
2014-01-10,20.572542190551758
2014-01-13,20.486377716064453
2014-01-14,21.046466827392578
2014-01-15,20.938756942749023
2014-01-16,20.945932388305664
2014-01-17,20.53664207458496
2014-01-21,20.838226318359375
2014-01-22,21.103910446166992
2014-01-23,20.974660873413086
2014-01-24,20.19914436340332
2014-01-27,20.03399658203125
2014-01-28,20.28531837463379
2014-01-29,19.911924362182617
2014-01-30,19.962188720703125
2014-01-31,20.055538177490234
2014-02-03,19.753952026367188
2014-02-04,20.34276008605957
2014-02-05,20.6228084564209
2014-02-06,21.1110897064209
2014-02-07,21.276248931884766
2014-02-10,21.09673309326172
2014-02-11,21.47730255126953
2014-02-12,21.50602912902832
2014-02-13,21.944047927856445
2014-02-14,21.944047927856445
2014-02-18,21.728622436523438
2014-02-19,21.556291580200195
2014-02-20,21.735807418823242
2014-02-21,21.958410263061523
2014-02-24,22.094839096069336
2014-02-25,22.008668899536133
2014-02-26,21.484479904174805
2014-02-27,21.814796447753906
2014-02-28,22.137922286987305
2014-03-03,20.70179557800293
2014-03-04,21.41986656188965
2014-03-05,21.376773834228516
2014-03-06,21.728622436523438
2014-03-07,21.412677764892578
2014-03-10,21.16135597229004
2014-03-11,20.802322387695312
2014-03-12,20.845407485961914
2014-03-13,20.14888572692871
2014-03-14,20.349946975708008
2014-03-17,20.9531192779541
2014-03-18,21.09673309326172
2014-03-19,20.44329261779785
2014-03-20,20.91721534729004
2014-03-21,20.716157913208008
2014-03-24,20.823867797851562
2014-03-25,21.1541748046875
2014-03-26,21.146997451782227
2014-03-27,21.405498504638672
2014-03-28,21.276248931884766
2014-03-31,21.577836990356445
2014-04-01,21.90096092224121
2014-04-02,21.91532325744629
2014-04-03,21.728622436523438
2014-04-04,21.41986656188965
2014-04-07,21.556291580200195
2014-04-08,21.778892517089844
2014-04-09,22.04457664489746
2014-04-10,21.67118263244629
2014-04-11,21.685543060302734
2014-04-14,21.383953094482422
2014-04-15,21.297792434692383
2014-04-16,21.21879768371582
2014-04-17,21.462942123413086
2014-04-21,21.45576286315918
2014-04-22,21.58501625061035
2014-04-23,21.541929244995117
2014-04-24,21.56346893310547
2014-04-25,21.362409591674805
2014-04-28,21.405498504638672
2014-04-29,21.64963722229004
2014-04-30,21.771713256835938
2014-05-01,21.74298858642578
2014-05-02,21.577836990356445
2014-05-05,21.369598388671875
2014-05-06,21.269067764282227
2014-05-07,21.39113426208496
2014-05-08,21.175716400146484
2014-05-09,20.981836318969727
2014-05-12,21.254703521728516
2014-05-13,21.146997451782227
2014-05-14,21.168535232543945
2014-05-15,20.996198654174805
2014-05-16,21.01055908203125
2014-05-19,21.068008422851562
2014-05-20,20.974660873413086
2014-05-21,21.197267532348633
2014-05-22,21.728622436523438
2014-05-23,21.66400146484375
2014-05-27,21.67118263244629
2014-05-28,21.556291580200195
2014-05-29,21.750171661376953
2014-05-30,21.549110412597656
2014-06-02,21.462942123413086
2014-06-03,21.556291580200195
2014-06-04,21.750171661376953
2014-06-05,22.137922286987305
2014-06-06,22.41796875
2014-06-09,22.28871726989746
2014-06-10,22.267175674438477
2014-06-11,22.102020263671875
2014-06-12,21.91532325744629
2014-06-13,21.91532325744629
2014-06-16,21.67118263244629
2014-06-17,21.87224006652832
2014-06-18,22.094839096069336
2014-06-19,22.04457664489746
2014-06-20,21.714265823364258
2014-06-23,21.771713256835938
2014-06-24,21.527568817138672
2014-06-25,21.50511932373047
2014-06-26,21.17204475402832
2014-06-27,21.186525344848633
2014-06-30,21.251693725585938
2014-07-01,21.28066062927246
2014-07-02,21.02722930908203
2014-07-03,20.911375045776367
2014-07-07,21.099637985229492
2014-07-08,20.983787536621094
2014-07-09,21.005508422851562
2014-07-10,20.817245483398438
2014-07-11,21.099637985229492
2014-07-14,21.1648006439209
2014-07-15,21.17204475402832
2014-07-16,21.1648006439209
2014-07-17,20.853456497192383
2014-07-18,21.12860107421875
2014-07-21,21.193769454956055
2014-07-22,21.201004028320312
2014-07-23,21.17204475402832
2014-07-24,21.266178131103516
2014-07-25,21.063432693481445
2014-07-28,21.17204475402832
2014-07-29,20.686914443969727
2014-07-30,20.303152084350586
2014-07-31,19.948354721069336
2014-08-01,20.259702682495117
2014-08-04,20.715879440307617
2014-08-05,20.281429290771484
2014-08-06,20.172819137573242
2014-08-07,19.78905487060547
2014-08-08,20.0859317779541
2014-08-11,20.339357376098633
2014-08-12,20.295907974243164
2014-08-13,20.563823699951172
2014-08-14,20.860694885253906
2014-08-15,20.614503860473633
2014-08-18,21.121360778808594
2014-08-19,21.05619239807129
2014-08-20,20.91861915588379
2014-08-21,20.896900177001953
2014-08-22,20.72311782836914
2014-08-25,20.74483871459961
2014-08-26,20.911375045776367
2014-08-27,20.87517738342285
2014-08-28,20.274188995361328
2014-08-29,20.21626091003418
2014-09-02,20.46969223022461
2014-09-03,21.099637985229492
2014-09-04,20.867935180664062
2014-09-05,21.266178131103516
2014-09-08,21.01274871826172
2014-09-09,20.882415771484375
2014-09-10,21.005508422851562
2014-09-11,20.78104591369629
2014-09-12,20.636228561401367
2014-09-15,20.802764892578125
2014-09-16,21.237213134765625
2014-09-17,21.034469604492188
2014-09-18,20.947582244873047
2014-09-19,21.244455337524414
2014-09-22,21.1648006439209
2014-09-23,20.83173179626465
2014-09-24,20.867935180664062
2014-09-25,20.542102813720703
2014-09-26,20.57830238342285
2014-09-29,20.53485679626465
2014-09-30,20.563823699951172
2014-10-01,20.071449279785156
2014-10-02,20.274188995361328
2014-10-03,20.107650756835938
2014-10-06,20.2235050201416
2014-10-07,20.064208984375
2014-10-08,20.455211639404297
2014-10-09,19.90491485595703
2014-10-10,19.535633087158203
2014-10-13,19.63699722290039
2014-10-14,19.723888397216797
2014-10-15,19.673202514648438
2014-10-16,19.56459617614746
2014-10-17,19.68044662475586
2014-10-20,19.81077766418457
2014-10-21,19.926637649536133
2014-10-22,19.59355354309082
2014-10-23,19.767330169677734
2014-10-24,19.96283721923828
2014-10-27,20.071449279785156
2014-10-28,20.245227813720703
2014-10-29,19.760093688964844
2014-10-30,19.919395446777344
2014-10-31,19.890426635742188
2014-11-03,19.74561309814453
2014-11-04,19.861465454101562
2014-11-05,19.62251853942871
2014-11-06,19.34737205505371
2014-11-07,19.412534713745117
2014-11-10,19.209794998168945
2014-11-11,19.26772117614746
2014-11-12,19.166351318359375
2014-11-13,19.057737350463867
2014-11-14,19.550111770629883
2014-11-17,19.376331329345703
2014-11-18,19.694929122924805
2014-11-19,19.658723831176758
2014-11-20,19.369094848632812
2014-11-21,19.506664276123047
2014-11-24,19.40529441833496
2014-11-25,19.528385162353516
2014-11-26,19.78181266784668
2014-11-28,19.51390838623047
2014-12-01,19.63699722290039
2014-12-02,19.78905487060547
2014-12-03,19.70216941833496
2014-12-04,19.65148162841797
2014-12-05,19.687685012817383
2014-12-08,19.535633087158203
2014-12-09,19.542871475219727
2014-12-10,19.180831909179688
2014-12-11,19.188068389892578
2014-12-12,19.072221755981445
2014-12-15,18.775348663330078
2014-12-16,18.45675277709961
2014-12-17,18.581968307495117
2014-12-18,18.48564910888672
2014-12-19,18.15224266052246
2014-12-22,18.226327896118164
2014-12-23,18.004053115844727
2014-12-24,17.841054916381836
2014-12-26,17.811418533325195
2014-12-29,17.70028305053711
2014-12-30,17.89291763305664
2014-12-31,17.833646774291992
2015-01-02,17.537290573120117
2015-01-05,17.255741119384766
2015-01-06,16.937152862548828
2015-01-07,17.46319580078125
2015-01-08,17.737333297729492
2015-01-09,17.841054916381836
2015-01-12,17.70028305053711
2015-01-13,17.641014099121094
2015-01-14,17.65583038330078
2015-01-15,16.692651748657227
2015-01-16,16.692651748657227
2015-01-20,16.477792739868164
2015-01-21,16.937152862548828
2015-01-22,17.04828453063965
2015-01-23,16.90010643005371
2015-01-26,16.914926528930664
2015-01-27,17.003833770751953
2015-01-28,16.840835571289062
2015-01-29,17.329833984375
2015-01-30,17.189064025878906
2015-02-02,17.315017700195312
2015-02-03,17.49283218383789
2015-02-04,17.292787551879883
2015-02-05,17.54469871520996
2015-02-06,17.322423934936523
2015-02-09,17.300195693969727
2015-02-10,17.226102828979492
2015-02-11,17.040878295898438
2015-02-12,17.54469871520996
2015-02-13,17.49283218383789
2015-02-17,17.670654296875
2015-02-18,17.581741333007812
2015-02-19,17.507648468017578
2015-02-20,17.70028305053711
2015-02-23,17.455785751342773
2015-02-24,17.603965759277344
2015-02-25,17.5743350982666
2015-02-26,17.411334991455078
2015-02-27,17.43355941772461
2015-03-02,17.43355941772461
2015-03-03,17.159421920776367
2015-03-04,17.248334884643555
2015-03-05,17.34465217590332
2015-03-06,16.944557189941406
2015-03-09,17.10015296936035
2015-03-10,16.418516159057617
2015-03-11,16.433334350585938
2015-03-12,16.448150634765625
2015-03-13,16.129566192626953
2015-03-16,16.455556869506836
2015-03-17,16.59633445739746
2015-03-18,17.322423934936523
2015-03-19,16.922330856323242
2015-03-20,17.329833984375
2015-03-23,17.75214958190918
2015-03-24,17.663238525390625
2015-03-25,17.507648468017578
2015-03-26,17.33724021911621
2015-03-27,17.38910675048828
2015-03-30,17.485424041748047
2015-03-31,17.322423934936523
2015-04-01,17.44097137451172
2015-04-02,17.663238525390625
2015-04-06,17.937376022338867
2015-04-07,17.71510124206543
2015-04-08,17.974422454833984
2015-04-09,17.900333404541016
2015-04-10,17.75214958190918
2015-04-13,17.596559524536133
2015-04-14,17.811418533325195
2015-04-15,18.115198135375977
2015-04-16,18.43378448486328
2015-04-17,18.35969352722168
2015-04-20,18.50787353515625
2015-04-21,18.43378448486328
2015-04-22,18.64864730834961
2015-04-23,18.759784698486328
2015-04-24,18.581968307495117
2015-04-27,18.99687385559082
2015-04-28,19.167282104492188
2015-04-29,19.041330337524414
2015-04-30,19.019102096557617
2015-05-01,19.03392219543457
2015-05-04,19.130239486694336
2015-05-05,18.930191040039062
2015-05-06,19.256193161010742
2015-05-07,19.419189453125
2015-05-08,19.367328643798828
2015-05-11,19.004287719726562
2015-05-12,18.982057571411133
2015-05-13,19.182100296020508
2015-05-14,19.396963119506836
2015-05-15,19.64887809753418
2015-05-18,19.271011352539062
2015-05-19,19.11542320251465
2015-05-20,18.893146514892578
2015-05-21,18.82646942138672
2015-05-22,18.4486026763916
2015-05-26,17.596559524536133
2015-05-27,17.915149688720703
2015-05-28,17.804018020629883
2015-05-29,17.929964065551758
2015-06-01,17.848466873168945
2015-06-02,18.01146697998047
2015-06-03,17.8632869720459
2015-06-04,17.54469871520996
2015-06-05,17.455785751342773
2015-06-08,17.566923141479492
2015-06-09,17.418743133544922
2015-06-10,18.02628517150879
2015-06-11,17.855878829956055
2015-06-12,17.759559631347656
2015-06-15,17.72251319885254
2015-06-16,17.729923248291016
2015-06-17,17.626201629638672
2015-06-18,17.626201629638672
2015-06-19,17.292787551879883
2015-06-22,17.737333297729492
2015-06-23,17.5743350982666
2015-06-24,17.485424041748047
2015-06-25,17.521303176879883
2015-06-26,17.349380493164062
2015-06-29,16.953208923339844
2015-06-30,17.072805404663086
2015-07-01,16.9307804107666
2015-07-02,16.88593292236328
2015-07-06,16.579456329345703
2015-07-07,16.45238494873047
2015-07-08,16.056209564208984
2015-07-09,16.108535766601562
2015-07-10,16.975629806518555
2015-07-13,16.863506317138672
2015-07-14,16.968156814575195
2015-07-15,16.72148323059082
2015-07-16,17.095224380493164
2015-07-17,16.960678100585938
2015-07-20,16.6766300201416
2015-07-21,16.714008331298828
2015-07-22,16.35521125793457
2015-07-23,16.489757537841797
2015-07-24,16.429962158203125
2015-07-27,16.579456329345703
2015-07-28,16.728954315185547
2015-07-29,16.699058532714844
2015-07-30,16.40753746032715
2015-07-31,16.743906021118164
2015-08-03,16.609359741210938
2015-08-04,16.422481536865234
2015-08-05,16.59440803527832
2015-08-06,16.228134155273438
2015-08-07,16.2655086517334
2015-08-10,16.52713394165039
2015-08-11,16.579456329345703
2015-08-12,16.736433029174805
2015-08-13,16.818655014038086
2015-08-14,16.609359741210938
2015-08-17,16.48228645324707
2015-08-18,16.28793716430664
2015-08-19,16.512184143066406
2015-08-20,16.624309539794922
2015-08-21,16.27298927307129
2015-08-24,15.58528995513916
2015-08-25,15.361041069030762
2015-08-26,15.876811981201172
2015-08-27,16.03378677368164
2015-08-28,16.048734664916992
2015-08-31,16.228134155273438
2015-09-01,15.787114143371582
2015-09-02,15.891762733459473
2015-09-03,15.86186408996582
2015-09-04,15.809537887573242
2015-09-08,15.981462478637695
2015-09-09,15.891762733459473
2015-09-10,16.422481536865234
2015-09-11,16.654205322265625
2015-09-14,16.45985984802246
2015-09-15,16.571983337402344
2015-09-16,16.59440803527832
2015-09-17,16.84855842590332
2015-09-18,16.243085861206055
2015-09-21,16.377634048461914
2015-09-22,16.07115936279297
2015-09-23,15.682464599609375
2015-09-24,15.831958770751953
2015-09-25,15.592764854431152
2015-09-28,15.36851692199707
2015-09-29,15.480637550354004
2015-09-30,15.577813148498535
2015-10-01,15.488114356994629
2015-10-02,15.71983814239502
2015-10-05,15.831958770751953
2015-10-06,15.981462478637695
2015-10-07,16.063682556152344
2015-10-08,16.429962158203125
2015-10-09,16.45985984802246
2015-10-12,16.429962158203125
2015-10-13,16.27298927307129
2015-10-14,16.534610748291016
2015-10-15,16.63178062438965
2015-10-16,16.49723243713379
2015-10-19,16.258031845092773
2015-10-20,16.250560760498047
2015-10-21,15.973989486694336
2015-10-22,15.839438438415527
2015-10-23,15.727313041687012
2015-10-26,15.68993854522705
2015-10-27,15.622665405273438
2015-10-28,15.278816223144531
2015-10-29,15.151739120483398
2015-10-30,15.271342277526855
2015-11-02,15.607712745666504
2015-11-03,15.443262100219727
2015-11-04,15.166691780090332
2015-11-05,15.166691780090332
2015-11-06,14.815367698669434
2015-11-09,14.591115951538086
2015-11-10,14.748093605041504
2015-11-11,14.912544250488281
2015-11-12,14.695772171020508
2015-11-13,14.381821632385254
2015-11-16,14.478994369506836
2015-11-17,14.419195175170898
2015-11-18,14.65839672088623
2015-11-19,14.635970115661621
2015-11-20,14.621021270751953
2015-11-23,14.21737003326416
2015-11-24,14.20241928100586
2015-11-25,13.97817325592041
2015-11-27,13.895947456359863
2015-11-30,13.888469696044922
2015-12-01,13.828673362731934
2015-12-02,13.484825134277344
2015-12-03,13.649272918701172
2015-12-04,13.716550827026367
2015-12-07,13.626848220825195
2015-12-08,13.290477752685547
2015-12-09,12.984004020690918
2015-12-10,13.111077308654785
2015-12-11,12.864405632019043
2015-12-14,12.931680679321289
2015-12-15,13.03632640838623
2015-12-16,13.469876289367676
2015-12-17,13.410074234008789
2015-12-18,13.59695053100586
2015-12-21,13.960745811462402
2015-12-22,14.112330436706543
2015-12-23,14.112330436706543
2015-12-24,14.1350679397583
2015-12-28,14.097173690795898
2015-12-29,14.20328140258789
2015-12-30,13.869797706604004
2015-12-31,13.703056335449219
2016-01-04,13.301363945007324
2016-01-05,13.043673515319824
2016-01-06,12.755667686462402
2016-01-07,12.695034980773926
2016-01-08,12.513134956359863
2016-01-11,12.482817649841309
2016-01-12,12.748086929321289
2016-01-13,12.77840518951416
2016-01-14,12.801139831542969
2016-01-15,12.30091667175293
2016-01-19,12.119020462036133
2016-01-20,12.073546409606934
2016-01-21,11.891647338867188
2016-01-22,12.209969520568848
2016-01-25,12.164495468139648
2016-01-26,12.26302433013916
2016-01-27,12.209969520568848
2016-01-28,12.581345558166504
2016-01-29,12.78598403930664
2016-02-01,12.846616744995117
2016-02-02,12.490398406982422
2016-02-03,12.960304260253906
2016-02-04,13.119465827941895
2016-02-05,13.21041488647461
2016-02-08,13.051250457763672
2016-02-09,13.127044677734375
2016-02-10,13.119465827941895
2016-02-11,13.111886978149414
2016-02-12,13.23315143585205
2016-02-16,13.149782180786133
2016-02-17,13.627266883850098
2016-02-18,13.543895721435547
2016-02-19,13.589372634887695
2016-02-22,13.710638046264648
2016-02-23,13.4529447555542
2016-02-24,13.445366859436035
2016-02-25,13.55905532836914
2016-02-26,13.308941841125488
2016-02-29,13.202836036682129
2016-03-01,13.346840858459473
2016-03-02,13.437788009643555
2016-03-03,13.763691902160645
2016-03-04,13.824325561523438
2016-03-07,13.960745811462402
2016-03-08,13.877375602722168
2016-03-09,13.831901550292969
2016-03-10,14.097173690795898
2016-03-11,14.407914161682129
2016-03-14,14.324543952941895
2016-03-15,14.316965103149414
2016-03-16,14.627711296081543
2016-03-17,14.908137321472168
2016-03-18,14.915719985961914
2016-03-21,14.847506523132324
2016-03-22,14.87781810760498
2016-03-23,14.604974746704102
2016-03-24,14.627711296081543
2016-03-28,14.741395950317383
2016-03-29,15.120351791381836
2016-03-30,15.180984497070312
2016-03-31,15.332571029663086
2016-04-01,15.241625785827637
2016-04-04,15.256776809692383
2016-04-05,14.809612274169922
2016-04-06,14.885398864746094
2016-04-07,14.385178565979004
2016-04-08,14.567076683044434
2016-04-11,14.665602684020996
2016-04-12,14.695920944213867
2016-04-13,14.74897575378418
2016-04-14,14.695920944213867
2016-04-15,14.589816093444824
2016-04-18,14.673186302185059
2016-04-19,14.953614234924316
2016-04-20,14.968771934509277
2016-04-21,14.589816093444824
2016-04-22,14.332127571105957
2016-04-25,14.11990737915039
2016-04-26,14.294227600097656
2016-04-27,14.19570255279541
2016-04-28,14.082014083862305
2016-04-29,14.354864120483398
2016-05-02,14.476131439208984
2016-05-03,14.11990737915039
2016-05-04,13.92285442352295
2016-05-05,13.650001525878906
2016-05-06,13.733373641967773
2016-05-09,13.604530334472656
2016-05-10,13.528736114501953
2016-05-11,13.468106269836426
2016-05-12,13.468106269836426
2016-05-13,13.361997604370117
2016-05-16,13.809164047241211
2016-05-17,13.680318832397461
2016-05-18,13.392315864562988
2016-05-19,13.127044677734375
2016-05-20,13.217994689941406
2016-05-23,13.15735912322998
2016-05-24,13.2786283493042
2016-05-25,13.483263969421387
2016-05-26,13.566633224487305
2016-05-27,13.39989185333252
2016-05-31,13.187676429748535
2016-06-01,12.83145809173584
2016-06-02,12.937566757202148
2016-06-03,13.422630310058594
2016-06-06,13.566633224487305
2016-06-07,13.74853229522705
2016-06-08,14.006220817565918
2016-06-09,13.68790054321289
2016-06-10,13.142199516296387
2016-06-13,12.990618705749512
2016-06-14,12.839037895202637
2016-06-15,12.975464820861816
2016-06-16,12.732929229736328
2016-06-17,12.89209270477295
2016-06-20,13.195256233215332
2016-06-21,13.35441780090332
2016-06-22,13.554239273071289
2016-06-23,14.055681228637695
2016-06-24,12.520953178405762
2016-06-27,12.422184944152832
2016-06-28,12.703298568725586
2016-06-29,12.809664726257324
2016-06-30,12.885641098022461
2016-07-01,12.75648307800293
2016-07-05,12.346209526062012
2016-07-06,12.361403465270996
2016-07-07,12.346209526062012
2016-07-08,12.482966423034668
2016-07-11,12.619722366333008
2016-07-12,12.908434867858887
2016-07-13,12.809664726257324
2016-07-14,12.878045082092285
2016-07-15,12.938824653625488
2016-07-18,13.280720710754395
2016-07-19,13.159157752990723
2016-07-20,13.257928848266602
2016-07-21,13.318707466125488
2016-07-22,13.295918464660645
2016-07-25,13.379491806030273
2016-07-26,13.295918464660645
2016-07-27,13.34150218963623
2016-07-28,13.387085914611816
2016-07-29,13.349099159240723
2016-08-01,13.273122787475586
2016-08-02,13.835349082946777
2016-08-03,13.789762496948242
2016-08-04,13.89613151550293
2016-08-05,13.979703903198242
2016-08-08,14.093671798706055
2016-08-09,14.207635879516602
2016-08-10,14.336796760559082
2016-08-11,14.450760841369629
2016-08-12,14.420372009277344
2016-08-15,14.549530982971191
2016-08-16,14.488749504089355
2016-08-17,14.283613204956055
2016-08-18,14.314002990722656
2016-08-19,14.086073875427246
2016-08-22,13.994900703430176
2016-08-23,13.865740776062012
2016-08-24,13.972105979919434
2016-08-25,13.827751159667969
2016-08-26,13.584628105163574
2016-08-29,13.721385955810547
2016-08-30,13.736577987670898
2016-08-31,13.66820240020752
2016-09-01,13.637809753417969
2016-09-02,13.622617721557617
2016-09-06,14.032890319824219
2016-09-07,14.26081657409668
2016-09-08,14.04808521270752
2016-09-09,13.592223167419434
2016-09-12,13.607419967651367
2016-09-13,13.379491806030273
2016-09-14,13.546636581420898
2016-09-15,13.79736328125
2016-09-16,13.744179725646973
2016-09-19,13.76697063446045
2016-09-20,13.713788032531738
2016-09-21,14.124058723449707
2016-09-22,14.070878982543945
2016-09-23,13.903728485107422
2016-09-26,13.804963111877441
2016-09-27,13.911325454711914
2016-09-28,13.926520347595215
2016-09-29,13.683394432067871
2016-09-30,13.842947006225586
2016-10-03,13.873335838317871
2016-10-04,13.850545883178711
2016-10-05,14.055681228637695
2016-10-06,14.101268768310547
2016-10-07,13.994900703430176
2016-10-10,14.070878982543945
2016-10-11,13.89613151550293
2016-10-12,13.804963111877441
2016-10-13,13.713788032531738
2016-10-14,13.447868347167969
2016-10-17,13.402280807495117
2016-10-18,13.501053810119629
2016-10-19,13.645407676696777
2016-10-20,13.56943130493164
2016-10-21,13.51624870300293
2016-10-24,13.69099235534668
2016-10-25,13.79736328125
2016-10-26,13.706191062927246
2016-10-27,13.79736328125
2016-10-28,13.934120178222656
2016-10-31,14.124058723449707
2016-11-01,14.139257431030273
2016-11-02,13.79736328125
2016-11-03,13.850545883178711
2016-11-04,13.69099235534668
2016-11-07,13.8125581741333
2016-11-08,13.926520347595215
2016-11-09,13.592223167419434
2016-11-10,13.584628105163574
2016-11-11,13.273122787475586
2016-11-14,12.938824653625488
2016-11-15,13.067986488342285
2016-11-16,12.794469833374023
2016-11-17,12.680506706237793
2016-11-18,12.574134826660156
2016-11-21,12.809664726257324
2016-11-22,13.090781211853027
2016-11-23,13.067986488342285
2016-11-25,13.166755676269531
2016-11-28,13.045194625854492
2016-11-29,13.052791595458984
2016-11-30,13.02239990234375
2016-12-01,12.908434867858887
2016-12-02,12.954019546508789
2016-12-05,13.501053810119629
2016-12-06,13.7517728805542
2016-12-07,13.9873046875
2016-12-08,13.926520347595215
2016-12-09,13.675799369812012
2016-12-12,13.69099235534668
2016-12-13,13.994900703430176
2016-12-14,13.683394432067871
2016-12-15,13.607419967651367
2016-12-16,13.7517728805542
2016-12-19,13.698590278625488
2016-12-20,13.835349082946777
2016-12-21,13.747058868408203
2016-12-22,13.816762924194336
2016-12-23,13.901952743530273
2016-12-27,13.901952743530273
2016-12-28,13.824505805969238
2016-12-29,14.041363716125488
2016-12-30,14.033617973327637
2017-01-03,14.204004287719727
2017-01-04,14.42860221862793
2017-01-05,14.575754165649414
2017-01-06,14.482817649841309
2017-01-09,14.629971504211426
2017-01-10,14.746142387390137
2017-01-11,14.932016372680664
2017-01-12,14.901039123535156
2017-01-13,14.839079856872559
2017-01-17,14.993972778320312
2017-01-18,14.808103561401367
2017-01-19,14.823591232299805
2017-01-20,14.885547637939453
2017-01-23,14.939762115478516
2017-01-24,15.086912155151367
2017-01-25,15.644540786743164
2017-01-26,15.57484245300293
2017-01-27,15.667776107788086
2017-01-30,15.450920104980469
2017-01-31,15.636795997619629
2017-02-01,15.807178497314453
2017-02-02,15.69875431060791
2017-02-03,15.745224952697754
2017-02-06,15.799437522888184
2017-02-07,15.660026550292969
2017-02-08,15.737481117248535
2017-02-09,16.070507049560547
2017-02-10,16.318340301513672
2017-02-13,16.326082229614258
2017-02-14,16.357065200805664
2017-02-15,16.326082229614258
2017-02-16,16.558425903320312
2017-02-17,16.279613494873047
2017-02-21,16.682348251342773
2017-02-22,16.821752548217773
2017-02-23,16.829500198364258
2017-02-24,16.411277770996094
2017-02-27,16.38029670715332
2017-02-28,16.27187156677246
2017-03-01,16.8062686920166
2017-03-02,16.589406967163086
2017-03-03,16.75204849243164
2017-03-06,16.49647331237793
2017-03-07,16.4267635345459
2017-03-08,16.279613494873047
2017-03-09,16.140213012695312
2017-03-10,16.442256927490234
2017-03-13,16.713327407836914
2017-03-14,16.612646102905273
2017-03-15,16.961162567138672
2017-03-16,17.270954132080078
2017-03-17,17.42584800720215
2017-03-20,17.371633529663086
2017-03-21,17.154781341552734
2017-03-22,16.968908309936523
2017-03-23,17.09282684326172
2017-03-24,17.10831069946289
2017-03-27,17.16252899169922
2017-03-28,17.23996925354004
2017-03-29,17.08507537841797
2017-03-30,16.937925338745117
2017-03-31,16.713327407836914
2017-04-03,16.86821937561035
2017-04-04,16.992137908935547
2017-04-05,17.046354293823242
2017-04-06,17.046354293823242
2017-04-07,17.00762939453125
2017-04-10,16.922435760498047
2017-04-11,16.759794235229492
2017-04-12,16.759794235229492
2017-04-13,16.682348251342773
2017-04-17,16.86821937561035
2017-04-18,17.030864715576172
2017-04-19,17.17026710510254
2017-04-20,17.294187545776367
2017-04-21,17.10831069946289
2017-04-24,17.743385314941406
2017-04-25,18.285524368286133
2017-04-26,18.3552303314209
2017-04-27,18.36297607421875
2017-04-28,18.40169334411621
2017-05-01,18.48689079284668
2017-05-02,18.634037017822266
2017-05-03,18.56433868408203
2017-05-04,18.45591163635254
2017-05-05,18.7192325592041
2017-05-08,18.378461837768555
2017-05-09,18.54110336303711
2017-05-10,18.48689079284668
2017-05-11,18.36297607421875
2017-05-12,18.43267250061035
2017-05-15,18.7192325592041
2017-05-16,18.696001052856445
2017-05-17,18.324251174926758
2017-05-18,18.130624771118164
2017-05-19,18.7192325592041
2017-05-22,18.812175750732422
2017-05-23,18.471399307250977
2017-05-24,18.804431915283203
2017-05-25,18.98255729675293
2017-05-26,18.7192325592041
2017-05-30,18.533361434936523
2017-05-31,18.471399307250977
2017-06-01,18.52561378479004
2017-06-02,18.781190872192383
2017-06-05,18.46365737915039
2017-06-06,18.68825340270996
2017-06-07,18.68051528930664
2017-06-08,18.874128341674805
2017-06-09,18.703746795654297
2017-06-12,18.50238037109375
2017-06-13,18.649532318115234
2017-06-14,18.471399307250977
2017-06-15,18.13837242126465
2017-06-16,18.52561378479004
2017-06-19,18.57208251953125
2017-06-20,18.1905517578125
2017-06-21,18.36150360107422
2017-06-22,18.423667907714844
2017-06-23,18.532451629638672
2017-06-26,18.905431747436523
2017-06-27,19.00644874572754
2017-06-28,19.03752899169922
2017-06-29,18.913204193115234
2017-06-30,18.86658477783203
2017-07-03,18.85103988647461
2017-07-05,18.827728271484375
2017-07-06,18.742258071899414
2017-07-07,18.78887367248535
2017-07-10,18.796649932861328
2017-07-11,18.8432674407959
2017-07-12,19.22402000427246
2017-07-13,19.371660232543945
2017-07-14,19.597000122070312
2017-07-17,19.69024658203125
2017-07-18,19.8145751953125
2017-07-19,19.79903221130371
2017-07-20,19.8145751953125
2017-07-21,19.58146095275879
2017-07-24,19.433822631835938
2017-07-25,19.472673416137695
2017-07-26,19.884506225585938
2017-07-27,19.55038070678711
2017-07-28,19.861194610595703
2017-07-31,20.070993423461914
2017-08-01,20.125391006469727
2017-08-02,20.10984992980957
2017-08-03,20.187551498413086
2017-08-04,20.09430694580078
2017-08-07,20.15647315979004
2017-08-08,20.210865020751953
2017-08-09,20.10984992980957
2017-08-10,19.698015213012695
2017-08-11,19.822341918945312
2017-08-14,19.80679702758789
2017-08-15,19.666933059692383
2017-08-16,19.946672439575195
2017-08-17,19.503753662109375
2017-08-18,19.752408981323242
2017-08-21,19.96221160888672
2017-08-22,19.985519409179688
2017-08-23,20.03214454650879
2017-08-24,20.568300247192383
2017-08-25,20.933515548706055
2017-08-28,21.53960609436035
2017-08-29,21.18994140625
2017-08-30,21.252099990844727
2017-08-31,21.26763916015625
2017-09-01,21.298725128173828
2017-09-05,21.314260482788086
2017-09-06,21.236562728881836
2017-09-07,21.275409698486328
2017-09-08,21.236562728881836
2017-09-11,21.461902618408203
2017-09-12,21.32203483581543
2017-09-13,21.011219024658203
2017-09-14,21.065610885620117
2017-09-15,21.096691131591797
2017-09-18,20.941282272338867
2017-09-19,21.252099990844727
2017-09-20,20.99567985534668
2017-09-21,20.886890411376953
2017-09-22,21.065610885620117
2017-09-25,20.61492919921875
2017-09-26,20.405126571655273
2017-09-27,20.172012329101562
2017-09-28,20.319650650024414
2017-09-29,20.607158660888672
2017-10-02,20.44397735595703
2017-10-03,20.55276107788086
2017-10-04,20.350738525390625
2017-10-05,20.44397735595703
2017-10-06,20.54499626159668
2017-10-09,20.723712921142578
2017-10-10,21.065610885620117
2017-10-11,21.586233139038086
2017-10-12,21.384199142456055
2017-10-13,21.384199142456055
2017-10-16,21.415283203125
2017-10-17,21.197710037231445
2017-10-18,21.12000274658203
2017-10-19,20.972362518310547
2017-10-20,20.824731826782227
2017-10-23,20.816959381103516
2017-10-24,20.490602493286133
2017-10-25,20.64600944519043
2017-10-26,20.273029327392578
2017-10-27,20.653776168823242
2017-10-30,20.86358070373535
2017-10-31,21.026756286621094
2017-11-01,21.04229736328125
2017-11-02,20.956823348999023
2017-11-03,20.754791259765625
2017-11-06,20.94905662536621
2017-11-07,21.05784034729004
2017-11-08,20.972362518310547
2017-11-09,20.816959381103516
2017-11-10,20.778104782104492
2017-11-13,20.54499626159668
2017-11-14,20.677091598510742
2017-11-15,20.304107666015625
2017-11-16,20.374040603637695
2017-11-17,20.677091598510742
2017-11-20,20.902429580688477
2017-11-21,21.05784034729004
2017-11-22,21.21324920654297
2017-11-24,21.345348358154297
2017-11-27,21.345348358154297
2017-11-28,21.290952682495117
2017-11-29,20.840267181396484
2017-11-30,20.762563705444336
2017-12-01,20.498369216918945
2017-12-04,20.529451370239258
2017-12-05,20.482830047607422
2017-12-06,20.34296226501465
2017-12-07,20.42066764831543
2017-12-08,20.56053352355957
2017-12-11,20.335193634033203
2017-12-12,20.42066764831543
2017-12-13,20.56053352355957
2017-12-14,20.521684646606445
2017-12-15,20.54499626159668
2017-12-18,20.941282272338867
2017-12-19,21.019458770751953
2017-12-20,20.995769500732422
2017-12-21,21.04314422607422
2017-12-22,21.10630989074707
2017-12-26,21.06683349609375
2017-12-27,21.295822143554688
2017-12-28,21.46953582763672
2017-12-29,21.390573501586914
2018-01-02,21.61956214904785
2018-01-03,21.698518753051758
2018-01-04,22.298625946044922
2018-01-05,22.306520462036133
2018-01-08,22.148595809936523
2018-01-09,21.77747917175293
2018-01-10,21.714311599731445
2018-01-11,22.17228889465332
2018-01-12,22.496030807495117
2018-01-16,22.843463897705078
2018-01-17,23.111927032470703
2018-01-18,23.151405334472656
2018-01-19,23.206680297851562
2018-01-22,23.427772521972656
2018-01-23,23.475147247314453
2018-01-24,23.688344955444336
2018-01-25,23.483043670654297
2018-01-26,23.680444717407227
2018-01-29,23.404081344604492
2018-01-30,23.159299850463867
2018-01-31,23.175098419189453
2018-02-01,22.98558807373047
2018-02-02,22.55919647216797
2018-02-05,21.77747917175293
2018-02-06,22.03805160522461
2018-02-07,21.564289093017578
2018-02-08,20.877328872680664
2018-02-09,21.24054718017578
2018-02-12,21.603763580322266
2018-02-13,21.8327579498291
2018-02-14,22.37759017944336
2018-02-15,22.31441879272461
2018-02-16,21.81696128845215
2018-02-20,21.793275833129883
2018-02-21,21.248445510864258
2018-02-22,21.414260864257812
2018-02-23,21.548498153686523
2018-02-26,21.7301082611084
2018-02-27,21.32740592956543
2018-02-28,20.75888442993164
2018-03-01,20.537796020507812
2018-03-02,20.774673461914062
2018-03-05,20.853635787963867
2018-03-06,20.948392868041992
2018-03-07,21.24054718017578
2018-03-08,20.76677894592285
2018-03-09,21.145797729492188
2018-03-12,21.24054718017578
2018-03-13,20.948392868041992
2018-03-14,20.96418571472168
2018-03-15,20.593063354492188
2018-03-16,20.17457389831543
2018-03-19,20.01664924621582
2018-03-20,20.01664924621582
2018-03-21,20.656232833862305
2018-03-22,20.095609664916992
2018-03-23,19.779766082763672
2018-03-26,20.19826316833496
2018-03-27,19.84293556213379
2018-03-28,19.661325454711914
2018-03-29,19.819242477416992
2018-04-02,19.519195556640625
2018-04-03,19.945585250854492
2018-04-04,19.882415771484375
2018-04-05,19.953479766845703
2018-04-06,19.969274520874023
2018-04-09,20.087717056274414
2018-04-10,20.43514060974121
2018-04-11,20.395658493041992
2018-04-12,20.640439987182617
2018-04-13,20.735200881958008
2018-04-16,20.853635787963867
2018-04-17,20.845741271972656
2018-04-18,20.901010513305664
2018-04-19,20.845741271972656
2018-04-20,20.537796020507812
2018-04-23,20.14298439025879
2018-04-24,19.92189598083496
2018-04-25,19.7008056640625
2018-04-26,19.866621017456055
2018-04-27,19.961376190185547
2018-04-30,19.606054306030273
2018-05-01,19.242830276489258
2018-05-02,19.329687118530273
2018-05-03,19.36127471923828
2018-05-04,19.195451736450195
2018-05-07,18.792749404907227
2018-05-08,18.808542251586914
2018-05-09,19.2507266998291
2018-05-10,19.65342903137207
2018-05-11,19.67711639404297
2018-05-14,19.558671951293945
2018-05-15,18.958566665649414
2018-05-16,19.06121826171875
2018-05-17,18.737476348876953
2018-05-18,18.48480224609375
2018-05-21,18.784854888916016
2018-05-22,18.65851593017578
2018-05-23,18.374256134033203
2018-05-24,18.35846519470215
2018-05-25,18.21633529663086
2018-05-29,17.59254264831543
2018-05-30,17.939970016479492
2018-05-31,17.908384323120117
2018-06-01,18.082101821899414
2018-06-04,18.382150650024414
2018-06-05,18.579557418823242
2018-06-06,18.895402908325195
2018-06-07,18.88750648498535
2018-06-08,18.840131759643555
2018-06-11,18.650619506835938
2018-06-12,18.626928329467773
2018-06-13,18.516389846801758
2018-06-14,18.232128143310547
2018-06-15,18.11368751525879
2018-06-18,17.584646224975586
2018-06-19,17.266965866088867
2018-06-20,17.511943817138672
2018-06-21,17.385501861572266
2018-06-22,17.606775283813477
2018-06-25,17.590967178344727
2018-06-26,17.440820693969727
2018-06-27,17.061504364013672
2018-06-28,16.91925621032715
2018-06-29,17.211647033691406
2018-07-02,16.990375518798828
2018-07-03,17.29857635498047
2018-07-05,17.63047981262207
2018-07-06,17.685794830322266
2018-07-09,17.91497230529785
2018-07-10,18.09672737121582
2018-07-11,17.606775283813477
2018-07-12,17.812238693237305
2018-07-13,17.772724151611328
2018-07-16,17.725309371948242
2018-07-17,17.859655380249023
2018-07-18,17.749019622802734
2018-07-19,17.646286010742188
2018-07-20,18.11253547668457
2018-07-23,18.223169326782227
2018-07-24,18.523462295532227
2018-07-25,18.966001510620117
2018-07-26,19.02132225036621
2018-07-27,18.966001510620117
2018-07-30,19.361125946044922
2018-07-31,19.242591857910156
2018-08-01,19.218883514404297
2018-08-02,18.910688400268555
2018-08-03,18.855369567871094
2018-08-06,18.855369567871094
2018-08-07,19.013418197631836
2018-08-08,19.116151809692383
2018-08-09,18.934391021728516
2018-08-10,18.15204429626465
2018-08-13,18.088825225830078
2018-08-14,18.167848587036133
2018-08-15,17.804330825805664
2018-08-16,18.06511688232422
2018-08-17,18.136241912841797
2018-08-20,18.120433807373047
2018-08-21,18.76053810119629
2018-08-22,19.013418197631836
2018-08-23,18.82375717163086
2018-08-24,19.147756576538086
2018-08-27,19.63771629333496
2018-08-28,19.811567306518555
2018-08-29,19.772056579589844
2018-08-30,19.242591857910156
2018-08-31,19.076637268066406
2018-09-04,18.73682975769043
2018-09-05,18.602487564086914
2018-09-06,18.594585418701172
2018-09-07,18.128339767456055
2018-09-10,18.27058219909668
2018-09-11,18.39702033996582
2018-09-12,18.18365478515625
2018-09-13,18.428632736206055
2018-09-14,18.223169326782227
2018-09-17,18.246875762939453
2018-09-18,18.420732498168945
2018-09-19,18.705224990844727
2018-09-20,18.934391021728516
2018-09-21,18.966001510620117
2018-09-24,19.02132225036621
2018-09-25,19.187274932861328
2018-09-26,19.23468780517578
2018-09-27,19.179370880126953
2018-09-28,18.855369567871094
2018-10-01,18.76844024658203
2018-10-02,18.673608779907227
2018-10-03,18.555070877075195
2018-10-04,18.389118194580078
2018-10-05,18.365415573120117
2018-10-08,18.128339767456055
2018-10-09,18.278486251831055
2018-10-10,17.70160675048828
2018-10-11,17.543556213378906
2018-10-12,17.85174560546875
2018-10-15,17.78852653503418
2018-10-16,18.254776000976562
2018-10-17,17.93868064880371
2018-10-18,17.59886932373047
2018-10-19,17.804330825805664
2018-10-22,17.780630111694336
2018-10-23,17.669992446899414
2018-10-24,17.10101318359375
2018-10-25,17.21955108642578
2018-10-26,16.95876693725586
2018-10-29,16.6663761138916
2018-10-30,17.029890060424805
2018-10-31,16.974573135375977
2018-11-01,17.464529037475586
2018-11-02,17.654190063476562
2018-11-05,17.907068252563477
2018-11-06,17.93868064880371
2018-11-07,18.539268493652344
2018-11-08,18.128339767456055
2018-11-09,17.82804298400879
2018-11-12,17.567262649536133
2018-11-13,17.725309371948242
2018-11-14,17.883358001708984
2018-11-15,18.00979995727539
2018-11-16,17.55936050415039
2018-11-19,17.551454544067383
2018-11-20,17.290668487548828
2018-11-21,17.78852653503418
2018-11-23,17.820138931274414
2018-11-26,17.796436309814453
2018-11-27,17.970285415649414
2018-11-28,18.657808303833008
2018-11-29,18.68941307067871
2018-11-30,18.39702033996582
2018-12-03,18.9502010345459
2018-12-04,18.665706634521484
2018-12-06,18.871173858642578
2018-12-07,18.31009292602539
2018-12-10,18.167848587036133
2018-12-11,17.907068252563477
2018-12-12,18.39702033996582
2018-12-13,18.657808303833008
2018-12-14,18.452341079711914
2018-12-17,18.341707229614258
2018-12-18,18.768665313720703
2018-12-19,18.624475479125977
2018-12-20,18.736621856689453
2018-12-21,18.159868240356445
2018-12-24,18.10379409790039
2018-12-26,18.207927703857422
2018-12-27,18.424213409423828
2018-12-28,18.424213409423828
2018-12-31,18.448246002197266
2019-01-02,18.520339965820312
2019-01-03,18.15185546875
2019-01-04,18.544368743896484
2019-01-07,18.856781005859375
2019-01-08,18.920866012573242
2019-01-09,19.217254638671875
2019-01-10,19.177202224731445
2019-01-11,19.04102325439453
2019-01-14,18.952911376953125
2019-01-15,18.94489860534668
2019-01-16,19.201236724853516
2019-01-17,19.217254638671875
2019-01-18,19.225265502929688
2019-01-22,18.952911376953125
2019-01-23,19.449562072753906
2019-01-24,19.345428466796875
2019-01-25,19.369455337524414
2019-01-28,19.185216903686523
2019-01-29,19.185216903686523
2019-01-30,19.3614444732666
2019-01-31,19.49762725830078
2019-02-01,19.337413787841797
2019-02-04,19.393484115600586
2019-02-05,19.545682907104492
2019-02-06,19.353435516357422
2019-02-07,19.04102325439453
2019-02-08,18.88081169128418
2019-02-11,18.70458221435547
2019-02-12,18.88081169128418
2019-02-13,18.400182723999023
2019-02-14,18.400182723999023
2019-02-15,18.504318237304688
2019-02-19,18.60845375061035
2019-02-20,18.816730499267578
2019-02-21,18.632488250732422
2019-02-22,18.648513793945312
2019-02-25,18.89683723449707
2019-02-26,18.984952926635742
2019-02-27,18.680551528930664
2019-02-28,18.696571350097656
2019-03-01,18.696571350097656
2019-03-04,18.664527893066406
2019-03-05,18.65652084350586
2019-03-06,18.584423065185547
2019-03-07,18.135835647583008
2019-03-08,18.288036346435547
2019-03-11,18.31206703186035
2019-03-12,18.448246002197266
2019-03-13,18.544368743896484
2019-03-14,18.544368743896484
2019-03-15,18.920866012573242
2019-03-18,19.008983612060547
2019-03-19,19.03301239013672
2019-03-20,19.249303817749023
2019-03-21,19.03301239013672
2019-03-22,18.496309280395508
2019-03-25,18.512331008911133
2019-03-26,18.528350830078125
2019-03-27,18.496309280395508
2019-03-28,18.416202545166016
2019-03-29,18.328086853027344
2019-04-01,18.624475479125977
2019-04-02,18.7446346282959
2019-04-03,19.121129989624023
2019-04-04,19.01699447631836
2019-04-05,18.776674270629883
2019-04-08,18.92887306213379
2019-04-09,18.912857055664062
2019-04-10,19.1691951751709
2019-04-11,18.952911376953125
2019-04-12,19.0009708404541
2019-04-15,19.03301239013672
2019-04-16,19.04102325439453
2019-04-17,19.089082717895508
2019-04-18,18.89683723449707
2019-04-22,18.864791870117188
2019-04-23,18.88882064819336
2019-04-24,18.6404972076416
2019-04-25,18.60845375061035
2019-04-26,18.688560485839844
2019-04-29,18.696571350097656
2019-04-30,18.624475479125977
2019-05-01,18.440237045288086
2019-05-02,18.31206703186035
2019-05-03,18.544368743896484
2019-05-06,18.22395133972168
2019-05-07,17.631168365478516
2019-05-08,17.454940795898438
2019-05-09,17.342790603637695
2019-05-10,17.551071166992188
2019-05-13,17.142528533935547
2019-05-14,17.07844352722168
2019-05-15,17.18258285522461
2019-05-16,17.134517669677734
2019-05-17,17.086454391479492
2019-05-20,17.150543212890625
2019-05-21,17.27870750427246
2019-05-22,17.446928024291992
2019-05-23,17.11048698425293
2019-05-24,17.35881233215332
2019-05-28,17.382844924926758
2019-05-29,17.35881233215332
2019-05-30,17.655200958251953
2019-05-31,17.88751220703125
2019-06-03,17.831432342529297
2019-06-04,17.88751220703125
2019-06-05,17.75132942199707
2019-06-06,18.135835647583008
2019-06-07,18.408193588256836
2019-06-10,18.368139266967773
2019-06-11,18.552377700805664
2019-06-12,18.424213409423828
2019-06-13,18.560392379760742
2019-06-14,18.296045303344727
2019-06-17,18.239870071411133
2019-06-18,18.68122673034668
2019-06-19,18.673198699951172
2019-06-20,19.01023292541504
2019-06-21,18.769495010375977
2019-06-24,19.00221061706543
2019-06-25,18.761470794677734
2019-06-26,18.873815536499023
2019-06-27,19.09850311279297
2019-06-28,19.058382034301758
2019-07-01,18.95406150817871
2019-07-02,19.01825714111328
2019-07-03,19.090478897094727
2019-07-05,18.905914306640625
2019-07-08,18.857765197753906
2019-07-09,18.657148361206055
2019-07-10,18.737396240234375
2019-07-11,18.70530128479004
2019-07-12,18.761470794677734
2019-07-15,18.825668334960938
2019-07-16,18.68122673034668
2019-07-17,18.584930419921875
2019-07-18,18.9139347076416
2019-07-19,18.889863967895508
2019-07-22,18.9139347076416
2019-07-23,18.71332359313965
2019-07-24,18.753446578979492
2019-07-25,18.464561462402344
2019-07-26,18.440486907958984
2019-07-29,18.19172477722168
2019-07-30,18.055307388305664
2019-07-31,17.926916122436523
2019-08-01,17.405315399169922
2019-08-02,17.549758911132812
2019-08-05,17.172605514526367
2019-08-06,17.260873794555664
2019-08-07,17.140504837036133
2019-08-08,17.22075080871582
2019-08-09,16.93186378479004
2019-08-12,16.779396057128906
2019-08-13,17.04421043395996
2019-08-14,16.31397247314453
2019-08-15,16.33804702758789
2019-08-16,16.36211585998535
2019-08-19,16.49051284790039
2019-08-20,16.56273651123047
2019-08-21,16.651004791259766
2019-08-22,16.570762634277344
2019-08-23,16.33002471923828
2019-08-26,16.49853515625
2019-08-27,16.402246475219727
2019-08-28,16.05718994140625
2019-08-29,16.193603515625
2019-08-30,16.554712295532227
2019-09-03,16.514589309692383
2019-09-04,16.60285758972168
2019-09-05,16.554712295532227
2019-09-06,16.60285758972168
2019-09-09,17.10840606689453
2019-09-10,17.236801147460938
2019-09-11,17.12445831298828
2019-09-12,17.204702377319336
2019-09-13,17.41334342956543
2019-09-16,17.33309555053711
2019-09-17,17.260873794555664
2019-09-18,17.172605514526367
2019-09-19,17.092355728149414
2019-09-20,16.69112777709961
2019-09-23,16.530635833740234
2019-09-24,16.723228454589844
2019-09-25,16.47446632385254
2019-09-26,16.50656509399414
2019-09-27,16.586807250976562
2019-09-30,16.56273651123047
2019-10-01,16.402246475219727
2019-10-02,16.14546012878418
2019-10-03,16.29792594909668
2019-10-04,16.570762634277344
2019-10-07,16.33804702758789
2019-10-08,16.402246475219727
2019-10-09,16.522613525390625
2019-10-10,16.554712295532227
2019-10-11,16.915817260742188
2019-10-14,16.747304916381836
2019-10-15,16.899768829345703
2019-10-16,17.116432189941406
2019-10-17,17.317047119140625
2019-10-18,17.27692222595215
2019-10-21,17.49358367919922
2019-10-22,17.605932235717773
2019-10-23,17.605932235717773
2019-10-24,17.46149444580078
2019-10-25,17.25284767150879
2019-10-28,17.5979061126709
2019-10-29,17.67815399169922
2019-10-30,17.854692459106445
2019-10-31,17.57383155822754
2019-11-01,17.886791229248047
2019-11-04,18.007158279418945
2019-11-05,18.007158279418945
2019-11-06,17.942960739135742
2019-11-07,17.97506332397461
2019-11-08,17.806541442871094
2019-11-11,17.758398056030273
2019-11-12,17.621980667114258
2019-11-13,17.46149444580078
2019-11-14,17.49358367919922
2019-11-15,17.654077529907227
2019-11-18,17.5979061126709
2019-11-19,17.421367645263672
2019-11-20,17.204702377319336
2019-11-21,17.100378036499023
2019-11-22,17.140504837036133
2019-11-25,17.260873794555664
2019-11-26,17.260873794555664
2019-11-27,17.076309204101562
2019-11-29,16.84359359741211
2019-12-02,16.835569381713867
2019-12-03,16.651004791259766
2019-12-04,16.56273651123047
2019-12-05,16.69915199279785
2019-12-06,16.49051284790039
2019-12-09,16.33002471923828
2019-12-10,16.354095458984375
2019-12-11,16.530635833740234
2019-12-12,16.84359359741211
2019-12-13,16.883718490600586
2019-12-16,17.006126403808594
2019-12-17,17.129362106323242
2019-12-18,17.030776977539062
2019-12-19,17.129362106323242
2019-12-20,17.055421829223633
2019-12-23,17.047208786010742
2019-12-24,17.014341354370117
2019-12-26,17.219730377197266
2019-12-27,17.326534271240234
2019-12-30,17.26081085205078
2019-12-31,17.31831932067871
2020-01-02,17.81946563720703
2020-01-03,17.433338165283203
2020-01-06,17.474416732788086
2020-01-07,17.301889419555664
2020-01-08,17.16222381591797
2020-01-09,17.310104370117188
2020-01-10,17.605863571166992
2020-01-13,17.93448257446289
2020-01-14,17.786603927612305
2020-01-15,17.63872528076172
2020-01-16,17.63872528076172
2020-01-17,17.712665557861328
2020-01-21,17.4908447265625
2020-01-22,17.40869140625
2020-01-23,17.40047836303711
2020-01-24,17.277244567871094
2020-01-27,16.63643455505371
2020-01-28,16.800743103027344
2020-01-29,16.67751121520996
2020-01-30,16.63643455505371
2020-01-31,16.4556884765625
2020-02-03,16.422828674316406
2020-02-04,16.76787567138672
2020-02-05,16.948623657226562
2020-02-06,16.83360481262207
2020-02-07,16.62821388244629
2020-02-10,16.529632568359375
2020-02-11,16.7021541595459
2020-02-12,16.866466522216797
2020-02-13,16.619998931884766
2020-02-14,16.537843704223633
2020-02-18,16.41461181640625
2020-02-19,16.422828674316406
2020-02-20,16.201007843017578
2020-02-21,16.11885643005371
2020-02-24,15.387672424316406
2020-02-25,14.993326187133789
2020-02-26,14.91117000579834
2020-02-27,14.459320068359375
2020-02-28,14.023895263671875
2020-03-02,14.598983764648438
2020-03-03,15.001543998718262
2020-03-04,14.944034576416016
2020-03-05,14.459320068359375
2020-03-06,14.303223609924316
2020-03-09,13.153050422668457
2020-03-10,13.35022258758545
2020-03-11,12.13432788848877
2020-03-12,10.466574668884277
2020-03-13,11.132034301757812
2020-03-16,10.211894035339355
2020-03-17,11.156679153442383
2020-03-18,10.53229808807373
2020-03-19,10.671964645385742
2020-03-20,10.598024368286133
2020-03-23,10.302265167236328
2020-03-24,10.655531883239746
2020-03-25,10.869133949279785
2020-03-26,11.468870162963867
2020-03-27,11.263479232788086
2020-03-30,11.247049331665039
2020-03-31,11.288125038146973
2020-04-01,10.877351760864258
2020-04-02,10.967721939086914
2020-04-03,10.852703094482422
2020-04-06,11.674257278442383
2020-04-07,11.863212585449219
2020-04-08,11.896075248718262
2020-04-09,11.797489166259766
2020-04-13,11.69890308380127
2020-04-14,12.413653373718262
2020-04-15,12.0275239944458
2020-04-16,11.772841453552246
2020-04-17,12.290420532226562
2020-04-20,12.142539978027344
2020-04-21,11.73176383972168
2020-04-22,11.953584671020508
2020-04-23,11.945368766784668
2020-04-24,12.035740852355957
2020-04-27,12.043953895568848
2020-04-28,11.920722007751465
2020-04-29,12.380789756774902
2020-04-30,12.21648120880127
2020-05-01,11.904291152954102
2020-05-04,12.06860065460205
2020-05-05,11.945368766784668
2020-05-06,11.608531951904297
2020-05-07,11.813921928405762
2020-05-08,12.019307136535645
2020-05-11,11.854997634887695
2020-05-12,11.99466323852539
2020-05-13,11.863212585449219
2020-05-14,11.912508010864258
2020-05-15,11.68247127532959
2020-05-18,12.298635482788086
2020-05-19,12.200048446655273
2020-05-20,12.430084228515625
2020-05-21,12.397222518920898
2020-05-22,12.306851387023926
2020-05-26,13.095542907714844
2020-05-27,13.358437538146973
2020-05-28,13.251635551452637
2020-05-29,13.473454475402832
2020-06-01,13.73635196685791
2020-06-02,13.892448425292969
2020-06-03,14.253931999206543
2020-06-04,14.24571418762207
2020-06-05,14.681139945983887
2020-06-08,14.919389724731445
2020-06-09,14.70578384399414
2020-06-10,14.894739151000977
2020-06-11,13.974604606628418
2020-06-12,14.212854385375977
2020-06-15,14.100810050964355
2020-06-16,14.19210433959961
2020-06-17,14.059313774108887
2020-06-18,14.100810050964355
2020-06-19,14.051011085510254
2020-06-22,14.333195686340332
2020-06-23,14.441088676452637
2020-06-24,14.059313774108887
2020-06-25,14.142308235168457
2020-06-26,13.81862735748291
2020-06-29,13.909923553466797
2020-06-30,13.785429000854492
2020-07-01,13.901622772216797
2020-07-02,14.100810050964355
2020-07-06,14.29999828338623
2020-07-07,14.009514808654785
2020-07-08,14.109110832214355
2020-07-09,14.059313774108887
2020-07-10,14.075911521911621
2020-07-13,13.926522254943848
2020-07-14,14.100810050964355
2020-07-15,14.142308235168457
2020-07-16,14.13400650024414
2020-07-17,14.283395767211914
2020-07-20,14.690071105957031
2020-07-21,14.872664451599121
2020-07-22,14.90585708618164
2020-07-23,14.797962188720703
2020-07-24,14.897558212280273
2020-07-27,15.163142204284668
2020-07-28,14.939057350158691
2020-07-29,15.105046272277832
2020-07-30,14.714971542358398
2020-07-31,14.59877872467041
2020-08-03,14.822866439819336
2020-08-04,15.046948432922363
2020-08-05,15.221238136291504
2020-08-06,15.088447570800781
2020-08-07,14.880960464477539
2020-08-10,15.022051811218262
2020-08-11,15.022051811218262
2020-08-12,15.246137619018555
2020-08-13,15.304231643676758
2020-08-14,15.395527839660645
2020-08-17,15.461923599243164
2020-08-18,15.503423690795898
2020-08-19,15.138246536254883
2020-08-20,15.262734413146973
2020-08-21,14.955656051635742
2020-08-24,15.146543502807617
2020-08-25,15.121644020080566
2020-08-26,15.229540824890137
2020-08-27,15.121644020080566
2020-08-28,15.329133987426758
2020-08-31,15.05525016784668
2020-09-01,14.839463233947754
2020-09-02,14.781368255615234
2020-09-03,14.432788848876953
2020-09-04,14.44938850402832
2020-09-08,14.042712211608887
2020-09-09,14.54068374633789
2020-09-10,14.29999828338623
2020-09-11,14.432788848876953
2020-09-14,14.482588768005371
2020-09-15,14.283395767211914
2020-09-16,14.125710487365723
2020-09-17,14.399592399597168
2020-09-18,14.19210433959961
2020-09-21,13.752232551574707
2020-09-22,13.710735321044922
2020-09-23,13.370455741882324
2020-09-24,13.187868118286133
2020-09-25,13.270861625671387
2020-09-28,13.660937309265137
2020-09-29,13.843525886535645
2020-09-30,13.660937309265137
2020-10-01,13.860126495361328
2020-10-02,13.586243629455566
2020-10-05,14.100810050964355
2020-10-06,14.067612648010254
2020-10-07,14.125710487365723
2020-10-08,13.976318359375
2020-10-09,13.901622772216797
2020-10-12,13.760531425476074
2020-10-13,13.544744491577148
2020-10-14,13.470050811767578
2020-10-15,12.913986206054688
2020-10-16,13.046777725219727
2020-10-19,12.88078784942627
2020-10-20,13.088274955749512
2020-10-21,12.905686378479004
2020-10-22,12.889084815979004
2020-10-23,12.96378231048584
2020-10-26,12.66500186920166
2020-10-27,12.573704719543457
2020-10-28,11.752059936523438
2020-10-29,11.776957511901855
2020-10-30,11.552871704101562
2020-11-02,11.851651191711426
2020-11-03,12.747994422912598
2020-11-04,12.797792434692383
2020-11-05,13.22106647491455
2020-11-06,13.453450202941895
2020-11-09,13.959716796875
2020-11-10,14.092509269714355
2020-11-11,14.217002868652344
2020-11-12,13.951419830322266
2020-11-13,13.984618186950684
2020-11-16,14.324896812438965
2020-11-17,14.341493606567383
2020-11-18,14.441088676452637
2020-11-19,14.333195686340332
2020-11-20,14.557281494140625
2020-11-23,14.49918270111084
2020-11-24,14.847759246826172
2020-11-25,14.939057350158691
2020-11-27,14.81456470489502
2020-11-30,14.524084091186523
2020-12-01,15.038649559020996
2020-12-02,15.329133987426758
2020-12-03,15.320832252502441
2020-12-04,15.83540153503418
2020-12-07,15.9100980758667
2020-12-08,16.117584228515625
2020-12-09,16.192279815673828
2020-12-10,16.333370208740234
2020-12-11,15.918396949768066
2020-12-14,15.82579231262207
2020-12-15,15.950932502746582
2020-12-16,16.29297637939453
2020-12-17,16.284635543823242
2020-12-18,15.942587852478027
2020-12-21,15.442036628723145
2020-12-22,15.550488471984863
2020-12-23,15.784082412719727
2020-12-24,15.82579231262207
2020-12-28,16.284635543823242
2020-12-29,16.359716415405273
2020-12-30,16.000988006591797
2020-12-31,15.867504119873047
2021-01-04,16.134464263916016
2021-01-05,16.501537322998047
2021-01-06,16.793527603149414
2021-01-07,16.952037811279297
2021-01-08,17.077171325683594
2021-01-11,16.77684783935547
2021-01-12,16.635021209716797
2021-01-13,16.30131721496582
2021-01-14,16.418113708496094
2021-01-15,16.017671585083008
2021-01-19,16.067726135253906
2021-01-20,16.142807006835938
2021-01-21,15.950932502746582
2021-01-22,15.975957870483398
2021-01-25,15.850821495056152
2021-01-26,16.067726135253906
2021-01-27,15.492090225219727
2021-01-28,15.992646217346191
2021-01-29,15.658942222595215
2021-02-01,15.975957870483398
2021-02-02,15.96761703491211
2021-02-03,15.792425155639648
2021-02-04,15.66728687286377
2021-02-05,15.984299659729004
2021-02-08,15.975957870483398
2021-02-09,16.067726135253906
2021-02-10,15.850821495056152
2021-02-11,16.059383392333984
2021-02-12,15.975957870483398
2021-02-16,16.54325294494629
2021-02-17,16.451480865478516
2021-02-18,16.401426315307617
2021-02-19,16.45982551574707
2021-02-22,16.201210021972656
2021-02-23,15.950932502746582
2021-02-24,16.142807006835938
2021-02-25,15.784082412719727
2021-02-26,15.575518608093262
2021-03-01,15.925905227661133
2021-03-02,15.959272384643555
2021-03-03,15.775738716125488
2021-03-04,15.525464057922363
2021-03-05,15.45037841796875
2021-03-08,15.483749389648438
2021-03-09,15.867504119873047
2021-03-10,15.934248924255371
2021-03-11,15.909219741821289
2021-03-12,16.03435707092285
2021-03-15,16.000988006591797
2021-03-16,15.650599479675293
2021-03-17,15.53380298614502
2021-03-18,15.300211906433105
2021-03-19,15.333582878112793
2021-03-22,15.350268363952637
2021-03-23,14.974853515625
2021-03-24,14.757949829101562
2021-03-25,14.707892417907715
2021-03-26,15.200101852416992
2021-03-29,15.133362770080566
2021-03-30,14.99153995513916
2021-03-31,15.099992752075195
2021-04-01,15.492090225219727
2021-04-05,15.625572204589844
2021-04-06,15.959272384643555
2021-04-07,15.950932502746582
2021-04-08,15.917562484741211
2021-04-09,16.009326934814453
2021-04-12,16.084413528442383
2021-04-13,15.975957870483398
2021-04-14,16.251264572143555
2021-04-15,16.42646026611328
2021-04-16,16.42646026611328
2021-04-19,16.267948150634766
2021-04-20,16.184520721435547
2021-04-21,16.201210021972656
2021-04-22,16.084413528442383
2021-04-23,16.234577178955078
2021-04-26,16.384742736816406
2021-04-27,16.318002700805664
2021-04-28,16.61833381652832
2021-04-29,16.960376739501953
2021-04-30,16.551593780517578
2021-05-03,16.785186767578125
2021-05-04,16.34303092956543
2021-05-05,16.66838836669922
2021-05-06,16.810213088989258
2021-05-07,17.319107055664062
2021-05-10,17.26905059814453
2021-05-11,17.494300842285156
2021-05-12,16.98540496826172
2021-05-13,17.152254104614258
2021-05-14,17.42755889892578
2021-05-17,17.569385528564453
2021-05-18,17.769601821899414
2021-05-19,17.611095428466797
2021-05-20,17.953140258789062
2021-05-21,17.777944564819336
2021-05-24,17.944799423217773
2021-05-25,18.19507598876953
2021-05-26,18.19507598876953
2021-05-27,18.453693389892578
2021-05-28,18.804080963134766
2021-06-01,18.954242706298828
2021-06-02,19.071041107177734
2021-06-03,18.870819091796875
2021-06-04,19.071041107177734
2021-06-07,19.029327392578125
2021-06-08,18.912532806396484
2021-06-09,18.712308883666992
2021-06-10,18.95574188232422
2021-06-11,18.462188720703125
2021-06-14,18.55420684814453
2021-06-15,18.470556259155273
2021-06-16,18.186132431030273
2021-06-17,17.876619338989258
2021-06-18,17.868255615234375
2021-06-21,18.17776870727539
2021-06-22,18.26978874206543
2021-06-23,18.202869415283203
2021-06-24,18.637863159179688
2021-06-25,18.73824691772461
2021-06-28,18.70477867126465
2021-06-29,18.453821182250977
2021-06-30,17.960269927978516
2021-07-01,18.294883728027344
2021-07-02,18.345077514648438
2021-07-06,18.027193069458008
2021-07-07,18.395267486572266
2021-07-08,18.085752487182617
2021-07-09,18.261423110961914
2021-07-12,18.244693756103516
2021-07-13,18.06902313232422
2021-07-14,18.17776870727539
2021-07-15,18.052291870117188
2021-07-16,18.018827438354492
2021-07-19,17.4918155670166
2021-07-20,17.567100524902344
2021-07-21,18.01046371459961
2021-07-22,17.91008186340332
2021-07-23,17.935176849365234
2021-07-26,17.960269927978516
2021-07-27,17.776233673095703
2021-07-28,18.002099990844727
2021-07-29,18.303247451782227
2021-07-30,18.236326217651367
2021-08-02,18.286518096923828
2021-08-03,18.31998062133789
2021-08-04,18.38690185546875
2021-08-05,18.445459365844727
2021-08-06,18.202869415283203
2021-08-09,18.253053665161133
2021-08-10,18.22796058654785
2021-08-11,18.31998062133789
2021-08-12,18.437091827392578
2021-08-13,18.612768173217773
2021-08-16,18.570940017700195
2021-08-17,18.437091827392578
2021-08-18,18.202869415283203
2021-08-19,17.97700309753418
2021-08-20,18.06902313232422
2021-08-23,18.361806869506836
2021-08-24,18.437091827392578
2021-08-25,18.637863159179688
2021-08-26,18.545841217041016
2021-08-27,18.69641876220703
2021-08-30,18.95574188232422
2021-08-31,19.323814392089844
2021-09-01,19.516212463378906
2021-09-02,19.5496768951416
2021-09-03,19.59986686706543
2021-09-07,19.683523178100586
2021-09-08,19.307083129882812
2021-09-09,19.173240661621094
2021-09-10,19.24015998840332
2021-09-13,19.466022491455078
2021-09-14,19.616600036621094
2021-09-15,19.507850646972656
2021-09-16,19.323814392089844
2021-09-17,18.930646896362305
2021-09-20,18.294883728027344
2021-09-21,18.278156280517578
2021-09-22,18.72987937927246
2021-09-23,18.70477867126465
2021-09-24,18.55420684814453
2021-09-27,18.529111862182617
2021-09-28,18.077388763427734
2021-09-29,18.018827438354492
2021-09-30,18.336708068847656
2021-10-01,18.821897506713867
2021-10-04,18.830259323120117
2021-10-05,18.905550003051758
2021-10-06,19.081220626831055
2021-10-07,18.98920249938965
2021-10-08,19.248525619506836
2021-10-11,19.574771881103516
2021-10-12,19.75881004333496
2021-10-13,19.716981887817383
2021-10-14,19.94284439086914
2021-10-15,19.96794319152832
2021-10-18,19.84246063232422
2021-10-19,19.909385681152344
2021-10-20,19.8508243560791
2021-10-21,19.675153732299805
2021-10-22,19.574771881103516
2021-10-25,19.59986686706543
2021-10-26,19.54131317138672
2021-10-27,19.35727310180664
2021-10-28,19.532947540283203
2021-10-29,19.457660675048828
2021-11-01,19.54131317138672
2021-11-02,19.482755661010742
2021-11-03,19.44929313659668
2021-11-04,19.65842628479004
2021-11-05,19.725345611572266
2021-11-08,19.675153732299805
2021-11-09,19.491121292114258
2021-11-10,19.00593376159668
2021-11-11,19.014297485351562
2021-11-12,18.89718246459961
2021-11-15,18.512380599975586
2021-11-16,18.3785343170166
2021-11-17,18.21959686279297
2021-11-18,17.726043701171875
2021-11-19,17.35797119140625
2021-11-22,17.2241268157959
2021-11-23,17.44999122619629
2021-11-24,17.291048049926758
2021-11-26,16.546537399291992
2021-11-29,16.67201805114746
2021-11-30,17.098651885986328
2021-12-01,17.23249053955078
2021-12-02,17.575469970703125
2021-12-03,17.3663387298584
2021-12-06,17.441625595092773
2021-12-07,17.709314346313477
2021-12-08,17.67584991455078
2021-12-09,17.399797439575195
2021-12-10,17.458356857299805
2021-12-13,17.254610061645508
2021-12-14,17.254610061645508
2021-12-15,17.017900466918945
2021-12-16,17.22079849243164
2021-12-17,16.933361053466797
2021-12-20,17.1278018951416
2021-12-21,17.203889846801758
2021-12-22,17.339153289794922
2021-12-23,17.381420135498047
2021-12-27,17.499778747558594
2021-12-28,17.660404205322266
2021-12-29,17.804122924804688
2021-12-30,17.787216186523438
2021-12-31,17.804122924804688
2022-01-03,18.074647903442383
2022-01-04,18.176095962524414
2022-01-05,18.074647903442383
2022-01-06,18.083105087280273
2022-01-07,18.556529998779297
2022-01-10,18.429718017578125
2022-01-11,19.004592895507812
2022-01-12,19.537195205688477
2022-01-13,19.2835750579834
2022-01-14,19.19057846069336
2022-01-18,18.573434829711914
2022-01-19,18.556529998779297
2022-01-20,18.277549743652344
2022-01-21,17.998563766479492
2022-01-24,17.17852783203125
2022-01-25,17.203889846801758
2022-01-26,17.305335998535156
2022-01-27,17.237703323364258
2022-01-28,17.11089324951172
2022-01-31,17.356063842773438
2022-02-01,17.592771530151367
2022-02-02,17.939388275146484
2022-02-03,17.930931091308594
2022-02-04,17.601224899291992
2022-02-07,17.60968017578125
2022-02-08,18.040836334228516
2022-02-09,18.277549743652344
2022-02-10,17.863298416137695
2022-02-11,17.170072555541992
2022-02-14,17.026355743408203
2022-02-15,17.956295013427734
2022-02-16,18.06619644165039
2022-02-17,17.398330688476562
2022-02-18,17.11089324951172
2022-02-22,16.51066017150879
2022-02-23,16.045692443847656
2022-02-24,14.794499397277832
2022-02-25,15.597630500793457
2022-02-28,15.14111328125
2022-03-01,14.523971557617188
2022-03-02,15.276376724243164
2022-03-03,14.515519142150879
2022-03-04,13.65320873260498
2022-03-07,12.993797302246094
2022-03-08,13.712385177612305
2022-03-09,14.659234046936035
2022-03-10,14.363344192504883
2022-03-11,14.473249435424805
2022-03-14,14.397160530090332
2022-03-15,14.921308517456055
2022-03-16,15.572267532348633
2022-03-17,16.0372371673584
2022-03-18,15.741345405578613
2022-03-21,15.5891752243042
2022-03-22,15.9188814163208
2022-03-23,15.55535888671875
2022-03-24,15.783617973327637
2022-03-25,15.732894897460938
2022-03-28,15.9188814163208
2022-03-29,16.637470245361328
2022-03-30,16.67974090576172
2022-03-31,16.07105255126953
2022-04-01,16.39230728149414
2022-04-04,16.290857315063477
2022-04-05,15.808979988098145
2022-04-06,15.597630500793457
2022-04-07,15.61453628540039
2022-04-08,15.487725257873535
2022-04-11,15.639899253845215
2022-04-12,15.445457458496094
2022-04-13,15.749800682067871
2022-04-14,15.563813209533691
2022-04-18,15.479273796081543
2022-04-19,15.437005043029785
2022-04-20,15.310195922851562
2022-04-21,14.98894214630127
2022-04-22,14.659234046936035
2022-04-25,14.430976867675781
2022-04-26,13.670116424560547
2022-04-27,13.534852981567383
2022-04-28,13.754658699035645
2022-04-29,13.340412139892578
2022-05-02,13.306595802307129
2022-05-03,13.315049171447754
2022-05-04,13.670116424560547
2022-05-05,12.790902137756348
2022-05-06,12.773993492126465
2022-05-09,12.621822357177734
2022-05-10,12.571097373962402
2022-05-11,12.334385871887207
2022-05-12,12.063857078552246
2022-05-13,12.714816093444824
2022-05-16,12.84162425994873
2022-05-17,13.289687156677246
2022-05-18,12.909256935119629
2022-05-19,13.171330451965332
2022-05-20,13.171330451965332
2022-05-23,13.771565437316895
2022-05-24,13.856104850769043
2022-05-25,13.661663055419922
2022-05-26,13.87301254272461
2022-05-27,13.89837646484375
2022-05-31,13.95755386352539
2022-06-01,13.703933715820312
2022-06-02,14.151994705200195
2022-06-03,13.729293823242188
2022-06-06,13.822290420532227
2022-06-07,13.915284156799316
2022-06-08,13.594030380249023
2022-06-09,13.168445587158203
2022-06-10,12.844350814819336
2022-06-13,12.289979934692383
2022-06-14,12.349681854248047
2022-06-15,12.503199577331543
2022-06-16,12.008529663085938
2022-06-17,12.383797645568848
2022-06-21,12.699361801147461
2022-06-22,12.358210563659668
2022-06-23,12.093818664550781
2022-06-24,12.426441192626953
2022-06-27,12.58848762512207
2022-06-28,12.537315368652344
2022-06-29,12.571430206298828
2022-06-30,12.47761344909668
2022-07-01,12.417912483215332
2022-07-05,11.684435844421387
2022-07-06,11.590619087219238
2022-07-07,11.837955474853516
2022-07-08,12.034117698669434
2022-07-11,11.692965507507324
2022-07-12,11.249469757080078
2022-07-13,11.29211139678955
2022-07-14,11.10447883605957
2022-07-15,11.223882675170898
2022-07-18,11.462689399719238
2022-07-19,11.880598068237305
2022-07-20,11.829425811767578
2022-07-21,11.82089614868164
2022-07-22,11.914713859558105
2022-07-25,11.97441577911377
2022-07-26,11.573562622070312
2022-07-27,11.735610008239746
2022-07-28,11.872069358825684
2022-07-29,12.289979934692383
2022-08-01,12.400854110717773
2022-08-02,12.025588035583496
2022-08-03,12.18763542175293
2022-08-04,12.08528995513916
2022-08-05,11.9061861038208
2022-08-08,12.13646125793457
2022-08-09,12.059703826904297
2022-08-10,12.417912483215332
2022-08-11,12.486143112182617
2022-08-12,12.716418266296387
2022-08-15,12.486143112182617
2022-08-16,12.47761344909668
2022-08-17,12.042646408081055
2022-08-18,11.94882869720459
2022-08-19,11.675907135009766
2022-08-22,11.232410430908203
2022-08-23,11.360342979431152
2022-08-24,11.138593673706055
2022-08-25,11.317699432373047
2022-08-26,10.968019485473633
2022-08-29,10.976546287536621
2022-08-30,10.729211807250977
2022-08-31,10.703625679016113
2022-09-01,10.379532814025879
2022-09-02,10.328359603881836
2022-09-06,10.063966751098633
2022-09-07,10.481879234313965
2022-09-08,10.413646697998047
2022-09-09,10.925374984741211
2022-09-12,11.138593673706055
2022-09-13,10.558636665344238
2022-09-14,10.703625679016113
2022-09-15,10.771857261657715
2022-09-16,10.558636665344238
2022-09-19,10.746270179748535
2022-09-20,10.405118942260742
2022-09-21,10.174840927124023
2022-09-22,10.405118942260742
2022-09-23,9.842218399047852
2022-09-26,9.458422660827637
2022-09-27,9.509597778320312
2022-09-28,9.714286804199219
2022-09-29,9.33049201965332
2022-09-30,9.185503005981445
2022-10-03,9.449894905090332
2022-10-04,10.029851913452148
2022-10-05,9.782517433166504
2022-10-06,9.424307823181152
2022-10-07,9.304905891418457
2022-10-10,9.176973342895508
2022-10-11,9.151386260986328
2022-10-12,9.142858505249023
2022-10-13,9.501068115234375
2022-10-14,9.321964263916016
2022-10-17,9.603413581848145
2022-10-18,9.705758094787598
2022-10-19,9.415779113769531
2022-10-20,9.59488296508789
2022-10-21,9.791046142578125
2022-10-24,9.791046142578125
2022-10-25,10.004264831542969
2022-10-26,10.36247444152832
2022-10-27,10.413646697998047
2022-10-28,10.64392375946045
2022-10-31,10.592751502990723
2022-11-01,10.771857261657715
2022-11-02,10.703625679016113
2022-11-03,10.686569213867188
2022-11-04,11.326227188110352
2022-11-07,11.428571701049805
2022-11-08,11.573562622070312
2022-11-09,11.411515235900879
2022-11-10,12.119404792785645
2022-11-11,12.503199577331543
2022-11-14,12.392324447631836
2022-11-15,12.400854110717773
2022-11-16,12.571430206298828
2022-11-17,12.400854110717773
2022-11-18,12.332624435424805
2022-11-21,12.13646125793457
2022-11-22,12.443498611450195
2022-11-23,12.47761344909668
2022-11-25,12.776121139526367
2022-11-28,12.520258903503418
2022-11-29,12.605544090270996
2022-11-30,12.861408233642578
2022-12-01,13.023457527160645
2022-12-02,12.869937896728516
2022-12-05,12.733477592468262
2022-12-06,12.69083309173584
2022-12-07,12.75053596496582
2022-12-08,12.767593383789062
2022-12-09,12.716418266296387
2022-12-12,13.01492691040039
2022-12-13,13.282310485839844
2022-12-14,13.264946937561035
2022-12-15,12.987147331237793
2022-12-16,12.943739891052246
2022-12-19,12.848247528076172
2022-12-20,13.143410682678223
2022-12-21,13.39516544342041
2022-12-22,13.429891586303711
2022-12-23,13.403847694396973
2022-12-27,13.18681526184082
2022-12-28,13.065279006958008
2022-12-29,13.516702651977539
2022-12-30,13.421210289001465
2023-01-03,13.629558563232422
2023-01-04,14.08098316192627
2023-01-05,13.837909698486328
2023-01-06,14.254609107971191
2023-01-09,14.298015594482422
2023-01-10,14.688672065734863
2023-01-11,14.567134857177734
2023-01-12,14.732078552246094
2023-01-13,14.697354316711426
2023-01-17,14.402190208435059
2023-01-18,14.21120548248291
2023-01-19,14.306695938110352
2023-01-20,14.480321884155273
2023-01-23,14.697354316711426
2023-01-24,14.567134857177734
2023-01-25,14.480321884155273
2023-01-26,14.601859092712402
2023-01-27,14.532408714294434
2023-01-30,14.150434494018555
2023-01-31,14.532408714294434
2023-02-01,14.558452606201172
2023-02-02,14.567134857177734
2023-02-03,14.245927810668945
2023-02-06,13.803183555603027
2023-02-07,13.924722671508789
2023-02-08,13.976810455322266
2023-02-09,13.950765609741211
2023-02-10,13.655603408813477
2023-02-13,13.690329551696777
2023-02-14,13.837909698486328
2023-02-15,13.91604232788086
2023-02-16,13.751097679138184
2023-02-17,13.820547103881836
2023-02-21,13.412528038024902
2023-02-22,13.238903045654297
2023-02-23,13.542747497558594
2023-02-24,13.429891586303711
2023-02-27,13.490657806396484
2023-02-28,13.690329551696777
2023-03-01,13.91604232788086
2023-03-02,13.620878219604492
2023-03-03,13.803183555603027
2023-03-06,14.063621520996094
2023-03-07,13.716373443603516
2023-03-08,13.829228401184082
2023-03-09,13.49934196472168
2023-03-10,13.421210289001465
2023-03-13,13.238903045654297
2023-03-14,13.204177856445312
2023-03-15,12.752752304077148
2023-03-16,12.752752304077148
2023-03-17,12.5270414352417
2023-03-20,12.639897346496582
2023-03-21,13.0479154586792
2023-03-22,12.848247528076172
2023-03-23,12.856929779052734
2023-03-24,12.674620628356934
2023-03-27,12.839567184448242
2023-03-28,12.952422142028809
2023-03-29,13.082639694213867
2023-03-30,13.551427841186523
2023-03-31,13.43857192993164
2023-04-03,13.707690238952637
2023-04-04,13.681646347045898
2023-04-05,13.516702651977539
2023-04-06,13.551427841186523
2023-04-10,13.568790435791016
2023-04-11,13.829228401184082
2023-04-12,14.185159683227539
2023-04-13,14.58449649810791
2023-04-14,14.480321884155273
2023-04-17,14.54109001159668
2023-04-18,14.827573776245117
2023-04-19,14.818888664245605
2023-04-20,15.009878158569336
2023-04-21,14.949109077453613
2023-04-24,15.096689224243164
2023-04-25,14.775485038757324
2023-04-26,14.914382934570312
2023-04-27,15.591522216796875
2023-04-28,15.296359062194824
2023-05-01,15.226910591125488
2023-05-02,15.226910591125488
2023-05-03,15.270317077636719
2023-05-04,14.957792282104492
2023-05-05,15.287678718566895
2023-05-08,15.357128143310547
2023-05-09,15.261632919311523
2023-05-10,15.582840919494629
2023-05-11,15.305041313171387
2023-05-12,15.417895317077637
2023-05-15,15.539433479309082
2023-05-16,15.565479278564453
2023-05-17,15.383170127868652
2023-05-18,15.218230247497559
2023-05-19,15.565479278564453
2023-05-22,15.886683464050293
2023-05-23,15.747782707214355
2023-05-24,15.409215927124023
2023-05-25,15.261632919311523
2023-05-26,15.487346649169922
2023-05-30,15.14877986907959
2023-05-31,14.74075984954834
2023-06-01,15.296359062194824
2023-06-02,15.886683464050293
2023-06-05,15.869322776794434
2023-06-06,16.16448402404785
2023-06-07,15.895364761352539
2023-06-08,16.16448402404785
2023-06-09,16.216571807861328
2023-06-12,16.16448402404785
2023-06-13,15.956133842468262
2023-06-14,16.450963973999023
2023-06-15,16.92843246459961
2023-06-16,16.780851364135742
2023-06-20,16.633270263671875
2023-06-21,16.867666244506836
2023-06-22,16.876346588134766
2023-06-23,16.39019775390625
2023-06-26,16.641952514648438
2023-06-27,16.589866638183594
2023-06-28,16.424922943115234
2023-06-29,16.581186294555664
2023-06-30,16.650634765625
2023-07-03,16.83293914794922
2023-07-05,16.18184471130371
2023-07-06,16.103715896606445
2023-07-07,16.546457290649414
2023-07-10,16.694040298461914
2023-07-11,16.858983993530273
2023-07-12,17.52743911743164
2023-07-13,17.683704376220703
2023-07-14,17.66634178161621
2023-07-17,18.065677642822266
2023-07-18,18.239301681518555
2023-07-19,18.204578399658203
2023-07-20,17.987548828125
2023-07-21,17.909414291381836
2023-07-24,18.056995391845703
2023-07-25,18.143808364868164
2023-07-26,18.187217712402344
2023-07-27,17.926776885986328
2023-07-28,18.239301681518555
2023-07-31,18.308752059936523
2023-08-01,17.987548828125
2023-08-02,17.59688949584961
2023-08-03,17.544801712036133
2023-08-04,17.718427658081055
2023-08-07,17.796560287475586
2023-08-08,17.449308395385742
2023-08-09,17.33645248413086
2023-08-10,17.588211059570312
2023-08-11,17.536121368408203
2023-08-14,17.327770233154297
2023-08-15,17.015247344970703
2023-08-16,16.746129989624023
2023-08-17,16.57250213623047
2023-08-18,16.728763580322266
2023-08-21,16.72008514404297
2023-08-22,16.563819885253906
2023-08-23,16.72008514404297
2023-08-24,16.450963973999023
2023-08-25,16.53777503967285
2023-08-28,16.75480842590332
2023-08-29,16.95448112487793
2023-08-30,16.980520248413086
2023-08-31,16.624589920043945
2023-09-01,16.728763580322266
2023-09-05,16.216571807861328
2023-09-06,15.704378128051758
2023-09-07,15.2008638381958
2023-09-08,15.357128143310547
2023-09-11,15.322402000427246
2023-09-12,15.322402000427246
2023-09-13,15.409215927124023
2023-09-14,15.417895317077637
2023-09-15,15.409215927124023
2023-09-18,15.270317077636719
2023-09-19,15.131414413452148
2023-09-20,15.435261726379395
2023-09-21,15.296359062194824
2023-09-22,15.305041313171387
2023-09-25,15.166138648986816
2023-09-26,15.027241706848145
2023-09-27,14.697354316711426
2023-09-28,14.619222640991211
2023-09-29,14.853614807128906
2023-10-02,14.480321884155273
2023-10-03,14.315378189086914
2023-10-04,14.619222640991211
2023-10-05,14.471640586853027
2023-10-06,14.836254119873047
2023-10-09,15.0532865524292
2023-10-10,15.530754089355469
2023-10-11,15.747782707214355
2023-10-12,15.417895317077637
2023-10-13,15.548115730285645
2023-10-16,16.72008514404297
2023-10-17,17.162826538085938
2023-10-18,16.780851364135742
2023-10-19,16.442283630371094
2023-10-20,16.216571807861328
2023-10-23,16.268659591674805
2023-10-24,16.55514144897461
2023-10-25,16.71140480041504
2023-10-26,16.919750213623047
2023-10-27,16.75480842590332
2023-10-30,17.128103256225586
2023-10-31,17.232276916503906
2023-11-01,17.301729202270508
2023-11-02,17.43194580078125
2023-11-03,17.709745407104492
2023-11-06,17.75315284729004
2023-11-07,17.544801712036133
2023-11-08,17.440628051757812
2023-11-09,17.492713928222656
2023-11-10,17.553485870361328
2023-11-13,17.414583206176758
2023-11-14,18.664684295654297
2023-11-15,18.404247283935547
2023-11-16,18.577869415283203
2023-11-17,18.734134674072266
2023-11-20,19.13347053527832
2023-11-21,18.916440963745117
2023-11-22,18.907756805419922
2023-11-24,18.907756805419922
2023-11-27,18.899076461791992
2023-11-28,19.376544952392578
2023-11-29,19.098745346069336
2023-11-30,18.86435317993164
2023-12-01,19.576215744018555
2023-12-04,19.489402770996094
2023-12-05,19.50676155090332
2023-12-06,19.445993423461914
2023-12-07,19.419952392578125
2023-12-08,19.515445709228516
2023-12-11,19.558853149414062
2023-12-12,19.541488647460938
2023-12-13,19.975553512573242
2023-12-14,20.097089767456055
2023-12-15,19.71511459350586
2023-12-18,20.114452362060547
2023-12-19,20.2967586517334
2023-12-20,19.877944946289062
2023-12-21,20.422670364379883
2023-12-22,20.297649383544922
2023-12-26,20.413740158081055
2023-12-27,20.726285934448242
2023-12-28,20.44053077697754
2023-12-29,20.226211547851562
2024-01-02,19.58325958251953
2024-01-03,19.69934844970703
2024-01-04,19.52968406677246
2024-01-05,19.413591384887695
2024-01-08,19.80650520324707
2024-01-09,19.672557830810547
2024-01-10,19.565401077270508
2024-01-11,19.297504425048828
2024-01-12,19.297504425048828
2024-01-16,18.627761840820312
2024-01-17,18.350934982299805
2024-01-18,18.574180603027344
2024-01-19,18.913516998291016
2024-01-22,18.88672637939453
2024-01-23,18.672412872314453
2024-01-24,18.868867874145508
2024-01-25,18.904586791992188
2024-01-26,18.984956741333008
2024-01-29,18.940305709838867
2024-01-30,19.20820426940918
2024-01-31,19.556468963623047
2024-02-01,20.08333396911621
2024-02-02,20.270862579345703
2024-02-05,19.84222412109375
2024-02-06,19.84222412109375
2024-02-07,20.01189422607422
2024-02-08,19.84222412109375
2024-02-09,19.89580726623535
2024-02-12,20.154773712158203
2024-02-13,19.46717071533203
2024-02-14,20.02082633972168
2024-02-15,20.101192474365234
2024-02-16,20.20835304260254
2024-02-20,20.922744750976562
2024-02-21,20.88702392578125
2024-02-22,21.119199752807617
2024-02-23,21.351377487182617
2024-02-26,21.31566047668457
2024-02-27,21.30672836303711
2024-02-28,20.85130500793457
2024-02-29,20.81558609008789
2024-03-01,20.99418067932129
2024-03-04,20.672706604003906
2024-03-05,20.422670364379883
2024-03-06,20.71735954284668
2024-03-07,20.54768943786621
2024-03-08,20.47625160217285
2024-03-11,20.788795471191406
2024-03-12,21.288867950439453
2024-03-13,21.244220733642578
2024-03-14,21.0924129486084
2024-03-15,20.610197067260742
2024-03-18,20.43160057067871
2024-03-19,20.404809951782227
2024-03-20,20.645917892456055
2024-03-21,20.94953155517578
2024-03-22,20.63698959350586
2024-03-25,20.44053077697754
2024-03-26,20.744144439697266
2024-03-27,20.73521614074707
2024-03-28,21.065622329711914
2024-04-01,21.00311279296875
2024-04-02,21.110271453857422
2024-04-03,21.226360321044922
2024-04-04,21.342449188232422
2024-04-05,21.601415634155273
2024-04-08,22.021120071411133
2024-04-09,21.771081924438477
2024-04-10,21.592487335205078
2024-04-11,21.521047592163086
2024-04-12,20.744144439697266
2024-04-15,20.65484619140625
2024-04-16,19.985105514526367
2024-04-17,20.467321395874023
2024-04-18,20.699495315551758
2024-04-19,20.81558609008789
2024-04-22,21.279937744140625
2024-04-23,21.476396560668945
2024-04-24,21.137062072753906
2024-04-25,21.18170928955078
2024-04-26,21.31566047668457
2024-04-29,21.57462501525879
2024-04-30,21.038833618164062
2024-05-01,21.056692123413086
2024-05-02,21.297800064086914
2024-05-03,21.672855377197266
2024-05-06,22.172927856445312
2024-05-07,21.99433135986328
2024-05-08,22.11042022705078
2024-05-09,22.512264251708984
2024-05-10,22.06576919555664
2024-05-13,22.42296600341797
2024-05-14,22.789091110229492
2024-05-15,22.96769142150879
2024-05-16,22.91411018371582
2024-05-17,23.101640701293945
2024-05-20,23.244516372680664
2024-05-21,23.074848175048828
2024-05-22,22.744441986083984
2024-05-23,22.57477569580078
2024-05-24,22.699790954589844
2024-05-28,22.53012466430664
2024-05-29,21.99433135986328
2024-05-30,22.03005027770996
2024-05-31,22.485475540161133
2024-06-03,22.50333595275879
2024-06-04,21.744293212890625
2024-06-05,21.931821823120117
2024-06-06,22.128278732299805
2024-06-07,21.422819137573242
2024-06-10,21.324588775634766
2024-06-11,20.999902725219727
2024-06-12,21.418264389038086
2024-06-13,20.881671905517578
2024-06-14,20.727060317993164
2024-06-17,21.372791290283203
2024-06-18,21.390979766845703
2024-06-20,21.63654136657715
2024-06-21,21.5910701751709
2024-06-24,22.236799240112305
2024-06-25,22.254987716674805
2024-06-26,22.036712646484375
2024-06-27,22.264081954956055
2024-06-28,22.30955696105957
2024-07-01,22.345935821533203
2024-07-02,22.31865119934082
2024-07-03,22.6369686126709
2024-07-05,22.60968589782715
2024-07-08,22.73701286315918
2024-07-09,22.800674438476562
2024-07-10,22.755203247070312
2024-07-11,22.87343406677246
2024-07-12,23.16446876525879
2024-07-15,23.137184143066406
2024-07-16,22.40959930419922
2024-07-17,22.073091506958008
2024-07-18,22.291366577148438
2024-07-19,22.18222999572754
2024-07-22,22.42778778076172
2024-07-23,21.86391258239746
2024-07-24,21.5728759765625
2024-07-25,21.6274471282959
2024-07-26,21.700204849243164
2024-07-29,21.645633697509766
2024-07-30,21.345504760742188
2024-07-31,21.700204849243164
2024-08-01,21.09994888305664
2024-08-02,21.19999122619629
2024-08-05,20.526975631713867
2024-08-06,20.108613967895508
2024-08-07,19.93581199645996
2024-08-08,20.499691009521484
2024-08-09,20.45421600341797
2024-08-12,21.145421981811523
2024-08-13,21.45464515686035
2024-08-14,21.5364990234375
2024-08-15,21.845722198486328
2024-08-16,22.4368839263916
2024-08-19,22.57330894470215
2024-08-20,22.164039611816406
2024-08-21,22.491453170776367
2024-08-22,22.164039611816406
2024-08-23,22.591495513916016
2024-08-26,22.33683967590332
2024-08-27,22.455074310302734
2024-08-28,22.09128189086914
2024-08-29,22.254987716674805
2024-08-30,22.345935821533203
2024-09-03,22.30046272277832
2024-09-04,22.38231658935547
2024-09-05,22.063995361328125
2024-09-06,21.500120162963867
2024-09-09,21.718393325805664
2024-09-10,21.43645477294922
2024-09-11,21.245464324951172
2024-09-12,21.4637393951416
2024-09-13,21.772964477539062
2024-09-16,21.74567985534668
2024-09-17,21.900291442871094
2024-09-18,21.845722198486328
2024-09-19,22.236799240112305
2024-09-20,21.709299087524414
2024-09-23,21.709299087524414
2024-09-24,22.400503158569336
2024-09-25,22.245891571044922
2024-09-26,22.61878204345703
2024-09-27,22.60968589782715
2024-09-30,22.045806884765625
2024-10-01,21.772964477539062
2024-10-02,21.67292022705078
2024-10-03,21.181800842285156
2024-10-04,21.227275848388672
2024-10-07,21.072664260864258
2024-10-08,21.181800842285156
2024-10-09,21.518306732177734
2024-10-10,21.4637393951416
2024-10-11,21.709299087524414
2024-10-14,21.581972122192383
2024-10-15,21.418264389038086
2024-10-16,21.5546875
2024-10-17,20.881671905517578
2024-10-18,21.145421981811523
2024-10-21,20.827102661132812
2024-10-22,20.490596771240234
2024-10-23,20.354171752929688
2024-10-24,20.41783905029297
2024-10-25,20.290510177612305
2024-10-28,20.42693328857422
2024-10-29,20.781631469726562
2024-10-30,20.290510177612305
2024-10-31,20.245037078857422
2024-11-01,20.18136978149414
2024-11-04,20.45421600341797
2024-11-05,20.536067962646484
2024-11-06,20.281414031982422
2024-11-07,21.19999122619629
2024-11-08,20.818008422851562
2024-11-11,20.57244873046875
2024-11-12,20.099517822265625
2024-11-13,19.917619705200195
2024-11-14,20.11771011352539
2024-11-15,19.772106170654297
2024-11-18,19.872148513793945
2024-11-19,19.280988693237305
2024-11-20,19.335556030273438
2024-11-21,19.544736862182617
2024-11-22,19.562925338745117
2024-11-25,19.81757926940918
2024-11-26,19.808486938476562
2024-11-27,19.899433135986328
2024-11-29,20.090425491333008
2024-12-02,20.41783905029297
2024-12-03,20.308698654174805
2024-12-04,20.563352584838867
2024-12-05,21.045379638671875
2024-12-06,20.990808486938477
2024-12-09,21.018095016479492
2024-12-10,20.981714248657227
2024-12-11,20.745248794555664
2024-12-12,20.508785247802734
2024-12-13,20.654300689697266
2024-12-16,20.68158721923828
2024-12-17,20.036968231201172
2024-12-18,19.593381881713867
2024-12-19,19.87652015686035
2024-12-20,19.88595962524414
2024-12-23,19.970901489257812
2024-12-24,20.112472534179688
2024-12-26,20.14078712463379
2024-12-27,19.914274215698242
2024-12-30,19.81989288330078
2024-12-31,19.697200775146484
2025-01-02,19.73495101928711
2025-01-03,20.046405792236328
2025-01-06,20.423927307128906
2025-01-07,20.310672760009766
2025-01-08,19.96146583557129
2025-01-10,20.084157943725586
2025-01-13,20.084157943725586
2025-01-14,20.376739501953125
2025-01-15,20.72594451904297
2025-01-16,20.60325050354004
2025-01-17,20.839200973510742
2025-01-21,21.565933227539062
2025-01-22,21.830196380615234
2025-01-23,21.962329864501953
2025-01-24,22.273786544799805
2025-01-27,22.236034393310547
2025-01-28,22.25490951538086
2025-01-29,22.132213592529297
2025-01-30,22.679622650146484
2025-01-31,22.30209732055664
2025-02-03,21.71693992614746
2025-02-04,22.264347076416016
2025-02-05,22.24547004699707
2025-02-06,22.840068817138672
2025-02-07,22.9344482421875
2025-02-10,23.17983627319336
2025-02-11,23.74612045288086
2025-02-12,24.227458953857422
2025-02-13,24.406782150268555
2025-02-14,24.321840286254883
2025-02-18,25.23733139038086
2025-02-19,24.65217399597168
2025-02-20,24.71824073791504
2025-02-21,24.529478073120117
2025-02-24,24.18027114868164
2025-02-25,24.491727828979492
2025-02-26,24.708799362182617
2025-02-27,24.11420249938965
2025-02-28,23.859376907348633
2025-03-03,24.23689842224121
2025-03-04,24.076452255249023
2025-03-05,25.407215118408203
2025-03-06,25.350587844848633
2025-03-07,25.879117965698242
2025-03-10,24.954191207885742
2025-03-11,25.369462966918945
2025-03-12,25.64316749572754
2025-03-13,26.030126571655273
2025-03-14,26.898427963256836
2025-03-17,27.3797664642334
2025-03-18,27.511899948120117
2025-03-19,27.172130584716797
2025-03-20,26.75685691833496
2025-03-21,26.549219131469727
2025-03-24,26.955055236816406
2025-03-25,27.47414779663086
2025-03-26,26.82292366027832
2025-03-27,27.077749252319336
2025-03-28,26.832361221313477
2025-03-31,26.435962677001953
2025-04-01,26.6907901763916
2025-04-02,27.172130584716797
2025-04-03,25.964059829711914
2025-04-04,23.727243423461914
2025-04-07,23.16096305847168
2025-04-08,23.31197166442871
2025-04-09,26.13394546508789
2025-04-10,25.416654586791992
2025-04-11,25.718671798706055
2025-04-14,26.03956413269043
2025-04-15,26.030126571655273
2025-04-16,26.181135177612305
2025-04-17,26.70022964477539
2025-04-21,27.021120071411133
2025-04-22,27.606281280517578
2025-04-23,27.776165008544922
2025-04-24,28.49345588684082
2025-04-25,28.35188865661621
2025-04-28,28.597274780273438
2025-04-29,28.597274780273438
2025-04-30,27.823354721069336
2025-05-01,27.795042037963867
2025-05-02,28.399076461791992
2025-05-05,28.1536865234375
2025-05-06,27.823354721069336
2025-05-07,27.993240356445312
2025-05-08,28.25750732421875
2025-05-09,29.14468002319336
2025-05-12,28.786035537719727
2025-05-13,29.069177627563477
2025-05-14,28.955921173095703
2025-05-15,28.776596069335938
2025-05-16,28.61614990234375
2025-05-19,28.814350128173828
2025-05-20,29.040863037109375
2025-05-21,28.399076461791992
2025-05-22,28.30469512939453
2025-05-23,28.172561645507812
2025-05-27,29.08805274963379
2025-05-28,29.49388885498047
2025-05-29,28.993671417236328
2025-05-30,28.663341522216797
2025-06-02,28.776596069335938
2025-06-03,28.238628387451172
2025-06-04,28.521770477294922
2025-06-05,28.07818031311035
2025-06-06,27.80447769165039
2025-06-09,28.314132690429688
2025-06-10,29.097488403320312
2025-06-11,28.899293899536133
2025-06-12,28.908729553222656
2025-06-13,28.182003021240234
2025-06-16,28.21368980407715
2025-06-17,28.223295211791992
2025-06-18,28.194486618041992
2025-06-20,28.54019546508789
2025-06-23,28.338531494140625
2025-06-24,29.346847534179688
2025-06-25,29.3564510345459
2025-06-26,30.393577575683594
2025-06-27,30.431991577148438
2025-06-30,30.979360580444336
2025-07-01,30.78730583190918
2025-07-02,30.912139892578125
2025-07-03,31.517133712768555
2025-07-07,30.96976089477539
2025-07-08,31.325071334838867
2025-07-09,31.421104431152344
2025-07-10,30.777698516845703
2025-07-11,30.681671142578125
2025-07-14,30.864126205444336
2025-07-15,30.403182983398438
2025-07-16,30.70087432861328
2025-07-17,31.05618667602539
2025-07-18,31.555545806884766
2025-07-21,31.593957901000977
2025-07-22,31.622766494750977
2025-07-23,32.12212371826172
2025-07-24,31.968477249145508
2025-07-25,32.026092529296875
2025-07-28,30.85452651977539
2025-07-29,30.96976089477539
2025-07-30,30.931346893310547
2025-07-31,30.489608764648438
2025-08-01,30.44159507751465
2025-08-04,30.67206573486328
2025-08-05,30.52802085876465
2025-08-06,31.536338806152344
2025-08-07,32.198944091796875
2025-08-08,32.62147903442383
2025-08-11,32.11252212524414
2025-08-12,32.640689849853516
2025-08-13,32.71751022338867
2025-08-14,31.949270248413086
2025-08-15,32.12212371826172
2025-08-18,32.30458068847656
2025-08-19,32.44862747192383
2025-08-20,32.439022064208984
2025-08-21,32.05490493774414
2025-08-22,31.401897430419922
2025-08-25,31.296262741088867
2025-08-26,31.555545806884766
2025-08-27,31.05618667602539
2025-08-28,30.796905517578125
2025-08-29,30.44159507751465
2025-09-02,30.047870635986328
2025-09-03,30.268739700317383
2025-09-04,30.85452651977539
2025-09-05,30.864126205444336
2025-09-08,31.574750900268555
2025-09-09,31.094602584838867
2025-09-10,30.56643295288086
2025-09-11,31.305866241455078
2025-09-12,30.99856948852539
2025-09-15,31.507530212402344
2025-09-16,31.219436645507812
2025-09-17,31.0369815826416
2025-09-18,30.796905517578125
2025-09-19,30.49921226501465
2025-09-22,30.729684829711914
2025-09-23,30.768096923828125
2025-09-24,30.816110610961914
2025-09-25,30.316753387451172
2025-09-26,30.892934799194336
2025-09-29,30.835317611694336
2025-09-30,30.9217472076416
2025-10-01,31.305866241455078
2025-10-02,31.507530212402344
2025-10-03,31.613162994384766
2025-10-06,31.219436645507812
2025-10-07,31.28666114807129
2025-10-08,31.325071334838867
2025-10-09,30.99856948852539
2025-10-10,30.51841926574707
2025-10-13,31.1234073638916
2025-10-14,30.94095230102539
2025-10-15,31.593957901000977
2025-10-16,31.526737213134766
2025-10-17,31.613162994384766
2025-10-20,32.16053771972656
2025-10-21,31.7860164642334
2025-10-22,32.487037658691406
2025-10-23,32.81353759765625
2025-10-24,32.563865661621094
2025-10-27,32.842350006103516
2025-10-28,33.466548919677734
2025-10-29,33.15924835205078
2025-10-30,32.86155700683594
2025-10-31,32.371803283691406
2025-11-03,32.439022064208984
2025-11-04,31.987682342529297
2025-11-05,32.17974090576172
2025-11-06,32.60227584838867
2025-11-07,32.49664306640625
2025-11-10,33.072818756103516
2025-11-11,33.18806076049805
2025-11-12,33.05361557006836
2025-11-13,32.77513122558594
2025-11-14,32.80393981933594
2025-11-17,32.06450271606445
2025-11-18,31.565147399902344
2025-11-19,31.968477249145508
2025-11-20,31.2674560546875
2025-11-21,31.72840118408203
2025-11-24,31.632368087768555
2025-11-25,32.39100646972656
2025-11-26,32.71751022338867
2025-11-28,32.71751022338867
2025-12-01,32.55426025390625
2025-12-02,32.314186096191406
2025-12-03,32.27577209472656
2025-12-04,32.198944091796875
2025-12-05,32.11252212524414
2025-12-08,32.17974090576172
2025-12-09,32.89036560058594
2025-12-10,33.49535369873047
2025-12-11,33.869873046875
2025-12-12,33.80265426635742
2025-12-15,34.47486877441406
2025-12-16,34.15623092651367
2025-12-17,34.01726531982422
2025-12-18,34.15623092651367
2025-12-19,34.523502349853516
2025-12-22,34.940406799316406
2025-12-23,34.731956481933594
2025-12-24,34.890777587890625
2025-12-26,34.940406799316406
2025-12-29,34.70217514038086
2025-12-30,34.900699615478516
2025-12-31,34.930477142333984
2026-01-02,35.982662200927734
2026-01-05,35.90325164794922
2026-01-06,35.99258804321289
2026-01-07,36.330078125
2026-01-08,35.55583190917969
2026-01-09,35.93303298950195
2026-01-12,36.1117057800293
2026-01-13,35.8238410949707
2026-01-14,35.7642822265625
2026-01-15,35.883399963378906
2026-01-16,35.655094146728516
2026-01-20,35.575687408447266
2026-01-21,35.883399963378906
2026-01-22,36.98521423339844
2026-01-23,36.617942810058594
2026-01-26,37.46167755126953
2026-01-27,38.15650939941406
2026-01-28,37.96791458129883
2026-01-29,38.096954345703125
2026-01-30,37.312782287597656
2026-02-02,37.38226318359375
2026-02-03,38.06717300415039
2026-02-04,37.9976921081543
2026-02-05,37.09440231323242
2026-02-06,37.64034652709961
2026-02-09,38.474151611328125
2026-02-10,37.82894515991211
2026-02-11,38.10688018798828
2026-02-12,37.63042068481445
2026-02-13,37.392189025878906
2026-02-17,37.223445892333984
2026-02-18,37.45174789428711
2026-02-19,37.37234115600586
2026-02-20,37.531158447265625
2026-02-23,37.81901931762695
2026-02-24,37.670127868652344
2026-02-25,38.42451858520508
2026-02-26,37.908355712890625
2026-02-27,37.84880065917969
2026-03-02,37.034847259521484
2026-03-03,35.26797103881836
2026-03-04,35.942955017089844
2026-03-05,35.535980224609375
2026-03-06,35.10914993286133
2026-03-09,35.39701461791992
2026-03-10,35.416866302490234
2026-03-11,35.466495513916016
2026-03-12,34.61283874511719
2026-03-13,34.22571563720703
2026-03-16,34.821292877197266
2026-03-17,35.81391906738281
2026-03-18,34.999961853027344
2026-03-19,35.26797103881836
2026-03-20,34.22571563720703
2026-03-23,35.05952072143555
2026-03-24,34.354759216308594
2026-03-25,35.228267669677734
2026-03-26,34.6922492980957
2026-03-27,34.324981689453125
2026-03-30,34.38453674316406
2026-03-31,36.141483306884766
2026-04-01,36.21096420288086
2026-04-02,36.49882888793945
2026-04-06,36.76683807373047
2026-04-07,36.98521423339844
2026-04-08,38.29548263549805
2026-04-09,38.79179382324219
2026-04-10,39.000244140625
2026-04-13,39.55611038208008
2026-04-14,39.9432373046875
2026-04-15,40.18146514892578
2026-04-16,39.63552474975586
2026-04-17,40.34028625488281
2026-04-20,40.052425384521484
2026-04-21,39.07965087890625
2026-04-22,39.28810501098633
2026-04-23,38.474151611328125
2026-04-24,38.65282440185547
2026-04-27,38.216068267822266
2026-04-28,37.92820739746094
2026-04-29,37.670127868652344
2026-04-30,38.096954345703125
2026-05-01,38.047325134277344
2026-05-04,37.719757080078125
2026-05-05,38.55356216430664
2026-05-06,39.8836784362793
2026-05-07,38.851348876953125
2026-05-08,38.74216079711914
2026-05-11,39.417144775390625
2026-05-12,38.57341384887695
2026-05-13,39.27817916870117
2026-05-14,39.417144775390625
2026-05-15,38.3748893737793
2026-05-18,39.367515563964844
2026-05-19,38.63296890258789
2026-05-20,39.456851959228516
2026-05-21,39.466773986816406
2026-05-22,39.65537643432617
2026-05-26,40.15168762207031
2026-05-27,40.1318359375
2026-05-28,40.30057907104492
2026-05-29,40.21124267578125
2026-06-01,39.754638671875
2026-06-02,39.8836784362793
2026-06-03,39.675228118896484
2026-06-04,40.06235122680664
2026-06-05,38.613121032714844
2026-06-08,39.11935806274414
2026-06-09,39.258323669433594
2026-06-10,38.623046875
2026-06-11,40.26087951660156
2026-06-12,40.64800262451172
2026-06-15,39.90999984741211
2026-06-16,40.689998626708984
2026-06-17,40.22999954223633
2026-06-18,39.75
2026-06-22,39.36000061035156
2026-06-23,38.72999954223633
2026-06-24,37.9900016784668
2026-06-25,38.54999923706055
2026-06-26,38.27000045776367
2026-06-29,38.47999954223633
2026-06-30,38.61000061035156
2026-07-01,38.689998626708984
2026-07-02,39.439998626708984
2026-07-06,39.900001525878906
2026-07-07,39.45000076293945
2026-07-08,39.779998779296875
2026-07-09,39.58000183105469
2026-07-10,40.369998931884766
2026-07-13,40.15999984741211
2026-07-14,40.779998779296875
2026-07-15,41.04999923706055
2026-07-16,40.63999938964844
2026-07-17,40.349998474121094
2026-07-20,40.45000076293945
2026-07-21,41.31999969482422
2026-07-22,41.369998931884766
2026-07-23,40.779998779296875
2026-07-24,40.91999816894531
2026-07-27,41.06999969482422
2026-07-28,41.2400016784668
2026-07-29,41.560001373291016
2026-07-30,42.7599983215332
2026-07-31,42.83000183105469
2026-08-03,42.939998626708984
2026-08-04,44.06999969482422
2026-08-05,43.68000030517578
2026-08-06,44.060001373291016
2026-08-07,44.189998626708984
2026-08-10,44.15999984741211
2026-08-11,44.38999938964844
2026-08-12,44.599998474121094
2026-08-13,43.959999084472656
2026-08-14,44.45000076293945
2026-08-17,43.959999084472656
2026-08-18,43.630001068115234
2026-08-19,44.599998474121094
2026-08-20,44.16999816894531
2026-08-21,44.41999816894531
2026-08-24,44.52000045776367
2026-08-25,44.689998626708984
2026-08-26,44.72999954223633
2026-08-27,43.58000183105469
2026-08-28,43.47999954223633
2026-08-31,44.099998474121094
2026-09-01,43.779998779296875
2026-09-02,44.15999984741211
2026-09-03,44.54999923706055
2026-09-04,45.119998931884766
2026-09-08,45.7599983215332
2026-09-09,45.54999923706055
2026-09-10,45.150001525878906
2026-09-11,45.560001373291016
2026-09-14,45.13999938964844
2026-09-15,44.86000061035156
2026-09-16,44.16999816894531
2026-09-17,44.779998779296875
2026-09-18,44.40999984741211
2026-09-21,45.66999816894531
2026-09-22,45.56999969482422
2026-09-23,44.58000183105469
2026-09-24,44.720001220703125
2026-09-25,44.849998474121094
2026-09-28,44.65999984741211
2026-09-29,44.20000076293945
2026-09-30,44.31999969482422
2026-10-01,43.25
2026-10-02,43.029998779296875
2026-10-05,43.5099983215332
2026-10-06,44.5
2026-10-07,43.599998474121094
