date,adjclose
2011-10-10,13.224047660827637
2011-10-11,13.26602840423584
2011-10-12,13.402467727661133
2011-10-13,13.318504333496094
2011-10-14,13.454943656921387
2011-10-17,13.203060150146484
2011-10-18,13.391972541809082
2011-10-19,13.192562103271484
2011-10-20,12.951169967651367
2011-10-21,13.192562103271484
2011-10-24,13.59138298034668
2011-10-25,13.433953285217285
2011-10-26,13.59138298034668
2011-10-27,14.189613342285156
2011-10-28,13.94821834564209
2011-10-31,13.59138298034668
2011-11-01,13.51791763305664
2011-11-02,13.748811721801758
2011-11-03,13.717325210571289
2011-11-04,13.790790557861328
2011-11-07,13.769803047180176
2011-11-08,13.895746231079102
2011-11-09,13.329000473022461
2011-11-10,13.192562103271484
2011-11-11,13.454943656921387
2011-11-14,13.444448471069336
2011-11-15,13.528409004211426
2011-11-16,13.203060150146484
2011-11-17,12.96166706085205
2011-11-18,12.96166706085205
2011-11-21,12.52086353302002
2011-11-22,12.562846183776855
2011-11-23,12.111547470092773
2011-11-25,12.080063819885254
2011-11-28,12.510370254516602
2011-11-29,12.478882789611816
2011-11-30,12.96166706085205
2011-12-01,13.108598709106445
2011-12-02,12.951169967651367
2011-12-05,13.003646850585938
2011-12-06,12.70977783203125
2011-12-07,12.793740272521973
2011-12-08,12.43690299987793
2011-12-09,12.583833694458008
2011-12-12,12.42640495300293
2011-12-13,12.363433837890625
2011-12-14,12.342443466186523
2011-12-15,12.279473304748535
2011-12-16,12.279473304748535
2011-12-19,11.954119682312012
2011-12-20,12.285905838012695
2011-12-21,12.71295166015625
2011-12-22,12.866254806518555
2011-12-23,13.05240535736084
2011-12-27,12.953852653503418
2011-12-28,12.723902702331543
2011-12-29,12.931955337524414
2011-12-30,12.822455406188965
2012-01-03,12.964802742004395
2012-01-04,12.910053253173828
2012-01-05,13.030502319335938
2012-01-06,12.953852653503418
2012-01-09,13.030502319335938
2012-01-10,13.326155662536621
2012-01-11,13.348054885864258
2012-01-12,13.391852378845215
2012-01-13,13.227603912353516
2012-01-17,13.304254531860352
2012-01-18,13.501351356506348
2012-01-19,13.698454856872559
2012-01-20,13.643702507019043
2012-01-23,13.764154434204102
2012-01-24,13.753205299377441
2012-01-25,13.862704277038574
2012-01-26,13.840805053710938
2012-01-27,13.818903923034668
2012-01-30,13.709403991699219
2012-01-31,13.961250305175781
2012-02-01,14.158354759216309
2012-02-02,14.235003471374512
2012-02-03,14.508752822875977
2012-02-06,14.311654090881348
2012-02-07,14.388303756713867
2012-02-08,14.629203796386719
2012-02-09,14.760605812072754
2012-02-10,14.454005241394043
2012-02-13,14.607304573059082
2012-02-14,14.51970386505127
2012-02-15,14.651107788085938
2012-02-16,14.607304573059082
2012-02-17,14.607304573059082
2012-02-21,14.47590446472168
2012-02-22,14.651107788085938
2012-02-23,14.574454307556152
2012-02-24,14.618254661560059
2012-02-27,14.49780559539795
2012-02-28,14.716804504394531
2012-02-29,14.902955055236816
2012-03-01,15.143854141235352
2012-03-02,14.979602813720703
2012-03-05,14.716804504394531
2012-03-06,14.366405487060547
2012-03-07,14.574454307556152
2012-03-08,14.760605812072754
2012-03-09,14.7387056350708
2012-03-12,14.552552223205566
2012-03-13,14.979602813720703
2012-03-14,14.859153747558594
2012-03-15,14.935805320739746
2012-03-16,14.848203659057617
2012-03-19,14.837252616882324
2012-03-20,14.563505172729492
2012-03-21,14.716804504394531
2012-03-22,14.673004150390625
2012-03-23,14.804405212402344
2012-03-26,14.782504081726074
2012-03-27,14.727754592895508
2012-03-28,14.7387056350708
2012-03-29,14.541604042053223
2012-03-30,14.694904327392578
2012-04-02,14.618254661560059
2012-04-03,14.300705909729004
2012-04-04,14.070756912231445
2012-04-05,14.213103294372559
2012-04-09,14.09265422821045
2012-04-10,13.90650463104248
2012-04-11,14.191204071044922
2012-04-12,14.377354621887207
2012-04-13,14.355453491210938
2012-04-16,14.267854690551758
2012-04-17,14.256903648376465
2012-04-18,14.103606224060059
2012-04-19,14.103606224060059
2012-04-20,13.994104385375977
2012-04-23,13.786054611206055
2012-04-24,13.90650463104248
2012-04-25,14.147404670715332
2012-04-26,14.235003471374512
2012-04-27,14.09265422821045
2012-04-30,14.026954650878906
2012-05-01,14.08170223236084
2012-05-02,14.355453491210938
2012-05-03,14.300705909729004
2012-05-04,14.180255889892578
2012-05-07,14.09265422821045
2012-05-08,13.950304985046387
2012-05-09,13.840805053710938
2012-05-10,13.895553588867188
2012-05-11,13.731303215026855
2012-05-14,13.51230239868164
2012-05-15,13.55610466003418
2012-05-16,13.282353401184082
2012-05-17,13.315205574035645
2012-05-18,13.14000415802002
2012-05-21,13.40280532836914
2012-05-22,13.391852378845215
2012-05-23,13.205703735351562
2012-05-24,13.041454315185547
2012-05-25,12.910053253173828
2012-05-29,13.45755386352539
2012-05-30,13.14000415802002
2012-05-31,13.216654777526855
2012-06-01,12.702004432678223
2012-06-04,12.62535572052002
2012-06-05,12.702004432678223
2012-06-06,12.99765396118164
2012-06-07,12.99765396118164
2012-06-08,12.811505317687988
2012-06-11,12.71295166015625
2012-06-12,12.888154029846191
2012-06-13,12.822455406188965
2012-06-14,12.888154029846191
2012-06-15,13.1728515625
2012-06-18,13.205703735351562
2012-06-19,13.359006881713867
2012-06-20,13.391852378845215
2012-06-21,12.986705780029297
2012-06-22,13.085253715515137
2012-06-25,12.822455406188965
2012-06-26,12.910053253173828
2012-06-27,12.99765396118164
2012-06-28,12.964802742004395
2012-06-29,13.391852378845215
2012-07-02,13.391852378845215
2012-07-03,13.654655456542969
2012-07-05,13.567054748535156
2012-07-06,13.359006881713867
2012-07-09,13.369955062866211
2012-07-10,13.194754600524902
2012-07-11,13.205703735351562
2012-07-12,12.975754737854004
2012-07-13,13.074301719665527
2012-07-16,12.975754737854004
2012-07-17,13.074301719665527
2012-07-18,12.986705780029297
2012-07-19,13.161904335021973
2012-07-20,13.107154846191406
2012-07-23,12.778653144836426
2012-07-24,12.702004432678223
2012-07-25,12.702004432678223
2012-07-26,12.910053253173828
2012-07-27,13.304254531860352
2012-07-30,13.238553047180176
2012-07-31,13.326155662536621
2012-08-01,13.369955062866211
2012-08-02,13.282353401184082
2012-08-03,13.610855102539062
2012-08-06,13.610855102539062
2012-08-07,13.621803283691406
2012-08-08,13.654655456542969
2012-08-09,13.840805053710938
2012-08-10,13.928403854370117
2012-08-13,13.818903923034668
2012-08-14,13.91745376586914
2012-08-15,13.895553588867188
2012-08-16,14.016003608703613
2012-08-17,13.91745376586914
2012-08-20,13.873656272888184
2012-08-21,13.950304985046387
2012-08-22,13.950304985046387
2012-08-23,13.840805053710938
2012-08-24,13.895553588867188
2012-08-27,13.829856872558594
2012-08-28,13.698454856872559
2012-08-29,13.720354080200195
2012-08-30,13.665604591369629
2012-08-31,13.862704277038574
2012-09-04,13.829856872558594
2012-09-05,13.709403991699219
2012-09-06,13.862704277038574
2012-09-07,14.059802055358887
2012-09-10,14.037904739379883
2012-09-11,14.202155113220215
2012-09-12,14.43210506439209
2012-09-13,14.705854415893555
2012-09-14,14.892004013061523
2012-09-17,14.804405212402344
2012-09-18,14.804405212402344
2012-09-19,14.848203659057617
2012-09-20,14.804405212402344
2012-09-21,14.815356254577637
2012-09-24,14.848203659057617
2012-09-25,14.607304573059082
2012-09-26,14.508752822875977
2012-09-27,14.694904327392578
2012-09-28,14.651107788085938
2012-10-01,14.760605812072754
2012-10-02,14.837252616882324
2012-10-03,14.77155590057373
2012-10-04,14.760605812072754
2012-10-05,14.782504081726074
2012-10-08,14.563505172729492
2012-10-09,14.388303756713867
2012-10-10,14.289754867553711
2012-10-11,14.256903648376465
2012-10-12,14.180255889892578
2012-10-15,14.366405487060547
2012-10-16,14.454005241394043
2012-10-17,14.486851692199707
2012-10-18,14.344504356384277
2012-10-19,14.04885482788086
2012-10-22,14.169302940368652
2012-10-23,13.840805053710938
2012-10-24,13.928403854370117
2012-10-25,13.950304985046387
2012-10-26,13.807951927185059
2012-10-31,13.807951927185059
2012-11-01,13.983153343200684
2012-11-02,13.840805053710938
2012-11-05,13.972206115722656
2012-11-06,14.114553451538086
2012-11-07,13.91745376586914
2012-11-08,13.928403854370117
2012-11-09,14.158354759216309
2012-11-12,14.202155113220215
2012-11-13,13.91745376586914
2012-11-14,13.775107383728027
2012-11-15,13.884605407714844
2012-11-16,13.895553588867188
2012-11-19,14.059802055358887
2012-11-20,14.037904739379883
2012-11-21,13.851753234863281
2012-11-23,14.454005241394043
2012-11-26,14.552552223205566
2012-11-27,14.47590446472168
2012-11-28,14.585404396057129
2012-11-29,14.77155590057373
2012-11-30,14.848203659057617
2012-12-03,14.782504081726074
2012-12-04,14.837252616882324
2012-12-05,14.924854278564453
2012-12-06,14.979602813720703
2012-12-07,15.012456893920898
2012-12-10,14.99055290222168
2012-12-11,15.03435230255127
2012-12-12,15.100051879882812
2012-12-13,15.132905006408691
2012-12-14,15.100051879882812
2012-12-17,15.012456893920898
2012-12-18,15.035909652709961
2012-12-19,14.8683500289917
2012-12-20,14.8683500289917
2012-12-21,14.689619064331055
2012-12-24,14.689619064331055
2012-12-26,14.79015827178955
2012-12-27,14.901863098144531
2012-12-28,14.991230964660645
2012-12-31,15.21464729309082
2013-01-02,15.438060760498047
2013-01-03,15.281672477722168
2013-01-04,15.225815773010254
2013-01-07,15.05825424194336
2013-01-08,14.924203872680664
2013-01-09,15.05825424194336
2013-01-10,15.315184593200684
2013-01-11,15.203474998474121
2013-01-14,15.169962882995605
2013-01-15,15.080595970153809
2013-01-16,14.935375213623047
2013-01-17,14.968887329101562
2013-01-18,15.024741172790527
2013-01-22,15.05825424194336
2013-01-23,15.013572692871094
2013-01-24,14.8683500289917
2013-01-25,14.79015827178955
2013-01-28,14.734299659729004
2013-01-29,14.957717895507812
2013-01-30,14.946550369262695
2013-01-31,14.968887329101562
2013-02-01,15.013572692871094
2013-02-04,14.991230964660645
2013-02-05,15.002400398254395
2013-02-06,15.10293960571289
2013-02-07,15.047085762023926
2013-02-08,15.10293960571289
2013-02-11,15.14762020111084
2013-02-12,15.181133270263672
2013-02-13,15.192303657531738
2013-02-14,15.292841911315918
2013-02-15,15.236989974975586
2013-02-19,15.326354026794434
2013-02-20,15.270500183105469
2013-02-21,15.091768264770508
2013-02-22,15.169962882995605
2013-02-25,14.879521369934082
2013-02-26,14.946550369262695
2013-02-27,15.091768264770508
2013-02-28,15.10293960571289
2013-03-01,15.14762020111084
2013-03-04,14.913032531738281
2013-03-05,15.158791542053223
2013-03-06,15.14762020111084
2013-03-07,15.192303657531738
2013-03-08,15.292841911315918
2013-03-11,15.25932788848877
2013-03-12,15.10293960571289
2013-03-13,15.14762020111084
2013-03-14,15.114110946655273
2013-03-15,14.913032531738281
2013-03-18,14.77898120880127
2013-03-19,14.689619064331055
2013-03-20,14.74547004699707
2013-03-21,14.633763313293457
2013-03-22,14.667274475097656
2013-03-25,14.689619064331055
2013-03-26,14.879521369934082
2013-03-27,14.913032531738281
2013-03-28,14.901863098144531
2013-04-01,14.879521369934082
2013-04-02,14.980058670043945
2013-04-03,14.901863098144531
2013-04-04,14.890690803527832
2013-04-05,14.834837913513184
2013-04-08,14.566740036010742
2013-04-09,14.577910423278809
2013-04-10,14.667274475097656
2013-04-11,14.801325798034668
2013-04-12,14.611420631408691
2013-04-15,14.410346031188965
2013-04-16,14.74547004699707
2013-04-17,14.522055625915527
2013-04-18,14.700787544250488
2013-04-19,15.125280380249023
2013-04-22,15.125280380249023
2013-04-23,15.13644790649414
2013-04-24,15.203474998474121
2013-04-25,15.304010391235352
2013-04-26,15.203474998474121
2013-04-29,15.505086898803711
2013-04-30,15.639137268066406
2013-05-01,15.505086898803711
2013-05-02,15.672645568847656
2013-05-03,15.762015342712402
2013-05-06,15.72850227355957
2013-05-07,15.773184776306152
2013-05-08,16.085968017578125
2013-05-09,15.985433578491211
2013-05-10,15.896065711975098
2013-05-13,15.62796688079834
2013-05-14,15.706158638000488
2013-05-15,15.694991111755371
2013-05-16,15.72850227355957
2013-05-17,15.829041481018066
2013-05-20,15.80670166015625
2013-05-21,15.85137939453125
2013-05-22,15.706158638000488
2013-05-23,15.460404396057129
2013-05-24,15.371036529541016
2013-05-28,15.527429580688477
2013-05-29,15.505086898803711
2013-05-30,15.404546737670898
2013-05-31,15.236989974975586
2013-06-03,15.51626205444336
2013-06-04,15.270500183105469
2013-06-05,15.125280380249023
2013-06-06,15.24815845489502
2013-06-07,15.292841911315918
2013-06-10,15.236989974975586
2013-06-11,15.069425582885742
2013-06-12,14.991230964660645
2013-06-13,15.035909652709961
2013-06-14,14.79015827178955
2013-06-17,14.991230964660645
2013-06-18,15.069425582885742
2013-06-19,14.801325798034668
2013-06-20,14.198104858398438
2013-06-21,14.287467956542969
2013-06-24,14.06405258178711
2013-06-25,14.45503044128418
2013-06-26,14.566740036010742
2013-06-27,14.667274475097656
2013-06-28,14.857179641723633
2013-07-01,14.935375213623047
2013-07-02,14.857179641723633
2013-07-03,14.74547004699707
2013-07-05,14.913032531738281
2013-07-08,14.812495231628418
2013-07-09,14.991230964660645
2013-07-10,15.069425582885742
2013-07-11,15.694991111755371
2013-07-12,15.549772262573242
2013-07-15,15.639137268066406
2013-07-16,15.706158638000488
2013-07-17,15.750845909118652
2013-07-18,15.326354026794434
2013-07-19,15.080595970153809
2013-07-22,15.292841911315918
2013-07-23,15.438060760498047
2013-07-24,15.326354026794434
2013-07-25,15.404546737670898
2013-07-26,15.337523460388184
2013-07-29,15.203474998474121
2013-07-30,15.382210731506348
2013-07-31,15.225815773010254
2013-08-01,15.326354026794434
2013-08-02,15.304010391235352
2013-08-05,15.281672477722168
2013-08-06,14.991230964660645
2013-08-07,14.667274475097656
2013-08-08,14.834837913513184
2013-08-09,14.734299659729004
2013-08-12,14.801325798034668
2013-08-13,14.991230964660645
2013-08-14,14.901863098144531
2013-08-15,14.700787544250488
2013-08-16,14.812495231628418
2013-08-19,14.678446769714355
2013-08-20,14.678446769714355
2013-08-21,14.510881423950195
2013-08-22,14.622591972351074
2013-08-23,14.823671340942383
2013-08-26,14.767812728881836
2013-08-27,14.54439926147461
2013-08-28,14.700787544250488
2013-08-29,14.935375213623047
2013-08-30,15.05825424194336
2013-09-03,15.281672477722168
2013-09-04,15.493916511535645
2013-09-05,15.594450950622559
2013-09-06,15.62796688079834
2013-09-09,15.81786823272705
2013-09-10,15.862552642822266
2013-09-11,15.81786823272705
2013-09-12,15.672645568847656
2013-09-13,15.706158638000488
2013-09-16,15.862552642822266
2013-09-17,15.80670166015625
2013-09-18,16.130653381347656
2013-09-19,16.119482040405273
2013-09-20,15.873722076416016
2013-09-23,15.918405532836914
2013-09-24,15.918405532836914
2013-09-25,15.784355163574219
2013-09-26,15.750845909118652
2013-09-27,15.672645568847656
2013-09-30,15.549772262573242
2013-10-01,15.81786823272705
2013-10-02,15.80670166015625
2013-10-03,16.085968017578125
2013-10-04,16.231189727783203
2013-10-07,16.018943786621094
2013-10-08,15.951918601989746
2013-10-09,16.03011703491211
2013-10-10,16.2535343170166
2013-10-11,16.287044525146484
2013-10-14,16.17533302307129
2013-10-15,16.119482040405273
2013-10-16,16.16416358947754
2013-10-17,16.2758731842041
2013-10-18,16.354068756103516
2013-10-21,16.231189727783203
2013-10-22,16.39875030517578
2013-10-23,16.05245590209961
2013-10-24,16.16416358947754
2013-10-25,16.14182472229004
2013-10-28,16.208847045898438
2013-10-29,16.264705657958984
2013-10-30,16.22001838684082
2013-10-31,16.22001838684082
2013-11-01,16.097139358520508
2013-11-04,16.119482040405273
2013-11-05,15.85137939453125
2013-11-06,15.896065711975098
2013-11-07,15.72850227355957
2013-11-08,15.739677429199219
2013-11-11,15.650306701660156
2013-11-12,15.639137268066406
2013-11-13,15.560942649841309
2013-11-14,15.549772262573242
2013-11-15,15.762015342712402
2013-11-18,15.717329978942871
2013-11-19,15.762015342712402
2013-11-20,15.62796688079834
2013-11-21,15.438060760498047
2013-11-22,15.527429580688477
2013-11-25,15.493916511535645
2013-11-26,15.706158638000488
2013-11-27,15.81786823272705
2013-11-29,16.063629150390625
2013-12-02,15.829041481018066
2013-12-03,15.92957878112793
2013-12-04,15.996604919433594
2013-12-05,15.81786823272705
2013-12-06,16.05245590209961
2013-12-09,16.119482040405273
2013-12-10,16.097139358520508
2013-12-11,15.951918601989746
2013-12-12,15.829041481018066
2013-12-13,15.873722076416016
2013-12-16,15.85137939453125
2013-12-17,15.784355163574219
2013-12-18,16.002887725830078
2013-12-19,15.752490043640137
2013-12-20,15.798015594482422
2013-12-23,15.934598922729492
2013-12-24,15.911833763122559
2013-12-26,15.866305351257324
2013-12-27,16.11670684814453
2013-12-30,16.344343185424805
2013-12-31,16.412635803222656
2014-01-02,15.991507530212402
2014-01-03,15.934598922729492
2014-01-06,15.752490043640137
2014-01-07,15.854927062988281
2014-01-08,15.854927062988281
2014-01-09,15.775253295898438
2014-01-10,15.968740463256836
2014-01-13,15.820778846740723
2014-01-14,15.968740463256836
2014-01-15,16.093944549560547
2014-01-16,16.128087997436523
2014-01-17,16.048416137695312
2014-01-21,16.002887725830078
2014-01-22,16.128087997436523
2014-01-23,15.889070510864258
2014-01-24,15.763870239257812
2014-01-27,15.50208854675293
2014-01-28,15.615904808044434
2014-01-29,15.342742919921875
2014-01-30,15.376887321472168
2014-01-31,15.445176124572754
2014-02-03,15.115104675292969
2014-02-04,15.308595657348633
2014-02-05,15.228923797607422
2014-02-06,15.433795928955078
2014-02-07,15.547615051269531
2014-02-10,15.422412872314453
2014-02-11,15.695575714111328
2014-02-12,15.798015594482422
2014-02-13,15.752490043640137
2014-02-14,15.957364082336426
2014-02-18,15.87768840789795
2014-02-19,15.820778846740723
2014-02-20,15.832159996032715
2014-02-21,15.9232177734375
2014-02-24,15.87768840789795
2014-02-25,15.718343734741211
2014-02-26,15.866305351257324
2014-02-27,16.01426887512207
2014-02-28,16.002887725830078
2014-03-03,15.820778846740723
2014-03-04,15.900449752807617
2014-03-05,15.957364082336426
2014-03-06,16.27605628967285
2014-03-07,16.19638442993164
2014-03-10,16.15085220336914
2014-03-11,16.025651931762695
2014-03-12,16.207761764526367
2014-03-13,16.059797286987305
2014-03-14,16.093944549560547
2014-03-17,16.230527877807617
2014-03-18,16.230527877807617
2014-03-19,15.911833763122559
2014-03-20,15.809398651123047
2014-03-21,15.820778846740723
2014-03-24,15.87768840789795
2014-03-25,16.13947296142578
2014-03-26,16.13947296142578
2014-03-27,16.28743553161621
2014-03-28,16.28743553161621
2014-03-31,16.37849235534668
2014-04-01,16.583362579345703
2014-04-02,16.617507934570312
2014-04-03,16.583362579345703
2014-04-04,16.54921531677246
2014-04-07,16.515073776245117
2014-04-08,16.69718360900879
2014-04-09,16.867908477783203
2014-04-10,16.7313289642334
2014-04-11,16.71994400024414
2014-04-14,16.71994400024414
2014-04-15,16.811002731323242
2014-04-16,16.867908477783203
2014-04-17,16.970348358154297
2014-04-21,16.833765029907227
2014-04-22,16.890674591064453
2014-04-23,16.742708206176758
2014-04-24,16.811002731323242
2014-04-25,16.401256561279297
2014-04-28,16.70856285095215
2014-04-29,16.79962158203125
2014-04-30,16.663036346435547
2014-05-01,16.67441749572754
2014-05-02,16.811002731323242
2014-05-05,16.77685546875
2014-05-06,16.788236618041992
2014-05-07,16.867908477783203
2014-05-08,16.92481803894043
2014-05-09,16.742708206176758
2014-05-12,16.788236618041992
2014-05-13,16.765474319458008
2014-05-14,16.75408935546875
2014-05-15,16.7313289642334
2014-05-16,16.913434982299805
2014-05-19,16.902055740356445
2014-05-20,16.84514617919922
2014-05-21,16.87929344177246
2014-05-22,17.084165573120117
2014-05-23,17.1069278717041
2014-05-27,17.243511199951172
2014-05-28,17.32318687438965
2014-05-29,17.334564208984375
2014-05-30,17.197980880737305
2014-06-02,17.26627540588379
2014-06-03,17.32318687438965
2014-06-04,17.243511199951172
2014-06-05,17.380096435546875
2014-06-06,17.380096435546875
2014-06-09,17.482528686523438
2014-06-10,17.59634780883789
2014-06-11,17.50529670715332
2014-06-12,17.482528686523438
2014-06-13,17.471149444580078
2014-06-16,17.482528686523438
2014-06-17,17.619112014770508
2014-06-18,17.755695343017578
2014-06-19,17.823986053466797
2014-06-20,17.64187240600586
2014-06-23,17.619112014770508
2014-06-24,17.5849666595459
2014-06-25,17.6760196685791
2014-06-26,17.767074584960938
2014-06-27,17.880895614624023
2014-06-30,17.98333168029785
2014-07-01,18.313405990600586
2014-07-02,18.35893440246582
2014-07-03,18.484134674072266
2014-07-07,18.55242156982422
2014-07-08,18.47275161743164
2014-07-09,18.506895065307617
2014-07-10,18.620716094970703
2014-07-11,18.56380844116211
2014-07-14,18.700389862060547
2014-07-15,18.654863357543945
2014-07-16,18.427223205566406
2014-07-17,18.05162239074707
2014-07-18,18.25649642944336
2014-07-21,18.393077850341797
2014-07-22,18.56380844116211
2014-07-23,18.57518768310547
2014-07-24,18.60933494567871
2014-07-25,18.393077850341797
2014-07-28,18.44998550415039
2014-07-29,18.336170196533203
2014-07-30,18.404462814331055
2014-07-31,17.926420211791992
2014-08-01,17.99471664428711
2014-08-04,18.142675399780273
2014-08-05,17.664640426635742
2014-08-06,17.732927322387695
2014-08-07,17.744312286376953
2014-08-08,17.86951446533203
2014-08-11,18.006093978881836
2014-08-12,17.960569381713867
2014-08-13,18.199586868286133
2014-08-14,18.210968017578125
2014-08-15,18.142675399780273
2014-08-18,18.142675399780273
2014-08-19,18.381694793701172
2014-08-20,18.484134674072266
2014-08-21,18.34755516052246
2014-08-22,18.57518768310547
2014-08-25,18.59795379638672
2014-08-26,18.666240692138672
2014-08-27,18.871116638183594
2014-08-28,18.814207077026367
2014-08-29,18.79144287109375
2014-09-02,18.632095336914062
2014-09-03,18.802825927734375
2014-09-04,18.72315216064453
2014-09-05,18.802825927734375
2014-09-08,18.71177101135254
2014-09-09,18.666240692138672
2014-09-10,18.586566925048828
2014-09-11,18.484134674072266
2014-09-12,18.199586868286133
2014-09-15,18.131298065185547
2014-09-16,18.165441513061523
2014-09-17,18.15406036376953
2014-09-18,18.222349166870117
2014-09-19,18.097150802612305
2014-09-22,17.812604904174805
2014-09-23,17.755695343017578
2014-09-24,17.937803268432617
2014-09-25,17.471149444580078
2014-09-26,17.493911743164062
2014-09-29,17.32318687438965
2014-09-30,17.380096435546875
2014-10-01,17.209365844726562
2014-10-02,17.425621032714844
2014-10-03,17.767074584960938
2014-10-06,17.687400817871094
2014-10-07,17.45976448059082
2014-10-08,17.687400817871094
2014-10-09,17.3914737701416
2014-10-10,16.970348358154297
2014-10-13,16.936201095581055
2014-10-14,17.175220489501953
2014-10-15,17.004493713378906
2014-10-16,17.0614013671875
2014-10-17,16.913434982299805
2014-10-20,17.186599731445312
2014-10-21,17.357330322265625
2014-10-22,17.32318687438965
2014-10-23,17.448387145996094
2014-10-24,17.32318687438965
2014-10-27,17.334564208984375
2014-10-28,17.687400817871094
2014-10-29,17.687400817871094
2014-10-30,17.6760196685791
2014-10-31,17.89227867126465
2014-11-03,17.86951446533203
2014-11-04,17.89227867126465
2014-11-05,17.823986053466797
2014-11-06,17.59634780883789
2014-11-07,17.710172653198242
2014-11-10,17.949188232421875
2014-11-11,17.9150447845459
2014-11-12,17.664640426635742
2014-11-13,17.755695343017578
2014-11-14,17.812604904174805
2014-11-17,17.64187240600586
2014-11-18,17.55082130432129
2014-11-19,17.744312286376953
2014-11-20,17.835369110107422
2014-11-21,18.11991310119629
2014-11-24,17.99471664428711
2014-11-25,17.903657913208008
2014-11-26,18.02886199951172
2014-11-28,17.99471664428711
2014-12-01,17.710172653198242
2014-12-02,17.55082130432129
2014-12-03,17.9150447845459
2014-12-04,17.89227867126465
2014-12-05,17.89227867126465
2014-12-08,17.721548080444336
2014-12-09,17.59634780883789
2014-12-10,17.26627540588379
2014-12-11,17.27765464782715
2014-12-12,17.1069278717041
2014-12-15,17.1069278717041
2014-12-16,16.958965301513672
2014-12-17,17.076208114624023
2014-12-18,17.12264633178711
2014-12-19,17.273557662963867
2014-12-22,17.447683334350586
2014-12-23,17.26194953918457
2014-12-24,17.4012508392334
2014-12-26,17.436077117919922
2014-12-29,17.528945922851562
2014-12-30,17.552160263061523
2014-12-31,17.54055404663086
2015-01-02,17.34320831298828
2015-01-05,17.12264633178711
2015-01-06,16.77438735961914
2015-01-07,17.064603805541992
2015-01-08,17.4012508392334
2015-01-09,17.23872947692871
2015-01-12,17.099428176879883
2015-01-13,17.227121353149414
2015-01-14,17.12264633178711
2015-01-15,17.424467086791992
2015-01-16,17.552160263061523
2015-01-20,17.784332275390625
2015-01-21,17.935245513916016
2015-01-22,18.225460052490234
2015-01-23,18.318326950073242
2015-01-26,18.38797950744629
2015-01-27,18.376371383666992
2015-01-28,18.237070083618164
2015-01-29,18.155807495117188
2015-01-30,17.679855346679688
2015-02-02,18.01650619506836
2015-02-03,18.202241897583008
2015-02-04,18.271894454956055
2015-02-05,18.318326950073242
2015-02-06,17.981678009033203
2015-02-09,17.900419235229492
2015-02-10,17.993288040161133
2015-02-11,18.097763061523438
2015-02-12,18.353151321411133
2015-02-13,18.57371711730957
2015-02-17,18.457632064819336
2015-02-18,18.434415817260742
2015-02-19,18.32993507385254
2015-02-20,18.434415817260742
2015-02-23,18.29511260986328
2015-02-24,18.56210708618164
2015-02-25,18.631755828857422
2015-02-26,18.596935272216797
2015-02-27,18.57371711730957
2015-03-02,18.585325241088867
2015-03-03,18.504064559936523
2015-03-04,18.434415817260742
2015-03-05,18.446025848388672
2015-03-06,18.271894454956055
2015-03-09,18.17902374267578
2015-03-10,17.853986740112305
2015-03-11,18.039724349975586
2015-03-12,18.202241897583008
2015-03-13,18.132593154907227
2015-03-16,18.248676300048828
2015-03-17,18.32993507385254
2015-03-18,18.75945472717285
2015-03-19,18.654979705810547
2015-03-20,18.724626541137695
2015-03-23,18.747844696044922
2015-03-24,18.782670974731445
2015-03-25,18.318326950073242
2015-03-26,18.306720733642578
2015-03-27,18.167417526245117
2015-03-30,18.306720733642578
2015-03-31,18.271894454956055
2015-04-01,18.271894454956055
2015-04-02,18.654979705810547
2015-04-06,18.736238479614258
2015-04-07,18.56210708618164
2015-04-08,18.38797950744629
2015-04-09,18.38797950744629
2015-04-10,18.57371711730957
2015-04-13,18.457632064819336
2015-04-14,18.353151321411133
2015-04-15,18.32993507385254
2015-04-16,18.457632064819336
2015-04-17,18.306720733642578
2015-04-20,18.376371383666992
2015-04-21,18.364763259887695
2015-04-22,18.689802169799805
2015-04-23,19.212188720703125
2015-04-24,19.52562141418457
2015-04-27,19.76940155029297
2015-04-28,19.61849021911621
2015-04-29,19.432750701904297
2015-04-30,19.084495544433594
2015-05-01,19.247011184692383
2015-05-04,19.23540496826172
2015-05-05,19.09610366821289
2015-05-06,19.072885513305664
2015-05-07,19.026447296142578
2015-05-08,19.084495544433594
2015-05-11,18.91036605834961
2015-05-12,18.898757934570312
2015-05-13,19.084495544433594
2015-05-14,18.99162483215332
2015-05-15,19.049671173095703
2015-05-18,19.003236770629883
2015-05-19,19.293453216552734
2015-05-20,19.154150009155273
2015-05-21,19.049671173095703
2015-05-22,19.084495544433594
2015-05-26,18.99162483215332
2015-05-27,19.281841278076172
2015-05-28,19.200578689575195
2015-05-29,18.96841049194336
2015-06-01,18.794279098510742
2015-06-02,18.782670974731445
2015-06-03,18.747844696044922
2015-06-04,18.109376907348633
2015-06-05,18.004894256591797
2015-06-08,18.051332473754883
2015-06-09,17.819162368774414
2015-06-10,18.29511260986328
2015-06-11,18.167417526245117
2015-06-12,18.225460052490234
2015-06-15,18.19063377380371
2015-06-16,18.132593154907227
2015-06-17,18.17902374267578
2015-06-18,18.32993507385254
2015-06-19,18.248676300048828
2015-06-22,18.57371711730957
2015-06-23,18.620149612426758
2015-06-24,18.46923828125
2015-06-25,18.631755828857422
2015-06-26,18.515674591064453
2015-06-29,18.14419937133789
2015-06-30,18.318326950073242
2015-07-01,18.585325241088867
2015-07-02,18.56210708618164
2015-07-06,18.353151321411133
2015-07-07,18.248676300048828
2015-07-08,17.494121551513672
2015-07-09,17.447683334350586
2015-07-10,17.73790168762207
2015-07-13,17.993288040161133
2015-07-14,17.993288040161133
2015-07-15,17.865591049194336
2015-07-16,17.993288040161133
2015-07-17,18.004894256591797
2015-07-20,17.87720489501953
2015-07-21,17.888813018798828
2015-07-22,17.528945922851562
2015-07-23,17.366426467895508
2015-07-24,17.064603805541992
2015-07-27,16.727956771850586
2015-07-28,16.983341217041016
2015-07-29,17.052995681762695
2015-07-30,17.134252548217773
2015-07-31,17.076208114624023
2015-08-03,16.71634864807129
2015-08-04,16.693130493164062
2015-08-05,16.797605514526367
2015-08-06,16.495784759521484
2015-08-07,16.426128387451172
2015-08-10,16.797605514526367
2015-08-11,16.112699508666992
2015-08-12,15.892136573791504
2015-08-13,15.903741836547852
2015-08-14,15.96178913116455
2015-08-17,15.741225242614746
2015-08-18,15.381359100341797
2015-08-19,15.149188995361328
2015-08-20,15.033102035522461
2015-08-21,14.452674865722656
2015-08-24,13.91867733001709
2015-08-25,14.464282035827637
2015-08-26,14.96345043182373
2015-08-27,15.485835075378418
2015-08-28,15.451008796691895
2015-08-31,15.509052276611328
2015-09-01,15.056320190429688
2015-09-02,15.34653377532959
2015-09-03,15.427793502807617
2015-09-04,15.044708251953125
2015-09-08,15.520661354064941
2015-09-09,15.718008995056152
2015-09-10,15.822482109069824
2015-09-11,15.83409309387207
2015-09-14,15.79926872253418
2015-09-15,15.892136573791504
2015-09-16,16.147525787353516
2015-09-17,16.29843521118164
2015-09-18,15.996613502502441
2015-09-21,15.822482109069824
2015-09-22,15.474226951599121
2015-09-23,15.39296817779541
2015-09-24,15.137580871582031
2015-09-25,15.137580871582031
2015-09-28,14.789322853088379
2015-09-29,14.870583534240723
2015-09-30,15.276884078979492
2015-10-01,15.601921081542969
2015-10-02,15.776054382324219
2015-10-05,16.089481353759766
2015-10-06,15.96178913116455
2015-10-07,16.344871520996094
2015-10-08,16.344871520996094
2015-10-09,16.44934844970703
2015-10-12,16.414522171020508
2015-10-13,16.217178344726562
2015-10-14,16.333261489868164
2015-10-15,16.681520462036133
2015-10-16,16.693130493164062
2015-10-19,16.54221534729004
2015-10-20,16.577041625976562
2015-10-21,16.3216552734375
2015-10-22,16.600257873535156
2015-10-23,16.681520462036133
2015-10-26,16.65830421447754
2015-10-27,16.50739288330078
2015-10-28,16.3216552734375
2015-10-29,16.147525787353516
2015-10-30,16.135913848876953
2015-11-02,16.414522171020508
2015-11-03,16.704734802246094
2015-11-04,16.902082443237305
2015-11-05,16.86725425720215
2015-11-06,16.495784759521484
2015-11-09,16.112699508666992
2015-11-10,15.950180053710938
2015-11-11,15.83409309387207
2015-11-12,15.741225242614746
2015-11-13,15.509052276611328
2015-11-16,15.776054382324219
2015-11-17,15.79926872253418
2015-11-18,15.83409309387207
2015-11-19,16.03144073486328
2015-11-20,16.089481353759766
2015-11-23,15.996613502502441
2015-11-24,15.96178913116455
2015-11-25,15.88052749633789
2015-11-27,15.590313911437988
2015-11-30,15.706399917602539
2015-12-01,16.03144073486328
2015-12-02,15.79926872253418
2015-12-03,15.729616165161133
2015-12-04,15.926963806152344
2015-12-07,15.787659645080566
2015-12-08,15.555490493774414
2015-12-09,15.31170654296875
2015-12-10,15.288490295410156
2015-12-11,14.893800735473633
2015-12-14,15.056320190429688
2015-12-15,15.265273094177246
2015-12-16,15.497447967529297
2015-12-17,15.381359100341797
2015-12-18,15.334925651550293
2015-12-21,15.453428268432617
2015-12-22,15.57313060760498
2015-12-23,15.704803466796875
2015-12-24,15.644954681396484
2015-12-28,15.644954681396484
2015-12-29,15.489338874816895
2015-12-30,15.261908531188965
2015-12-31,15.285846710205078
2016-01-04,14.819012641906738
2016-01-05,14.77113151550293
2016-01-06,14.435969352722168
2016-01-07,14.100804328918457
2016-01-08,14.028986930847168
2016-01-11,14.088835716247559
2016-01-12,14.064896583557129
2016-01-13,13.933223724365234
2016-01-14,14.196564674377441
2016-01-15,13.574122428894043
2016-01-19,14.005045890808105
2016-01-20,13.669880867004395
2016-01-21,13.789583206176758
2016-01-22,14.136716842651367
2016-01-25,14.028986930847168
2016-01-26,14.220508575439453
2016-01-27,14.12474536895752
2016-01-28,14.268386840820312
2016-01-29,14.759161949157715
2016-02-01,14.759161949157715
2016-02-02,14.579609870910645
2016-02-03,14.90280532836914
2016-02-04,15.070387840270996
2016-02-05,14.830982208251953
2016-02-08,14.675373077392578
2016-02-09,14.495820045471191
2016-02-10,14.507790565490723
2016-02-11,14.364147186279297
2016-02-12,14.531729698181152
2016-02-16,15.166146278381348
2016-02-17,15.297818183898926
2016-02-18,15.309789657592773
2016-02-19,15.154176712036133
2016-02-22,15.417521476745605
2016-02-23,15.190088272094727
2016-02-24,15.142204284667969
2016-02-25,15.393579483032227
2016-02-26,15.309789657592773
2016-02-29,15.369640350341797
2016-03-01,15.824501991271973
2016-03-02,15.836472511291504
2016-03-03,15.956172943115234
2016-03-04,16.231489181518555
2016-03-07,16.1716365814209
2016-03-08,15.98011589050293
2016-03-09,16.016027450561523
2016-03-10,16.063905715942383
2016-03-11,16.37512969970703
2016-03-14,16.35118865966797
2016-03-15,16.075878143310547
2016-03-16,16.494831085205078
2016-03-17,16.698322296142578
2016-03-18,16.770143508911133
2016-03-21,16.71029281616211
2016-03-22,16.59058952331543
2016-03-23,16.37512969970703
2016-03-24,16.387100219726562
2016-03-28,16.315277099609375
2016-03-29,16.42300796508789
2016-03-30,16.734233856201172
2016-03-31,16.59058952331543
2016-04-01,16.506799697875977
2016-04-04,16.35118865966797
2016-04-05,16.027996063232422
2016-04-06,16.063905715942383
2016-04-07,15.692830085754395
2016-04-08,15.896324157714844
2016-04-11,16.087844848632812
2016-04-12,16.15966796875
2016-04-13,16.411041259765625
2016-04-14,16.279369354248047
2016-04-15,16.26740074157715
2016-04-18,16.387100219726562
2016-04-19,16.399066925048828
2016-04-20,16.1716365814209
2016-04-21,16.016027450561523
2016-04-22,16.016027450561523
2016-04-25,16.016027450561523
2016-04-26,16.183609008789062
2016-04-27,16.21951675415039
2016-04-28,15.81253433227539
2016-04-29,15.632981300354004
2016-05-02,15.716772079467773
2016-05-03,15.357671737670898
2016-05-04,15.142204284667969
2016-05-05,15.118268013000488
2016-05-06,15.09432315826416
2016-05-09,14.950684547424316
2016-05-10,15.13023853302002
2016-05-11,15.022503852844238
2016-05-12,14.962655067443848
2016-05-13,14.795074462890625
2016-05-16,14.99856185913086
2016-05-17,14.986595153808594
2016-05-18,15.070387840270996
2016-05-19,14.890832901000977
2016-05-20,15.13023853302002
2016-05-23,15.489338874816895
2016-05-24,15.57313060760498
2016-05-25,15.728739738464355
2016-05-26,15.836472511291504
2016-05-27,15.896324157714844
2016-05-31,15.968143463134766
2016-06-01,16.099817276000977
2016-06-02,16.147695541381836
2016-06-03,16.37512969970703
2016-06-06,16.446949005126953
2016-06-07,16.65044403076172
2016-06-08,16.770143508911133
2016-06-09,16.614532470703125
2016-06-10,16.291337966918945
2016-06-13,16.087844848632812
2016-06-14,16.1716365814209
2016-06-15,16.399066925048828
2016-06-16,16.279369354248047
2016-06-17,16.30331039428711
2016-06-20,16.60256004333496
2016-06-21,16.71029281616211
2016-06-22,16.638469696044922
2016-06-23,17.00954818725586
2016-06-24,16.05193519592285
2016-06-27,15.992086410522461
2016-06-28,16.387100219726562
2016-06-29,16.698322296142578
2016-06-30,16.818025588989258
2016-07-01,17.00954818725586
2016-07-05,16.68635368347168
2016-07-06,16.578622817993164
2016-07-07,16.662412643432617
2016-07-08,16.913787841796875
2016-07-11,17.153186798095703
2016-07-12,17.380619049072266
2016-07-13,17.344711303710938
2016-07-14,17.512290954589844
2016-07-15,17.631994247436523
2016-07-18,17.919279098510742
2016-07-19,17.76366424560547
2016-07-20,17.835481643676758
2016-07-21,17.871397018432617
2016-07-22,17.907304763793945
2016-07-25,17.65593147277832
2016-07-26,17.895334243774414
2016-07-27,17.895334243774414
2016-07-28,18.01503562927246
2016-07-29,17.9910945892334
2016-08-01,18.19458770751953
2016-08-02,18.086856842041016
2016-08-03,18.098827362060547
2016-08-04,18.146709442138672
2016-08-05,18.457929611206055
2016-08-08,18.49384117126465
2016-08-09,18.64945411682129
2016-08-10,18.769153594970703
2016-08-11,18.733243942260742
2016-08-12,18.577632904052734
2016-08-15,18.661420822143555
2016-08-16,18.49384117126465
2016-08-17,18.350200653076172
2016-08-18,18.481868743896484
2016-08-19,18.182619094848633
2016-08-22,17.919279098510742
2016-08-23,18.01503562927246
2016-08-24,18.098827362060547
2016-08-25,18.32625961303711
2016-08-26,18.206558227539062
2016-08-29,18.278379440307617
2016-08-30,18.19458770751953
2016-08-31,17.9910945892334
2016-09-01,18.050945281982422
2016-09-02,18.266408920288086
2016-09-06,18.769153594970703
2016-09-07,18.805065155029297
2016-09-08,18.72127342224121
2016-09-09,18.003067016601562
2016-09-12,18.074886322021484
2016-09-13,17.691843032836914
2016-09-14,17.823514938354492
2016-09-15,18.122766494750977
2016-09-16,17.9910945892334
2016-09-19,18.553691864013672
2016-09-20,18.56566047668457
2016-09-21,18.984615325927734
2016-09-22,18.924762725830078
2016-09-23,18.74521255493164
2016-09-26,18.505809783935547
2016-09-27,18.74521255493164
2016-09-28,18.888856887817383
2016-09-29,18.70930290222168
2016-09-30,18.793094635009766
2016-10-03,18.793094635009766
2016-10-04,18.64945411682129
2016-10-05,18.82900619506836
2016-10-06,18.852943420410156
2016-10-07,18.852943420410156
2016-10-10,19.02052879333496
2016-10-11,18.62551498413086
2016-10-12,18.82900619506836
2016-10-13,18.589601516723633
2016-10-14,18.505809783935547
2016-10-17,18.49384117126465
2016-10-18,18.817033767700195
2016-10-19,18.93673324584961
2016-10-20,18.87688446044922
2016-10-21,18.840974807739258
2016-10-24,18.960674285888672
2016-10-25,19.044466018676758
2016-10-26,18.948705673217773
2016-10-27,18.69733428955078
2016-10-28,18.733243942260742
2016-10-31,18.86491584777832
2016-11-01,18.661420822143555
2016-11-02,18.481868743896484
2016-11-03,18.433990478515625
2016-11-04,18.32625961303711
2016-11-07,18.942720413208008
2016-11-08,18.9965877532959
2016-11-09,18.344213485717773
2016-11-10,17.937231063842773
2016-11-11,17.805559158325195
2016-11-14,17.631994247436523
2016-11-15,17.9910945892334
2016-11-16,17.87738037109375
2016-11-17,17.9791259765625
2016-11-18,17.919279098510742
2016-11-21,18.110797882080078
2016-11-22,18.410049438476562
2016-11-23,18.254440307617188
2016-11-25,18.374141693115234
2016-11-28,18.416034698486328
2016-11-29,18.451946258544922
2016-11-30,18.398080825805664
2016-12-01,18.200572967529297
2016-12-02,18.254440307617188
2016-12-05,18.29633331298828
2016-12-06,18.49384117126465
2016-12-07,18.70930290222168
2016-12-08,18.870901107788086
2016-12-09,18.769153594970703
2016-12-12,18.667407989501953
2016-12-13,18.846961975097656
2016-12-14,18.344213485717773
2016-12-15,18.56566047668457
2016-12-16,18.332242965698242
2016-12-19,18.17064666748047
2016-12-20,18.1886043548584
2016-12-21,18.097320556640625
2016-12-22,17.803251266479492
2016-12-23,17.864517211914062
2016-12-27,17.90740394592285
2016-12-28,17.92578125
2016-12-29,18.109575271606445
2016-12-30,17.99317169189453
2017-01-03,18.219846725463867
2017-01-04,18.256603240966797
2017-01-05,18.593557357788086
2017-01-06,18.54454803466797
2017-01-09,18.55067253112793
2017-01-10,18.636442184448242
2017-01-11,18.740589141845703
2017-01-12,18.869245529174805
2017-01-13,18.86311912536621
2017-01-17,18.81410789489746
2017-01-18,18.605810165405273
2017-01-19,18.575180053710938
2017-01-20,18.771223068237305
2017-01-23,19.02853012084961
2017-01-24,19.175561904907227
2017-01-25,19.371604919433594
2017-01-26,19.32872200012207
2017-01-27,19.334848403930664
2017-01-30,19.26133155822754
2017-01-31,19.31034278869629
2017-02-01,19.322595596313477
2017-02-02,19.212322235107422
2017-02-03,19.414491653442383
2017-02-06,19.414491653442383
2017-02-07,19.34710121154785
2017-02-08,19.371604919433594
2017-02-09,19.46963119506836
2017-02-10,19.77594566345215
2017-02-13,19.90460205078125
2017-02-14,19.97199249267578
2017-02-15,20.241552352905273
2017-02-16,20.076139450073242
2017-02-17,19.98424530029297
2017-02-21,20.07001304626465
2017-02-22,20.063886642456055
2017-02-23,20.02100372314453
2017-02-24,19.965866088867188
2017-02-27,19.910728454589844
2017-02-28,19.843334197998047
2017-03-01,19.94748878479004
2017-03-02,19.573776245117188
2017-03-03,19.610532760620117
2017-03-06,19.647293090820312
2017-03-07,19.763694763183594
2017-03-08,19.70855712890625
2017-03-09,19.46963119506836
2017-03-10,19.616661071777344
2017-03-13,19.794326782226562
2017-03-14,19.73919105529785
2017-03-15,20.308942794799805
2017-03-16,20.400836944580078
2017-03-17,20.394712448120117
2017-03-20,20.670400619506836
2017-03-21,20.492733001708984
2017-03-22,20.62138557434082
2017-03-23,20.54787254333496
2017-03-24,20.627513885498047
2017-03-27,20.731660842895508
2017-03-28,20.731660842895508
2017-03-29,20.633642196655273
2017-03-30,20.517236709594727
2017-03-31,20.357952117919922
2017-04-03,20.517236709594727
2017-04-04,20.437597274780273
2017-04-05,20.58462905883789
2017-04-06,20.468229293823242
2017-04-07,20.364084243774414
2017-04-10,20.29056167602539
2017-04-11,20.23542594909668
2017-04-12,20.382461547851562
2017-04-13,20.32732582092285
2017-04-17,20.35182762145996
2017-04-18,20.13127899169922
2017-04-19,19.922983169555664
2017-04-20,20.076139450073242
2017-04-21,20.19253921508789
2017-04-24,20.443723678588867
2017-04-25,20.670400619506836
2017-04-26,20.66427230834961
2017-04-27,20.566251754760742
2017-04-28,20.68265151977539
2017-05-01,20.75617027282715
2017-05-02,21.050235748291016
2017-05-03,21.00735092163086
2017-05-04,20.89707374572754
2017-05-05,20.952213287353516
2017-05-08,20.872568130493164
2017-05-09,21.01347541809082
2017-05-10,21.031858444213867
2017-05-11,21.09311866760254
2017-05-12,21.099245071411133
2017-05-15,21.264657974243164
2017-05-16,21.166635513305664
2017-05-17,20.848064422607422
2017-05-18,20.88482093811035
2017-05-19,21.148258209228516
2017-05-22,21.17888641357422
2017-05-23,21.11762237548828
2017-05-24,21.215648651123047
2017-05-25,21.338176727294922
2017-05-26,21.264657974243164
2017-05-30,21.258533477783203
2017-05-31,21.062488555908203
2017-06-01,21.283039093017578
2017-06-02,21.411693572998047
2017-06-05,21.54034423828125
2017-06-06,21.515838623046875
2017-06-07,21.491336822509766
2017-06-08,21.589353561401367
2017-06-09,21.307540893554688
2017-06-12,21.16050910949707
2017-06-13,21.27078628540039
2017-06-14,21.17888641357422
2017-06-15,21.056360244750977
2017-06-16,21.154382705688477
2017-06-19,21.479080200195312
2017-06-20,21.47295570373535
2017-06-21,21.65674591064453
2017-06-22,21.7180118560791
2017-06-23,21.80377960205078
2017-06-26,22.24488067626953
2017-06-27,21.99982452392578
2017-06-28,22.054960250854492
2017-06-29,21.81603240966797
2017-06-30,21.90792465209961
2017-07-03,21.944683074951172
2017-07-05,22.005945205688477
2017-07-06,21.66899871826172
2017-07-07,21.70575714111328
2017-07-10,21.80377960205078
2017-07-11,22.103973388671875
2017-07-12,22.342905044555664
2017-07-13,22.39191246032715
2017-07-14,22.526691436767578
2017-07-17,22.36740493774414
2017-07-18,22.44704818725586
2017-07-19,22.600210189819336
2017-07-20,22.43479347229004
2017-07-21,22.293888092041016
2017-07-24,22.483806610107422
2017-07-25,22.483806610107422
2017-07-26,22.53281593322754
2017-07-27,22.581830978393555
2017-07-28,22.459300994873047
2017-07-31,22.422542572021484
2017-08-01,22.514436721801758
2017-08-02,22.67984962463379
2017-08-03,22.612459182739258
2017-08-04,22.72886085510254
2017-08-07,22.924903869628906
2017-08-08,22.88814926147461
2017-08-09,22.655345916748047
2017-08-10,22.030454635620117
2017-08-11,22.2755069732666
2017-08-14,22.287761688232422
2017-08-15,22.208118438720703
2017-08-16,22.318397521972656
2017-08-17,22.11622428894043
2017-08-18,22.214244842529297
2017-08-21,22.287761688232422
2017-08-22,22.551198959350586
2017-08-23,22.5389461517334
2017-08-24,22.753366470336914
2017-08-25,22.869770050048828
2017-08-28,22.851388931274414
2017-08-29,22.802379608154297
2017-08-30,22.931032180786133
2017-08-31,22.9616641998291
2017-09-01,23.08419418334961
2017-09-05,22.924903869628906
2017-09-06,22.918781280517578
2017-09-07,22.980039596557617
2017-09-08,22.93715476989746
2017-09-11,23.090316772460938
2017-09-12,23.016801834106445
2017-09-13,22.69210433959961
2017-09-14,22.747243881225586
2017-09-15,22.900400161743164
2017-09-18,22.924903869628906
2017-09-19,22.826881408691406
2017-09-20,22.508310317993164
2017-09-21,22.71660804748535
2017-09-22,22.379661560058594
2017-09-25,22.012075424194336
2017-09-26,22.036584854125977
2017-09-27,22.036584854125977
2017-09-28,21.938562393188477
2017-09-29,22.11622428894043
2017-10-02,22.23262596130371
2017-10-03,22.26938247680664
2017-10-04,22.226497650146484
2017-10-05,22.44704818725586
2017-10-06,22.39191246032715
2017-10-09,22.43479347229004
2017-10-10,22.581830978393555
2017-10-11,22.900400161743164
2017-10-12,22.986169815063477
2017-10-13,23.16996192932129
2017-10-16,23.18834114074707
2017-10-17,23.133201599121094
2017-10-18,23.120952606201172
2017-10-19,23.139328002929688
2017-10-20,23.15770721435547
2017-10-23,23.016801834106445
2017-10-24,23.035179138183594
2017-10-25,22.998422622680664
2017-10-26,23.00455093383789
2017-10-27,23.23735237121582
2017-10-30,23.218971252441406
2017-10-31,23.341493606567383
2017-11-01,23.298614501953125
2017-11-02,23.24347496032715
2017-11-03,23.225101470947266
2017-11-06,23.274112701416016
2017-11-07,23.218971252441406
2017-11-08,23.261857986450195
2017-11-09,23.035179138183594
2017-11-10,23.010679244995117
2017-11-13,23.00455093383789
2017-11-14,22.93715476989746
2017-11-15,22.808507919311523
2017-11-16,23.078062057495117
2017-11-17,23.139328002929688
2017-11-20,23.096445083618164
2017-11-21,23.402761459350586
2017-11-22,23.476282119750977
2017-11-24,23.52528953552246
2017-11-27,23.053560256958008
2017-11-28,23.120952606201172
2017-11-29,22.851388931274414
2017-11-30,22.72886085510254
2017-12-01,22.667598724365234
2017-12-04,22.63083839416504
2017-12-05,22.53281593322754
2017-12-06,22.06108283996582
2017-12-07,22.0794677734375
2017-12-08,22.226497650146484
2017-12-11,22.379661560058594
2017-12-12,22.26938247680664
2017-12-13,22.459300994873047
2017-12-14,22.373531341552734
2017-12-15,22.404165267944336
2017-12-18,22.4715518951416
2017-12-19,22.23777198791504
2017-12-20,22.376401901245117
2017-12-21,22.325990676879883
2017-12-22,22.559144973754883
2017-12-26,22.281883239746094
2017-12-27,22.370101928710938
2017-12-28,22.666271209716797
2017-12-29,22.817501068115234
2018-01-02,23.189289093017578
2018-01-03,23.422443389892578
2018-01-04,23.4161376953125
2018-01-05,23.605182647705078
2018-01-08,23.542171478271484
2018-01-09,23.510663986206055
2018-01-10,23.2838077545166
2018-01-11,23.428743362426758
2018-01-12,23.605182647705078
2018-01-16,23.649290084838867
2018-01-17,23.932857513427734
2018-01-18,24.102994918823242
2018-01-19,24.47477912902832
2018-01-22,24.777250289916992
2018-01-23,24.682729721069336
2018-01-24,24.575605392456055
2018-01-25,24.644920349121094
2018-01-26,24.682729721069336
2018-01-29,24.47477912902832
2018-01-30,24.1660099029541
2018-01-31,24.3487548828125
2018-02-01,24.285741806030273
2018-02-02,23.794225692749023
2018-02-05,23.16408348083496
2018-02-06,23.403535842895508
2018-02-07,22.993942260742188
2018-02-08,22.181058883666992
2018-02-09,22.6347599029541
2018-02-12,22.874217987060547
2018-02-13,22.98134422302246
2018-02-14,23.35312843322754
2018-02-15,23.775320053100586
2018-02-16,23.81313133239746
2018-02-20,23.44764518737793
2018-02-21,23.36573028564453
2018-02-22,23.29641342163086
2018-02-23,23.737510681152344
2018-02-26,23.89504623413086
2018-02-27,23.428743362426758
2018-02-28,23.094770431518555
2018-03-01,23.189289093017578
2018-03-02,23.33422088623047
2018-03-05,23.378332138061523
2018-03-06,23.630390167236328
2018-03-07,23.649290084838867
2018-03-08,23.718608856201172
2018-03-09,24.065187454223633
2018-03-12,24.279434204101562
2018-03-13,24.266834259033203
2018-03-14,24.254228591918945
2018-03-15,24.317243576049805
2018-03-16,24.247928619384766
2018-03-19,24.090396881103516
2018-03-20,24.266834259033203
2018-03-21,24.373958587646484
2018-03-22,23.825733184814453
2018-03-23,23.390933990478516
2018-03-26,24.203821182250977
2018-03-27,23.876144409179688
2018-03-28,23.76902198791504
2018-03-29,24.159711837768555
2018-04-02,23.5988826751709
2018-04-03,23.907651901245117
2018-04-04,24.002174377441406
2018-04-05,24.084095001220703
2018-04-06,23.624088287353516
2018-04-09,23.775320053100586
2018-04-10,24.084095001220703
2018-04-11,24.046281814575195
2018-04-12,24.027381896972656
2018-04-13,23.863540649414062
2018-04-16,23.97696876525879
2018-04-17,23.687103271484375
2018-04-18,23.81313133239746
2018-04-19,23.56737518310547
2018-04-20,23.17668342590332
2018-04-23,22.987640380859375
2018-04-24,22.565446853637695
2018-04-25,22.6347599029541
2018-04-26,22.72928237915039
2018-04-27,22.86161231994629
2018-04-30,22.874217987060547
2018-05-01,22.77969741821289
2018-05-02,22.62215805053711
2018-05-03,22.521337509155273
2018-05-04,22.72928237915039
2018-05-07,22.64736557006836
2018-05-08,22.84270668029785
2018-05-09,22.90572166442871
2018-05-10,23.35942840576172
2018-05-11,23.498062133789062
2018-05-14,23.61778450012207
2018-05-15,23.195589065551758
2018-05-16,23.485456466674805
2018-05-17,23.20189094543457
2018-05-18,23.113670349121094
2018-05-21,23.460250854492188
2018-05-22,23.422443389892578
2018-05-23,23.315319061279297
2018-05-24,23.340524673461914
2018-05-25,23.384632110595703
2018-05-29,23.025453567504883
2018-05-30,23.214494705200195
2018-05-31,23.08216667175293
2018-06-01,23.491756439208984
2018-06-04,23.882444381713867
2018-06-05,23.724912643432617
2018-06-06,24.229026794433594
2018-06-07,23.98957061767578
2018-06-08,23.73121452331543
2018-06-11,23.794225692749023
2018-06-12,23.630390167236328
2018-06-13,23.624088287353516
2018-06-14,23.315319061279297
2018-06-15,23.16408348083496
2018-06-18,22.836410522460938
2018-06-19,22.7166805267334
2018-06-20,22.975034713745117
2018-06-21,22.590654373168945
2018-06-22,22.710378646850586
2018-06-25,22.48352813720703
2018-06-26,22.45832061767578
2018-06-27,22.162155151367188
2018-06-28,22.256677627563477
2018-06-29,22.6851749420166
2018-07-02,22.496129989624023
2018-07-03,22.41421127319336
2018-07-05,22.23777198791504
2018-07-06,22.38900375366211
2018-07-09,22.893125534057617
2018-07-10,22.88051986694336
2018-07-11,22.445714950561523
2018-07-12,22.867916107177734
2018-07-13,22.949831008911133
2018-07-16,22.94353485107422
2018-07-17,23.044355392456055
2018-07-18,23.119970321655273
2018-07-19,23.1010684967041
2018-07-20,23.485456466674805
2018-07-23,23.33422088623047
2018-07-24,23.428743362426758
2018-07-25,23.687103271484375
2018-07-26,23.630390167236328
2018-07-27,23.75011444091797
2018-07-30,23.661895751953125
2018-07-31,23.819433212280273
2018-08-01,23.825733184814453
2018-08-02,23.56737518310547
2018-08-03,23.781625747680664
2018-08-06,23.743818283081055
2018-08-07,23.76902198791504
2018-08-08,23.913955688476562
2018-08-09,23.775320053100586
2018-08-10,23.5169620513916
2018-08-13,23.01915168762207
2018-08-14,23.264904022216797
2018-08-15,22.785995483398438
2018-08-16,23.012847900390625
2018-08-17,23.01915168762207
2018-08-20,23.06325912475586
2018-08-21,23.36573028564453
2018-08-22,23.35942840576172
2018-08-23,23.271207809448242
2018-08-24,23.428743362426758
2018-08-27,23.636686325073242
2018-08-28,23.80682945251465
2018-08-29,24.09670066833496
2018-08-30,23.699703216552734
2018-08-31,23.901351928710938
2018-09-04,23.68079948425293
2018-09-05,23.535869598388672
2018-09-06,23.466552734375
2018-09-07,23.327919006347656
2018-09-10,23.050655364990234
2018-09-11,23.17668342590332
2018-09-12,23.08846664428711
2018-09-13,23.12627410888672
2018-09-14,23.35942840576172
2018-09-17,23.17668342590332
2018-09-18,23.208194732666016
2018-09-19,23.37203025817871
2018-09-20,23.43504524230957
2018-09-21,23.61148452758789
2018-09-24,23.586278915405273
2018-09-25,23.630390167236328
2018-09-26,23.523265838623047
2018-09-27,23.825733184814453
2018-09-28,23.756420135498047
2018-10-01,23.838335037231445
2018-10-02,23.422443389892578
2018-10-03,23.227100372314453
2018-10-04,22.65366554260254
2018-10-05,22.174753189086914
2018-10-08,22.231470108032227
2018-10-09,22.181058883666992
2018-10-10,21.475297927856445
2018-10-11,20.79474639892578
2018-10-12,21.311460494995117
2018-10-15,21.053102493286133
2018-10-16,21.59502601623535
2018-10-17,21.305160522460938
2018-10-18,20.870359420776367
2018-10-19,21.09720802307129
2018-10-22,21.141321182250977
2018-10-23,20.79474639892578
2018-10-24,20.240215301513672
2018-10-25,20.555288314819336
2018-10-26,20.126789093017578
2018-10-29,20.082679748535156
2018-10-30,20.567890167236328
2018-10-31,20.876659393310547
2018-11-01,21.355567932128906
2018-11-02,21.36186981201172
2018-11-05,21.3366641998291
2018-11-06,21.16022491455078
2018-11-07,21.632837295532227
2018-11-08,21.29255485534668
2018-11-09,20.870359420776367
2018-11-12,20.605701446533203
2018-11-13,20.807344436645508
2018-11-14,20.870359420776367
2018-11-15,21.242141723632812
2018-11-16,20.990087509155273
2018-11-19,20.69391632080078
2018-11-20,20.378847122192383
2018-11-21,20.700218200683594
2018-11-23,20.353641510009766
2018-11-26,20.782140731811523
2018-11-27,20.687618255615234
2018-11-28,21.29255485534668
2018-11-29,21.053102493286133
2018-11-30,20.983783721923828
2018-12-03,21.6013240814209
2018-12-04,21.040498733520508
2018-12-06,20.700218200683594
2018-12-07,20.34103775024414
2018-12-10,20.397750854492188
2018-12-11,20.47966957092285
2018-12-12,20.801044464111328
2018-12-13,20.74432945251465
2018-12-14,20.441862106323242
2018-12-17,20.397750854492188
2018-12-18,20.591508865356445
2018-12-19,20.27291488647461
2018-12-20,20.45496940612793
2018-12-21,20.32493019104004
2018-12-24,20.06485366821289
2018-12-26,20.415956497192383
2018-12-27,20.4029541015625
2018-12-28,20.61751365661621
2018-12-31,20.558998107910156
2019-01-02,20.337934494018555
2019-01-03,19.700748443603516
2019-01-04,20.084362030029297
2019-01-07,20.259912490844727
2019-01-08,20.214399337768555
2019-01-09,20.591508865356445
2019-01-10,20.721546173095703
2019-01-11,20.695539474487305
2019-01-14,20.42896270751953
2019-01-15,20.637022018432617
2019-01-16,20.72804832458496
2019-01-17,20.812570571899414
2019-01-18,21.014131546020508
2019-01-22,20.721546173095703
2019-01-23,20.838581085205078
2019-01-24,21.014131546020508
2019-01-25,21.35222816467285
2019-01-28,21.157176971435547
2019-01-29,20.955617904663086
2019-01-30,21.29371452331543
2019-01-31,21.644817352294922
2019-02-01,21.46926498413086
2019-02-04,21.605804443359375
2019-02-05,21.846372604370117
2019-02-06,21.74884605407715
2019-02-07,21.51477813720703
2019-02-08,21.339229583740234
2019-02-11,21.17017936706543
2019-02-12,21.404245376586914
2019-02-13,21.248201370239258
2019-02-14,21.222192764282227
2019-02-15,21.34572982788086
2019-02-19,21.51477813720703
2019-02-20,21.69683265686035
2019-02-21,21.703336715698242
2019-02-22,21.88538360595703
2019-02-25,22.067440032958984
2019-02-26,21.963407516479492
2019-02-27,21.859376907348633
2019-02-28,21.586299896240234
2019-03-01,21.683826446533203
2019-03-04,21.664321899414062
2019-03-05,21.76835060119629
2019-03-06,21.722841262817383
2019-03-07,21.508275985717773
2019-03-08,21.397743225097656
2019-03-11,21.63181495666504
2019-03-12,21.716341018676758
2019-03-13,21.82036781311035
2019-03-14,21.722841262817383
2019-03-15,22.054431915283203
2019-03-18,22.22348403930664
2019-03-19,22.26899528503418
2019-03-20,22.30801010131836
2019-03-21,22.54207420349121
2019-03-22,22.145465850830078
2019-03-25,22.086946487426758
2019-03-26,22.262496948242188
2019-03-27,22.119455337524414
2019-03-28,22.21048355102539
2019-03-29,22.48356056213379
2019-04-01,22.685121536254883
2019-04-02,22.65260887145996
2019-04-03,22.795652389526367
2019-04-04,22.925689697265625
2019-04-05,23.03622055053711
2019-04-08,22.951696395874023
2019-04-09,22.951696395874023
2019-04-10,23.101238250732422
2019-04-11,22.90618324279785
2019-04-12,23.088237762451172
2019-04-15,23.06873321533203
2019-04-16,23.270292282104492
2019-04-17,23.465347290039062
2019-04-18,23.49785804748535
2019-04-22,23.361316680908203
2019-04-23,23.478349685668945
2019-04-24,23.34181022644043
2019-04-25,23.31580352783203
2019-04-26,23.2637882232666
2019-04-29,23.30930519104004
2019-04-30,23.30280113220215
2019-05-01,23.224777221679688
2019-05-02,23.32880973815918
2019-05-03,23.686412811279297
2019-05-06,23.2637882232666
2019-05-07,23.049226760864258
2019-05-08,23.06873321533203
2019-05-09,22.65911293029785
2019-05-10,22.78264808654785
2019-05-13,21.898391723632812
2019-05-14,22.067440032958984
2019-05-15,22.125957489013672
2019-05-16,21.969911575317383
2019-05-17,21.527782440185547
2019-05-20,21.371734619140625
2019-05-21,21.644817352294922
2019-05-22,21.527782440185547
2019-05-23,21.13116455078125
2019-05-24,21.209190368652344
2019-05-28,21.09215545654297
2019-05-29,21.098655700683594
2019-05-30,21.31972312927246
2019-05-31,21.508275985717773
2019-06-03,21.599302291870117
2019-06-04,21.69683265686035
2019-06-05,21.657821655273438
2019-06-06,21.59280014038086
2019-06-07,21.74884605407715
2019-06-10,21.87888526916504
2019-06-11,21.969911575317383
2019-06-12,21.859376907348633
2019-06-13,21.787857055664062
2019-06-14,21.644817352294922
2019-06-17,21.73583984375
2019-06-18,22.197479248046875
2019-06-19,22.568084716796875
2019-06-20,22.919185638427734
2019-06-21,22.802152633666992
2019-06-24,22.76964569091797
2019-06-25,22.47705841064453
2019-06-26,22.54207420349121
2019-06-27,22.789148330688477
2019-06-28,22.730632781982422
2019-07-01,23.120746612548828
2019-07-02,23.114246368408203
2019-07-03,22.919185638427734
2019-07-05,22.750141143798828
2019-07-08,22.76964569091797
2019-07-09,22.763139724731445
2019-07-10,23.114246368408203
2019-07-11,23.114246368408203
2019-07-12,23.127248764038086
2019-07-15,23.18576431274414
2019-07-16,23.18576431274414
2019-07-17,23.049226760864258
2019-07-18,23.34181022644043
2019-07-19,23.237781524658203
2019-07-22,23.39382553100586
2019-07-23,23.387327194213867
2019-07-24,23.387327194213867
2019-07-25,23.270292282104492
2019-07-26,23.276790618896484
2019-07-29,23.361316680908203
2019-07-30,23.107744216918945
2019-07-31,22.932191848754883
2019-08-01,22.509571075439453
2019-08-02,22.17797088623047
2019-08-05,21.508275985717773
2019-08-06,22.015422821044922
2019-08-07,22.09994888305664
2019-08-08,22.373027801513672
2019-08-09,22.17146873474121
2019-08-12,22.02842903137207
2019-08-13,22.386032104492188
2019-08-14,21.76835060119629
2019-08-15,21.91789436340332
2019-08-16,22.255996704101562
2019-08-19,22.34701919555664
2019-08-20,22.399036407470703
2019-08-21,22.53557586669922
2019-08-22,22.30801010131836
2019-08-23,22.02192497253418
2019-08-26,22.164968490600586
2019-08-27,22.138959884643555
2019-08-28,22.255996704101562
2019-08-29,22.522573471069336
2019-08-30,22.691621780395508
2019-09-03,22.62010383605957
2019-09-04,22.977703094482422
2019-09-05,23.15975570678711
2019-09-06,23.25728988647461
2019-09-09,23.30930519104004
2019-09-10,23.31580352783203
2019-09-11,23.426334381103516
2019-09-12,23.627893447875977
2019-09-13,23.809946060180664
2019-09-16,23.738426208496094
2019-09-17,23.783939361572266
2019-09-18,23.783939361572266
2019-09-19,23.7319278717041
2019-09-20,23.64089584350586
2019-09-23,23.705913543701172
2019-09-24,23.582382202148438
2019-09-25,23.60839080810547
2019-09-26,23.686412811279297
2019-09-27,23.458847045898438
2019-09-30,23.64089584350586
2019-10-01,23.686412811279297
2019-10-02,23.530364990234375
2019-10-03,23.71242332458496
2019-10-04,23.868467330932617
2019-10-07,23.89447021484375
2019-10-08,23.913976669311523
2019-10-09,23.95298957824707
2019-10-10,24.206565856933594
2019-10-11,24.440631866455078
2019-10-14,24.41462516784668
2019-10-15,24.63568878173828
2019-10-16,24.622682571411133
2019-10-17,24.785234451293945
2019-10-18,24.68120002746582
2019-10-21,24.895763397216797
2019-10-22,24.980289459228516
2019-10-23,24.96078109741211
2019-10-24,25.123332977294922
2019-10-25,25.175344467163086
2019-10-28,25.22736167907715
2019-10-29,25.175344467163086
2019-10-30,25.42241859436035
2019-10-31,25.240365982055664
2019-11-01,25.539453506469727
2019-11-04,25.994583129882812
2019-11-05,26.157135009765625
2019-11-06,26.18964195251465
2019-11-07,26.26766586303711
2019-11-08,26.11161994934082
2019-11-11,25.78652572631836
2019-11-12,25.728010177612305
2019-11-13,25.701997756958008
2019-11-14,25.66948699951172
2019-11-15,25.851543426513672
2019-11-18,26.001089096069336
2019-11-19,26.07260513305664
2019-11-20,25.96207618713379
2019-11-21,25.864545822143555
2019-11-22,25.851543426513672
2019-11-25,26.00758934020996
2019-11-26,26.059602737426758
2019-11-27,26.131126403808594
2019-11-29,25.649986267089844
2019-12-02,25.61096954345703
2019-12-03,25.649986267089844
2019-12-04,25.864545822143555
2019-12-05,26.059602737426758
2019-12-06,26.131126403808594
2019-12-09,26.059602737426758
2019-12-10,26.06610679626465
2019-12-11,26.46922492980957
2019-12-12,27.106407165527344
2019-12-13,27.021888732910156
2019-12-16,27.250532150268555
2019-12-17,27.437171936035156
2019-12-18,27.53716278076172
2019-12-19,27.417179107666016
2019-12-20,27.34385108947754
2019-12-23,27.363847732543945
2019-12-24,27.23719596862793
2019-12-26,27.397174835205078
2019-12-27,27.53716278076172
2019-12-30,27.34385108947754
2019-12-31,27.417179107666016
2020-01-02,27.77047348022461
2020-01-03,27.370515823364258
2020-01-06,27.190532684326172
2020-01-07,27.06387710571289
2020-01-08,27.070547103881836
2020-01-09,27.290523529052734
2020-01-10,27.397174835205078
2020-01-13,27.870464324951172
2020-01-14,27.83713150024414
2020-01-15,27.503833770751953
2020-01-16,27.663820266723633
2020-01-17,27.69048500061035
2020-01-21,27.223865509033203
2020-01-22,27.477170944213867
2020-01-23,27.163869857788086
2020-01-24,27.05055046081543
2020-01-27,26.15730857849121
2020-01-28,26.35728645324707
2020-01-29,26.510601043701172
2020-01-30,25.790678024291992
2020-01-31,25.304058074951172
2020-02-03,25.664024353027344
2020-02-04,26.48394203186035
2020-02-05,26.630590438842773
2020-02-06,26.70391845703125
2020-02-07,26.203969955444336
2020-02-10,26.510601043701172
2020-02-11,26.72391700744629
2020-02-12,27.110536575317383
2020-02-13,26.950559616088867
2020-02-14,26.877235412597656
2020-02-18,26.47727394104004
2020-02-19,26.8305721282959
2020-02-20,26.257293701171875
2020-02-21,26.130643844604492
2020-02-24,25.410715103149414
2020-02-25,25.37738609313965
2020-02-26,25.637359619140625
2020-02-27,25.08408546447754
2020-02-28,24.9440975189209
2020-03-02,25.81734275817871
2020-03-03,25.717355728149414
2020-03-04,26.16397476196289
2020-03-05,26.00398826599121
2020-03-06,25.5906982421875
2020-03-09,24.517473220825195
2020-03-10,25.19074249267578
2020-03-11,24.464147567749023
2020-03-12,22.124385833740234
2020-03-13,23.290931701660156
2020-03-16,20.757863998413086
2020-03-17,21.597776412963867
2020-03-18,19.904617309570312
2020-03-19,19.651309967041016
2020-03-20,20.531217575073242
2020-03-23,20.36456871032715
2020-03-24,21.737764358520508
2020-03-25,22.351030349731445
2020-03-26,22.724327087402344
2020-03-27,21.631107330322266
2020-03-30,22.131053924560547
2020-03-31,21.977739334106445
2020-04-01,21.45779037475586
2020-04-02,22.051063537597656
2020-04-03,21.69110107421875
2020-04-06,22.717662811279297
2020-04-07,22.85097885131836
2020-04-08,23.050960540771484
2020-04-09,22.837648391723633
2020-04-13,22.950969696044922
2020-04-14,23.64423179626465
2020-04-15,23.337594985961914
2020-04-16,23.68422508239746
2020-04-17,24.05752182006836
2020-04-20,23.73755645751953
2020-04-21,23.044292449951172
2020-04-22,23.42425537109375
2020-04-23,23.42425537109375
2020-04-24,23.570907592773438
2020-04-27,24.13085174560547
2020-04-28,24.1641788482666
2020-04-29,24.784114837646484
2020-04-30,24.684125900268555
2020-05-01,24.004194259643555
2020-05-04,24.45747947692871
2020-05-05,24.45747947692871
2020-05-06,24.337493896484375
2020-05-07,24.61746597290039
2020-05-08,24.857444763183594
2020-05-11,24.8441104888916
2020-05-12,24.64413070678711
2020-05-13,24.61746597290039
2020-05-14,24.757448196411133
2020-05-15,24.29749870300293
2020-05-18,24.88410758972168
2020-05-19,24.624130249023438
2020-05-20,24.770780563354492
2020-05-21,24.724123001098633
2020-05-22,24.304161071777344
2020-05-26,24.83077621459961
2020-05-27,24.857444763183594
2020-05-28,24.65746307373047
2020-05-29,24.784114837646484
2020-06-01,25.210739135742188
2020-06-02,25.524038314819336
2020-06-03,26.090646743774414
2020-06-04,25.824007034301758
2020-06-05,26.517269134521484
2020-06-08,26.690587997436523
2020-06-09,26.657257080078125
2020-06-10,26.99721908569336
2020-06-11,25.84400749206543
2020-06-12,26.237302780151367
2020-06-15,26.097312927246094
2020-06-16,26.237302780151367
2020-06-17,26.537267684936523
2020-06-18,26.543933868408203
2020-06-19,26.397281646728516
2020-06-22,26.72391700744629
2020-06-23,26.850568771362305
2020-06-24,26.717248916625977
2020-06-25,26.80390739440918
2020-06-26,26.610595703125
2020-06-29,26.81723976135254
2020-06-30,26.810571670532227
2020-07-01,27.123870849609375
2020-07-02,27.570491790771484
2020-07-06,28.350414276123047
2020-07-07,28.043777465820312
2020-07-08,28.51706314086914
2020-07-09,28.510400772094727
2020-07-10,28.137100219726562
2020-07-13,28.403743743896484
2020-07-14,28.630386352539062
2020-07-15,28.590391159057617
2020-07-16,28.51706314086914
2020-07-17,28.583721160888672
2020-07-20,28.677047729492188
2020-07-21,29.00368309020996
2020-07-22,29.14366912841797
2020-07-23,28.897024154663086
2020-07-24,29.263652801513672
2020-07-27,30.496862411499023
2020-07-28,29.436965942382812
2020-07-29,30.183555603027344
2020-07-30,29.863590240478516
2020-07-31,29.73027229309082
2020-08-03,29.61028289794922
2020-08-04,30.096900939941406
2020-08-05,30.423534393310547
2020-08-06,30.50352668762207
2020-08-07,30.15022850036621
2020-08-10,30.32354736328125
2020-08-11,29.970247268676758
2020-08-12,30.27021598815918
2020-08-13,29.99691390991211
2020-08-14,30.096900939941406
2020-08-17,30.616846084594727
2020-08-18,30.33021354675293
2020-08-19,29.903589248657227
2020-08-20,29.29698371887207
2020-08-21,29.563621520996094
2020-08-24,29.73027229309082
2020-08-25,30.003576278686523
2020-08-26,30.183555603027344
2020-08-27,29.79693603515625
2020-08-28,29.916921615600586
2020-08-31,29.29698371887207
2020-09-01,29.73027229309082
2020-09-02,29.883590698242188
2020-09-03,29.436965942382812
2020-09-04,29.48362922668457
2020-09-08,29.44363784790039
2020-09-09,29.663612365722656
2020-09-10,29.510297775268555
2020-09-11,29.563621520996094
2020-09-14,30.030242919921875
2020-09-15,30.410200119018555
2020-09-16,30.410200119018555
2020-09-17,30.283550262451172
2020-09-18,30.223556518554688
2020-09-21,30.090232849121094
2020-09-22,29.816930770874023
2020-09-23,29.256986618041992
2020-09-24,28.797035217285156
2020-09-25,28.877025604248047
2020-09-28,29.536958694458008
2020-09-29,29.61028289794922
2020-09-30,29.930252075195312
2020-10-01,30.376873016357422
2020-10-02,29.97691535949707
2020-10-05,30.29021453857422
2020-10-06,30.29021453857422
2020-10-07,30.770166397094727
2020-10-08,30.92348289489746
2020-10-09,31.17679214477539
2020-10-12,31.0967960357666
2020-10-13,30.916818618774414
2020-10-14,30.70350456237793
2020-10-15,30.570186614990234
2020-10-16,30.443531036376953
2020-10-19,30.58352279663086
2020-10-20,30.723501205444336
2020-10-21,30.73016929626465
2020-10-22,30.870159149169922
2020-10-23,30.983478546142578
2020-10-26,30.86348533630371
2020-10-27,30.96347999572754
2020-10-28,30.343542098999023
2020-10-29,30.310211181640625
2020-10-30,30.103567123413086
2020-11-02,30.37020492553711
2020-11-03,30.723501205444336
2020-11-04,31.190122604370117
2020-11-05,31.423431396484375
2020-11-06,31.44342613220215
2020-11-09,31.73672866821289
2020-11-10,31.570085525512695
2020-11-11,32.043365478515625
2020-11-12,31.916715621948242
2020-11-13,32.34333801269531
2020-11-16,32.9499397277832
2020-11-17,32.94327163696289
2020-11-18,33.2032470703125
2020-11-19,33.216583251953125
2020-11-20,33.16324996948242
2020-11-23,33.48322296142578
2020-11-24,33.563209533691406
2020-11-25,33.249908447265625
2020-11-27,33.509883880615234
2020-11-30,32.969932556152344
2020-12-01,33.54988098144531
2020-12-02,33.763187408447266
2020-12-03,34.1364860534668
2020-12-04,34.78974914550781
2020-12-07,34.86974334716797
2020-12-08,35.06972122192383
2020-12-09,34.91640090942383
2020-12-10,34.876407623291016
2020-12-11,34.81641387939453
2020-12-14,34.83203887939453
2020-12-15,34.96788787841797
2020-12-16,35.24638366699219
2020-12-17,35.13770294189453
2020-12-18,35.02901840209961
2020-12-21,35.0833625793457
2020-12-22,34.6826057434082
2020-12-23,34.85920715332031
2020-12-24,35.2735481262207
2020-12-28,35.606380462646484
2020-12-29,35.68789291381836
2020-12-30,36.21771240234375
2020-12-31,36.05469512939453
2021-01-04,36.53017044067383
2021-01-05,37.311309814453125
2021-01-06,37.290931701660156
2021-01-07,37.949798583984375
2021-01-08,38.22150421142578
2021-01-11,38.39132308959961
2021-01-12,38.499996185302734
2021-01-13,38.995853424072266
2021-01-14,39.50529479980469
2021-01-15,38.839622497558594
2021-01-19,39.19962692260742
2021-01-20,39.19283676147461
2021-01-21,39.87208557128906
2021-01-22,39.722652435302734
2021-01-25,39.607177734375
2021-01-26,39.14529037475586
2021-01-27,38.466033935546875
2021-01-28,38.79207992553711
2021-01-29,37.58980178833008
2021-02-01,38.452449798583984
2021-02-02,39.34226989746094
2021-02-03,39.14529037475586
2021-02-04,39.29472351074219
2021-02-05,39.38302230834961
2021-02-08,39.67510223388672
2021-02-09,39.88567352294922
2021-02-10,39.912841796875
2021-02-11,40.34077072143555
2021-02-12,40.32039260864258
2021-02-16,40.687191009521484
2021-02-17,40.63284683227539
2021-02-18,40.46982955932617
2021-02-19,40.78907775878906
2021-02-22,40.4834098815918
2021-02-23,40.6939811706543
2021-02-24,40.96568298339844
2021-02-25,40.27963638305664
2021-02-26,39.702274322509766
2021-03-01,40.537757873535156
2021-03-02,39.94680404663086
2021-03-03,39.87208557128906
2021-03-04,39.01622772216797
2021-03-05,39.42378234863281
2021-03-08,38.71735763549805
2021-03-09,39.111328125
2021-03-10,38.93471908569336
2021-03-11,40.11661911010742
2021-03-12,39.641143798828125
2021-03-15,39.912841796875
2021-03-16,40.11661911010742
2021-03-17,39.95359420776367
2021-03-18,39.26075744628906
2021-03-19,39.50529479980469
2021-03-22,39.91963577270508
2021-03-23,39.396610260009766
2021-03-24,39.111328125
2021-03-25,39.4169921875
2021-03-26,40.30001449584961
2021-03-29,40.422279357910156
2021-03-30,40.714359283447266
2021-03-31,40.727943420410156
2021-04-01,40.96568298339844
2021-04-05,41.14228820800781
2021-04-06,41.135498046875
2021-04-07,40.992855072021484
2021-04-08,41.522674560546875
2021-04-09,41.3664436340332
2021-04-12,41.33247756958008
2021-04-13,41.28493118286133
2021-04-14,41.31889724731445
2021-04-15,42.086448669433594
2021-04-16,42.29022216796875
2021-04-19,42.7181510925293
2021-04-20,42.772491455078125
2021-04-21,43.098533630371094
2021-04-22,42.555137634277344
2021-04-23,43.34986114501953
2021-04-26,44.314395904541016
2021-04-27,44.158164978027344
2021-04-28,44.212501525878906
2021-04-29,44.382320404052734
2021-04-30,43.83892059326172
2021-05-03,43.356651306152344
2021-05-04,42.079654693603516
2021-05-05,42.12041091918945
2021-05-06,42.79966354370117
2021-05-07,43.78458023071289
2021-05-10,42.840415954589844
2021-05-11,41.135498046875
2021-05-12,38.62226486206055
2021-05-13,39.45774459838867
2021-05-14,39.980770111083984
2021-05-17,38.6358528137207
2021-05-18,40.673606872558594
2021-05-19,40.40190124511719
2021-05-20,40.721153259277344
2021-05-21,40.19812774658203
2021-05-24,41.23738098144531
2021-05-25,41.617767333984375
2021-05-26,41.794368743896484
2021-05-27,41.68568801879883
2021-05-28,42.35814666748047
2021-06-01,43.42457580566406
2021-06-02,43.11891174316406
2021-06-03,42.92192459106445
2021-06-04,43.356651306152344
2021-06-07,43.01702880859375
2021-06-08,42.71135711669922
2021-06-09,42.602684020996094
2021-06-10,43.125701904296875
2021-06-11,43.146080017089844
2021-06-14,43.20042419433594
2021-06-15,43.24117660522461
2021-06-16,42.81324768066406
2021-06-17,43.13249588012695
2021-06-18,42.487205505371094
2021-06-21,42.57551193237305
2021-06-22,42.161163330078125
2021-06-23,42.561920166015625
2021-06-24,42.9694709777832
2021-06-25,43.15287399291992
2021-06-28,43.499290466308594
2021-06-29,43.34986114501953
2021-06-30,43.43815612792969
2021-07-01,43.37023162841797
2021-07-02,43.580806732177734
2021-07-06,43.757408142089844
2021-07-07,43.81174850463867
2021-07-08,43.20042419433594
2021-07-09,43.78458023071289
2021-07-12,43.93401336669922
2021-07-13,43.78458023071289
2021-07-14,44.01552200317383
2021-07-15,43.92042922973633
2021-07-16,43.77099609375
2021-07-19,43.146080017089844
2021-07-20,43.26155471801758
2021-07-21,43.32268524169922
2021-07-22,43.30230712890625
2021-07-23,43.28193283081055
2021-07-26,42.98985290527344
2021-07-27,42.351356506347656
2021-07-28,42.79287338256836
2021-07-29,43.512874603271484
2021-07-30,43.19363021850586
2021-08-02,43.29551696777344
2021-08-03,43.74382019042969
2021-08-04,44.171749114990234
2021-08-05,44.33477020263672
2021-08-06,43.9408073425293
2021-08-09,43.737030029296875
2021-08-10,43.32268524169922
2021-08-11,43.3294792175293
2021-08-12,43.18003845214844
2021-08-13,42.63664245605469
2021-08-16,42.4124870300293
2021-08-17,41.14908218383789
2021-08-18,41.78757858276367
2021-08-19,40.94530487060547
2021-08-20,41.18983459472656
2021-08-23,42.100032806396484
2021-08-24,42.18833923339844
2021-08-25,42.84720993041992
2021-08-26,42.52116775512695
2021-08-27,43.43136215209961
2021-08-30,43.737030029296875
2021-08-31,44.124202728271484
2021-09-01,44.23967361450195
2021-09-02,44.19892501831055
2021-09-03,44.55892562866211
2021-09-07,44.3415641784668
2021-09-08,43.50608825683594
2021-09-09,43.913639068603516
2021-09-10,44.26005554199219
2021-09-13,44.46382522583008
2021-09-14,44.27363967895508
2021-09-15,44.28722381591797
2021-09-16,43.947593688964844
2021-09-17,43.669105529785156
2021-09-20,42.297019958496094
2021-09-21,42.5279655456543
2021-09-22,42.996646881103516
2021-09-23,43.62156295776367
2021-09-24,43.458534240722656
2021-09-27,43.60118103027344
2021-09-28,42.643436431884766
2021-09-29,42.00493621826172
2021-09-30,42.12041091918945
2021-10-01,42.02531814575195
2021-10-04,40.958892822265625
2021-10-05,41.26455307006836
2021-10-06,41.14228820800781
2021-10-07,41.90984344482422
2021-10-08,41.59059143066406
2021-10-11,41.51587677001953
2021-10-12,40.94530487060547
2021-10-13,40.9249267578125
2021-10-14,41.420780181884766
2021-10-15,42.03211212158203
2021-10-18,41.88267517089844
2021-10-19,42.5890998840332
2021-10-20,42.466827392578125
2021-10-21,42.324188232421875
2021-10-22,42.15437316894531
2021-10-25,42.49399948120117
2021-10-26,42.887962341308594
2021-10-27,42.8743782043457
2021-10-28,43.28193283081055
2021-10-29,42.80645751953125
2021-11-01,43.07136535644531
2021-11-02,42.98985290527344
2021-11-03,43.3294792175293
2021-11-04,43.146080017089844
2021-11-05,43.512874603271484
2021-11-08,44.03590393066406
2021-11-09,44.19892501831055
2021-11-10,43.81854248046875
2021-11-11,44.04948425292969
2021-11-12,44.3415641784668
2021-11-15,44.46382522583008
2021-11-16,44.55892562866211
2021-11-17,44.88496780395508
2021-11-18,45.27214431762695
2021-11-19,44.96647262573242
2021-11-22,44.85100555419922
2021-11-23,44.56571578979492
2021-11-24,44.620059967041016
2021-11-26,43.24796676635742
2021-11-29,43.97476577758789
2021-11-30,43.9408073425293
2021-12-01,44.409488677978516
2021-12-02,44.98006057739258
2021-12-03,44.68798065185547
2021-12-06,44.9732666015625
2021-12-07,45.618560791015625
2021-12-08,45.59138488769531
2021-12-09,45.292518615722656
2021-12-10,45.42157745361328
2021-12-13,44.60536575317383
2021-12-14,44.37515640258789
2021-12-15,45.03788757324219
2021-12-16,44.856510162353516
2021-12-17,45.00300979614258
2021-12-20,44.612342834472656
2021-12-21,45.35879135131836
2021-12-22,45.71457290649414
2021-12-23,45.85409927368164
2021-12-27,46.37731170654297
2021-12-28,46.56565856933594
2021-12-29,46.726112365722656
2021-12-30,46.55868911743164
2021-12-31,46.46799087524414
2022-01-03,46.85866165161133
2022-01-04,47.277225494384766
2022-01-05,46.712158203125
2022-01-06,46.719139099121094
2022-01-07,46.14012145996094
2022-01-10,46.24475860595703
2022-01-11,46.795875549316406
2022-01-12,47.05398941040039
2022-01-13,47.23537063598633
2022-01-14,47.026084899902344
2022-01-18,46.509849548339844
2022-01-19,46.44706726074219
2022-01-20,46.06338119506836
2022-01-21,45.100677490234375
2022-01-24,45.323909759521484
2022-01-25,44.891387939453125
2022-01-26,44.56351089477539
2022-01-27,43.60080337524414
2022-01-28,43.77520751953125
2022-01-31,45.26810073852539
2022-02-01,45.4425048828125
2022-02-02,45.616905212402344
2022-02-03,45.058815002441406
2022-02-04,44.98208236694336
2022-02-07,45.17741012573242
2022-02-08,45.63783264160156
2022-02-09,46.21685791015625
2022-02-10,46.007568359375
2022-02-11,45.52621841430664
2022-02-14,45.065792083740234
2022-02-15,45.84712219238281
2022-02-16,46.202903747558594
2022-02-17,45.54016876220703
2022-02-18,45.66573715209961
2022-02-22,45.13555145263672
2022-02-23,44.891387939453125
2022-02-24,44.13098907470703
2022-02-25,44.6960563659668
2022-02-28,44.59141540527344
2022-03-01,44.38213348388672
2022-03-02,44.940223693847656
2022-03-03,44.39608383178711
2022-03-04,43.57987976074219
2022-03-07,41.410301208496094
2022-03-08,41.661441802978516
2022-03-09,42.7218132019043
2022-03-10,42.819480895996094
2022-03-11,42.13582229614258
2022-03-14,41.92653274536133
2022-03-15,41.8707275390625
2022-03-16,42.84040451049805
2022-03-17,43.740333557128906
2022-03-18,43.6147575378418
2022-03-21,43.30781173706055
2022-03-22,43.454307556152344
2022-03-23,43.04271697998047
2022-03-24,43.43337631225586
2022-03-25,43.11945343017578
2022-03-28,42.819480895996094
2022-03-29,43.32176208496094
2022-03-30,43.33571243286133
2022-03-31,42.86831283569336
2022-04-01,42.89622116088867
2022-04-04,43.551971435546875
2022-04-05,43.007835388183594
2022-04-06,42.44276809692383
2022-04-07,41.856773376464844
2022-04-08,41.73817825317383
2022-04-11,40.92894744873047
2022-04-12,40.87314224243164
2022-04-13,41.821895599365234
2022-04-14,40.97080612182617
2022-04-18,40.329002380371094
2022-04-19,40.496429443359375
2022-04-20,40.74756622314453
2022-04-21,40.24528503417969
2022-04-22,39.72208023071289
2022-04-25,39.673240661621094
2022-04-26,38.63380432128906
2022-04-27,38.63380432128906
2022-04-28,39.47791290283203
2022-04-29,39.003536224365234
2022-05-02,38.82215881347656
2022-05-03,39.191890716552734
2022-05-04,39.9871711730957
2022-05-05,38.52915954589844
2022-05-06,38.480323791503906
2022-05-09,37.23160171508789
2022-05-10,37.67109680175781
2022-05-11,37.06417465209961
2022-05-12,36.78512954711914
2022-05-13,37.60133743286133
2022-05-16,37.30136489868164
2022-05-17,38.075714111328125
2022-05-18,37.46878433227539
2022-05-19,37.75481033325195
2022-05-20,37.908287048339844
2022-05-23,38.312896728515625
2022-05-24,37.70597839355469
2022-05-25,38.14547348022461
2022-05-26,38.30592727661133
2022-05-27,39.0942268371582
2022-05-31,39.805789947509766
2022-06-01,39.45698547363281
2022-06-02,39.959266662597656
2022-06-03,39.22677230834961
2022-06-06,39.29653549194336
2022-06-07,39.29653549194336
2022-06-08,39.177940368652344
2022-06-09,38.66868591308594
2022-06-10,38.278018951416016
2022-06-13,37.10602951049805
2022-06-14,37.62226486206055
2022-06-15,38.01990509033203
2022-06-16,36.58979797363281
2022-06-17,36.513057708740234
2022-06-21,37.15486145019531
2022-06-22,36.338653564453125
2022-06-23,36.24796676635742
2022-06-24,36.82698440551758
2022-06-27,36.736297607421875
2022-06-28,36.12239456176758
2022-06-29,35.947994232177734
2022-06-30,35.17364501953125
2022-07-01,34.23884201049805
2022-07-05,33.95979309082031
2022-07-06,33.492393493652344
2022-07-07,34.45509719848633
2022-07-08,34.608577728271484
2022-07-11,33.77143859863281
2022-07-12,33.86910629272461
2022-07-13,34.210941314697266
2022-07-14,34.29465103149414
2022-07-15,34.601600646972656
2022-07-18,34.531837463378906
2022-07-19,35.22945022583008
2022-07-20,34.999237060546875
2022-07-21,35.67592239379883
2022-07-22,35.46664047241211
2022-07-25,35.55035400390625
2022-07-26,34.90855407714844
2022-07-27,35.82242202758789
2022-07-28,35.75963592529297
2022-07-29,35.78056335449219
2022-08-01,35.12480926513672
2022-08-02,34.95040512084961
2022-08-03,35.20852279663086
2022-08-04,35.25735855102539
2022-08-05,35.89218521118164
2022-08-08,35.62709045410156
2022-08-09,35.66197204589844
2022-08-10,36.35260772705078
2022-08-11,36.513057708740234
2022-08-12,36.9804573059082
2022-08-15,36.86186599731445
2022-08-16,36.97348403930664
2022-08-17,36.78512954711914
2022-08-18,36.86186599731445
2022-08-19,36.41539764404297
2022-08-22,35.88521194458008
2022-08-23,35.89916229248047
2022-08-24,35.794517517089844
2022-08-25,36.36655807495117
2022-08-26,35.46664047241211
2022-08-29,35.02714538574219
2022-08-30,34.75507354736328
2022-08-31,35.041099548339844
2022-09-01,34.4969596862793
2022-09-02,33.952816009521484
2022-09-06,33.85515213012695
2022-09-07,33.799346923828125
2022-09-08,33.97374725341797
2022-09-09,34.531837463378906
2022-09-12,34.67833709716797
2022-09-13,33.33194351196289
2022-09-14,33.68075180053711
2022-09-15,33.40868377685547
2022-09-16,33.34589767456055
2022-09-19,33.30404281616211
2022-09-20,33.10173034667969
2022-09-21,32.662235260009766
2022-09-22,32.27157211303711
2022-09-23,31.44141387939453
2022-09-26,31.12748908996582
2022-09-27,31.176319122314453
2022-09-28,30.994943618774414
2022-09-29,30.311281204223633
2022-09-30,30.06711769104004
2022-10-03,30.415922164916992
2022-10-04,31.434438705444336
2022-10-05,31.546058654785156
2022-10-06,31.364675521850586
2022-10-07,30.38104248046875
2022-10-10,29.80202293395996
2022-10-11,29.37647819519043
2022-10-12,29.543903350830078
2022-10-13,29.83690643310547
2022-10-14,29.05557632446289
2022-10-17,29.67645263671875
2022-10-18,29.39740753173828
2022-10-19,28.916053771972656
2022-10-20,29.146265029907227
2022-10-21,29.446237564086914
2022-10-24,28.895126342773438
2022-10-25,28.964887619018555
2022-10-26,29.111387252807617
2022-10-27,29.12533950805664
2022-10-28,29.27881622314453
2022-10-31,29.06255340576172
2022-11-01,29.3695011138916
2022-11-02,28.957910537719727
2022-11-03,29.05557632446289
2022-11-04,30.00432777404785
2022-11-07,30.157804489135742
2022-11-08,30.646135330200195
2022-11-09,30.69496726989746
2022-11-10,32.49481201171875
2022-11-11,33.5482063293457
2022-11-14,33.35984802246094
2022-11-15,34.503929138183594
2022-11-16,33.813297271728516
2022-11-17,33.86213302612305
2022-11-18,33.91096496582031
2022-11-21,33.46449279785156
2022-11-22,33.95979309082031
2022-11-23,34.21791076660156
2022-11-25,34.30860137939453
2022-11-28,33.63191604614258
2022-11-29,34.22488784790039
2022-11-30,35.45268630981445
2022-12-01,35.40385818481445
2022-12-02,35.32014465332031
2022-12-05,35.13178634643555
2022-12-06,34.413246154785156
2022-12-07,34.45509719848633
2022-12-08,34.55974578857422
2022-12-09,34.524864196777344
2022-12-12,34.67833709716797
2022-12-13,34.50392532348633
2022-12-14,34.57796859741211
2022-12-15,33.78818130493164
2022-12-16,33.65654754638672
2022-12-19,33.64009475708008
2022-12-20,33.40974044799805
2022-12-21,33.79640579223633
2022-12-22,33.360374450683594
2022-12-23,33.40150833129883
2022-12-27,33.417964935302734
2022-12-28,32.74335479736328
2022-12-29,33.44264602661133
2022-12-30,33.03952407836914
2023-01-03,33.204063415527344
2023-01-04,33.67300033569336
2023-01-05,33.42619323730469
2023-01-06,34.52861022949219
2023-01-09,35.05513381958008
2023-01-10,35.38420867919922
2023-01-11,35.35953140258789
2023-01-12,35.65570068359375
2023-01-13,35.581661224365234
2023-01-17,35.877830505371094
2023-01-18,35.713294982910156
2023-01-19,35.672157287597656
2023-01-20,36.3549919128418
2023-01-23,36.889747619628906
2023-01-24,36.996700286865234
2023-01-25,37.02138137817383
2023-01-26,37.4574089050293
2023-01-27,37.334007263183594
2023-01-30,36.90620422363281
2023-01-31,36.86507034301758
2023-02-01,37.63017654418945
2023-02-02,37.753578186035156
2023-02-03,37.070743560791016
2023-02-06,36.49485397338867
2023-02-07,36.96379470825195
2023-02-08,36.98847198486328
2023-02-09,37.13655471801758
2023-02-10,36.939109802246094
2023-02-13,37.17769241333008
2023-02-14,37.25996398925781
2023-02-15,36.52776336669922
2023-02-16,36.48662567138672
2023-02-17,36.51953125
2023-02-21,36.09996032714844
2023-02-22,36.149322509765625
2023-02-23,36.92265701293945
2023-02-24,36.0012321472168
2023-02-27,36.14109420776367
2023-02-28,35.943641662597656
2023-03-01,36.3714485168457
2023-03-02,36.52776336669922
2023-03-03,36.897972106933594
2023-03-06,36.7910270690918
2023-03-07,36.52776336669922
2023-03-08,36.873291015625
2023-03-09,36.12464141845703
2023-03-10,35.779109954833984
2023-03-13,36.07527542114258
2023-03-14,36.149322509765625
2023-03-15,35.400665283203125
2023-03-16,36.0012321472168
2023-03-17,35.84492111206055
2023-03-20,36.182228088378906
2023-03-21,36.55244445800781
2023-03-22,36.90620422363281
2023-03-23,37.40804672241211
2023-03-24,37.43273162841797
2023-03-27,37.17769241333008
2023-03-28,37.04606246948242
2023-03-29,37.16123580932617
2023-03-30,37.284645080566406
2023-03-31,37.292869567871094
2023-04-03,37.51499557495117
2023-04-04,37.449180603027344
2023-04-05,36.98024368286133
2023-04-06,36.930885314941406
2023-04-10,36.972015380859375
2023-04-11,37.19414138793945
2023-04-12,37.029605865478516
2023-04-13,37.19414138793945
2023-04-14,37.1201057434082
2023-04-17,37.070743560791016
2023-04-18,36.94733810424805
2023-04-19,36.47840118408203
2023-04-20,36.48662567138672
2023-04-21,36.15754699707031
2023-04-24,36.231590270996094
2023-04-25,35.3101692199707
2023-04-26,35.40889358520508
2023-04-27,35.91073989868164
2023-04-28,36.13286590576172
2023-05-01,35.951873779296875
2023-05-02,35.828468322753906
2023-05-03,35.86960220336914
2023-05-04,35.98478317260742
2023-05-05,36.52776336669922
2023-05-08,36.420814514160156
2023-05-09,36.32209014892578
2023-05-10,36.248043060302734
2023-05-11,35.795562744140625
2023-05-12,35.63102340698242
2023-05-15,36.05882263183594
2023-05-16,36.2069091796875
2023-05-17,37.09542465209961
2023-05-18,37.383365631103516
2023-05-19,37.51499557495117
2023-05-22,37.383365631103516
2023-05-23,36.98024368286133
2023-05-24,36.78279495239258
2023-05-25,37.605491638183594
2023-05-26,38.502235412597656
2023-05-30,38.51046371459961
2023-05-31,38.00861740112305
2023-06-01,38.36237716674805
2023-06-02,38.798404693603516
2023-06-05,38.67499923706055
2023-06-06,38.88067626953125
2023-06-07,38.92181396484375
2023-06-08,38.97117233276367
2023-06-09,39.16039276123047
2023-06-12,39.51415252685547
2023-06-13,40.0982666015625
2023-06-14,40.015995025634766
2023-06-15,40.33684539794922
2023-06-16,39.85968780517578
2023-06-20,39.35783767700195
2023-06-21,39.366065979003906
2023-06-22,39.32493209838867
2023-06-23,38.781951904296875
2023-06-26,38.89712905883789
2023-06-27,38.979400634765625
2023-06-28,38.75727081298828
2023-06-29,38.5186882019043
2023-06-30,38.683231353759766
2023-07-03,39.135711669921875
2023-07-05,38.724365234375
2023-07-06,37.8276252746582
2023-07-07,38.041526794433594
2023-07-10,38.033294677734375
2023-07-11,38.59273147583008
2023-07-12,39.547061920166016
2023-07-13,40.122947692871094
2023-07-14,40.06535720825195
2023-07-17,40.2874870300293
2023-07-18,40.271034240722656
2023-07-19,39.662235260009766
2023-07-20,39.135711669921875
2023-07-21,39.053443908691406
2023-07-24,39.5552864074707
2023-07-25,39.87614059448242
2023-07-26,39.87614059448242
2023-07-27,39.49769592285156
2023-07-28,40.13117599487305
2023-07-31,39.3907470703125
2023-08-01,39.259117126464844
2023-08-02,38.15670394897461
2023-08-03,37.92634582519531
2023-08-04,38.452877044677734
2023-08-07,38.83131408691406
2023-08-08,38.189605712890625
2023-08-09,38.23897171020508
2023-08-10,37.98393249511719
2023-08-11,37.67131423950195
2023-08-14,37.4574089050293
2023-08-15,37.1201057434082
2023-08-16,37.02138137817383
2023-08-17,37.153011322021484
2023-08-18,37.1201057434082
2023-08-21,37.35868453979492
2023-08-22,37.04606246948242
2023-08-23,37.720672607421875
2023-08-24,37.65485763549805
2023-08-25,37.43273162841797
2023-08-28,37.69599151611328
2023-08-29,38.115570068359375
2023-08-30,38.000389099121094
2023-08-31,37.51499557495117
2023-09-01,37.646629333496094
2023-09-05,37.77003479003906
2023-09-06,37.4738655090332
2023-09-07,37.12833023071289
2023-09-08,37.14478302001953
2023-09-11,37.27641677856445
2023-09-12,37.366912841796875
2023-09-13,37.58904266357422
2023-09-14,38.057979583740234
2023-09-15,37.860530853271484
2023-09-18,37.819393157958984
2023-09-19,37.465633392333984
2023-09-20,37.22705078125
2023-09-21,36.47840118408203
2023-09-22,36.774574279785156
2023-09-25,36.930885314941406
2023-09-26,36.32209014892578
2023-09-27,36.41258239746094
2023-09-28,36.82392883300781
2023-09-29,36.65116500854492
2023-10-02,36.69230270385742
2023-10-03,36.305633544921875
2023-10-04,36.3961296081543
2023-10-05,36.86507034301758
2023-10-06,37.490318298339844
2023-10-09,37.37514114379883
2023-10-10,37.69599151611328
2023-10-11,37.745357513427734
2023-10-12,37.57258605957031
2023-10-13,37.44095230102539
2023-10-16,37.63017654418945
2023-10-17,37.23527908325195
2023-10-18,36.49485397338867
2023-10-19,36.84038162231445
2023-10-20,36.3714485168457
2023-10-23,36.289180755615234
2023-10-24,36.585350036621094
2023-10-25,36.05882263183594
2023-10-26,35.779109954833984
2023-10-27,35.754425048828125
2023-10-30,36.05059814453125
2023-10-31,35.80378723144531
2023-11-01,36.231590270996094
2023-11-02,37.01315689086914
2023-11-03,37.63017654418945
2023-11-06,37.71244430541992
2023-11-07,37.71244430541992
2023-11-08,37.55613708496094
2023-11-09,37.44095230102539
2023-11-10,38.041526794433594
2023-11-13,37.876983642578125
2023-11-14,38.82308578491211
2023-11-15,38.979400634765625
2023-11-16,39.02875900268555
2023-11-17,39.34961700439453
2023-11-20,39.7445068359375
2023-11-21,40.04890441894531
2023-11-22,39.670467376708984
2023-11-24,39.5964241027832
2023-11-27,39.571739196777344
2023-11-28,40.10649490356445
2023-11-29,40.29571533203125
2023-11-30,40.06535720825195
2023-12-01,40.3286247253418
2023-12-04,39.703372955322266
2023-12-05,39.65401077270508
2023-12-06,39.5799674987793
2023-12-07,40.015995025634766
2023-12-08,39.94195556640625
2023-12-11,40.18876647949219
2023-12-12,40.139404296875
2023-12-13,40.69060516357422
2023-12-14,41.26649856567383
2023-12-15,40.72351837158203
2023-12-18,40.674156188964844
2023-12-19,40.78933334350586
2023-12-20,40.21249008178711
2023-12-21,41.02729797363281
2023-12-22,41.17544174194336
2023-12-26,42.045799255371094
2023-12-27,42.46246337890625
2023-12-28,42.61986541748047
2023-12-29,42.61986541748047
2024-01-02,41.63840103149414
2024-01-03,41.018035888671875
2024-01-04,41.03655242919922
2024-01-05,41.10136413574219
2024-01-08,41.74024963378906
2024-01-09,40.86988830566406
2024-01-10,40.675445556640625
2024-01-11,40.740257263183594
2024-01-12,40.83285140991211
2024-01-16,39.72175598144531
2024-01-17,39.21249771118164
2024-01-18,39.934715270996094
2024-01-19,40.91618347167969
2024-01-22,40.999515533447266
2024-01-23,41.25877380371094
2024-01-24,41.6291389465332
2024-01-25,41.64765548706055
2024-01-26,41.666175842285156
2024-01-29,42.03654479980469
2024-01-30,41.80506134033203
2024-01-31,41.342105865478516
2024-02-01,41.6291389465332
2024-02-02,41.44395446777344
2024-02-05,41.518028259277344
2024-02-06,42.305057525634766
2024-02-07,42.601348876953125
2024-02-08,43.08282470703125
2024-02-09,43.2309684753418
2024-02-12,43.38837814331055
2024-02-13,42.212467193603516
2024-02-14,42.879127502441406
2024-02-15,42.943939208984375
2024-02-16,42.67542266845703
2024-02-20,42.990234375
2024-02-21,42.58283233642578
2024-02-22,43.22171401977539
2024-02-23,42.971717834472656
2024-02-26,42.96245574951172
2024-02-27,42.72172164916992
2024-02-28,42.46246337890625
2024-02-29,42.89764404296875
2024-03-01,43.38837814331055
2024-03-04,43.777259826660156
2024-03-05,43.490230560302734
2024-03-06,44.49947738647461
2024-03-07,45.166133880615234
2024-03-08,44.869842529296875
2024-03-11,44.758731842041016
2024-03-12,45.47168731689453
2024-03-13,45.11983871459961
2024-03-14,44.897621154785156
2024-03-15,44.74021530151367
2024-03-18,44.795772552490234
2024-03-19,44.69391632080078
2024-03-20,44.869842529296875
2024-03-21,45.09206008911133
2024-03-22,45.073543548583984
2024-03-25,45.24946594238281
2024-03-26,44.869842529296875
2024-03-27,44.990211486816406
2024-03-28,45.073543548583984
2024-04-01,45.20317077636719
2024-04-02,45.34205627441406
2024-04-03,45.379093170166016
2024-04-04,44.990211486816406
2024-04-05,45.01798629760742
2024-04-08,45.34205627441406
2024-04-09,46.11056900024414
2024-04-10,45.610572814941406
2024-04-11,45.66613006591797
2024-04-12,44.78650665283203
2024-04-15,44.129112243652344
2024-04-16,43.12912368774414
2024-04-17,43.3698616027832
2024-04-18,43.2309684753418
2024-04-19,42.32357406616211
2024-04-22,42.45320510864258
2024-04-23,42.879127502441406
2024-04-24,43.08282470703125
2024-04-25,43.09208679199219
2024-04-26,43.610595703125
2024-04-29,44.36058807373047
2024-04-30,43.6661491394043
2024-05-01,43.43467330932617
2024-05-02,44.3513298034668
2024-05-03,45.04576873779297
2024-05-06,45.36057662963867
2024-05-07,44.962432861328125
2024-05-08,45.24020767211914
2024-05-09,45.29576110839844
2024-05-10,45.795753479003906
2024-05-13,45.88834762573242
2024-05-14,46.675376892089844
2024-05-15,47.50870132446289
2024-05-16,47.06426239013672
2024-05-17,47.203147888183594
2024-05-20,47.06426239013672
2024-05-21,46.77722930908203
2024-05-22,47.24944305419922
2024-05-23,47.25870132446289
2024-05-24,47.86054611206055
2024-05-28,48.425357818603516
2024-05-29,47.24944305419922
2024-05-30,47.360557556152344
2024-05-31,46.592041015625
2024-06-03,47.08277893066406
2024-06-04,46.471675872802734
2024-06-05,47.61054992675781
2024-06-06,47.77721405029297
2024-06-07,47.36981201171875
2024-06-10,47.74943542480469
2024-06-11,47.70314407348633
2024-06-12,48.74016571044922
2024-06-13,48.74016571044922
2024-06-14,49.184608459472656
2024-06-17,49.730892181396484
2024-06-18,50.40681457519531
2024-06-20,50.80495834350586
2024-06-21,50.58273696899414
2024-06-24,49.86052322387695
2024-06-25,50.01792907714844
2024-06-26,49.638301849365234
2024-06-27,49.97163391113281
2024-06-28,50.17533493041992
2024-07-01,50.04570770263672
2024-07-02,50.32347869873047
2024-07-03,51.175323486328125
2024-07-05,51.3697624206543
2024-07-08,52.07345962524414
2024-07-09,51.934574127197266
2024-07-10,52.66604995727539
2024-07-11,52.62901306152344
2024-07-12,52.601234436035156
2024-07-15,51.73086929321289
2024-07-16,52.37901306152344
2024-07-17,50.60125732421875
2024-07-18,49.97163391113281
2024-07-19,49.203125
2024-07-22,49.027198791503906
2024-07-23,49.184608459472656
2024-07-24,47.943878173828125
2024-07-25,47.84202575683594
2024-07-26,48.2772102355957
2024-07-29,47.619808197021484
2024-07-30,47.58277130126953
2024-07-31,49.203125
2024-08-01,47.90684509277344
2024-08-02,46.56427001953125
2024-08-05,44.24021911621094
2024-08-06,44.71243667602539
2024-08-07,45.351318359375
2024-08-08,47.08277893066406
2024-08-09,47.666107177734375
2024-08-12,48.01795196533203
2024-08-13,49.09201431274414
2024-08-14,48.943870544433594
2024-08-15,49.28645706176758
2024-08-16,49.804969787597656
2024-08-19,50.59199905395508
2024-08-20,50.1290397644043
2024-08-21,50.05496597290039
2024-08-22,48.953125
2024-08-23,50.36977767944336
2024-08-26,49.93459701538086
2024-08-27,50.11051940917969
2024-08-28,49.99940872192383
2024-08-29,50.06422424316406
2024-08-30,49.81422805786133
2024-09-03,47.84202575683594
2024-09-04,47.4068489074707
2024-09-05,47.74943542480469
2024-09-06,46.36982345581055
2024-09-09,47.42536926269531
2024-09-10,47.03648376464844
2024-09-11,48.1475830078125
2024-09-12,48.610538482666016
2024-09-13,48.65683364868164
2024-09-16,48.67535400390625
2024-09-17,48.43461608886719
2024-09-18,48.166099548339844
2024-09-19,49.730892181396484
2024-09-20,49.221641540527344
2024-09-23,49.55497360229492
2024-09-24,51.13828659057617
2024-09-25,50.93458557128906
2024-09-26,52.20309066772461
2024-09-27,51.388282775878906
2024-09-30,49.8790397644043
2024-10-01,49.545711517333984
2024-10-02,49.62904357910156
2024-10-03,49.67534255981445
2024-10-04,49.795711517333984
2024-10-07,49.71237564086914
2024-10-08,50.31422424316406
2024-10-09,50.29570388793945
2024-10-10,50.40681457519531
2024-10-11,51.0086555480957
2024-10-14,51.267913818359375
2024-10-15,50.54570007324219
2024-10-16,51.14754867553711
2024-10-17,52.527156829833984
2024-10-18,52.462345123291016
2024-10-21,52.04568099975586
2024-10-22,52.29568099975586
2024-10-23,51.480873107910156
2024-10-24,51.490135192871094
2024-10-25,52.12901306152344
2024-10-28,51.3697624206543
2024-10-29,51.249393463134766
2024-10-30,50.67532730102539
2024-10-31,50.2031135559082
2024-11-01,50.740142822265625
2024-11-04,51.110511779785156
2024-11-05,51.795684814453125
2024-11-06,51.14754867553711
2024-11-07,52.453086853027344
2024-11-08,51.841983795166016
2024-11-11,50.703102111816406
2024-11-12,50.02718734741211
2024-11-13,50.073486328125
2024-11-14,49.592010498046875
2024-11-15,49.369789123535156
2024-11-18,49.62904357910156
2024-11-19,50.19385528564453
2024-11-20,49.67534255981445
2024-11-21,49.75867462158203
2024-11-22,50.22163391113281
2024-11-25,50.05496597290039
2024-11-26,49.55497360229492
2024-11-27,48.786460876464844
2024-11-29,49.21238327026367
2024-12-02,50.17533493041992
2024-12-03,50.36977767944336
2024-12-04,50.93458557128906
2024-12-05,51.02717590332031
2024-12-06,50.78643798828125
2024-12-09,50.84199523925781
2024-12-10,49.93459701538086
2024-12-11,50.40681457519531
2024-12-12,50.05496597290039
2024-12-13,50.60125732421875
2024-12-16,50.425331115722656
2024-12-17,50.25132751464844
2024-12-18,49.170963287353516
2024-12-19,49.572513580322266
2024-12-20,49.92626190185547
2024-12-23,50.85365295410156
2024-12-24,50.77716827392578
2024-12-26,50.31825256347656
2024-12-27,50.24176788330078
2024-12-30,49.6872444152832
2024-12-31,49.48646545410156
2025-01-02,49.08491516113281
2025-01-03,49.935821533203125
2025-01-06,51.45598220825195
2025-01-07,50.75804901123047
2025-01-08,50.18440246582031
2025-01-10,48.893699645996094
2025-01-13,48.06191635131836
2025-01-14,48.740726470947266
2025-01-15,49.26656723022461
2025-01-16,49.69680404663086
2025-01-17,49.744606018066406
2025-01-21,50.77716827392578
2025-01-22,51.00662612915039
2025-01-23,51.236083984375
2025-01-24,51.08311462402344
2025-01-27,48.21488571166992
2025-01-28,48.931941986083984
2025-01-29,48.83633804321289
2025-01-30,49.40041732788086
2025-01-31,49.190086364746094
2025-02-03,48.7694091796875
2025-02-04,49.48646545410156
2025-02-05,49.84021759033203
2025-02-06,49.96450424194336
2025-02-07,49.72548294067383
2025-02-10,50.21308517456055
2025-02-11,50.21308517456055
2025-02-12,50.0505485534668
2025-02-13,50.54771041870117
2025-02-14,50.4329833984375
2025-02-18,50.83453369140625
2025-02-19,50.77716827392578
2025-02-20,50.83453369140625
2025-02-21,50.62419891357422
2025-02-24,50.260887145996094
2025-02-25,50.069671630859375
2025-02-26,50.74848937988281
2025-02-27,48.597320556640625
2025-02-28,48.57819747924805
2025-03-03,48.04279327392578
2025-03-04,48.798095703125
2025-03-05,49.78285217285156
2025-03-06,48.55907440185547
2025-03-07,48.9797477722168
2025-03-10,47.698604583740234
2025-03-11,47.78465270996094
2025-03-12,48.44434356689453
2025-03-13,47.45002746582031
2025-03-14,48.06191635131836
2025-03-17,48.48258590698242
2025-03-18,47.994991302490234
2025-03-19,47.937625885009766
2025-03-20,48.071475982666016
2025-03-21,48.01411056518555
2025-03-24,48.167083740234375
2025-03-25,48.243568420410156
2025-03-26,47.335296630859375
2025-03-27,47.03891372680664
2025-03-28,45.71952819824219
2025-03-31,45.39446258544922
2025-04-01,46.08283996582031
2025-04-02,46.35054016113281
2025-04-03,44.02727508544922
2025-04-04,41.89522933959961
2025-04-07,40.18385314941406
2025-04-08,39.15129089355469
2025-04-09,42.8226203918457
2025-04-10,41.41719055175781
2025-04-11,43.61616134643555
2025-04-14,43.75957489013672
2025-04-15,44.02727508544922
2025-04-16,43.01383972167969
2025-04-17,42.908668518066406
2025-04-21,42.27766036987305
2025-04-22,42.38282775878906
2025-04-23,43.501434326171875
2025-04-24,44.15156555175781
2025-04-25,44.30453872680664
2025-04-28,44.428829193115234
2025-04-29,45.07896041870117
2025-04-30,45.39446258544922
2025-05-01,45.71952819824219
2025-05-02,48.7120475769043
2025-05-05,50.633758544921875
2025-05-06,49.29525375366211
2025-05-07,48.759849548339844
2025-05-08,48.91282272338867
2025-05-09,49.476905822753906
2025-05-12,50.62419891357422
2025-05-13,50.939701080322266
2025-05-14,51.408180236816406
2025-05-15,51.6185188293457
2025-05-16,51.63763427734375
2025-05-19,51.45598220825195
2025-05-20,51.130916595458984
2025-05-21,51.36037826538086
2025-05-22,51.34125518798828
2025-05-23,51.169158935546875
2025-05-27,51.22652816772461
2025-05-28,50.92057800292969
2025-05-29,50.54771041870117
2025-05-30,50.0792350769043
2025-06-02,50.51902770996094
2025-06-03,50.81541442871094
2025-06-04,51.5898323059082
2025-06-05,51.37949752807617
2025-06-06,51.733245849609375
2025-06-09,52.306888580322266
2025-06-10,53.3490104675293
2025-06-11,53.3776969909668
2025-06-12,54.24772644042969
2025-06-13,53.39681625366211
2025-06-16,53.98002243041992
2025-06-17,53.20560073852539
2025-06-18,53.56890869140625
2025-06-20,52.43117904663086
2025-06-23,52.75624465942383
2025-06-24,54.3242073059082
2025-06-25,54.792686462402344
2025-06-26,55.308963775634766
2025-06-27,55.308963775634766
2025-06-30,54.87873458862305
2025-07-01,55.05082702636719
2025-07-02,56.16943359375
2025-07-03,56.829124450683594
2025-07-07,55.0986328125
2025-07-08,55.12731170654297
2025-07-09,55.48106002807617
2025-07-10,55.81568908691406
2025-07-11,55.739200592041016
2025-07-14,55.27072525024414
2025-07-15,55.71051788330078
2025-07-16,56.38933181762695
2025-07-17,56.86737060546875
2025-07-18,56.63791275024414
2025-07-21,56.75263977050781
2025-07-22,56.14075469970703
2025-07-23,57.17331314086914
2025-07-24,56.78132247924805
2025-07-25,56.81956481933594
2025-07-28,56.4658203125
2025-07-29,56.045143127441406
2025-07-30,55.78700256347656
2025-07-31,55.796566009521484
2025-08-01,55.82524871826172
2025-08-04,56.2554817199707
2025-08-05,56.331966400146484
2025-08-06,56.54230499267578
2025-08-07,57.708717346191406
2025-08-08,57.64179229736328
2025-08-11,57.63222885131836
2025-08-12,58.40665054321289
2025-08-13,58.34928512573242
2025-08-14,57.98598098754883
2025-08-15,57.76607894897461
2025-08-18,58.358848571777344
2025-08-19,57.45057678222656
2025-08-20,56.198116302490234
2025-08-21,55.99734115600586
2025-08-22,57.03946304321289
2025-08-25,56.65703201293945
2025-08-26,56.88648986816406
2025-08-27,57.14463424682617
2025-08-28,57.268924713134766
2025-08-29,56.236358642578125
2025-09-02,55.50018310546875
2025-09-03,56.15031433105469
2025-09-04,56.695274353027344
2025-09-05,57.565303802490234
2025-09-08,58.301483154296875
2025-09-09,58.91337203979492
2025-09-10,59.81208419799805
2025-09-11,59.98417663574219
2025-09-12,60.07022476196289
2025-09-15,60.25187683105469
2025-09-16,60.538700103759766
2025-09-17,60.43353271484375
2025-09-18,60.96893310546875
2025-09-19,60.596065521240234
2025-09-22,61.207950592041016
2025-09-23,61.466094970703125
2025-09-24,60.77771759033203
2025-09-25,60.290122985839844
2025-09-26,59.98417663574219
2025-09-29,60.309242248535156
2025-09-30,60.825523376464844
2025-10-01,61.32268142700195
2025-10-02,61.1888313293457
2025-10-03,61.80072021484375
2025-10-06,62.173587799072266
2025-10-07,61.96324920654297
2025-10-08,62.766357421875
2025-10-09,61.98237609863281
2025-10-10,58.91337203979492
2025-10-13,61.7242317199707
2025-10-14,60.902008056640625
2025-10-15,62.135345458984375
2025-10-16,62.307437896728516
2025-10-17,62.23094940185547
2025-10-20,63.263511657714844
2025-10-21,62.89064407348633
2025-10-22,62.173587799072266
2025-10-23,62.8237190246582
2025-10-24,63.55990219116211
2025-10-27,64.0379409790039
2025-10-28,64.14310455322266
2025-10-29,64.18134307861328
2025-10-30,63.61726379394531
2025-10-31,63.72243118286133
2025-11-03,63.96145248413086
2025-11-04,62.5560188293457
2025-11-05,63.129661560058594
2025-11-06,62.08754348754883
2025-11-07,61.772037506103516
2025-11-10,62.86196517944336
2025-11-11,62.51777648925781
2025-11-12,62.53689956665039
2025-11-13,61.17927169799805
2025-11-14,62.307437896728516
2025-11-17,60.38572692871094
2025-11-18,59.9172477722168
2025-11-19,59.75471878051758
2025-11-20,58.97073745727539
2025-11-21,59.08546447753906
2025-11-24,59.764278411865234
2025-11-25,60.04153823852539
2025-11-26,60.863765716552734
2025-11-28,61.67643356323242
2025-12-01,61.31311798095703
2025-12-02,61.79115676879883
2025-12-03,62.001495361328125
2025-12-04,61.67643356323242
2025-12-05,62.479530334472656
2025-12-08,62.68986892700195
2025-12-09,62.833282470703125
2025-12-10,63.8658447265625
2025-12-11,63.02449417114258
2025-12-12,61.28443908691406
2025-12-15,61.29399871826172
2025-12-16,61.119998931884766
2025-12-17,60.029998779296875
2025-12-18,60.869998931884766
2025-12-19,61.63999938964844
2025-12-22,61.97999954223633
2025-12-23,62.5
2025-12-24,62.529998779296875
2025-12-26,63.02000045776367
2025-12-29,63.33000183105469
2025-12-30,63.709999084472656
2025-12-31,63.529998779296875
2026-01-02,64.7699966430664
2026-01-05,65.30000305175781
2026-01-06,65.83000183105469
2026-01-07,65.58999633789062
2026-01-08,65.44000244140625
2026-01-09,65.91999816894531
2026-01-12,66.62000274658203
2026-01-13,66.0999984741211
2026-01-14,66.51000213623047
2026-01-15,67.29000091552734
2026-01-16,67.33999633789062
2026-01-20,66.54000091552734
2026-01-21,67.44999694824219
2026-01-22,68.25
2026-01-23,69.70999908447266
2026-01-26,69.94000244140625
2026-01-27,71.31999969482422
2026-01-28,71.19000244140625
2026-01-29,69.83000183105469
2026-01-30,68.05999755859375
2026-02-02,68.94000244140625
2026-02-03,68.83000183105469
2026-02-04,68.1500015258789
2026-02-05,67.86000061035156
2026-02-06,70.05000305175781
2026-02-09,70.76000213623047
2026-02-10,71.44000244140625
2026-02-11,73.3499984741211
2026-02-12,72.55999755859375
2026-02-13,73.05000305175781
2026-02-17,72.88999938964844
2026-02-18,72.9800033569336
2026-02-19,72.66999816894531
2026-02-20,74.37999725341797
2026-02-23,73.18000030517578
2026-02-24,75.7300033569336
2026-02-25,77.05999755859375
2026-02-26,76.13999938964844
2026-02-27,75.66999816894531
2026-03-02,75.06999969482422
2026-03-03,71.29000091552734
2026-03-04,71.62000274658203
2026-03-05,70.4000015258789
2026-03-06,69.5199966430664
2026-03-09,70.76000213623047
2026-03-10,70.44000244140625
2026-03-11,71.91000366210938
2026-03-12,69.76000213623047
2026-03-13,69.98999786376953
2026-03-16,72.02999877929688
2026-03-17,73.0
2026-03-18,71.33999633789062
2026-03-19,72.13999938964844
2026-03-20,69.73999786376953
2026-03-23,72.16000366210938
2026-03-24,70.73999786376953
2026-03-25,72.38999938964844
2026-03-26,70.0999984741211
2026-03-27,69.48999786376953
2026-03-30,68.95999908447266
2026-03-31,70.91999816894531
2026-04-01,71.72000122070312
2026-04-02,70.7699966430664
2026-04-06,71.29000091552734
2026-04-07,71.81999969482422
2026-04-08,76.36000061035156
2026-04-09,76.41000366210938
2026-04-10,76.94000244140625
2026-04-13,78.26000213623047
2026-04-14,80.20999908447266
2026-04-15,80.73999786376953
2026-04-16,81.3499984741211
2026-04-17,83.22000122070312
2026-04-20,83.58999633789062
2026-04-21,83.52999877929688
2026-04-22,86.19000244140625
2026-04-23,84.23999786376953
2026-04-24,88.08999633789062
2026-04-27,87.3499984741211
2026-04-28,87.23999786376953
2026-04-29,87.19000244140625
2026-04-30,89.87999725341797
2026-05-01,89.97000122070312
2026-05-04,90.41000366210938
2026-05-05,92.7699966430664
2026-05-06,94.8499984741211
2026-05-07,94.30999755859375
2026-05-08,96.11000061035156
2026-05-11,97.1500015258789
2026-05-12,93.7699966430664
2026-05-13,94.86000061035156
2026-05-14,95.4800033569336
2026-05-15,91.27999877929688
2026-05-18,91.76000213623047
2026-05-19,89.83000183105469
2026-05-20,91.91999816894531
2026-05-21,94.47000122070312
2026-05-22,96.83999633789062
2026-05-26,102.13999938964844
2026-05-27,102.97000122070312
2026-05-28,102.33999633789062
2026-05-29,102.77999877929688
2026-06-01,106.41999816894531
2026-06-02,107.11000061035156
2026-06-03,106.9000015258789
2026-06-04,105.75
2026-06-05,98.08000183105469
2026-06-08,100.43000030517578
2026-06-09,100.80000305175781
2026-06-10,98.0
2026-06-11,102.44999694824219
2026-06-12,102.62000274658203
2026-06-15,106.37000274658203
2026-06-16,103.79000091552734
2026-06-17,105.11000061035156
2026-06-18,109.98999786376953
2026-06-22,111.52999877929688
2026-06-23,105.23999786376953
2026-06-24,104.72000122070312
2026-06-25,104.91000366210938
2026-06-26,102.80999755859375
2026-06-29,105.79000091552734
2026-06-30,108.61000061035156
2026-07-01,105.69000244140625
2026-07-02,104.86000061035156
2026-07-06,107.2699966430664
2026-07-07,101.87999725341797
2026-07-08,103.9000015258789
2026-07-09,105.05000305175781
2026-07-10,106.19000244140625
2026-07-13,101.87999725341797
2026-07-14,101.87999725341797
2026-07-15,102.48999786376953
2026-07-16,100.16000366210938
2026-07-17,97.33000183105469
2026-07-20,95.94000244140625
2026-07-21,100.58000183105469
2026-07-22,101.68000030517578
2026-07-23,99.83999633789062
2026-07-24,98.01000213623047
2026-07-27,97.80999755859375
2026-07-28,93.94999694824219
2026-07-29,89.41000366210938
2026-07-30,94.0
2026-07-31,96.55000305175781
2026-08-03,97.9800033569336
2026-08-04,102.20999908447266
2026-08-05,101.69999694824219
2026-08-06,101.9800033569336
2026-08-07,103.08999633789062
2026-08-10,102.18000030517578
2026-08-11,103.94000244140625
2026-08-12,106.18000030517578
2026-08-13,107.5
2026-08-14,107.06999969482422
2026-08-17,107.80000305175781
2026-08-18,104.38999938964844
2026-08-19,104.69999694824219
2026-08-20,104.06999969482422
2026-08-21,104.30000305175781
2026-08-24,103.33000183105469
2026-08-25,105.4000015258789
2026-08-26,106.38999938964844
2026-08-27,108.62999725341797
2026-08-28,107.9000015258789
2026-08-31,108.02999877929688
2026-09-01,109.73999786376953
2026-09-02,109.43000030517578
2026-09-03,110.12999725341797
2026-09-04,112.18000030517578
2026-09-08,111.54000091552734
2026-09-09,111.76000213623047
2026-09-10,108.91999816894531
2026-09-11,110.91000366210938
2026-09-14,107.20999908447266
2026-09-15,106.66999816894531
2026-09-16,108.4000015258789
2026-09-17,110.63999938964844
2026-09-18,111.63999938964844
2026-09-21,115.63999938964844
2026-09-22,115.11000061035156
2026-09-23,112.5
2026-09-24,113.08000183105469
2026-09-25,114.77999877929688
2026-09-28,114.16999816894531
2026-09-29,114.11000061035156
2026-09-30,112.9000015258789
2026-10-01,112.77999877929688
2026-10-02,116.33000183105469
2026-10-05,118.0
2026-10-06,117.61000061035156
2026-10-07,116.23999786376953
