date,adjclose
2011-10-10,13.783876419067383
2011-10-11,13.605371475219727
2011-10-12,13.651935577392578
2011-10-13,13.59760856628418
2011-10-14,13.667459487915039
2011-10-17,13.33372688293457
2011-10-18,13.877007484436035
2011-10-19,13.7295503616333
2011-10-20,13.473429679870605
2011-10-21,13.923580169677734
2011-10-24,13.931340217590332
2011-10-25,13.582084655761719
2011-10-26,13.814921379089355
2011-10-27,14.311635971069336
2011-10-28,14.459100723266602
2011-10-31,14.187458992004395
2011-11-01,13.706265449523926
2011-11-02,13.706265449523926
2011-11-03,13.791642189025879
2011-11-04,13.628652572631836
2011-11-07,13.566561698913574
2011-11-08,13.535521507263184
2011-11-09,13.209549903869629
2011-11-10,13.380294799804688
2011-11-11,13.41133975982666
2011-11-14,12.91462230682373
2011-11-15,12.604172706604004
2011-11-16,12.6585054397583
2011-11-17,12.402384757995605
2011-11-18,12.340295791625977
2011-11-21,11.952235221862793
2011-11-22,12.045372009277344
2011-11-23,12.0298490524292
2011-11-25,12.006564140319824
2011-11-28,12.122983932495117
2011-11-29,12.130743980407715
2011-11-30,12.472234725952148
2011-12-01,12.29372787475586
2011-12-02,12.448951721191406
2011-12-05,12.837011337280273
2011-12-06,12.674027442932129
2011-12-07,12.604172706604004
2011-12-08,12.122983932495117
2011-12-09,12.192832946777344
2011-12-12,11.936712265014648
2011-12-13,11.928953170776367
2011-12-14,11.928953170776367
2011-12-15,11.890146255493164
2011-12-16,12.177309036254883
2011-12-19,12.122983932495117
2011-12-20,12.348055839538574
2011-12-21,12.231637954711914
2011-12-22,11.99880313873291
2011-12-23,11.7893705368042
2011-12-27,11.397174835205078
2011-12-28,11.271674156188965
2011-12-29,11.248143196105957
2011-12-30,11.412863731384277
2012-01-03,11.569741249084473
2012-01-04,11.444241523742676
2012-01-05,11.232454299926758
2012-01-06,11.295207977294922
2012-01-09,11.4520845413208
2012-01-10,11.710929870605469
2012-01-11,11.718774795532227
2012-01-12,11.907029151916504
2012-01-13,11.891341209411621
2012-01-17,12.14234447479248
2012-01-18,12.503164291381836
2012-01-19,12.707106590270996
2012-01-20,12.8247652053833
2012-01-23,12.8247652053833
2012-01-24,12.707106590270996
2012-01-25,12.934581756591797
2012-01-26,12.911046028137207
2012-01-27,13.052236557006836
2012-01-30,13.169897079467773
2012-01-31,13.413052558898926
2012-02-01,13.491495132446289
2012-02-02,13.96997356414795
2012-02-03,14.064098358154297
2012-02-06,13.899378776550293
2012-02-07,13.9385986328125
2012-02-08,14.166069984436035
2012-02-09,14.103320121765137
2012-02-10,13.750346183776855
2012-02-13,13.522870063781738
2012-02-14,13.601311683654785
2012-02-15,13.467964172363281
2012-02-16,13.797406196594238
2012-02-17,13.907220840454102
2012-02-21,14.315107345581055
2012-02-22,14.550423622131348
2012-02-23,14.958304405212402
2012-02-24,15.436779022216797
2012-02-27,15.679943084716797
2012-02-28,15.32696533203125
2012-02-29,15.02889347076416
2012-03-01,15.444625854492188
2012-03-02,15.844663619995117
2012-03-05,16.36235809326172
2012-03-06,15.428936004638672
2012-03-07,15.69562816619873
2012-03-08,15.69562816619873
2012-03-09,15.797601699829102
2012-03-12,15.444625854492188
2012-03-13,15.436779022216797
2012-03-14,15.01320743560791
2012-03-15,15.978009223937988
2012-03-16,15.69562816619873
2012-03-19,15.62503433227539
2012-03-20,15.483843803405762
2012-03-21,15.5858154296875
2012-03-22,15.523065567016602
2012-03-23,15.601505279541016
2012-03-26,15.797601699829102
2012-03-27,15.319127082824707
2012-03-28,15.193622589111328
2012-03-29,14.91908073425293
2012-03-30,15.01320743560791
2012-04-02,15.28774642944336
2012-04-03,15.319127082824707
2012-04-04,15.005367279052734
2012-04-05,15.279903411865234
2012-04-09,15.115182876586914
2012-04-10,14.856332778930664
2012-04-11,15.593659400939941
2012-04-12,16.15842056274414
2012-04-13,15.836819648742676
2012-04-16,16.127046585083008
2012-04-17,16.589832305908203
2012-04-18,16.338829040527344
2012-04-19,15.907419204711914
2012-04-20,15.821131706237793
2012-04-23,15.703471183776855
2012-04-24,15.93094539642334
2012-04-25,16.1662654876709
2012-04-26,16.079978942871094
2012-04-27,16.29176902770996
2012-04-30,16.37020492553711
2012-05-01,16.581987380981445
2012-05-02,16.268230438232422
2012-05-03,16.09566879272461
2012-05-04,15.94663143157959
2012-05-07,16.503549575805664
2012-05-08,16.511390686035156
2012-05-09,16.550615310668945
2012-05-10,16.57414436340332
2012-05-11,16.03291893005371
2012-05-14,15.32696533203125
2012-05-15,14.65239429473877
2012-05-16,14.558263778686523
2012-05-17,14.252355575561523
2012-05-18,14.103320121765137
2012-05-21,14.770051956176758
2012-05-22,14.605329513549805
2012-05-23,14.213132858276367
2012-05-24,14.166069984436035
2012-05-25,14.534736633300781
2012-05-29,14.76220703125
2012-05-30,14.471981048583984
2012-05-31,14.236666679382324
2012-06-01,13.946438789367676
2012-06-04,13.695433616638184
2012-06-05,13.899378776550293
2012-06-06,14.377856254577637
2012-06-07,14.573953628540039
2012-06-08,14.526888847351074
2012-06-11,14.362166404724121
2012-06-12,14.370012283325195
2012-06-13,14.236666679382324
2012-06-14,14.275887489318848
2012-06-15,14.589640617370605
2012-06-18,14.660235404968262
2012-06-19,14.832802772521973
2012-06-20,14.754361152648926
2012-06-21,14.315107345581055
2012-06-22,14.471981048583984
2012-06-25,14.071946144104004
2012-06-26,14.079787254333496
2012-06-27,13.985660552978516
2012-06-28,13.860159873962402
2012-06-29,14.409229278564453
2012-07-02,14.205290794372559
2012-07-03,14.205290794372559
2012-07-05,13.88369083404541
2012-07-06,13.773874282836914
2012-07-09,13.632683753967285
2012-07-10,13.420900344848633
2012-07-11,13.648375511169434
2012-07-12,13.695433616638184
2012-07-13,14.205290794372559
2012-07-16,13.836627006530762
2012-07-17,14.315107345581055
2012-07-18,14.244508743286133
2012-07-19,14.581795692443848
2012-07-20,14.181760787963867
2012-07-23,14.064098358154297
2012-07-24,13.758188247680664
2012-07-25,13.797406196594238
2012-07-26,13.9229097366333
2012-07-27,14.040567398071289
2012-07-30,13.96997356414795
2012-07-31,13.84446907043457
2012-08-01,13.820938110351562
2012-08-02,13.711125373840332
2012-08-03,14.111161231994629
2012-08-06,14.079787254333496
2012-08-07,14.08763313293457
2012-08-08,14.126853942871094
2012-08-09,14.197447776794434
2012-08-10,14.14254093170166
2012-08-13,14.056255340576172
2012-08-14,14.079787254333496
2012-08-15,14.268041610717773
2012-08-16,14.275887489318848
2012-08-17,14.260197639465332
2012-08-20,14.338635444641113
2012-08-21,13.88369083404541
2012-08-22,13.742500305175781
2012-08-23,12.87967586517334
2012-08-24,13.303240776062012
2012-08-27,12.92673397064209
2012-08-28,13.036552429199219
2012-08-29,13.209117889404297
2012-08-30,13.209117889404297
2012-08-31,13.373836517333984
2012-09-04,13.522870063781738
2012-09-05,13.209117889404297
2012-09-06,13.33461856842041
2012-09-07,13.27971076965332
2012-09-10,12.942425727844238
2012-09-11,12.667884826660156
2012-09-12,12.69141960144043
2012-09-13,12.958110809326172
2012-09-14,13.216959953308105
2012-09-17,13.232646942138672
2012-09-18,12.911046028137207
2012-09-19,12.918892860412598
2012-09-20,12.660042762756348
2012-09-21,12.92673397064209
2012-09-24,12.707106590270996
2012-09-25,12.416881561279297
2012-09-26,12.589447975158691
2012-09-27,12.69141960144043
2012-09-28,12.589447975158691
2012-10-01,12.534541130065918
2012-10-02,12.361973762512207
2012-10-03,12.534541130065918
2012-10-04,12.479633331298828
2012-10-05,12.511008262634277
2012-10-08,12.605134963989258
2012-10-09,12.589447975158691
2012-10-10,12.573760986328125
2012-10-11,12.8247652053833
2012-10-12,12.74632740020752
2012-10-15,12.840453147888184
2012-10-16,13.25617790222168
2012-10-17,13.177738189697266
2012-10-18,13.130677223205566
2012-10-19,12.85614013671875
2012-10-22,12.895360946655273
2012-10-23,12.762012481689453
2012-10-24,12.605134963989258
2012-10-25,12.628668785095215
2012-10-26,12.620824813842773
2012-10-31,12.361973762512207
2012-11-01,12.597290992736816
2012-11-02,12.2913818359375
2012-11-05,12.197254180908203
2012-11-06,12.158034324645996
2012-11-07,12.158034324645996
2012-11-08,12.307066917419434
2012-11-09,12.518853187561035
2012-11-12,12.511008262634277
2012-11-13,12.416881561279297
2012-11-14,12.189409255981445
2012-11-15,12.228631019592285
2012-11-16,12.361973762512207
2012-11-19,12.330599784851074
2012-11-20,12.283536911010742
2012-11-21,12.26784896850586
2012-11-23,12.361973762512207
2012-11-26,12.197254180908203
2012-11-27,12.158034324645996
2012-11-28,12.165879249572754
2012-11-29,12.2913818359375
2012-11-30,12.228631019592285
2012-12-03,12.283536911010742
2012-12-04,12.40119457244873
2012-12-05,12.612977027893066
2012-12-06,12.644354820251465
2012-12-07,12.863983154296875
2012-12-10,12.934581756591797
2012-12-11,13.091458320617676
2012-12-12,13.201271057128906
2012-12-13,13.020864486694336
2012-12-14,13.099303245544434
2012-12-17,13.318929672241211
2012-12-18,13.33461856842041
2012-12-19,13.318929672241211
2012-12-20,13.687593460083008
2012-12-21,13.530714988708496
2012-12-24,13.864913940429688
2012-12-26,13.888957977294922
2012-12-27,13.776758193969727
2012-12-28,13.864913940429688
2012-12-31,14.425925254821777
2013-01-02,15.187292098999023
2013-01-03,14.91480541229248
2013-01-04,15.355589866638184
2013-01-07,15.740283012390137
2013-01-08,16.076892852783203
2013-01-09,15.996743202209473
2013-01-10,16.718042373657227
2013-01-11,15.868515014648438
2013-01-14,15.884540557861328
2013-01-15,15.956671714782715
2013-01-16,16.317319869995117
2013-01-17,16.373424530029297
2013-01-18,16.213136672973633
2013-01-22,15.93263053894043
2013-01-23,15.804399490356445
2013-01-24,16.06887435913086
2013-01-25,16.661943435668945
2013-01-28,17.198904037475586
2013-01-29,17.535511016845703
2013-01-30,17.936233520507812
2013-01-31,17.15081787109375
2013-02-01,17.647714614868164
2013-02-04,18.393054962158203
2013-02-05,18.072477340698242
2013-02-06,18.256807327270508
2013-02-07,17.856088638305664
2013-02-08,18.40106773376465
2013-02-11,18.897958755493164
2013-02-12,18.769729614257812
2013-02-13,18.67355728149414
2013-02-14,18.545326232910156
2013-02-15,18.649513244628906
2013-02-19,18.47319793701172
2013-02-20,18.360994338989258
2013-02-21,16.95046043395996
2013-02-22,17.206920623779297
2013-02-25,17.15081787109375
2013-02-26,16.40548324584961
2013-02-27,17.08670425415039
2013-02-28,17.174863815307617
2013-03-01,16.750097274780273
2013-03-04,15.852487564086914
2013-03-05,16.044830322265625
2013-03-06,16.54973793029785
2013-03-07,16.525697708129883
2013-03-08,16.77414321899414
2013-03-11,17.0225887298584
2013-03-12,16.838258743286133
2013-03-13,16.48562240600586
2013-03-14,16.373424530029297
2013-03-15,16.525697708129883
2013-03-18,16.67797088623047
2013-03-19,16.421510696411133
2013-03-20,16.750097274780273
2013-03-21,16.750097274780273
2013-03-22,16.565767288208008
2013-03-25,16.589815139770508
2013-03-26,16.661943435668945
2013-03-27,16.49363899230957
2013-03-28,16.357391357421875
2013-04-01,16.47761344909668
2013-04-02,16.718042373657227
2013-04-03,16.421510696411133
2013-04-04,16.413494110107422
2013-04-05,16.38945198059082
2013-04-08,16.50967025756836
2013-04-09,16.141008377075195
2013-04-10,16.012773513793945
2013-04-11,16.18107795715332
2013-04-12,16.100936889648438
2013-04-15,15.059062004089355
2013-04-16,15.355589866638184
2013-04-17,15.099133491516113
2013-04-18,14.714442253112793
2013-04-19,14.994948387145996
2013-04-22,14.666357040405273
2013-04-23,15.01097297668457
2013-04-24,15.01097297668457
2013-04-25,15.17126178741455
2013-04-26,15.435739517211914
2013-04-29,15.507865905761719
2013-04-30,15.636098861694336
2013-05-01,15.555953979492188
2013-05-02,15.323537826538086
2013-05-03,15.451766967773438
2013-05-06,16.076892852783203
2013-05-07,16.381441116333008
2013-05-08,16.277250289916992
2013-05-09,16.325336456298828
2013-05-10,16.285266876220703
2013-05-13,16.245195388793945
2013-05-14,16.15703773498535
2013-05-15,16.277250289916992
2013-05-16,16.253211975097656
2013-05-17,16.341367721557617
2013-05-20,16.645915985107422
2013-05-21,16.685985565185547
2013-05-22,16.67797088623047
2013-05-23,16.22916030883789
2013-05-24,16.645915985107422
2013-05-28,17.12677574157715
2013-05-29,16.85428810119629
2013-05-30,17.182876586914062
2013-05-31,16.926416397094727
2013-06-03,16.91840362548828
2013-06-04,16.702014923095703
2013-06-05,16.33334732055664
2013-06-06,16.694000244140625
2013-06-07,17.222951889038086
2013-06-10,16.84627342224121
2013-06-11,16.341367721557617
2013-06-12,16.221147537231445
2013-06-13,16.429523468017578
2013-06-14,16.245195388793945
2013-06-17,16.060863494873047
2013-06-18,16.076892852783203
2013-06-19,15.7162446975708
2013-06-20,15.195306777954102
2013-06-21,15.347579002380371
2013-06-24,15.002959251403809
2013-06-25,14.666357040405273
2013-06-26,14.78657054901123
2013-06-27,15.123178482055664
2013-06-28,14.906786918640137
2013-07-01,15.23537826538086
2013-07-02,15.179276466369629
2013-07-03,15.139203071594238
2013-07-05,14.810614585876465
2013-07-08,14.546140670776367
2013-07-09,14.754511833190918
2013-07-10,14.722455978393555
2013-07-11,15.035022735595703
2013-07-12,15.211334228515625
2013-07-15,15.195306777954102
2013-07-16,15.187292098999023
2013-07-17,15.371622085571289
2013-07-18,15.411696434020996
2013-07-19,15.491837501525879
2013-07-22,15.4597806930542
2013-07-23,15.411696434020996
2013-07-24,15.13118839263916
2013-07-25,14.986932754516602
2013-07-26,14.91480541229248
2013-07-29,14.56217098236084
2013-07-30,14.642312049865723
2013-07-31,15.02700424194336
2013-08-01,15.099133491516113
2013-08-02,15.075089454650879
2013-08-05,14.97891616821289
2013-08-06,14.850688934326172
2013-08-07,14.78657054901123
2013-08-08,14.834657669067383
2013-08-09,14.754511833190918
2013-08-12,14.810614585876465
2013-08-13,14.78657054901123
2013-08-14,14.922818183898926
2013-08-15,14.866717338562012
2013-08-16,14.778559684753418
2013-08-19,14.850688934326172
2013-08-20,14.618271827697754
2013-08-21,14.313719749450684
2013-08-22,14.401881217956543
2013-08-23,14.249604225158691
2013-08-26,14.201520919799805
2013-08-27,13.744702339172363
2013-08-28,13.712641716003418
2013-08-29,13.648526191711426
2013-08-30,13.82484245300293
2013-09-03,13.784770965576172
2013-09-04,13.848889350891113
2013-09-05,14.081305503845215
2013-09-06,14.193502426147461
2013-09-09,14.289677619934082
2013-09-10,14.433939933776855
2013-09-11,14.602241516113281
2013-09-12,14.449969291687012
2013-09-13,14.586214065551758
2013-09-16,14.433939933776855
2013-09-17,14.345778465270996
2013-09-18,14.586214065551758
2013-09-19,14.56217098236084
2013-09-20,14.538125038146973
2013-09-23,14.586214065551758
2013-09-24,14.61025619506836
2013-09-25,14.69841480255127
2013-09-26,14.618271827697754
2013-09-27,14.482026100158691
2013-09-30,14.353793144226074
2013-10-01,14.554152488708496
2013-10-02,14.706428527832031
2013-10-03,14.602241516113281
2013-10-04,14.898771286010742
2013-10-07,14.986932754516602
2013-10-08,14.882746696472168
2013-10-09,15.02700424194336
2013-10-10,15.115161895751953
2013-10-11,15.075089454650879
2013-10-14,15.075089454650879
2013-10-15,15.01097297668457
2013-10-16,15.331551551818848
2013-10-17,15.395665168762207
2013-10-18,15.491837501525879
2013-10-21,15.507865905761719
2013-10-22,15.4597806930542
2013-10-23,15.339563369750977
2013-10-24,15.307507514953613
2013-10-25,15.435739517211914
2013-10-28,15.227362632751465
2013-10-29,15.25942325592041
2013-10-30,15.099133491516113
2013-10-31,15.211334228515625
2013-11-01,15.091119766235352
2013-11-04,15.267436027526855
2013-11-05,15.23537826538086
2013-11-06,15.339563369750977
2013-11-07,15.17126178741455
2013-11-08,15.091119766235352
2013-11-11,15.051045417785645
2013-11-12,14.97891616821289
2013-11-13,15.091119766235352
2013-11-14,15.275452613830566
2013-11-15,15.539924621582031
2013-11-18,15.764327049255371
2013-11-19,15.700211524963379
2013-11-20,15.52389907836914
2013-11-21,15.539924621582031
2013-11-22,15.636098861694336
2013-11-25,15.596025466918945
2013-11-26,15.69219970703125
2013-11-27,15.684185028076172
2013-11-29,15.69219970703125
2013-12-02,15.515885353088379
2013-12-03,15.555953979492188
2013-12-04,15.676169395446777
2013-12-05,15.60404109954834
2013-12-06,15.700211524963379
2013-12-09,15.748299598693848
2013-12-10,15.724255561828613
2013-12-11,15.139203071594238
2013-12-12,15.23537826538086
2013-12-13,15.195306777954102
2013-12-16,15.083105087280273
2013-12-17,15.147222518920898
2013-12-18,15.299491882324219
2013-12-19,15.25942325592041
2013-12-20,15.227362632751465
2013-12-23,15.334117889404297
2013-12-24,15.342392921447754
2013-12-26,15.416872024536133
2013-12-27,15.334117889404297
2013-12-30,15.408594131469727
2013-12-31,15.549273490905762
2014-01-02,15.375493049621582
2014-01-03,15.334117889404297
2014-01-06,15.350666999816895
2014-01-07,15.665125846862793
2014-01-08,15.656851768493652
2014-01-09,15.797530174255371
2014-01-10,15.971309661865234
2014-01-13,15.888565063476562
2014-01-14,16.178194046020508
2014-01-15,16.38507843017578
2014-01-16,17.171232223510742
2014-01-17,17.79187774658203
2014-01-21,17.758773803710938
2014-01-22,17.460866928100586
2014-01-23,17.31191062927246
2014-01-24,16.840221405029297
2014-01-27,16.989173889160156
2014-01-28,17.303632736206055
2014-01-29,17.17950439453125
2014-01-30,17.634645462036133
2014-01-31,17.436038970947266
2014-02-03,17.295358657836914
2014-02-04,17.469141006469727
2014-02-05,17.560171127319336
2014-02-06,17.17950439453125
2014-02-07,17.171232223510742
2014-02-10,17.957382202148438
2014-02-11,18.24701499938965
2014-02-12,18.553205490112305
2014-02-13,18.909042358398438
2014-02-14,18.404247283935547
2014-02-18,18.660783767700195
2014-02-19,18.578033447265625
2014-02-20,18.230464935302734
2014-02-21,17.998760223388672
2014-02-24,18.222192764282227
2014-02-25,18.189090728759766
2014-02-26,18.238744735717773
2014-02-27,18.139440536499023
2014-02-28,18.089786529541016
2014-03-03,17.502241134643555
2014-03-04,17.800151824951172
2014-03-05,17.5187931060791
2014-03-06,17.77532386779785
2014-03-07,18.05668830871582
2014-03-10,18.30494499206543
2014-03-11,18.39597511291504
2014-03-12,18.230464935302734
2014-03-13,18.155988693237305
2014-03-14,18.197368621826172
2014-03-17,18.296667098999023
2014-03-18,18.24701499938965
2014-03-19,18.172536849975586
2014-03-20,18.122888565063477
2014-03-21,18.098064422607422
2014-03-24,18.255294799804688
2014-03-25,17.982210159301758
2014-03-26,17.469141006469727
2014-03-27,17.700847625732422
2014-03-28,17.957382202148438
2014-03-31,17.949106216430664
2014-04-01,17.634645462036133
2014-04-02,17.97393226623535
2014-04-03,17.659469604492188
2014-04-04,17.824979782104492
2014-04-07,18.354597091674805
2014-04-08,18.197368621826172
2014-04-09,18.36287498474121
2014-04-10,17.8746280670166
2014-04-11,17.92428207397461
2014-04-14,17.783601760864258
2014-04-15,17.162954330444336
2014-04-16,16.823665618896484
2014-04-17,17.129858016967773
2014-04-21,16.60851287841797
2014-04-22,16.774019241333008
2014-04-23,16.60851287841797
2014-04-24,16.443004608154297
2014-04-25,16.716089248657227
2014-04-28,16.625062942504883
2014-04-29,16.600236892700195
2014-04-30,16.61678695678711
2014-05-01,16.37680435180664
2014-05-02,16.434730529785156
2014-05-05,16.21957015991211
2014-05-06,15.896832466125488
2014-05-07,16.037513732910156
2014-05-08,15.375493049621582
2014-05-09,15.764430046081543
2014-05-12,15.896832466125488
2014-05-13,15.880284309387207
2014-05-14,16.294052124023438
2014-05-15,15.905109405517578
2014-05-16,15.987861633300781
2014-05-19,16.327150344848633
2014-05-20,16.269224166870117
2014-05-21,16.699539184570312
2014-05-22,16.575408935546875
2014-05-23,16.61678695678711
2014-05-27,16.956071853637695
2014-05-28,17.071928024291992
2014-05-29,16.774019241333008
2014-05-30,16.774019241333008
2014-06-02,16.798845291137695
2014-06-03,16.922971725463867
2014-06-04,16.591957092285156
2014-06-05,16.774019241333008
2014-06-06,17.187782287597656
2014-06-09,17.22088050842285
2014-06-10,17.113304138183594
2014-06-11,17.146406173706055
2014-06-12,17.129858016967773
2014-06-13,17.229156494140625
2014-06-16,17.320186614990234
2014-06-17,17.196056365966797
2014-06-18,17.460866928100586
2014-06-19,17.17950439453125
2014-06-20,16.68299102783203
2014-06-23,16.873319625854492
2014-06-24,17.00572395324707
2014-06-25,17.063650131225586
2014-06-26,17.105026245117188
2014-06-27,17.187782287597656
2014-06-30,17.212608337402344
2014-07-01,17.328460693359375
2014-07-02,17.320186614990234
2014-07-03,17.402938842773438
2014-07-07,17.742223739624023
2014-07-08,17.73394775390625
2014-07-09,17.73394775390625
2014-07-10,17.427764892578125
2014-07-11,17.543617248535156
2014-07-14,17.642919540405273
2014-07-15,17.750499725341797
2014-07-16,17.891178131103516
2014-07-17,17.783601760864258
2014-07-18,17.899456024169922
2014-07-21,17.783601760864258
2014-07-22,17.93255615234375
2014-07-23,18.18081283569336
2014-07-24,18.064960479736328
2014-07-25,18.015308380126953
2014-07-28,17.700847625732422
2014-07-29,17.676023483276367
2014-07-30,17.502241134643555
2014-07-31,17.320186614990234
2014-08-01,17.411211013793945
2014-08-04,17.667749404907227
2014-08-05,17.700847625732422
2014-08-06,17.77532386779785
2014-08-07,17.618093490600586
2014-08-08,17.667749404907227
2014-08-11,17.59327507019043
2014-08-12,17.667749404907227
2014-08-13,17.940832138061523
2014-08-14,18.147716522216797
2014-08-15,18.023588180541992
2014-08-18,18.2718448638916
2014-08-19,18.18081283569336
2014-08-20,18.189090728759766
2014-08-21,18.238744735717773
2014-08-22,18.487003326416016
2014-08-25,18.76836395263672
2014-08-26,18.909042358398438
2014-08-27,18.933868408203125
2014-08-28,18.92559242248535
2014-08-29,19.115922927856445
2014-09-02,19.240055084228516
2014-09-03,19.5793399810791
2014-09-04,19.422109603881836
2014-09-05,19.43038558959961
2014-09-08,19.45520782470703
2014-09-09,18.92559242248535
2014-09-10,18.975244522094727
2014-09-11,18.875944137573242
2014-09-12,18.917314529418945
2014-09-15,18.88421630859375
2014-09-16,18.966968536376953
2014-09-17,18.942142486572266
2014-09-18,18.67733383178711
2014-09-19,18.495275497436523
2014-09-22,18.445627212524414
2014-09-23,18.487003326416016
2014-09-24,18.594579696655273
2014-09-25,18.387699127197266
2014-09-26,18.36287498474121
2014-09-29,18.114612579345703
2014-09-30,18.122888565063477
2014-10-01,18.238744735717773
2014-10-02,18.553205490112305
2014-10-03,18.561479568481445
2014-10-06,18.586301803588867
2014-10-07,18.321496963500977
2014-10-08,18.354597091674805
2014-10-09,18.197368621826172
2014-10-10,17.742223739624023
2014-10-13,17.73394775390625
2014-10-14,17.73394775390625
2014-10-15,17.5187931060791
2014-10-16,17.071928024291992
2014-10-17,17.25398826599121
2014-10-20,17.2374324798584
2014-10-21,17.53533935546875
2014-10-22,17.551891326904297
2014-10-23,17.485689163208008
2014-10-24,17.469141006469727
2014-10-27,17.047101974487305
2014-10-28,17.212608337402344
2014-10-29,17.295358657836914
2014-10-30,17.419485092163086
2014-10-31,17.684297561645508
2014-11-03,17.841524124145508
2014-11-04,17.584999084472656
2014-11-05,17.551891326904297
2014-11-06,17.676023483276367
2014-11-07,17.659469604492188
2014-11-10,17.460866928100586
2014-11-11,17.436038970947266
2014-11-12,17.584999084472656
2014-11-13,17.411211013793945
2014-11-14,17.469141006469727
2014-11-17,17.667749404907227
2014-11-18,17.427764892578125
2014-11-19,17.270532608032227
2014-11-20,17.411211013793945
2014-11-21,17.502241134643555
2014-11-24,17.33673858642578
2014-11-25,17.328460693359375
2014-11-26,17.171232223510742
2014-11-28,16.91469955444336
2014-12-01,16.898149490356445
2014-12-02,16.97262191772461
2014-12-03,16.980899810791016
2014-12-04,16.798845291137695
2014-12-05,17.02227210998535
2014-12-08,16.68299102783203
2014-12-09,16.21957015991211
2014-12-10,16.21957015991211
2014-12-11,16.227848052978516
2014-12-12,16.16164779663086
2014-12-15,15.880284309387207
2014-12-16,15.491344451904297
2014-12-17,15.342392921447754
2014-12-18,15.805807113647461
2014-12-19,15.474796295166016
2014-12-22,15.738523483276367
2014-12-23,15.849119186401367
2014-12-24,15.815085411071777
2014-12-26,15.755536079406738
2014-12-29,15.71299934387207
2014-12-30,16.053293228149414
2014-12-31,16.35104751586914
2015-01-02,16.155378341674805
2015-01-05,15.849119186401367
2015-01-06,16.07030487060547
2015-01-07,16.02777099609375
2015-01-08,16.04478645324707
2015-01-09,16.155378341674805
2015-01-12,16.03627586364746
2015-01-13,15.959712028503418
2015-01-14,15.832104682922363
2015-01-15,15.849119186401367
2015-01-16,16.04478645324707
2015-01-20,15.832104682922363
2015-01-21,15.6279296875
2015-01-22,15.891653060913086
2015-01-23,15.866131782531738
2015-01-26,15.908668518066406
2015-01-27,15.593899726867676
2015-01-28,15.636432647705078
2015-01-29,15.695984840393066
2015-01-30,15.559868812561035
2015-02-02,15.678971290588379
2015-02-03,15.525840759277344
2015-02-04,15.576884269714355
2015-02-05,16.078815460205078
2015-02-06,16.01926040649414
2015-02-09,16.0958309173584
2015-02-10,16.01926040649414
2015-02-11,16.34253692626953
2015-02-12,16.648799896240234
2015-02-13,16.614776611328125
2015-02-17,16.81894874572754
2015-02-18,16.665817260742188
2015-02-19,16.580747604370117
2015-02-20,16.708349227905273
2015-02-23,16.63178825378418
2015-02-24,16.861480712890625
2015-02-25,16.69133949279785
2015-02-26,16.733875274658203
2015-02-27,16.699848175048828
2015-03-02,16.334035873413086
2015-03-03,16.38507843017578
2015-03-04,16.112844467163086
2015-03-05,16.129858016967773
2015-03-06,15.959712028503418
2015-03-09,15.976728439331055
2015-03-10,15.772552490234375
2015-03-11,15.781060218811035
2015-03-12,15.704490661621094
2015-03-13,15.576884269714355
2015-03-16,15.287635803222656
2015-03-17,15.185545921325684
2015-03-18,15.296143531799316
2015-03-19,14.845253944396973
2015-03-20,15.032415390014648
2015-03-23,14.98137092590332
2015-03-24,14.6751070022583
2015-03-25,14.521979331970215
2015-03-26,14.564513206481934
2015-03-27,14.547496795654297
2015-03-30,14.377350807189941
2015-03-31,14.360337257385254
2015-04-01,14.207207679748535
2015-04-02,14.181685447692871
2015-04-06,14.113626480102539
2015-04-07,14.25825023651123
2015-04-08,14.419890403747559
2015-04-09,14.624066352844238
2015-04-10,14.760180473327637
2015-04-13,14.802720069885254
2015-04-14,15.049428939819336
2015-04-15,15.610912322998047
2015-04-16,15.678971290588379
2015-04-17,15.500317573547363
2015-04-20,15.466285705566406
2015-04-21,15.330169677734375
2015-04-22,15.568373680114746
2015-04-23,15.525840759277344
2015-04-24,15.551361083984375
2015-04-27,15.661957740783691
2015-04-28,15.653449058532715
2015-04-29,15.500317573547363
2015-04-30,15.338678359985352
2015-05-01,15.415245056152344
2015-05-04,14.811225891113281
2015-05-05,14.709136009216309
2015-05-06,14.573019981384277
2015-05-07,14.692126274108887
2015-05-08,14.726153373718262
2015-05-11,14.487947463989258
2015-05-12,14.556004524230957
2015-05-13,14.615555763244629
2015-05-14,14.53899097442627
2015-05-15,14.436901092529297
2015-05-18,14.164669036865234
2015-05-19,14.164669036865234
2015-05-20,14.581527709960938
2015-05-21,15.049428939819336
2015-05-22,15.108980178833008
2015-05-26,15.100472450256348
2015-05-27,15.194051742553711
2015-05-28,15.108980178833008
2015-05-29,15.049428939819336
2015-06-01,15.006892204284668
2015-06-02,14.930326461791992
2015-06-03,14.77719497680664
2015-06-04,14.743165969848633
2015-06-05,14.96435546875
2015-06-08,15.091967582702637
2015-06-09,14.947340965270996
2015-06-10,15.040923118591309
2015-06-11,15.355692863464355
2015-06-12,15.440767288208008
2015-06-15,15.457782745361328
2015-06-16,15.457782745361328
2015-06-17,15.381217956542969
2015-06-18,15.593899726867676
2015-06-19,15.321666717529297
2015-06-22,15.644941329956055
2015-06-23,15.576884269714355
2015-06-24,15.423752784729004
2015-06-25,15.398231506347656
2015-06-26,15.398231506347656
2015-06-29,15.619420051574707
2015-06-30,15.857625007629395
2015-07-01,15.976728439331055
2015-07-02,16.27448272705078
2015-07-06,16.589252471923828
2015-07-07,16.248960494995117
2015-07-08,15.874638557434082
2015-07-09,16.112844467163086
2015-07-10,16.197919845581055
2015-07-13,16.29149627685547
2015-07-14,16.665817260742188
2015-07-15,16.334035873413086
2015-07-16,16.317020416259766
2015-07-17,16.308509826660156
2015-07-20,16.146873474121094
2015-07-21,15.942693710327148
2015-07-22,15.874638557434082
2015-07-23,15.993741035461426
2015-07-24,15.942693710327148
2015-07-27,15.857625007629395
2015-07-28,15.755536079406738
2015-07-29,15.670461654663086
2015-07-30,15.730015754699707
2015-07-31,15.6279296875
2015-08-03,15.279128074645996
2015-08-04,15.108980178833008
2015-08-05,15.313158988952637
2015-08-06,15.091967582702637
2015-08-07,15.219575881958008
2015-08-10,15.423752784729004
2015-08-11,15.245097160339355
2015-08-12,14.921822547912598
2015-08-13,14.632574081420898
2015-08-14,14.59003734588623
2015-08-17,14.411380767822266
2015-08-18,14.547496795654297
2015-08-19,14.113626480102539
2015-08-20,13.82437801361084
2015-08-21,13.271404266357422
2015-08-24,12.190974235534668
2015-08-25,12.420672416687012
2015-08-26,13.160808563232422
2015-08-27,13.594679832458496
2015-08-28,14.028552055358887
2015-08-31,13.849897384643555
2015-09-01,13.390503883361816
2015-09-02,13.662737846374512
2015-09-03,13.254388809204102
2015-09-04,13.17782211303711
2015-09-08,13.603187561035156
2015-09-09,13.51811408996582
2015-09-10,13.645723342895508
2015-09-11,13.543635368347168
2015-09-14,13.228864669799805
2015-09-15,13.237373352050781
2015-09-16,13.484085083007812
2015-09-17,13.475578308105469
2015-09-18,13.313937187194824
2015-09-21,13.628708839416504
2015-09-22,13.458563804626465
2015-09-23,13.364982604980469
2015-09-24,13.492592811584473
2015-09-25,13.313937187194824
2015-09-28,13.050213813781738
2015-09-29,13.143792152404785
2015-09-30,13.169312477111816
2015-10-01,13.17782211303711
2015-10-02,13.458563804626465
2015-10-05,13.9009428024292
2015-10-06,14.368843078613281
2015-10-07,14.726153373718262
2015-10-08,14.938835144042969
2015-10-09,15.160025596618652
2015-10-12,14.998385429382324
2015-10-13,14.581527709960938
2015-10-14,14.624066352844238
2015-10-15,14.870776176452637
2015-10-16,14.862269401550293
2015-10-19,14.768689155578613
2015-10-20,14.513465881347656
2015-10-21,14.31779956817627
2015-10-22,14.802720069885254
2015-10-23,14.828239440917969
2015-10-26,14.760180473327637
2015-10-27,14.436901092529297
2015-10-28,14.445409774780273
2015-10-29,14.547496795654297
2015-10-30,14.428393363952637
2015-11-02,14.504960060119629
2015-11-03,14.802720069885254
2015-11-04,14.734660148620605
2015-11-05,14.760180473327637
2015-11-06,14.59003734588623
2015-11-09,14.360337257385254
2015-11-10,14.096610069274902
2015-11-11,14.028552055358887
2015-11-12,13.883926391601562
2015-11-13,13.866913795471191
2015-11-16,14.054073333740234
2015-11-17,14.062582015991211
2015-11-18,14.020044326782227
2015-11-19,13.94347858428955
2015-11-20,13.994522094726562
2015-11-23,13.93497085571289
2015-11-24,13.773334503173828
2015-11-25,13.798853874206543
2015-11-27,13.399011611938477
2015-11-30,13.237373352050781
2015-12-01,13.254388809204102
2015-12-02,13.118271827697754
2015-12-03,13.126777648925781
2015-12-04,13.339460372924805
2015-12-07,12.948124885559082
2015-12-08,13.09274959564209
2015-12-09,12.829020500183105
2015-12-10,12.846035957336426
2015-12-11,12.650367736816406
2015-12-14,12.539772033691406
2015-12-15,12.74394702911377
2015-12-16,12.794991493225098
2015-12-17,12.684396743774414
2015-12-18,12.548280715942383
2015-12-21,12.600232124328613
2015-12-22,12.582620620727539
2015-12-23,12.600232124328613
2015-12-24,12.705894470214844
2015-12-28,12.855584144592285
2015-12-29,13.10910701751709
2015-12-30,13.047273635864258
2015-12-31,13.064940452575684
2016-01-04,13.223944664001465
2016-01-05,13.250445365905762
2016-01-06,12.958935737609863
2016-01-07,12.667425155639648
2016-01-08,12.340581893920898
2016-01-11,12.393584251403809
2016-01-12,12.411251068115234
2016-01-13,12.022571563720703
2016-01-14,12.022571563720703
2016-01-15,11.41305160522461
2016-01-19,11.510220527648926
2016-01-20,11.192209243774414
2016-01-21,11.315881729125977
2016-01-22,11.457218170166016
2016-01-25,11.83706283569336
2016-01-26,11.863567352294922
2016-01-27,11.881232261657715
2016-01-28,11.987236022949219
2016-01-29,12.331748008728027
2016-02-01,12.110907554626465
2016-02-02,11.722228050231934
2016-02-03,12.075573921203613
2016-02-04,12.049072265625
2016-02-05,11.996068000793457
2016-02-08,11.828229904174805
2016-02-09,11.810564994812012
2016-02-10,11.669225692749023
2016-02-11,11.554388046264648
2016-02-12,11.739895820617676
2016-02-16,12.243412017822266
2016-02-17,12.234578132629395
2016-02-18,12.305248260498047
2016-02-19,12.261078834533691
2016-02-22,12.649759292602539
2016-02-23,12.587924003601074
2016-02-24,12.587924003601074
2016-02-25,12.446585655212402
2016-02-26,12.420084953308105
2016-02-29,12.331748008728027
2016-03-01,12.490753173828125
2016-03-02,12.587924003601074
2016-03-03,12.773428916931152
2016-03-04,12.888267517089844
2016-03-07,13.0296049118042
2016-03-08,12.782261848449707
2016-03-09,12.791097640991211
2016-03-10,12.808762550354004
2016-03-11,12.791097640991211
2016-03-14,12.543753623962402
2016-03-15,12.420084953308105
2016-03-16,12.632092475891113
2016-03-17,12.570255279541016
2016-03-18,12.517253875732422
2016-03-21,12.534920692443848
2016-03-22,12.437751770019531
2016-03-23,12.331748008728027
2016-03-24,12.32291316986084
2016-03-28,12.42891788482666
2016-03-29,12.517253875732422
2016-03-30,12.40241813659668
2016-03-31,12.367081642150879
2016-04-01,12.216910362243652
2016-04-04,12.11974048614502
2016-04-05,12.10207462310791
2016-04-06,12.331748008728027
2016-04-07,12.199244499206543
2016-04-08,12.252245903015137
2016-04-11,12.437751770019531
2016-04-12,12.649759292602539
2016-04-13,12.587924003601074
2016-04-14,12.667425155639648
2016-04-15,12.570255279541016
2016-04-18,12.455418586730957
2016-04-19,12.384750366210938
2016-04-20,12.384750366210938
2016-04-21,12.349414825439453
2016-04-22,12.693924903869629
2016-04-25,12.738094329833984
2016-04-26,12.932435035705566
2016-04-27,12.888267517089844
2016-04-28,12.720428466796875
2016-04-29,12.738094329833984
2016-05-02,12.844098091125488
2016-05-03,12.808762550354004
2016-05-04,12.47308349609375
2016-05-05,12.614422798156738
2016-05-06,12.764595985412598
2016-05-09,12.420084953308105
2016-05-10,12.47308349609375
2016-05-11,12.526086807250977
2016-05-12,12.6055908203125
2016-05-13,12.570255279541016
2016-05-16,12.791097640991211
2016-05-17,12.976603507995605
2016-05-18,12.941269874572754
2016-05-19,12.75576114654541
2016-05-20,12.764595985412598
2016-05-23,12.68509292602539
2016-05-24,12.720428466796875
2016-05-25,12.764595985412598
2016-05-26,12.526086807250977
2016-05-27,12.411251068115234
2016-05-31,12.720428466796875
2016-06-01,12.738094329833984
2016-06-02,12.799930572509766
2016-06-03,13.038437843322754
2016-06-06,12.994270324707031
2016-06-07,13.126771926879883
2016-06-08,13.338783264160156
2016-06-09,13.276947975158691
2016-06-10,13.091439247131348
2016-06-13,12.905933380126953
2016-06-14,12.905933380126953
2016-06-15,12.914765357971191
2016-06-16,12.914765357971191
2016-06-17,12.729262351989746
2016-06-20,12.905933380126953
2016-06-21,12.923599243164062
2016-06-22,13.003104209899902
2016-06-23,13.144441604614258
2016-06-24,12.534920692443848
2016-06-27,12.349414825439453
2016-06-28,12.667425155639648
2016-06-29,12.888267517089844
2016-06-30,12.914765357971191
2016-07-01,12.941269874572754
2016-07-05,13.003104209899902
2016-07-06,13.003104209899902
2016-07-07,13.17977523803711
2016-07-08,13.338783264160156
2016-07-11,13.091439247131348
2016-07-12,13.347616195678711
2016-07-13,13.647958755493164
2016-07-14,13.533121109008789
2016-07-15,13.462451934814453
2016-07-18,13.709794044494629
2016-07-19,13.541956901550293
2016-07-20,13.338783264160156
2016-07-21,13.268112182617188
2016-07-22,13.162109375
2016-07-25,13.064940452575684
2016-07-26,13.091439247131348
2016-07-27,13.232776641845703
2016-07-28,13.285780906677246
2016-07-29,13.41828441619873
2016-08-01,13.135608673095703
2016-08-02,12.870598793029785
2016-08-03,12.914765357971191
2016-08-04,12.791097640991211
2016-08-05,12.720428466796875
2016-08-08,12.738094329833984
2016-08-09,12.914765357971191
2016-08-10,13.126771926879883
2016-08-11,13.515454292297363
2016-08-12,13.338783264160156
2016-08-15,13.559622764587402
2016-08-16,13.471284866333008
2016-08-17,13.462451934814453
2016-08-18,13.550788879394531
2016-08-19,13.559622764587402
2016-08-22,13.382949829101562
2016-08-23,13.480119705200195
2016-08-24,13.347616195678711
2016-08-25,13.268112182617188
2016-08-26,13.435951232910156
2016-08-29,13.453617095947266
2016-08-30,13.40945053100586
2016-08-31,13.40945053100586
2016-09-01,13.170943260192871
2016-09-02,13.215109825134277
2016-09-06,12.923599243164062
2016-09-07,12.976603507995605
2016-09-08,13.0296049118042
2016-09-09,12.861766815185547
2016-09-12,13.056105613708496
2016-09-13,12.693924903869629
2016-09-14,12.676259994506836
2016-09-15,12.720428466796875
2016-09-16,12.481919288635254
2016-09-19,12.791097640991211
2016-09-20,13.0296049118042
2016-09-21,13.223944664001465
2016-09-22,13.259279251098633
2016-09-23,13.135608673095703
2016-09-26,13.162109375
2016-09-27,13.329950332641602
2016-09-28,13.427117347717285
2016-09-29,13.276947975158691
2016-09-30,13.338783264160156
2016-10-03,13.17977523803711
2016-10-04,13.135608673095703
2016-10-05,13.329950332641602
2016-10-06,13.259279251098633
2016-10-07,13.215109825134277
2016-10-10,13.162109375
2016-10-11,13.064940452575684
2016-10-12,13.056105613708496
2016-10-13,13.056105613708496
2016-10-14,13.082605361938477
2016-10-17,12.914765357971191
2016-10-18,13.0296049118042
2016-10-19,13.170943260192871
2016-10-20,13.117942810058594
2016-10-21,13.0296049118042
2016-10-24,12.844098091125488
2016-10-25,12.746929168701172
2016-10-26,12.711594581604004
2016-10-27,12.835265159606934
2016-10-28,12.826431274414062
2016-10-31,12.65859317779541
2016-11-01,12.526086807250977
2016-11-02,12.367081642150879
2016-11-03,12.32291316986084
2016-11-04,12.40241813659668
2016-11-07,12.526086807250977
2016-11-08,12.55258846282959
2016-11-09,12.393584251403809
2016-11-10,12.004902839660645
2016-11-11,12.084405899047852
2016-11-14,12.022571563720703
2016-11-15,12.084405899047852
2016-11-16,12.12857437133789
2016-11-17,12.234578132629395
2016-11-18,12.11974048614502
2016-11-21,12.163909912109375
2016-11-22,12.181574821472168
2016-11-23,12.146242141723633
2016-11-25,11.863567352294922
2016-11-28,11.68689250946045
2016-11-29,11.757563591003418
2016-11-30,11.819398880004883
2016-12-01,11.74872875213623
2016-12-02,11.739895820617676
2016-12-05,11.757563591003418
2016-12-06,11.642724990844727
2016-12-07,11.810564994812012
2016-12-08,11.872398376464844
2016-12-09,11.9165678024292
2016-12-12,11.74872875213623
2016-12-13,11.580887794494629
2016-12-14,11.536721229553223
2016-12-15,11.527887344360352
2016-12-16,11.554388046264648
2016-12-19,11.688383102416992
2016-12-20,11.398662567138672
2016-12-21,11.371502876281738
2016-12-22,11.362449645996094
2016-12-23,11.552577018737793
2016-12-27,11.534468650817871
2016-12-28,11.58879280090332
2016-12-29,11.842296600341797
2016-12-30,11.806081771850586
2017-01-03,12.005265235900879
2017-01-04,12.113907814025879
2017-01-05,12.313092231750488
2017-01-06,12.195394515991211
2017-01-09,12.059586524963379
2017-01-10,12.113907814025879
2017-01-11,12.249717712402344
2017-01-12,12.24066162109375
2017-01-13,12.231608390808105
2017-01-17,12.113907814025879
2017-01-18,12.150124549865723
2017-01-19,11.959997177124023
2017-01-20,12.04148006439209
2017-01-23,12.222555160522461
2017-01-24,12.41268253326416
2017-01-25,12.49416732788086
2017-01-26,12.340251922607422
2017-01-27,12.340251922607422
2017-01-30,12.313092231750488
2017-01-31,12.276876449584961
2017-02-01,12.421737670898438
2017-02-02,12.37646770477295
2017-02-03,12.37646770477295
2017-02-06,12.367414474487305
2017-02-07,12.394575119018555
2017-02-08,12.41268253326416
2017-02-09,12.421737670898438
2017-02-10,12.421737670898438
2017-02-13,12.702402114868164
2017-02-14,12.684297561645508
2017-02-15,12.756726264953613
2017-02-16,12.58470344543457
2017-02-17,12.58470344543457
2017-02-21,12.620919227600098
2017-02-22,12.54848861694336
2017-02-23,12.467005729675293
2017-02-24,12.41268253326416
2017-02-27,12.485113143920898
2017-02-28,12.231608390808105
2017-03-01,12.313092231750488
2017-03-02,12.10485553741455
2017-03-03,12.150124549865723
2017-03-06,12.177285194396973
2017-03-07,12.132017135620117
2017-03-08,12.050535202026367
2017-03-09,12.10485553741455
2017-03-10,12.195394515991211
2017-03-13,12.150124549865723
2017-03-14,12.150124549865723
2017-03-15,12.222555160522461
2017-03-16,12.294984817504883
2017-03-17,12.385522842407227
2017-03-20,12.439845085144043
2017-03-21,12.421737670898438
2017-03-22,12.457953453063965
2017-03-23,12.61186695098877
2017-03-24,12.620919227600098
2017-03-27,12.648080825805664
2017-03-28,12.702402114868164
2017-03-29,12.602811813354492
2017-03-30,12.666187286376953
2017-03-31,12.69334888458252
2017-04-03,12.69334888458252
2017-04-04,12.820101737976074
2017-04-05,12.675241470336914
2017-04-06,12.63902473449707
2017-04-07,12.820101737976074
2017-04-10,12.801993370056152
2017-04-11,12.829154968261719
2017-04-12,12.747673034667969
2017-04-13,12.720510482788086
2017-04-17,12.467005729675293
2017-04-18,12.52132797241211
2017-04-19,12.575651168823242
2017-04-20,12.512274742126465
2017-04-21,12.52132797241211
2017-04-24,12.503222465515137
2017-04-25,12.49416732788086
2017-04-26,12.593757629394531
2017-04-27,12.63902473449707
2017-04-28,12.711457252502441
2017-05-01,12.774833679199219
2017-05-02,12.774833679199219
2017-05-03,12.711457252502441
2017-05-04,12.629972457885742
2017-05-05,12.702402114868164
2017-05-08,12.666187286376953
2017-05-09,12.702402114868164
2017-05-10,12.675241470336914
2017-05-11,12.666187286376953
2017-05-12,12.657133102416992
2017-05-15,12.765777587890625
2017-05-16,12.720510482788086
2017-05-17,12.648080825805664
2017-05-18,12.539436340332031
2017-05-19,12.720510482788086
2017-05-22,12.711457252502441
2017-05-23,12.702402114868164
2017-05-24,12.874424934387207
2017-05-25,12.992121696472168
2017-05-26,12.992121696472168
2017-05-30,13.07360553741455
2017-05-31,13.07360553741455
2017-06-01,13.218464851379395
2017-06-02,13.227519989013672
2017-06-05,13.1822509765625
2017-06-06,13.263736724853516
2017-06-07,13.254680633544922
2017-06-08,13.245628356933594
2017-06-09,13.146037101745605
2017-06-12,13.055497169494629
2017-06-13,13.146037101745605
2017-06-14,13.191304206848145
2017-06-15,13.146037101745605
2017-06-16,13.29089641571045
2017-06-19,13.49913215637207
2017-06-20,13.363326072692871
2017-06-21,13.336163520812988
2017-06-22,13.372381210327148
2017-06-23,13.390488624572754
2017-06-26,13.517239570617676
2017-06-27,13.327112197875977
2017-06-28,13.417647361755371
2017-06-29,13.327112197875977
2017-06-30,13.517239570617676
2017-07-03,13.752636909484863
2017-07-05,13.698315620422363
2017-07-06,13.67115592956543
2017-07-07,13.481023788452148
2017-07-10,13.218464851379395
2017-07-11,13.281842231750488
2017-07-12,13.399540901184082
2017-07-13,13.345218658447266
2017-07-14,13.46291732788086
2017-07-17,13.164143562316895
2017-07-18,13.1822509765625
2017-07-19,13.263736724853516
2017-07-20,13.200358390808105
2017-07-21,13.218464851379395
2017-07-24,13.164143562316895
2017-07-25,13.29089641571045
2017-07-26,13.390488624572754
2017-07-27,13.29089641571045
2017-07-28,13.336163520812988
2017-07-31,13.381434440612793
2017-08-01,13.381434440612793
2017-08-02,13.345218658447266
2017-08-03,13.309004783630371
2017-08-04,13.354272842407227
2017-08-07,13.399540901184082
2017-08-08,13.272789001464844
2017-08-09,13.136982917785645
2017-08-10,12.801993370056152
2017-08-11,12.964962005615234
2017-08-14,12.992121696472168
2017-08-15,12.98306941986084
2017-08-16,13.001176834106445
2017-08-17,12.774833679199219
2017-08-18,12.847261428833008
2017-08-21,12.81104564666748
2017-08-22,12.738618850708008
2017-08-23,12.820101737976074
2017-08-24,12.901585578918457
2017-08-25,13.046442985534668
2017-08-28,13.118875503540039
2017-08-29,13.127928733825684
2017-08-30,13.173197746276855
2017-08-31,13.29089641571045
2017-09-01,13.263736724853516
2017-09-05,13.263736724853516
2017-09-06,13.354272842407227
2017-09-07,13.417647361755371
2017-09-08,13.426703453063965
2017-09-11,13.363326072692871
2017-09-12,13.399540901184082
2017-09-13,13.390488624572754
2017-09-14,13.490078926086426
2017-09-15,13.55345630645752
2017-09-18,13.58061408996582
2017-09-19,13.60777759552002
2017-09-20,13.508186340332031
2017-09-21,13.55345630645752
2017-09-22,13.490078926086426
2017-09-25,13.327112197875977
2017-09-26,13.399540901184082
2017-09-27,13.46291732788086
2017-09-28,13.471970558166504
2017-09-29,13.49913215637207
2017-10-02,13.426703453063965
2017-10-03,13.481023788452148
2017-10-04,13.444809913635254
2017-10-05,13.58061408996582
2017-10-06,13.55345630645752
2017-10-09,13.634939193725586
2017-10-10,13.716422080993652
2017-10-11,13.743583679199219
2017-10-12,13.752636909484863
2017-10-13,13.852228164672852
2017-10-16,13.879389762878418
2017-10-17,13.788851737976074
2017-10-18,13.960872650146484
2017-10-19,14.024250030517578
2017-10-20,13.997087478637695
2017-10-23,13.933710098266602
2017-10-24,14.087627410888672
2017-10-25,14.123841285705566
2017-10-26,14.223431587219238
2017-10-27,14.485991477966309
2017-10-30,14.567475318908691
2017-10-31,14.504098892211914
2017-11-01,14.81192684173584
2017-11-02,14.54936695098877
2017-11-03,14.63084888458252
2017-11-06,14.61274242401123
2017-11-07,14.58558177947998
2017-11-08,14.802872657775879
2017-11-09,14.504098892211914
2017-11-10,14.61274242401123
2017-11-13,14.793818473815918
2017-11-14,14.81192684173584
2017-11-15,14.77570915222168
2017-11-16,15.192183494567871
2017-11-17,15.165021896362305
2017-11-20,15.373258590698242
2017-11-21,15.26461410522461
2017-11-22,15.26461410522461
2017-11-24,15.346095085144043
2017-11-27,15.346095085144043
2017-11-28,15.39136791229248
2017-11-29,15.373258590698242
2017-11-30,15.337043762207031
2017-12-01,15.183127403259277
2017-12-04,15.527173042297363
2017-12-05,15.26461410522461
2017-12-06,15.110697746276855
2017-12-07,15.029214859008789
2017-12-08,15.110697746276855
2017-12-11,14.938678741455078
2017-12-12,14.81192684173584
2017-12-13,15.029214859008789
2017-12-14,15.219340324401855
2017-12-15,15.165021896362305
2017-12-18,15.440950393676758
2017-12-19,15.35871696472168
2017-12-20,15.58713436126709
2017-12-21,15.477497100830078
2017-12-22,15.550586700439453
2017-12-26,15.559724807739258
2017-12-27,15.793050765991211
2017-12-28,16.14075469970703
2017-12-29,16.36035919189453
2018-01-02,16.47015953063965
2018-01-03,16.744661331176758
2018-01-04,16.93681526184082
2018-01-05,16.91851234436035
2018-01-08,17.17471694946289
2018-01-09,17.211315155029297
2018-01-10,16.854463577270508
2018-01-11,17.366867065429688
2018-01-12,17.476669311523438
2018-01-16,17.48581886291504
2018-01-17,17.321115493774414
2018-01-18,17.138113021850586
2018-01-19,17.33026695251465
2018-01-22,17.76032257080078
2018-01-23,17.94332504272461
2018-01-24,17.73287010192871
2018-01-25,17.915870666503906
2018-01-26,18.190372467041016
2018-01-29,18.053123474121094
2018-01-30,17.632221221923828
2018-01-31,17.998226165771484
2018-02-01,17.833520889282227
2018-02-02,16.98256492614746
2018-02-05,16.030954360961914
2018-02-06,16.506759643554688
2018-02-07,16.113306045532227
2018-02-08,15.628350257873535
2018-02-09,15.81135368347168
2018-02-12,16.05840301513672
2018-02-13,16.424407958984375
2018-02-14,17.028316497802734
2018-02-15,17.339418411254883
2018-02-16,17.293664932250977
2018-02-20,17.275367736816406
2018-02-21,17.055763244628906
2018-02-22,17.15641975402832
2018-02-23,17.49496841430664
2018-02-26,17.604768753051758
2018-02-27,17.14726448059082
2018-02-28,17.092365264892578
2018-03-01,16.76296043395996
2018-03-02,16.91851234436035
2018-03-05,17.064916610717773
2018-03-06,17.07406234741211
2018-03-07,16.98256492614746
2018-03-08,17.211315155029297
2018-03-09,17.385168075561523
2018-03-12,17.293664932250977
2018-03-13,17.376018524169922
2018-03-14,17.403470993041992
2018-03-15,17.229610443115234
2018-03-16,17.449216842651367
2018-03-19,17.531566619873047
2018-03-20,17.73287010192871
2018-03-21,18.016525268554688
2018-03-22,17.49496841430664
2018-03-23,17.028316497802734
2018-03-26,17.8701229095459
2018-03-27,17.613920211791992
2018-03-28,17.78777313232422
2018-03-29,17.89756965637207
2018-04-02,17.8701229095459
2018-04-03,18.528928756713867
2018-04-04,18.65703010559082
2018-04-05,18.547225952148438
2018-04-06,18.3184757232666
2018-04-09,18.455730438232422
2018-04-10,18.455730438232422
2018-04-11,17.879276275634766
2018-04-12,18.06227684020996
2018-04-13,17.94332504272461
2018-04-16,17.92502212524414
2018-04-17,17.94332504272461
2018-04-18,17.65052032470703
2018-04-19,16.91851234436035
2018-04-20,17.03746223449707
2018-04-23,16.662311553955078
2018-04-24,16.525054931640625
2018-04-25,16.55251121520996
2018-04-26,16.342056274414062
2018-04-27,16.433555603027344
2018-04-30,16.36035919189453
2018-05-01,16.20480728149414
2018-05-02,15.91200065612793
2018-05-03,15.985204696655273
2018-05-04,16.14075469970703
2018-05-07,16.424407958984375
2018-05-08,16.497610092163086
2018-05-09,16.415258407592773
2018-05-10,16.351207733154297
2018-05-11,16.332904815673828
2018-05-14,16.607412338256836
2018-05-15,16.525054931640625
2018-05-16,16.342056274414062
2018-05-17,15.94860553741455
2018-05-18,16.030954360961914
2018-05-21,15.70155143737793
2018-05-22,15.088496208190918
2018-05-23,15.298946380615234
2018-05-24,15.088496208190918
2018-05-25,14.878044128417969
2018-05-29,14.695040702819824
2018-05-30,14.99699592590332
2018-05-31,15.271498680114746
2018-06-01,15.81135368347168
2018-06-04,16.168209075927734
2018-06-05,15.921152114868164
2018-06-06,16.20480728149414
2018-06-07,16.040103912353516
2018-06-08,16.003503799438477
2018-06-11,15.994354248046875
2018-06-12,15.637500762939453
2018-06-13,15.637500762939453
2018-06-14,15.564301490783691
2018-06-15,15.509398460388184
2018-06-18,15.070194244384766
2018-06-19,14.704191207885742
2018-06-20,14.960391998291016
2018-06-21,14.658442497253418
2018-06-22,14.93294620513916
2018-06-25,14.9786958694458
2018-06-26,14.93294620513916
2018-06-27,14.71334171295166
2018-06-28,14.539490699768066
2018-06-29,14.612690925598145
2018-07-02,14.38393783569336
2018-07-03,13.85323429107666
2018-07-05,13.825782775878906
2018-07-06,14.118585586547852
2018-07-09,14.155186653137207
2018-07-10,14.164335250854492
2018-07-11,13.972184181213379
2018-07-12,14.228387832641602
2018-07-13,14.3198881149292
2018-07-16,14.347339630126953
2018-07-17,14.566939353942871
2018-07-18,14.722491264343262
2018-07-19,14.585240364074707
2018-07-20,14.640140533447266
2018-07-23,14.475439071655273
2018-07-24,14.52118968963623
2018-07-25,14.786540985107422
2018-07-26,14.731642723083496
2018-07-27,14.722491264343262
2018-07-30,14.813994407653809
2018-07-31,15.061043739318848
2018-08-01,14.960391998291016
2018-08-02,14.804841041564941
2018-08-03,14.93294620513916
2018-08-06,14.841442108154297
2018-08-07,14.93294620513916
2018-08-08,15.042747497558594
2018-08-09,14.923791885375977
2018-08-10,14.777392387390137
2018-08-13,14.749943733215332
2018-08-14,15.143397331237793
2018-08-15,14.740792274475098
2018-08-16,14.841442108154297
2018-08-17,15.006143569946289
2018-08-20,14.786540985107422
2018-08-21,15.152544021606445
2018-08-22,15.161694526672363
2018-08-23,15.061043739318848
2018-08-24,15.20744800567627
2018-08-27,15.335548400878906
2018-08-28,15.289794921875
2018-08-29,15.289794921875
2018-08-30,15.097643852233887
2018-08-31,15.152544021606445
2018-09-04,14.887192726135254
2018-09-05,14.786540985107422
2018-09-06,14.6492919921875
2018-09-07,14.722491264343262
2018-09-10,14.777392387390137
2018-09-11,15.152544021606445
2018-09-12,15.362998962402344
2018-09-13,15.362998962402344
2018-09-14,15.216596603393555
2018-09-17,15.106795310974121
2018-09-18,15.335548400878906
2018-09-19,15.381295204162598
2018-09-20,15.390447616577148
2018-09-21,15.170845985412598
2018-09-24,15.390447616577148
2018-09-25,15.472798347473145
2018-09-26,15.362998962402344
2018-09-27,15.390447616577148
2018-09-28,15.381295204162598
2018-10-01,15.170845985412598
2018-10-02,15.161694526672363
2018-10-03,15.088496208190918
2018-10-04,15.01529312133789
2018-10-05,14.841442108154297
2018-10-08,14.795694351196289
2018-10-09,14.731642723083496
2018-10-10,14.3198881149292
2018-10-11,13.752582550048828
2018-10-12,14.283287048339844
2018-10-15,14.255839347839355
2018-10-16,14.612690925598145
2018-10-17,14.36563777923584
2018-10-18,14.182636260986328
2018-10-19,14.264986991882324
2018-10-22,14.200937271118164
2018-10-23,14.10943603515625
2018-10-24,13.715981483459473
2018-10-25,13.862381935119629
2018-10-26,13.606179237365723
2018-10-29,13.258477210998535
2018-10-30,13.478081703186035
2018-10-31,13.8898344039917
2018-11-01,13.981335639953613
2018-11-02,13.963033676147461
2018-11-05,14.155186653137207
2018-11-06,14.136885643005371
2018-11-07,14.356486320495605
2018-11-08,14.264986991882324
2018-11-09,13.990486145019531
2018-11-12,13.898984909057617
2018-11-13,13.85323429107666
2018-11-14,13.825782775878906
2018-11-15,13.935583114624023
2018-11-16,13.898984909057617
2018-11-19,13.715981483459473
2018-11-20,13.688531875610352
2018-11-21,14.036235809326172
2018-11-23,13.926435470581055
2018-11-26,14.246686935424805
2018-11-27,14.264986991882324
2018-11-28,14.60353946685791
2018-11-29,14.457139015197754
2018-11-30,14.36563777923584
2018-12-03,14.60353946685791
2018-12-04,14.36563777923584
2018-12-06,14.493741035461426
2018-12-07,14.246686935424805
2018-12-10,14.274137496948242
2018-12-11,14.255839347839355
2018-12-12,14.493741035461426
2018-12-13,14.42969036102295
2018-12-14,14.228387832641602
2018-12-17,13.944734573364258
2018-12-18,13.963033676147461
2018-12-19,13.66108226776123
2018-12-20,13.792082786560059
2018-12-21,13.496866226196289
2018-12-24,13.432290077209473
2018-12-26,13.773632049560547
2018-12-27,13.745956420898438
2018-12-28,13.699830055236816
2018-12-31,13.607573509216309
2019-01-02,13.745956420898438
2019-01-03,13.35848617553711
2019-01-04,13.755179405212402
2019-01-07,13.875114440917969
2019-01-08,13.801307678222656
2019-01-09,13.976591110229492
2019-01-10,14.105748176574707
2019-01-11,14.114974975585938
2019-01-14,14.050395011901855
2019-01-15,14.170327186584473
2019-01-16,14.179553031921387
2019-01-17,14.198004722595215
2019-01-18,14.271808624267578
2019-01-22,14.068845748901367
2019-01-23,14.32716178894043
2019-01-24,14.271808624267578
2019-01-25,14.585474014282227
2019-01-28,14.65927791595459
2019-01-29,14.530121803283691
2019-01-30,14.714629173278809
2019-01-31,14.613150596618652
2019-02-01,14.382513046264648
2019-02-04,14.465543746948242
2019-02-05,14.493219375610352
2019-02-06,14.483993530273438
2019-02-07,14.207228660583496
2019-02-08,14.290258407592773
2019-02-11,14.44709300994873
2019-02-12,14.769983291625977
2019-02-13,14.834561347961426
2019-02-14,15.092874526977539
2019-02-15,15.231257438659668
2019-02-19,15.341962814331055
2019-02-20,15.443442344665527
2019-02-21,15.4249906539917
2019-02-22,15.683305740356445
2019-02-25,15.747880935668945
2019-02-26,15.664855003356934
2019-02-27,15.729433059692383
2019-02-28,15.388089179992676
2019-03-01,15.443442344665527
2019-03-04,15.563373565673828
2019-03-05,15.461893081665039
2019-03-06,15.397316932678223
2019-03-07,15.046745300292969
2019-03-08,14.899140357971191
2019-03-11,15.305062294006348
2019-03-12,15.674079895019531
2019-03-13,15.821688652038574
2019-03-14,15.655627250671387
2019-03-15,15.544922828674316
2019-03-18,15.830912590026855
2019-03-19,15.747880935668945
2019-03-20,15.627954483032227
2019-03-21,15.47111988067627
2019-03-22,15.185128211975098
2019-03-25,15.11132526397705
2019-03-26,15.314286231994629
2019-03-27,15.194355010986328
2019-03-28,15.194355010986328
2019-03-29,15.277382850646973
2019-04-01,15.692532539367676
2019-04-02,15.526469230651855
2019-04-03,15.646404266357422
2019-04-04,15.720207214355469
2019-04-05,15.76633358001709
2019-04-08,15.747880935668945
2019-04-09,15.637176513671875
2019-04-10,15.544922828674316
2019-04-11,15.646404266357422
2019-04-12,15.849363327026367
2019-04-15,15.674079895019531
2019-04-16,15.646404266357422
2019-04-17,15.508017539978027
2019-04-18,15.388089179992676
2019-04-22,15.341962814331055
2019-04-23,15.554150581359863
2019-04-24,15.508017539978027
2019-04-25,15.489571571350098
2019-04-26,15.406542778015137
2019-04-29,15.397316932678223
2019-04-30,15.378863334655762
2019-05-01,15.222029685974121
2019-05-02,15.139001846313477
2019-05-03,15.240482330322266
2019-05-06,15.11132526397705
2019-05-07,14.91759204864502
2019-05-08,14.963717460632324
2019-05-09,14.825335502624512
2019-05-10,15.028295516967773
2019-05-13,14.889913558959961
2019-05-14,15.129775047302246
2019-05-15,15.341962814331055
2019-05-16,15.45267105102539
2019-05-17,15.148229598999023
2019-05-20,15.21280574798584
2019-05-21,15.351186752319336
2019-05-22,15.185128211975098
2019-05-23,15.148229598999023
2019-05-24,14.972943305969238
2019-05-28,14.936041831970215
2019-05-29,15.139001846313477
2019-05-30,14.91759204864502
2019-05-31,14.936041831970215
2019-06-03,14.825335502624512
2019-06-04,14.982169151306152
2019-06-05,14.963717460632324
2019-06-06,14.954492568969727
2019-06-07,15.10210132598877
2019-06-10,15.065196990966797
2019-06-11,15.10210132598877
2019-06-12,15.00062084197998
2019-06-13,14.963717460632324
2019-06-14,15.019073486328125
2019-06-17,14.834561347961426
2019-06-18,14.880687713623047
2019-06-19,15.046745300292969
2019-06-20,15.166680335998535
2019-06-21,15.10210132598877
2019-06-24,15.185128211975098
2019-06-25,15.055975914001465
2019-06-26,15.019073486328125
2019-06-27,14.788434982299805
2019-06-28,14.779210090637207
2019-07-01,15.009844779968262
2019-07-02,15.046745300292969
2019-07-03,15.00062084197998
2019-07-05,15.019073486328125
2019-07-08,14.862237930297852
2019-07-09,14.834561347961426
2019-07-10,15.028295516967773
2019-07-11,14.972943305969238
2019-07-12,15.157452583312988
2019-07-15,15.009844779968262
2019-07-16,15.185128211975098
2019-07-17,15.055975914001465
2019-07-18,15.019073486328125
2019-07-19,15.10210132598877
2019-07-22,15.11132526397705
2019-07-23,15.175904273986816
2019-07-24,15.139001846313477
2019-07-25,15.120552062988281
2019-07-26,15.231257438659668
2019-07-29,15.139001846313477
2019-07-30,14.871464729309082
2019-07-31,14.9268159866333
2019-08-01,14.723855018615723
2019-08-02,14.825335502624512
2019-08-05,14.096524238586426
2019-08-06,14.078073501586914
2019-08-07,14.373289108276367
2019-08-08,14.603925704956055
2019-08-09,14.4378662109375
2019-08-12,14.207228660583496
2019-08-13,14.32716178894043
2019-08-14,14.05962085723877
2019-08-15,14.234905242919922
2019-08-16,14.373289108276367
2019-08-19,14.419415473937988
2019-08-20,14.465543746948242
2019-08-21,14.622377395629883
2019-08-22,14.677727699279785
2019-08-23,14.382513046264648
2019-08-26,14.364062309265137
2019-08-27,14.290258407592773
2019-08-28,14.364062309265137
2019-08-29,14.354837417602539
2019-08-30,14.465543746948242
2019-09-03,14.4378662109375
2019-09-04,14.511669158935547
2019-09-05,14.613150596618652
2019-09-06,14.585474014282227
2019-09-09,14.520894050598145
2019-09-10,14.4378662109375
2019-09-11,14.44709300994873
2019-09-12,14.511669158935547
2019-09-13,14.622377395629883
2019-09-16,14.760757446289062
2019-09-17,14.779210090637207
2019-09-18,14.760757446289062
2019-09-19,14.834561347961426
2019-09-20,14.797661781311035
2019-09-23,14.760757446289062
2019-09-24,14.751532554626465
2019-09-25,14.816109657287598
2019-09-26,14.945268630981445
2019-09-27,14.899140357971191
2019-09-30,15.046745300292969
2019-10-01,14.91759204864502
2019-10-02,14.74230670928955
2019-10-03,14.853012084960938
2019-10-04,14.982169151306152
2019-10-07,14.834561347961426
2019-10-08,14.696179389953613
2019-10-09,14.760757446289062
2019-10-10,14.834561347961426
2019-10-11,14.91759204864502
2019-10-14,14.825335502624512
2019-10-15,14.991395950317383
2019-10-16,15.00062084197998
2019-10-17,14.945268630981445
2019-10-18,14.889913558959961
2019-10-21,14.945268630981445
2019-10-22,14.954492568969727
2019-10-23,14.954492568969727
2019-10-24,14.91759204864502
2019-10-25,15.028295516967773
2019-10-28,15.00062084197998
2019-10-29,14.963717460632324
2019-10-30,15.009844779968262
2019-10-31,14.963717460632324
2019-11-01,15.332738876342773
2019-11-04,15.397316932678223
2019-11-05,15.378863334655762
2019-11-06,15.369638442993164
2019-11-07,15.323512077331543
2019-11-08,15.323512077331543
2019-11-11,15.258933067321777
2019-11-12,15.258933067321777
2019-11-13,15.11132526397705
2019-11-14,15.083648681640625
2019-11-15,15.175904273986816
2019-11-18,15.120552062988281
2019-11-19,15.083648681640625
2019-11-20,15.037521362304688
2019-11-21,14.843788146972656
2019-11-22,14.788434982299805
2019-11-25,14.834561347961426
2019-11-26,14.9268159866333
2019-11-27,14.889913558959961
2019-11-29,14.705404281616211
2019-12-02,14.567023277282715
2019-12-03,14.530121803283691
2019-12-04,14.6869535446167
2019-12-05,14.622377395629883
2019-12-06,14.696179389953613
2019-12-09,14.585474014282227
2019-12-10,14.603925704956055
2019-12-11,14.677727699279785
2019-12-12,14.9268159866333
2019-12-13,14.843788146972656
2019-12-16,14.751532554626465
2019-12-17,14.65005111694336
2019-12-18,14.631600379943848
2019-12-19,14.5577974319458
2019-12-20,14.65005111694336
2019-12-23,14.663982391357422
2019-12-24,14.719704627990723
2019-12-26,14.738277435302734
2019-12-27,14.738277435302734
2019-12-30,14.790336608886719
2019-12-31,14.864706039428711
2020-01-02,15.115704536437988
2020-01-03,14.957669258117676
2020-01-06,14.911189079284668
2020-01-07,14.883298873901367
2020-01-08,14.743855476379395
2020-01-09,14.734559059143066
2020-01-10,14.790336608886719
2020-01-13,14.96696662902832
2020-01-14,14.93907642364502
2020-01-15,14.855409622192383
2020-01-16,14.883298873901367
2020-01-17,14.920483589172363
2020-01-21,14.864706039428711
2020-01-22,14.911189079284668
2020-01-23,14.948372840881348
2020-01-24,14.883298873901367
2020-01-27,14.595113754272461
2020-01-28,14.4928560256958
2020-01-29,14.530040740966797
2020-01-30,14.42778205871582
2020-01-31,13.842118263244629
2020-02-03,13.907193183898926
2020-02-04,14.03734016418457
2020-02-05,14.000154495239258
2020-02-06,14.065228462219238
2020-02-07,13.990859031677246
2020-02-10,13.944377899169922
2020-02-11,14.10241413116455
2020-02-12,14.223265647888184
2020-02-13,14.204672813415527
2020-02-14,14.1953763961792
2020-02-18,14.009451866149902
2020-02-19,13.962971687316895
2020-02-20,13.944377899169922
2020-02-21,13.907193183898926
2020-02-24,13.200676918029785
2020-02-25,13.089122772216797
2020-02-26,13.117009162902832
2020-02-27,12.735864639282227
2020-02-28,12.773049354553223
2020-03-02,12.893899917602539
2020-03-03,12.763752937316895
2020-03-04,12.996158599853516
2020-03-05,12.726568222045898
2020-03-06,12.63360595703125
2020-03-09,11.796943664550781
2020-03-10,11.92708969116211
2020-03-11,11.545945167541504
2020-03-12,10.30954360961914
2020-03-13,10.411800384521484
2020-03-16,9.54725170135498
2020-03-17,9.946989059448242
2020-03-18,9.333436012268066
2020-03-19,9.788952827453613
2020-03-20,9.761064529418945
2020-03-23,9.017364501953125
2020-03-24,9.751768112182617
2020-03-25,10.086433410644531
2020-03-26,10.263063430786133
2020-03-27,9.779657363891602
2020-03-30,9.72387981414795
2020-03-31,9.705286026000977
2020-04-01,9.603028297424316
2020-04-02,9.900506973266602
2020-04-03,9.984173774719238
2020-04-06,10.783651351928711
2020-04-07,10.848725318908691
2020-04-08,11.034650802612305
2020-04-09,11.12761402130127
2020-04-13,11.0718355178833
2020-04-14,11.21127986907959
2020-04-15,11.099723815917969
2020-04-16,11.248464584350586
2020-04-17,11.387907981872559
2020-04-20,11.304242134094238
2020-04-21,10.867317199707031
2020-04-22,11.294944763183594
2020-04-23,11.16479778289795
2020-04-24,11.48087215423584
2020-04-27,11.387907981872559
2020-04-28,11.508758544921875
2020-04-29,11.573833465576172
2020-04-30,11.573833465576172
2020-05-01,11.081132888793945
2020-05-04,11.118316650390625
2020-05-05,11.471572875976562
2020-05-06,11.53664779663086
2020-05-07,11.880609512329102
2020-05-08,12.289645195007324
2020-05-11,11.964275360107422
2020-05-12,12.113016128540039
2020-05-13,11.824831008911133
2020-05-14,11.992164611816406
2020-05-15,11.982868194580078
2020-05-18,12.373311996459961
2020-05-19,12.122312545776367
2020-05-20,12.726568222045898
2020-05-21,12.61501407623291
2020-05-22,12.568532943725586
2020-05-26,12.977567672729492
2020-05-27,12.791644096374512
2020-05-28,12.782344818115234
2020-05-29,12.735864639282227
2020-06-01,13.061233520507812
2020-06-02,13.098419189453125
2020-06-03,13.200676918029785
2020-06-04,13.0240478515625
2020-06-05,13.154194831848145
2020-06-08,13.516749382019043
2020-06-09,13.39589786529541
2020-06-10,13.479564666748047
2020-06-11,12.69867992401123
2020-06-12,12.782344818115234
2020-06-15,12.456976890563965
2020-06-16,12.61501407623291
2020-06-17,12.689382553100586
2020-06-18,12.782344818115234
2020-06-19,12.791644096374512
2020-06-22,12.847419738769531
2020-06-23,12.912493705749512
2020-06-24,12.605717658996582
2020-06-25,12.63360595703125
2020-06-26,12.540642738342285
2020-06-29,12.58712387084961
2020-06-30,12.494161605834961
2020-07-01,12.791644096374512
2020-07-02,12.847419738769531
2020-07-06,13.154194831848145
2020-07-07,13.089122772216797
2020-07-08,13.191381454467773
2020-07-09,13.20997428894043
2020-07-10,13.228565216064453
2020-07-13,13.154194831848145
2020-07-14,13.368009567260742
2020-07-15,13.628304481506348
2020-07-16,13.49815845489502
2020-07-17,13.479564666748047
2020-07-20,13.553936004638672
2020-07-21,13.44237995147705
2020-07-22,13.470267295837402
2020-07-23,13.237861633300781
2020-07-24,13.089122772216797
2020-07-27,12.735864639282227
2020-07-28,12.912493705749512
2020-07-29,12.866012573242188
2020-07-30,12.893899917602539
2020-07-31,12.735864639282227
2020-08-03,13.172788619995117
2020-08-04,13.34941577911377
2020-08-05,13.674786567687988
2020-08-06,13.609712600708008
2020-08-07,13.600415229797363
2020-08-10,13.721266746520996
2020-08-11,13.516749382019043
2020-08-12,13.693378448486328
2020-08-13,13.637600898742676
2020-08-14,13.665489196777344
2020-08-17,13.758452415466309
2020-08-18,13.368009567260742
2020-08-19,13.247159004211426
2020-08-20,13.107715606689453
2020-08-21,13.135602951049805
2020-08-24,13.451676368713379
2020-08-25,13.674786567687988
2020-08-26,13.73056411743164
2020-08-27,13.526046752929688
2020-08-28,13.70267391204834
2020-08-31,13.665489196777344
2020-09-01,13.80493450164795
2020-09-02,13.944377899169922
2020-09-03,13.814229965209961
2020-09-04,13.953673362731934
2020-09-08,13.758452415466309
2020-09-09,14.09311580657959
2020-09-10,13.721266746520996
2020-09-11,13.749156951904297
2020-09-14,14.065228462219238
2020-09-15,14.130302429199219
2020-09-16,13.92578411102295
2020-09-17,13.888599395751953
2020-09-18,13.777044296264648
2020-09-21,13.665489196777344
2020-09-22,13.684082984924316
2020-09-23,13.479564666748047
2020-09-24,13.433084487915039
2020-09-25,13.516749382019043
2020-09-28,13.758452415466309
2020-09-29,13.628304481506348
2020-09-30,13.80493450164795
2020-10-01,13.897894859313965
2020-10-02,13.80493450164795
2020-10-05,13.92578411102295
2020-10-06,13.777044296264648
2020-10-07,14.03734016418457
2020-10-08,14.018747329711914
2020-10-09,14.083821296691895
2020-10-12,14.130302429199219
2020-10-13,14.15818977355957
2020-10-14,14.15818977355957
2020-10-15,14.167487144470215
2020-10-16,14.121006965637207
2020-10-19,13.860710144042969
2020-10-20,14.074524879455566
2020-10-21,14.000154495239258
2020-10-22,14.09311580657959
2020-10-23,14.353410720825195
2020-10-26,14.046635627746582
2020-10-27,13.981562614440918
2020-10-28,13.553936004638672
2020-10-29,13.777044296264648
2020-10-30,13.70267391204834
2020-11-02,13.851414680480957
2020-11-03,14.009451866149902
2020-11-04,14.372003555297852
2020-11-05,14.251153945922852
2020-11-06,14.27904224395752
2020-11-09,14.446374893188477
2020-11-10,14.446374893188477
2020-11-11,14.511448860168457
2020-11-12,14.446374893188477
2020-11-13,14.4928560256958
2020-11-16,14.40919017791748
2020-11-17,14.4928560256958
2020-11-18,14.381301879882812
2020-11-19,14.576522827148438
2020-11-20,14.911189079284668
2020-11-23,14.96696662902832
2020-11-24,15.115704536437988
2020-11-25,14.911189079284668
2020-11-27,15.125
2020-11-30,14.836816787719727
2020-12-01,15.013445854187012
2020-12-02,15.190074920654297
2020-12-03,15.27374267578125
2020-12-04,15.264445304870605
2020-12-07,15.301629066467285
2020-12-08,15.32951831817627
2020-12-09,15.366703987121582
2020-12-10,15.496853828430176
2020-12-11,15.589815139770508
2020-12-14,15.757145881652832
2020-12-15,15.794331550598145
2020-12-16,15.859403610229492
2020-12-17,15.692070960998535
2020-12-18,15.673482894897461
2020-12-21,15.710820198059082
2020-12-22,15.514784812927246
2020-12-23,15.645475387573242
2020-12-24,15.61746883392334
2020-12-28,15.96286392211914
2020-12-29,16.32693099975586
2020-12-30,16.336267471313477
2020-12-31,16.32693099975586
2021-01-04,16.3829402923584
2021-01-05,16.765676498413086
2021-01-06,16.803016662597656
2021-01-07,16.999052047729492
2021-01-08,17.195087432861328
2021-01-11,17.279102325439453
2021-01-12,17.363115310668945
2021-01-13,17.353782653808594
2021-01-14,17.269765853881836
2021-01-15,17.21375846862793
2021-01-19,16.66299057006836
2021-01-20,16.905702590942383
2021-01-21,17.148412704467773
2021-01-22,17.12973976135254
2021-01-25,17.008384704589844
2021-01-26,16.952375411987305
2021-01-27,16.19624137878418
2021-01-28,15.710820198059082
2021-01-29,15.794835090637207
2021-02-01,15.91618824005127
2021-02-02,16.23358154296875
2021-02-03,16.709665298461914
2021-02-04,16.66299057006836
2021-02-05,16.72833824157715
2021-02-08,16.308259963989258
2021-02-09,16.56964111328125
2021-02-10,16.616315841674805
2021-02-11,16.7376708984375
2021-02-12,16.81235122680664
2021-02-16,16.644319534301758
2021-02-17,16.877695083618164
2021-02-18,16.989715576171875
2021-02-19,17.16707992553711
2021-02-22,16.980382919311523
2021-02-23,16.859024047851562
2021-02-24,16.803016662597656
2021-02-25,16.24291229248047
2021-02-26,16.429615020751953
2021-03-01,16.84969139099121
2021-03-02,16.709665298461914
2021-03-03,16.429615020751953
2021-03-04,16.21491050720215
2021-03-05,16.522966384887695
2021-03-08,16.336267471313477
2021-03-09,16.3829402923584
2021-03-10,16.429615020751953
2021-03-11,16.79368019104004
2021-03-12,16.597646713256836
2021-03-15,16.672325134277344
2021-03-16,16.7189998626709
2021-03-17,16.747005462646484
2021-03-18,16.625648498535156
2021-03-19,16.700328826904297
2021-03-22,16.747005462646484
2021-03-23,16.39227294921875
2021-03-24,16.24291229248047
2021-03-25,16.3829402923584
2021-03-26,16.653657913208008
2021-03-29,16.700328826904297
2021-03-30,16.681659698486328
2021-03-31,16.896366119384766
2021-04-01,17.316438674926758
2021-04-05,17.40045738220215
2021-04-06,17.269765853881836
2021-04-07,16.88702964782715
2021-04-08,17.353782653808594
2021-04-09,17.363115310668945
2021-04-12,17.66183853149414
2021-04-13,17.745849609375
2021-04-14,17.745849609375
2021-04-15,17.9045467376709
2021-04-16,18.007234573364258
2021-04-19,18.24060821533203
2021-04-20,18.29661750793457
2021-04-21,18.29661750793457
2021-04-22,17.988563537597656
2021-04-23,18.147258758544922
2021-04-26,17.82986831665039
2021-04-27,17.867204666137695
2021-04-28,17.745849609375
2021-04-29,17.82986831665039
2021-04-30,17.596492767333984
2021-05-03,17.372451782226562
2021-05-04,17.46579933166504
2021-05-05,17.66183853149414
2021-05-06,17.605825424194336
2021-05-07,17.78318977355957
2021-05-10,17.932552337646484
2021-05-11,17.75518798828125
2021-05-12,17.437795639038086
2021-05-13,17.30710792541504
2021-05-14,17.689842224121094
2021-05-17,17.512475967407227
2021-05-18,17.503143310546875
2021-05-19,17.596492767333984
2021-05-20,17.857873916625977
2021-05-21,17.82986831665039
2021-05-24,18.100582122802734
2021-05-25,18.02589988708496
2021-05-26,18.249942779541016
2021-05-27,18.16592788696289
2021-05-28,18.37129783630371
2021-06-01,18.389965057373047
2021-06-02,18.492652893066406
2021-06-03,18.55799674987793
2021-06-04,18.79137420654297
2021-06-07,18.651348114013672
2021-06-08,18.389965057373047
2021-06-09,18.55799674987793
2021-06-10,18.53932762145996
2021-06-11,18.67001724243164
2021-06-14,18.838048934936523
2021-06-15,18.819377899169922
2021-06-16,18.501989364624023
2021-06-17,18.72602653503418
2021-06-18,18.679353713989258
2021-06-21,18.819377899169922
2021-06-22,18.810041427612305
2021-06-23,18.735363006591797
2021-06-24,18.772703170776367
2021-06-25,19.136770248413086
2021-06-28,19.230117797851562
2021-06-29,19.25812339782715
2021-06-30,19.407485961914062
2021-07-01,19.48216438293457
2021-07-02,19.50083351135254
2021-07-06,19.015413284301758
2021-07-07,19.04341697692871
2021-07-08,18.698020935058594
2021-07-09,18.604671478271484
2021-07-12,18.147258758544922
2021-07-13,17.932552337646484
2021-07-14,17.969892501831055
2021-07-15,18.081911087036133
2021-07-16,18.09124755859375
2021-07-19,17.484472274780273
2021-07-20,17.876543045043945
2021-07-21,17.960554122924805
2021-07-22,18.02589988708496
2021-07-23,17.801860809326172
2021-07-26,17.9045467376709
2021-07-27,17.988563537597656
2021-07-28,18.035236358642578
2021-07-29,18.072580337524414
2021-07-30,18.249942779541016
2021-08-02,18.212602615356445
2021-08-03,18.576669692993164
2021-08-04,18.529991149902344
2021-08-05,18.688690185546875
2021-08-06,18.492652893066406
2021-08-09,18.866052627563477
2021-08-10,18.660680770874023
2021-08-11,18.62334442138672
2021-08-12,18.483314514160156
2021-08-13,18.52065658569336
2021-08-16,18.40863800048828
2021-08-17,18.137920379638672
2021-08-18,18.10991668701172
2021-08-19,18.17525863647461
2021-08-20,17.885875701904297
2021-08-23,18.081911087036133
2021-08-24,17.997896194458008
2021-08-25,18.119253158569336
2021-08-26,17.951223373413086
2021-08-27,18.44597625732422
2021-08-30,18.53932762145996
2021-08-31,18.436643600463867
2021-09-01,18.595338821411133
2021-09-02,18.67001724243164
2021-09-03,18.856719970703125
2021-09-07,18.698020935058594
2021-09-08,18.455312728881836
2021-09-09,18.698020935058594
2021-09-10,18.698020935058594
2021-09-13,18.511322021484375
2021-09-14,18.436643600463867
2021-09-15,18.501989364624023
2021-09-16,18.548664093017578
2021-09-17,18.52065658569336
2021-09-20,18.09124755859375
2021-09-21,18.212602615356445
2021-09-22,18.529991149902344
2021-09-23,18.417970657348633
2021-09-24,18.277944564819336
2021-09-27,17.932552337646484
2021-09-28,17.923215866088867
2021-09-29,17.801860809326172
2021-09-30,17.988563537597656
2021-10-01,17.867204666137695
2021-10-04,17.82986831665039
2021-10-05,18.016565322875977
2021-10-06,17.932552337646484
2021-10-07,18.17525863647461
2021-10-08,18.29661750793457
2021-10-11,18.33395767211914
2021-10-12,18.305952072143555
2021-10-13,18.29661750793457
2021-10-14,18.324621200561523
2021-10-15,18.203266143798828
2021-10-18,18.324621200561523
2021-10-19,18.399303436279297
2021-10-20,18.399303436279297
2021-10-21,18.268611907958984
2021-10-22,18.33395767211914
2021-10-25,18.399303436279297
2021-10-26,18.40863800048828
2021-10-27,18.76336669921875
2021-10-28,18.894058227539062
2021-10-29,18.9500675201416
2021-11-01,19.015413284301758
2021-11-02,18.978071212768555
2021-11-03,18.847381591796875
2021-11-04,18.856719970703125
2021-11-05,19.062088012695312
2021-11-08,19.29546356201172
2021-11-09,19.192779541015625
2021-11-10,19.220783233642578
2021-11-11,19.230117797851562
2021-11-12,19.332801818847656
2021-11-15,19.370141983032227
2021-11-16,19.360809326171875
2021-11-17,19.463491439819336
2021-11-18,19.463491439819336
2021-11-19,19.174110412597656
2021-11-22,18.931400299072266
2021-11-23,19.192779541015625
2021-11-24,19.34213638305664
2021-11-26,19.304798126220703
2021-11-29,19.29546356201172
2021-11-30,19.370141983032227
2021-12-01,19.41681671142578
2021-12-02,19.34213638305664
2021-12-03,19.015413284301758
2021-12-06,18.679353713989258
2021-12-07,19.14610481262207
2021-12-08,19.323469161987305
2021-12-09,19.463491439819336
2021-12-10,19.304798126220703
2021-12-13,19.304798126220703
2021-12-14,19.31413459777832
2021-12-15,19.360809326171875
2021-12-16,19.332801818847656
2021-12-17,19.388816833496094
2021-12-20,19.325956344604492
2021-12-21,19.588638305664062
2021-12-22,19.691835403442383
2021-12-23,19.382246017456055
2021-12-27,19.71059799194336
2021-12-28,19.748125076293945
2021-12-29,19.71059799194336
2021-12-30,19.945138931274414
2021-12-31,19.926374435424805
2022-01-03,19.954519271850586
2022-01-04,20.19843864440918
2022-01-05,20.160913467407227
2022-01-06,20.067096710205078
2022-01-07,20.076478958129883
2022-01-10,19.88884735107422
2022-01-11,19.75750732421875
2022-01-12,19.78565216064453
2022-01-13,19.447917938232422
2022-01-14,19.457298278808594
2022-01-18,18.46285629272461
2022-01-19,18.528528213500977
2022-01-20,18.67862892150879
2022-01-21,18.612958908081055
2022-01-24,17.937490463256836
2022-01-25,18.275226593017578
2022-01-26,18.134502410888672
2022-01-27,18.172027587890625
2022-01-28,18.38780403137207
2022-01-31,18.54728889465332
2022-02-01,18.603578567504883
2022-02-02,18.65986442565918
2022-02-03,18.537906646728516
2022-02-04,18.500381469726562
2022-02-07,18.519145965576172
2022-02-08,18.434709548950195
2022-02-09,18.791208267211914
2022-02-10,18.64110565185547
2022-02-11,18.406566619873047
2022-02-14,18.200172424316406
2022-02-15,18.434709548950195
2022-02-16,18.584815979003906
2022-02-17,18.59419822692871
2022-02-18,18.56605339050293
2022-02-22,18.425329208374023
2022-02-23,18.46285629272461
2022-02-24,18.293987274169922
2022-02-25,18.3784236907959
2022-02-28,18.303369522094727
2022-03-01,18.228315353393555
2022-03-02,18.340896606445312
2022-03-03,18.519145965576172
2022-03-04,18.425329208374023
2022-03-07,18.050065994262695
2022-03-08,17.79676628112793
2022-03-09,17.937490463256836
2022-03-10,17.79676628112793
2022-03-11,17.38397979736328
2022-03-14,17.07438850402832
2022-03-15,17.262020111083984
2022-03-16,17.599754333496094
2022-03-17,17.468412399291992
2022-03-18,17.684188842773438
2022-03-21,18.003162384033203
2022-03-22,18.078214645385742
2022-03-23,18.03130531311035
2022-03-24,18.012540817260742
2022-03-25,17.965635299682617
2022-03-28,17.749860763549805
2022-03-29,17.92810821533203
2022-03-30,17.824913024902344
2022-03-31,17.702953338623047
2022-04-01,18.003162384033203
2022-04-04,18.247081756591797
2022-04-05,18.078214645385742
2022-04-06,17.881200790405273
2022-04-07,17.81553077697754
2022-04-08,17.60913848876953
2022-04-11,17.53408432006836
2022-04-12,17.41212272644043
2022-04-13,17.590373992919922
2022-04-14,17.393362045288086
2022-04-18,16.88675880432129
2022-04-19,16.60531234741211
2022-04-20,16.42706298828125
2022-04-21,16.286340713500977
2022-04-22,16.192523956298828
2022-04-25,15.573343276977539
2022-04-26,15.685920715332031
2022-04-27,15.911079406738281
2022-04-28,15.854790687561035
2022-04-29,15.98613166809082
2022-05-02,16.04241943359375
2022-05-03,16.154996871948242
2022-05-04,16.004892349243164
2022-05-05,15.817265510559082
2022-05-06,15.592106819152832
2022-05-09,14.766531944274902
2022-05-10,15.141792297363281
2022-05-11,15.094886779785156
2022-05-12,14.334981918334961
2022-05-13,14.28807258605957
2022-05-16,14.034772872924805
2022-05-17,14.682096481323242
2022-05-18,14.46632194519043
2022-05-19,14.635191917419434
2022-05-20,14.522611618041992
2022-05-23,14.363125801086426
2022-05-24,14.447559356689453
2022-05-25,14.738387107849121
2022-05-26,14.766531944274902
2022-05-27,14.916635513305664
2022-05-31,15.047979354858398
2022-06-01,15.066740036010742
2022-06-02,15.029215812683105
2022-06-03,14.83220386505127
2022-06-06,14.822820663452148
2022-06-07,14.916635513305664
2022-06-08,14.972925186157227
2022-06-09,14.944780349731445
2022-06-10,14.682096481323242
2022-06-13,14.025389671325684
2022-06-14,14.119206428527832
2022-06-15,14.053534507751465
2022-06-16,13.969100952148438
2022-06-17,13.903430938720703
2022-06-21,13.640748023986816
2022-06-22,13.556314468383789
2022-06-23,13.74394416809082
2022-06-24,13.875287055969238
2022-06-27,13.894050598144531
2022-06-28,13.903430938720703
2022-06-29,13.800233840942383
2022-06-30,13.509407043457031
2022-07-01,13.584458351135254
2022-07-05,13.218579292297363
2022-07-06,12.946515083312988
2022-07-07,13.284248352050781
2022-07-08,13.396827697753906
2022-07-11,13.30301284790039
2022-07-12,13.453117370605469
2022-07-13,13.331157684326172
2022-07-14,13.453117370605469
2022-07-15,13.537550926208496
2022-07-18,13.38744831085205
2022-07-19,13.62198543548584
2022-07-20,13.70641803741455
2022-07-21,13.753326416015625
2022-07-22,13.603221893310547
2022-07-25,13.668891906738281
2022-07-26,13.453117370605469
2022-07-27,13.70641803741455
2022-07-28,13.884668350219727
2022-07-29,13.818997383117676
2022-08-01,14.100442886352539
2022-08-02,14.12858772277832
2022-08-03,14.278693199157715
2022-08-04,14.316219329833984
2022-08-05,14.344362258911133
2022-08-08,14.410033226013184
2022-08-09,14.46632194519043
2022-08-10,14.550756454467773
2022-08-11,14.47570514678955
2022-08-12,14.700860977172852
2022-08-15,14.738387107849121
2022-08-16,14.710243225097656
2022-08-17,14.766531944274902
2022-08-18,14.672717094421387
2022-08-19,14.494467735290527
2022-08-22,14.334981918334961
2022-08-23,14.51323127746582
2022-08-24,14.635191917419434
2022-08-25,14.804058074951172
2022-08-26,14.391271591186523
2022-08-29,14.297454833984375
2022-08-30,14.23178482055664
2022-08-31,14.381889343261719
2022-09-01,14.297454833984375
2022-09-02,14.23178482055664
2022-09-06,14.119206428527832
2022-09-07,13.95971965789795
2022-09-08,13.940957069396973
2022-09-09,14.119206428527832
2022-09-12,14.213021278381348
2022-09-13,13.753326416015625
2022-09-14,13.865904808044434
2022-09-15,13.74394416809082
2022-09-16,13.612604141235352
2022-09-19,13.48126220703125
2022-09-20,13.509407043457031
2022-09-21,13.462498664855957
2022-09-22,13.321775436401367
2022-09-23,13.181053161621094
2022-09-26,12.749502182006836
2022-09-27,12.711977005004883
2022-09-28,12.665069580078125
2022-09-29,12.27104377746582
2022-09-30,12.477438926696777
2022-10-03,12.064650535583496
2022-10-04,12.064650535583496
2022-10-05,12.21475601196289
2022-10-06,11.886402130126953
2022-10-07,11.642481803894043
2022-10-10,11.651863098144531
2022-10-11,11.285983085632324
2022-10-12,11.567429542541504
2022-10-13,11.745678901672363
2022-10-14,11.520522117614746
2022-10-17,11.567429542541504
2022-10-18,11.642481803894043
2022-10-19,11.4642333984375
2022-10-20,11.379798889160156
2022-10-21,11.135878562927246
2022-10-24,10.65742015838623
2022-10-25,10.648038864135742
2022-10-26,10.760618209838867
2022-10-27,11.04206371307373
2022-10-28,11.023300170898438
2022-10-31,10.95763111114502
2022-11-01,10.826288223266602
2022-11-02,10.769998550415039
2022-11-03,10.666802406311035
2022-11-04,10.638657569885254
2022-11-07,10.366593360900879
2022-11-08,10.554224014282227
2022-11-09,10.329066276550293
2022-11-10,10.282160758972168
2022-11-11,10.516697883605957
2022-11-14,10.263396263122559
2022-11-15,10.225870132446289
2022-11-16,10.563606262207031
2022-11-17,10.769998550415039
2022-11-18,10.67618465423584
2022-11-21,10.479172706604004
2022-11-22,10.460408210754395
2022-11-23,10.432263374328613
2022-11-25,10.854432106018066
2022-11-28,11.070208549499512
2022-11-29,11.445469856262207
2022-11-30,11.989598274230957
2022-12-01,11.623719215393066
2022-12-02,12.04588794708252
2022-12-05,12.233518600463867
2022-12-06,11.736296653747559
2022-12-07,11.914545059204102
2022-12-08,12.027125358581543
2022-12-09,12.055268287658691
2022-12-12,11.792585372924805
2022-12-13,11.989598274230957
2022-12-14,11.895783424377441
2022-12-15,11.830111503601074
2022-12-16,11.736296653747559
2022-12-19,11.500605583190918
2022-12-20,11.339691162109375
2022-12-21,11.41541576385498
2022-12-22,11.311295509338379
2022-12-23,11.491140365600586
2022-12-27,11.282898902893066
2022-12-28,11.219464302062988
2022-12-29,11.257335662841797
2022-12-30,11.209996223449707
2023-01-03,11.654987335205078
2023-01-04,11.730731010437012
2023-01-05,11.67392349243164
2023-01-06,11.768601417541504
2023-01-09,11.711793899536133
2023-01-10,11.787537574768066
2023-01-11,11.939023971557617
2023-01-12,11.863280296325684
2023-01-13,11.825408935546875
2023-01-17,12.109445571899414
2023-01-18,12.033702850341797
2023-01-19,12.20412540435791
2023-01-20,12.336675643920898
2023-01-23,12.431355476379395
2023-01-24,12.270401000976562
2023-01-25,12.09997844696045
2023-01-26,12.241997718811035
2023-01-27,12.308272361755371
2023-01-30,11.976895332336426
2023-01-31,12.20412540435791
2023-02-01,12.01476764678955
2023-02-02,11.872749328613281
2023-02-03,11.61711597442627
2023-02-06,11.702326774597168
2023-02-07,11.61711597442627
2023-02-08,11.446693420410156
2023-02-09,11.323610305786133
2023-02-10,11.314142227172852
2023-02-13,11.228930473327637
2023-02-14,11.20052719116211
2023-02-15,11.228930473327637
2023-02-16,11.361482620239258
2023-02-17,11.247867584228516
2023-02-21,11.408822059631348
2023-02-22,11.134252548217773
2023-02-23,11.077445030212402
2023-02-24,10.86915111541748
2023-02-27,10.641921043395996
2023-02-28,10.660857200622559
2023-03-01,10.973298072814941
2023-03-02,10.954361915588379
2023-03-03,10.954361915588379
2023-03-06,10.86915111541748
2023-03-07,10.907023429870605
2023-03-08,11.115316390991211
2023-03-09,11.020638465881348
2023-03-10,11.039573669433594
2023-03-13,11.067976951599121
2023-03-14,10.992234230041504
2023-03-15,11.067976951599121
2023-03-16,11.228930473327637
2023-03-17,11.01116943359375
2023-03-20,10.86915111541748
2023-03-21,11.134252548217773
2023-03-22,11.124784469604492
2023-03-23,11.162656784057617
2023-03-24,11.20052719116211
2023-03-27,11.437225341796875
2023-03-28,11.446693420410156
2023-03-29,11.503500938415527
2023-03-30,11.503500938415527
2023-03-31,11.531905174255371
2023-04-03,11.797005653381348
2023-04-04,11.759134292602539
2023-04-05,11.730731010437012
2023-04-06,11.636051177978516
2023-04-10,11.645519256591797
2023-04-11,11.636051177978516
2023-04-12,11.626583099365234
2023-04-13,11.588711738586426
2023-04-14,11.437225341796875
2023-04-17,11.465628623962402
2023-04-18,11.484564781188965
2023-04-19,11.323610305786133
2023-04-20,11.342545509338379
2023-04-21,11.266802787780762
2023-04-24,11.228930473327637
2023-04-25,11.049041748046875
2023-04-26,11.162656784057617
2023-04-27,11.314142227172852
2023-04-28,11.503500938415527
2023-05-01,11.408822059631348
2023-05-02,11.314142227172852
2023-05-03,11.285738945007324
2023-05-04,11.257335662841797
2023-05-05,11.361482620239258
2023-05-08,11.437225341796875
2023-05-09,11.408822059631348
2023-05-10,11.607647895812988
2023-05-11,11.72126293182373
2023-05-12,11.825408935546875
2023-05-15,11.806473731994629
2023-05-16,11.778069496154785
2023-05-17,11.683390617370605
2023-05-18,11.74019718170166
2023-05-19,11.711793899536133
2023-05-22,11.797005653381348
2023-05-23,11.683390617370605
2023-05-24,11.598179817199707
2023-05-25,11.683390617370605
2023-05-26,11.645519256591797
2023-05-30,11.778069496154785
2023-05-31,11.768601417541504
2023-06-01,12.128382682800293
2023-06-02,12.175721168518066
2023-06-05,12.147317886352539
2023-06-06,12.402952194213867
2023-06-07,12.440823554992676
2023-06-08,12.308272361755371
2023-06-09,12.450289726257324
2023-06-12,12.611245155334473
2023-06-13,12.639649391174316
2023-06-14,12.535501480102539
2023-06-15,12.469226837158203
2023-06-16,12.431355476379395
2023-06-20,12.412419319152832
2023-06-21,12.630181312561035
2023-06-22,12.829007148742676
2023-06-23,12.819539070129395
2023-06-26,12.819539070129395
2023-06-27,12.904749870300293
2023-06-28,12.857410430908203
2023-06-29,12.601778030395508
2023-06-30,12.59230899810791
2023-07-03,12.582841873168945
2023-07-05,12.743795394897461
2023-07-06,12.516566276550293
2023-07-07,12.73432731628418
2023-07-10,12.999428749084473
2023-07-11,12.980493545532227
2023-07-12,13.084639549255371
2023-07-13,13.255062103271484
2023-07-14,13.302401542663574
2023-07-17,13.3402738571167
2023-07-18,13.34974193572998
2023-07-19,13.217190742492676
2023-07-20,13.255062103271484
2023-07-21,13.567502975463867
2023-07-24,13.7284574508667
2023-07-25,13.652714729309082
2023-07-26,13.794733047485352
2023-07-27,13.671649932861328
2023-07-28,14.021963119506836
2023-07-31,14.249192237854004
2023-08-01,14.012494087219238
2023-08-02,13.842072486877441
2023-08-03,13.870475769042969
2023-08-04,14.277595520019531
2023-08-07,14.514293670654297
2023-08-08,14.457487106323242
2023-08-09,14.258661270141602
2023-08-10,14.12610912322998
2023-08-11,14.372275352478027
2023-08-14,14.665779113769531
2023-08-15,14.391210556030273
2023-08-16,14.476422309875488
2023-08-17,14.305999755859375
2023-08-18,13.425484657287598
2023-08-21,13.576972007751465
2023-08-22,13.614842414855957
2023-08-23,13.558034896850586
2023-08-24,13.7284574508667
2023-08-25,13.804201126098633
2023-08-28,14.116641998291016
2023-08-29,14.12610912322998
2023-08-30,14.192384719848633
2023-08-31,14.353338241577148
2023-09-01,14.324934959411621
2023-09-05,14.429082870483398
2023-09-06,14.665779113769531
2023-09-07,14.608972549438477
2023-09-08,14.637375831604004
2023-09-11,14.448018074035645
2023-09-12,14.779394149780273
2023-09-13,14.514293670654297
2023-09-14,14.258661270141602
2023-09-15,14.154512405395508
2023-09-18,14.021963119506836
2023-09-19,13.92728328704834
2023-09-20,14.12610912322998
2023-09-21,13.898880004882812
2023-09-22,13.425484657287598
2023-09-25,12.753264427185059
2023-09-26,12.526034355163574
2023-09-27,12.8668794631958
2023-09-28,12.800603866577148
2023-09-29,12.819539070129395
2023-10-02,12.93315315246582
2023-10-03,12.223060607910156
2023-10-04,12.478694915771484
2023-10-05,12.336675643920898
2023-10-06,12.658584594726562
2023-10-09,12.781667709350586
2023-10-10,12.829007148742676
2023-10-11,12.923686027526855
2023-10-12,12.9520902633667
2023-10-13,12.971025466918945
2023-10-16,12.781667709350586
2023-10-17,12.440823554992676
2023-10-18,12.09997844696045
2023-10-19,11.702326774597168
2023-10-20,12.081042289733887
2023-10-23,11.995831489562988
2023-10-24,12.260932922363281
2023-10-25,12.024234771728516
2023-10-26,11.39935302734375
2023-10-27,11.408822059631348
2023-10-30,11.20052719116211
2023-10-31,10.944894790649414
2023-11-01,11.20052719116211
2023-11-02,11.797005653381348
2023-11-03,11.863280296325684
2023-11-06,12.071575164794922
2023-11-07,11.910619735717773
2023-11-08,12.402952194213867
2023-11-09,12.469226837158203
2023-11-10,12.478694915771484
2023-11-13,12.412419319152832
2023-11-14,12.658584594726562
2023-11-15,12.696456909179688
2023-11-16,12.762730598449707
2023-11-17,12.412419319152832
2023-11-20,12.573373794555664
2023-11-21,12.658584594726562
2023-11-22,12.829007148742676
2023-11-24,12.440823554992676
2023-11-27,12.365079879760742
2023-11-28,12.459758758544922
2023-11-29,12.554438591003418
2023-11-30,12.402952194213867
2023-12-01,12.601778030395508
2023-12-04,12.8668794631958
2023-12-05,12.838475227355957
2023-12-06,12.9520902633667
2023-12-07,12.819539070129395
2023-12-08,12.762730598449707
2023-12-11,12.904749870300293
2023-12-12,12.829007148742676
2023-12-13,12.68698787689209
2023-12-14,12.59230899810791
2023-12-15,12.440823554992676
2023-12-18,12.346159934997559
2023-12-19,12.465734481811523
2023-12-20,12.455769538879395
2023-12-21,12.545451164245605
2023-12-22,12.575345039367676
2023-12-26,12.83442497253418
2023-12-27,12.793509483337402
2023-12-28,12.883323669433594
2023-12-29,12.893302917480469
2024-01-02,12.693717002868652
2024-01-03,12.823448181152344
2024-01-04,12.90328311920166
2024-01-05,13.092889785766602
2024-01-08,13.132806777954102
2024-01-09,13.023035049438477
2024-01-10,12.90328311920166
2024-01-11,12.883323669433594
2024-01-12,12.703695297241211
2024-01-16,12.723654747009277
2024-01-17,12.603902816772461
2024-01-18,12.883323669433594
2024-01-19,12.90328311920166
2024-01-22,12.893302917480469
2024-01-23,12.793509483337402
2024-01-24,12.813468933105469
2024-01-25,12.783531188964844
2024-01-26,12.843406677246094
2024-01-29,12.773550987243652
2024-01-30,12.913261413574219
2024-01-31,12.673757553100586
2024-02-01,12.863365173339844
2024-02-02,12.913261413574219
2024-02-05,12.873344421386719
2024-02-06,12.923240661621094
2024-02-07,13.023035049438477
2024-02-08,13.052972793579102
2024-02-09,13.04299259185791
2024-02-12,13.122827529907227
2024-02-13,12.96315860748291
2024-02-14,13.00307559967041
2024-02-15,13.052972793579102
2024-02-16,13.142786979675293
2024-02-20,13.512022018432617
2024-02-21,13.3922700881958
2024-02-22,13.34237289428711
2024-02-23,13.033014297485352
2024-02-26,13.033014297485352
2024-02-27,13.272518157958984
2024-02-28,13.492063522338867
2024-02-29,13.482084274291992
2024-03-01,13.571898460388184
2024-03-04,13.551939010620117
2024-03-05,13.561919212341309
2024-03-06,13.492063522338867
2024-03-07,13.75152587890625
2024-03-08,13.4321870803833
2024-03-11,13.272518157958984
2024-03-12,13.322415351867676
2024-03-13,13.581876754760742
2024-03-14,13.531981468200684
2024-03-15,13.492063522338867
2024-03-18,13.312435150146484
2024-03-19,13.372310638427734
2024-03-20,13.541959762573242
2024-03-21,13.641753196716309
2024-03-22,13.701628684997559
2024-03-25,13.591856956481934
2024-03-26,13.691650390625
2024-03-27,13.801423072814941
2024-03-28,13.871277809143066
2024-04-01,13.621794700622559
2024-04-02,13.611815452575684
2024-04-03,13.531981468200684
2024-04-04,13.402249336242676
2024-04-05,13.34237289428711
2024-04-08,13.222620964050293
2024-04-09,13.3523530960083
2024-04-10,13.292476654052734
2024-04-11,13.34237289428711
2024-04-12,13.232601165771484
2024-04-15,12.524067878723145
2024-04-16,12.384356498718262
2024-04-17,12.094956398010254
2024-04-18,12.114914894104004
2024-04-19,11.825514793395996
2024-04-22,12.144852638244629
2024-04-23,11.985183715820312
2024-04-24,12.184770584106445
2024-04-25,12.224687576293945
2024-04-26,12.274584770202637
2024-04-29,12.334460258483887
2024-04-30,12.174790382385254
2024-05-01,12.15483283996582
2024-05-02,12.274584770202637
2024-05-03,12.374377250671387
2024-05-06,12.623860359191895
2024-05-07,12.643819808959961
2024-05-08,12.663778305053711
2024-05-09,12.653799057006836
2024-05-10,12.53404712677002
2024-05-13,12.524067878723145
2024-05-14,12.544026374816895
2024-05-15,12.793509483337402
2024-05-16,12.823448181152344
2024-05-17,12.923240661621094
2024-05-20,12.94320011138916
2024-05-21,12.873344421386719
2024-05-22,12.703695297241211
2024-05-23,12.813468933105469
2024-05-24,12.573965072631836
2024-05-28,12.793509483337402
2024-05-29,12.643819808959961
2024-05-30,12.583943367004395
2024-05-31,12.583943367004395
2024-06-03,12.763571739196777
2024-06-04,12.803488731384277
2024-06-05,12.883323669433594
2024-06-06,12.783531188964844
2024-06-07,12.783531188964844
2024-06-10,12.813468933105469
2024-06-11,12.623860359191895
2024-06-12,12.923240661621094
2024-06-13,12.893302917480469
2024-06-14,12.673757553100586
2024-06-17,12.623860359191895
2024-06-18,12.683736801147461
2024-06-20,12.404315948486328
2024-06-21,12.424274444580078
2024-06-24,12.204728126525879
2024-06-25,12.274584770202637
2024-06-26,12.25462532043457
2024-06-27,12.264604568481445
2024-06-28,12.144852638244629
2024-07-01,12.274584770202637
2024-07-02,12.374377250671387
2024-07-03,12.434253692626953
2024-07-05,12.424274444580078
2024-07-08,12.354418754577637
2024-07-09,12.464191436767578
2024-07-10,12.454212188720703
2024-07-11,12.414294242858887
2024-07-12,12.424274444580078
2024-07-15,12.324481010437012
2024-07-16,12.314501762390137
2024-07-17,12.045059204101562
2024-07-18,12.134873390197754
2024-07-19,12.025100708007812
2024-07-22,12.045059204101562
2024-07-23,11.84547233581543
2024-07-24,11.875410079956055
2024-07-25,11.895369529724121
2024-07-26,12.025100708007812
2024-07-29,11.985183715820312
2024-07-30,11.935286521911621
2024-07-31,12.045059204101562
2024-08-01,11.685803413391113
2024-08-02,11.74567985534668
2024-08-05,11.376443862915039
2024-08-06,11.635906219482422
2024-08-07,11.685803413391113
2024-08-08,11.795576095581055
2024-08-09,11.815534591674805
2024-08-12,11.84547233581543
2024-08-13,11.84547233581543
2024-08-14,11.835493087768555
2024-08-15,11.815534591674805
2024-08-16,12.124894142150879
2024-08-19,12.314501762390137
2024-08-20,12.444232940673828
2024-08-21,12.51408863067627
2024-08-22,12.384356498718262
2024-08-23,12.53404712677002
2024-08-26,12.524067878723145
2024-08-27,12.633840560913086
2024-08-28,12.474170684814453
2024-08-29,12.544026374816895
2024-08-30,12.524067878723145
2024-09-03,12.354418754577637
2024-09-04,12.474170684814453
2024-09-05,12.484150886535645
2024-09-06,12.544026374816895
2024-09-09,12.573965072631836
2024-09-10,12.424274444580078
2024-09-11,12.404315948486328
2024-09-12,12.374377250671387
2024-09-13,12.354418754577637
2024-09-16,12.184770584106445
2024-09-17,12.454212188720703
2024-09-18,12.444232940673828
2024-09-19,12.583943367004395
2024-09-20,12.51408863067627
2024-09-23,12.544026374816895
2024-09-24,12.643819808959961
2024-09-25,12.693717002868652
2024-09-26,12.733633995056152
2024-09-27,12.773550987243652
2024-09-30,12.753592491149902
2024-10-01,12.813468933105469
2024-10-02,12.673757553100586
2024-10-03,12.49413013458252
2024-10-04,12.454212188720703
2024-10-07,12.364398956298828
2024-10-08,12.424274444580078
2024-10-09,12.573965072631836
2024-10-10,12.474170684814453
2024-10-11,12.623860359191895
2024-10-14,12.59392261505127
2024-10-15,12.324481010437012
2024-10-16,12.314501762390137
2024-10-17,12.304522514343262
2024-10-18,12.224687576293945
2024-10-21,12.19474983215332
2024-10-22,12.094956398010254
2024-10-23,12.025100708007812
2024-10-24,11.925307273864746
2024-10-25,11.885390281677246
2024-10-28,11.885390281677246
2024-10-29,11.955245018005371
2024-10-30,11.875410079956055
2024-10-31,11.885390281677246
2024-11-01,11.78559684753418
2024-11-04,11.715741157531738
2024-11-05,11.74567985534668
2024-11-06,11.975204467773438
2024-11-07,11.985183715820312
2024-11-08,11.895369529724121
2024-11-11,11.895369529724121
2024-11-12,11.775617599487305
2024-11-13,11.755658149719238
2024-11-14,11.576030731201172
2024-11-15,11.376443862915039
2024-11-18,11.476237297058105
2024-11-19,11.366464614868164
2024-11-20,11.476237297058105
2024-11-21,11.605968475341797
2024-11-22,11.566051483154297
2024-11-25,11.695782661437988
2024-11-26,11.725720405578613
2024-11-27,11.635906219482422
2024-11-29,11.735700607299805
2024-12-02,11.695782661437988
2024-12-03,11.595989227294922
2024-12-04,11.50617504119873
2024-12-05,11.915328025817871
2024-12-06,11.945266723632812
2024-12-09,11.955245018005371
2024-12-10,11.905348777770996
2024-12-11,11.885390281677246
2024-12-12,11.815534591674805
2024-12-13,11.705761909484863
2024-12-16,11.80555534362793
2024-12-17,11.715741157531738
2024-12-18,11.615948677062988
2024-12-19,11.605968475341797
2024-12-20,11.625926971435547
2024-12-23,11.635906219482422
2024-12-24,11.635906219482422
2024-12-26,11.685803413391113
2024-12-27,11.516154289245605
2024-12-30,11.526134490966797
2024-12-31,11.456277847290039
2025-01-02,11.536113739013672
2025-01-03,11.496196746826172
2025-01-06,11.436320304870605
2025-01-07,11.276650428771973
2025-01-08,11.346506118774414
2025-01-10,11.107002258300781
2025-01-13,11.236733436584473
2025-01-14,11.136940002441406
2025-01-15,11.296608924865723
2025-01-16,11.266671180725098
2025-01-17,11.356485366821289
2025-01-21,11.376443862915039
2025-01-22,11.346506118774414
2025-01-23,11.516154289245605
2025-01-24,11.576030731201172
2025-01-27,11.516154289245605
2025-01-28,11.566051483154297
2025-01-29,11.536113739013672
2025-01-30,11.566051483154297
2025-01-31,11.536113739013672
2025-02-03,11.416360855102539
2025-02-04,11.536113739013672
2025-02-05,11.655865669250488
2025-02-06,11.566051483154297
2025-02-07,11.436320304870605
2025-02-10,11.376443862915039
2025-02-11,11.316568374633789
2025-02-12,11.306588172912598
2025-02-13,11.46625804901123
2025-02-14,11.456277847290039
2025-02-18,11.48621654510498
2025-02-19,11.74567985534668
2025-02-20,11.795576095581055
2025-02-21,11.725720405578613
2025-02-24,11.925307273864746
2025-02-25,11.915328025817871
2025-02-26,11.865431785583496
2025-02-27,11.945266723632812
2025-02-28,12.015121459960938
2025-03-03,12.015121459960938
2025-03-04,11.945266723632812
2025-03-05,11.925307273864746
2025-03-06,12.174790382385254
2025-03-07,12.374377250671387
2025-03-10,12.21470832824707
2025-03-11,12.384356498718262
2025-03-12,12.55400562286377
2025-03-13,12.414294242858887
2025-03-14,12.633840560913086
2025-03-17,12.733633995056152
2025-03-18,12.59392261505127
2025-03-19,12.573965072631836
2025-03-20,12.374377250671387
2025-03-21,12.51408863067627
2025-03-24,12.673757553100586
2025-03-25,12.663778305053711
2025-03-26,12.464191436767578
2025-03-27,12.53404712677002
2025-03-28,12.354418754577637
2025-03-31,12.454212188720703
2025-04-01,12.53404712677002
2025-04-02,12.673757553100586
2025-04-03,11.376443862915039
2025-04-04,11.615948677062988
2025-04-07,11.136940002441406
2025-04-08,10.109067916870117
2025-04-09,11.436320304870605
2025-04-10,11.286630630493164
2025-04-11,11.84547233581543
2025-04-14,11.905348777770996
2025-04-15,11.715741157531738
2025-04-16,11.476237297058105
2025-04-17,11.705761909484863
2025-04-21,11.48621654510498
2025-04-22,11.615948677062988
2025-04-23,11.595989227294922
2025-04-24,11.975204467773438
2025-04-25,11.985183715820312
2025-04-28,11.925307273864746
2025-04-29,12.025100708007812
2025-04-30,12.045059204101562
2025-05-01,12.084976196289062
2025-05-02,12.21470832824707
2025-05-05,12.244647026062012
2025-05-06,12.19474983215332
2025-05-07,12.394336700439453
2025-05-08,12.573965072631836
2025-05-09,12.464191436767578
2025-05-12,12.663778305053711
2025-05-13,12.713674545288086
2025-05-14,12.793509483337402
2025-05-15,12.783531188964844
2025-05-16,12.723654747009277
2025-05-19,12.843406677246094
2025-05-20,13.062952041625977
2025-05-21,13.182703971862793
2025-05-22,13.142786979675293
2025-05-23,13.112849235534668
2025-05-27,13.561919212341309
2025-05-28,13.681671142578125
2025-05-29,13.482084274291992
2025-05-30,13.561919212341309
2025-06-02,13.781464576721191
2025-06-03,13.931154251098633
2025-06-04,13.831360816955566
2025-06-05,13.71160888671875
2025-06-06,13.611815452575684
2025-06-09,13.232601165771484
2025-06-10,13.372310638427734
2025-06-11,13.292476654052734
2025-06-12,13.332393646240234
2025-06-13,12.993097305297852
2025-06-16,13.232601165771484
2025-06-17,13.28249740600586
2025-06-18,13.332393646240234
2025-06-20,13.322415351867676
2025-06-23,13.372310638427734
2025-06-24,13.591856956481934
2025-06-25,13.512022018432617
2025-06-26,13.581876754760742
2025-06-27,13.701628684997559
2025-06-30,13.721588134765625
2025-07-01,13.691650390625
2025-07-02,13.7315673828125
2025-07-03,13.931154251098633
2025-07-07,14.150699615478516
2025-07-08,14.48001766204834
2025-07-09,14.859232902526855
2025-07-10,15.088757514953613
2025-07-11,15.18855094909668
2025-07-14,15.20850944519043
2025-07-15,15.008922576904297
2025-07-16,15.378157615661621
2025-07-17,15.63762092590332
2025-07-18,15.547806739807129
2025-07-21,15.318282127380371
2025-07-22,15.787310600280762
2025-07-23,15.966938972473145
2025-07-24,15.966938972473145
2025-07-25,16.43596649169922
2025-07-28,16.74532699584961
2025-07-29,15.867145538330078
2025-07-30,15.996877670288086
2025-07-31,15.97691822052002
2025-08-01,15.917041778564453
2025-08-04,16.545740127563477
2025-08-05,16.635555267333984
2025-08-06,17.0546875
2025-08-07,16.76528549194336
2025-08-08,17.144500732421875
2025-08-11,17.234315872192383
2025-08-12,17.403963088989258
2025-08-13,17.423921585083008
2025-08-14,17.723302841186523
2025-08-15,17.673404693603516
2025-08-18,17.803136825561523
2025-08-19,17.863012313842773
2025-08-20,17.6534481048584
2025-08-21,17.56363296508789
2025-08-22,17.324129104614258
2025-08-25,17.184417724609375
2025-08-26,17.922887802124023
2025-08-27,17.982765197753906
2025-08-28,18.28214454650879
2025-08-29,18.252208709716797
2025-09-02,18.102516174316406
2025-09-03,18.212289810180664
2025-09-04,18.391918182373047
2025-09-05,17.9328670501709
2025-09-08,17.334108352661133
2025-09-09,17.633487701416016
2025-09-10,17.71332359313965
2025-09-11,17.99274444580078
2025-09-12,17.9328670501709
2025-09-15,18.36197853088379
2025-09-16,18.022682189941406
2025-09-17,17.843053817749023
2025-09-18,17.76321792602539
2025-09-19,17.64346694946289
2025-09-22,17.493778228759766
2025-09-23,17.254274368286133
2025-09-24,17.54367446899414
2025-09-25,17.633487701416016
2025-09-26,17.513734817504883
2025-09-29,17.6534481048584
2025-09-30,17.803136825561523
2025-10-01,18.002723693847656
2025-10-02,17.48379898071289
2025-10-03,17.493778228759766
2025-10-06,18.391918182373047
2025-10-07,18.192331314086914
2025-10-08,18.391918182373047
2025-10-09,18.71125602722168
2025-10-10,18.940780639648438
2025-10-13,19.54952049255371
2025-10-14,19.649314880371094
2025-10-15,19.379871368408203
2025-10-16,19.599416732788086
2025-10-17,19.160327911376953
2025-10-20,18.16239356994629
2025-10-21,18.01270294189453
2025-10-22,18.132455825805664
2025-10-23,18.252208709716797
2025-10-24,18.17237091064453
2025-10-27,17.70334243774414
2025-10-28,18.14243507385254
2025-10-29,18.11249542236328
2025-10-30,17.673404693603516
2025-10-31,17.393983840942383
2025-11-03,17.0546875
2025-11-04,17.493778228759766
2025-11-05,17.533695220947266
2025-11-06,17.284210205078125
2025-11-07,16.84511947631836
2025-11-10,16.67547035217285
2025-11-11,16.895017623901367
2025-11-12,17.493778228759766
2025-11-13,17.384004592895508
2025-11-14,17.553653717041016
2025-11-17,17.62350845336914
2025-11-18,17.693363189697266
2025-11-19,17.573612213134766
2025-11-20,17.413944244384766
2025-11-21,17.68338394165039
2025-11-24,17.87299156188965
2025-11-25,17.71332359313965
2025-11-26,18.20231056213379
2025-11-28,18.30210304260254
2025-12-01,18.34202003479004
2025-12-02,18.61146354675293
2025-12-03,18.65138053894043
2025-12-04,18.55158805847168
2025-12-05,18.61146354675293
2025-12-08,18.681318283081055
2025-12-09,18.61146354675293
2025-12-10,18.24222755432129
2025-12-11,18.232248306274414
2025-12-12,17.453859329223633
2025-12-15,17.384004592895508
2025-12-16,17.8131160736084
2025-12-17,17.50375747680664
2025-12-18,17.843053817749023
2025-12-19,18.351999282836914
2025-12-22,18.610000610351562
2025-12-23,19.079999923706055
2025-12-24,19.010000228881836
2025-12-26,18.399999618530273
2025-12-29,18.920000076293945
2025-12-30,19.010000228881836
2025-12-31,19.079999923706055
2026-01-02,19.110000610351562
2026-01-05,19.020000457763672
2026-01-06,19.43000030517578
2026-01-07,19.440000534057617
2026-01-08,19.309999465942383
2026-01-09,19.280000686645508
2026-01-12,19.670000076293945
2026-01-13,19.799999237060547
2026-01-14,19.690000534057617
2026-01-15,19.530000686645508
2026-01-16,19.729999542236328
2026-01-20,19.510000228881836
2026-01-21,19.389999389648438
2026-01-22,19.6299991607666
2026-01-23,19.420000076293945
2026-01-26,18.90999984741211
2026-01-27,18.760000228881836
2026-01-28,18.5
2026-01-29,18.809999465942383
2026-01-30,19.06999969482422
2026-02-02,18.770000457763672
2026-02-03,18.450000762939453
2026-02-04,18.610000610351562
2026-02-05,18.1200008392334
2026-02-06,18.030000686645508
2026-02-09,18.049999237060547
2026-02-10,18.079999923706055
2026-02-11,18.709999084472656
2026-02-12,18.510000228881836
2026-02-13,18.889999389648438
2026-02-17,18.729999542236328
2026-02-18,18.770000457763672
2026-02-19,18.760000228881836
2026-02-20,19.290000915527344
2026-02-23,19.229999542236328
2026-02-24,19.25
2026-02-25,19.09000015258789
2026-02-26,19.15999984741211
2026-02-27,19.079999923706055
2026-03-02,18.6299991607666
2026-03-03,18.1200008392334
2026-03-04,18.299999237060547
2026-03-05,18.020000457763672
2026-03-06,17.450000762939453
2026-03-09,17.229999542236328
2026-03-10,17.059999465942383
2026-03-11,17.40999984741211
2026-03-12,16.75
2026-03-13,16.709999084472656
2026-03-16,17.299999237060547
2026-03-17,17.31999969482422
2026-03-18,17.030000686645508
2026-03-19,16.979999542236328
2026-03-20,16.43000030517578
2026-03-23,16.420000076293945
2026-03-24,16.459999084472656
2026-03-25,16.799999237060547
2026-03-26,16.479999542236328
2026-03-27,16.719999313354492
2026-03-30,16.850000381469727
2026-03-31,17.309999465942383
2026-04-01,17.40999984741211
2026-04-02,17.469999313354492
2026-04-06,17.149999618530273
2026-04-07,17.309999465942383
2026-04-08,18.420000076293945
2026-04-09,18.350000381469727
2026-04-10,18.200000762939453
2026-04-13,18.299999237060547
2026-04-14,18.43000030517578
2026-04-15,18.65999984741211
2026-04-16,18.719999313354492
2026-04-17,19.040000915527344
2026-04-20,19.06999969482422
2026-04-21,18.860000610351562
2026-04-22,19.399999618530273
2026-04-23,19.149999618530273
2026-04-24,18.90999984741211
2026-04-27,18.790000915527344
2026-04-28,19.139999389648438
2026-04-29,18.81999969482422
2026-04-30,18.84000015258789
2026-05-01,19.09000015258789
2026-05-04,18.770000457763672
2026-05-05,19.1200008392334
2026-05-06,19.540000915527344
2026-05-07,19.520000457763672
2026-05-08,19.770000457763672
2026-05-11,19.489999771118164
2026-05-12,19.43000030517578
2026-05-13,19.25
2026-05-14,19.489999771118164
2026-05-15,19.190000534057617
2026-05-18,19.309999465942383
2026-05-19,19.110000610351562
2026-05-20,19.309999465942383
2026-05-21,18.979999542236328
2026-05-22,18.75
2026-05-26,18.8700008392334
2026-05-27,18.739999771118164
2026-05-28,18.68000030517578
2026-05-29,18.700000762939453
2026-06-01,18.440000534057617
2026-06-02,18.1299991607666
2026-06-03,18.020000457763672
2026-06-04,18.25
2026-06-05,17.989999771118164
2026-06-08,17.760000228881836
2026-06-09,17.709999084472656
2026-06-10,17.809999465942383
2026-06-11,18.040000915527344
2026-06-12,17.809999465942383
2026-06-15,18.1200008392334
2026-06-16,18.100000381469727
2026-06-17,17.8700008392334
2026-06-18,18.350000381469727
2026-06-22,18.649999618530273
2026-06-23,18.190000534057617
2026-06-24,18.3700008392334
2026-06-25,18.15999984741211
2026-06-26,18.360000610351562
2026-06-29,18.440000534057617
2026-06-30,18.469999313354492
2026-07-01,18.530000686645508
2026-07-02,18.489999771118164
2026-07-06,18.190000534057617
2026-07-07,18.09000015258789
2026-07-08,18.219999313354492
2026-07-09,18.09000015258789
2026-07-10,17.979999542236328
2026-07-13,17.530000686645508
2026-07-14,17.670000076293945
2026-07-15,17.34000015258789
2026-07-16,17.459999084472656
2026-07-17,17.34000015258789
2026-07-20,16.84000015258789
2026-07-21,16.93000030517578
2026-07-22,16.479999542236328
2026-07-23,16.65999984741211
2026-07-24,16.459999084472656
2026-07-27,16.34000015258789
2026-07-28,16.579999923706055
2026-07-29,16.540000915527344
2026-07-30,17.3700008392334
2026-07-31,16.979999542236328
2026-08-03,17.5
2026-08-04,17.65999984741211
2026-08-05,17.520000457763672
2026-08-06,17.450000762939453
2026-08-07,17.440000534057617
2026-08-10,17.639999389648438
2026-08-11,17.549999237060547
2026-08-12,17.799999237060547
2026-08-13,17.520000457763672
2026-08-14,17.15999984741211
2026-08-17,17.149999618530273
2026-08-18,17.110000610351562
2026-08-19,17.079999923706055
2026-08-20,17.149999618530273
2026-08-21,17.8700008392334
2026-08-24,17.899999618530273
2026-08-25,17.950000762939453
2026-08-26,18.149999618530273
2026-08-27,18.239999771118164
2026-08-28,18.18000030517578
2026-08-31,18.059999465942383
2026-09-01,18.110000610351562
2026-09-02,18.040000915527344
2026-09-03,17.899999618530273
2026-09-04,18.15999984741211
2026-09-08,17.90999984741211
2026-09-09,17.850000381469727
2026-09-10,18.0
2026-09-11,17.5
2026-09-14,17.34000015258789
2026-09-15,17.40999984741211
2026-09-16,17.3700008392334
2026-09-17,17.549999237060547
2026-09-18,17.6299991607666
2026-09-21,17.40999984741211
2026-09-22,17.510000228881836
2026-09-23,17.31999969482422
2026-09-24,17.209999084472656
2026-09-25,17.270000457763672
2026-09-28,17.09000015258789
2026-09-29,17.139999389648438
2026-09-30,16.950000762939453
2026-10-01,16.84000015258789
2026-10-02,16.719999313354492
2026-10-05,16.899999618530273
2026-10-06,16.93000030517578
2026-10-07,16.8700008392334
