date,adjclose
2011-10-10,29.22686195373535
2011-10-11,29.523563385009766
2011-10-12,30.356382369995117
2011-10-13,30.080501556396484
2011-10-14,30.601022720336914
2011-10-17,29.398635864257812
2011-10-18,30.189817428588867
2011-10-19,29.867097854614258
2011-10-20,29.29973793029785
2011-10-21,29.955583572387695
2011-10-24,31.15797233581543
2011-10-25,30.538557052612305
2011-10-26,31.0434513092041
2011-10-27,32.86526107788086
2011-10-28,33.5783576965332
2011-10-31,32.46446228027344
2011-11-01,31.522336959838867
2011-11-02,32.16256332397461
2011-11-03,32.256256103515625
2011-11-04,32.2874870300293
2011-11-07,32.526920318603516
2011-11-08,32.91730499267578
2011-11-09,31.225645065307617
2011-11-10,31.43904685974121
2011-11-11,32.146949768066406
2011-11-14,31.761764526367188
2011-11-15,31.93353843688965
2011-11-16,31.454660415649414
2011-11-17,30.80922508239746
2011-11-18,30.73634910583496
2011-11-21,30.075307846069336
2011-11-22,29.74737548828125
2011-11-23,28.623071670532227
2011-11-25,28.263914108276367
2011-11-28,29.351787567138672
2011-11-29,29.039487838745117
2011-11-30,30.720735549926758
2011-12-01,31.168378829956055
2011-12-02,31.23604965209961
2011-12-05,32.0012092590332
2011-12-06,31.93874740600586
2011-12-07,31.81381607055664
2011-12-08,30.63745880126953
2011-12-09,31.386999130249023
2011-12-12,30.439668655395508
2011-12-13,30.007633209228516
2011-12-14,29.435075759887695
2011-12-15,29.455896377563477
2011-12-16,29.638059616088867
2011-12-19,28.987430572509766
2011-12-20,30.17852210998535
2011-12-21,30.09459686279297
2011-12-22,30.414533615112305
2011-12-23,30.592863082885742
2011-12-27,30.48272132873535
2011-12-28,29.659290313720703
2011-12-29,29.853334426879883
2011-12-30,30.099851608276367
2012-01-03,31.31139373779297
2012-01-04,31.426776885986328
2012-01-05,31.001955032348633
2012-01-06,30.69251251220703
2012-01-09,31.337608337402344
2012-01-10,31.98272705078125
2012-01-11,32.166290283203125
2012-01-12,32.58588409423828
2012-01-13,32.17678451538086
2012-01-17,32.94252395629883
2012-01-18,33.88657760620117
2012-01-19,33.986236572265625
2012-01-20,34.11736297607422
2012-01-23,34.358619689941406
2012-01-24,34.38484191894531
2012-01-25,35.06142807006836
2012-01-26,34.568416595458984
2012-01-27,34.65232849121094
2012-01-30,34.30617904663086
2012-01-31,34.40581512451172
2012-02-01,35.31840896606445
2012-02-02,35.5544319152832
2012-02-03,35.806182861328125
2012-02-06,35.73275375366211
2012-02-07,36.1313591003418
2012-02-08,36.15232849121094
2012-02-09,36.09464645385742
2012-02-10,35.34463119506836
2012-02-13,36.068424224853516
2012-02-14,35.543941497802734
2012-02-15,35.302677154541016
2012-02-16,35.911075592041016
2012-02-17,36.05268096923828
2012-02-21,36.0002326965332
2012-02-22,36.057926177978516
2012-02-23,36.021217346191406
2012-02-24,36.34639358520508
2012-02-27,36.03695297241211
2012-02-28,36.7502326965332
2012-02-29,36.283443450927734
2012-03-01,36.93379592895508
2012-03-02,36.87086486816406
2012-03-05,36.183799743652344
2012-03-06,34.9355354309082
2012-03-07,35.18204879760742
2012-03-08,35.6750602722168
2012-03-09,35.276451110839844
2012-03-12,34.757225036621094
2012-03-13,35.74848556518555
2012-03-14,35.57016372680664
2012-03-15,35.486244201660156
2012-03-16,35.433807373046875
2012-03-19,35.397090911865234
2012-03-20,34.91456604003906
2012-03-21,34.9093132019043
2012-03-22,34.30617904663086
2012-03-23,34.515953063964844
2012-03-26,35.092899322509766
2012-03-27,34.80442810058594
2012-03-28,34.049163818359375
2012-03-29,34.028194427490234
2012-03-30,33.91280746459961
2012-04-02,34.29043960571289
2012-04-03,33.96001052856445
2012-04-04,33.34636688232422
2012-04-05,33.341129302978516
2012-04-09,33.08412551879883
2012-04-10,32.43901824951172
2012-04-11,32.45475387573242
2012-04-12,33.36735534667969
2012-04-13,32.779945373535156
2012-04-16,32.57013702392578
2012-04-17,32.654056549072266
2012-04-18,32.47573471069336
2012-04-19,32.29216766357422
2012-04-20,32.58588409423828
2012-04-23,31.9040584564209
2012-04-24,32.0771369934082
2012-04-25,31.82538604736328
2012-04-26,31.97747802734375
2012-04-27,31.888320922851562
2012-04-30,31.6050968170166
2012-05-01,31.78343391418457
2012-05-02,31.631328582763672
2012-05-03,31.484474182128906
2012-05-04,30.72922706604004
2012-05-07,30.865591049194336
2012-05-08,30.225725173950195
2012-05-09,29.76418685913086
2012-05-10,29.94774055480957
2012-05-11,29.64879608154297
2012-05-14,28.452983856201172
2012-05-15,27.902278900146484
2012-05-16,27.849828720092773
2012-05-17,27.042133331298828
2012-05-18,27.031658172607422
2012-05-21,27.592830657958984
2012-05-22,26.82709503173828
2012-05-23,26.863807678222656
2012-05-24,26.811365127563477
2012-05-25,27.346336364746094
2012-05-29,27.619056701660156
2012-05-30,27.031658172607422
2012-05-31,27.293888092041016
2012-06-01,26.612062454223633
2012-06-04,26.543872833251953
2012-06-05,26.654020309448242
2012-06-06,27.293888092041016
2012-06-07,27.687244415283203
2012-06-08,27.293888092041016
2012-06-11,26.654020309448242
2012-06-12,27.047378540039062
2012-06-13,27.0631160736084
2012-06-14,27.173263549804688
2012-06-15,27.503665924072266
2012-06-18,27.577112197875977
2012-06-19,28.5841064453125
2012-06-20,28.374313354492188
2012-06-21,27.38360023498535
2012-06-22,27.14822769165039
2012-06-25,26.39931297302246
2012-06-26,26.43674659729004
2012-06-27,26.377914428710938
2012-06-28,26.24953269958496
2012-06-29,27.656415939331055
2012-07-02,28.127174377441406
2012-07-03,28.56581687927246
2012-07-05,28.4802188873291
2012-07-06,27.907838821411133
2012-07-09,27.693866729736328
2012-07-10,27.233810424804688
2012-07-11,27.169635772705078
2012-07-12,26.971698760986328
2012-07-13,27.447803497314453
2012-07-16,27.303361892700195
2012-07-17,27.586872100830078
2012-07-18,27.774106979370117
2012-07-19,28.19136619567871
2012-07-20,27.66712760925293
2012-07-23,26.94495391845703
2012-07-24,26.7951717376709
2012-07-25,26.763072967529297
2012-07-26,27.651071548461914
2012-07-27,28.651409149169922
2012-07-30,28.608623504638672
2012-07-31,28.057628631591797
2012-08-01,28.164627075195312
2012-08-02,27.80620765686035
2012-08-03,28.608623504638672
2012-08-06,28.99912452697754
2012-08-07,29.020523071289062
2012-08-08,29.427082061767578
2012-08-09,29.42172622680664
2012-08-10,29.683855056762695
2012-08-13,29.469877243041992
2012-08-14,29.0526180267334
2012-08-15,29.181005477905273
2012-08-16,29.689193725585938
2012-08-17,29.61964988708496
2012-08-20,29.625001907348633
2012-08-21,29.336132049560547
2012-08-22,29.443124771118164
2012-08-23,28.972373962402344
2012-08-24,29.020523071289062
2012-08-27,28.731651306152344
2012-08-28,28.662113189697266
2012-08-29,28.196714401245117
2012-08-30,27.993440628051758
2012-08-31,28.202058792114258
2012-09-04,27.688518524169922
2012-09-05,27.95064353942871
2012-09-06,28.769094467163086
2012-09-07,29.571510314941406
2012-09-10,28.934934616088867
2012-09-11,29.336132049560547
2012-09-12,29.330793380737305
2012-09-13,30.20809555053711
2012-09-14,30.523706436157227
2012-09-17,30.21343994140625
2012-09-18,30.21879005432129
2012-09-19,30.101104736328125
2012-09-20,30.026208877563477
2012-09-21,29.919219970703125
2012-09-24,29.935258865356445
2012-09-25,29.298683166503906
2012-09-26,29.223796844482422
2012-09-27,29.2933349609375
2012-09-28,28.918880462646484
2012-10-01,29.1756534576416
2012-10-02,29.191694259643555
2012-10-03,28.88678550720215
2012-10-04,29.07936668395996
2012-10-05,29.004474639892578
2012-10-08,29.287992477416992
2012-10-09,29.031221389770508
2012-10-10,28.795846939086914
2012-10-11,29.0258731842041
2012-10-12,28.88678550720215
2012-10-15,29.207746505737305
2012-10-16,29.336132049560547
2012-10-17,29.518022537231445
2012-10-18,29.48591423034668
2012-10-19,29.095409393310547
2012-10-22,29.27728843688965
2012-10-23,28.52838134765625
2012-10-24,28.4802188873291
2012-10-25,28.785146713256836
2012-10-26,28.68351173400879
2012-10-31,28.53907585144043
2012-11-01,29.100757598876953
2012-11-02,28.972373962402344
2012-11-05,29.1114559173584
2012-11-06,29.34683609008789
2012-11-07,28.918880462646484
2012-11-08,28.453481674194336
2012-11-09,28.228805541992188
2012-11-12,28.084373474121094
2012-11-13,27.838300704956055
2012-11-14,27.42105484008789
2012-11-15,27.394306182861328
2012-11-16,27.31406021118164
2012-11-19,27.75271224975586
2012-11-20,27.774106979370117
2012-11-21,27.554784774780273
2012-11-23,27.902494430541992
2012-11-26,27.848995208740234
2012-11-27,27.51198959350586
2012-11-28,27.560131072998047
2012-11-29,27.75271224975586
2012-11-30,27.59222412109375
2012-12-03,27.554784774780273
2012-12-04,27.52803611755371
2012-12-05,27.99878692626953
2012-12-06,28.228805541992188
2012-12-07,28.3892879486084
2012-12-10,28.640710830688477
2012-12-11,28.892133712768555
2012-12-12,28.913530349731445
2012-12-13,28.710256576538086
2012-12-14,28.988422393798828
2012-12-17,28.934934616088867
2012-12-18,29.280799865722656
2012-12-19,29.679479598999023
2012-12-20,29.921905517578125
2012-12-21,29.614831924438477
2012-12-24,29.539400100708008
2012-12-26,29.727964401245117
2012-12-27,29.93802833557129
2012-12-28,29.840824127197266
2012-12-31,30.208023071289062
2013-01-02,30.758838653564453
2013-01-03,30.9532470703125
2013-01-04,30.877643585205078
2013-01-07,30.704837799072266
2013-01-08,30.29444122314453
2013-01-09,30.47802734375
2013-01-10,30.769638061523438
2013-01-11,30.461835861206055
2013-01-14,30.60763168334961
2013-01-15,30.51044273376465
2013-01-16,30.418628692626953
2013-01-17,30.69942855834961
2013-01-18,30.694042205810547
2013-01-22,30.683238983154297
2013-01-23,30.694042205810547
2013-01-24,30.618436813354492
2013-01-25,30.656238555908203
2013-01-28,30.569835662841797
2013-01-29,30.888442993164062
2013-01-30,30.548240661621094
2013-01-31,30.656238555908203
2013-02-01,30.823644638061523
2013-02-04,30.40242576599121
2013-02-05,30.30523681640625
2013-02-06,30.299835205078125
2013-02-07,30.22962760925293
2013-02-08,30.208023071289062
2013-02-11,30.14862823486328
2013-02-12,30.186420440673828
2013-02-13,30.461835861206055
2013-02-14,30.321441650390625
2013-02-15,30.332237243652344
2013-02-19,30.41322898864746
2013-02-20,29.7490177154541
2013-02-21,29.29541778564453
2013-02-22,29.60321617126465
2013-02-25,29.268423080444336
2013-02-26,29.516820907592773
2013-02-27,29.71661376953125
2013-02-28,29.770626068115234
2013-03-01,29.808429718017578
2013-03-04,29.581621170043945
2013-03-05,29.754426956176758
2013-03-06,30.47802734375
2013-03-07,30.937040328979492
2013-03-08,31.13144874572754
2013-03-11,30.920835494995117
2013-03-12,30.802030563354492
2013-03-13,30.397031784057617
2013-03-14,30.251232147216797
2013-03-15,30.094633102416992
2013-03-18,29.873218536376953
2013-03-19,29.732816696166992
2013-03-20,29.560026168823242
2013-03-21,29.07941436767578
2013-03-22,28.998414993286133
2013-03-25,28.83101463317871
2013-03-26,29.003808975219727
2013-03-27,29.28461456298828
2013-03-28,29.419620513916016
2013-04-01,29.14421272277832
2013-04-02,28.939010620117188
2013-04-03,28.809415817260742
2013-04-04,28.744609832763672
2013-04-05,29.21981430053711
2013-04-08,29.19820213317871
2013-04-09,29.77602195739746
2013-04-10,30.083833694458008
2013-04-11,29.808429718017578
2013-04-12,29.689620971679688
2013-04-15,28.57181167602539
2013-04-16,29.003808975219727
2013-04-17,28.355812072753906
2013-04-18,28.31800079345703
2013-04-19,28.72841453552246
2013-04-22,28.685209274291992
2013-04-23,29.030803680419922
2013-04-24,29.317020416259766
2013-04-25,29.46282196044922
2013-04-26,29.009212493896484
2013-04-29,29.246814727783203
2013-04-30,29.781431198120117
2013-05-01,29.414213180541992
2013-05-02,29.527612686157227
2013-05-03,29.59781837463379
2013-05-06,29.560026168823242
2013-05-07,30.008228302001953
2013-05-08,30.062227249145508
2013-05-09,29.824630737304688
2013-05-10,29.59781837463379
2013-05-13,29.554616928100586
2013-05-14,29.376420974731445
2013-05-15,29.39261817932129
2013-05-16,29.387208938598633
2013-05-17,29.4088134765625
2013-05-20,29.662626266479492
2013-05-21,29.846233367919922
2013-05-22,29.651830673217773
2013-05-23,29.51141929626465
2013-05-24,29.47362518310547
2013-05-28,29.327817916870117
2013-05-29,28.296409606933594
2013-05-30,28.28019905090332
2013-05-31,27.480993270874023
2013-06-03,27.799591064453125
2013-06-04,27.610593795776367
2013-06-05,27.081384658813477
2013-06-06,27.221784591674805
2013-06-07,26.854583740234375
2013-06-10,26.5629825592041
2013-06-11,26.044570922851562
2013-06-12,25.536958694458008
2013-06-13,26.066164016723633
2013-06-14,25.720577239990234
2013-06-17,25.585561752319336
2013-06-18,25.42896270751953
2013-06-19,24.51095199584961
2013-06-20,23.727937698364258
2013-06-21,23.727937698364258
2013-06-24,23.258129119873047
2013-06-25,23.636137008666992
2013-06-26,24.073545455932617
2013-06-27,24.383502960205078
2013-06-28,24.146760940551758
2013-07-01,24.108226776123047
2013-07-02,23.304428100585938
2013-07-03,23.14478302001953
2013-07-05,22.830970764160156
2013-07-08,22.82546043395996
2013-07-09,23.106243133544922
2013-07-10,22.858497619628906
2013-07-11,23.640262603759766
2013-07-12,23.28241539001465
2013-07-15,23.93755340576172
2013-07-16,23.83295249938965
2013-07-17,24.218338012695312
2013-07-18,24.333948135375977
2013-07-19,24.06968879699707
2013-07-22,24.515636444091797
2013-07-23,24.862470626831055
2013-07-24,24.383502960205078
2013-07-25,24.64225196838379
2013-07-26,24.58719825744629
2013-07-29,24.333948135375977
2013-07-30,24.042160034179688
2013-07-31,23.94856071472168
2013-08-01,24.163278579711914
2013-08-02,24.201814651489258
2013-08-05,23.83295249938965
2013-08-06,23.552175521850586
2013-08-07,23.376012802124023
2013-08-08,24.124746322631836
2013-08-09,24.559669494628906
2013-08-12,24.60921287536621
2013-08-13,24.455060958862305
2013-08-14,24.2954158782959
2013-08-15,24.196311950683594
2013-08-16,23.750377655029297
2013-08-19,23.392528533935547
2013-08-20,23.188825607299805
2013-08-21,22.715356826782227
2013-08-22,23.100730895996094
2013-08-23,24.102720260620117
2013-08-26,23.695316314697266
2013-08-27,23.398027420043945
2013-08-28,23.353986740112305
2013-08-29,23.320960998535156
2013-08-30,23.33746337890625
2013-09-03,23.629255294799805
2013-09-04,23.794414520263672
2013-09-05,24.366979598999023
2013-09-06,24.934043884277344
2013-09-09,25.836929321289062
2013-09-10,25.891977310180664
2013-09-11,25.770862579345703
2013-09-12,25.47356605529785
2013-09-13,25.69378662109375
2013-09-16,25.72681427001953
2013-09-17,26.051645278930664
2013-09-18,27.37294578552246
2013-09-19,27.27935028076172
2013-09-20,26.712297439575195
2013-09-23,26.97654914855957
2013-09-24,26.94352149963379
2013-09-25,26.563642501831055
2013-09-26,26.536117553710938
2013-09-27,26.392972946166992
2013-09-30,26.37645721435547
2013-10-01,26.62970733642578
2013-10-02,26.915992736816406
2013-10-03,26.646228790283203
2013-10-04,26.717792510986328
2013-10-07,26.712297439575195
2013-10-08,26.5416202545166
2013-10-09,26.679256439208984
2013-10-10,27.16923713684082
2013-10-11,27.400466918945312
2013-10-14,27.769330978393555
2013-10-15,27.565637588500977
2013-10-16,27.802356719970703
2013-10-17,28.0225772857666
2013-10-18,27.912473678588867
2013-10-21,28.088647842407227
2013-10-22,28.413461685180664
2013-10-23,27.730785369873047
2013-10-24,27.521583557128906
2013-10-25,27.65921974182129
2013-10-28,28.04460906982422
2013-10-29,28.06111717224121
2013-10-30,28.03910255432129
2013-10-31,27.615182876586914
2013-11-01,27.317880630493164
2013-11-04,27.538103103637695
2013-11-05,26.750829696655273
2013-11-06,26.750829696655273
2013-11-07,26.051645278930664
2013-11-08,25.886484146118164
2013-11-11,25.847936630249023
2013-11-12,25.51210594177246
2013-11-13,25.8314208984375
2013-11-14,26.40398597717285
2013-11-15,26.756330490112305
2013-11-18,27.130701065063477
2013-11-19,26.64072036743164
2013-11-20,26.20578956604004
2013-11-21,26.11770248413086
2013-11-22,26.497581481933594
2013-11-25,26.12871742248535
2013-11-26,25.91400146484375
2013-11-27,25.600194931030273
2013-11-29,25.847936630249023
2013-12-02,24.95606231689453
2013-12-03,24.620229721069336
2013-12-04,24.50461196899414
2013-12-05,24.5651798248291
2013-12-06,24.8955020904541
2013-12-09,25.0606632232666
2013-12-10,25.14324951171875
2013-12-11,24.366979598999023
2013-12-12,24.47709083557129
2013-12-13,24.411026000976562
2013-12-16,24.488100051879883
2013-12-17,24.521135330200195
2013-12-18,24.93286895751953
2013-12-19,24.581392288208008
2013-12-20,24.218748092651367
2013-12-23,24.60370445251465
2013-12-24,24.74317741394043
2013-12-26,24.536752700805664
2013-12-27,24.93286895751953
2013-12-30,24.75433349609375
2013-12-31,24.927291870117188
2014-01-02,24.096012115478516
2014-01-03,24.229900360107422
2014-01-06,23.94537353515625
2014-01-07,23.94537353515625
2014-01-08,23.716629028320312
2014-01-09,23.420940399169922
2014-01-10,23.817054748535156
2014-01-13,23.571575164794922
2014-01-14,23.800317764282227
2014-01-15,23.800317764282227
2014-01-16,23.644100189208984
2014-01-17,23.54926109313965
2014-01-21,23.298202514648438
2014-01-22,23.571575164794922
2014-01-23,22.980195999145508
2014-01-24,22.299551010131836
2014-01-27,22.310707092285156
2014-01-28,22.344179153442383
2014-01-29,21.875537872314453
2014-01-30,22.115440368652344
2014-01-31,21.89227294921875
2014-02-03,21.217206954956055
2014-02-04,21.847644805908203
2014-02-05,21.80301284790039
2014-02-06,22.517135620117188
2014-02-07,22.6733455657959
2014-02-10,22.310707092285156
2014-02-11,22.734718322753906
2014-02-12,22.327442169189453
2014-02-13,22.60639762878418
2014-02-14,22.6733455657959
2014-02-18,22.054065704345703
2014-02-19,22.193546295166016
2014-02-20,22.439022064208984
2014-02-21,22.74028968811035
2014-02-24,22.734718322753906
2014-02-25,22.539443969726562
2014-02-26,22.522714614868164
2014-02-27,23.225671768188477
2014-02-28,22.87419319152832
2014-03-03,22.288387298583984
2014-03-04,22.634292602539062
2014-03-05,22.779342651367188
2014-03-06,23.03040885925293
2014-03-07,22.494810104370117
2014-03-10,22.109853744506836
2014-03-11,21.970386505126953
2014-03-12,22.137752532958984
2014-03-13,21.881120681762695
2014-03-14,21.819747924804688
2014-03-17,21.987119674682617
2014-03-18,22.522714614868164
2014-03-19,22.61197853088379
2014-03-20,23.14198112487793
2014-03-21,23.24798583984375
2014-03-24,23.521364212036133
2014-03-25,23.811473846435547
2014-03-26,23.722209930419922
2014-03-27,24.821287155151367
2014-03-28,25.033287048339844
2014-03-31,25.128145217895508
2014-04-01,25.189502716064453
2014-04-02,25.797624588012695
2014-04-03,25.485191345214844
2014-04-04,25.74741554260254
2014-04-07,26.439224243164062
2014-04-08,26.383424758911133
2014-04-09,26.30532455444336
2014-04-10,26.177001953125
2014-04-11,26.439224243164062
2014-04-14,26.361112594604492
2014-04-15,25.630252838134766
2014-04-16,26.004051208496094
2014-04-17,26.500593185424805
2014-04-21,26.383424758911133
2014-04-22,26.30532455444336
2014-04-23,26.266267776489258
2014-04-24,26.483850479125977
2014-04-25,26.05984115600586
2014-04-28,26.210481643676758
2014-04-29,26.361112594604492
2014-04-30,26.243955612182617
2014-05-01,26.143529891967773
2014-05-02,27.04733657836914
2014-05-05,26.846487045288086
2014-05-06,27.164499282836914
2014-05-07,27.443452835083008
2014-05-08,27.197975158691406
2014-05-09,27.080810546875
2014-05-12,27.482500076293945
2014-05-13,27.393239974975586
2014-05-14,27.716821670532227
2014-05-15,27.337446212768555
2014-05-16,27.493661880493164
2014-05-19,27.25933837890625
2014-05-20,26.673540115356445
2014-05-21,26.796279907226562
2014-05-22,26.902280807495117
2014-05-23,26.6846981048584
2014-05-27,26.266267776489258
2014-05-28,26.58428192138672
2014-05-29,26.500593185424805
2014-05-30,25.937095642089844
2014-06-02,25.663734436035156
2014-06-03,25.82551383972168
2014-06-04,25.6135196685791
2014-06-05,25.814355850219727
2014-06-06,26.679119110107422
2014-06-09,27.4769229888916
2014-06-10,27.588510513305664
2014-06-11,27.744722366333008
2014-06-12,27.52155876159668
2014-06-13,27.694507598876953
2014-06-16,27.532712936401367
2014-06-17,27.298397064208984
2014-06-18,27.88419532775879
2014-06-19,27.59408187866211
2014-06-20,27.649879455566406
2014-06-23,27.61639976501465
2014-06-24,27.48808479309082
2014-06-25,27.415815353393555
2014-06-26,27.472719192504883
2014-06-27,27.375986099243164
2014-06-30,27.188209533691406
2014-07-01,27.24510955810547
2014-07-02,26.926454544067383
2014-07-03,27.222347259521484
2014-07-07,27.256488800048828
2014-07-08,27.171127319335938
2014-07-09,27.57514190673828
2014-07-10,27.6434326171875
2014-07-11,27.76862144470215
2014-07-14,28.337644577026367
2014-07-15,28.292123794555664
2014-07-16,28.172624588012695
2014-07-17,27.69463348388672
2014-07-18,28.62215232849121
2014-07-21,29.065996170043945
2014-07-22,29.40741729736328
2014-07-23,29.00910186767578
2014-07-24,29.287919998168945
2014-07-25,29.054616928100586
2014-07-28,29.088764190673828
2014-07-29,28.74734878540039
2014-07-30,28.405920028686523
2014-07-31,27.597902297973633
2014-08-01,27.74016761779785
2014-08-04,27.945011138916016
2014-08-05,27.54669189453125
2014-08-06,27.74016761779785
2014-08-07,27.387365341186523
2014-08-08,27.30769920349121
2014-08-11,27.8938045501709
2014-08-12,27.785682678222656
2014-08-13,27.381671905517578
2014-08-14,27.54669189453125
2014-08-15,28.12141227722168
2014-08-18,28.508346557617188
2014-08-19,29.00910186767578
2014-08-20,29.043237686157227
2014-08-21,29.043237686157227
2014-08-22,28.68474769592285
2014-08-25,29.094453811645508
2014-08-26,29.578121185302734
2014-08-27,30.26095962524414
2014-08-28,30.02197265625
2014-08-29,30.55685806274414
2014-09-02,30.670656204223633
2014-09-03,30.727561950683594
2014-09-04,30.21544075012207
2014-09-05,30.24958038330078
2014-09-08,29.25947380065918
2014-09-09,28.616470336914062
2014-09-10,28.337644577026367
2014-09-11,28.428695678710938
2014-09-12,27.205276489257812
2014-09-15,27.52393341064453
2014-09-16,28.34333610534668
2014-09-17,27.933631896972656
2014-09-18,27.52393341064453
2014-09-19,27.171127319335938
2014-09-22,26.465538024902344
2014-09-23,26.294830322265625
2014-09-24,26.63055419921875
2014-09-25,25.845294952392578
2014-09-26,26.454153060913086
2014-09-29,24.877946853637695
2014-09-30,24.724313735961914
2014-10-01,23.848005294799805
2014-10-02,24.05854034423828
2014-10-03,24.68448257446289
2014-10-06,26.192398071289062
2014-10-07,26.585039138793945
2014-10-08,26.715909957885742
2014-10-09,26.636245727539062
2014-10-10,25.469736099243164
2014-10-13,26.89800262451172
2014-10-14,26.926454544067383
2014-10-15,25.549407958984375
2014-10-16,24.627580642700195
2014-10-17,25.651823043823242
2014-10-20,24.701549530029297
2014-10-21,23.722820281982422
2014-10-22,23.52935028076172
2014-10-23,22.67011070251465
2014-10-24,23.6545352935791
2014-10-27,22.379907608032227
2014-10-28,23.495208740234375
2014-10-29,23.3870906829834
2014-10-30,24.325992584228516
2014-10-31,24.604808807373047
2014-11-03,23.99595069885254
2014-11-04,24.132522583007812
2014-11-05,23.916288375854492
2014-11-06,22.977394104003906
2014-11-07,23.318809509277344
2014-11-10,23.085506439208984
2014-11-11,23.05705451965332
2014-11-12,23.05705451965332
2014-11-13,22.5620059967041
2014-11-14,22.35146141052246
2014-11-17,22.135231018066406
2014-11-18,22.62459373474121
2014-11-19,23.28466796875
2014-11-20,23.40416717529297
2014-11-21,25.00882339477539
2014-11-24,24.263391494750977
2014-11-25,24.291847229003906
2014-11-26,24.610502243041992
2014-11-28,23.813861846923828
2014-12-01,22.829442977905273
2014-12-02,22.48802947998047
2014-12-03,22.68718719482422
2014-12-04,22.266103744506836
2014-12-05,22.379907608032227
2014-12-08,21.57758140563965
2014-12-09,21.611724853515625
2014-12-10,21.179264068603516
2014-12-11,20.849220275878906
2014-12-12,20.28588104248047
2014-12-15,19.546144485473633
2014-12-16,19.24456024169922
2014-12-17,20.176773071289062
2014-12-18,20.539749145507812
2014-12-19,20.747159957885742
2014-12-22,21.09284782409668
2014-12-23,21.012191772460938
2014-12-24,21.064044952392578
2014-12-26,21.023710250854492
2014-12-29,21.046756744384766
2014-12-30,21.179269790649414
2014-12-31,21.069801330566406
2015-01-02,20.372661590576172
2015-01-05,19.67552375793457
2015-01-06,20.02696990966797
2015-01-07,20.568553924560547
2015-01-08,20.896963119506836
2015-01-09,20.839344024658203
2015-01-12,20.349618911743164
2015-01-13,20.574316024780273
2015-01-14,20.7817325592041
2015-01-15,20.47060775756836
2015-01-16,21.156230926513672
2015-01-20,20.80477523803711
2015-01-21,21.496158599853516
2015-01-22,21.841842651367188
2015-01-23,21.20231819152832
2015-01-26,21.046756744384766
2015-01-27,21.300270080566406
2015-01-28,20.724111557006836
2015-01-29,20.74139404296875
2015-01-30,19.767711639404297
2015-02-02,19.998165130615234
2015-02-03,20.562795639038086
2015-02-04,20.292003631591797
2015-02-05,20.453325271606445
2015-02-06,19.831077575683594
2015-02-09,20.084592819213867
2015-02-10,19.49691390991211
2015-02-11,19.116653442382812
2015-02-12,19.86565589904785
2015-02-13,20.194053649902344
2015-02-17,20.378421783447266
2015-02-18,20.38994598388672
2015-02-19,20.153724670410156
2015-02-20,20.084592819213867
2015-02-23,20.021209716796875
2015-02-24,20.6088809967041
2015-02-25,20.24590301513672
2015-02-26,20.11915397644043
2015-02-27,20.384187698364258
2015-03-02,19.877172470092773
2015-03-03,19.72161293029785
2015-03-04,19.162750244140625
2015-03-05,18.89771842956543
2015-03-06,18.396465301513672
2015-03-09,17.728132247924805
2015-03-10,17.54952621459961
2015-03-11,17.63595199584961
2015-03-12,17.491914749145508
2015-03-13,16.8869571685791
2015-03-16,17.007946014404297
2015-03-17,17.54952621459961
2015-03-18,18.056537628173828
2015-03-19,17.411251068115234
2015-03-20,18.17177391052246
2015-03-23,18.534748077392578
2015-03-24,18.523223876953125
2015-03-25,18.229387283325195
2015-03-26,17.83759880065918
2015-03-27,17.451583862304688
2015-03-30,17.912506103515625
2015-03-31,18.073823928833008
2015-04-01,18.58083724975586
2015-04-02,19.151226043701172
2015-04-06,19.398969650268555
2015-04-07,19.301025390625
2015-04-08,19.744657516479492
2015-04-09,19.698562622070312
2015-04-10,19.848365783691406
2015-04-13,19.468109130859375
2015-04-14,19.80803680419922
2015-04-15,20.303525924682617
2015-04-16,20.326568603515625
2015-04-17,19.894458770751953
2015-04-20,19.877172470092773
2015-04-21,19.87141227722168
2015-04-22,20.384187698364258
2015-04-23,20.896963119506836
2015-04-24,21.41549301147461
2015-04-27,21.208084106445312
2015-04-28,21.225366592407227
2015-04-29,20.971858978271484
2015-04-30,20.86239242553711
2015-05-01,20.86239242553711
2015-05-04,20.816299438476562
2015-05-05,21.08132553100586
2015-05-06,20.92000961303711
2015-05-07,21.012191772460938
2015-05-08,21.427017211914062
2015-05-11,20.954570770263672
2015-05-12,21.040996551513672
2015-05-13,20.79901695251465
2015-05-14,21.208084106445312
2015-05-15,21.39244270324707
2015-05-18,20.816299438476562
2015-05-19,20.47636604309082
2015-05-20,20.510934829711914
2015-05-21,20.297760009765625
2015-05-22,19.704326629638672
2015-05-26,19.035995483398438
2015-05-27,19.266456604003906
2015-05-28,19.105133056640625
2015-05-29,18.59235954284668
2015-06-01,18.719114303588867
2015-06-02,19.352880477905273
2015-06-03,19.168508529663086
2015-06-04,18.891956329345703
2015-06-05,18.851627349853516
2015-06-08,19.041751861572266
2015-06-09,19.11089324951172
2015-06-10,19.375925064086914
2015-06-11,19.387447357177734
2015-06-12,19.22036361694336
2015-06-15,19.064804077148438
2015-06-16,19.48539161682129
2015-06-17,19.543006896972656
2015-06-18,19.894458770751953
2015-06-19,19.473865509033203
2015-06-22,19.640953063964844
2015-06-23,19.65823745727539
2015-06-24,19.49691390991211
2015-06-25,19.127853393554688
2015-06-26,19.409488677978516
2015-06-29,19.080907821655273
2015-06-30,19.227598190307617
2015-07-01,18.928359985351562
2015-07-02,19.350818634033203
2015-07-06,18.717134475708008
2015-07-07,18.640857696533203
2015-07-08,18.04824447631836
2015-07-09,18.24773406982422
2015-07-10,18.811010360717773
2015-07-13,19.133718490600586
2015-07-14,19.192392349243164
2015-07-15,19.04570960998535
2015-07-16,18.969432830810547
2015-07-17,18.494171142578125
2015-07-20,18.271207809448242
2015-07-21,18.359222412109375
2015-07-22,17.872220993041992
2015-07-23,17.144657135009766
2015-07-24,16.72220230102539
2015-07-27,16.45816993713379
2015-07-28,16.73980712890625
2015-07-29,17.068378448486328
2015-07-30,16.728069305419922
2015-07-31,16.83368492126465
2015-08-03,16.452301025390625
2015-08-04,16.428829193115234
2015-08-05,16.29387855529785
2015-08-06,15.965299606323242
2015-08-07,15.713001251220703
2015-08-10,16.276275634765625
2015-08-11,15.83621883392334
2015-08-12,15.713001251220703
2015-08-13,15.355088233947754
2015-08-14,15.425498962402344
2015-08-17,15.349218368530273
2015-08-18,15.466570854187012
2015-08-19,15.10865592956543
2015-08-20,15.261209487915039
2015-08-21,14.727274894714355
2015-08-24,14.087723731994629
2015-08-25,13.964505195617676
2015-08-26,14.52778148651123
2015-08-27,15.243608474731445
2015-08-28,14.897428512573242
2015-08-31,14.598191261291504
2015-09-01,13.923434257507324
2015-09-02,14.046650886535645
2015-09-03,14.216804504394531
2015-09-04,13.553787231445312
2015-09-08,13.829551696777344
2015-09-09,13.78261661529541
2015-09-10,13.58311939239502
2015-09-11,13.43643856048584
2015-09-14,13.946906089782715
2015-09-15,13.841287612915039
2015-09-16,14.328290939331055
2015-09-17,14.163996696472168
2015-09-18,13.336687088012695
2015-09-21,13.20760726928711
2015-09-22,12.849695205688477
2015-09-23,12.315752983093262
2015-09-24,12.773416519165039
2015-09-25,12.69714069366455
2015-09-28,12.110397338867188
2015-09-29,12.30988597869873
2015-09-30,12.879029273986816
2015-10-01,12.873163223266602
2015-10-02,13.506845474243164
2015-10-05,13.858891487121582
2015-10-06,13.993843078613281
2015-10-07,14.263744354248047
2015-10-08,14.645129203796387
2015-10-09,14.815282821655273
2015-10-12,14.486706733703613
2015-10-13,13.735678672790527
2015-10-14,13.876493453979492
2015-10-15,14.052515983581543
2015-10-16,13.923434257507324
2015-10-19,13.817815780639648
2015-10-20,13.60659122467041
2015-10-21,13.430567741394043
2015-10-22,13.888230323791504
2015-10-23,13.847151756286621
2015-10-26,13.665267944335938
2015-10-27,13.5889892578125
2015-10-28,13.471641540527344
2015-10-29,13.366026878356934
2015-10-30,13.418835639953613
2015-11-02,13.753276824951172
2015-11-03,14.533646583557129
2015-11-04,14.152263641357422
2015-11-05,14.351759910583496
2015-11-06,14.140527725219727
2015-11-09,13.706339836120605
2015-11-10,13.952774047851562
2015-11-11,14.246142387390137
2015-11-12,13.89996337890625
2015-11-13,13.630062103271484
2015-11-16,14.058378219604492
2015-11-17,14.01144790649414
2015-11-18,14.439767837524414
2015-11-19,14.744874954223633
2015-11-20,14.950240135192871
2015-11-23,14.58059024810791
2015-11-24,14.803550720214844
2015-11-25,14.117061614990234
2015-11-27,13.694602966308594
2015-11-30,13.213476181030273
2015-12-01,13.248682022094727
2015-12-02,13.577256202697754
2015-12-03,14.029045104980469
2015-12-04,13.776749610900879
2015-12-07,13.665267944335938
2015-12-08,13.677001953125
2015-12-09,14.023181915283203
2015-12-10,13.430567741394043
2015-12-11,13.184137344360352
2015-12-14,13.137197494506836
2015-12-15,13.125463485717773
2015-12-16,13.407100677490234
2015-12-17,13.049184799194336
2015-12-18,12.450705528259277
2015-12-21,12.304169654846191
2015-12-22,12.416893005371094
2015-12-23,12.772843360900879
2015-12-24,12.749115943908691
2015-12-28,12.885564804077148
2015-12-29,12.814373016357422
2015-12-30,12.333833694458008
2015-12-31,12.268575668334961
2016-01-04,11.829566955566406
2016-01-05,11.995677947998047
2016-01-06,11.817697525024414
2016-01-07,11.378689765930176
2016-01-08,11.325297355651855
2016-01-11,11.230376243591309
2016-01-12,11.283768653869629
2016-01-13,11.022734642028809
2016-01-14,11.301565170288086
2016-01-15,10.880352020263672
2016-01-19,10.815094947814941
2016-01-20,10.554060935974121
2016-01-21,10.281163215637207
2016-01-22,10.726107597351074
2016-01-25,10.459137916564941
2016-01-26,10.643049240112305
2016-01-27,10.785432815551758
2016-01-28,10.969339370727539
2016-01-29,11.764309883117676
2016-02-01,11.793970108032227
2016-02-02,11.028666496276855
2016-02-03,11.69904899597168
2016-02-04,12.191452026367188
2016-02-05,11.900754928588867
2016-02-08,11.621926307678223
2016-02-09,11.461745262145996
2016-02-10,11.704980850219727
2016-02-11,11.212576866149902
2016-02-12,11.47360897064209
2016-02-16,11.55666732788086
2016-02-17,11.989745140075684
2016-02-18,11.681249618530273
2016-02-19,11.75244140625
2016-02-22,12.517745971679688
2016-02-23,12.191452026367188
2016-02-24,12.096528053283691
2016-02-25,12.078736305236816
2016-02-26,11.87109375
2016-02-29,12.155858039855957
2016-03-01,12.796577453613281
2016-03-02,13.116936683654785
2016-03-03,14.083948135375977
2016-03-04,14.825517654418945
2016-03-07,14.718729972839355
2016-03-08,14.783988952636719
2016-03-09,14.950102806091309
2016-03-10,15.40691089630127
2016-03-11,15.51962947845459
2016-03-14,15.06875228881836
2016-03-15,14.107678413391113
2016-03-16,14.416165351867676
2016-03-17,15.69167709350586
2016-03-18,15.899314880371094
2016-03-21,15.964576721191406
2016-03-22,15.976441383361816
2016-03-23,15.228937149047852
2016-03-24,15.234869956970215
2016-03-28,15.828121185302734
2016-03-29,15.863717079162598
2016-03-30,15.934910774230957
2016-03-31,15.602686882019043
2016-04-01,15.952707290649414
2016-04-04,15.157739639282227
2016-04-05,15.062816619873047
2016-04-06,14.932303428649902
2016-04-07,14.807721138000488
2016-04-08,15.756929397583008
2016-04-11,16.13068962097168
2016-04-12,16.670547485351562
2016-04-13,17.15702247619629
2016-04-14,16.93751335144043
2016-04-15,16.961246490478516
2016-04-18,16.4510440826416
2016-04-19,17.103628158569336
2016-04-20,16.943445205688477
2016-04-21,16.676483154296875
2016-04-22,16.63495635986328
2016-04-25,16.409515380859375
2016-04-26,16.92565155029297
2016-04-27,17.346864700317383
2016-04-28,17.376527786254883
2016-04-29,17.507043838500977
2016-05-02,17.18075180053711
2016-05-03,16.433250427246094
2016-05-04,16.68834686279297
2016-05-05,16.397653579711914
2016-05-06,16.587491989135742
2016-05-09,16.302724838256836
2016-05-10,17.19261932373047
2016-05-11,17.222280502319336
2016-05-12,17.228212356567383
2016-05-13,16.492572784423828
2016-05-16,16.605295181274414
2016-05-17,16.3323917388916
2016-05-18,15.875588417053223
2016-05-19,15.70947551727295
2016-05-20,15.934910774230957
2016-05-23,15.45437240600586
2016-05-24,15.567092895507812
2016-05-25,15.484039306640625
2016-05-26,15.626416206359863
2016-05-27,15.306052207946777
2016-05-31,15.092486381530762
2016-06-01,15.347583770751953
2016-06-02,15.685741424560547
2016-06-03,16.17221450805664
2016-06-06,16.2137393951416
2016-06-07,16.3917179107666
2016-06-08,17.222280502319336
2016-06-09,16.890056610107422
2016-06-10,16.14255142211914
2016-06-13,15.994236946105957
2016-06-14,15.673877716064453
2016-06-15,15.845926284790039
2016-06-16,16.017963409423828
2016-06-17,16.27899742126465
2016-06-20,16.676483154296875
2016-06-21,16.78327178955078
2016-06-22,16.692428588867188
2016-06-23,17.349842071533203
2016-06-24,16.61473274230957
2016-06-27,16.339813232421875
2016-06-28,17.051021575927734
2016-06-29,17.744295120239258
2016-06-30,18.037141799926758
2016-07-01,18.246322631835938
2016-07-05,17.648672103881836
2016-07-06,17.54109764099121
2016-07-07,17.349842071533203
2016-07-08,18.16265296936035
2016-07-11,18.335968017578125
2016-07-12,18.50331687927246
2016-07-13,18.75432586669922
2016-07-14,19.12487030029297
2016-07-15,19.142797470092773
2016-07-18,19.483461380004883
2016-07-19,19.5551815032959
2016-07-20,19.57310676574707
2016-07-21,19.363933563232422
2016-07-22,19.638851165771484
2016-07-25,19.375883102416992
2016-07-26,19.465530395507812
2016-07-27,19.477487564086914
2016-07-28,19.256351470947266
2016-07-29,19.8659610748291
2016-08-01,19.453580856323242
2016-08-02,19.268310546875
2016-08-03,19.746431350708008
2016-08-04,20.17673683166504
2016-08-05,20.39786720275879
2016-08-08,20.38591957092285
2016-08-09,20.5950927734375
2016-08-10,20.391891479492188
2016-08-11,20.846111297607422
2016-08-12,20.5950927734375
2016-08-15,20.822202682495117
2016-08-16,20.67278480529785
2016-08-17,20.630956649780273
2016-08-18,20.51142692565918
2016-08-19,20.613027572631836
2016-08-22,20.111000061035156
2016-08-23,19.99744415283203
2016-08-24,20.063188552856445
2016-08-25,19.931697845458984
2016-08-26,19.710569381713867
2016-08-29,20.296268463134766
2016-08-30,20.188690185546875
2016-08-31,20.03330421447754
2016-09-01,20.099042892456055
2016-09-02,20.559236526489258
2016-09-06,20.905874252319336
2016-09-07,20.8939208984375
2016-09-08,20.977590560913086
2016-09-09,19.77033805847168
2016-09-12,20.1647891998291
2016-09-13,19.178659439086914
2016-09-14,19.10694122314453
2016-09-15,19.674715042114258
2016-09-16,19.52529525756836
2016-09-19,19.59103775024414
2016-09-20,19.77631378173828
2016-09-21,20.338106155395508
2016-09-22,20.487518310546875
2016-09-23,20.242483139038086
2016-09-26,19.967557907104492
2016-09-27,20.278337478637695
2016-09-28,20.636934280395508
2016-09-29,20.069164276123047
2016-09-30,20.158809661865234
2016-10-03,20.71462631225586
2016-10-04,20.344079971313477
2016-10-05,20.870014190673828
2016-10-06,21.001493453979492
2016-10-07,21.192747116088867
2016-10-10,21.437782287597656
2016-10-11,21.264467239379883
2016-10-12,21.186777114868164
2016-10-13,21.41388702392578
2016-10-14,21.545360565185547
2016-10-17,21.796375274658203
2016-10-18,22.328283309936523
2016-10-19,22.274499893188477
2016-10-20,22.579303741455078
2016-10-21,22.57332420349121
2016-10-24,22.75859832763672
2016-10-25,22.824337005615234
2016-10-26,22.61515998840332
2016-10-27,22.57332420349121
2016-10-28,22.346216201782227
2016-10-31,22.567344665527344
2016-11-01,21.796375274658203
2016-11-02,21.41388702392578
2016-11-03,21.222627639770508
2016-11-04,21.132980346679688
2016-11-07,22.274499893188477
2016-11-08,22.43586540222168
2016-11-09,21.700756072998047
2016-11-10,19.991472244262695
2016-11-11,19.4237003326416
2016-11-14,19.351980209350586
2016-11-15,20.003421783447266
2016-11-16,19.764358520507812
2016-11-17,19.351980209350586
2016-11-18,19.477487564086914
2016-11-21,20.170759201049805
2016-11-22,20.42177391052246
2016-11-23,20.206623077392578
2016-11-25,19.758386611938477
2016-11-28,20.266386032104492
2016-11-29,19.842056274414062
2016-11-30,20.01537322998047
2016-12-01,18.814090728759766
2016-12-02,18.933624267578125
2016-12-05,19.19658660888672
2016-12-06,19.53127670288086
2016-12-07,19.889863967895508
2016-12-08,19.728498458862305
2016-12-09,19.614948272705078
2016-12-12,19.381866455078125
2016-12-13,19.5551815032959
2016-12-14,18.826045989990234
2016-12-15,19.04717445373535
2016-12-16,18.84397315979004
2016-12-19,18.592958450317383
2016-12-20,18.84397315979004
2016-12-21,18.943838119506836
2016-12-22,19.0285701751709
2016-12-23,19.530916213989258
2016-12-27,19.688278198242188
2016-12-28,19.9969482421875
2016-12-29,20.372194290161133
2016-12-30,20.178516387939453
2017-01-03,20.85637664794922
2017-01-04,21.06821060180664
2017-01-05,21.31635856628418
2017-01-06,21.098478317260742
2017-01-09,21.092422485351562
2017-01-10,21.334516525268555
2017-01-11,21.806596755981445
2017-01-12,22.042640686035156
2017-01-13,21.752126693725586
2017-01-17,21.903430938720703
2017-01-18,21.582658767700195
2017-01-19,21.867116928100586
2017-01-20,22.200002670288086
2017-01-23,22.799182891845703
2017-01-24,22.629716873168945
2017-01-25,22.97469711303711
2017-01-26,22.74471092224121
2017-01-27,22.859703063964844
2017-01-30,22.42999267578125
2017-01-31,22.31499671936035
2017-02-01,22.49051284790039
2017-02-02,22.581296920776367
2017-02-03,22.75681495666504
2017-02-06,22.41183090209961
2017-02-07,22.41183090209961
2017-02-08,22.74471092224121
2017-02-09,22.659976959228516
2017-02-10,23.162322998046875
2017-02-13,23.301532745361328
2017-02-14,23.592039108276367
2017-02-15,24.233591079711914
2017-02-16,23.83413314819336
2017-02-17,23.749399185180664
2017-02-21,24.239639282226562
2017-02-22,24.300159454345703
2017-02-23,23.937026977539062
2017-02-24,23.216794967651367
2017-02-27,23.319686889648438
2017-02-28,22.835494995117188
2017-03-01,23.592039108276367
2017-03-02,22.64787483215332
2017-03-03,23.349946975708008
2017-03-06,23.047327041625977
2017-03-07,22.96259307861328
2017-03-08,22.2786865234375
2017-03-09,21.98211669921875
2017-03-10,22.4663028717041
2017-03-13,22.605506896972656
2017-03-14,22.181840896606445
2017-03-15,23.089696884155273
2017-03-16,22.90812110900879
2017-03-17,22.532880783081055
2017-03-20,23.00495719909668
2017-03-21,22.218156814575195
2017-03-22,22.38157081604004
2017-03-23,22.1334228515625
2017-03-24,22.4663028717041
2017-03-27,22.39972686767578
2017-03-28,22.49051284790039
2017-03-29,22.97469711303711
2017-03-30,22.64787483215332
2017-03-31,22.672080993652344
2017-04-03,22.938385009765625
2017-04-04,23.1441650390625
2017-04-05,22.64181900024414
2017-04-06,22.26051902770996
2017-04-07,22.39366912841797
2017-04-10,22.45419692993164
2017-04-11,22.39366912841797
2017-04-12,22.345258712768555
2017-04-13,21.842910766601562
2017-04-17,22.726551055908203
2017-04-18,22.563140869140625
2017-04-19,22.066848754882812
2017-04-20,21.98816680908203
2017-04-21,21.885276794433594
2017-04-24,22.52682876586914
2017-04-25,22.52077293395996
2017-04-26,22.308942794799805
2017-04-27,22.212106704711914
2017-04-28,22.496562957763672
2017-05-01,22.678133010864258
2017-05-02,23.18653678894043
2017-05-03,22.926280975341797
2017-05-04,22.333152770996094
2017-05-05,22.750762939453125
2017-05-08,22.460250854492188
2017-05-09,22.87786293029785
2017-05-10,23.349946975708008
2017-05-11,23.57993507385254
2017-05-12,24.052019119262695
2017-05-15,24.300159454345703
2017-05-16,24.475685119628906
2017-05-17,23.68887710571289
2017-05-18,19.821426391601562
2017-05-19,21.158998489379883
2017-05-22,20.57192039489746
2017-05-23,21.062158584594727
2017-05-24,21.29214859008789
2017-05-25,21.15294075012207
2017-05-26,21.485824584960938
2017-05-30,21.510028839111328
2017-05-31,21.286094665527344
2017-06-01,21.11663246154785
2017-06-02,21.140838623046875
2017-06-05,20.91084861755371
2017-06-06,21.158998489379883
2017-06-07,21.207414627075195
2017-06-08,21.11663246154785
2017-06-09,20.723230361938477
2017-06-12,20.4871883392334
2017-06-13,20.553762435913086
2017-06-14,20.771648406982422
2017-06-15,20.553762435913086
2017-06-16,20.662696838378906
2017-06-19,20.76559829711914
2017-06-20,20.025468826293945
2017-06-21,20.074283599853516
2017-06-22,20.19631576538086
2017-06-23,20.159709930419922
2017-06-26,20.745458602905273
2017-06-27,20.39156723022461
2017-06-28,20.72104835510254
2017-06-29,20.6356258392334
2017-06-30,20.83087730407715
2017-07-03,20.989521026611328
2017-07-05,21.020030975341797
2017-07-06,20.672239303588867
2017-07-07,20.78816795349121
2017-07-10,21.148164749145508
2017-07-11,21.502056121826172
2017-07-12,22.142724990844727
2017-07-13,22.301366806030273
2017-07-14,22.466110229492188
2017-07-17,22.441699981689453
2017-07-18,22.64915657043457
2017-07-19,22.655261993408203
2017-07-20,22.78949546813965
2017-07-21,22.612548828125
2017-07-24,22.697967529296875
2017-07-25,22.655261993408203
2017-07-26,22.67966651916504
2017-07-27,22.64915657043457
2017-07-28,22.81389808654785
2017-07-31,23.064064025878906
2017-08-01,23.259315490722656
2017-08-02,23.515588760375977
2017-08-03,23.448471069335938
2017-08-04,23.3691463470459
2017-08-07,23.680328369140625
2017-08-08,23.637619018554688
2017-08-09,23.393558502197266
2017-08-10,22.948137283325195
2017-08-11,23.186098098754883
2017-08-14,23.21660614013672
2017-08-15,23.454570770263672
2017-08-16,23.75354766845703
2017-08-17,23.320337295532227
2017-08-18,23.814565658569336
2017-08-21,23.643722534179688
2017-08-22,23.99761199951172
2017-08-23,24.46133804321289
2017-08-24,24.5894718170166
2017-08-25,24.491844177246094
2017-08-28,24.45523452758789
2017-08-29,24.491844177246094
2017-08-30,24.40032196044922
2017-08-31,24.406415939331055
2017-09-01,24.778615951538086
2017-09-05,25.004379272460938
2017-09-06,25.55962371826172
2017-09-07,25.75487518310547
2017-09-08,25.577926635742188
2017-09-11,25.962331771850586
2017-09-12,25.852500915527344
2017-09-13,25.870803833007812
2017-09-14,26.02944564819336
2017-09-15,26.450454711914062
2017-09-18,26.31622314453125
2017-09-19,26.273513793945312
2017-09-20,26.352832794189453
2017-09-21,26.005043029785156
2017-09-22,26.072160720825195
2017-09-25,25.498605728149414
2017-09-26,25.431493759155273
2017-09-27,24.9677677154541
2017-09-28,24.998271942138672
2017-09-29,25.437593460083008
2017-10-02,25.45589828491211
2017-10-03,26.34673500061035
2017-10-04,26.432159423828125
2017-10-05,26.31012535095215
2017-10-06,26.005043029785156
2017-10-09,25.626747131347656
2017-10-10,26.127073287963867
2017-10-11,26.200288772583008
2017-10-12,26.09046173095703
2017-10-13,26.444360733032227
2017-10-16,26.200288772583008
2017-10-17,26.017240524291992
2017-10-18,26.053855895996094
2017-10-19,25.931825637817383
2017-10-20,25.785383224487305
2017-10-23,25.156923294067383
2017-10-24,25.321664810180664
2017-10-25,25.553525924682617
2017-10-26,24.79082489013672
2017-10-27,25.352174758911133
2017-10-30,24.504047393798828
2017-10-31,24.510150909423828
2017-11-01,24.345407485961914
2017-11-02,24.345407485961914
2017-11-03,23.985410690307617
2017-11-06,24.626083374023438
2017-11-07,23.893890380859375
2017-11-08,24.5894718170166
2017-11-09,24.1684627532959
2017-11-10,23.69253158569336
2017-11-13,23.765756607055664
2017-11-14,23.027463912963867
2017-11-15,23.198305130004883
2017-11-16,23.95490074157715
2017-11-17,24.302696228027344
2017-11-20,24.52234649658203
2017-11-21,24.66878890991211
2017-11-22,24.931161880493164
2017-11-24,24.851835250854492
2017-11-27,24.766416549682617
2017-11-28,25.016584396362305
2017-11-29,24.19896697998047
2017-11-30,23.613216400146484
2017-12-01,23.814565658569336
2017-12-04,24.186763763427734
2017-12-05,24.131853103637695
2017-12-06,24.424726486206055
2017-12-07,23.826766967773438
2017-12-08,23.8023624420166
2017-12-11,23.851179122924805
2017-12-12,24.46133804321289
2017-12-13,23.63151741027832
2017-12-14,23.375253677368164
2017-12-15,23.649822235107422
2017-12-18,23.930500030517578
2017-12-19,23.87814712524414
2017-12-20,23.90894317626953
2017-12-21,24.346220016479492
2017-12-22,24.33390235900879
2017-12-26,24.629539489746094
2017-12-27,24.70344352722168
2017-12-28,24.85761070251465
2017-12-29,24.943933486938477
2018-01-02,25.70243263244629
2018-01-03,26.016923904418945
2018-01-04,26.189599990844727
2018-01-05,26.417755126953125
2018-01-08,26.31292724609375
2018-01-09,26.109434127807617
2018-01-10,26.09092903137207
2018-01-11,26.578092575073242
2018-01-12,26.65825843811035
2018-01-16,26.56575584411621
2018-01-17,27.046754837036133
2018-01-18,27.10841941833496
2018-01-19,27.42291831970215
2018-01-22,27.521581649780273
2018-01-23,26.92342185974121
2018-01-24,28.582237243652344
2018-01-25,28.89057159423828
2018-01-26,29.186574935913086
2018-01-29,28.606904983520508
2018-01-30,28.557575225830078
2018-01-31,28.730239868164062
2018-02-01,28.810409545898438
2018-02-02,27.786746978759766
2018-02-05,26.800085067749023
2018-02-06,27.82374382019043
2018-02-07,26.966588973999023
2018-02-08,26.078598022460938
2018-02-09,26.615095138549805
2018-02-12,26.99742317199707
2018-02-13,27.139253616333008
2018-02-14,27.866912841796875
2018-02-15,28.06424331665039
2018-02-16,28.082744598388672
2018-02-20,28.286239624023438
2018-02-21,28.273906707763672
2018-02-22,28.5267391204834
2018-02-23,28.822731018066406
2018-02-26,29.063236236572266
2018-02-27,28.545246124267578
2018-02-28,28.045745849609375
2018-03-01,28.039579391479492
2018-03-02,28.11974334716797
2018-03-05,28.317075729370117
2018-03-06,28.514408111572266
2018-03-07,28.13207244873047
2018-03-08,27.780580520629883
2018-03-09,28.360240936279297
2018-03-12,28.5020751953125
2018-03-13,28.22457504272461
2018-03-14,28.18141746520996
2018-03-15,27.540081024169922
2018-03-16,27.509239196777344
2018-03-19,27.25642204284668
2018-03-20,27.083751678466797
2018-03-21,27.737417221069336
2018-03-22,27.077587127685547
2018-03-23,27.046754837036133
2018-03-26,27.459915161132812
2018-03-27,26.732254028320312
2018-03-28,26.84942626953125
2018-03-29,27.675750732421875
2018-04-02,27.23792266845703
2018-04-03,27.01592445373535
2018-04-04,27.003591537475586
2018-04-05,27.182422637939453
2018-04-06,26.77542495727539
2018-04-09,25.887428283691406
2018-04-10,26.405426025390625
2018-04-11,26.769254684448242
2018-04-12,26.6767578125
2018-04-13,26.16493034362793
2018-04-16,25.825763702392578
2018-04-17,26.27592658996582
2018-04-18,27.034421920776367
2018-04-19,26.886417388916016
2018-04-20,26.615095138549805
2018-04-23,26.269765853881836
2018-04-24,26.140262603759766
2018-04-25,25.924436569213867
2018-04-26,26.436256408691406
2018-04-27,26.553424835205078
2018-04-30,26.084762573242188
2018-05-01,25.7579288482666
2018-05-02,25.332441329956055
2018-05-03,25.116601943969727
2018-05-04,25.128938674926758
2018-05-07,24.728107452392578
2018-05-08,24.734277725219727
2018-05-09,24.962444305419922
2018-05-10,25.813432693481445
2018-05-11,25.246103286743164
2018-05-14,25.06727409362793
2018-05-15,24.75277328491211
2018-05-16,25.02410888671875
2018-05-17,24.0991153717041
2018-05-18,23.618118286132812
2018-05-21,23.673622131347656
2018-05-22,24.27794075012207
2018-05-23,23.827783584594727
2018-05-24,23.51945686340332
2018-05-25,22.97062873840332
2018-05-29,21.78664207458496
2018-05-30,22.002464294433594
2018-05-31,21.965465545654297
2018-06-01,22.0826358795166
2018-06-04,22.458789825439453
2018-06-05,21.56464195251465
2018-06-06,21.262475967407227
2018-06-07,20.170984268188477
2018-06-08,21.05280876159668
2018-06-11,20.843143463134766
2018-06-12,21.065139770507812
2018-06-13,20.843143463134766
2018-06-14,20.15248680114746
2018-06-15,20.374483108520508
2018-06-18,20.08464813232422
2018-06-19,20.511554718017578
2018-06-20,20.39871597290039
2018-06-21,19.98497200012207
2018-06-22,20.08527946472168
2018-06-25,20.260805130004883
2018-06-26,20.15423583984375
2018-06-27,19.433324813842773
2018-06-28,19.991249084472656
2018-06-29,20.0915470123291
2018-07-02,19.978710174560547
2018-07-03,20.404987335205078
2018-07-05,20.242002487182617
2018-07-06,20.7999210357666
2018-07-09,21.02560043334961
2018-07-10,21.11962890625
2018-07-11,20.524099349975586
2018-07-12,20.93783950805664
2018-07-13,21.345312118530273
2018-07-16,21.245006561279297
2018-07-17,21.828004837036133
2018-07-18,21.55845069885254
2018-07-19,21.627405166625977
2018-07-20,22.348318099975586
2018-07-23,22.147722244262695
2018-07-24,22.718183517456055
2018-07-25,23.28864097595215
2018-07-26,22.636682510375977
2018-07-27,23.02535057067871
2018-07-30,23.044158935546875
2018-07-31,22.630416870117188
2018-08-01,22.561460494995117
2018-08-02,22.711904525756836
2018-08-03,23.539396286010742
2018-08-06,23.21341323852539
2018-08-07,22.793407440185547
2018-08-08,22.50503921508789
2018-08-09,22.191600799560547
2018-08-10,21.213665008544922
2018-08-13,21.326501846313477
2018-08-14,21.752779006958008
2018-08-15,21.18859100341797
2018-08-16,21.082019805908203
2018-08-17,20.86260986328125
2018-08-20,20.737234115600586
2018-08-21,20.04766273498535
2018-08-22,20.44260025024414
2018-08-23,19.765567779541016
2018-08-24,20.041397094726562
2018-08-27,20.567975997924805
2018-08-28,20.179306030273438
2018-08-29,20.56170654296875
2018-08-30,19.82825469970703
2018-08-31,20.34229850769043
2018-09-04,19.408246994018555
2018-09-05,19.546157836914062
2018-09-06,20.08527946472168
2018-09-07,20.379911422729492
2018-09-10,20.147964477539062
2018-09-11,19.433324813842773
2018-09-12,19.59004020690918
2018-09-13,19.257795333862305
2018-09-14,19.57123374938965
2018-09-17,20.141698837280273
2018-09-18,20.3924503326416
2018-09-19,20.3924503326416
2018-09-20,20.668277740478516
2018-09-21,21.16351318359375
2018-09-24,20.555438995361328
2018-09-25,20.76857566833496
2018-09-26,21.094558715820312
2018-09-27,21.533370971679688
2018-09-28,21.144702911376953
2018-10-01,21.132171630859375
2018-10-02,22.323244094848633
2018-10-03,23.131919860839844
2018-10-04,22.88743782043457
2018-10-05,22.98147201538086
2018-10-08,24.52986717224121
2018-10-09,24.811962127685547
2018-10-10,23.89671516418457
2018-10-11,23.51431655883789
2018-10-12,24.203887939453125
2018-10-15,23.953136444091797
2018-10-16,24.73046875
2018-10-17,25.00629425048828
2018-10-18,24.191354751586914
2018-10-19,24.41703224182129
2018-10-22,24.937341690063477
2018-10-23,24.79942512512207
2018-10-24,23.78387451171875
2018-10-25,24.448368072509766
2018-10-26,25.100330352783203
2018-10-29,24.216428756713867
2018-10-30,25.319738388061523
2018-10-31,25.169282913208008
2018-11-01,25.733478546142578
2018-11-02,26.08453369140625
2018-11-05,25.852582931518555
2018-11-06,25.432573318481445
2018-11-07,25.30719757080078
2018-11-08,24.58001708984375
2018-11-09,24.736738204956055
2018-11-12,24.41703224182129
2018-11-13,24.0220890045166
2018-11-14,24.39822006225586
2018-11-15,24.99376106262207
2018-11-16,25.37615966796875
2018-11-19,25.01883316040039
2018-11-20,24.172548294067383
2018-11-21,24.699125289916992
2018-11-23,24.260313034057617
2018-11-26,23.457901000976562
2018-11-27,24.467174530029297
2018-11-28,24.95615005493164
2018-11-29,24.962413787841797
2018-11-30,24.949872970581055
2018-12-03,25.06898307800293
2018-12-04,24.623899459838867
2018-12-06,24.724201202392578
2018-12-07,24.235227584838867
2018-12-10,23.58954429626465
2018-12-11,23.852832794189453
2018-12-12,24.25404167175293
2018-12-13,24.341800689697266
2018-12-14,24.028366088867188
2018-12-17,23.721189498901367
2018-12-18,23.971982955932617
2018-12-19,23.48185157775879
2018-12-20,23.908334732055664
2018-12-21,23.640981674194336
2018-12-24,23.316354751586914
2018-12-26,23.74283218383789
2018-12-27,24.029272079467773
2018-12-28,24.23933219909668
2018-12-31,24.315715789794922
2019-01-02,25.868865966796875
2019-01-03,26.034364700317383
2019-01-04,26.61997413635254
2019-01-07,26.35263442993164
2019-01-08,26.670902252197266
2019-01-09,27.345626831054688
2019-01-10,27.30743980407715
2019-01-11,27.231056213378906
2019-01-14,27.358362197875977
2019-01-15,27.20559310913086
2019-01-16,27.161039352416992
2019-01-17,27.383825302124023
2019-01-18,27.49840545654297
2019-01-22,26.830039978027344
2019-01-23,27.55568504333496
2019-01-24,27.78483772277832
2019-01-25,27.89305305480957
2019-01-28,27.288339614868164
2019-01-29,27.65117073059082
2019-01-30,28.38955307006836
2019-01-31,28.87968635559082
2019-02-01,28.89878273010254
2019-02-04,28.936967849731445
2019-02-05,28.777841567993164
2019-02-06,27.581157684326172
2019-02-07,27.402921676635742
2019-02-08,27.4156494140625
2019-02-11,27.046457290649414
2019-02-12,27.816673278808594
2019-02-13,27.4156494140625
2019-02-14,28.166763305664062
2019-02-15,28.294071197509766
2019-02-19,28.103116989135742
2019-02-20,27.854860305786133
2019-02-21,27.72118377685547
2019-02-22,28.103116989135742
2019-02-25,27.956707000732422
2019-02-26,28.07128143310547
2019-02-27,28.109474182128906
2019-02-28,27.371091842651367
2019-03-01,26.957340240478516
2019-03-04,26.970075607299805
2019-03-05,27.173765182495117
2019-03-06,26.416290283203125
2019-03-07,26.212594985961914
2019-03-08,26.52449607849121
2019-03-11,27.4156494140625
2019-03-12,27.549325942993164
2019-03-13,27.848501205444336
2019-03-14,27.504770278930664
2019-03-15,27.81029510498047
2019-03-18,28.26224708557129
2019-03-19,28.230417251586914
2019-03-20,28.01399803161621
2019-03-21,27.371091842651367
2019-03-22,25.735197067260742
2019-03-25,26.059825897216797
2019-03-26,26.492673873901367
2019-03-27,25.003175735473633
2019-03-28,25.89432716369629
2019-03-29,26.091657638549805
2019-04-01,26.607254028320312
2019-04-02,26.588150024414062
2019-04-03,26.212594985961914
2019-04-04,26.798213958740234
2019-04-05,26.919153213500977
2019-04-08,27.14830780029297
2019-04-09,26.785478591918945
2019-04-10,26.893688201904297
2019-04-11,26.397192001342773
2019-04-12,25.665172576904297
2019-04-15,25.856136322021484
2019-04-16,25.96434211730957
2019-04-17,25.493309020996094
2019-04-18,25.754287719726562
2019-04-22,25.77338981628418
2019-04-23,26.1871337890625
2019-04-24,25.51877212524414
2019-04-25,26.148944854736328
2019-04-26,26.25715446472168
2019-04-29,26.244422912597656
2019-04-30,26.346269607543945
2019-05-01,25.907060623168945
2019-05-02,25.875228881835938
2019-05-03,26.218961715698242
2019-05-06,25.754287719726562
2019-05-07,25.537864685058594
2019-05-08,26.040727615356445
2019-05-09,25.64607810974121
2019-05-10,25.62061309814453
2019-05-13,24.723100662231445
2019-05-14,24.805849075317383
2019-05-15,24.468482971191406
2019-05-16,23.965620040893555
2019-05-17,23.545509338378906
2019-05-20,24.010181427001953
2019-05-21,24.990442276000977
2019-05-22,25.05409812927246
2019-05-23,24.88223648071289
2019-05-24,24.964984893798828
2019-05-28,25.63970947265625
2019-05-29,26.047096252441406
2019-05-30,26.327173233032227
2019-05-31,26.51176643371582
2019-06-03,26.709096908569336
2019-06-04,27.091020584106445
2019-06-05,26.4544734954834
2019-06-06,26.874591827392578
2019-06-07,27.116479873657227
2019-06-10,26.90641975402832
2019-06-11,27.5938777923584
2019-06-12,27.231056213378906
2019-06-13,27.504770278930664
2019-06-14,26.887327194213867
2019-06-17,26.88797378540039
2019-06-18,27.597078323364258
2019-06-19,27.91295051574707
2019-06-20,28.4802303314209
2019-06-21,28.602710723876953
2019-06-24,28.609161376953125
2019-06-25,27.848485946655273
2019-06-26,28.074106216430664
2019-06-27,28.164356231689453
2019-06-28,28.183700561523438
2019-07-01,28.286846160888672
2019-07-02,28.02898406982422
2019-07-03,28.286846160888672
2019-07-05,29.16355323791504
2019-07-08,29.37628746032715
2019-07-09,29.6663761138916
2019-07-10,30.124067306518555
2019-07-11,30.02092742919922
2019-07-12,29.866214752197266
2019-07-15,29.582565307617188
2019-07-16,29.472978591918945
2019-07-17,29.634140014648438
2019-07-18,30.085391998291016
2019-07-19,29.6663761138916
2019-07-22,29.77596092224121
2019-07-23,29.4600887298584
2019-07-24,29.61480140686035
2019-07-25,29.066856384277344
2019-07-26,29.292484283447266
2019-07-29,29.324716567993164
2019-07-30,29.11842918395996
2019-07-31,28.68651580810547
2019-08-01,28.44800567626953
2019-08-02,28.3126277923584
2019-08-05,27.165163040161133
2019-08-06,27.6744327545166
2019-08-07,27.842039108276367
2019-08-08,28.538251876831055
2019-08-09,28.35775375366211
2019-08-12,27.45525360107422
2019-08-13,28.00320053100586
2019-08-14,26.655900955200195
2019-08-15,26.662343978881836
2019-08-16,26.849292755126953
2019-08-19,26.26911735534668
2019-08-20,26.359365463256836
2019-08-21,27.055580139160156
2019-08-22,26.372255325317383
2019-08-23,25.469757080078125
2019-08-26,25.070087432861328
2019-08-27,25.160329818725586
2019-08-28,25.437530517578125
2019-08-29,25.97258186340332
2019-08-30,26.4238338470459
2019-09-03,25.740509033203125
2019-09-04,26.552757263183594
2019-09-05,26.823505401611328
2019-09-06,27.158720016479492
2019-09-09,27.158720016479492
2019-09-10,27.081356048583984
2019-09-11,27.468149185180664
2019-09-12,27.713115692138672
2019-09-13,27.25541114807129
2019-09-16,27.300535202026367
2019-09-17,27.62931251525879
2019-09-18,27.468149185180664
2019-09-19,27.02334213256836
2019-09-20,27.20384407043457
2019-09-23,26.971776962280273
2019-09-24,26.862184524536133
2019-09-25,27.04912757873535
2019-09-26,27.242523193359375
2019-09-27,27.22318458557129
2019-09-30,27.158720016479492
2019-10-01,26.868633270263672
2019-10-02,26.288454055786133
2019-10-03,26.559206008911133
2019-10-04,27.145824432373047
2019-10-07,26.346471786499023
2019-10-08,26.159528732299805
2019-10-09,26.514081954956055
2019-10-10,26.539865493774414
2019-10-11,27.22318458557129
2019-10-14,27.158720016479492
2019-10-15,26.94599151611328
2019-10-16,27.306987762451172
2019-10-17,27.1007080078125
2019-10-18,27.345659255981445
2019-10-21,27.59063148498535
2019-10-22,28.267498016357422
2019-10-23,28.660736083984375
2019-10-24,28.44800567626953
2019-10-25,28.796104431152344
2019-10-28,29.092636108398438
2019-10-29,28.76387596130371
2019-10-30,29.18933868408203
2019-10-31,28.75098419189453
2019-11-01,29.066856384277344
2019-11-04,29.021730422973633
2019-11-05,29.169998168945312
2019-11-06,28.583377838134766
2019-11-07,28.705860137939453
2019-11-08,27.732450485229492
2019-11-11,28.119237899780273
2019-11-12,27.584186553955078
2019-11-13,27.33277130126953
2019-11-14,27.384340286254883
2019-11-15,27.732450485229492
2019-11-18,27.210289001464844
2019-11-19,27.07491683959961
2019-11-20,27.04912757873535
2019-11-21,27.571292877197266
2019-11-22,27.822704315185547
2019-11-25,27.532608032226562
2019-11-26,27.139385223388672
2019-11-27,27.139385223388672
2019-11-29,27.377899169921875
2019-12-02,27.76468276977539
2019-12-03,27.796916961669922
2019-12-04,28.11278533935547
2019-12-05,28.370647430419922
2019-12-06,28.821889877319336
2019-12-09,28.744539260864258
2019-12-10,28.628501892089844
2019-12-11,28.957265853881836
2019-12-12,29.524551391601562
2019-12-13,29.453638076782227
2019-12-16,29.7454776763916
2019-12-17,29.725889205932617
2019-12-18,30.156797409057617
2019-12-19,30.391834259033203
2019-12-20,30.195972442626953
2019-12-23,30.489774703979492
2019-12-24,30.463653564453125
2019-12-26,31.136123657226562
2019-12-27,30.888029098510742
2019-12-30,30.8795166015625
2019-12-31,31.04308319091797
2020-01-02,31.671140670776367
2020-01-03,31.3963680267334
2020-01-06,30.912233352661133
2020-01-07,30.892610549926758
2020-01-08,30.755224227905273
2020-01-09,30.519702911376953
2020-01-10,30.271089553833008
2020-01-13,30.532779693603516
2020-01-14,30.63092041015625
2020-01-15,29.93089485168457
2020-01-16,30.015941619873047
2020-01-17,30.5916690826416
2020-01-21,29.878557205200195
2020-01-22,30.428112030029297
2020-01-23,30.787933349609375
2020-01-24,30.415019989013672
2020-01-27,29.276670455932617
2020-01-28,29.943979263305664
2020-01-29,29.414058685302734
2020-01-30,29.315919876098633
2020-01-31,28.628978729248047
2020-02-03,29.067319869995117
2020-02-04,29.25704574584961
2020-02-05,29.433683395385742
2020-02-06,28.897218704223633
2020-02-07,28.38037872314453
2020-02-10,28.125234603881836
2020-02-11,28.727115631103516
2020-02-12,28.85795783996582
2020-02-13,28.57010269165039
2020-02-14,28.69440460205078
2020-02-18,28.34112548828125
2020-02-19,28.727115631103516
2020-02-20,28.0270938873291
2020-02-21,27.778488159179688
2020-02-24,26.39152717590332
2020-02-25,26.018619537353516
2020-02-26,25.645708084106445
2020-02-27,24.716703414916992
2020-02-28,25.096158981323242
2020-03-02,25.77000617980957
2020-03-03,25.18120765686035
2020-03-04,25.370927810668945
2020-03-05,23.983972549438477
2020-03-06,22.963369369506836
2020-03-09,19.489431381225586
2020-03-10,21.46519660949707
2020-03-11,19.417461395263672
2020-03-12,16.18558120727539
2020-03-13,19.038009643554688
2020-03-16,14.641603469848633
2020-03-17,16.55194854736328
2020-03-18,13.993919372558594
2020-03-19,14.523842811584473
2020-03-20,14.608892440795898
2020-03-23,13.621010780334473
2020-03-24,15.263120651245117
2020-03-25,16.381847381591797
2020-03-26,17.127668380737305
2020-03-27,15.564065933227539
2020-03-30,15.70145034790039
2020-03-31,15.413594245910645
2020-04-01,14.765909194946289
2020-04-02,15.086481094360352
2020-04-03,14.255611419677734
2020-04-06,15.34817123413086
2020-04-07,16.022022247314453
2020-04-08,16.780927658081055
2020-04-09,16.780927658081055
2020-04-13,16.6566219329834
2020-04-14,16.87906265258789
2020-04-15,16.46689796447754
2020-04-16,16.146326065063477
2020-04-17,16.50615119934082
2020-04-20,16.303340911865234
2020-04-21,15.766877174377441
2020-04-22,16.32950782775879
2020-04-23,15.70145034790039
2020-04-24,14.497673988342285
2020-04-27,15.112650871276855
2020-04-28,16.067819595336914
2020-04-29,16.964111328125
2020-04-30,16.139787673950195
2020-05-01,15.426675796508789
2020-05-04,15.622943878173828
2020-05-05,15.492098808288574
2020-05-06,15.15844440460205
2020-05-07,14.674315452575684
2020-05-08,15.321999549865723
2020-05-11,14.831330299377441
2020-05-12,14.464966773986816
2020-05-13,14.406084060668945
2020-05-14,14.805161476135254
2020-05-15,14.556556701660156
2020-05-18,15.511727333068848
2020-05-19,15.321999549865723
2020-05-20,15.570605278015137
2020-05-21,16.22483253479004
2020-05-22,16.133243560791016
2020-05-26,17.395902633666992
2020-05-27,18.187515258789062
2020-05-28,17.618337631225586
2020-05-29,17.78843879699707
2020-06-01,17.991247177124023
2020-06-02,19.038009643554688
2020-06-03,19.881967544555664
2020-06-04,19.842716217041016
2020-06-05,20.608154296875
2020-06-08,21.766138076782227
2020-06-09,21.478282928466797
2020-06-10,20.791339874267578
2020-06-11,19.16231346130371
2020-06-12,19.881967544555664
2020-06-15,19.548978805541992
2020-06-16,19.429819107055664
2020-06-17,19.714479446411133
2020-06-18,19.456295013427734
2020-06-19,19.661518096923828
2020-06-22,19.63503646850586
2020-06-23,20.210981369018555
2020-06-24,19.22459602355957
2020-06-25,19.63503646850586
2020-06-26,18.66851043701172
2020-06-29,19.165014266967773
2020-06-30,19.03923797607422
2020-07-01,19.661518096923828
2020-07-02,19.50263786315918
2020-07-06,20.124919891357422
2020-07-07,19.681377410888672
2020-07-08,20.31690216064453
2020-07-09,20.164640426635742
2020-07-10,20.383100509643555
2020-07-13,19.860118865966797
2020-07-14,20.369863510131836
2020-07-15,20.5419864654541
2020-07-16,20.462543487548828
2020-07-17,20.747207641601562
2020-07-20,21.19736671447754
2020-07-21,21.640907287597656
2020-07-22,22.177133560180664
2020-07-23,21.303287506103516
2020-07-24,21.376110076904297
2020-07-27,22.031494140625
2020-07-28,21.905712127685547
2020-07-29,22.163890838623047
2020-07-30,22.104312896728516
2020-07-31,21.541606903076172
2020-08-03,21.098064422607422
2020-08-04,20.85974884033203
2020-08-05,21.124544143676758
2020-08-06,21.210609436035156
2020-08-07,20.687625885009766
2020-08-10,20.634666442871094
2020-08-11,20.5155029296875
2020-08-12,20.402963638305664
2020-08-13,20.35662078857422
2020-08-14,20.336759567260742
2020-08-17,19.760818481445312
2020-08-18,20.32352066040039
2020-08-19,19.760818481445312
2020-08-20,19.807159423828125
2020-08-21,19.62841796875
2020-08-24,19.81377601623535
2020-08-25,19.979280471801758
2020-08-26,19.409955978393555
2020-08-27,19.542354583740234
2020-08-28,20.449298858642578
2020-08-31,19.740957260131836
2020-09-01,20.561843872070312
2020-09-02,20.594942092895508
2020-09-03,20.58832550048828
2020-09-04,20.647903442382812
2020-09-08,20.07857894897461
2020-09-09,20.66776466369629
2020-09-10,20.00575828552246
2020-09-11,19.919702529907227
2020-09-14,20.568466186523438
2020-09-15,20.46916389465332
2020-09-16,20.508882522583008
2020-09-17,20.67438507080078
2020-09-18,19.72771644592285
2020-09-21,19.429819107055664
2020-09-22,19.237834930419922
2020-09-23,18.57583236694336
2020-09-24,19.07233238220215
2020-09-25,18.946556091308594
2020-09-28,18.17862892150879
2020-09-29,17.98664665222168
2020-09-30,18.31102752685547
2020-10-01,18.317649841308594
2020-10-02,17.980026245117188
2020-10-05,18.78767204284668
2020-10-06,18.516252517700195
2020-10-07,18.47652816772461
2020-10-08,19.01275634765625
2020-10-09,19.171634674072266
2020-10-12,19.409955978393555
2020-10-13,19.231216430664062
2020-10-14,19.29079818725586
2020-10-15,19.145156860351562
2020-10-16,18.97303581237793
2020-10-19,19.118675231933594
2020-10-20,19.449678421020508
2020-10-21,19.409955978393555
2020-10-22,19.754201889038086
2020-10-23,19.522497177124023
2020-10-26,19.56884002685547
2020-10-27,19.01275634765625
2020-10-28,17.98664665222168
2020-10-29,18.218351364135742
2020-10-30,17.781423568725586
2020-11-02,17.98664665222168
2020-11-03,18.218351364135742
2020-11-04,18.79429054260254
2020-11-05,19.780681610107422
2020-11-06,20.363245010375977
2020-11-09,20.80016326904297
2020-11-10,21.012006759643555
2020-11-11,21.0318660736084
2020-11-12,20.350000381469727
2020-11-13,20.733963012695312
2020-11-16,21.25032615661621
2020-11-17,21.839509963989258
2020-11-18,21.429065704345703
2020-11-19,21.786550521850586
2020-11-20,21.296669006347656
2020-11-23,21.41582489013672
2020-11-24,22.137413024902344
2020-11-25,22.415454864501953
2020-11-27,22.527996063232422
2020-11-30,22.011632919311523
2020-12-01,23.097318649291992
2020-12-02,23.0906982421875
2020-12-03,23.481281280517578
2020-12-04,23.931446075439453
2020-12-07,23.944684982299805
2020-12-08,23.997644424438477
2020-12-09,23.600439071655273
2020-12-10,24.75232696533203
2020-12-11,24.586822509765625
2020-12-14,24.163972854614258
2020-12-15,24.690872192382812
2020-12-16,25.017683029174805
2020-12-17,25.271127700805664
2020-12-18,25.144407272338867
2020-12-21,24.424089431762695
2020-12-22,24.410747528076172
2020-12-23,24.45076560974121
2020-12-24,24.650854110717773
2020-12-28,24.550811767578125
2020-12-29,24.830936431884766
2020-12-30,24.777576446533203
2020-12-31,24.724220275878906
2021-01-04,24.3907413482666
2021-01-05,24.530797958374023
2021-01-06,24.430755615234375
2021-01-07,24.78424835205078
2021-01-08,25.144407272338867
2021-01-11,24.284029006958008
2021-01-12,25.391185760498047
2021-01-13,24.890958786010742
2021-01-14,25.751340866088867
2021-01-15,24.60416603088379
2021-01-19,24.464109420776367
2021-01-20,24.45076560974121
2021-01-21,23.997236251831055
2021-01-22,23.37029266357422
2021-01-25,23.02347183227539
2021-01-26,23.603727340698242
2021-01-27,23.210222244262695
2021-01-28,23.670427322387695
2021-01-29,22.803373336791992
2021-02-01,23.29025650024414
2021-02-02,23.797143936157227
2021-02-03,24.030580520629883
2021-02-04,23.663753509521484
2021-02-05,24.163972854614258
2021-02-08,24.190654754638672
2021-02-09,24.017242431640625
2021-02-10,23.810483932495117
2021-02-11,23.983890533447266
2021-02-12,24.030580520629883
2021-02-16,24.163972854614258
2021-02-17,24.083938598632812
2021-02-18,23.730453491210938
2021-02-19,23.797143936157227
2021-02-22,22.323165893554688
2021-02-23,22.930097579956055
2021-02-24,23.16353416442871
2021-02-25,22.023029327392578
2021-02-26,21.27603530883789
2021-03-01,21.236021041870117
2021-03-02,21.41609764099121
2021-03-03,21.469451904296875
2021-03-04,21.5561580657959
2021-03-05,22.003023147583008
2021-03-08,20.702449798583984
2021-03-09,20.84918212890625
2021-03-10,21.56282615661621
2021-03-11,22.456554412841797
2021-03-12,22.20311164855957
2021-03-15,22.0363712310791
2021-03-16,21.942996978759766
2021-03-17,22.576608657836914
2021-03-18,22.29648208618164
2021-03-19,22.843393325805664
2021-03-22,22.496572494506836
2021-03-23,22.149751663208008
2021-03-24,21.429439544677734
2021-03-25,21.629526138305664
2021-03-26,21.61618423461914
2021-03-29,21.589506149291992
2021-03-30,21.86962890625
2021-03-31,22.309825897216797
2021-04-01,21.756244659423828
2021-04-05,22.396530151367188
2021-04-06,22.643306732177734
2021-04-07,22.489906311035156
2021-04-08,22.903417587280273
2021-04-09,22.383188247680664
2021-04-12,22.35651206970215
2021-04-13,22.443218231201172
2021-04-14,22.903417587280273
2021-04-15,23.16353416442871
2021-04-16,23.383634567260742
2021-04-19,23.523693084716797
2021-04-20,23.35695457458496
2021-04-21,23.410306930541992
2021-04-22,23.610397338867188
2021-04-23,23.703771591186523
2021-04-26,23.877182006835938
2021-04-27,23.637075424194336
2021-04-28,24.430755615234375
2021-04-29,24.3707332611084
2021-04-30,23.71710968017578
2021-05-03,23.810483932495117
2021-05-04,23.49034309387207
2021-05-05,24.163972854614258
2021-05-06,24.684202194213867
2021-05-07,25.35116195678711
2021-05-10,25.277799606323242
2021-05-11,25.55125617980957
2021-05-12,24.47744369506836
2021-05-13,24.66419219970703
2021-05-14,25.00434684753418
2021-05-17,25.277799606323242
2021-05-18,25.344493865966797
2021-05-19,25.01101303100586
2021-05-20,25.137737274169922
2021-05-21,24.690872192382812
2021-05-24,25.13106918334961
2021-05-25,24.78424835205078
2021-05-26,25.151077270507812
2021-05-27,25.47788429260254
2021-05-28,25.951431274414062
2021-06-01,26.89851188659668
2021-06-02,27.4987735748291
2021-06-03,27.238662719726562
2021-06-04,27.792232513427734
2021-06-07,27.912290573120117
2021-06-08,27.77223014831543
2021-06-09,27.605485916137695
2021-06-10,27.690814971923828
2021-06-11,27.29127311706543
2021-06-14,27.656957626342773
2021-06-15,27.75853729248047
2021-06-16,27.43347930908203
2021-06-17,27.27095603942871
2021-06-18,27.176145553588867
2021-06-21,27.65018653869629
2021-06-22,27.893980026245117
2021-06-23,27.826255798339844
2021-06-24,28.415422439575195
2021-06-25,27.79239845275879
2021-06-28,27.88043212890625
2021-06-29,27.76531219482422
2021-06-30,27.45379638671875
2021-07-01,26.878171920776367
2021-07-02,27.27095603942871
2021-07-06,25.957178115844727
2021-07-07,26.23482894897461
2021-07-08,25.821741104125977
2021-07-09,26.153568267822266
2021-07-12,26.675010681152344
2021-07-13,26.702102661132812
2021-07-14,27.27772331237793
2021-07-15,26.966209411621094
2021-07-16,26.60729217529297
2021-07-19,25.618581771850586
2021-07-20,25.84882164001465
2021-07-21,26.228059768676758
2021-07-22,26.1806583404541
2021-07-23,25.977497100830078
2021-07-26,26.383813858032227
2021-07-27,26.140024185180664
2021-07-28,26.824003219604492
2021-07-29,26.851091384887695
2021-07-30,25.327383041381836
2021-08-02,25.747249603271484
2021-08-03,25.814966201782227
2021-08-04,25.489906311035156
2021-08-05,25.259660720825195
2021-08-06,25.442502975463867
2021-08-09,25.361242294311523
2021-08-10,25.456045150756836
2021-08-11,25.408645629882812
2021-08-12,24.948152542114258
2021-08-13,25.049728393554688
2021-08-16,24.57568359375
2021-08-17,24.358978271484375
2021-08-18,23.600515365600586
2021-08-19,23.336402893066406
2021-08-20,23.607288360595703
2021-08-23,23.55310821533203
2021-08-24,24.57568359375
2021-08-25,24.948152542114258
2021-08-26,24.379295349121094
2021-08-27,25.042953491210938
2021-08-30,24.860111236572266
2021-08-31,24.650177001953125
2021-09-01,24.819480895996094
2021-09-02,24.345436096191406
2021-09-03,24.27771759033203
2021-09-07,24.426700592041016
2021-09-08,23.031660079956055
2021-09-09,23.783357620239258
2021-09-10,23.431215286254883
2021-09-13,23.939111709594727
2021-09-14,23.70209312438965
2021-09-15,23.57342529296875
2021-09-16,23.187421798706055
2021-09-17,22.55084991455078
2021-09-20,21.887189865112305
2021-09-21,22.32059669494629
2021-09-22,22.652433395385742
2021-09-23,22.963943481445312
2021-09-24,22.63888168334961
2021-09-27,22.577938079833984
2021-09-28,21.75852394104004
2021-09-29,21.89396095275879
2021-09-30,21.75852394104004
2021-10-01,22.401866912841797
2021-10-04,21.704347610473633
2021-10-05,21.575679779052734
2021-10-06,21.67725372314453
2021-10-07,21.568904876708984
2021-10-08,21.995546340942383
2021-10-11,21.75852394104004
2021-10-12,21.704347610473633
2021-10-13,22.05649185180664
2021-10-14,21.9887752532959
2021-10-15,22.523759841918945
2021-10-18,22.252880096435547
2021-10-19,21.270936965942383
2021-10-20,21.413148880004883
2021-10-21,20.38380241394043
2021-10-22,20.370256423950195
2021-10-25,21.12872314453125
2021-10-26,20.647912979125977
2021-10-27,20.708858489990234
2021-10-28,20.377029418945312
2021-10-29,19.85558319091797
2021-11-01,20.17386817932129
2021-11-02,19.808177947998047
2021-11-03,20.343168258666992
2021-11-04,19.821725845336914
2021-11-05,20.2822208404541
2021-11-08,20.261903762817383
2021-11-09,20.593730926513672
2021-11-10,20.60727882385254
2021-11-11,21.30479621887207
2021-11-12,20.898475646972656
2021-11-15,20.898475646972656
2021-11-16,20.404115676879883
2021-11-17,20.11968994140625
2021-11-18,19.740459442138672
2021-11-19,19.75400161743164
2021-11-22,19.747230529785156
2021-11-23,19.997798919677734
2021-11-24,20.194181442260742
2021-11-26,19.896215438842773
2021-11-29,19.869129180908203
2021-11-30,19.63210678100586
2021-12-01,19.313819885253906
2021-12-02,20.12646484375
2021-12-03,20.160322189331055
2021-12-06,20.45152473449707
2021-12-07,20.80366325378418
2021-12-08,21.189674377441406
2021-12-09,20.634366989135742
2021-12-10,20.776578903198242
2021-12-13,20.562267303466797
2021-12-14,20.374021530151367
2021-12-15,20.43918228149414
2021-12-16,20.7215518951416
2021-12-17,20.482624053955078
2021-12-20,19.903406143188477
2021-12-21,19.925127029418945
2021-12-22,20.20025634765625
2021-12-23,20.091651916503906
2021-12-27,20.36678123474121
2021-12-28,20.22197723388672
2021-12-29,19.83824348449707
2021-12-30,20.36334800720215
2021-12-31,20.443466186523438
2022-01-03,19.926366806030273
2022-01-04,19.838970184326172
2022-01-05,19.314592361450195
2022-01-06,19.49666976928711
2022-01-07,19.86081886291504
2022-01-10,19.65689468383789
2022-01-11,20.385202407836914
2022-01-12,21.01154136657715
2022-01-13,20.96784019470215
2022-01-14,21.200899124145508
2022-01-18,21.040668487548828
2022-01-19,21.76897430419922
2022-01-20,21.94376564025879
2022-01-21,21.79082489013672
2022-01-24,21.492218017578125
2022-01-25,22.133127212524414
2022-01-26,22.395313262939453
2022-01-27,22.723051071166992
2022-01-28,22.686634063720703
2022-01-31,23.028940200805664
2022-02-01,23.422224044799805
2022-02-02,23.261995315551758
2022-02-03,23.079917907714844
2022-02-04,23.072633743286133
2022-02-07,23.34210968017578
2022-02-08,23.38580894470215
2022-02-09,23.465919494628906
2022-02-10,23.618864059448242
2022-02-11,23.68440818786621
2022-02-14,23.86648941040039
2022-02-15,24.2597713470459
2022-02-16,24.50010871887207
2022-02-17,23.968448638916016
2022-02-18,23.975727081298828
2022-02-22,24.36173439025879
2022-02-23,24.405427932739258
2022-02-24,23.800941467285156
2022-02-25,24.077695846557617
2022-02-28,23.95388412475586
2022-03-01,23.96116828918457
2022-03-02,24.747732162475586
2022-03-03,25.177431106567383
2022-03-04,24.973508834838867
2022-03-07,24.055845260620117
2022-03-08,24.208786010742188
2022-03-09,24.864261627197266
2022-03-10,24.93709373474121
2022-03-11,24.303464889526367
2022-03-14,23.691692352294922
2022-03-15,23.189163208007812
2022-03-16,23.99029541015625
2022-03-17,24.63120460510254
2022-03-18,25.23569679260254
2022-03-21,25.89116668701172
2022-03-22,26.1824951171875
2022-03-23,26.56848907470703
2022-03-24,27.041889190673828
2022-03-25,27.449737548828125
2022-03-28,27.238527297973633
2022-03-29,27.573545455932617
2022-03-30,27.486154556274414
2022-03-31,27.537132263183594
2022-04-01,28.505775451660156
2022-04-04,28.782529830932617
2022-04-05,27.908571243286133
2022-04-06,27.435171127319336
2022-04-07,27.507999420166016
2022-04-08,27.573545455932617
2022-04-11,27.38418960571289
2022-04-12,27.347774505615234
2022-04-13,27.38418960571289
2022-04-14,27.121999740600586
2022-04-18,27.304075241088867
2022-04-19,27.078304290771484
2022-04-20,27.165695190429688
2022-04-21,26.45196533203125
2022-04-22,25.30852699279785
2022-04-25,24.827848434448242
2022-04-26,23.728113174438477
2022-04-27,24.041278839111328
2022-04-28,24.35445213317871
2022-04-29,23.86648941040039
2022-05-02,23.036222457885742
2022-05-03,23.429506301879883
2022-05-04,24.09954261779785
2022-05-05,23.058069229125977
2022-05-06,22.82501220703125
2022-05-09,22.031164169311523
2022-05-10,22.067575454711914
2022-05-11,22.337053298950195
2022-05-12,22.6429386138916
2022-05-13,23.225582122802734
2022-05-16,23.560596466064453
2022-05-17,24.15052604675293
2022-05-18,23.407655715942383
2022-05-19,23.90290069580078
2022-05-20,24.48554229736328
2022-05-23,25.374074935913086
2022-05-24,25.33037567138672
2022-05-25,25.30852699279785
2022-05-26,25.85475730895996
2022-05-27,26.014984130859375
2022-05-31,25.672679901123047
2022-06-01,25.563430786132812
2022-06-02,25.883886337280273
2022-06-03,25.66539764404297
2022-06-06,25.395923614501953
2022-06-07,24.973508834838867
2022-06-08,24.41271209716797
2022-06-09,24.00025749206543
2022-06-10,23.275981903076172
2022-06-13,22.124759674072266
2022-06-14,21.957029342651367
2022-06-15,22.55170249938965
2022-06-16,21.55296516418457
2022-06-17,21.286123275756836
2022-06-21,21.26325225830078
2022-06-22,21.148893356323242
2022-06-23,20.691452026367188
2022-06-24,20.737197875976562
2022-06-27,21.270875930786133
2022-06-28,21.087900161743164
2022-06-29,21.17938804626465
2022-06-30,20.88205337524414
2022-07-01,20.638084411621094
2022-07-05,20.15015411376953
2022-07-06,20.104408264160156
2022-07-07,20.821060180664062
2022-07-08,20.99641227722168
2022-07-11,20.165401458740234
2022-07-12,19.929059982299805
2022-07-13,20.012920379638672
2022-07-14,19.50211524963379
2022-07-15,19.768953323364258
2022-07-18,19.791826248168945
2022-07-19,20.020549774169922
2022-07-20,19.814697265625
2022-07-21,19.837570190429688
2022-07-22,19.86043930053711
2022-07-25,20.645709991455078
2022-07-26,20.638084411621094
2022-07-27,21.362363815307617
2022-07-28,21.97990608215332
2022-07-29,22.124759674072266
2022-08-01,21.857919692993164
2022-08-02,21.705442428588867
2022-08-03,21.728313446044922
2022-08-04,22.345853805541992
2022-08-05,22.681310653686523
2022-08-08,23.382719039916992
2022-08-09,23.420835494995117
2022-08-10,23.946889877319336
2022-08-11,23.519947052001953
2022-08-12,24.389080047607422
2022-08-15,24.41195297241211
2022-08-16,24.320465087890625
2022-08-17,24.22135353088379
2022-08-18,24.289966583251953
2022-08-19,23.763912200927734
2022-08-22,23.611433029174805
2022-08-23,24.472942352294922
2022-08-24,24.44245147705078
2022-08-25,24.556806564331055
2022-08-26,24.404327392578125
2022-08-29,24.6178035736084
2022-08-30,23.802034378051758
2022-08-31,23.268356323242188
2022-09-01,23.222612380981445
2022-09-02,23.535194396972656
2022-09-06,23.062509536743164
2022-09-07,23.275981903076172
2022-09-08,23.253108978271484
2022-09-09,24.00788116455078
2022-09-12,24.51869010925293
2022-09-13,23.497074127197266
2022-09-14,23.519947052001953
2022-09-15,23.12350082397461
2022-09-16,22.871910095214844
2022-09-19,23.840150833129883
2022-09-20,24.023130416870117
2022-09-21,23.817283630371094
2022-09-22,24.549184799194336
2022-09-23,23.43608283996582
2022-09-26,22.330608367919922
2022-09-27,22.239120483398438
2022-09-28,22.345853805541992
2022-09-29,22.086637496948242
2022-09-30,22.589820861816406
2022-10-03,24.816020965576172
2022-10-04,24.915136337280273
2022-10-05,25.021867752075195
2022-10-06,25.052366256713867
2022-10-07,24.747406005859375
2022-10-10,24.739784240722656
2022-10-11,24.137487411499023
2022-10-12,23.91639518737793
2022-10-13,24.07649803161621
2022-10-14,23.336973190307617
2022-10-17,23.83252716064453
2022-10-18,24.472942352294922
2022-10-19,24.61017417907715
2022-10-20,25.052366256713867
2022-10-21,25.990116119384766
2022-10-24,24.381454467773438
2022-10-25,23.969758987426758
2022-10-26,23.40558624267578
2022-10-27,24.1146183013916
2022-10-28,23.977386474609375
2022-10-31,24.907506942749023
2022-11-01,25.273462295532227
2022-11-02,24.52631187438965
2022-11-03,25.197219848632812
2022-11-04,25.822385787963867
2022-11-07,24.671167373657227
2022-11-08,24.907506942749023
2022-11-09,24.152734756469727
2022-11-10,22.574573516845703
2022-11-11,23.359846115112305
2022-11-14,23.489452362060547
2022-11-15,23.573312759399414
2022-11-16,22.666061401367188
2022-11-17,22.475461959838867
2022-11-18,22.467838287353516
2022-11-21,22.963397979736328
2022-11-22,22.467838287353516
2022-11-23,22.566951751708984
2022-11-25,22.55170249938965
2022-11-28,22.605072021484375
2022-11-29,23.32172393798828
2022-11-30,24.00025749206543
2022-12-01,23.802034378051758
2022-12-02,23.87827491760254
2022-12-05,23.062509536743164
2022-12-06,23.42845916748047
2022-12-07,23.268356323242188
2022-12-08,22.84903907775879
2022-12-09,22.826168060302734
2022-12-12,22.20100212097168
2022-12-13,21.71106719970703
2022-12-14,21.68648910522461
2022-12-15,21.59636878967285
2022-12-16,21.473472595214844
2022-12-19,21.940465927124023
2022-12-20,22.776138305664062
2022-12-21,22.94818687438965
2022-12-22,23.11204719543457
2022-12-23,23.587230682373047
2022-12-27,22.800716400146484
2022-12-28,23.284095764160156
2022-12-29,23.071081161499023
2022-12-30,22.915414810180664
2023-01-03,21.211301803588867
2023-01-04,21.579984664916992
2023-01-05,22.325531005859375
2023-01-06,23.185779571533203
2023-01-09,23.013731002807617
2023-01-10,23.611806869506836
2023-01-11,24.152536392211914
2023-01-12,24.357357025146484
2023-01-13,24.17711639404297
2023-01-17,24.2508544921875
2023-01-18,24.06241798400879
2023-01-19,24.185306549072266
2023-01-20,23.90675163269043
2023-01-23,23.90675163269043
2023-01-24,24.34916877746582
2023-01-25,24.971824645996094
2023-01-26,25.06194496154785
2023-01-27,24.431093215942383
2023-01-30,24.291818618774414
2023-01-31,24.85712242126465
2023-02-01,24.57037353515625
2023-02-02,24.136150360107422
2023-02-03,23.447952270507812
2023-02-06,23.357831954956055
2023-02-07,23.013731002807617
2023-02-08,23.390602111816406
2023-02-09,22.784330368041992
2023-02-10,23.021923065185547
2023-02-13,23.390602111816406
2023-02-14,23.193971633911133
2023-02-15,23.374217987060547
2023-02-16,23.464338302612305
2023-02-17,23.50530433654785
2023-02-21,23.11204719543457
2023-02-22,23.103853225708008
2023-02-23,23.390602111816406
2023-02-24,22.686016082763672
2023-02-27,22.64505386352539
2023-02-28,22.341915130615234
2023-03-01,22.522159576416016
2023-03-02,22.16986656188965
2023-03-03,22.325531005859375
2023-03-06,22.677825927734375
2023-03-07,22.39926528930664
2023-03-08,23.095659255981445
2023-03-09,22.702402114868164
2023-03-10,22.137096405029297
2023-03-13,21.79299545288086
2023-03-14,21.833959579467773
2023-03-15,21.547208786010742
2023-03-16,21.99781608581543
2023-03-17,21.61275291442871
2023-03-20,21.45708656311035
2023-03-21,21.506242752075195
2023-03-22,21.38335418701172
2023-03-23,20.695152282714844
2023-03-24,21.03105926513672
2023-03-27,21.36697006225586
2023-03-28,21.858537673950195
2023-03-29,22.1289005279541
2023-03-30,22.66963005065918
2023-03-31,22.432037353515625
2023-04-03,22.35830307006836
2023-04-04,22.38288116455078
2023-04-05,22.292755126953125
2023-04-06,22.194446563720703
2023-04-10,22.407461166381836
2023-04-11,23.595420837402344
2023-04-12,24.07880210876465
2023-04-13,24.021451950073242
2023-04-14,24.054224014282227
2023-04-17,23.93132781982422
2023-04-18,23.767475128173828
2023-04-19,22.75156021118164
2023-04-20,22.931804656982422
2023-04-21,22.694210052490234
2023-04-24,22.94818687438965
2023-04-25,22.620473861694336
2023-04-26,22.48119354248047
2023-04-27,22.939992904663086
2023-04-28,23.16120147705078
2023-05-01,22.97276496887207
2023-05-02,22.391075134277344
2023-05-03,22.604089736938477
2023-05-04,22.66963005065918
2023-05-05,23.562650680541992
2023-05-08,23.480722427368164
2023-05-09,23.792051315307617
2023-05-10,24.046031951904297
2023-05-11,24.218080520629883
2023-05-12,24.414709091186523
2023-05-15,24.701459884643555
2023-05-16,24.226274490356445
2023-05-17,24.57037353515625
2023-05-18,24.521217346191406
2023-05-19,24.488445281982422
2023-05-22,24.47205924987793
2023-05-23,24.422901153564453
2023-05-24,24.267240524291992
2023-05-25,24.119766235351562
2023-05-26,24.52941131591797
2023-05-30,23.857595443725586
2023-05-31,23.611806869506836
2023-06-01,24.34916877746582
2023-06-02,25.06194496154785
2023-06-05,25.193029403686523
2023-06-06,25.684600830078125
2023-06-07,25.86594009399414
2023-06-08,26.050640106201172
2023-06-09,26.529172897338867
2023-06-12,26.629911422729492
2023-06-13,26.503984451293945
2023-06-14,27.234375
2023-06-15,27.419071197509766
2023-06-16,27.133630752563477
2023-06-20,27.469444274902344
2023-06-21,27.847230911254883
2023-06-22,27.51981544494629
2023-06-23,27.444259643554688
2023-06-26,27.393888473510742
2023-06-27,27.108448028564453
2023-06-28,26.638309478759766
2023-06-29,27.024492263793945
2023-06-30,27.225982666015625
2023-07-03,27.561796188354492
2023-07-05,27.158815383911133
2023-07-06,26.243728637695312
2023-07-07,26.88177490234375
2023-07-10,26.58793830871582
2023-07-11,26.61312484741211
2023-07-12,26.88177490234375
2023-07-13,27.42746353149414
2023-07-14,27.07486343383789
2023-07-17,27.142032623291016
2023-07-18,27.041282653808594
2023-07-19,27.091655731201172
2023-07-20,27.133630752563477
2023-07-21,27.721303939819336
2023-07-24,28.28378677368164
2023-07-25,28.392925262451172
2023-07-26,28.63639259338379
2023-07-27,27.771677017211914
2023-07-28,28.03192901611328
2023-07-31,28.434904098510742
2023-08-01,27.889211654663086
2023-08-02,27.6793270111084
2023-08-03,27.108448028564453
2023-08-04,26.915353775024414
2023-08-07,26.88177490234375
2023-08-08,26.77263641357422
2023-08-09,26.56275177001953
2023-08-10,26.68868064880371
2023-08-11,26.503984451293945
2023-08-14,25.975080490112305
2023-08-15,25.706430435180664
2023-08-16,25.622478485107422
2023-08-17,25.454572677612305
2023-08-18,25.63926887512207
2023-08-21,25.37061882019043
2023-08-22,25.933101654052734
2023-08-23,26.797821044921875
2023-08-24,26.512380599975586
2023-08-25,26.285703659057617
2023-08-28,26.60472869873047
2023-08-29,26.982515335083008
2023-08-30,26.722261428833008
2023-08-31,25.899520874023438
2023-09-01,26.39484405517578
2023-09-05,26.159778594970703
2023-09-06,25.823963165283203
2023-09-07,25.320247650146484
2023-09-08,25.672849655151367
2023-09-11,26.3024959564209
2023-09-12,26.403240203857422
2023-09-13,26.69707489013672
2023-09-14,27.200796127319336
2023-09-15,27.08325958251953
2023-09-18,27.08325958251953
2023-09-19,26.898563385009766
2023-09-20,27.108448028564453
2023-09-21,26.193357467651367
2023-09-22,26.16817283630371
2023-09-25,26.025449752807617
2023-09-26,25.546918869018555
2023-09-27,25.236289978027344
2023-09-28,25.572107315063477
2023-09-29,25.74840545654297
2023-10-02,25.244688034057617
2023-10-03,24.463924407958984
2023-10-04,24.52269172668457
2023-10-05,24.430343627929688
2023-10-06,24.640226364135742
2023-10-09,25.009620666503906
2023-10-10,25.698034286499023
2023-10-11,25.807172775268555
2023-10-12,25.295059204101562
2023-10-13,25.37901496887207
2023-10-16,25.832361221313477
2023-10-17,25.72321891784668
2023-10-18,25.278270721435547
2023-10-19,25.269874572753906
2023-10-20,25.135549545288086
2023-10-23,25.026411056518555
2023-10-24,25.37901496887207
2023-10-25,25.118759155273438
2023-10-26,25.5972900390625
2023-10-27,25.127155303955078
2023-10-30,24.78294563293457
2023-10-31,24.992826461791992
2023-11-01,25.740013122558594
2023-11-02,26.47879981994629
2023-11-03,26.781028747558594
2023-11-06,26.88177490234375
2023-11-07,27.066469192504883
2023-11-08,26.848190307617188
2023-11-09,26.705469131469727
2023-11-10,27.200796127319336
2023-11-13,27.142032623291016
2023-11-14,28.023536682128906
2023-11-15,28.208227157592773
2023-11-16,28.266998291015625
2023-11-17,28.115882873535156
2023-11-20,28.678367614746094
2023-11-21,28.367746353149414
2023-11-22,28.34255599975586
2023-11-24,28.350954055786133
2023-11-27,28.334157943725586
2023-11-28,28.64478302001953
2023-11-29,28.367746353149414
2023-11-30,28.55243682861328
2023-12-01,28.896644592285156
2023-12-04,28.250211715698242
2023-12-05,28.32576560974121
2023-12-06,28.24181365966797
2023-12-07,28.208227157592773
2023-12-08,28.418113708496094
2023-12-11,28.34255599975586
2023-12-12,28.057113647460938
2023-12-13,29.081342697143555
2023-12-14,29.433948516845703
2023-12-15,29.039365768432617
2023-12-18,29.543087005615234
2023-12-19,29.937665939331055
2023-12-20,29.36479949951172
2023-12-21,29.842912673950195
2023-12-22,30.095008850097656
2023-12-26,30.555736541748047
2023-12-27,30.66004753112793
2023-12-28,30.520963668823242
2023-12-29,30.390567779541016
2024-01-02,29.877685546875
2024-01-03,29.92984390258789
2024-01-04,29.616893768310547
2024-01-05,29.955917358398438
2024-01-08,30.016775131225586
2024-01-09,29.590818405151367
2024-01-10,29.547351837158203
2024-01-11,29.695133209228516
2024-01-12,29.851606369018555
2024-01-16,29.069238662719727
2024-01-17,28.8953800201416
2024-01-18,28.60851287841797
2024-01-19,28.6519775390625
2024-01-22,28.113014221191406
2024-01-23,28.634592056274414
2024-01-24,28.625900268554688
2024-01-25,28.85191535949707
2024-01-26,29.008386611938477
2024-01-29,28.799758911132812
2024-01-30,28.56505012512207
2024-01-31,28.617202758789062
2024-02-01,28.9388427734375
2024-02-02,28.399879455566406
2024-02-05,28.4085750579834
2024-02-06,29.173555374145508
2024-02-07,29.025774002075195
2024-02-08,28.434654235839844
2024-02-09,28.625900268554688
2024-02-12,28.877994537353516
2024-02-13,28.052162170410156
2024-02-14,28.29556655883789
2024-02-15,28.51289176940918
2024-02-16,28.78236961364746
2024-02-20,29.286561965942383
2024-02-21,29.286561965942383
2024-02-22,29.11270523071289
2024-02-23,28.791067123413086
2024-02-26,28.9388427734375
2024-02-27,29.625585556030273
2024-02-28,28.99100112915039
2024-02-29,28.6954402923584
2024-03-01,28.860607147216797
2024-03-04,28.678056716918945
2024-03-05,28.556354522705078
2024-03-06,28.8171443939209
2024-03-07,28.7736759185791
2024-03-08,28.104324340820312
2024-03-11,27.921768188476562
2024-03-12,28.29556655883789
2024-03-13,28.4085750579834
2024-03-14,28.165172576904297
2024-03-15,27.89569091796875
2024-03-18,27.808759689331055
2024-03-19,27.88699722290039
2024-03-20,28.530277252197266
2024-03-21,28.29556655883789
2024-03-22,27.930463790893555
2024-03-25,28.03477668762207
2024-03-26,28.043468475341797
2024-03-27,28.260793685913086
2024-03-28,28.182558059692383
2024-04-01,27.6696720123291
2024-04-02,27.82614517211914
2024-04-03,27.89569091796875
2024-04-04,27.89569091796875
2024-04-05,27.65228843688965
2024-04-08,28.269489288330078
2024-04-09,28.678056716918945
2024-04-10,27.88699722290039
2024-04-11,27.660980224609375
2024-04-12,27.18286895751953
2024-04-15,26.782991409301758
2024-04-16,26.148406982421875
2024-04-17,26.226642608642578
2024-04-18,26.17448616027832
2024-04-19,26.722143173217773
2024-04-22,26.956850051879883
2024-04-23,27.08724594116211
2024-04-24,26.939462661743164
2024-04-25,26.782991409301758
2024-04-26,27.41758155822754
2024-04-29,27.600128173828125
2024-04-30,26.9742374420166
2024-05-01,27.07855224609375
2024-05-02,27.626209259033203
2024-05-03,28.086936950683594
2024-05-06,28.104324340820312
2024-05-07,28.269489288330078
2024-05-08,28.165172576904297
2024-05-09,27.687057495117188
2024-05-10,27.478429794311523
2024-05-13,27.626209259033203
2024-05-14,27.79137420654297
2024-05-15,27.495813369750977
2024-05-16,27.55666732788086
2024-05-17,27.600128173828125
2024-05-20,27.521892547607422
2024-05-21,27.33064842224121
2024-05-22,26.83515167236328
2024-05-23,26.635211944580078
2024-05-24,26.452659606933594
2024-05-28,26.42658042907715
2024-05-29,25.974546432495117
2024-05-30,26.104942321777344
2024-05-31,25.731143951416016
2024-06-03,25.713756561279297
2024-06-04,25.426891326904297
2024-06-05,25.339962005615234
2024-06-06,25.878923416137695
2024-06-07,25.00093650817871
2024-06-10,24.870540618896484
2024-06-11,25.008832931518555
2024-06-12,24.4610595703125
2024-06-13,24.50596046447754
2024-06-14,24.48800277709961
2024-06-17,24.22758674621582
2024-06-18,24.299427032470703
2024-06-20,24.37126350402832
2024-06-21,24.65861701965332
2024-06-24,25.134550094604492
2024-06-25,24.78433609008789
2024-06-26,24.56882095336914
2024-06-27,24.91005516052246
2024-06-28,24.541879653930664
2024-07-01,24.37126350402832
2024-07-02,24.389223098754883
2024-07-03,25.188430786132812
2024-07-05,25.49374008178711
2024-07-08,25.49374008178711
2024-07-09,25.85293960571289
2024-07-10,25.87987518310547
2024-07-11,25.996614456176758
2024-07-12,26.176210403442383
2024-07-15,26.158248901367188
2024-07-16,26.21213150024414
2024-07-17,26.041513442993164
2024-07-18,25.215370178222656
2024-07-19,25.143529891967773
2024-07-22,25.368026733398438
2024-07-23,24.999853134155273
2024-07-24,24.730459213256836
2024-07-25,24.65861701965332
2024-07-26,24.91005516052246
2024-07-29,24.92801284790039
2024-07-30,24.793315887451172
2024-07-31,24.936994552612305
2024-08-01,24.57779884338379
2024-08-02,24.407180786132812
2024-08-05,24.12881088256836
2024-08-06,24.6675968170166
2024-08-07,25.035770416259766
2024-08-08,25.511701583862305
2024-08-09,26.20315170288086
2024-08-12,26.42764663696289
2024-08-13,26.903575897216797
2024-08-14,26.939498901367188
2024-08-15,27.03827667236328
2024-08-16,27.155014038085938
2024-08-19,27.774620056152344
2024-08-20,27.433387756347656
2024-08-21,27.46930694580078
2024-08-22,26.723979949951172
2024-08-23,27.334609985351562
2024-08-26,27.568082809448242
2024-08-27,27.52318572998047
2024-08-28,27.424407958984375
2024-08-29,26.813777923583984
2024-08-30,26.822757720947266
2024-09-03,26.38274574279785
2024-09-04,26.562341690063477
2024-09-05,26.894596099853516
2024-09-06,26.364788055419922
2024-09-09,26.463565826416016
2024-09-10,26.050493240356445
2024-09-11,26.221111297607422
2024-09-12,26.292949676513672
2024-09-13,26.625200271606445
2024-09-16,26.939498901367188
2024-09-17,27.101133346557617
2024-09-18,26.9664363861084
2024-09-19,27.03827667236328
2024-09-20,26.21213150024414
2024-09-23,26.032533645629883
2024-09-24,26.670101165771484
2024-09-25,26.49050521850586
2024-09-26,26.688060760498047
2024-09-27,26.697040557861328
2024-09-30,26.481525421142578
2024-10-01,26.49948501586914
2024-10-02,26.732959747314453
2024-10-03,26.23906898498535
2024-10-04,26.409687042236328
2024-10-07,26.23906898498535
2024-10-08,26.014572143554688
2024-10-09,25.46680450439453
2024-10-10,25.60150146484375
2024-10-11,25.430885314941406
2024-10-14,25.996614456176758
2024-10-15,25.502723693847656
2024-10-16,25.547622680664062
2024-10-17,25.49374008178711
2024-10-18,25.3231258392334
2024-10-21,25.296188354492188
2024-10-22,25.233327865600586
2024-10-23,25.152509689331055
2024-10-24,25.44884490966797
2024-10-25,25.26026725769043
2024-10-28,25.628440856933594
2024-10-29,25.332107543945312
2024-10-30,25.30516815185547
2024-10-31,24.945972442626953
2024-11-01,24.254528045654297
2024-11-04,24.963932037353516
2024-11-05,25.224348068237305
2024-11-06,25.439865112304688
2024-11-07,25.368026733398438
2024-11-08,24.883113861083984
2024-11-11,24.883113861083984
2024-11-12,24.865154266357422
2024-11-13,24.721479415893555
2024-11-14,24.613719940185547
2024-11-15,24.51494026184082
2024-11-18,24.59575843811035
2024-11-19,24.496980667114258
2024-11-20,24.389223098754883
2024-11-21,24.173707962036133
2024-11-22,24.703519821166992
2024-11-25,24.62270164489746
2024-11-26,24.65861701965332
2024-11-27,23.760635375976562
2024-11-29,22.916532516479492
2024-12-02,22.665096282958984
2024-12-03,22.808773040771484
2024-12-04,22.853673934936523
2024-12-05,23.239805221557617
2024-12-06,22.692035675048828
2024-12-09,22.925512313842773
2024-12-10,23.17694664001465
2024-12-11,23.80553436279297
2024-12-12,23.1051082611084
2024-12-13,22.674076080322266
2024-12-16,22.180187225341797
2024-12-17,22.548477172851562
2024-12-18,21.045246124267578
2024-12-19,21.449237823486328
2024-12-20,21.69351577758789
2024-12-23,21.251941680908203
2024-12-24,21.383472442626953
2024-12-26,21.34589195251465
2024-12-27,21.195568084716797
2024-12-30,21.24254608154297
2024-12-31,21.148591995239258
2025-01-02,21.336496353149414
2025-01-03,21.09222412109375
2025-01-06,21.458635330200195
2025-01-07,21.7780704498291
2025-01-08,21.4868221282959
2025-01-10,21.317707061767578
2025-01-13,21.430448532104492
2025-01-14,21.580774307250977
2025-01-15,22.34178352355957
2025-01-16,21.956581115722656
2025-01-17,22.12569236755371
2025-01-21,22.398155212402344
2025-01-22,22.717592239379883
2025-01-23,22.745777130126953
2025-01-24,22.867916107177734
2025-01-27,23.149770736694336
2025-01-28,23.28130340576172
2025-01-29,23.177955627441406
2025-01-30,23.835620880126953
2025-01-31,23.79804039001465
2025-02-03,23.845012664794922
2025-02-04,23.910781860351562
2025-02-05,23.891992568969727
2025-02-06,24.211427688598633
2025-02-07,23.694690704345703
2025-02-10,24.03291893005371
2025-02-11,24.2302188873291
2025-02-12,23.80743408203125
2025-02-13,23.920177459716797
2025-02-14,24.7751407623291
2025-02-18,24.793930053710938
2025-02-19,24.512073516845703
2025-02-20,24.61542320251465
2025-02-21,23.9295711517334
2025-02-24,23.544368743896484
2025-02-25,23.75106430053711
2025-02-26,23.375255584716797
2025-02-27,23.21553611755371
2025-02-28,22.651824951171875
2025-03-03,22.680009841918945
2025-03-04,22.46392059326172
2025-03-05,23.093399047851562
2025-03-06,23.084003448486328
2025-03-07,23.318883895874023
2025-03-10,22.830331802368164
2025-03-11,22.905494689941406
2025-03-12,22.999446868896484
2025-03-13,23.300092697143555
2025-03-14,24.277193069458008
2025-03-17,24.850303649902344
2025-03-18,24.963043212890625
2025-03-19,25.310667037963867
2025-03-20,24.97243881225586
2025-03-21,24.963043212890625
2025-03-24,24.60602569580078
2025-03-25,24.82211685180664
2025-03-26,24.709373474121094
2025-03-27,24.737558364868164
2025-03-28,24.389936447143555
2025-03-31,24.286590576171875
2025-04-01,24.559049606323242
2025-04-02,24.559049606323242
2025-04-03,24.737558364868164
2025-04-04,23.018238067626953
2025-04-07,22.501501083374023
2025-04-08,22.02234649658203
2025-04-09,23.21553611755371
2025-04-10,22.726987838745117
2025-04-11,23.196748733520508
2025-04-14,23.497394561767578
2025-04-15,23.35646629333496
2025-04-16,23.290700912475586
2025-04-17,23.694690704345703
2025-04-21,23.675901412963867
2025-04-22,24.29598617553711
2025-04-23,24.718769073486328
2025-04-24,25.12276268005371
2025-04-25,25.310667037963867
2025-04-28,25.564334869384766
2025-04-29,25.705265045166016
2025-04-30,25.404619216918945
2025-05-01,25.254295349121094
2025-05-02,25.479780197143555
2025-05-05,25.094575881958008
2025-05-06,25.000625610351562
2025-05-07,24.80332374572754
2025-05-08,25.818008422851562
2025-05-09,25.89316749572754
2025-05-12,25.827402114868164
2025-05-13,26.616596221923828
2025-05-14,26.494462966918945
2025-05-15,26.315950393676758
2025-05-16,26.30655860900879
2025-05-19,26.475671768188477
2025-05-20,26.456880569458008
2025-05-21,25.996517181396484
2025-05-22,25.855588912963867
2025-05-23,25.977725982666016
2025-05-27,26.297163009643555
2025-05-28,26.01530647277832
2025-05-29,26.024703979492188
2025-05-30,25.564334869384766
2025-06-02,25.620708465576172
2025-06-03,25.91196060180664
2025-06-04,25.780426025390625
2025-06-05,25.930749893188477
2025-06-06,26.043489456176758
2025-06-09,25.949541091918945
2025-06-10,26.043489456176758
2025-06-11,26.51325035095215
2025-06-12,26.447484970092773
2025-06-13,26.43808937072754
2025-06-16,27.093660354614258
2025-06-17,26.902254104614258
2025-06-18,26.8735408782959
2025-06-20,26.481159210205078
2025-06-23,26.471586227416992
2025-06-24,26.777835845947266
2025-06-25,26.385454177856445
2025-06-26,26.9213924407959
2025-06-27,26.93096351623535
2025-06-30,27.610458374023438
2025-07-01,27.553037643432617
2025-07-02,27.66788101196289
2025-07-03,28.050695419311523
2025-07-07,27.371200561523438
2025-07-08,27.476472854614258
2025-07-09,26.950103759765625
2025-07-10,26.529006958007812
2025-07-11,26.347171783447266
2025-07-14,26.13662338256836
2025-07-15,26.289749145507812
2025-07-16,26.385454177856445
2025-07-17,26.50029754638672
2025-07-18,25.696388244628906
2025-07-21,25.916505813598633
2025-07-22,25.83994483947754
2025-07-23,26.299320220947266
2025-07-24,25.964357376098633
2025-07-25,25.782522201538086
2025-07-28,25.38056755065918
2025-07-29,25.61025619506836
2025-07-30,25.72509765625
2025-07-31,25.409276962280273
2025-08-01,25.504981994628906
2025-08-04,25.772953033447266
2025-08-05,25.85908317565918
2025-08-06,26.270610809326172
2025-08-07,26.844829559326172
2025-08-08,26.615142822265625
2025-08-11,26.45244598388672
2025-08-12,27.17022132873535
2025-08-13,26.96924591064453
2025-08-14,26.69170570373535
2025-08-15,26.988386154174805
2025-08-18,27.074520111083984
2025-08-19,26.184476852416992
2025-08-20,26.50029754638672
2025-08-21,26.471586227416992
2025-08-22,27.38077163696289
2025-08-25,27.505184173583984
2025-08-26,27.38077163696289
2025-08-27,27.773155212402344
2025-08-28,28.22296142578125
2025-08-29,28.23253059387207
2025-09-02,27.754013061523438
2025-09-03,27.744441986083984
2025-09-04,27.916709899902344
2025-09-05,28.356945037841797
2025-09-08,28.309093475341797
2025-09-09,28.27081298828125
2025-09-10,28.51007080078125
2025-09-11,28.758899688720703
2025-09-12,28.73975944519043
2025-09-15,29.19913673400879
2025-09-16,29.37140464782715
2025-09-17,29.61066246032715
2025-09-18,29.495817184448242
2025-09-19,29.601091384887695
2025-09-22,29.46710777282715
2025-09-23,29.974334716796875
2025-09-24,29.71593475341797
2025-09-25,29.266130447387695
2025-09-26,29.409683227539062
2025-09-29,29.658512115478516
2025-09-30,29.66808319091797
2025-10-01,29.266130447387695
2025-10-02,28.940736770629883
2025-10-03,29.026870727539062
2025-10-06,29.007728576660156
2025-10-07,28.404796600341797
2025-10-08,28.586633682250977
2025-10-09,28.395227432250977
2025-10-10,27.553037643432617
2025-10-13,27.926280975341797
2025-10-14,27.849716186523438
2025-10-15,28.06026268005371
2025-10-16,27.983701705932617
2025-10-17,28.433507919311523
2025-10-20,28.92159652709961
2025-10-21,28.653627395629883
2025-10-22,28.73975944519043
2025-10-23,29.16085433959961
2025-10-24,29.170425415039062
2025-10-27,29.447965621948242
2025-10-28,29.591520309448242
2025-10-29,29.840349197387695
2025-10-30,29.71593475341797
2025-10-31,29.830780029296875
2025-11-03,30.165742874145508
2025-11-04,29.840349197387695
2025-11-05,30.7208194732666
2025-11-06,30.663400650024414
2025-11-07,30.912229537963867
2025-11-10,31.314184188842773
2025-11-11,32.05110168457031
2025-11-12,31.792701721191406
2025-11-13,31.56300926208496
2025-11-14,31.754419326782227
2025-11-17,31.37160301208496
2025-11-18,31.30461311340332
2025-11-19,31.094070434570312
2025-11-20,30.5294132232666
2025-11-21,30.65382957458496
2025-11-24,30.816524505615234
2025-11-25,31.1514892578125
2025-11-26,32.031959533691406
2025-11-28,32.16594314575195
2025-12-01,31.9649715423584
2025-12-02,32.567901611328125
2025-12-03,32.730594635009766
2025-12-04,33.22825622558594
2025-12-05,31.13234519958496
2025-12-08,31.3428955078125
2025-12-09,31.333328247070312
2025-12-10,31.362035751342773
2025-12-11,31.735279083251953
2025-12-12,31.88840675354004
2025-12-15,32.137237548828125
2025-12-16,31.1964054107666
2025-12-17,30.604068756103516
2025-12-18,30.77189826965332
2025-12-19,30.77189826965332
2025-12-22,30.574451446533203
2025-12-23,31.245765686035156
2025-12-24,31.147043228149414
2025-12-26,31.324745178222656
2025-12-29,31.018705368041992
2025-12-30,31.68832778930664
2025-12-31,31.47040367126465
2026-01-02,31.89634895324707
2026-01-05,32.48078536987305
2026-01-06,32.797767639160156
2026-01-07,32.39163589477539
2026-01-08,32.56993865966797
2026-01-09,32.74824142456055
2026-01-12,32.61946487426758
2026-01-13,32.322296142578125
2026-01-14,32.847293853759766
2026-01-15,33.04541015625
2026-01-16,32.857200622558594
2026-01-20,33.302955627441406
2026-01-21,34.689754486083984
2026-01-22,35.610984802246094
2026-01-23,36.24494934082031
2026-01-26,36.26476287841797
2026-01-27,37.532691955566406
2026-01-28,37.968544006347656
2026-01-29,37.760520935058594
2026-01-30,36.69070816040039
2026-02-02,37.096839904785156
2026-02-03,37.681278228759766
2026-02-04,36.63127136230469
2026-02-05,36.56193161010742
2026-02-06,37.20580291748047
2026-02-09,38.05768966674805
2026-02-10,37.95863723754883
2026-02-11,38.790714263916016
2026-02-12,38.12703323364258
2026-02-13,37.701087951660156
2026-02-17,37.38410568237305
2026-02-18,37.67136764526367
2026-02-19,38.24590301513672
2026-02-20,38.99873352050781
2026-02-23,38.40439224243164
2026-02-24,39.09779357910156
2026-02-25,39.21665954589844
2026-02-26,38.73127746582031
2026-02-27,38.364768981933594
2026-03-02,38.27561950683594
2026-03-03,36.472782135009766
2026-03-04,37.1364631652832
2026-03-05,36.017120361328125
2026-03-06,35.93787384033203
2026-03-09,36.75013732910156
2026-03-10,37.176082611083984
2026-03-11,37.255332946777344
2026-03-12,35.779380798339844
2026-03-13,35.15532302856445
2026-03-16,36.185516357421875
2026-03-17,36.36381912231445
2026-03-18,35.918060302734375
2026-03-19,36.155799865722656
2026-03-20,34.72937774658203
2026-03-23,36.502498626708984
2026-03-24,36.32419204711914
2026-03-25,37.18599319458008
2026-03-26,36.45296859741211
2026-03-27,36.28457260131836
2026-03-30,36.42325210571289
2026-03-31,38.027976989746094
2026-04-01,38.00816345214844
2026-04-02,37.98834991455078
2026-04-06,38.17656326293945
2026-04-07,38.097312927246094
2026-04-08,39.18694305419922
2026-04-09,40.1577033996582
2026-04-10,40.94025421142578
2026-04-13,41.12845993041992
2026-04-14,41.33647918701172
2026-04-15,41.06902313232422
2026-04-16,41.07893371582031
2026-04-17,40.771854400634766
2026-04-20,40.9105339050293
2026-04-21,40.40534591674805
2026-04-22,40.20722961425781
2026-04-23,39.711944580078125
2026-04-24,39.563358306884766
2026-04-27,39.51382827758789
2026-04-28,39.31571578979492
2026-04-29,38.285526275634766
2026-04-30,39.32562255859375
2026-05-01,39.058170318603516
2026-05-04,38.67184829711914
2026-05-05,39.33552551269531
2026-05-06,39.523738861083984
2026-05-07,38.43410873413086
2026-05-08,38.75109100341797
2026-05-11,38.29542922973633
2026-05-12,37.879390716552734
2026-05-13,36.43315887451172
2026-05-14,36.77985763549805
2026-05-15,35.888343811035156
2026-05-18,36.39353561401367
2026-05-19,35.551551818847656
2026-05-20,36.4034423828125
2026-05-21,36.660987854003906
2026-05-22,36.02702331542969
2026-05-26,36.14589309692383
2026-05-27,35.76947784423828
2026-05-28,35.76947784423828
2026-05-29,35.57136154174805
2026-06-01,35.33362579345703
2026-06-02,35.442588806152344
2026-06-03,34.31333923339844
2026-06-04,34.45201873779297
2026-06-05,33.68927764892578
2026-06-08,33.37229537963867
2026-06-09,33.600128173828125
2026-06-10,33.461448669433594
2026-06-11,34.48173904418945
2026-06-12,34.76900100708008
2026-06-15,34.63999938964844
2026-06-16,34.40999984741211
2026-06-17,34.11000061035156
2026-06-18,33.72999954223633
2026-06-22,34.27000045776367
2026-06-23,34.150001525878906
2026-06-24,33.849998474121094
2026-06-25,34.18000030517578
2026-06-26,34.66999816894531
2026-06-29,34.54999923706055
2026-06-30,34.5
2026-07-01,34.18000030517578
2026-07-02,34.43000030517578
2026-07-06,34.91999816894531
2026-07-07,34.63999938964844
2026-07-08,34.40999984741211
2026-07-09,34.959999084472656
2026-07-10,35.93000030517578
2026-07-13,35.38999938964844
2026-07-14,36.029998779296875
2026-07-15,35.880001068115234
2026-07-16,35.33000183105469
2026-07-17,35.22999954223633
2026-07-20,35.47999954223633
2026-07-21,35.619998931884766
2026-07-22,36.619998931884766
2026-07-23,36.16999816894531
2026-07-24,35.72999954223633
2026-07-27,35.869998931884766
2026-07-28,36.04999923706055
2026-07-29,35.470001220703125
2026-07-30,36.529998779296875
2026-07-31,36.650001525878906
2026-08-03,36.41999816894531
2026-08-04,36.09000015258789
2026-08-05,36.11000061035156
2026-08-06,35.810001373291016
2026-08-07,35.34000015258789
2026-08-10,35.189998626708984
2026-08-11,33.97999954223633
2026-08-12,33.86000061035156
2026-08-13,33.77000045776367
2026-08-14,33.93000030517578
2026-08-17,33.970001220703125
2026-08-18,33.70000076293945
2026-08-19,34.2599983215332
2026-08-20,34.13999938964844
2026-08-21,35.060001373291016
2026-08-24,35.16999816894531
2026-08-25,35.880001068115234
2026-08-26,35.720001220703125
2026-08-27,35.7599983215332
2026-08-28,35.54999923706055
2026-08-31,36.029998779296875
2026-09-01,36.56999969482422
2026-09-02,38.09000015258789
2026-09-03,38.130001068115234
2026-09-04,37.86000061035156
2026-09-08,38.61000061035156
2026-09-09,38.06999969482422
2026-09-10,38.560001373291016
2026-09-11,38.189998626708984
2026-09-14,37.720001220703125
2026-09-15,37.779998779296875
2026-09-16,37.47999954223633
2026-09-17,37.7400016784668
2026-09-18,37.52000045776367
2026-09-21,38.06999969482422
2026-09-22,38.2599983215332
2026-09-23,37.369998931884766
2026-09-24,36.90999984741211
2026-09-25,36.81999969482422
2026-09-28,36.209999084472656
2026-09-29,36.470001220703125
2026-09-30,37.25
2026-10-01,37.13999938964844
2026-10-02,38.189998626708984
2026-10-05,42.97999954223633
2026-10-06,43.0
2026-10-07,42.369998931884766
