date,adjclose
2011-10-10,27.958110809326172
2011-10-11,28.08626937866211
2011-10-12,29.175535202026367
2011-10-13,28.727018356323242
2011-10-14,29.70949935913086
2011-10-17,28.193050384521484
2011-10-18,29.090099334716797
2011-10-19,27.787246704101562
2011-10-20,27.44550895690918
2011-10-21,28.641584396362305
2011-10-24,30.627910614013672
2011-10-25,29.645423889160156
2011-10-26,30.649272918701172
2011-10-27,33.29771041870117
2011-10-28,33.63944625854492
2011-10-31,31.589033126831055
2011-11-01,29.944442749023438
2011-11-02,31.119157791137695
2011-11-03,32.14434814453125
2011-11-04,31.99484634399414
2011-11-07,31.99484634399414
2011-11-08,32.635597229003906
2011-11-09,30.307540893554688
2011-11-10,30.328895568847656
2011-11-11,31.140522003173828
2011-11-14,30.627910614013672
2011-11-15,30.691987991333008
2011-11-16,29.730854034423828
2011-11-17,28.598859786987305
2011-11-18,28.427995681762695
2011-11-21,27.082426071166992
2011-11-22,27.295995712280273
2011-11-23,26.164011001586914
2011-11-25,26.249441146850586
2011-11-28,27.616384506225586
2011-11-29,28.235774993896484
2011-11-30,30.20073890686035
2011-12-01,30.20073890686035
2011-12-02,29.923084259033203
2011-12-05,30.58519744873047
2011-12-06,31.653112411499023
2011-12-07,31.823976516723633
2011-12-08,30.4997615814209
2011-12-09,31.31138038635254
2011-12-12,29.987157821655273
2011-12-13,29.090099334716797
2011-12-14,28.21441078186035
2011-12-15,28.150331497192383
2011-12-16,28.49207305908203
2011-12-19,27.9153995513916
2011-12-20,29.068742752075195
2011-12-21,29.260971069335938
2011-12-22,29.624065399169922
2011-12-23,29.901718139648438
2011-12-27,29.55998992919922
2011-12-28,28.63667106628418
2011-12-29,29.230878829956055
2011-12-30,29.345157623291016
2012-01-03,30.876413345336914
2012-01-04,31.104948043823242
2012-01-05,30.73928451538086
2012-01-06,30.442180633544922
2012-01-09,30.282197952270508
2012-01-10,31.24207305908203
2012-01-11,31.24207305908203
2012-01-12,32.064842224121094
2012-01-13,31.79058837890625
2012-01-17,32.33909225463867
2012-01-18,33.29898452758789
2012-01-19,33.66465377807617
2012-01-20,33.527523040771484
2012-01-23,33.82463455200195
2012-01-24,33.4818229675293
2012-01-25,34.464561462402344
2012-01-26,34.71596145629883
2012-01-27,34.78451919555664
2012-01-30,33.801780700683594
2012-01-31,34.190303802490234
2012-02-01,34.92165756225586
2012-02-02,35.333030700683594
2012-02-03,36.06438064575195
2012-02-06,35.63014221191406
2012-02-07,34.92165756225586
2012-02-08,34.96736145019531
2012-02-09,35.355892181396484
2012-02-10,34.23602294921875
2012-02-13,34.487422943115234
2012-02-14,33.82463455200195
2012-02-15,33.64179229736328
2012-02-16,34.007469177246094
2012-02-17,34.007469177246094
2012-02-21,34.76167678833008
2012-02-22,34.670249938964844
2012-02-23,34.853084564208984
2012-02-24,35.150203704833984
2012-02-27,34.69310760498047
2012-02-28,35.081634521484375
2012-02-29,34.670249938964844
2012-03-01,34.92165756225586
2012-03-02,34.32743453979492
2012-03-05,33.093292236328125
2012-03-06,31.79058837890625
2012-03-07,32.133399963378906
2012-03-08,33.00187301635742
2012-03-09,33.093292236328125
2012-03-12,32.52193832397461
2012-03-13,33.23041915893555
2012-03-14,32.4533576965332
2012-03-15,32.590492248535156
2012-03-16,32.75047302246094
2012-03-19,33.047584533691406
2012-03-20,32.27052688598633
2012-03-21,32.133399963378906
2012-03-22,31.264942169189453
2012-03-23,31.676315307617188
2012-03-26,32.04198455810547
2012-03-27,31.973421096801758
2012-03-28,30.944971084594727
2012-03-29,30.853565216064453
2012-03-30,31.173511505126953
2012-04-02,31.836294174194336
2012-04-03,31.356355667114258
2012-04-04,30.442180633544922
2012-04-05,30.73928451538086
2012-04-09,30.236478805541992
2012-04-10,29.779399871826172
2012-04-11,30.053653717041016
2012-04-12,31.356355667114258
2012-04-13,30.7164249420166
2012-04-16,30.35075569152832
2012-04-17,30.922122955322266
2012-04-18,30.944971084594727
2012-04-19,30.876413345336914
2012-04-20,31.104948043823242
2012-04-23,30.099355697631836
2012-04-24,30.236478805541992
2012-04-25,30.876413345336914
2012-04-26,31.104948043823242
2012-04-27,31.53919219970703
2012-04-30,31.15066146850586
2012-05-01,31.44776725769043
2012-05-02,30.990680694580078
2012-05-03,30.327903747558594
2012-05-04,29.345157623291016
2012-05-07,29.093761444091797
2012-05-08,28.24814224243164
2012-05-09,27.813899993896484
2012-05-10,27.882469177246094
2012-05-11,27.562511444091797
2012-05-14,26.465496063232422
2012-05-15,25.437044143676758
2012-05-16,25.50560760498047
2012-05-17,25.13993263244629
2012-05-18,24.957094192504883
2012-05-21,25.711294174194336
2012-05-22,25.45989418029785
2012-05-23,25.4141902923584
2012-05-24,25.345626831054688
2012-05-25,25.071365356445312
2012-05-29,25.985546112060547
2012-05-30,25.13993263244629
2012-05-31,24.84282112121582
2012-06-01,24.317167282104492
2012-06-04,24.317167282104492
2012-06-05,24.774263381958008
2012-06-06,25.871273040771484
2012-06-07,25.84842300415039
2012-06-08,25.68844223022461
2012-06-11,25.048519134521484
2012-06-12,25.185644149780273
2012-06-13,25.071365356445312
2012-06-14,25.277063369750977
2012-06-15,25.68844223022461
2012-06-18,26.054109573364258
2012-06-19,26.80830955505371
2012-06-20,26.442638397216797
2012-06-21,25.162784576416016
2012-06-22,25.25420570373535
2012-06-25,24.522859573364258
2012-06-26,24.477157592773438
2012-06-27,24.5000057220459
2012-06-28,24.042917251586914
2012-06-29,25.45989418029785
2012-07-02,25.345626831054688
2012-07-03,26.351219177246094
2012-07-05,26.374074935913086
2012-07-06,25.55131721496582
2012-07-09,25.185644149780273
2012-07-10,24.682842254638672
2012-07-11,24.614282608032227
2012-07-12,24.02006721496582
2012-07-13,24.774263381958008
2012-07-16,24.614282608032227
2012-07-17,24.454296112060547
2012-07-18,24.72854995727539
2012-07-19,25.437044143676758
2012-07-20,24.888534545898438
2012-07-23,24.02006721496582
2012-07-24,23.72295379638672
2012-07-25,23.74580955505371
2012-07-26,24.5000057220459
2012-07-27,25.299911499023438
2012-07-30,25.32277488708496
2012-07-31,25.071365356445312
2012-08-01,25.13993263244629
2012-08-02,24.705698013305664
2012-08-03,25.574167251586914
2012-08-06,26.008399963378906
2012-08-07,26.305509567260742
2012-08-08,26.511198043823242
2012-08-09,26.69403839111328
2012-08-10,26.89972496032715
2012-08-13,26.39692497253418
2012-08-14,26.145530700683594
2012-08-15,25.9169864654541
2012-08-16,26.534059524536133
2012-08-17,26.716896057128906
2012-08-20,26.48834991455078
2012-08-21,26.80830955505371
2012-08-22,26.876873016357422
2012-08-23,26.78545570373535
2012-08-24,26.739744186401367
2012-08-27,26.511198043823242
2012-08-28,26.534059524536133
2012-08-29,26.0312557220459
2012-08-30,25.437044143676758
2012-08-31,26.054109573364258
2012-09-04,26.07696533203125
2012-09-05,25.84842300415039
2012-09-06,26.854015350341797
2012-09-07,28.65951919555664
2012-09-10,28.47669219970703
2012-09-11,28.63667106628418
2012-09-12,28.86521339416504
2012-09-13,29.779399871826172
2012-09-14,30.990680694580078
2012-09-17,30.190773010253906
2012-09-18,30.053653717041016
2012-09-19,30.48788070678711
2012-09-20,29.779399871826172
2012-09-21,29.665119171142578
2012-09-24,29.345157623291016
2012-09-25,28.819509506225586
2012-09-26,28.408119201660156
2012-09-27,29.162321090698242
2012-09-28,28.933778762817383
2012-10-01,29.162321090698242
2012-10-02,29.070907592773438
2012-10-03,29.093761444091797
2012-10-04,29.345157623291016
2012-10-05,29.619415283203125
2012-10-08,29.345157623291016
2012-10-09,29.116615295410156
2012-10-10,28.86521339416504
2012-10-11,29.2994441986084
2012-10-12,29.048053741455078
2012-10-15,29.02519416809082
2012-10-16,29.57370376586914
2012-10-17,30.305038452148438
2012-10-18,30.35075569152832
2012-10-19,29.893667221069336
2012-10-22,29.893667221069336
2012-10-23,29.368009567260742
2012-10-24,29.505138397216797
2012-10-25,29.57370376586914
2012-10-26,29.482275009155273
2012-10-31,29.550857543945312
2012-11-01,30.07650375366211
2012-11-02,30.145069122314453
2012-11-05,30.396467208862305
2012-11-06,30.7164249420166
2012-11-07,29.93937873840332
2012-11-08,29.482275009155273
2012-11-09,29.390867233276367
2012-11-12,29.322303771972656
2012-11-13,28.65951919555664
2012-11-14,27.813899993896484
2012-11-15,27.699626922607422
2012-11-16,27.768198013305664
2012-11-19,28.47669219970703
2012-11-20,28.408119201660156
2012-11-21,28.45383071899414
2012-11-23,29.162321090698242
2012-11-26,29.048053741455078
2012-11-27,28.819509506225586
2012-11-28,29.276594161987305
2012-11-29,29.642257690429688
2012-11-30,29.527990341186523
2012-12-03,29.68798065185547
2012-12-04,29.482275009155273
2012-12-05,29.68798065185547
2012-12-06,29.596555709838867
2012-12-07,29.57370376586914
2012-12-10,30.16791534423828
2012-12-11,30.2136287689209
2012-12-12,30.419315338134766
2012-12-13,30.099355697631836
2012-12-14,30.647865295410156
2012-12-17,30.693574905395508
2012-12-18,30.647865295410156
2012-12-19,30.807844161987305
2012-12-20,30.60215187072754
2012-12-21,30.07650375366211
2012-12-24,30.053653717041016
2012-12-26,30.0079402923584
2012-12-27,30.215829849243164
2012-12-28,30.121337890625
2012-12-31,30.75920295715332
2013-01-02,32.105796813964844
2013-01-03,31.91680908203125
2013-01-04,32.153045654296875
2013-01-07,32.483787536621094
2013-01-08,32.176666259765625
2013-01-09,32.389305114746094
2013-01-10,32.88541030883789
2013-01-11,32.554664611816406
2013-01-14,32.389305114746094
2013-01-15,32.294795989990234
2013-01-16,31.845928192138672
2013-01-17,32.01130676269531
2013-01-18,31.8931884765625
2013-01-22,31.964059829711914
2013-01-23,31.869552612304688
2013-01-24,31.53881072998047
2013-01-25,31.2316951751709
2013-01-28,30.85369300842285
2013-01-29,31.137191772460938
2013-01-30,30.90094566345215
2013-01-31,30.971818923950195
2013-02-01,31.444313049316406
2013-02-04,30.90094566345215
2013-02-05,31.08994483947754
2013-02-06,31.208065032958984
2013-02-07,30.971818923950195
2013-02-08,31.16082000732422
2013-02-11,30.83007049560547
2013-02-12,30.75920295715332
2013-02-13,30.83007049560547
2013-02-14,30.71194839477539
2013-02-15,30.475696563720703
2013-02-19,29.932336807250977
2013-02-20,28.892860412597656
2013-02-21,28.231374740600586
2013-02-22,28.562114715576172
2013-02-25,28.13687515258789
2013-02-26,28.207744598388672
2013-02-27,28.420364379882812
2013-02-28,28.13687515258789
2013-03-01,27.80612564086914
2013-03-04,27.239139556884766
2013-03-05,27.499004364013672
2013-03-06,27.85337257385254
2013-03-07,27.9478759765625
2013-03-08,28.13687515258789
2013-03-11,28.08962631225586
2013-03-12,28.373111724853516
2013-03-13,27.995119094848633
2013-03-14,28.160493850708008
2013-03-15,28.278623580932617
2013-03-18,27.85337257385254
2013-03-19,27.239139556884766
2013-03-20,27.47538185119629
2013-03-21,27.19188690185547
2013-03-22,27.310007095336914
2013-03-25,26.79026985168457
2013-03-26,26.81389808654785
2013-03-27,26.81389808654785
2013-03-28,27.026517868041992
2013-04-01,26.435901641845703
2013-04-02,26.081533432006836
2013-04-03,25.420042037963867
2013-04-04,25.750791549682617
2013-04-05,25.987035751342773
2013-04-08,26.057912826538086
2013-04-09,26.932018280029297
2013-04-10,26.81389808654785
2013-04-11,26.743019104003906
2013-04-12,26.246906280517578
2013-04-15,23.955318450927734
2013-04-16,24.522310256958008
2013-04-17,23.08121109008789
2013-04-18,23.22295379638672
2013-04-19,23.97894859313965
2013-04-22,23.577327728271484
2013-04-23,23.411956787109375
2013-04-24,24.451435089111328
2013-04-25,25.25467300415039
2013-04-26,24.73493194580078
2013-04-29,24.73493194580078
2013-04-30,24.971176147460938
2013-05-01,24.59318733215332
2013-05-02,24.73493194580078
2013-05-03,25.72716522216797
2013-05-06,25.798036575317383
2013-05-07,25.65629005432129
2013-05-08,26.03428840637207
2013-05-09,25.84528923034668
2013-05-10,25.892539978027344
2013-05-13,25.632667541503906
2013-05-14,25.20742416381836
2013-05-15,24.75855827331543
2013-05-16,24.664058685302734
2013-05-17,24.569555282592773
2013-05-20,24.73493194580078
2013-05-21,24.900306701660156
2013-05-22,24.80580711364746
2013-05-23,24.522310256958008
2013-05-24,24.380563735961914
2013-05-28,24.333316802978516
2013-05-29,24.333316802978516
2013-05-30,24.853055953979492
2013-05-31,24.19156265258789
2013-06-03,24.522310256958008
2013-06-04,24.404190063476562
2013-06-05,24.167943954467773
2013-06-06,24.167943954467773
2013-06-07,24.026195526123047
2013-06-10,23.6481990814209
2013-06-11,23.128463745117188
2013-06-12,22.91584014892578
2013-06-13,23.48282814025879
2013-06-14,23.246585845947266
2013-06-17,23.38833236694336
2013-06-18,22.91584014892578
2013-06-19,22.443349838256836
2013-06-20,21.309362411499023
2013-06-21,21.33299446105957
2013-06-24,20.22263526916504
2013-06-25,20.3171329498291
2013-06-26,20.104516983032227
2013-06-27,20.3171329498291
2013-06-28,20.43526268005371
2013-07-01,20.789627075195312
2013-07-02,20.29351234436035
2013-07-03,20.388011932373047
2013-07-05,19.89189338684082
2013-07-08,19.86827278137207
2013-07-09,20.22263526916504
2013-07-10,20.104516983032227
2013-07-11,21.167621612548828
2013-07-12,20.90774917602539
2013-07-15,20.97862434387207
2013-07-16,21.144001007080078
2013-07-17,21.214868545532227
2013-07-18,21.262117385864258
2013-07-19,21.096750259399414
2013-07-22,21.4747371673584
2013-07-23,22.254352569580078
2013-07-24,21.970857620239258
2013-07-25,21.734609603881836
2013-07-26,21.663738250732422
2013-07-29,21.262117385864258
2013-07-30,20.860498428344727
2013-07-31,20.52975845336914
2013-08-01,20.90774917602539
2013-08-02,20.93137550354004
2013-08-05,20.860498428344727
2013-08-06,20.43526268005371
2013-08-07,20.22263526916504
2013-08-08,21.238494873046875
2013-08-09,22.065357208251953
2013-08-12,22.443349838256836
2013-08-13,22.585094451904297
2013-08-14,22.490596771240234
2013-08-15,22.63234519958496
2013-08-16,22.726839065551758
2013-08-19,22.325225830078125
2013-08-20,22.27797508239746
2013-08-21,21.663738250732422
2013-08-22,22.301597595214844
2013-08-23,22.585094451904297
2013-08-26,22.63234519958496
2013-08-27,21.970857620239258
2013-08-28,21.805482864379883
2013-08-29,21.592864990234375
2013-08-30,21.427490234375
2013-09-03,22.041730880737305
2013-09-04,22.11260223388672
2013-09-05,21.94723129272461
2013-09-06,22.27797508239746
2013-09-09,22.91584014892578
2013-09-10,23.010339736938477
2013-09-11,23.506452560424805
2013-09-12,23.057588577270508
2013-09-13,22.986717224121094
2013-09-16,23.057588577270508
2013-09-17,23.152084350585938
2013-09-18,23.931697845458984
2013-09-19,23.908069610595703
2013-09-20,23.270204544067383
2013-09-23,23.08121109008789
2013-09-24,22.892215728759766
2013-09-25,23.057588577270508
2013-09-26,23.104841232299805
2013-09-27,22.892215728759766
2013-09-30,22.585094451904297
2013-10-01,22.419721603393555
2013-10-02,22.655969619750977
2013-10-03,22.230724334716797
2013-10-04,22.348852157592773
2013-10-07,22.325225830078125
2013-10-08,21.970857620239258
2013-10-09,21.92361068725586
2013-10-10,22.230724334716797
2013-10-11,22.348852157592773
2013-10-14,22.396099090576172
2013-10-15,22.396099090576172
2013-10-16,22.325225830078125
2013-10-17,22.726839065551758
2013-10-18,22.96308708190918
2013-10-21,23.246585845947266
2013-10-22,23.860828399658203
2013-10-23,23.22295379638672
2013-10-24,23.530078887939453
2013-10-25,23.55370330810547
2013-10-28,23.45920753479004
2013-10-29,23.293832778930664
2013-10-30,23.293832778930664
2013-10-31,23.03396224975586
2013-11-01,22.655969619750977
2013-11-04,22.868595123291016
2013-11-05,23.08121109008789
2013-11-06,23.246585845947266
2013-11-07,22.585094451904297
2013-11-08,22.443349838256836
2013-11-11,22.207101821899414
2013-11-12,22.018104553222656
2013-11-13,21.805482864379883
2013-11-14,21.92361068725586
2013-11-15,21.899986267089844
2013-11-18,21.82910919189453
2013-11-19,21.64011573791504
2013-11-20,21.54561424255371
2013-11-21,21.45111846923828
2013-11-22,21.45111846923828
2013-11-25,21.356618881225586
2013-11-26,21.073122024536133
2013-11-27,21.00225257873535
2013-11-29,21.073122024536133
2013-12-02,20.64788055419922
2013-12-03,20.600637435913086
2013-12-04,20.600637435913086
2013-12-05,20.74237632751465
2013-12-06,20.93137550354004
2013-12-09,21.00225257873535
2013-12-10,20.93137550354004
2013-12-11,20.388011932373047
2013-12-12,20.340761184692383
2013-12-13,20.52975845336914
2013-12-16,20.6715087890625
2013-12-17,20.48250961303711
2013-12-18,20.64788055419922
2013-12-19,20.695131301879883
2013-12-20,21.191242218017578
2013-12-23,21.191242218017578
2013-12-24,21.521989822387695
2013-12-26,21.56924057006836
2013-12-27,21.892871856689453
2013-12-30,22.01185417175293
2013-12-31,22.29741668701172
2014-01-02,22.202228546142578
2014-01-03,22.01185417175293
2014-01-06,21.726299285888672
2014-01-07,21.58351707458496
2014-01-08,21.535921096801758
2014-01-09,21.13138198852539
2014-01-10,21.416940689086914
2014-01-13,21.488330841064453
2014-01-14,21.535921096801758
2014-01-15,22.01185417175293
2014-01-16,22.535385131835938
2014-01-17,22.535385131835938
2014-01-21,22.58297348022461
2014-01-22,22.249820709228516
2014-01-23,21.84528350830078
2014-01-24,21.2265682220459
2014-01-27,21.2503662109375
2014-01-28,21.488330841064453
2014-01-29,21.345548629760742
2014-01-30,21.321752548217773
2014-01-31,21.083786010742188
2014-02-03,20.822031021118164
2014-02-04,20.822031021118164
2014-02-05,20.941007614135742
2014-02-06,21.345548629760742
2014-02-07,21.869077682495117
2014-02-10,21.892871856689453
2014-02-11,22.39259910583496
2014-02-12,22.654361724853516
2014-02-13,22.55917739868164
2014-02-14,23.154094696044922
2014-02-18,23.106494903564453
2014-02-19,22.773345947265625
2014-02-20,22.797142028808594
2014-02-21,22.844738006591797
2014-02-24,22.844738006591797
2014-02-25,22.4877872467041
2014-02-26,22.202228546142578
2014-02-27,22.606769561767578
2014-02-28,22.63056755065918
2014-03-03,22.154634475708008
2014-03-04,22.749549865722656
2014-03-05,22.963720321655273
2014-03-06,23.249279022216797
2014-03-07,22.511587142944336
2014-03-10,21.75009536743164
2014-03-11,20.941007614135742
2014-03-12,20.988601684570312
2014-03-13,20.893413543701172
2014-03-14,20.774429321289062
2014-03-17,21.083786010742188
2014-03-18,21.17897605895996
2014-03-19,20.512672424316406
2014-03-20,20.39368438720703
2014-03-21,20.774429321289062
2014-03-24,20.774429321289062
2014-03-25,21.29796028137207
2014-03-26,21.13138198852539
2014-03-27,21.17897605895996
2014-03-28,21.654903411865234
2014-03-31,21.702497482299805
2014-04-01,21.654903411865234
2014-04-02,22.130840301513672
2014-04-03,21.84528350830078
2014-04-04,21.82148551940918
2014-04-07,21.869077682495117
2014-04-08,22.22602653503418
2014-04-09,22.58297348022461
2014-04-10,22.345008850097656
2014-04-11,22.01185417175293
2014-04-14,22.202228546142578
2014-04-15,21.94046401977539
2014-04-16,22.083250045776367
2014-04-17,22.39259910583496
2014-04-21,22.249820709228516
2014-04-22,22.273618698120117
2014-04-23,22.29741668701172
2014-04-24,22.535385131835938
2014-04-25,22.273618698120117
2014-04-28,22.130840301513672
2014-04-29,22.178430557250977
2014-04-30,22.178430557250977
2014-05-01,22.29741668701172
2014-05-02,22.154634475708008
2014-05-05,22.202228546142578
2014-05-06,22.249820709228516
2014-05-07,22.059450149536133
2014-05-08,22.059450149536133
2014-05-09,22.01185417175293
2014-05-12,22.844738006591797
2014-05-13,23.249279022216797
2014-05-14,23.51103973388672
2014-05-15,23.273080825805664
2014-05-16,23.20168685913086
2014-05-19,23.249279022216797
2014-05-20,23.154094696044922
2014-05-21,23.106494903564453
2014-05-22,23.48724365234375
2014-05-23,23.58243179321289
2014-05-27,23.653818130493164
2014-05-28,23.606229782104492
2014-05-29,23.796600341796875
2014-05-30,23.58243179321289
2014-06-02,23.891786575317383
2014-06-03,23.86798667907715
2014-06-04,23.86798667907715
2014-06-05,23.6776180267334
2014-06-06,23.606229782104492
2014-06-09,23.58243179321289
2014-06-10,23.39205551147461
2014-06-11,23.296873092651367
2014-06-12,23.106494903564453
2014-06-13,23.05890655517578
2014-06-16,23.17789077758789
2014-06-17,23.320667266845703
2014-06-18,23.653818130493164
2014-06-19,23.963176727294922
2014-06-20,24.058364868164062
2014-06-23,24.34392547607422
2014-06-24,24.010774612426758
2014-06-25,23.725210189819336
2014-06-26,23.86798667907715
2014-06-27,24.034570693969727
2014-06-30,24.201143264770508
2014-07-01,24.462907791137695
2014-07-02,25.462364196777344
2014-07-03,25.628942489624023
2014-07-07,25.628942489624023
2014-07-08,25.771718978881836
2014-07-09,25.985885620117188
2014-07-10,25.843107223510742
2014-07-11,25.890701293945312
2014-07-14,25.890701293945312
2014-07-15,25.50995445251465
2014-07-16,26.009685516357422
2014-07-17,25.36717414855957
2014-07-18,25.414770126342773
2014-07-21,25.628942489624023
2014-07-22,25.938297271728516
2014-07-23,26.461824417114258
2014-07-24,26.22385597229004
2014-07-25,26.342836380004883
2014-07-28,26.36663818359375
2014-07-29,26.414226531982422
2014-07-30,26.033483505249023
2014-07-31,25.414770126342773
2014-08-01,25.22439956665039
2014-08-04,25.628942489624023
2014-08-05,24.796058654785156
2014-08-06,24.819852828979492
2014-08-07,24.367717742919922
2014-08-08,24.367717742919922
2014-08-11,24.843650817871094
2014-08-12,24.677078247070312
2014-08-13,24.510499954223633
2014-08-14,24.272533416748047
2014-08-15,24.486705780029297
2014-08-18,24.558090209960938
2014-08-19,24.391515731811523
2014-08-20,24.41530990600586
2014-08-21,24.224937438964844
2014-08-22,24.201143264770508
2014-08-25,24.24873924255371
2014-08-26,24.486705780029297
2014-08-27,24.558090209960938
2014-08-28,24.034570693969727
2014-08-29,24.10595703125
2014-09-02,23.891786575317383
2014-09-03,24.15355110168457
2014-09-04,24.15355110168457
2014-09-05,24.034570693969727
2014-09-08,23.796600341796875
2014-09-09,23.58243179321289
2014-09-10,23.6776180267334
2014-09-11,23.415857315063477
2014-09-12,23.63002586364746
2014-09-15,23.082704544067383
2014-09-16,23.273080825805664
2014-09-17,23.035110473632812
2014-09-18,23.035110473632812
2014-09-19,22.654361724853516
2014-09-22,21.797687530517578
2014-09-23,21.702497482299805
2014-09-24,22.107040405273438
2014-09-25,21.559717178344727
2014-09-26,21.654903411865234
2014-09-29,21.46453094482422
2014-09-30,21.29796028137207
2014-10-01,20.822031021118164
2014-10-02,20.774429321289062
2014-10-03,20.369888305664062
2014-10-06,20.72684097290039
2014-10-07,20.369888305664062
2014-10-08,20.560266494750977
2014-10-09,20.08432960510254
2014-10-10,19.655988693237305
2014-10-13,19.56080436706543
2014-10-14,19.965351104736328
2014-10-15,19.6321964263916
2014-10-16,19.67978858947754
2014-10-17,19.751178741455078
2014-10-20,19.655988693237305
2014-10-21,20.179513931274414
2014-10-22,19.751178741455078
2014-10-23,19.870162963867188
2014-10-24,19.774974822998047
2014-10-27,19.465620040893555
2014-10-28,19.965351104736328
2014-10-29,19.989145278930664
2014-10-30,19.584604263305664
2014-10-31,19.703584671020508
2014-11-03,19.6083984375
2014-11-04,19.394227981567383
2014-11-05,19.061077117919922
2014-11-06,18.894498825073242
2014-11-07,19.370433807373047
2014-11-10,19.322845458984375
2014-11-11,19.489410400390625
2014-11-12,19.584604263305664
2014-11-13,19.394227981567383
2014-11-14,19.79877281188965
2014-11-17,19.774974822998047
2014-11-18,19.870162963867188
2014-11-19,19.513212203979492
2014-11-20,19.489410400390625
2014-11-21,20.179513931274414
2014-11-24,20.13191795349121
2014-11-25,20.179513931274414
2014-11-26,20.20331573486328
2014-11-28,18.942094802856445
2014-12-01,18.27579116821289
2014-12-02,18.228193283081055
2014-12-03,18.466163635253906
2014-12-04,18.394773483276367
2014-12-05,18.29958724975586
2014-12-08,17.871248245239258
2014-12-09,18.156803131103516
2014-12-10,17.5856876373291
2014-12-11,17.27633285522461
2014-12-12,16.94318199157715
2014-12-15,16.41965675354004
2014-12-16,16.348268508911133
2014-12-17,17.014570236206055
2014-12-18,17.395315170288086
2014-12-19,17.63327980041504
2014-12-22,17.395315170288086
2014-12-23,17.419109344482422
2014-12-24,17.44291114807129
2014-12-26,17.609485626220703
2014-12-29,17.65819549560547
2014-12-30,17.901756286621094
2014-12-31,17.926109313964844
2015-01-02,18.047895431518555
2015-01-05,17.585124969482422
2015-01-06,17.487703323364258
2015-01-07,17.51205825805664
2015-01-08,17.779977798461914
2015-01-09,17.682552337646484
2015-01-12,17.098005294799805
2015-01-13,16.367319107055664
2015-01-14,15.076445579528809
2015-01-15,14.930307388305664
2015-01-16,15.320008277893066
2015-01-20,15.61227798461914
2015-01-21,15.758415222167969
2015-01-22,15.880200386047363
2015-01-23,15.295652389526367
2015-01-26,15.344365119934082
2015-01-27,15.198226928710938
2015-01-28,14.8328857421875
2015-01-29,14.759815216064453
2015-01-30,14.857240676879883
2015-02-02,15.198226928710938
2015-02-03,16.24553871154785
2015-02-04,16.123760223388672
2015-02-05,16.53781509399414
2015-02-06,16.367319107055664
2015-02-09,16.513458251953125
2015-02-10,16.050691604614258
2015-02-11,15.85584545135498
2015-02-12,16.440387725830078
2015-02-13,17.04928970336914
2015-02-17,17.341569900512695
2015-02-18,17.438989639282227
2015-02-19,17.17107391357422
2015-02-20,17.14671516418457
2015-02-23,16.708309173583984
2015-02-24,17.024938583374023
2015-02-25,17.122360229492188
2015-02-26,17.438989639282227
2015-02-27,17.585124969482422
2015-03-02,17.536418914794922
2015-03-03,17.390281677246094
2015-03-04,17.024938583374023
2015-03-05,17.098005294799805
2015-03-06,16.46474266052246
2015-03-09,16.53781509399414
2015-03-10,15.734060287475586
2015-03-11,15.831487655639648
2015-03-12,15.904555320739746
2015-03-13,15.685347557067871
2015-03-16,15.563568115234375
2015-03-17,15.660995483398438
2015-03-18,15.85584545135498
2015-03-19,15.539213180541992
2015-03-20,16.391677856445312
2015-03-23,16.97622299194336
2015-03-24,16.830089569091797
2015-03-25,16.68394660949707
2015-03-26,16.513458251953125
2015-03-27,16.24553871154785
2015-03-30,16.708309173583984
2015-03-31,16.513458251953125
2015-04-01,16.53781509399414
2015-04-02,16.68394660949707
2015-04-06,17.000581741333008
2015-04-07,17.14671516418457
2015-04-08,17.341569900512695
2015-04-09,17.14671516418457
2015-04-10,17.07364845275879
2015-04-13,16.927513122558594
2015-04-14,17.26849937438965
2015-04-15,17.585124969482422
2015-04-16,17.731260299682617
2015-04-17,17.56077003479004
2015-04-20,17.63384246826172
2015-04-21,17.536418914794922
2015-04-22,17.585124969482422
2015-04-23,17.926109313964844
2015-04-24,18.510662078857422
2015-04-27,19.070850372314453
2015-04-28,19.216989517211914
2015-04-29,19.38747787475586
2015-04-30,19.46055030822754
2015-05-01,19.80153465270996
2015-05-04,19.996383666992188
2015-05-05,19.82589340209961
2015-05-06,19.777183532714844
2015-05-07,19.46055030822754
2015-05-08,19.655397415161133
2015-05-11,19.533620834350586
2015-05-12,19.777183532714844
2015-05-13,19.80153465270996
2015-05-14,19.80153465270996
2015-05-15,19.898962020874023
2015-05-18,19.655397415161133
2015-05-19,18.99778175354004
2015-05-20,18.778579711914062
2015-05-21,18.75422477722168
2015-05-22,18.63243865966797
2015-05-26,18.14531898498535
2015-05-27,18.169675827026367
2015-05-28,17.974828720092773
2015-05-29,17.731260299682617
2015-06-01,17.536418914794922
2015-06-02,18.120962142944336
2015-06-03,18.169675827026367
2015-06-04,17.63384246826172
2015-06-05,17.682552337646484
2015-06-08,17.682552337646484
2015-06-09,17.65819549560547
2015-06-10,18.169675827026367
2015-06-11,17.853044509887695
2015-06-12,17.80433464050293
2015-06-15,17.63384246826172
2015-06-16,17.36592674255371
2015-06-17,17.63384246826172
2015-06-18,17.877403259277344
2015-06-19,17.36592674255371
2015-06-22,17.26849937438965
2015-06-23,17.487703323364258
2015-06-24,17.75562286376953
2015-06-25,17.51205825805664
2015-06-26,17.26849937438965
2015-06-29,16.97622299194336
2015-06-30,16.7326602935791
2015-07-01,16.440387725830078
2015-07-02,16.53781509399414
2015-07-06,16.026334762573242
2015-07-07,15.563568115234375
2015-07-08,15.076445579528809
2015-07-09,15.368721961975098
2015-07-10,15.587929725646973
2015-07-13,15.85584545135498
2015-07-14,15.928912162780762
2015-07-15,15.807129859924316
2015-07-16,15.709704399108887
2015-07-17,15.490500450134277
2015-07-20,15.003376960754395
2015-07-21,15.052088737487793
2015-07-22,14.759815216064453
2015-07-23,14.345762252807617
2015-07-24,14.029132843017578
2015-07-27,13.395873069763184
2015-07-28,13.931707382202148
2015-07-29,14.004775047302246
2015-07-30,13.615079879760742
2015-07-31,13.663788795471191
2015-08-03,13.371516227722168
2015-08-04,13.298445701599121
2015-08-05,13.20102310180664
2015-08-06,13.322805404663086
2015-08-07,13.249737739562988
2015-08-10,13.858636856079102
2015-08-11,13.249737739562988
2015-08-12,13.322805404663086
2015-08-13,13.079245567321777
2015-08-14,13.006176948547363
2015-08-17,12.9087495803833
2015-08-18,12.592121124267578
2015-08-19,12.42162799835205
2015-08-20,12.42162799835205
2015-08-21,12.226778030395508
2015-08-24,11.447381973266602
2015-08-25,11.496094703674316
2015-08-26,11.569164276123047
2015-08-27,12.445982933044434
2015-08-28,12.640835762023926
2015-08-31,12.640835762023926
2015-09-01,11.910149574279785
2015-09-02,11.983219146728516
2015-09-03,12.178065299987793
2015-09-04,11.642230987548828
2015-09-08,12.42162799835205
2015-09-09,12.42162799835205
2015-09-10,12.494697570800781
2015-09-11,12.445982933044434
2015-09-14,12.178065299987793
2015-09-15,12.299846649169922
2015-09-16,12.616477012634277
2015-09-17,12.738255500793457
2015-09-18,12.178065299987793
2015-09-21,11.861435890197754
2015-09-22,11.057683944702148
2015-09-23,10.838479995727539
2015-09-24,10.91154670715332
2015-09-25,10.716697692871094
2015-09-28,10.0347261428833
2015-09-29,10.083439826965332
2015-09-30,10.326998710632324
2015-10-01,10.594917297363281
2015-10-02,10.887190818786621
2015-10-05,11.642230987548828
2015-10-06,12.05628776550293
2015-10-07,12.81132698059082
2015-10-08,13.030529022216797
2015-10-09,13.615079879760742
2015-10-12,13.371516227722168
2015-10-13,12.9087495803833
2015-10-14,13.12795639038086
2015-10-15,13.12795639038086
2015-10-16,12.835681915283203
2015-10-19,12.348559379577637
2015-10-20,12.275489807128906
2015-10-21,12.129353523254395
2015-10-22,12.494697570800781
2015-10-23,12.713900566101074
2015-10-26,12.640835762023926
2015-10-27,12.324203491210938
2015-10-28,12.519052505493164
2015-10-29,12.104997634887695
2015-10-30,12.275489807128906
2015-11-02,12.275489807128906
2015-11-03,12.738255500793457
2015-11-04,12.494697570800781
2015-11-05,12.202423095703125
2015-11-06,11.910149574279785
2015-11-09,11.642230987548828
2015-11-10,11.496094703674316
2015-11-11,11.130752563476562
2015-11-12,10.765409469604492
2015-11-13,10.5218505859375
2015-11-16,10.473136901855469
2015-11-17,10.424427032470703
2015-11-18,10.570562362670898
2015-11-19,10.611154556274414
2015-11-20,10.473136901855469
2015-11-23,10.172746658325195
2015-11-24,10.294526100158691
2015-11-25,10.205219268798828
2015-11-27,10.148387908935547
2015-11-30,10.245814323425293
2015-12-01,10.456899642944336
2015-12-02,10.229575157165527
2015-12-03,10.115914344787598
2015-12-04,10.172746658325195
2015-12-07,9.669384002685547
2015-12-08,9.393345832824707
2015-12-09,9.555724143981934
2015-12-10,9.653146743774414
2015-12-11,9.409585952758789
2015-12-14,9.149787902832031
2015-12-15,9.141667366027832
2015-12-16,9.336517333984375
2015-12-17,8.954936981201172
2015-12-18,9.092954635620117
2015-12-21,9.255331039428711
2015-12-22,9.49077320098877
2015-12-23,9.921065330505371
2015-12-24,9.929184913635254
2015-12-28,9.839876174926758
2015-12-29,9.866166114807129
2015-12-30,9.800446510314941
2015-12-31,9.701865196228027
2016-01-04,9.422558784484863
2016-01-05,9.447202682495117
2016-01-06,8.970733642578125
2016-01-07,8.436762809753418
2016-01-08,8.338183403015137
2016-01-11,8.001368522644043
2016-01-12,7.853500843048096
2016-01-13,7.697414875030518
2016-01-14,7.8452863693237305
2016-01-15,7.524902820587158
2016-01-19,7.590620994567871
2016-01-20,7.459181785583496
2016-01-21,7.689201831817627
2016-01-22,7.92743444442749
2016-01-25,7.607051372528076
2016-01-26,7.92743444442749
2016-01-27,7.787779808044434
2016-01-28,8.067089080810547
2016-01-29,8.223173141479492
2016-02-01,8.09994888305664
2016-02-02,7.771353721618652
2016-02-03,8.264249801635742
2016-02-04,8.847511291503906
2016-02-05,8.872157096862793
2016-02-08,8.740715980529785
2016-02-09,8.313538551330566
2016-02-10,8.264249801635742
2016-02-11,8.03423023223877
2016-02-12,8.494266510009766
2016-02-16,8.987165451049805
2016-02-17,9.611502647399902
2016-02-18,9.60328483581543
2016-02-19,9.545783042907715
2016-02-22,10.129043579101562
2016-02-23,9.701865196228027
2016-02-24,9.553995132446289
2016-02-25,9.636146545410156
2016-02-26,9.767585754394531
2016-02-29,9.792232513427734
2016-03-01,10.194764137268066
2016-03-02,11.155913352966309
2016-03-03,11.55023193359375
2016-03-04,12.075989723205566
2016-03-07,12.182785034179688
2016-03-08,11.328429222106934
2016-03-09,11.55023193359375
2016-03-10,11.57487678527832
2016-03-11,11.82132625579834
2016-03-14,11.928121566772461
2016-03-15,11.196989059448242
2016-03-16,11.558446884155273
2016-03-17,12.437450408935547
2016-03-18,12.421016693115234
2016-03-21,12.445662498474121
2016-03-22,12.536028861999512
2016-03-23,11.533802032470703
2016-03-24,11.714533805847168
2016-03-28,11.739175796508789
2016-03-29,11.476298332214355
2016-03-30,11.591306686401367
2016-03-31,11.591306686401367
2016-04-01,11.476298332214355
2016-04-04,11.221635818481445
2016-04-05,10.999831199645996
2016-04-06,11.016258239746094
2016-04-07,10.556222915649414
2016-04-08,10.8026704788208
2016-04-11,11.106623649597168
2016-04-12,11.845970153808594
2016-04-13,11.944550514221191
2016-04-14,11.903473854064941
2016-04-15,11.936335563659668
2016-04-18,12.314223289489746
2016-04-19,13.324664115905762
2016-04-20,13.423242568969727
2016-04-21,13.127504348754883
2016-04-22,13.2096529006958
2016-04-25,12.90570068359375
2016-04-26,13.127504348754883
2016-04-27,13.390380859375
2016-04-28,13.41502857208252
2016-04-29,14.121515274047852
2016-05-02,14.006505012512207
2016-05-03,13.267158508300781
2016-05-04,12.68389892578125
2016-05-05,12.634607315063477
2016-05-06,12.68389892578125
2016-05-09,11.903473854064941
2016-05-10,12.08420467376709
2016-05-11,12.289580345153809
2016-05-12,11.993841171264648
2016-05-13,11.887044906616211
2016-05-16,12.149924278259277
2016-05-17,12.437450408935547
2016-05-18,11.960979461669922
2016-05-19,11.862401008605957
2016-05-20,11.977409362792969
2016-05-23,11.952763557434082
2016-05-24,11.780250549316406
2016-05-25,12.1581392288208
2016-05-26,12.117066383361816
2016-05-27,12.100634574890137
2016-05-31,11.919905662536621
2016-06-01,11.944550514221191
2016-06-02,11.813112258911133
2016-06-03,12.363512992858887
2016-06-06,12.864624977111816
2016-06-07,12.798905372619629
2016-06-08,13.078215599060059
2016-06-09,12.757832527160645
2016-06-10,12.281364440917969
2016-06-13,12.207429885864258
2016-06-14,11.862401008605957
2016-06-15,12.240289688110352
2016-06-16,11.985626220703125
2016-06-17,12.281364440917969
2016-06-20,12.618175506591797
2016-06-21,12.601747512817383
2016-06-22,12.527813911437988
2016-06-23,12.90570068359375
2016-06-24,11.960979461669922
2016-06-27,11.52558708190918
2016-06-28,12.067774772644043
2016-06-29,12.322437286376953
2016-06-30,12.659253120422363
2016-07-01,12.89748477935791
2016-07-05,12.774262428283691
2016-07-06,12.798905372619629
2016-07-07,12.708542823791504
2016-07-08,12.971419334411621
2016-07-11,13.40681266784668
2016-07-12,13.94899845123291
2016-07-13,14.08044147491455
2016-07-14,14.187235832214355
2016-07-15,14.064013481140137
2016-07-18,13.998291015625
2016-07-19,13.612186431884766
2016-07-20,13.562895774841309
2016-07-21,13.71898365020752
2016-07-22,13.661474227905273
2016-07-25,13.49717903137207
2016-07-26,13.743626594543457
2016-07-27,13.809346199035645
2016-07-28,14.162592887878418
2016-07-29,14.294029235839844
2016-08-01,14.055793762207031
2016-08-02,14.047578811645508
2016-08-03,14.055793762207031
2016-08-04,14.039366722106934
2016-08-05,13.899711608886719
2016-08-08,14.055793762207031
2016-08-09,14.096869468688965
2016-08-10,14.137943267822266
2016-08-11,14.285816192626953
2016-08-12,14.031149864196777
2016-08-15,14.072226524353027
2016-08-16,14.285816192626953
2016-08-17,14.047578811645508
2016-08-18,14.351531982421875
2016-08-19,14.187235832214355
2016-08-22,14.088656425476074
2016-08-23,14.129731178283691
2016-08-24,13.603971481323242
2016-08-25,13.579328536987305
2016-08-26,13.620403289794922
2016-08-29,13.603971481323242
2016-08-30,13.2096529006958
2016-08-31,13.020709991455078
2016-09-01,13.10285758972168
2016-09-02,13.47253131866455
2016-09-06,13.661474227905273
2016-09-07,13.653264045715332
2016-09-08,13.645048141479492
2016-09-09,13.242514610290527
2016-09-12,13.308233261108398
2016-09-13,12.807121276855469
2016-09-14,13.061784744262695
2016-09-15,13.045354843139648
2016-09-16,13.13571834564209
2016-09-19,13.16036319732666
2016-09-20,13.226085662841797
2016-09-21,13.456100463867188
2016-09-22,13.776487350463867
2016-09-23,13.702553749084473
2016-09-26,13.587542533874512
2016-09-27,13.341092109680176
2016-09-28,13.686121940612793
2016-09-29,13.71898365020752
2016-09-30,13.784703254699707
2016-10-03,13.743626594543457
2016-10-04,13.365737915039062
2016-10-05,13.636832237243652
2016-10-06,13.398598670959473
2016-10-07,13.546466827392578
2016-10-10,13.66969108581543
2016-10-11,13.423242568969727
2016-10-12,13.612186431884766
2016-10-13,13.49717903137207
2016-10-14,13.47253131866455
2016-10-17,13.546466827392578
2016-10-18,13.93256950378418
2016-10-19,13.866851806640625
2016-10-20,13.866851806640625
2016-10-21,13.94899845123291
2016-10-24,13.825774192810059
2016-10-25,14.187235832214355
2016-10-26,14.105085372924805
2016-10-27,14.129731178283691
2016-10-28,14.1790189743042
2016-10-31,14.409039497375488
2016-11-01,14.376177787780762
2016-11-02,14.220093727111816
2016-11-03,14.376177787780762
2016-11-04,14.310458183288574
2016-11-07,15.01694393157959
2016-11-08,15.567347526550293
2016-11-09,16.150606155395508
2016-11-10,17.087112426757812
2016-11-11,16.733869552612305
2016-11-14,16.71744155883789
2016-11-15,16.58600425720215
2016-11-16,16.421701431274414
2016-11-17,16.462778091430664
2016-11-18,16.19989776611328
2016-11-21,16.618858337402344
2016-11-22,17.391067504882812
2016-11-23,17.75252914428711
2016-11-25,17.94968605041504
2016-11-28,18.031835556030273
2016-11-29,17.44035530090332
2016-11-30,17.465003967285156
2016-12-01,17.563583374023438
2016-12-02,17.73609733581543
2016-12-05,18.376867294311523
2016-12-06,18.352218627929688
2016-12-07,18.721891403198242
2016-12-08,18.92726707458496
2016-12-09,18.82046890258789
2016-12-12,18.894405364990234
2016-12-13,18.352218627929688
2016-12-14,18.064699172973633
2016-12-15,17.604658126831055
2016-12-16,17.185691833496094
2016-12-19,16.651721954345703
2016-12-20,16.972105026245117
2016-12-21,16.98853302001953
2016-12-22,16.64350700378418
2016-12-23,16.602434158325195
2016-12-27,16.659936904907227
2016-12-28,16.667375564575195
2016-12-29,16.6425838470459
2016-12-30,16.526897430419922
2017-01-03,17.04749298095703
2017-01-04,17.543296813964844
2017-01-05,17.97300148010254
2017-01-06,17.66724967956543
2017-01-09,17.716829299926758
2017-01-10,18.394433975219727
2017-01-11,18.79108238220215
2017-01-12,19.014196395874023
2017-01-13,19.187725067138672
2017-01-17,18.758028030395508
2017-01-18,18.683652877807617
2017-01-19,18.824132919311523
2017-01-20,18.848926544189453
2017-01-23,19.19598960876465
2017-01-24,20.11323356628418
2017-01-25,20.6420955657959
2017-01-26,20.146286010742188
2017-01-27,20.204132080078125
2017-01-30,19.95622444152832
2017-01-31,20.402456283569336
2017-02-01,20.77430534362793
2017-02-02,20.683412551879883
2017-02-03,20.228918075561523
2017-02-06,20.21239471435547
2017-02-07,20.286766052246094
2017-02-08,20.485088348388672
2017-02-09,20.452030181884766
2017-02-10,21.278377532958984
2017-02-13,21.691547393798828
2017-02-14,21.666757583618164
2017-02-15,21.27011489868164
2017-02-16,20.9395751953125
2017-02-17,20.435508728027344
2017-02-21,20.964370727539062
2017-02-22,20.584253311157227
2017-02-23,20.10496711730957
2017-02-24,19.85706329345703
2017-02-27,19.576107025146484
2017-02-28,19.369522094726562
2017-03-01,20.21239471435547
2017-03-02,19.60089874267578
2017-03-03,19.749643325805664
2017-03-06,19.179462432861328
2017-03-07,18.691919326782227
2017-03-08,18.320064544677734
2017-03-09,17.692045211791992
2017-03-10,17.931682586669922
2017-03-13,18.41095733642578
2017-03-14,18.09695053100586
2017-03-15,18.964614868164062
2017-03-16,19.43562889099121
2017-03-17,19.468685150146484
2017-03-20,19.344730377197266
2017-03-21,18.658864974975586
2017-03-22,18.78281593322754
2017-03-23,18.708446502685547
2017-03-24,18.55143928527832
2017-03-27,18.22916603088379
2017-03-28,18.41095733642578
2017-03-29,18.634069442749023
2017-03-30,18.840662002563477
2017-03-31,18.534914016723633
2017-04-03,18.526649475097656
2017-04-04,18.807607650756836
2017-04-05,19.00592803955078
2017-04-06,19.022457122802734
2017-04-07,18.8323974609375
2017-04-10,18.824132919311523
2017-04-11,18.708446502685547
2017-04-12,18.22089958190918
2017-04-13,17.873836517333984
2017-04-17,17.96473503112793
2017-04-18,17.501983642578125
2017-04-19,17.43587303161621
2017-04-20,17.66724967956543
2017-04-21,17.485456466674805
2017-04-24,17.55156707763672
2017-04-25,17.675512313842773
2017-04-26,17.716829299926758
2017-04-27,17.38629150390625
2017-04-28,17.675512313842773
2017-05-01,17.807727813720703
2017-05-02,17.634199142456055
2017-05-03,17.04749298095703
2017-05-04,16.312044143676758
2017-05-05,16.444255828857422
2017-05-08,16.212879180908203
2017-05-09,16.353363037109375
2017-05-10,16.460790634155273
2017-05-11,16.535158157348633
2017-05-12,16.576473236083984
2017-05-15,16.84916877746582
2017-05-16,17.06401824951172
2017-05-17,16.667375564575195
2017-05-18,16.634315490722656
2017-05-19,17.154916763305664
2017-05-22,17.229286193847656
2017-05-23,17.130123138427734
2017-05-24,17.154916763305664
2017-05-25,17.179706573486328
2017-05-26,17.221025466918945
2017-05-30,17.121862411499023
2017-05-31,16.700424194335938
2017-06-01,16.708688735961914
2017-06-02,16.584739685058594
2017-06-05,16.477312088012695
2017-06-06,16.609529495239258
2017-06-07,16.650846481323242
2017-06-08,17.05575180053711
2017-06-09,17.19623374938965
2017-06-12,17.10533332824707
2017-06-13,17.14665412902832
2017-06-14,16.75827407836914
2017-06-15,16.312044143676758
2017-06-16,16.212879180908203
2017-06-19,16.378150939941406
2017-06-20,15.981507301330566
2017-06-21,16.014562606811523
2017-06-22,16.196359634399414
2017-06-23,16.402944564819336
2017-06-26,16.411205291748047
2017-06-27,16.576473236083984
2017-06-28,16.98138427734375
2017-06-29,17.154916763305664
2017-06-30,17.336713790893555
2017-07-03,17.501983642578125
2017-07-05,17.5350341796875
2017-07-06,17.37803077697754
2017-07-07,17.394554138183594
2017-07-10,17.609405517578125
2017-07-11,18.0473690032959
2017-07-12,18.253955841064453
2017-07-13,18.402698516845703
2017-07-14,18.584497451782227
2017-07-17,19.072038650512695
2017-07-18,19.19598960876465
2017-07-19,19.295148849487305
2017-07-20,18.931560516357422
2017-07-21,18.948083877563477
2017-07-24,19.014196395874023
2017-07-25,19.85706329345703
2017-07-26,20.600770950317383
2017-07-27,20.30329132080078
2017-07-28,20.286766052246094
2017-07-31,20.77430534362793
2017-08-01,20.82389259338379
2017-08-02,20.609037399291992
2017-08-03,20.6420955657959
2017-08-04,20.650352478027344
2017-08-07,20.889995574951172
2017-08-08,21.088319778442383
2017-08-09,20.873472213745117
2017-08-10,20.055387496948242
2017-08-11,19.650476455688477
2017-08-14,19.890119552612305
2017-08-15,19.61742401123047
2017-08-16,20.427242279052734
2017-08-17,20.228918075561523
2017-08-18,20.26197624206543
2017-08-21,20.600770950317383
2017-08-22,21.005685806274414
2017-08-23,21.253585815429688
2017-08-24,21.45191192626953
2017-08-25,21.518016815185547
2017-08-28,21.7493953704834
2017-08-29,21.889873504638672
2017-08-30,21.724607467651367
2017-08-31,21.881610870361328
2017-09-01,22.360889434814453
2017-09-05,22.129512786865234
2017-09-06,22.311307907104492
2017-09-07,22.336103439331055
2017-09-08,21.542810440063477
2017-09-11,21.724607467651367
2017-09-12,21.724607467651367
2017-09-13,21.09658432006836
2017-09-14,20.889995574951172
2017-09-15,20.749515533447266
2017-09-18,20.840415954589844
2017-09-19,20.914785385131836
2017-09-20,20.964370727539062
2017-09-21,20.683412551879883
2017-09-22,20.55119514465332
2017-09-25,20.08843994140625
2017-09-26,20.11323356628418
2017-09-27,20.080181121826172
2017-09-28,20.311552047729492
2017-09-29,20.534666061401367
2017-10-02,20.741254806518555
2017-10-03,21.204008102416992
2017-10-04,21.352746963500977
2017-10-05,21.70807456970215
2017-10-06,21.69981575012207
2017-10-09,21.484960556030273
2017-10-10,21.592388153076172
2017-10-11,21.534547805786133
2017-10-12,21.70807456970215
2017-10-13,21.889873504638672
2017-10-16,22.435258865356445
2017-10-17,22.088191986083984
2017-10-18,21.972505569458008
2017-10-19,21.815500259399414
2017-10-20,21.75766372680664
2017-10-23,21.77418327331543
2017-10-24,21.955974578857422
2017-10-25,21.617183685302734
2017-10-26,21.38580322265625
2017-10-27,21.09658432006836
2017-10-30,21.08005714416504
2017-10-31,21.146167755126953
2017-11-01,21.41885757446289
2017-11-02,21.402326583862305
2017-11-03,21.369277954101562
2017-11-06,21.865081787109375
2017-11-07,21.716344833374023
2017-11-08,21.848554611206055
2017-11-09,21.65023422241211
2017-11-10,21.551071166992188
2017-11-13,21.45191192626953
2017-11-14,20.95610237121582
2017-11-15,20.46855926513672
2017-11-16,20.50161361694336
2017-11-17,20.683412551879883
2017-11-20,20.6420955657959
2017-11-21,20.881732940673828
2017-11-22,21.212270736694336
2017-11-24,21.46843719482422
2017-11-27,21.02220916748047
2017-11-28,20.82389259338379
2017-11-29,20.460296630859375
2017-11-30,20.19586753845215
2017-12-01,20.27849769592285
2017-12-04,20.245445251464844
2017-12-05,19.80748176574707
2017-12-06,19.48520851135254
2017-12-07,19.55131721496582
2017-12-08,19.782695770263672
2017-12-11,20.096702575683594
2017-12-12,20.17107582092285
2017-12-13,20.534666061401367
2017-12-14,20.509878158569336
2017-12-15,20.77430534362793
2017-12-18,21.146167755126953
2017-12-19,21.237060546875
2017-12-20,21.518016815185547
2017-12-21,21.96424102783203
2017-12-22,22.038612365722656
2017-12-26,22.137773513793945
2017-12-27,22.617053985595703
2017-12-28,23.001535415649414
2017-12-29,22.95956039428711
2018-01-02,23.547189712524414
2018-01-03,23.303747177124023
2018-01-04,23.673112869262695
2018-01-05,23.75705909729004
2018-01-08,23.90816307067871
2018-01-09,23.765453338623047
2018-01-10,23.95014190673828
2018-01-11,24.218769073486328
2018-01-12,24.428638458251953
2018-01-16,24.185190200805664
2018-01-17,24.24394989013672
2018-01-18,23.75705909729004
2018-01-19,24.07605743408203
2018-01-22,23.95014190673828
2018-01-23,23.731874465942383
2018-01-24,24.092845916748047
2018-01-25,24.126426696777344
2018-01-26,24.252349853515625
2018-01-29,24.092845916748047
2018-01-30,23.723482131958008
2018-01-31,23.563982009887695
2018-02-01,23.68150520324707
2018-02-02,22.825241088867188
2018-02-05,22.52303695678711
2018-02-06,22.976348876953125
2018-02-07,22.052927017211914
2018-02-08,21.247034072875977
2018-02-09,21.49888038635254
2018-02-12,21.87664222717285
2018-02-13,22.430688858032227
2018-02-14,23.362504959106445
2018-02-15,23.79903221130371
2018-02-16,23.421268463134766
2018-02-20,22.96795654296875
2018-02-21,22.96795654296875
2018-02-22,23.211400985717773
2018-02-23,23.59756088256836
2018-02-26,24.02569007873535
2018-02-27,23.446456909179688
2018-02-28,22.833641052246094
2018-03-01,22.699321746826172
2018-03-02,22.531431198120117
2018-03-05,22.674142837524414
2018-03-06,23.203004837036133
2018-03-07,22.925983428955078
2018-03-08,22.648954391479492
2018-03-09,22.91758918762207
2018-03-12,23.12745475769043
2018-03-13,23.12745475769043
2018-03-14,23.42966651916504
2018-03-15,23.203004837036133
2018-03-16,23.14424705505371
2018-03-19,22.682537078857422
2018-03-20,22.380325317382812
2018-03-21,22.867218017578125
2018-03-22,22.204038619995117
2018-03-23,21.76750946044922
2018-03-26,22.078113555908203
2018-03-27,21.80948257446289
2018-03-28,21.171485900878906
2018-03-29,21.80948257446289
2018-04-02,21.347776412963867
2018-04-03,21.683565139770508
2018-04-04,21.76750946044922
2018-04-05,22.052927017211914
2018-04-06,21.574432373046875
2018-04-09,21.51566505432129
2018-04-10,22.38871955871582
2018-04-11,22.464271545410156
2018-04-12,22.313167572021484
2018-04-13,22.287982940673828
2018-04-16,22.061328887939453
2018-04-17,22.279584884643555
2018-04-18,22.89240264892578
2018-04-19,23.00992774963379
2018-04-20,22.800058364868164
2018-04-23,22.430688858032227
2018-04-24,22.15366554260254
2018-04-25,21.851457595825195
2018-04-26,21.93540382385254
2018-04-27,21.93540382385254
2018-04-30,21.76750946044922
2018-05-01,21.490488052368164
2018-05-02,21.675167083740234
2018-05-03,21.84306526184082
2018-05-04,21.994171142578125
2018-05-07,21.92700958251953
2018-05-08,21.88503646850586
2018-05-09,22.29637908935547
2018-05-10,22.78326988220215
2018-05-11,22.842037200927734
2018-05-14,22.833641052246094
2018-05-15,22.64056396484375
2018-05-16,22.984745025634766
2018-05-17,22.976348876953125
2018-05-18,22.791669845581055
2018-05-21,22.95116424560547
2018-05-22,23.093875885009766
2018-05-23,22.548219680786133
2018-05-24,22.2208251953125
2018-05-25,21.826271057128906
2018-05-29,21.13791275024414
2018-05-30,21.649988174438477
2018-05-31,21.549245834350586
2018-06-01,21.75071907043457
2018-06-04,22.044536590576172
2018-06-05,22.49785041809082
2018-06-06,23.093875885009766
2018-06-07,22.984745025634766
2018-06-08,22.808454513549805
2018-06-11,22.850433349609375
2018-06-12,22.707721710205078
2018-06-13,22.531431198120117
2018-06-14,22.187246322631836
2018-06-15,21.5996150970459
2018-06-18,21.49888038635254
2018-06-19,20.793724060058594
2018-06-20,20.776931762695312
2018-06-21,20.684589385986328
2018-06-22,20.911251068115234
2018-06-25,20.23967170715332
2018-06-26,20.222883224487305
2018-06-27,19.870304107666016
2018-06-28,19.79475212097168
2018-06-29,20.24806785583496
2018-07-02,20.05498695373535
2018-07-03,19.828332901000977
2018-07-05,19.861907958984375
2018-07-06,19.954254150390625
2018-07-09,20.483116149902344
2018-07-10,20.466327667236328
2018-07-11,19.500934600830078
2018-07-12,19.702409744262695
2018-07-13,19.694011688232422
2018-07-16,19.559701919555664
2018-07-17,19.727596282958984
2018-07-18,19.811540603637695
2018-07-19,19.223909378051758
2018-07-20,19.366619110107422
2018-07-23,19.33304214477539
2018-07-24,19.971040725708008
2018-07-25,20.180910110473633
2018-07-26,20.063383102416992
2018-07-27,19.937463760375977
2018-07-30,19.962642669677734
2018-07-31,20.298437118530273
2018-08-01,19.76957130432129
2018-08-02,19.16514778137207
2018-08-03,19.215517044067383
2018-08-06,19.08959197998047
2018-08-07,19.148357391357422
2018-08-08,19.114778518676758
2018-08-09,19.27427101135254
2018-08-10,18.829357147216797
2018-08-13,18.56072998046875
2018-08-14,18.31728172302246
2018-08-15,17.41065216064453
2018-08-16,17.58694076538086
2018-08-17,17.595333099365234
2018-08-20,17.696069717407227
2018-08-21,17.964702606201172
2018-08-22,18.132596969604492
2018-08-23,17.72964859008789
2018-08-24,18.09062385559082
2018-08-27,18.56072998046875
2018-08-28,18.577516555786133
2018-08-29,18.64467430114746
2018-08-30,18.16617202758789
2018-08-31,17.889150619506836
2018-09-04,17.41065216064453
2018-09-05,17.528173446655273
2018-09-06,17.36867904663086
2018-09-07,17.10843849182129
2018-09-10,17.024494171142578
2018-09-11,16.864994049072266
2018-09-12,17.31831169128418
2018-09-13,17.5197811126709
2018-09-14,17.486202239990234
2018-09-17,17.494598388671875
2018-09-18,17.85556983947754
2018-09-19,18.359256744384766
2018-09-20,18.720226287841797
2018-09-21,19.07280158996582
2018-09-24,18.795778274536133
2018-09-25,18.78738021850586
2018-09-26,18.64467430114746
2018-09-27,18.48517417907715
2018-09-28,18.54393768310547
2018-10-01,18.66985511779785
2018-10-02,18.636280059814453
2018-10-03,18.70343780517578
2018-10-04,18.40962028503418
2018-10-05,18.00667953491211
2018-10-08,17.754837036132812
2018-10-09,17.73804473876953
2018-10-10,17.058073043823242
2018-10-11,17.13362693786621
2018-10-12,17.343490600585938
2018-10-15,17.427438735961914
2018-10-16,17.51138687133789
2018-10-17,17.326702117919922
2018-10-18,16.78104591369629
2018-10-19,16.755859375
2018-10-22,16.80622673034668
2018-10-23,16.369705200195312
2018-10-24,15.630972862243652
2018-10-25,15.723309516906738
2018-10-26,15.78207015991211
2018-10-29,15.38752269744873
2018-10-30,15.798866271972656
2018-10-31,16.218603134155273
2018-11-01,17.091651916503906
2018-11-02,17.28472900390625
2018-11-05,17.28472900390625
2018-11-06,17.06646728515625
2018-11-07,17.385467529296875
2018-11-08,17.0832576751709
2018-11-09,16.57956886291504
2018-11-12,16.193416595458984
2018-11-13,16.40328598022461
2018-11-14,16.40328598022461
2018-11-15,16.78944206237793
2018-11-16,16.90696907043457
2018-11-19,16.74747085571289
2018-11-20,16.151443481445312
2018-11-21,16.57118034362793
2018-11-23,16.059101104736328
2018-11-26,16.059101104736328
2018-11-27,15.916386604309082
2018-11-28,16.35291290283203
2018-11-29,16.55438995361328
2018-11-30,16.57118034362793
2018-12-03,17.326702117919922
2018-12-04,16.814624786376953
2018-12-06,16.294151306152344
2018-12-07,16.20180892944336
2018-12-10,15.857625007629395
2018-12-11,16.07588768005371
2018-12-12,16.436861038208008
2018-12-13,16.344520568847656
2018-12-14,16.050704956054688
2018-12-17,15.916386604309082
2018-12-18,15.874419212341309
2018-12-19,15.61418342590332
2018-12-20,15.471467971801758
2018-12-21,15.228020668029785
2018-12-24,15.286786079406738
2018-12-26,15.588994979858398
2018-12-27,15.639363288879395
2018-12-28,15.641944885253906
2018-12-31,15.771151542663574
2019-01-02,15.676401138305664
2019-01-03,15.219892501831055
2019-01-04,16.02094268798828
2019-01-07,16.15013885498047
2019-01-08,16.2276611328125
2019-01-09,16.50328826904297
2019-01-10,16.563581466674805
2019-01-11,16.50328826904297
2019-01-14,16.434385299682617
2019-01-15,16.399930953979492
2019-01-16,16.59803581237793
2019-01-17,16.873666763305664
2019-01-18,16.95118522644043
2019-01-22,16.262113571166992
2019-01-23,16.31379508972168
2019-01-24,16.3051815032959
2019-01-25,16.85643768310547
2019-01-28,16.753080368041992
2019-01-29,16.899503707885742
2019-01-30,17.338788986206055
2019-01-31,17.64887046813965
2019-02-01,17.519670486450195
2019-02-04,17.545515060424805
2019-02-05,17.640256881713867
2019-02-06,17.735002517700195
2019-02-07,17.467988967895508
2019-02-08,17.338788986206055
2019-02-11,17.097612380981445
2019-02-12,17.175132751464844
2019-02-13,17.338788986206055
2019-02-14,17.442150115966797
2019-02-15,17.691940307617188
2019-02-19,18.2690372467041
2019-02-20,18.837520599365234
2019-02-21,18.6221866607666
2019-02-22,19.164833068847656
2019-02-25,19.39739227294922
2019-02-26,19.44907569885254
2019-02-27,19.1131534576416
2019-02-28,18.794452667236328
2019-03-01,18.74277687072754
2019-03-04,18.82891273498535
2019-03-05,18.820295333862305
2019-03-06,18.760000228881836
2019-03-07,18.28626251220703
2019-03-08,17.93311309814453
2019-03-11,18.225971221923828
2019-03-12,18.441303253173828
2019-03-13,18.47576141357422
2019-03-14,18.303491592407227
2019-03-15,18.398239135742188
2019-03-18,18.596345901489258
2019-03-19,18.768617630004883
2019-03-20,18.803070068359375
2019-03-21,19.018404006958008
2019-03-22,18.372398376464844
2019-03-25,18.329330444335938
2019-03-26,18.553279876708984
2019-03-27,18.432693481445312
2019-03-28,18.47576141357422
2019-03-29,18.82891273498535
2019-04-01,19.319875717163086
2019-04-02,19.380170822143555
2019-04-03,19.492137908935547
2019-04-04,19.621341705322266
2019-04-05,19.707473754882812
2019-04-08,19.914201736450195
2019-04-09,19.75054931640625
2019-04-10,19.802227020263672
2019-04-11,19.50936508178711
2019-04-12,19.87113380432129
2019-04-15,19.836681365966797
2019-04-16,19.914201736450195
2019-04-17,20.232894897460938
2019-04-18,20.052013397216797
2019-04-22,19.853900909423828
2019-04-23,19.61272621154785
2019-04-24,19.28542137145996
2019-04-25,18.940881729125977
2019-04-26,18.949499130249023
2019-04-29,18.85474967956543
2019-04-30,18.58773422241211
2019-05-01,18.191516876220703
2019-05-02,17.872821807861328
2019-05-03,18.294879913330078
2019-05-06,17.907270431518555
2019-05-07,17.39046859741211
2019-05-08,17.338788986206055
2019-05-09,17.10622787475586
2019-05-10,17.20958709716797
2019-05-13,16.50328826904297
2019-05-14,16.753080368041992
2019-05-15,16.77891731262207
2019-05-16,16.839210510253906
2019-05-17,16.580808639526367
2019-05-20,16.399930953979492
2019-05-21,16.460220336914062
2019-05-22,16.038164138793945
2019-05-23,15.702239036560059
2019-05-24,15.822829246520996
2019-05-28,15.926189422607422
2019-05-29,15.960644721984863
2019-05-30,15.883129119873047
2019-05-31,15.84867000579834
2019-06-03,16.115686416625977
2019-06-04,16.529129028320312
2019-06-05,16.262113571166992
2019-06-06,16.287954330444336
2019-06-07,16.477447509765625
2019-06-10,16.615262985229492
2019-06-11,17.071773529052734
2019-06-12,16.959802627563477
2019-06-13,17.002864837646484
2019-06-14,16.813373565673828
2019-06-17,16.813373565673828
2019-06-18,17.424928665161133
2019-06-19,17.416309356689453
2019-06-20,17.829753875732422
2019-06-21,17.976181030273438
2019-06-24,18.036476135253906
2019-06-25,17.88143539428711
2019-06-26,18.079540252685547
2019-06-27,18.06561279296875
2019-06-28,18.109142303466797
2019-07-01,18.19620704650879
2019-07-02,18.19620704650879
2019-07-03,18.100435256958008
2019-07-05,17.708650588989258
2019-07-08,17.586759567260742
2019-07-09,17.06438446044922
2019-07-10,17.22980308532715
2019-07-11,17.264631271362305
2019-07-12,17.23851203918457
2019-07-15,17.36910629272461
2019-07-16,17.194978713989258
2019-07-17,17.125329971313477
2019-07-18,17.116622924804688
2019-07-19,17.430051803588867
2019-07-22,17.438758850097656
2019-07-23,17.412635803222656
2019-07-24,17.395225524902344
2019-07-25,17.151453018188477
2019-07-26,17.020854949951172
2019-07-29,16.951202392578125
2019-07-30,16.811901092529297
2019-07-31,16.559417724609375
2019-08-01,15.880327224731445
2019-08-02,15.488543510437012
2019-08-05,14.983574867248535
2019-08-06,14.913922309875488
2019-08-07,14.879098892211914
2019-08-08,15.236056327819824
2019-08-09,14.800743103027344
2019-08-12,14.556963920593262
2019-08-13,14.887804985046387
2019-08-14,14.365427017211914
2019-08-15,14.139060974121094
2019-08-16,14.11294174194336
2019-08-19,14.304483413696289
2019-08-20,14.200007438659668
2019-08-21,14.217418670654297
2019-08-22,14.060705184936523
2019-08-23,13.799515724182129
2019-08-26,13.81692886352539
2019-08-27,13.86046028137207
2019-08-28,13.999760627746582
2019-08-29,14.208711624145508
2019-08-30,14.408957481384277
2019-09-03,14.139060974121094
2019-09-04,14.435076713562012
2019-09-05,14.879098892211914
2019-09-06,14.948749542236328
2019-09-09,15.027105331420898
2019-09-10,15.270880699157715
2019-09-11,15.357946395874023
2019-09-12,15.627842903137207
2019-09-13,15.932561874389648
2019-09-16,15.775854110717773
2019-09-17,15.558195114135742
2019-09-18,15.410185813903809
2019-09-19,15.462425231933594
2019-09-20,15.584311485290527
2019-09-23,15.331831932067871
2019-09-24,15.192525863647461
2019-09-25,15.270880699157715
2019-09-26,14.983574867248535
2019-09-27,15.009692192077637
2019-09-30,14.896515846252441
2019-10-01,14.583086013793945
2019-10-02,14.234832763671875
2019-10-03,14.33060073852539
2019-10-04,14.313188552856445
2019-10-07,14.278361320495605
2019-10-08,14.156473159790039
2019-10-09,14.10423755645752
2019-10-10,14.48731517791748
2019-10-11,14.948749542236328
2019-10-14,14.913922309875488
2019-10-15,14.896515846252441
2019-10-16,14.844271659851074
2019-10-17,14.93133544921875
2019-10-18,14.983574867248535
2019-10-21,15.175113677978516
2019-10-22,15.088048934936523
2019-10-23,15.227351188659668
2019-10-24,15.11417007446289
2019-10-25,15.357946395874023
2019-10-28,15.584311485290527
2019-10-29,15.680081367492676
2019-10-30,15.514659881591797
2019-10-31,15.218646049499512
2019-11-01,15.601725578308105
2019-11-04,16.02833366394043
2019-11-05,16.385290145874023
2019-11-06,16.298227310180664
2019-11-07,16.542007446289062
2019-11-08,16.49847412109375
2019-11-11,16.245988845825195
2019-11-12,16.037036895751953
2019-11-13,15.819384574890137
2019-11-14,15.7149076461792
2019-11-15,15.923856735229492
2019-11-18,15.880327224731445
2019-11-19,15.949975967407227
2019-11-20,15.810672760009766
2019-11-21,15.741024017333984
2019-11-22,15.767145156860352
2019-11-25,15.932561874389648
2019-11-26,15.941271781921387
2019-11-27,16.00221061706543
2019-11-29,15.784558296203613
2019-12-02,15.7149076461792
2019-12-03,15.471126556396484
2019-12-04,15.758435249328613
2019-12-05,15.775854110717773
2019-12-06,16.05445671081543
2019-12-09,16.219873428344727
2019-12-10,16.32434844970703
2019-12-11,16.724836349487305
2019-12-12,17.24721908569336
2019-12-13,17.21239471435547
2019-12-16,17.438758850097656
2019-12-17,17.255922317504883
2019-12-18,17.22980308532715
2019-12-19,17.29075050354004
2019-12-20,17.151453018188477
2019-12-23,17.10791778564453
2019-12-24,17.23851203918457
2019-12-26,17.45616912841797
2019-12-27,17.586759567260742
2019-12-30,17.774459838867188
2019-12-31,17.73954200744629
2020-01-02,18.080015182495117
2020-01-03,17.573667526245117
2020-01-06,17.47764015197754
2020-01-07,17.573667526245117
2020-01-08,17.468910217285156
2020-01-09,17.37287712097168
2020-01-10,17.521289825439453
2020-01-13,17.896682739257812
2020-01-14,17.940332412719727
2020-01-15,17.634775161743164
2020-01-16,17.608591079711914
2020-01-17,17.774459838867188
2020-01-21,17.19827651977539
2020-01-22,17.04986572265625
2020-01-23,16.60462760925293
2020-01-24,16.412569046020508
2020-01-27,15.679239273071289
2020-01-28,15.818923950195312
2020-01-29,15.818923950195312
2020-01-30,15.644320487976074
2020-01-31,15.26892375946045
2020-02-03,15.24273681640625
2020-02-04,15.941141128540039
2020-02-05,16.220504760742188
2020-02-06,16.13320541381836
2020-02-07,15.557018280029297
2020-02-10,15.591939926147461
2020-02-11,15.923683166503906
2020-02-12,16.499868392944336
2020-02-13,16.272886276245117
2020-02-14,16.229236602783203
2020-02-18,15.976062774658203
2020-02-19,16.063365936279297
2020-02-20,15.880032539367676
2020-02-21,15.609395980834961
2020-02-24,14.849881172180176
2020-02-25,14.448297500610352
2020-02-26,14.326077461242676
2020-02-27,13.793540000915527
2020-02-28,13.618939399719238
2020-03-02,14.020523071289062
2020-03-03,13.732430458068848
2020-03-04,13.950682640075684
2020-03-05,13.627669334411621
2020-03-06,13.1824369430542
2020-03-09,11.488797187805176
2020-03-10,12.344345092773438
2020-03-11,11.38403606414795
2020-03-12,10.109443664550781
2020-03-13,11.1134033203125
2020-03-16,9.175323486328125
2020-03-17,10.249124526977539
2020-03-18,9.149133682250977
2020-03-19,9.367385864257812
2020-03-20,9.131671905517578
2020-03-23,8.450728416442871
2020-03-24,9.734050750732422
2020-03-25,10.397536277770996
2020-03-26,10.493566513061523
2020-03-27,10.057064056396484
2020-03-30,9.943571090698242
2020-03-31,10.327695846557617
2020-04-01,9.777700424194336
2020-04-02,10.039602279663086
2020-04-03,9.934840202331543
2020-04-06,10.511028289794922
2020-04-07,11.069754600524902
2020-04-08,11.288005828857422
2020-04-09,11.698319435119629
2020-04-13,11.72451114654541
2020-04-14,12.265775680541992
2020-04-15,11.52371597290039
2020-04-16,11.462608337402344
2020-04-17,11.820541381835938
2020-04-20,11.645940780639648
2020-04-21,11.235626220703125
2020-04-22,11.680861473083496
2020-04-23,11.916573524475098
2020-04-24,12.099905014038086
2020-04-27,12.213395118713379
2020-04-28,12.265775680541992
2020-04-29,13.095134735107422
2020-04-30,12.580058097839355
2020-05-01,12.152283668518066
2020-05-04,12.082444190979004
2020-05-05,12.265775680541992
2020-05-06,12.178476333618164
2020-05-07,12.466567039489746
2020-05-08,12.737200736999512
2020-05-11,12.649898529052734
2020-05-12,12.353075981140137
2020-05-13,12.091175079345703
2020-05-14,12.047524452209473
2020-05-15,12.25704574584961
2020-05-18,13.095134735107422
2020-05-19,13.147515296936035
2020-05-20,13.383227348327637
2020-05-21,13.147515296936035
2020-05-22,12.946722030639648
2020-05-26,13.43560791015625
2020-05-27,13.514177322387695
2020-05-28,13.522908210754395
2020-05-29,13.57529067993164
2020-06-01,14.072905540466309
2020-06-02,14.404647827148438
2020-06-03,14.649088859558105
2020-06-04,14.7363920211792
2020-06-05,15.129243850708008
2020-06-08,15.26892375946045
2020-06-09,15.10305404663086
2020-06-10,15.277654647827148
2020-06-11,13.96814250946045
2020-06-12,14.387188911437988
2020-06-15,14.369728088378906
2020-06-16,14.544328689575195
2020-06-17,14.457027435302734
2020-06-18,14.378457069396973
2020-06-19,14.483220100402832
2020-06-22,14.814962387084961
2020-06-23,15.234004020690918
2020-06-24,14.806232452392578
2020-06-25,15.08559513092041
2020-06-26,14.884800910949707
2020-06-29,15.025944709777832
2020-06-30,15.464272499084473
2020-07-01,15.516873359680176
2020-07-02,15.648372650146484
2020-07-06,16.43736457824707
2020-07-07,16.297101974487305
2020-07-08,16.717893600463867
2020-07-09,16.928293228149414
2020-07-10,16.9545955657959
2020-07-13,17.261428833007812
2020-07-14,17.331562042236328
2020-07-15,17.36662483215332
2020-07-16,16.998428344726562
2020-07-17,17.261428833007812
2020-07-20,17.603321075439453
2020-07-21,17.6734561920166
2020-07-22,17.82248878479004
2020-07-23,17.787425994873047
2020-07-24,17.559492111206055
2020-07-27,18.059186935424805
2020-07-28,17.892620086669922
2020-07-29,17.97152328491211
2020-07-30,17.463056564331055
2020-07-31,17.384157180786133
2020-08-03,17.64715576171875
2020-08-04,17.883852005004883
2020-08-05,18.611480712890625
2020-08-06,18.953380584716797
2020-08-07,18.46245002746582
2020-08-10,18.567649841308594
2020-08-11,18.3835506439209
2020-08-12,18.409847259521484
2020-08-13,18.3397159576416
2020-08-14,18.25205421447754
2020-08-17,18.86571502685547
2020-08-18,18.93584442138672
2020-08-19,19.26897430419922
2020-08-20,19.032276153564453
2020-08-21,18.664081573486328
2020-08-24,18.60271644592285
2020-08-25,18.304651260375977
2020-08-26,18.716684341430664
2020-08-27,18.488750457763672
2020-08-28,19.155012130737305
2020-08-31,19.470605850219727
2020-09-01,19.85633659362793
2020-09-02,19.812503814697266
2020-09-03,19.023513793945312
2020-09-04,19.496906280517578
2020-09-08,18.80434799194336
2020-09-09,19.514440536499023
2020-09-10,18.953380584716797
2020-09-11,19.36541175842285
2020-09-14,19.540740966796875
2020-09-15,19.61087417602539
2020-09-16,19.794973373413086
2020-09-17,19.838802337646484
2020-09-18,19.847572326660156
2020-09-21,19.005979537963867
2020-09-22,18.74298095703125
2020-09-23,17.848787307739258
2020-09-24,17.910154342651367
2020-09-25,17.927688598632812
2020-09-28,18.04165267944336
2020-09-29,17.910154342651367
2020-09-30,18.164382934570312
2020-10-01,18.059186935424805
2020-10-02,18.15561866760254
2020-10-05,18.409847259521484
2020-10-06,17.97152328491211
2020-10-07,18.3835506439209
2020-10-08,18.55011558532715
2020-10-09,18.848180770874023
2020-10-12,18.690378189086914
2020-10-13,18.46245002746582
2020-10-14,18.63778305053711
2020-10-15,18.567649841308594
2020-10-16,18.585182189941406
2020-10-19,18.567649841308594
2020-10-20,19.146244049072266
2020-10-21,19.61087417602539
2020-10-22,19.54950714111328
2020-10-23,19.672239303588867
2020-10-26,19.207609176635742
2020-10-27,19.198843002319336
2020-10-28,18.576412200927734
2020-10-29,18.821882247924805
2020-10-30,18.848180770874023
2020-11-02,19.041044235229492
2020-11-03,19.707305908203125
2020-11-04,19.453073501586914
2020-11-05,20.022905349731445
2020-11-06,20.513832092285156
2020-11-09,20.88202667236328
2020-11-10,20.697933197021484
2020-11-11,20.610265731811523
2020-11-12,20.619035720825195
2020-11-13,20.987228393554688
2020-11-16,21.793758392333984
2020-11-17,21.820053100585938
2020-11-18,21.802522659301758
2020-11-19,21.662256240844727
2020-11-20,22.20578384399414
2020-11-23,22.49508285522461
2020-11-24,23.24024200439453
2020-11-25,23.05614471435547
2020-11-27,23.617204666137695
2020-11-30,23.617204666137695
2020-12-01,24.108135223388672
2020-12-02,24.362369537353516
2020-12-03,24.774396896362305
2020-12-04,25.537090301513672
2020-12-07,25.10753059387207
2020-12-08,24.993562698364258
2020-12-09,24.905895233154297
2020-12-10,25.379295349121094
2020-12-11,24.897130966186523
2020-12-14,24.79193115234375
2020-12-15,25.291627883911133
2020-12-16,25.440656661987305
2020-12-17,26.212120056152344
2020-12-18,26.098154067993164
2020-12-21,26.036785125732422
2020-12-22,25.36176300048828
2020-12-23,26.133220672607422
2020-12-24,26.238420486450195
2020-12-28,26.55401611328125
2020-12-29,26.466352462768555
2020-12-30,27.000694274902344
2020-12-31,26.90321922302246
2021-01-04,28.18811798095703
2021-01-05,28.817279815673828
2021-01-06,29.331239700317383
2021-01-07,30.483224868774414
2021-01-08,30.0401611328125
2021-01-11,28.897037506103516
2021-01-12,29.455303192138672
2021-01-13,28.9945125579834
2021-01-14,29.242630004882812
2021-01-15,28.374208450317383
2021-01-19,28.737529754638672
2021-01-20,29.242630004882812
2021-01-21,29.286935806274414
2021-01-22,28.71094512939453
2021-01-25,28.17926025390625
2021-01-26,27.727331161499023
2021-01-27,26.37153434753418
2021-01-28,27.257678985595703
2021-01-29,26.318363189697266
2021-02-01,27.92228126525879
2021-02-02,27.603271484375
2021-02-03,27.833667755126953
2021-02-04,27.709606170654297
2021-02-05,28.321041107177734
2021-02-08,29.278076171875
2021-02-09,29.623666763305664
2021-02-10,30.181941986083984
2021-02-11,30.270551681518555
2021-02-12,30.270551681518555
2021-02-16,32.11372756958008
2021-02-17,32.627685546875
2021-02-18,32.92897033691406
2021-02-19,34.860755920410156
2021-02-22,35.74690246582031
2021-02-23,35.87982177734375
2021-02-24,35.622840881347656
2021-02-25,34.07209777832031
2021-02-26,32.76946258544922
2021-03-01,33.584716796875
2021-03-02,33.56700134277344
2021-03-03,33.68218994140625
2021-03-04,31.333921432495117
2021-03-05,32.24664306640625
2021-03-08,32.08713912963867
2021-03-09,32.17574691772461
2021-03-10,32.2555046081543
2021-03-11,33.98347854614258
2021-03-12,33.73535919189453
2021-03-15,33.584716796875
2021-03-16,32.90239334106445
2021-03-17,33.274566650390625
2021-03-18,32.57451629638672
2021-03-19,32.08713912963867
2021-03-22,32.30867004394531
2021-03-23,30.580698013305664
2021-03-24,30.093326568603516
2021-03-25,29.88951301574707
2021-03-26,31.227584838867188
2021-03-29,31.076936721801758
2021-03-30,31.316200256347656
2021-03-31,31.51114845275879
2021-04-01,32.26436233520508
2021-04-05,33.18595504760742
2021-04-06,33.41634750366211
2021-04-07,33.07075500488281
2021-04-08,33.55813217163086
2021-04-09,33.21253967285156
2021-04-12,31.971946716308594
2021-04-13,32.60110092163086
2021-04-14,33.95689392089844
2021-04-15,35.259525299072266
2021-04-16,35.215213775634766
2021-04-19,35.037994384765625
2021-04-20,33.97461700439453
2021-04-21,34.53288650512695
2021-04-22,33.939170837402344
2021-04-23,34.754417419433594
2021-04-26,35.98616027832031
2021-04-27,35.89753723144531
2021-04-28,36.01274108886719
2021-04-29,35.950714111328125
2021-04-30,34.967098236083984
2021-05-03,35.44561004638672
2021-05-04,35.89753723144531
2021-05-05,37.2621955871582
2021-05-06,37.92680358886719
2021-05-07,39.2826042175293
2021-05-10,39.876319885253906
2021-05-11,39.876319885253906
2021-05-12,38.254676818847656
2021-05-13,37.12928009033203
2021-05-14,37.20903015136719
2021-05-17,37.62551498413086
2021-05-18,37.98883056640625
2021-05-19,36.05705261230469
2021-05-20,35.870948791503906
2021-05-21,35.427886962890625
2021-05-24,35.41016387939453
2021-05-25,34.878482818603516
2021-05-26,35.34813690185547
2021-05-27,36.65962219238281
2021-05-28,36.544429779052734
2021-06-01,37.15585708618164
2021-06-02,36.70392990112305
2021-06-03,35.72031784057617
2021-06-04,36.34061050415039
2021-06-07,35.52536392211914
2021-06-08,35.38357925415039
2021-06-09,35.215213775634766
2021-06-10,35.14432144165039
2021-06-11,35.48106002807617
2021-06-14,35.01140213012695
2021-06-15,33.45180130004883
2021-06-16,32.503623962402344
2021-06-17,30.926294326782227
2021-06-18,30.72248077392578
2021-06-21,31.85674476623535
2021-06-22,32.29981994628906
2021-06-23,32.92011642456055
2021-06-24,33.08848190307617
2021-06-25,33.44293212890625
2021-06-28,32.99100875854492
2021-06-29,32.81388854980469
2021-06-30,33.0630989074707
2021-07-01,32.91179275512695
2021-07-02,33.11648941040039
2021-07-06,32.24429702758789
2021-07-07,32.929595947265625
2021-07-08,32.19980239868164
2021-07-09,33.463584899902344
2021-07-12,33.463584899902344
2021-07-13,32.974090576171875
2021-07-14,32.502403259277344
2021-07-15,32.65370178222656
2021-07-16,31.327613830566406
2021-07-19,30.001527786254883
2021-07-20,30.339731216430664
2021-07-21,31.603506088256836
2021-07-22,31.808212280273438
2021-07-23,32.101905822753906
2021-07-26,32.99189758300781
2021-07-27,32.92070388793945
2021-07-28,33.258888244628906
2021-07-29,34.22897720336914
2021-07-30,33.68608093261719
2021-08-02,33.748382568359375
2021-08-03,33.67718505859375
2021-08-04,33.169891357421875
2021-08-05,33.10759735107422
2021-08-06,33.13429641723633
2021-08-09,32.80499267578125
2021-08-10,33.37458801269531
2021-08-11,33.997581481933594
2021-08-12,33.68608093261719
2021-08-13,34.14888000488281
2021-08-16,33.187686920166016
2021-08-17,31.719205856323242
2021-08-18,31.096216201782227
2021-08-19,29.5743350982666
2021-08-20,29.565439224243164
2021-08-23,30.77582359313965
2021-08-24,31.514516830444336
2021-08-25,31.65690803527832
2021-08-26,31.327613830566406
2021-08-27,32.635902404785156
2021-08-30,32.88508987426758
2021-08-31,32.858394622802734
2021-09-01,32.644798278808594
2021-09-02,33.03639602661133
2021-09-03,33.579288482666016
2021-09-07,33.267791748046875
2021-09-08,32.19980239868164
2021-09-09,32.502403259277344
2021-09-10,33.11648941040039
2021-09-13,33.4457893371582
2021-09-14,33.00968933105469
2021-09-15,33.69498825073242
2021-09-16,32.297706604003906
2021-09-17,31.26531410217285
2021-09-20,29.770132064819336
2021-09-21,29.805734634399414
2021-09-22,30.54442596435547
2021-09-23,31.06061553955078
2021-09-24,30.73131561279297
2021-09-27,30.909320831298828
2021-09-28,30.402027130126953
2021-09-29,29.823532104492188
2021-09-30,30.4376220703125
2021-10-01,30.77582359313965
2021-10-04,30.669023513793945
2021-10-05,30.95381736755371
2021-10-06,30.46432113647461
2021-10-07,31.514516830444336
2021-10-08,31.514516830444336
2021-10-11,32.279903411865234
2021-10-12,32.55580139160156
2021-10-13,33.34789276123047
2021-10-14,34.41587448120117
2021-10-15,35.37706756591797
2021-10-18,35.68855667114258
2021-10-19,35.56396484375
2021-10-20,35.59955978393555
2021-10-21,34.42477798461914
2021-10-22,34.04207992553711
2021-10-25,34.79856872558594
2021-10-26,34.38027572631836
2021-10-27,33.169891357421875
2021-10-28,33.356788635253906
2021-10-29,33.21438980102539
2021-11-01,33.39239501953125
2021-11-02,32.52909469604492
2021-11-03,32.28880310058594
2021-11-04,32.11970138549805
2021-11-05,32.11970138549805
2021-11-08,33.02749252319336
2021-11-09,32.42230224609375
2021-11-10,31.603506088256836
2021-11-11,33.03639602661133
2021-11-12,33.60598373413086
2021-11-15,32.680397033691406
2021-11-16,32.31549835205078
2021-11-17,31.977304458618164
2021-11-18,32.05740737915039
2021-11-19,32.039608001708984
2021-11-22,32.19089889526367
2021-11-23,32.44010543823242
2021-11-24,32.44010543823242
2021-11-26,30.962722778320312
2021-11-29,31.61241912841797
2021-11-30,31.603506088256836
2021-12-01,31.167421340942383
2021-12-02,31.665809631347656
2021-12-03,31.274215698242188
2021-12-06,31.817110061645508
2021-12-07,32.68929672241211
2021-12-08,33.00968933105469
2021-12-09,32.78719711303711
2021-12-10,32.52909469604492
2021-12-13,32.51129913330078
2021-12-14,32.146400451660156
2021-12-15,31.77260971069336
2021-12-16,32.05740737915039
2021-12-17,31.834909439086914
2021-12-20,30.936016082763672
2021-12-21,31.82600212097168
2021-12-22,32.44010543823242
2021-12-23,32.733795166015625
2021-12-27,32.99189758300781
2021-12-28,32.858394622802734
2021-12-29,33.000797271728516
2021-12-30,32.9603271484375
2021-12-31,33.19414520263672
2022-01-03,33.068241119384766
2022-01-04,33.6438102722168
2022-01-05,33.19414520263672
2022-01-06,33.0142822265625
2022-01-07,33.77870559692383
2022-01-10,33.70676803588867
2022-01-11,34.651058197021484
2022-01-12,36.52165985107422
2022-01-13,36.0899772644043
2022-01-14,35.72126007080078
2022-01-18,36.01803207397461
2022-01-19,36.68353271484375
2022-01-20,36.377769470214844
2022-01-21,35.22662353515625
2022-01-24,34.38125991821289
2022-01-25,34.471195220947266
2022-01-26,34.38125991821289
2022-01-27,33.91360855102539
2022-01-28,33.239112854003906
2022-01-31,33.6438102722168
2022-02-01,34.29132843017578
2022-02-02,34.57011413574219
2022-02-03,34.19240188598633
2022-02-04,34.417236328125
2022-02-07,34.821929931640625
2022-02-08,35.62232971191406
2022-02-09,36.8634033203125
2022-02-10,37.0522575378418
2022-02-11,36.67454147338867
2022-02-14,36.9173583984375
2022-02-15,37.07924270629883
2022-02-16,37.42098617553711
2022-02-17,36.9173583984375
2022-02-18,36.746490478515625
2022-02-22,36.70152282714844
2022-02-23,36.46769714355469
2022-02-24,36.18891143798828
2022-02-25,37.67279052734375
2022-02-28,38.311317443847656
2022-03-01,38.3203125
2022-03-02,39.4444694519043
2022-03-03,40.36178970336914
2022-03-04,40.020042419433594
2022-03-07,38.778961181640625
2022-03-08,38.3203125
2022-03-09,38.55413818359375
2022-03-10,39.39950180053711
2022-03-11,38.59910202026367
2022-03-14,36.90836715698242
2022-03-15,36.32380676269531
2022-03-16,38.07749557495117
2022-03-17,38.958831787109375
2022-03-18,39.48943328857422
2022-03-21,40.44271469116211
2022-03-22,40.63157653808594
2022-03-23,41.072242736816406
2022-03-24,41.530906677246094
2022-03-25,41.79171371459961
2022-03-28,41.38701629638672
2022-03-29,40.93735122680664
2022-03-30,41.29707717895508
2022-03-31,40.9283561706543
2022-04-01,41.998558044433594
2022-04-04,42.133453369140625
2022-04-05,40.9283561706543
2022-04-06,40.127952575683594
2022-04-07,40.523658752441406
2022-04-08,40.86540603637695
2022-04-11,40.029029846191406
2022-04-12,40.17292404174805
2022-04-13,41.557884216308594
2022-04-14,41.46795654296875
2022-04-18,41.845664978027344
2022-04-19,41.67479705810547
2022-04-20,40.9553337097168
2022-04-21,38.778961181640625
2022-04-22,36.87239456176758
2022-04-25,36.179908752441406
2022-04-26,34.71400833129883
2022-04-27,36.09897232055664
2022-04-28,36.422733306884766
2022-04-29,36.00904083251953
2022-05-02,35.53239822387695
2022-05-03,35.919105529785156
2022-05-04,36.69253158569336
2022-05-05,34.794944763183594
2022-05-06,34.156429290771484
2022-05-09,32.105960845947266
2022-05-10,31.65629768371582
2022-05-11,31.935089111328125
2022-05-12,30.90086555480957
2022-05-13,31.890121459960938
2022-05-16,32.465694427490234
2022-05-17,34.00354766845703
2022-05-18,32.9333381652832
2022-05-19,34.38125991821289
2022-05-20,34.33629608154297
2022-05-23,35.22662353515625
2022-05-24,34.911861419677734
2022-05-25,34.81294250488281
2022-05-26,35.11870574951172
2022-05-27,35.70327377319336
2022-05-31,35.55937576293945
2022-06-01,35.54138946533203
2022-06-02,37.187156677246094
2022-06-03,36.638572692871094
2022-06-06,37.09722900390625
2022-06-07,37.48393249511719
2022-06-08,36.64756774902344
2022-06-09,35.415489196777344
2022-06-10,34.588104248046875
2022-06-13,32.762474060058594
2022-06-14,32.30381774902344
2022-06-15,32.834415435791016
2022-06-16,31.4764347076416
2022-06-17,31.05375099182129
2022-06-21,31.278581619262695
2022-06-22,29.59684181213379
2022-06-23,27.807180404663086
2022-06-24,28.922344207763672
2022-06-27,29.48892593383789
2022-06-28,29.327043533325195
2022-06-29,28.57115364074707
2022-06-30,27.936647415161133
2022-07-01,27.394102096557617
2022-07-05,25.968761444091797
2022-07-06,25.95037078857422
2022-07-07,27.52284049987793
2022-07-08,27.081443786621094
2022-07-11,25.85841178894043
2022-07-12,25.28827667236328
2022-07-13,25.32505989074707
2022-07-14,24.387094497680664
2022-07-15,24.745725631713867
2022-07-18,25.591737747192383
2022-07-19,26.125089645385742
2022-07-20,25.968761444091797
2022-07-21,25.987150192260742
2022-07-22,25.692888259887695
2022-07-25,26.005544662475586
2022-07-26,25.80323600769043
2022-07-27,26.57567596435547
2022-07-28,26.860748291015625
2022-07-29,28.037799835205078
2022-08-01,27.42168426513672
2022-08-02,26.548091888427734
2022-08-03,26.428544998168945
2022-08-04,26.667634963989258
2022-08-05,27.200986862182617
2022-08-08,28.249303817749023
2022-08-09,27.964231491088867
2022-08-10,29.11370277404785
2022-08-11,29.233243942260742
2022-08-12,29.610271453857422
2022-08-15,28.61713409423828
2022-08-16,29.012550354003906
2022-08-17,28.460805892944336
2022-08-18,28.856218338012695
2022-08-19,28.166540145874023
2022-08-22,27.7987117767334
2022-08-23,29.14129066467285
2022-08-24,29.040136337280273
2022-08-25,29.932125091552734
2022-08-26,29.297618865966797
2022-08-29,28.856218338012695
2022-08-30,27.660778045654297
2022-08-31,27.44927215576172
2022-09-01,26.40096092224121
2022-09-02,26.713613510131836
2022-09-06,26.92511558532715
2022-09-07,26.961898803710938
2022-09-08,27.789514541625977
2022-09-09,28.874614715576172
2022-09-12,29.444746017456055
2022-09-13,28.276893615722656
2022-09-14,28.129758834838867
2022-09-15,27.63318634033203
2022-09-16,27.48605728149414
2022-09-19,28.019407272338867
2022-09-20,27.32052993774414
2022-09-21,26.787181854248047
2022-09-22,26.84235954284668
2022-09-23,25.297470092773438
2022-09-26,24.736534118652344
2022-09-27,25.030792236328125
2022-09-28,26.1066951751709
2022-09-29,26.06071662902832
2022-09-30,25.987150192260742
2022-10-03,27.17340087890625
2022-10-04,28.001020431518555
2022-10-05,27.761930465698242
2022-10-06,27.21938133239746
2022-10-07,26.446937561035156
2022-10-10,26.446937561035156
2022-10-11,25.968761444091797
2022-10-12,26.1066951751709
2022-10-13,26.64924430847168
2022-10-14,25.78484535217285
2022-10-17,26.354982376098633
2022-10-18,26.06991195678711
2022-10-19,25.748062133789062
2022-10-20,25.738866806030273
2022-10-21,26.869943618774414
2022-10-24,25.885995864868164
2022-10-25,26.52969741821289
2022-10-26,27.715951919555664
2022-10-27,27.384904861450195
2022-10-28,26.814767837524414
2022-10-31,26.364177703857422
2022-11-01,27.660778045654297
2022-11-02,26.704418182373047
2022-11-03,26.84235954284668
2022-11-04,29.472335815429688
2022-11-07,29.306814193725586
2022-11-08,30.217191696166992
2022-11-09,29.159679412841797
2022-11-10,31.136770248413086
2022-11-11,32.479339599609375
2022-11-14,32.02875900268555
2022-11-15,32.30461883544922
2022-11-16,31.808055877685547
2022-11-17,31.026416778564453
2022-11-18,30.76893424987793
2022-11-21,30.64939308166504
2022-11-22,31.587352752685547
2022-11-23,31.909208297729492
2022-11-25,31.890817642211914
2022-11-28,31.0723934173584
2022-11-29,32.074729919433594
2022-11-30,33.27936935424805
2022-12-01,33.83111572265625
2022-12-02,33.969051361083984
2022-12-05,33.26097869873047
2022-12-06,33.16902160644531
2022-12-07,33.049476623535156
2022-12-08,33.75754928588867
2022-12-09,33.610416412353516
2022-12-12,33.40811538696289
2022-12-13,33.95985794067383
2022-12-14,34.024227142333984
2022-12-15,32.74601745605469
2022-12-16,32.847171783447266
2022-12-19,32.562103271484375
2022-12-20,32.90234375
2022-12-21,33.785133361816406
2022-12-22,32.58049774169922
2022-12-23,33.13224411010742
2022-12-27,33.54604721069336
2022-12-28,33.150630950927734
2022-12-29,33.48999786376953
2022-12-30,32.941436767578125
2023-01-03,33.248252868652344
2023-01-04,33.67594528198242
2023-01-05,34.187313079833984
2023-01-06,35.6656379699707
2023-01-09,36.446632385253906
2023-01-10,37.21833419799805
2023-01-11,37.376399993896484
2023-01-12,38.15739440917969
2023-01-13,38.18528366088867
2023-01-17,37.29271697998047
2023-01-18,37.49726486206055
2023-01-19,37.831974029541016
2023-01-20,38.38053894042969
2023-01-23,38.371238708496094
2023-01-24,38.585086822509766
2023-01-25,38.771034240722656
2023-01-26,38.79893112182617
2023-01-27,38.519996643066406
2023-01-30,37.77619552612305
2023-01-31,38.38983154296875
2023-02-01,38.95698928833008
2023-02-02,37.6367301940918
2023-02-03,36.976600646972656
2023-02-06,36.13051223754883
2023-02-07,37.06027603149414
2023-02-08,36.64188003540039
2023-02-09,36.52101135253906
2023-02-10,35.74931335449219
2023-02-13,36.177001953125
2023-02-14,36.725563049316406
2023-02-15,36.36295700073242
2023-02-16,36.595394134521484
2023-02-17,36.43733596801758
2023-02-21,36.57680130004883
2023-02-22,35.72141647338867
2023-02-23,35.20075607299805
2023-02-24,34.14082717895508
2023-02-27,34.8939323425293
2023-02-28,35.21004867553711
2023-03-01,36.79994201660156
2023-03-02,36.48382568359375
2023-03-03,37.534446716308594
2023-03-06,36.595394134521484
2023-03-07,34.8939323425293
2023-03-08,35.30302810668945
2023-03-09,33.91768264770508
2023-03-10,33.50859451293945
2023-03-13,33.81541061401367
2023-03-14,34.23380661010742
2023-03-15,32.17902755737305
2023-03-16,32.5416374206543
2023-03-17,32.74618148803711
2023-03-20,33.87119674682617
2023-03-21,34.066444396972656
2023-03-22,33.889793395996094
2023-03-23,34.02924728393555
2023-03-24,33.936275482177734
2023-03-27,34.16871643066406
2023-03-28,34.77306365966797
2023-03-29,35.35881042480469
2023-03-30,36.08402633666992
2023-03-31,35.99105453491211
2023-04-03,36.55820846557617
2023-04-04,35.981754302978516
2023-04-05,35.69352722167969
2023-04-06,35.92596435546875
2023-04-10,35.898075103759766
2023-04-11,37.16255187988281
2023-04-12,37.51585388183594
2023-04-13,38.75244140625
2023-04-14,38.66876220703125
2023-04-17,38.56648635864258
2023-04-18,39.36608123779297
2023-04-19,38.81752395629883
2023-04-20,38.334049224853516
2023-04-21,37.3577995300293
2023-04-24,37.21833419799805
2023-04-25,35.870182037353516
2023-04-26,36.177001953125
2023-04-27,36.725563049316406
2023-04-28,36.71626281738281
2023-05-01,36.725563049316406
2023-05-02,36.2327880859375
2023-05-03,36.19559860229492
2023-05-04,36.03753662109375
2023-05-05,37.27412414550781
2023-05-08,37.6367301940918
2023-05-09,37.43217849731445
2023-05-10,36.41873550415039
2023-05-11,34.41975402832031
2023-05-12,34.51272964477539
2023-05-15,35.572654724121094
2023-05-16,34.81955337524414
2023-05-17,35.0055046081543
2023-05-18,34.41045379638672
2023-05-19,34.41975402832031
2023-05-22,34.34537124633789
2023-05-23,33.443504333496094
2023-05-24,32.634613037109375
2023-05-25,32.44866180419922
2023-05-26,33.11808395385742
2023-05-30,32.56953048706055
2023-05-31,32.16973114013672
2023-06-01,33.28544998168945
2023-06-02,34.707984924316406
2023-06-05,34.224510192871094
2023-06-06,34.76375961303711
2023-06-07,34.50343322753906
2023-06-08,35.03339385986328
2023-06-09,34.959014892578125
2023-06-12,34.74517059326172
2023-06-13,35.63774108886719
2023-06-14,36.511714935302734
2023-06-15,36.920814514160156
2023-06-16,36.78134536743164
2023-06-20,35.758609771728516
2023-06-21,35.92596435546875
2023-06-22,35.74931335449219
2023-06-23,34.76375961303711
2023-06-26,35.321624755859375
2023-06-27,35.41459655761719
2023-06-28,34.85674285888672
2023-06-29,34.88029861450195
2023-06-30,35.48347854614258
2023-07-03,36.01124572753906
2023-07-05,35.52117156982422
2023-07-06,34.37137985229492
2023-07-07,35.15361404418945
2023-07-10,35.55886459350586
2023-07-11,35.926429748535156
2023-07-12,37.2364387512207
2023-07-13,38.235443115234375
2023-07-14,37.56630325317383
2023-07-17,37.123348236083984
2023-07-18,37.34953689575195
2023-07-19,37.18931579589844
2023-07-20,37.123348236083984
2023-07-21,36.736942291259766
2023-07-24,37.04795455932617
2023-07-25,38.74437713623047
2023-07-26,38.348541259765625
2023-07-27,38.037532806396484
2023-07-28,38.631282806396484
2023-07-31,39.3475456237793
2023-08-01,38.48991012573242
2023-08-02,37.3778076171875
2023-08-03,37.773643493652344
2023-08-04,37.73594284057617
2023-08-07,37.67940139770508
2023-08-08,37.132774353027344
2023-08-09,36.92543029785156
2023-08-10,36.633270263671875
2023-08-11,36.2374382019043
2023-08-14,35.69081497192383
2023-08-15,34.437347412109375
2023-08-16,34.06036376953125
2023-08-17,34.14518737792969
2023-08-18,33.900146484375
2023-08-21,34.37137985229492
2023-08-22,34.644691467285156
2023-08-23,35.16304016113281
2023-08-24,34.3148307800293
2023-08-25,34.333675384521484
2023-08-28,34.804908752441406
2023-08-29,35.74736022949219
2023-08-30,35.73793411254883
2023-08-31,35.681392669677734
2023-09-01,36.096073150634766
2023-09-05,35.728515625
2023-09-06,35.624839782714844
2023-09-07,34.861454010009766
2023-09-08,34.55986785888672
2023-09-11,35.5400276184082
2023-09-12,35.05936813354492
2023-09-13,34.82375717163086
2023-09-14,35.945281982421875
2023-09-15,36.096073150634766
2023-09-18,35.73793411254883
2023-09-19,35.36095428466797
2023-09-20,35.247859954833984
2023-09-21,34.3996467590332
2023-09-22,34.3525276184082
2023-09-25,34.23000717163086
2023-09-26,33.55143737792969
2023-09-27,33.362953186035156
2023-09-28,34.069793701171875
2023-09-29,34.3148307800293
2023-10-02,33.108482360839844
2023-10-03,32.38279342651367
2023-10-04,32.04350662231445
2023-10-05,32.090633392333984
2023-10-06,33.11791229248047
2023-10-09,33.24043273925781
2023-10-10,33.862449645996094
2023-10-11,33.67395782470703
2023-10-12,32.85402297973633
2023-10-13,32.75977325439453
2023-10-16,33.362953186035156
2023-10-17,33.35352325439453
2023-10-18,32.505313873291016
2023-10-19,32.23200225830078
2023-10-20,31.487459182739258
2023-10-23,31.35551643371582
2023-10-24,31.704221725463867
2023-10-25,31.261266708374023
2023-10-26,31.42148780822754
2023-10-27,31.779624938964844
2023-10-30,31.412067413330078
2023-10-31,30.95968246459961
2023-11-01,30.780616760253906
2023-11-02,31.6570987701416
2023-11-03,32.081207275390625
2023-11-06,31.845592498779297
2023-11-07,30.931407928466797
2023-11-08,30.102052688598633
2023-11-09,30.205717086791992
2023-11-10,30.25284194946289
2023-11-13,30.41306495666504
2023-11-14,31.638254165649414
2023-11-15,32.147178649902344
2023-11-16,31.6570987701416
2023-11-17,32.081207275390625
2023-11-20,32.53358459472656
2023-11-21,32.65610122680664
2023-11-22,32.458187103271484
2023-11-24,32.505313873291016
2023-11-27,32.01523971557617
2023-11-28,32.703224182128906
2023-11-29,32.42049789428711
2023-11-30,32.40164566040039
2023-12-01,33.815330505371094
2023-12-04,33.0707893371582
2023-12-05,32.354522705078125
2023-12-06,32.42049789428711
2023-12-07,32.81632614135742
2023-12-08,33.28755187988281
2023-12-11,32.9388427734375
2023-12-12,32.66553497314453
2023-12-13,33.88129806518555
2023-12-14,35.02166748046875
2023-12-15,35.02166748046875
2023-12-18,34.983970642089844
2023-12-19,35.86045455932617
2023-12-20,35.15361404418945
2023-12-21,35.97355270385742
2023-12-22,35.90757751464844
2023-12-26,36.256290435791016
2023-12-27,36.60499954223633
2023-12-28,35.987117767333984
2023-12-29,35.70151138305664
2024-01-02,35.4254150390625
2024-01-03,35.18740463256836
2024-01-04,35.11124801635742
2024-01-05,35.11124801635742
2024-01-08,35.34925842285156
2024-01-09,34.70186996459961
2024-01-10,34.739952087402344
2024-01-11,34.80659484863281
2024-01-12,35.09220886230469
2024-01-16,34.025917053222656
2024-01-17,33.21668243408203
2024-01-18,33.2262077331543
2024-01-19,33.597503662109375
2024-01-22,32.816829681396484
2024-01-23,33.568939208984375
2024-01-24,34.60666275024414
2024-01-25,34.92083740234375
2024-01-26,34.739952087402344
2024-01-29,35.03507995605469
2024-01-30,34.958919525146484
2024-01-31,34.4543342590332
2024-02-01,34.949398040771484
2024-02-02,34.08304214477539
2024-02-05,33.4166145324707
2024-02-06,33.94975662231445
2024-02-07,33.559417724609375
2024-02-08,33.35948944091797
2024-02-09,32.95011520385742
2024-02-12,33.50230026245117
2024-02-13,32.502662658691406
2024-02-14,33.14052200317383
2024-02-15,33.54990005493164
2024-02-16,34.31153869628906
2024-02-20,34.20680618286133
2024-02-21,34.24488830566406
2024-02-22,34.26393127441406
2024-02-23,34.69234848022461
2024-02-26,34.17824172973633
2024-02-27,34.50194549560547
2024-02-28,33.845035552978516
2024-02-29,34.25440979003906
2024-03-01,34.70186996459961
2024-03-04,34.82563400268555
2024-03-05,34.25440979003906
2024-03-06,35.5301399230957
2024-03-07,36.196571350097656
2024-03-08,36.21561050415039
2024-03-11,36.4631462097168
2024-03-12,36.28225326538086
2024-03-13,38.471946716308594
2024-03-14,38.6338005065918
2024-03-15,39.59535598754883
2024-03-18,39.10029220581055
2024-03-19,38.54811477661133
2024-03-20,39.785762786865234
2024-03-21,39.766719818115234
2024-03-22,39.30974197387695
2024-03-25,39.12885284423828
2024-03-26,38.748043060302734
2024-03-27,39.42398452758789
2024-03-28,40.39506912231445
2024-04-01,40.68068313598633
2024-04-02,41.194786071777344
2024-04-03,42.24202346801758
2024-04-04,42.43243408203125
2024-04-05,42.49907684326172
2024-04-08,43.31782913208008
2024-04-09,44.48884201049805
2024-04-10,44.098506927490234
2024-04-11,44.041385650634766
2024-04-12,43.298789978027344
2024-04-15,43.61296463012695
2024-04-16,42.984622955322266
2024-04-17,43.20358657836914
2024-04-18,43.99378204345703
2024-04-19,43.774810791015625
2024-04-22,43.06077575683594
2024-04-23,42.27058792114258
2024-04-24,42.460994720458984
2024-04-25,43.774810791015625
2024-04-26,45.2409553527832
2024-04-29,45.716976165771484
2024-04-30,43.574886322021484
2024-05-01,43.38447570800781
2024-05-02,43.50823974609375
2024-05-03,44.403160095214844
2024-05-06,45.079105377197266
2024-05-07,45.13623046875
2024-05-08,44.55548095703125
2024-05-09,45.612247467041016
2024-05-10,45.67889404296875
2024-05-13,45.974029541015625
2024-05-14,47.32592010498047
2024-05-15,47.29735565185547
2024-05-16,46.99271011352539
2024-05-17,49.191917419433594
2024-05-20,50.19156265258789
2024-05-21,49.230003356933594
2024-05-22,45.95498275756836
2024-05-23,45.469444274902344
2024-05-24,46.32627868652344
2024-05-28,47.66865539550781
2024-05-29,46.392921447753906
2024-05-30,46.05970764160156
2024-05-31,45.87881851196289
2024-06-03,45.45992660522461
2024-06-04,43.27975082397461
2024-06-05,44.28891372680664
2024-06-06,45.107666015625
2024-06-07,43.27975082397461
2024-06-10,43.9461784362793
2024-06-11,42.89893341064453
2024-06-12,43.022701263427734
2024-06-13,42.28010940551758
2024-06-14,42.19442367553711
2024-06-17,41.8421745300293
2024-06-18,42.470516204833984
2024-06-20,43.82241439819336
2024-06-21,43.05126190185547
2024-06-24,44.0699462890625
2024-06-25,43.28927230834961
2024-06-26,43.60344696044922
2024-06-27,43.05793380737305
2024-06-28,43.09614944458008
2024-07-01,43.44007873535156
2024-07-02,43.60248565673828
2024-07-03,45.11195373535156
2024-07-05,45.9048957824707
2024-07-08,45.00686264038086
2024-07-09,45.10239791870117
2024-07-10,45.34123992919922
2024-07-11,45.159725189208984
2024-07-12,45.82847213745117
2024-07-15,44.98775863647461
2024-07-16,44.500526428222656
2024-07-17,43.134368896484375
2024-07-18,41.46249008178711
2024-07-19,41.37650680541992
2024-07-22,41.00391387939453
2024-07-23,40.698204040527344
2024-07-24,40.18231201171875
2024-07-25,40.07722473144531
2024-07-26,40.679100036621094
2024-07-29,40.373382568359375
2024-07-30,40.06766891479492
2024-07-31,41.78731155395508
2024-08-01,39.838382720947266
2024-08-02,39.34159851074219
2024-08-05,37.85123825073242
2024-08-06,37.927669525146484
2024-08-07,36.981868743896484
2024-08-08,37.965885162353516
2024-08-09,38.25249099731445
2024-08-12,38.844810485839844
2024-08-13,38.88302993774414
2024-08-14,38.73017120361328
2024-08-15,40.163204193115234
2024-08-16,40.41159439086914
2024-08-19,41.109004974365234
2024-08-20,40.72686767578125
2024-08-21,41.55802536010742
2024-08-22,40.698204040527344
2024-08-23,42.00704574584961
2024-08-26,42.19811248779297
2024-08-27,42.35097122192383
2024-08-28,40.879722595214844
2024-08-29,40.86061477661133
2024-08-30,41.40517044067383
2024-09-03,38.290706634521484
2024-09-04,38.26204299926758
2024-09-05,38.05186462402344
2024-09-06,36.857669830322266
2024-09-09,37.392669677734375
2024-09-10,37.23025894165039
2024-09-11,37.94677734375
2024-09-12,39.074100494384766
2024-09-13,39.50400924682617
2024-09-16,39.933921813964844
2024-09-17,40.06766891479492
2024-09-18,40.27784729003906
2024-09-19,41.720436096191406
2024-09-20,41.46249008178711
2024-09-23,41.739540100097656
2024-09-24,44.71070098876953
2024-09-25,43.91775894165039
2024-09-26,46.239280700683594
2024-09-27,45.91445541381836
2024-09-30,45.159725189208984
2024-10-01,45.943115234375
2024-10-02,46.40168762207031
2024-10-03,44.62472152709961
2024-10-04,45.627845764160156
2024-10-07,45.771148681640625
2024-10-08,43.69802474975586
2024-10-09,43.564273834228516
2024-10-10,44.20436096191406
2024-10-11,44.75846862792969
2024-10-14,44.08017349243164
2024-10-15,43.22990417480469
2024-10-16,43.82222366333008
2024-10-17,42.99106216430664
2024-10-18,43.76490020751953
2024-10-21,43.2203483581543
2024-10-22,43.80311584472656
2024-10-23,42.962398529052734
2024-10-24,42.89552688598633
2024-10-25,42.99106216430664
2024-10-28,43.163021087646484
2024-10-29,43.019718170166016
2024-10-30,42.50382995605469
2024-10-31,41.739540100097656
2024-11-01,42.255435943603516
2024-11-04,42.52293395996094
2024-11-05,43.61204528808594
2024-11-06,41.892398834228516
2024-11-07,44.38588333129883
2024-11-08,42.15034484863281
2024-11-11,41.357398986816406
2024-11-12,40.05811309814453
2024-11-13,39.04543685913086
2024-11-14,39.53266906738281
2024-11-15,39.265167236328125
2024-11-18,40.29695129394531
2024-11-19,40.98480987548828
2024-11-20,40.63133239746094
2024-11-21,40.879722595214844
2024-11-22,40.68864822387695
2024-11-25,40.57400894165039
2024-11-26,39.991241455078125
2024-11-27,40.29695129394531
2024-11-29,40.72686767578125
2024-12-02,40.44981002807617
2024-12-03,40.83195495605469
2024-12-04,40.60266876220703
2024-12-05,40.84151077270508
2024-12-06,40.10588073730469
2024-12-09,41.6153450012207
2024-12-10,41.23320388793945
2024-12-11,41.26185989379883
2024-12-12,39.981685638427734
2024-12-13,39.112308502197266
2024-12-16,38.43400573730469
2024-12-17,37.984989166259766
2024-12-18,36.50418472290039
2024-12-19,36.590171813964844
2024-12-20,37.17293930053711
2024-12-23,37.55508041381836
2024-12-24,37.56463623046875
2024-12-26,37.69837951660156
2024-12-27,37.47865295410156
2024-12-30,36.96537780761719
2024-12-31,36.97506332397461
2025-01-02,37.3043327331543
2025-01-03,37.730445861816406
2025-01-06,38.3115119934082
2025-01-07,37.94350051879883
2025-01-08,38.19529724121094
2025-01-10,37.933815002441406
2025-01-13,37.83697509765625
2025-01-14,38.030662536621094
2025-01-15,38.466461181640625
2025-01-16,38.379302978515625
2025-01-17,38.57299041748047
2025-01-21,39.06689453125
2025-01-22,37.97255325317383
2025-01-23,38.20498275756836
2025-01-24,38.67951583862305
2025-01-27,37.86602783203125
2025-01-28,36.79106140136719
2025-01-29,37.32370376586914
2025-01-30,37.856346130371094
2025-01-31,36.97506332397461
2025-02-03,36.829795837402344
2025-02-04,38.011295318603516
2025-02-05,38.3696174621582
2025-02-06,39.173423767089844
2025-02-07,39.870697021484375
2025-02-10,40.45176315307617
2025-02-11,39.212162017822266
2025-02-12,39.57048034667969
2025-02-13,40.75197982788086
2025-02-14,40.354915618896484
2025-02-18,40.064388275146484
2025-02-19,38.863521575927734
2025-02-20,39.8222770690918
2025-02-21,38.030662536621094
2025-02-24,37.94350051879883
2025-02-25,37.895084381103516
2025-02-26,38.15656280517578
2025-02-27,37.468963623046875
2025-02-28,37.01380157470703
2025-03-03,36.55863571166992
2025-03-04,36.52958297729492
2025-03-05,39.30900192260742
2025-03-06,38.85383605957031
2025-03-07,38.68920135498047
2025-03-10,37.39149475097656
2025-03-11,38.07908248901367
2025-03-12,38.33087921142578
2025-03-13,38.92162322998047
2025-03-14,40.01596450805664
2025-03-17,40.83913803100586
2025-03-18,41.30398941040039
2025-03-19,41.778526306152344
2025-03-20,41.26525115966797
2025-03-21,40.42271041870117
2025-03-24,41.14904022216797
2025-03-25,41.95284652709961
2025-03-26,40.75197982788086
2025-03-27,39.928802490234375
2025-03-28,38.7473030090332
2025-03-31,37.83697509765625
2025-04-01,38.098453521728516
2025-04-02,37.86602783203125
2025-04-03,35.25123596191406
2025-04-04,31.63895034790039
2025-04-07,31.290315628051758
2025-04-08,30.25408363342285
2025-04-09,33.84700012207031
2025-04-10,32.36528396606445
2025-04-11,34.399009704589844
2025-04-14,35.19313049316406
2025-04-15,35.05754852294922
2025-04-16,35.05754852294922
2025-04-17,35.20281219482422
2025-04-21,35.183448791503906
2025-04-22,36.11315155029297
2025-04-23,36.955692291259766
2025-04-24,38.28245544433594
2025-04-25,37.95318603515625
2025-04-28,37.856346130371094
2025-04-29,37.749813079833984
2025-04-30,36.61674118041992
2025-05-01,36.868534088134766
2025-05-02,37.65297317504883
2025-05-05,37.34307098388672
2025-05-06,38.16624450683594
2025-05-07,37.3043327331543
2025-05-08,37.604549407958984
2025-05-09,37.92413330078125
2025-05-12,38.99910354614258
2025-05-13,39.57048034667969
2025-05-14,39.154052734375
2025-05-15,38.88289260864258
2025-05-16,38.28245544433594
2025-05-19,38.66983413696289
2025-05-20,38.69888687133789
2025-05-21,38.91194152832031
2025-05-22,38.94099426269531
2025-05-23,40.0837516784668
2025-05-27,40.122493743896484
2025-05-28,39.68669509887695
2025-05-29,39.9384880065918
2025-05-30,39.80290603637695
2025-06-02,40.59702682495117
2025-06-03,40.73261260986328
2025-06-04,41.245880126953125
2025-06-05,41.95284652709961
2025-06-06,41.81726837158203
2025-06-09,42.18527603149414
2025-06-10,42.07874298095703
2025-06-11,41.81726837158203
2025-06-12,42.04969024658203
2025-06-13,41.53641891479492
2025-06-16,42.14653778076172
2025-06-17,41.62357711791992
2025-06-18,41.65262985229492
2025-06-20,40.65513610839844
2025-06-23,41.17809295654297
2025-06-24,41.749473571777344
2025-06-25,41.62357711791992
2025-06-26,44.151206970214844
2025-06-27,43.73248291015625
2025-06-30,43.82012176513672
2025-07-01,44.23884963989258
2025-07-02,45.39764404296875
2025-07-03,45.24184036254883
2025-07-07,44.14147186279297
2025-07-08,44.45308303833008
2025-07-09,43.73248291015625
2025-07-10,44.28753662109375
2025-07-11,43.975929260253906
2025-07-14,43.742218017578125
2025-07-15,43.177425384521484
2025-07-16,43.13847732543945
2025-07-17,42.86581802368164
2025-07-18,42.719749450683594
2025-07-21,43.703269958496094
2025-07-22,44.89128112792969
2025-07-23,45.28079605102539
2025-07-24,44.511505126953125
2025-07-25,44.03435516357422
2025-07-28,43.489036560058594
2025-07-29,43.03135681152344
2025-07-30,41.7849235534668
2025-07-31,41.92124938964844
2025-08-01,41.629119873046875
2025-08-04,42.310760498046875
2025-08-05,42.729488372802734
2025-08-06,43.1092643737793
2025-08-07,43.96619415283203
2025-08-08,45.027610778808594
2025-08-11,44.30701446533203
2025-08-12,45.27105712890625
2025-08-13,46.0208625793457
2025-08-14,45.28079605102539
2025-08-15,45.913753509521484
2025-08-18,45.44633483886719
2025-08-19,44.87180709838867
2025-08-20,45.05682373046875
2025-08-21,45.407386779785156
2025-08-22,46.94595718383789
2025-08-25,46.95569610595703
2025-08-26,47.54970169067383
2025-08-27,47.20887756347656
2025-08-28,47.65681838989258
2025-08-29,48.504005432128906
2025-09-02,48.83509063720703
2025-09-03,49.6920166015625
2025-09-04,48.825355529785156
2025-09-05,49.72123336791992
2025-09-08,50.07179260253906
2025-09-09,50.0815315246582
2025-09-10,50.43209457397461
2025-09-11,51.61036682128906
2025-09-12,51.999881744384766
2025-09-15,52.81785583496094
2025-09-16,52.32122802734375
2025-09-17,51.63957977294922
2025-09-18,51.29875946044922
2025-09-19,52.13621139526367
2025-09-22,52.7691650390625
2025-09-23,52.70099639892578
2025-09-24,54.47328186035156
2025-09-25,54.745941162109375
2025-09-26,55.49575424194336
2025-09-29,57.67702102661133
2025-09-30,58.2418098449707
2025-10-01,58.94293212890625
2025-10-02,59.186378479003906
2025-10-03,60.34518051147461
2025-10-06,60.053043365478516
2025-10-07,60.09199142456055
2025-10-08,62.44853973388672
2025-10-09,62.30247497558594
2025-10-10,58.87477111816406
2025-10-13,62.45827865600586
2025-10-14,60.510719299316406
2025-10-15,61.81558609008789
2025-10-16,60.97813415527344
2025-10-17,59.507728576660156
2025-10-20,60.676265716552734
2025-10-21,57.745182037353516
2025-10-22,57.492000579833984
2025-10-23,58.63132095336914
2025-10-24,59.2642822265625
2025-10-27,59.4298210144043
2025-10-28,60.218589782714844
2025-10-29,61.19236755371094
2025-10-30,60.48150634765625
2025-10-31,60.140682220458984
2025-11-03,58.63132095336914
2025-11-04,56.411102294921875
2025-11-05,57.745182037353516
2025-11-06,58.465782165527344
2025-11-07,59.274017333984375
2025-11-10,60.89049530029297
2025-11-11,60.374393463134766
2025-11-12,61.65978240966797
2025-11-13,60.12120819091797
2025-11-14,59.54668045043945
2025-11-17,58.387874603271484
2025-11-18,57.19987106323242
2025-11-19,58.28076171875
2025-11-20,55.92421340942383
2025-11-21,56.85904312133789
2025-11-24,58.43656539916992
2025-11-25,59.040313720703125
2025-11-26,60.62757110595703
2025-11-28,62.61408996582031
2025-12-01,63.15940475463867
2025-12-02,62.95491027832031
2025-12-03,65.70097351074219
2025-12-04,65.43804931640625
2025-12-05,66.22681427001953
2025-12-08,65.67176055908203
2025-12-09,65.14591979980469
2025-12-10,66.66500854492188
2025-12-11,67.33692169189453
2025-12-12,66.35340118408203
2025-12-15,66.95714569091797
2025-12-16,66.53842163085938
2025-12-17,66.9474105834961
2025-12-18,67.33692169189453
2025-12-19,68.45677185058594
2025-12-22,70.64777374267578
2025-12-23,72.00133514404297
2025-12-24,71.81631469726562
2025-12-26,73.72492218017578
2025-12-29,71.0665054321289
2025-12-30,72.25446319580078
2025-12-31,71.54686737060547
2026-01-02,72.81256103515625
2026-01-05,76.39041137695312
2026-01-06,77.80559539794922
2026-01-07,75.64295196533203
2026-01-08,75.36389923095703
2026-01-09,77.27739715576172
2026-01-12,79.79882049560547
2026-01-13,79.5696029663086
2026-01-14,82.11096954345703
2026-01-15,81.76215362548828
2026-01-16,80.49645233154297
2026-01-20,81.97144317626953
2026-01-21,83.68561553955078
2026-01-22,81.9515151977539
2026-01-23,85.71871185302734
2026-01-26,87.78170013427734
2026-01-27,90.11376953125
2026-01-28,91.66849517822266
2026-01-29,93.91087341308594
2026-01-30,84.52276611328125
2026-02-02,84.91144561767578
2026-02-03,90.45262145996094
2026-02-04,86.3166732788086
2026-02-05,81.03462219238281
2026-02-06,84.3932113647461
2026-02-09,88.72847747802734
2026-02-10,87.93119049072266
2026-02-11,89.81478881835938
2026-02-12,86.85485076904297
2026-02-13,87.64217376708984
2026-02-17,84.49287414550781
2026-02-18,86.36650848388672
2026-02-19,85.82833862304688
2026-02-20,88.78826904296875
2026-02-23,90.54231262207031
2026-02-24,93.05377960205078
2026-02-25,94.73805236816406
2026-02-26,94.13011932373047
2026-02-27,95.37588500976562
2026-03-02,93.28299713134766
2026-03-03,86.72528076171875
2026-03-04,87.8614273071289
2026-03-05,82.02127838134766
2026-03-06,79.67922973632812
2026-03-09,81.96147155761719
2026-03-10,82.77869415283203
2026-03-11,82.01130676269531
2026-03-12,79.46994018554688
2026-03-13,76.13128662109375
2026-03-16,78.39360046386719
2026-03-17,77.6461410522461
2026-03-18,74.67623138427734
2026-03-19,72.1348648071289
2026-03-20,68.8460464477539
2026-03-23,73.30091094970703
2026-03-24,72.75276947021484
2026-03-25,75.38382720947266
2026-03-26,70.64990997314453
2026-03-27,71.36747741699219
2026-03-30,70.51039123535156
2026-03-31,76.09142303466797
2026-04-01,77.88533020019531
2026-04-02,76.59969329833984
2026-04-06,76.46017456054688
2026-04-07,76.4801025390625
2026-04-08,81.75218200683594
2026-04-09,81.28377532958984
2026-04-10,83.23713684082031
2026-04-13,84.58257293701172
2026-04-14,86.13728332519531
2026-04-15,85.7884750366211
2026-04-16,85.91802978515625
2026-04-17,86.89471435546875
2026-04-20,85.95789337158203
2026-04-21,81.19408416748047
2026-04-22,84.61246490478516
2026-04-23,82.18072509765625
2026-04-24,82.09103393554688
2026-04-27,81.42330169677734
2026-04-28,78.42350006103516
2026-04-29,77.46675109863281
2026-04-30,79.34038543701172
2026-05-01,78.78227996826172
2026-05-04,76.39041137695312
2026-05-05,77.94512176513672
2026-05-06,83.28697204589844
2026-05-07,82.3302230834961
2026-05-08,85.67884063720703
2026-05-11,87.29335021972656
2026-05-12,90.46258544921875
2026-05-13,91.5987319946289
2026-05-14,89.0772933959961
2026-05-15,82.76873779296875
2026-05-18,81.57279205322266
2026-05-19,79.1011962890625
2026-05-20,82.03123474121094
2026-05-21,82.73883056640625
2026-05-22,83.06771087646484
2026-05-26,87.21363067626953
2026-05-27,85.79843139648438
2026-05-28,88.1404800415039
2026-05-29,87.84149169921875
2026-06-01,89.75498962402344
2026-06-02,93.34280395507812
2026-06-03,89.94434356689453
2026-06-04,89.9144515991211
2026-06-05,80.36688995361328
2026-06-08,81.01469421386719
2026-06-09,79.86858367919922
2026-06-10,77.18769073486328
2026-06-11,82.87836456298828
2026-06-12,85.67884063720703
2026-06-15,89.5058364868164
2026-06-16,89.48590850830078
2026-06-17,86.46617126464844
2026-06-18,85.19050598144531
2026-06-22,84.60250091552734
2026-06-23,79.21082305908203
2026-06-24,75.44361877441406
2026-06-25,76.22098541259766
2026-06-26,75.9219970703125
2026-06-29,75.73999786376953
2026-06-30,76.97000122070312
2026-07-01,75.29000091552734
2026-07-02,76.6500015258789
2026-07-06,78.4800033569336
2026-07-07,74.62999725341797
2026-07-08,73.04000091552734
2026-07-09,75.4000015258789
2026-07-10,76.54000091552734
2026-07-13,74.3499984741211
2026-07-14,78.72000122070312
2026-07-15,77.26000213623047
2026-07-16,74.68000030517578
2026-07-17,73.3499984741211
2026-07-20,73.86000061035156
2026-07-21,78.23999786376953
2026-07-22,79.98999786376953
2026-07-23,78.37000274658203
2026-07-24,77.72000122070312
2026-07-27,77.9000015258789
2026-07-28,76.5199966430664
2026-07-29,76.13999938964844
2026-07-30,79.5
2026-07-31,78.86000061035156
2026-08-03,79.36000061035156
2026-08-04,83.98999786376953
2026-08-05,86.72000122070312
2026-08-06,86.08999633789062
2026-08-07,88.02999877929688
2026-08-10,89.51000213623047
2026-08-11,88.58999633789062
2026-08-12,88.30000305175781
2026-08-13,85.5199966430664
2026-08-14,85.69999694824219
2026-08-17,87.33999633789062
2026-08-18,85.56999969482422
2026-08-19,88.27999877929688
2026-08-20,89.93000030517578
2026-08-21,94.58999633789062
2026-08-24,94.52999877929688
2026-08-25,96.31999969482422
2026-08-26,95.54000091552734
2026-08-27,96.44999694824219
2026-08-28,94.41999816894531
2026-08-31,92.86000061035156
2026-09-01,89.23999786376953
2026-09-02,89.9000015258789
2026-09-03,91.25
2026-09-04,90.66000366210938
2026-09-08,94.37999725341797
2026-09-09,95.2699966430664
2026-09-10,88.61000061035156
2026-09-11,88.52999877929688
2026-09-14,85.62000274658203
2026-09-15,84.58999633789062
2026-09-16,84.19000244140625
2026-09-17,86.61000061035156
2026-09-18,87.27999877929688
2026-09-21,87.48999786376953
2026-09-22,89.9800033569336
2026-09-23,87.02999877929688
2026-09-24,86.25
2026-09-25,86.7300033569336
2026-09-28,85.26000213623047
2026-09-29,85.4800033569336
2026-09-30,84.69999694824219
2026-10-01,83.4000015258789
2026-10-02,85.91000366210938
2026-10-05,86.33000183105469
2026-10-06,86.27999877929688
2026-10-07,83.58000183105469
