date,adjclose
2012-02-03,23.198495864868164
2012-02-06,23.016162872314453
2012-02-07,22.807802200317383
2012-02-08,23.059579849243164
2012-02-09,22.99880027770996
2012-02-10,22.582063674926758
2012-02-13,22.75570297241211
2012-02-14,22.75570297241211
2012-02-15,23.189807891845703
2012-02-16,23.380813598632812
2012-02-17,23.606542587280273
2012-02-21,23.78887176513672
2012-02-22,23.320037841796875
2012-02-23,23.2592716217041
2012-02-24,23.224536895751953
2012-02-27,22.49524688720703
2012-02-28,22.816476821899414
2012-02-29,22.573381423950195
2012-03-01,22.582063674926758
2012-03-02,22.547334671020508
2012-03-05,21.97431755065918
2012-03-06,21.210294723510742
2012-03-07,21.45339584350586
2012-03-08,21.90486717224121
2012-03-09,22.434467315673828
2012-03-12,22.1392765045166
2012-03-13,22.825166702270508
2012-03-14,22.49524688720703
2012-03-15,22.46919059753418
2012-03-16,22.104549407958984
2012-03-19,21.861448287963867
2012-03-20,21.488122940063477
2012-03-21,21.965635299682617
2012-03-22,20.836965560913086
2012-03-23,21.349210739135742
2012-03-26,21.184253692626953
2012-03-27,21.349210739135742
2012-03-28,21.010610580444336
2012-03-29,20.836965560913086
2012-03-30,21.574941635131836
2012-04-02,21.896177291870117
2012-04-03,21.861448287963867
2012-04-04,21.496801376342773
2012-04-05,21.574941635131836
2012-04-09,21.45339584350586
2012-04-10,20.810924530029297
2012-04-11,21.054018020629883
2012-04-12,21.52284812927246
2012-04-13,20.7327823638916
2012-04-16,20.880380630493164
2012-04-17,21.4360294342041
2012-04-18,21.097429275512695
2012-04-19,21.0192928314209
2012-04-20,21.054018020629883
2012-04-23,20.18581199645996
2012-04-24,20.437591552734375
2012-04-25,20.411548614501953
2012-04-26,20.489688873291016
2012-04-27,20.489688873291016
2012-04-30,20.524415969848633
2012-05-01,20.593870162963867
2012-05-02,20.22054672241211
2012-05-03,19.89930534362793
2012-05-04,19.456520080566406
2012-05-07,19.456520080566406
2012-05-08,19.2568359375
2012-05-09,19.109237670898438
2012-05-10,19.161327362060547
2012-05-11,19.031097412109375
2012-05-14,18.66645050048828
2012-05-15,18.727222442626953
2012-05-16,18.388622283935547
2012-05-17,18.128162384033203
2012-05-18,18.388622283935547
2012-05-21,18.388622283935547
2012-05-22,18.10211181640625
2012-05-23,17.494369506835938
2012-05-24,18.050025939941406
2012-05-25,18.050025939941406
2012-05-29,18.4146728515625
2012-05-30,17.893747329711914
2012-05-31,18.058704376220703
2012-06-01,17.8503360748291
2012-06-04,17.93715476989746
2012-06-05,17.93715476989746
2012-06-06,18.623037338256836
2012-06-07,18.909547805786133
2012-06-08,18.883501052856445
2012-06-11,18.405986785888672
2012-06-12,18.744586944580078
2012-06-13,18.89218521118164
2012-06-14,18.692495346069336
2012-06-15,18.979001998901367
2012-06-18,18.709861755371094
2012-06-19,18.874818801879883
2012-06-20,18.640405654907227
2012-06-21,18.45998764038086
2012-06-22,18.433837890625
2012-06-25,18.29438591003418
2012-06-26,18.451271057128906
2012-06-27,18.66044807434082
2012-06-28,18.468704223632812
2012-06-29,19.662763595581055
2012-07-02,19.636615753173828
2012-07-03,20.107267379760742
2012-07-05,19.85451316833496
2012-07-06,19.45358657836914
2012-07-09,19.45358657836914
2012-07-10,19.505876541137695
2012-07-11,19.505876541137695
2012-07-12,19.192110061645508
2012-07-13,19.662763595581055
2012-07-16,19.36642074584961
2012-07-17,19.340282440185547
2012-07-18,19.2182559967041
2012-07-19,19.549457550048828
2012-07-20,19.261838912963867
2012-07-23,18.66916275024414
2012-07-24,18.66916275024414
2012-07-25,18.75632095336914
2012-07-26,18.75632095336914
2012-07-27,18.75632095336914
2012-07-30,19.305416107177734
2012-07-31,19.24440574645996
2012-08-01,19.24440574645996
2012-08-02,18.895771026611328
2012-08-03,18.895771026611328
2012-08-06,19.706342697143555
2012-08-07,20.011394500732422
2012-08-08,20.011394500732422
2012-08-09,19.871936798095703
2012-08-10,19.871936798095703
2012-08-13,19.767351150512695
2012-08-14,19.845794677734375
2012-08-15,19.819644927978516
2012-08-16,20.011394500732422
2012-08-17,19.828365325927734
2012-08-20,19.92423439025879
2012-08-21,20.377456665039062
2012-08-22,20.14212989807129
2012-08-23,20.14212989807129
2012-08-24,20.072406768798828
2012-08-27,19.828365325927734
2012-08-28,19.828365325927734
2012-08-29,19.662763595581055
2012-08-30,19.60175132751465
2012-08-31,19.523313522338867
2012-09-04,19.523313522338867
2012-09-05,19.331567764282227
2012-09-06,19.627897262573242
2012-09-07,20.020109176635742
2012-09-10,20.020109176635742
2012-09-11,20.020109176635742
2012-09-12,20.351308822631836
2012-09-13,20.699939727783203
2012-09-14,21.414628982543945
2012-09-17,21.25774574279785
2012-09-18,21.057289123535156
2012-09-19,21.40591812133789
2012-09-20,21.28389549255371
2012-09-21,21.28389549255371
2012-09-24,21.28389549255371
2012-09-25,22.059598922729492
2012-09-26,21.667387008666992
2012-09-27,22.138038635253906
2012-09-28,22.138038635253906
2012-10-01,22.765579223632812
2012-10-02,22.844013214111328
2012-10-03,23.009611129760742
2012-10-04,23.58485221862793
2012-10-05,23.279808044433594
2012-10-08,22.704565048217773
2012-10-09,22.47795867919922
2012-10-10,22.094459533691406
2012-10-11,22.39950942993164
2012-10-12,22.085744857788086
2012-10-15,22.321069717407227
2012-10-16,22.103174209594727
2012-10-17,22.138038635253906
2012-10-18,21.902711868286133
2012-10-19,21.859132766723633
2012-10-22,22.033449172973633
2012-10-23,21.876567840576172
2012-10-24,21.74582862854004
2012-10-25,22.033449172973633
2012-10-26,21.815555572509766
2012-10-31,21.545368194580078
2012-11-01,22.059598922729492
2012-11-02,22.138038635253906
2012-11-05,21.824275970458984
2012-11-06,21.83298683166504
2012-11-07,21.798120498657227
2012-11-08,21.937578201293945
2012-11-09,21.658674240112305
2012-11-12,21.510501861572266
2012-11-13,21.423351287841797
2012-11-14,21.196735382080078
2012-11-15,21.69353485107422
2012-11-16,21.074716567993164
2012-11-19,21.25774574279785
2012-11-20,21.031131744384766
2012-11-21,21.031131744384766
2012-11-23,21.28389549255371
2012-11-26,21.28389549255371
2012-11-27,21.536649703979492
2012-11-28,21.501789093017578
2012-11-29,22.172903060913086
2012-11-30,22.44308853149414
2012-12-03,22.390796661376953
2012-12-04,22.390796661376953
2012-12-05,22.6871337890625
2012-12-06,22.861448287963867
2012-12-07,22.66970443725586
2012-12-10,22.878881454467773
2012-12-11,22.66098403930664
2012-12-12,22.66098403930664
2012-12-13,22.512813568115234
2012-12-14,22.46923828125
2012-12-17,22.46923828125
2012-12-18,22.66098403930664
2012-12-19,22.721994400024414
2012-12-20,22.77428436279297
2012-12-21,22.338502883911133
2012-12-24,22.390796661376953
2012-12-26,22.704565048217773
2012-12-27,23.079345703125
2012-12-28,22.43437385559082
2012-12-31,22.861448287963867
2013-01-02,23.28852081298828
2013-01-03,23.192646026611328
2013-01-04,23.079345703125
2013-01-07,22.765579223632812
2013-01-08,22.826587677001953
2013-01-09,22.896312713623047
2013-01-10,23.018333435058594
2013-01-11,22.870159149169922
2013-01-14,23.253658294677734
2013-01-15,23.3408145904541
2013-01-16,23.218795776367188
2013-01-17,23.576135635375977
2013-01-18,23.785324096679688
2013-01-22,23.706876754760742
2013-01-23,23.567426681518555
2013-01-24,23.427974700927734
2013-01-25,23.436687469482422
2013-01-28,23.488988876342773
2013-01-29,23.63715171813965
2013-01-30,23.759172439575195
2013-01-31,23.66329574584961
2013-02-01,23.88119125366211
2013-02-04,23.349533081054688
2013-02-05,23.427974700927734
2013-02-06,23.480266571044922
2013-02-07,23.122915267944336
2013-02-08,22.887592315673828
2013-02-11,22.861448287963867
2013-02-12,23.02704620361328
2013-02-13,22.966035842895508
2013-02-14,22.704565048217773
2013-02-15,22.425657272338867
2013-02-19,22.98346519470215
2013-02-20,22.800437927246094
2013-02-21,22.172903060913086
2013-02-22,22.408226013183594
2013-02-25,22.44308853149414
2013-02-26,22.338502883911133
2013-02-27,22.617406845092773
2013-02-28,21.798120498657227
2013-03-01,21.588945388793945
2013-03-04,21.815555572509766
2013-03-05,22.085744857788086
2013-03-06,22.120607376098633
2013-03-07,22.565114974975586
2013-03-08,22.974750518798828
2013-03-11,22.931175231933594
2013-03-12,22.756860733032227
2013-03-13,22.57382583618164
2013-03-14,22.870159149169922
2013-03-15,22.783010482788086
2013-03-18,22.57382583618164
2013-03-19,21.97243881225586
2013-03-20,21.96372413635254
2013-03-21,21.615095138549805
2013-03-22,21.719684600830078
2013-03-25,21.67610740661621
2013-03-26,21.623807907104492
2013-03-27,21.841703414916992
2013-03-28,21.91143226623535
2013-04-01,21.885282516479492
2013-04-02,22.085744857788086
2013-04-03,21.70224952697754
2013-04-04,21.336191177368164
2013-04-05,21.231599807739258
2013-04-08,21.440778732299805
2013-04-09,21.40591812133789
2013-04-10,21.667387008666992
2013-04-11,21.658674240112305
2013-04-12,21.196735382080078
2013-04-15,21.013702392578125
2013-04-16,21.946292877197266
2013-04-17,21.798120498657227
2013-04-18,22.085744857788086
2013-04-19,22.451805114746094
2013-04-22,22.425657272338867
2013-04-23,22.556394577026367
2013-04-24,22.66098403930664
2013-04-25,22.643552780151367
2013-04-26,22.260059356689453
2013-04-29,22.643552780151367
2013-04-30,23.122915267944336
2013-05-01,22.852737426757812
2013-05-02,23.305953979492188
2013-05-03,23.201358795166016
2013-05-06,23.131633758544922
2013-05-07,23.305953979492188
2013-05-08,23.497697830200195
2013-05-09,23.105487823486328
2013-05-10,23.166501998901367
2013-05-13,22.748140335083008
2013-05-14,22.931175231933594
2013-05-15,23.33209991455078
2013-05-16,23.358243942260742
2013-05-17,23.436687469482422
2013-05-20,23.323381423950195
2013-05-21,23.105487823486328
2013-05-22,22.721994400024414
2013-05-23,22.382083892822266
2013-05-24,22.364648818969727
2013-05-28,22.695852279663086
2013-05-29,22.451805114746094
2013-05-30,22.512813568115234
2013-05-31,21.867849349975586
2013-06-03,22.077030181884766
2013-06-04,21.806842803955078
2013-06-05,21.562801361083984
2013-06-06,21.780691146850586
2013-06-07,21.606382369995117
2013-06-10,21.09214973449707
2013-06-11,20.630210876464844
2013-06-12,20.543052673339844
2013-06-13,20.769662857055664
2013-06-14,20.89168357849121
2013-06-17,20.926549911499023
2013-06-18,20.848102569580078
2013-06-19,20.34259033203125
2013-06-20,19.41000747680664
2013-06-21,19.871936798095703
2013-06-24,19.558176040649414
2013-06-25,19.880657196044922
2013-06-26,19.767351150512695
2013-06-27,20.14212989807129
2013-06-28,20.46461296081543
2013-07-01,20.551773071289062
2013-07-02,20.307727813720703
2013-07-03,20.1334171295166
2013-07-05,19.941667556762695
2013-07-08,20.011394500732422
2013-07-09,20.24671745300293
2013-07-10,20.08112144470215
2013-07-11,20.848102569580078
2013-07-12,20.848102569580078
2013-07-15,21.222885131835938
2013-07-16,21.222885131835938
2013-07-17,21.179302215576172
2013-07-18,21.222885131835938
2013-07-19,21.17059326171875
2013-07-22,21.292612075805664
2013-07-23,21.109577178955078
2013-07-24,20.97884178161621
2013-07-25,20.943984985351562
2013-07-26,20.900402069091797
2013-07-29,20.534337997436523
2013-07-30,19.837078094482422
2013-07-31,19.85451316833496
2013-08-01,20.11598014831543
2013-08-02,19.828365325927734
2013-08-05,19.593034744262695
2013-08-06,19.174678802490234
2013-08-07,19.00908088684082
2013-08-08,19.523313522338867
2013-08-09,19.49716567993164
2013-08-12,19.427440643310547
2013-08-13,19.706342697143555
2013-08-14,19.845794677734375
2013-08-15,19.610471725463867
2013-08-16,18.66916275024414
2013-08-19,17.945755004882812
2013-08-20,18.242090225219727
2013-08-21,17.361799240112305
2013-08-22,17.884748458862305
2013-08-23,18.259521484375
2013-08-26,17.980621337890625
2013-08-27,16.856287002563477
2013-08-28,16.769126892089844
2013-08-29,17.091609954833984
2013-08-30,17.754009246826172
2013-09-03,16.978309631347656
2013-09-04,17.919612884521484
2013-09-05,18.40769386291504
2013-09-06,18.782470703125
2013-09-09,19.37514305114746
2013-09-10,19.767351150512695
2013-09-11,19.93294906616211
2013-09-12,19.54074478149414
2013-09-13,19.828365325927734
2013-09-16,19.68890953063965
2013-09-17,19.79349708557129
2013-09-18,20.769662857055664
2013-09-19,20.76095199584961
2013-09-20,20.11598014831543
2013-09-23,20.020109176635742
2013-09-24,19.96781349182129
2013-09-25,19.93294906616211
2013-09-26,20.203140258789062
2013-09-27,19.549457550048828
2013-09-30,19.427440643310547
2013-10-01,19.80221176147461
2013-10-02,19.95909881591797
2013-10-03,20.150846481323242
2013-10-04,20.429750442504883
2013-10-07,20.473329544067383
2013-10-08,20.011394500732422
2013-10-09,20.473329544067383
2013-10-10,21.13572883605957
2013-10-11,21.28389549255371
2013-10-14,21.554086685180664
2013-10-15,20.89168357849121
2013-10-16,21.12700843811035
2013-10-17,21.17059326171875
2013-10-18,21.432064056396484
2013-10-21,21.327472686767578
2013-10-22,21.597658157348633
2013-10-23,21.13572883605957
2013-10-24,21.013702392578125
2013-10-25,21.179302215576172
2013-10-28,21.00499153137207
2013-10-29,21.388484954833984
2013-10-30,21.37976837158203
2013-10-31,21.214170455932617
2013-11-01,21.388484954833984
2013-11-04,21.623807907104492
2013-11-05,21.188024520874023
2013-11-06,21.031131744384766
2013-11-07,20.560487747192383
2013-11-08,20.360027313232422
2013-11-11,20.19442367553711
2013-11-12,19.79349708557129
2013-11-13,20.176992416381836
2013-11-14,20.46461296081543
2013-11-15,20.769662857055664
2013-11-18,21.066003799438477
2013-11-19,20.900402069091797
2013-11-20,20.57791519165039
2013-11-21,20.203140258789062
2013-11-22,20.49076271057129
2013-11-25,20.447179794311523
2013-11-26,20.473329544067383
2013-11-27,20.569204330444336
2013-11-29,20.821958541870117
2013-12-02,20.717370986938477
2013-12-03,20.769662857055664
2013-12-04,21.20545768737793
2013-12-05,21.20545768737793
2013-12-06,21.789409637451172
2013-12-09,21.902711868286133
2013-12-10,21.728395462036133
2013-12-11,21.353622436523438
2013-12-12,20.9875545501709
2013-12-13,20.935266494750977
2013-12-16,21.14444351196289
2013-12-17,20.97012710571289
2013-12-18,21.40505027770996
2013-12-19,20.774980545043945
2013-12-20,21.448810577392578
2013-12-23,21.387554168701172
2013-12-24,21.396305084228516
2013-12-26,21.238784790039062
2013-12-27,21.466310501098633
2013-12-30,21.475061416625977
2013-12-31,21.667585372924805
2014-01-02,20.643714904785156
2014-01-03,21.090017318725586
2014-01-06,20.98500633239746
2014-01-07,20.932493209838867
2014-01-08,20.993751525878906
2014-01-09,20.958749771118164
2014-01-10,21.413803100585938
2014-01-13,21.378803253173828
2014-01-14,21.667585372924805
2014-01-15,21.816349029541016
2014-01-16,21.737590789794922
2014-01-17,21.440059661865234
2014-01-21,21.413803100585938
2014-01-22,21.67633628845215
2014-01-23,21.37005043029785
2014-01-24,20.6787166595459
2014-01-27,20.389930725097656
2014-01-28,20.56495475769043
2014-01-29,20.17115592956543
2014-01-30,20.599956512451172
2014-01-31,20.451187133789062
2014-02-03,19.961132049560547
2014-02-04,20.512447357177734
2014-02-05,20.319923400878906
2014-02-06,20.73122215270996
2014-02-07,20.757474899291992
2014-02-10,20.398685455322266
2014-02-11,20.757474899291992
2014-02-12,20.722471237182617
2014-02-13,20.55620574951172
2014-02-14,20.801233291625977
2014-02-18,20.73122215270996
2014-02-19,20.617460250854492
2014-02-20,20.9062442779541
2014-02-21,21.00250244140625
2014-02-24,21.151277542114258
2014-02-25,20.97625160217285
2014-02-26,21.090017318725586
2014-02-27,21.36129379272461
2014-02-28,21.23003578186035
2014-03-03,20.9062442779541
2014-03-04,21.457557678222656
2014-03-05,21.658832550048828
2014-03-06,22.140138626098633
2014-03-07,22.026378631591797
2014-03-10,22.236406326293945
2014-03-11,22.008880615234375
2014-03-12,22.183897018432617
2014-03-13,21.772600173950195
2014-03-14,21.90386199951172
2014-03-17,22.45517921447754
2014-03-18,22.32391357421875
2014-03-19,21.825103759765625
2014-03-20,22.131393432617188
2014-03-21,22.043880462646484
2014-03-24,22.542688369750977
2014-03-25,22.7614688873291
2014-03-26,22.6739559173584
2014-03-27,22.778968811035156
2014-03-28,23.076501846313477
2014-03-31,23.129009246826172
2014-04-01,23.44405174255371
2014-04-02,23.48780059814453
2014-04-03,23.129009246826172
2014-04-04,23.09400749206543
2014-04-07,23.120258331298828
2014-04-08,23.321535110473633
2014-04-09,23.697830200195312
2014-04-10,23.120258331298828
2014-04-11,23.33028793334961
2014-04-14,23.400293350219727
2014-04-15,23.09400749206543
2014-04-16,23.050247192382812
2014-04-17,23.36528778076172
2014-04-21,23.234020233154297
2014-04-22,23.146516799926758
2014-04-23,23.032747268676758
2014-04-24,23.155261993408203
2014-04-25,23.050247192382812
2014-04-28,23.09400749206543
2014-04-29,23.155261993408203
2014-04-30,23.085256576538086
2014-05-01,23.111509323120117
2014-05-02,23.216516494750977
2014-05-05,23.085256576538086
2014-05-06,23.146516799926758
2014-05-07,22.962738037109375
2014-05-08,22.883981704711914
2014-05-09,23.671571731567383
2014-05-12,24.511676788330078
2014-05-13,24.66044044494629
2014-05-14,24.537931442260742
2014-05-15,24.44166374206543
2014-05-16,25.544300079345703
2014-05-19,25.526798248291016
2014-05-20,25.491792678833008
2014-05-21,25.57929801940918
2014-05-22,25.73682403564453
2014-05-23,25.973102569580078
2014-05-27,25.343021392822266
2014-05-28,25.395530700683594
2014-05-29,25.13299560546875
2014-05-30,24.91421890258789
2014-06-02,25.491792678833008
2014-06-03,25.65806007385254
2014-06-04,25.535545349121094
2014-06-05,26.15686798095703
2014-06-06,26.533164978027344
2014-06-09,26.63817596435547
2014-06-10,26.568166732788086
2014-06-11,26.384397506713867
2014-06-12,26.463159561157227
2014-06-13,26.043107986450195
2014-06-16,25.789325714111328
2014-06-17,26.121864318847656
2014-06-18,26.23563003540039
2014-06-19,25.798080444335938
2014-06-20,25.850582122802734
2014-06-23,25.7105655670166
2014-06-24,25.859336853027344
2014-06-25,26.040075302124023
2014-06-26,25.72422218322754
2014-06-27,25.96988296508789
2014-06-30,26.092710494995117
2014-07-01,26.44365692138672
2014-07-02,26.934982299804688
2014-07-03,26.81215476989746
2014-07-07,26.961301803588867
2014-07-08,26.259414672851562
2014-07-09,26.399791717529297
2014-07-10,26.040075302124023
2014-07-11,25.785640716552734
2014-07-14,25.75054359436035
2014-07-15,25.82073211669922
2014-07-16,26.154125213623047
2014-07-17,25.741769790649414
2014-07-18,26.198001861572266
2014-07-21,26.364694595336914
2014-07-22,26.838468551635742
2014-07-23,26.829694747924805
2014-07-24,26.98762321472168
2014-07-25,26.803375244140625
2014-07-28,26.882341384887695
2014-07-29,26.72441291809082
2014-07-30,26.698095321655273
2014-07-31,26.110261917114258
2014-08-01,26.066394805908203
2014-08-04,26.285728454589844
2014-08-05,26.224315643310547
2014-08-06,25.92601776123047
2014-08-07,25.73299789428711
2014-08-08,26.00497817993164
2014-08-11,26.259414672851562
2014-08-12,26.259414672851562
2014-08-13,26.44365692138672
2014-08-14,26.803375244140625
2014-08-15,26.663000106811523
2014-08-18,27.040260314941406
2014-08-19,27.05780792236328
2014-08-20,27.101682662963867
2014-08-21,27.163089752197266
2014-08-22,27.13677215576172
2014-08-25,27.1718692779541
2014-08-26,27.25960350036621
2014-08-27,27.373659133911133
2014-08-28,27.12799835205078
2014-08-29,27.23328399658203
2014-09-02,27.48772430419922
2014-09-03,27.81234359741211
2014-09-04,27.68073844909668
2014-09-05,28.014129638671875
2014-09-08,27.96149444580078
2014-09-09,27.57545280456543
2014-09-10,27.61932373046875
2014-09-11,27.399978637695312
2014-09-12,27.32101821899414
2014-09-15,27.013944625854492
2014-09-16,26.891109466552734
2014-09-17,26.759510040283203
2014-09-18,27.593002319335938
2014-09-19,27.34733772277832
2014-09-22,27.26837730407715
2014-09-23,26.899883270263672
2014-09-24,27.25960350036621
2014-09-25,26.45243263244629
2014-09-26,26.829694747924805
2014-09-29,26.57526397705078
2014-09-30,26.56648826599121
2014-10-01,26.320829391479492
2014-10-02,26.42611312866211
2014-10-03,26.62790298461914
2014-10-06,26.864795684814453
2014-10-07,26.224315643310547
2014-10-08,26.759510040283203
2014-10-09,26.548946380615234
2014-10-10,26.21554183959961
2014-10-13,26.45243263244629
2014-10-14,26.487524032592773
2014-10-15,26.47875213623047
2014-10-16,25.9874324798584
2014-10-17,26.083942413330078
2014-10-20,26.45243263244629
2014-10-21,26.733184814453125
2014-10-22,26.592811584472656
2014-10-23,26.733184814453125
2014-10-24,26.970075607299805
2014-10-27,26.636674880981445
2014-10-28,27.005170822143555
2014-10-29,26.934982299804688
2014-10-30,27.45262908935547
2014-10-31,27.97904396057129
2014-11-03,27.864986419677734
2014-11-04,27.96149444580078
2014-11-05,27.85620880126953
2014-11-06,27.84743309020996
2014-11-07,27.891307830810547
2014-11-10,27.85620880126953
2014-11-11,27.90007972717285
2014-11-12,27.97904396057129
2014-11-13,27.838661193847656
2014-11-14,27.97904396057129
2014-11-17,27.952720642089844
2014-11-18,28.040456771850586
2014-11-19,27.7947940826416
2014-11-20,27.838661193847656
2014-11-21,28.40894889831543
2014-11-24,28.163284301757812
2014-11-25,27.81234359741211
2014-11-26,28.136966705322266
2014-11-28,28.066774368286133
2014-12-01,27.87375831604004
2014-12-02,28.05800437927246
2014-12-03,28.07554817199707
2014-12-04,28.154512405395508
2014-12-05,27.9965877532959
2014-12-08,27.48772430419922
2014-12-09,27.06658363342285
2014-12-10,26.943754196166992
2014-12-11,26.680545806884766
2014-12-12,26.180450439453125
2014-12-15,25.61016845703125
2014-12-16,25.10129737854004
2014-12-17,25.89669418334961
2014-12-18,26.425199508666992
2014-12-19,26.28426170349121
2014-12-22,26.583749771118164
2014-12-23,26.187374114990234
2014-12-24,25.984783172607422
2014-12-26,25.879077911376953
2014-12-29,26.160947799682617
2014-12-30,26.31949806213379
2014-12-31,26.38115692138672
2015-01-02,26.768726348876953
2015-01-05,26.337114334106445
2015-01-06,25.53554916381836
2015-01-07,26.037628173828125
2015-01-08,26.733489990234375
2015-01-09,26.865619659423828
2015-01-12,27.032978057861328
2015-01-13,26.997739791870117
2015-01-14,26.91847038269043
2015-01-15,27.825733184814453
2015-01-16,28.380666732788086
2015-01-20,28.503976821899414
2015-01-21,28.935592651367188
2015-01-22,29.314353942871094
2015-01-23,29.111759185791016
2015-01-26,29.26150894165039
2015-01-27,29.138185501098633
2015-01-28,29.01486587524414
2015-01-29,29.217458724975586
2015-01-30,28.274959564208984
2015-02-02,28.865127563476562
2015-02-03,28.82108497619629
2015-02-04,28.539215087890625
2015-02-05,28.592063903808594
2015-02-06,28.345428466796875
2015-02-09,27.931434631347656
2015-02-10,28.15164566040039
2015-02-11,28.25734519958496
2015-02-12,28.74180793762207
2015-02-13,29.023681640625
2015-02-17,28.91797637939453
2015-02-18,29.182226181030273
2015-02-19,29.26150894165039
2015-02-20,29.1910343170166
2015-02-23,28.71537971496582
2015-02-24,28.988447189331055
2015-02-25,29.058908462524414
2015-02-26,28.856313705444336
2015-02-27,29.481714248657227
2015-03-02,29.525753021240234
2015-03-03,29.613840103149414
2015-03-04,29.376008987426758
2015-03-05,29.367202758789062
2015-03-06,28.891550064086914
2015-03-09,28.62729835510254
2015-03-10,28.274959564208984
2015-03-11,28.451129913330078
2015-03-12,28.944398880004883
2015-03-13,28.1340274810791
2015-03-16,28.380666732788086
2015-03-17,28.82988739013672
2015-03-18,29.217458724975586
2015-03-19,28.389469146728516
2015-03-20,28.292577743530273
2015-03-23,28.319005966186523
2015-03-24,28.42470359802246
2015-03-25,27.860965728759766
2015-03-26,27.49982452392578
2015-03-27,27.491012573242188
2015-03-30,28.116411209106445
2015-03-31,28.178068161010742
2015-04-01,28.521602630615234
2015-04-02,28.62729835510254
2015-04-06,28.82108497619629
2015-04-07,28.794660568237305
2015-04-08,29.023681640625
2015-04-09,29.208650588989258
2015-04-10,29.3583984375
2015-04-13,29.252696990966797
2015-04-14,29.270307540893555
2015-04-15,29.155805587768555
2015-04-16,28.803466796875
2015-04-17,28.389469146728516
2015-04-20,27.63195037841797
2015-04-21,27.429353713989258
2015-04-22,27.711223602294922
2015-04-23,27.30603790283203
2015-04-24,26.645408630371094
2015-04-27,26.41638946533203
2015-04-28,26.680641174316406
2015-04-29,26.240222930908203
2015-04-30,25.88788604736328
2015-05-01,26.064054489135742
2015-05-04,26.654218673706055
2015-05-05,26.689451217651367
2015-05-06,25.84384536743164
2015-05-07,26.00239372253418
2015-05-08,26.610172271728516
2015-05-11,26.645408630371094
2015-05-12,25.99358558654785
2015-05-13,26.34592628479004
2015-05-14,26.724685668945312
2015-05-15,26.812767028808594
2015-05-18,26.927276611328125
2015-05-19,26.91847038269043
2015-05-20,27.341270446777344
2015-05-21,27.191530227661133
2015-05-22,27.332468032836914
2015-05-26,26.645408630371094
2015-05-27,26.724685668945312
2015-05-28,26.583749771118164
2015-05-29,26.909658432006836
2015-06-01,26.79515266418457
2015-06-02,26.301881790161133
2015-06-03,25.782182693481445
2015-06-04,25.773380279541016
2015-06-05,25.790992736816406
2015-06-08,25.456274032592773
2015-06-09,25.236061096191406
2015-06-10,25.94073486328125
2015-06-11,25.183212280273438
2015-06-12,25.165597915649414
2015-06-15,25.403423309326172
2015-06-16,25.56197738647461
2015-06-17,25.931928634643555
2015-06-18,26.54851531982422
2015-06-19,26.51328468322754
2015-06-22,26.909658432006836
2015-06-23,26.980131149291992
2015-06-24,26.742300033569336
2015-06-25,26.7750301361084
2015-06-26,26.951934814453125
2015-06-29,26.368139266967773
2015-06-30,26.766183853149414
2015-07-01,27.075767517089844
2015-07-02,27.2526798248291
2015-07-06,27.4649658203125
2015-07-07,27.24383544921875
2015-07-08,26.63350486755371
2015-07-09,26.61581039428711
2015-07-10,26.951934814453125
2015-07-13,27.22614097595215
2015-07-14,27.358827590942383
2015-07-15,27.376516342163086
2015-07-16,27.88070297241211
2015-07-17,27.774555206298828
2015-07-20,27.68610382080078
2015-07-21,27.518043518066406
2015-07-22,27.7126407623291
2015-07-23,27.38536262512207
2015-07-24,27.093461990356445
2015-07-27,26.580429077148438
2015-07-28,26.63350486755371
2015-07-29,26.916555404663086
2015-07-30,26.951934814453125
2015-07-31,27.4826602935791
2015-08-03,27.190765380859375
2015-08-04,27.376516342163086
2015-08-05,27.765708923339844
2015-08-06,27.571115493774414
2015-08-07,27.553424835205078
2015-08-10,27.571115493774414
2015-08-11,27.031543731689453
2015-08-12,26.368139266967773
2015-08-13,26.53620147705078
2015-08-14,27.040388107299805
2015-08-17,26.69542121887207
2015-08-18,26.61581039428711
2015-08-19,26.72195053100586
2015-08-20,26.040861129760742
2015-08-21,25.306692123413086
2015-08-24,23.705673217773438
2015-08-25,23.979877471923828
2015-08-26,24.554832458496094
2015-08-27,25.33322525024414
2015-08-28,25.06786346435547
2015-08-31,24.846731185913086
2015-09-01,23.979877471923828
2015-09-02,24.307165145874023
2015-09-03,24.537141799926758
2015-09-04,23.652599334716797
2015-09-08,24.08602523803711
2015-09-09,23.935657501220703
2015-09-10,24.1302547454834
2015-09-11,24.492918014526367
2015-09-14,24.475223541259766
2015-09-15,24.599056243896484
2015-09-16,25.005950927734375
2015-09-17,25.04132843017578
2015-09-18,24.69635581970215
2015-09-21,24.87327003479004
2015-09-22,24.351390838623047
2015-09-23,24.262935638427734
2015-09-24,24.466379165649414
2015-09-25,24.44868278503418
2015-09-28,24.06833839416504
2015-09-29,24.430999755859375
2015-09-30,25.271310806274414
2015-10-01,25.06786346435547
2015-10-02,25.51898193359375
2015-10-05,26.182382583618164
2015-10-06,25.872798919677734
2015-10-07,26.15584945678711
2015-10-08,26.20008087158203
2015-10-09,26.17354393005371
2015-10-12,25.837417602539062
2015-10-13,25.563201904296875
2015-10-14,25.64281463623047
2015-10-15,25.8551025390625
2015-10-16,26.191234588623047
2015-10-19,26.1027774810791
2015-10-20,26.120468139648438
2015-10-21,25.8551025390625
2015-10-22,26.41236686706543
2015-10-23,26.430057525634766
2015-10-26,26.111621856689453
2015-10-27,25.802038192749023
2015-10-28,25.616275787353516
2015-10-29,25.324382781982422
2015-10-30,25.191699981689453
2015-11-02,25.359766006469727
2015-11-03,25.448223114013672
2015-11-04,25.11209487915039
2015-11-05,24.846731185913086
2015-11-06,24.846731185913086
2015-11-09,24.12141227722168
2015-11-10,23.962186813354492
2015-11-11,23.935657501220703
2015-11-12,23.882583618164062
2015-11-13,23.794126510620117
2015-11-16,24.307165145874023
2015-11-17,24.05064582824707
2015-11-18,24.006418228149414
2015-11-19,24.11256217956543
2015-11-20,24.271778106689453
2015-11-23,23.997573852539062
2015-11-24,24.139101028442383
2015-11-25,24.06833839416504
2015-11-27,24.07718276977539
2015-11-30,24.289472579956055
2015-12-01,24.395614624023438
2015-12-02,23.997573852539062
2015-12-03,23.652599334716797
2015-12-04,23.926809310913086
2015-12-07,23.590682983398438
2015-12-08,23.360706329345703
2015-12-09,23.183795928955078
2015-12-10,23.39608383178711
2015-12-11,22.900741577148438
2015-12-14,23.33416748046875
2015-12-15,23.608373641967773
2015-12-16,24.07718276977539
2015-12-17,24.11256217956543
2015-12-18,24.08602523803711
2015-12-21,24.353351593017578
2015-12-22,24.282062530517578
2015-12-23,24.62958335876465
2015-12-24,24.567211151123047
2015-12-28,24.585033416748047
2015-12-29,24.531572341918945
2015-12-30,24.353351593017578
2015-12-31,24.50483512878418
2016-01-04,23.988006591796875
2016-01-05,24.219688415527344
2016-01-06,23.863256454467773
2016-01-07,23.1058349609375
2016-01-08,23.007810592651367
2016-01-11,23.24840545654297
2016-01-12,23.141475677490234
2016-01-13,22.936527252197266
2016-01-14,23.123655319213867
2016-01-15,22.437517166137695
2016-01-19,22.428607940673828
2016-01-20,22.13454818725586
2016-01-21,22.018709182739258
2016-01-22,22.59791374206543
2016-01-25,22.268213272094727
2016-01-26,22.517711639404297
2016-01-27,22.321680068969727
2016-01-28,22.455339431762695
2016-01-29,23.150388717651367
2016-02-01,23.061279296875
2016-02-02,22.410783767700195
2016-02-03,22.695934295654297
2016-02-04,22.704843521118164
2016-02-05,22.669204711914062
2016-02-08,22.44643211364746
2016-02-09,22.054353713989258
2016-02-10,21.76029396057129
2016-02-11,21.10980224609375
2016-02-12,21.421682357788086
2016-02-16,21.35039520263672
2016-02-17,21.79593849182129
2016-02-18,21.64445686340332
2016-02-19,21.68900489807129
2016-02-22,22.098907470703125
2016-02-23,21.475149154663086
2016-02-24,21.466238021850586
2016-02-25,21.421682357788086
2016-02-26,21.181093215942383
2016-02-29,21.403860092163086
2016-03-01,22.464248657226562
2016-03-02,22.8652400970459
2016-03-03,23.070188522338867
2016-03-04,23.390979766845703
2016-03-07,23.24840545654297
2016-03-08,22.972171783447266
2016-03-09,23.23949432373047
2016-03-10,23.016721725463867
2016-03-11,23.444446563720703
2016-03-14,23.3018741607666
2016-03-15,22.954345703125
2016-03-16,23.426626205444336
2016-03-17,23.417713165283203
2016-03-18,23.622661590576172
2016-03-21,23.970184326171875
2016-03-22,23.809791564941406
2016-03-23,23.774150848388672
2016-03-24,23.75632667541504
2016-03-28,23.676124572753906
2016-03-29,23.863256454467773
2016-03-30,24.06820297241211
2016-03-31,24.16622543334961
2016-04-01,24.077116012573242
2016-04-04,24.032560348510742
2016-04-05,23.542463302612305
2016-04-06,23.720684051513672
2016-04-07,23.1592960357666
2016-04-08,23.3018741607666
2016-04-11,23.75632667541504
2016-04-12,24.094938278198242
2016-04-13,24.362268447875977
2016-04-14,24.397907257080078
2016-04-15,24.451370239257812
2016-04-18,24.567211151123047
2016-04-19,24.896915435791016
2016-04-20,24.585033416748047
2016-04-21,24.29097557067871
2016-04-22,24.237516403198242
2016-04-25,24.077116012573242
2016-04-26,24.593948364257812
2016-04-27,24.72760772705078
2016-04-28,24.148401260375977
2016-04-29,24.112762451171875
2016-05-02,24.192955017089844
2016-05-03,23.685039520263672
2016-05-04,23.542463302612305
2016-05-05,23.738502502441406
2016-05-06,23.83652114868164
2016-05-09,23.961275100708008
2016-05-10,24.237516403198242
2016-05-11,24.05038070678711
2016-05-12,24.094938278198242
2016-05-13,23.649396896362305
2016-05-16,24.014738082885742
2016-05-17,23.988006591796875
2016-05-18,23.845430374145508
2016-05-19,23.453353881835938
2016-05-20,23.444446563720703
2016-05-23,23.337512969970703
2016-05-24,23.453353881835938
2016-05-25,24.041471481323242
2016-05-26,24.478105545043945
2016-05-27,24.772159576416016
2016-05-31,24.620676040649414
2016-06-01,24.67414665222168
2016-06-02,24.94146728515625
2016-06-03,25.092954635620117
2016-06-06,25.05731201171875
2016-06-07,25.190975189208984
2016-06-08,25.333547592163086
2016-06-09,24.94146728515625
2016-06-10,24.620676040649414
2016-06-13,24.362268447875977
2016-06-14,24.353351593017578
2016-06-15,24.772159576416016
2016-06-16,24.593948364257812
2016-06-17,24.647411346435547
2016-06-20,24.745426177978516
2016-06-21,24.745426177978516
2016-06-22,24.663843154907227
2016-06-23,25.13004493713379
2016-06-24,23.982471466064453
2016-06-27,23.946611404418945
2016-06-28,24.439708709716797
2016-06-29,24.887977600097656
2016-06-30,25.03142547607422
2016-07-01,25.354183197021484
2016-07-05,25.0224609375
2016-07-06,25.07625389099121
2016-07-07,25.067285537719727
2016-07-08,25.51555633544922
2016-07-11,25.721763610839844
2016-07-12,25.936935424804688
2016-07-13,25.901071548461914
2016-07-14,26.10727310180664
2016-07-15,25.865211486816406
2016-07-18,25.82038116455078
2016-07-19,25.784515380859375
2016-07-20,25.83831214904785
2016-07-21,25.67693519592285
2016-07-22,25.99072265625
2016-07-25,26.035552978515625
2016-07-26,25.963825225830078
2016-07-27,26.232791900634766
2016-07-28,26.412097930908203
2016-07-29,26.49278450012207
2016-08-01,26.40313720703125
2016-08-02,26.38520622253418
2016-08-03,26.33140754699707
2016-08-04,26.232791900634766
2016-08-05,26.609336853027344
2016-08-08,26.609336853027344
2016-08-09,26.618303298950195
2016-08-10,26.277618408203125
2016-08-11,26.528648376464844
2016-08-12,26.600374221801758
2016-08-15,26.645200729370117
2016-08-16,26.394168853759766
2016-08-17,26.367273330688477
2016-08-18,26.519685745239258
2016-08-19,26.42106056213379
2016-08-22,26.09830665588379
2016-08-23,26.116235733032227
2016-08-24,26.394168853759766
2016-08-25,26.187965393066406
2016-08-26,25.97279167175293
2016-08-29,26.295549392700195
2016-08-30,26.438993453979492
2016-08-31,26.501754760742188
2016-09-01,26.645200729370117
2016-09-02,27.030712127685547
2016-09-06,27.416223526000977
2016-09-07,27.245882034301758
2016-09-08,27.156225204467773
2016-09-09,26.394168853759766
2016-09-12,26.645200729370117
2016-09-13,26.10727310180664
2016-09-14,26.33140754699707
2016-09-15,26.591405868530273
2016-09-16,26.40313720703125
2016-09-19,26.447961807250977
2016-09-20,26.367273330688477
2016-09-21,26.81554412841797
2016-09-22,27.048643112182617
2016-09-23,26.672096252441406
2016-09-26,26.38520622253418
2016-09-27,26.53761100769043
2016-09-28,26.90519905090332
2016-09-29,25.874174118041992
2016-09-30,26.367273330688477
2016-10-03,26.887269973754883
2016-10-04,26.72588348388672
2016-10-05,26.81554412841797
2016-10-06,26.70795440673828
2016-10-07,26.698993682861328
2016-10-10,26.806575775146484
2016-10-11,26.53761100769043
2016-10-12,26.49278450012207
2016-10-13,26.16106414794922
2016-10-14,26.16106414794922
2016-10-17,25.954864501953125
2016-10-18,26.510719299316406
2016-10-19,26.501754760742188
2016-10-20,26.447961807250977
2016-10-21,26.447961807250977
2016-10-24,26.474855422973633
2016-10-25,26.367273330688477
2016-10-26,26.143138885498047
2016-10-27,25.910030364990234
2016-10-28,25.99072265625
2016-10-31,26.035552978515625
2016-11-01,26.00865364074707
2016-11-02,25.623144149780273
2016-11-03,25.614173889160156
2016-11-04,25.17487335205078
2016-11-07,25.82038116455078
2016-11-08,25.327285766601562
2016-11-09,25.363143920898438
2016-11-10,24.923839569091797
2016-11-11,23.794198989868164
2016-11-14,23.830062866210938
2016-11-15,23.919719696044922
2016-11-16,23.561098098754883
2016-11-17,23.632822036743164
2016-11-18,23.40868377685547
2016-11-21,23.166622161865234
2016-11-22,23.36385726928711
2016-11-23,23.184551239013672
2016-11-25,23.713512420654297
2016-11-28,23.830062866210938
2016-11-29,23.90178680419922
2016-11-30,24.143850326538086
2016-12-01,24.036264419555664
2016-12-02,23.794198989868164
2016-12-05,24.000404357910156
2016-12-06,24.197643280029297
2016-12-07,24.430740356445312
2016-12-08,24.699705123901367
2016-12-09,24.61005210876465
2016-12-12,24.350051879882812
2016-12-13,24.529361724853516
2016-12-14,23.991436004638672
2016-12-15,24.116952896118164
2016-12-16,24.0541934967041
2016-12-19,23.937644958496094
2016-12-20,23.892818450927734
2016-12-21,23.761558532714844
2016-12-22,23.437904357910156
2016-12-23,23.473867416381836
2016-12-27,23.653676986694336
2016-12-28,23.5727596282959
2016-12-29,23.97732925415039
2016-12-30,24.103193283081055
2017-01-03,24.211078643798828
2017-01-04,24.345937728881836
2017-01-05,24.678579330444336
2017-01-06,24.372901916503906
2017-01-09,24.283000946044922
2017-01-10,24.444828033447266
2017-01-11,24.813434600830078
2017-01-12,24.86737632751465
2017-01-13,24.86737632751465
2017-01-17,24.74150848388672
2017-01-18,24.76848030090332
2017-01-19,24.78645896911621
2017-01-20,24.552709579467773
2017-01-23,24.84939193725586
2017-01-24,25.101123809814453
2017-01-25,25.53266143798828
2017-01-26,25.370840072631836
2017-01-27,25.42477798461914
2017-01-30,25.52367401123047
2017-01-31,25.496702194213867
2017-02-01,25.757423400878906
2017-02-02,25.928237915039062
2017-02-03,26.117034912109375
2017-02-06,26.14400863647461
2017-02-07,26.0091552734375
2017-02-08,26.260883331298828
2017-02-09,26.41371726989746
2017-02-10,26.494632720947266
2017-02-13,26.41371726989746
2017-02-14,26.35079002380371
2017-02-15,26.099056243896484
2017-02-16,26.215932846069336
2017-02-17,26.242902755737305
2017-02-21,26.665449142456055
2017-02-22,26.629487991333008
2017-02-23,26.854248046875
2017-02-24,26.629487991333008
2017-02-27,26.674442291259766
2017-02-28,26.674442291259766
2017-03-01,27.087997436523438
2017-03-02,26.575546264648438
2017-03-03,26.84525489807129
2017-03-06,26.91718101501465
2017-03-07,26.88121795654297
2017-03-08,26.674442291259766
2017-03-09,26.854248046875
2017-03-10,27.016069412231445
2017-03-13,27.753286361694336
2017-03-14,27.66338348388672
2017-03-15,28.166841506958008
2017-03-16,28.112899780273438
2017-03-17,27.978044509887695
2017-03-20,28.139867782592773
2017-03-21,27.67237091064453
2017-03-22,27.744293212890625
2017-03-23,27.897132873535156
2017-03-24,27.8521785736084
2017-03-27,27.978044509887695
2017-03-28,28.157854080200195
2017-03-29,28.40958595275879
2017-03-30,28.37362289428711
2017-03-31,28.310691833496094
2017-04-03,28.607370376586914
2017-04-04,28.51746940612793
2017-04-05,28.43655014038086
2017-04-06,28.769197463989258
2017-04-07,28.733234405517578
2017-04-10,28.55342674255371
2017-04-11,28.59838104248047
2017-04-12,28.445541381835938
2017-04-13,28.27472496032715
2017-04-17,28.48150634765625
2017-04-18,28.022994995117188
2017-04-19,28.014009475708008
2017-04-20,28.301698684692383
2017-04-21,27.987031936645508
2017-04-24,28.5444393157959
2017-04-25,28.913040161132812
2017-04-26,29.011938095092773
2017-04-27,28.850109100341797
2017-04-28,28.841123580932617
2017-05-01,28.877084732055664
2017-05-02,29.074865341186523
2017-05-03,28.850109100341797
2017-05-04,28.805156707763672
2017-05-05,28.814149856567383
2017-05-08,28.643333435058594
2017-05-09,28.751216888427734
2017-05-10,29.15578269958496
2017-05-11,29.227706909179688
2017-05-12,29.254682540893555
2017-05-15,29.479440689086914
2017-05-16,29.587322235107422
2017-05-17,29.128812789916992
2017-05-18,28.78717803955078
2017-05-19,29.002948760986328
2017-05-22,28.850109100341797
2017-05-23,28.42756462097168
2017-05-24,28.52645492553711
2017-05-25,28.82314109802246
2017-05-26,29.074865341186523
2017-05-30,29.272659301757812
2017-05-31,29.26366424560547
2017-06-01,29.542367935180664
2017-06-02,29.623281478881836
2017-06-05,29.641265869140625
2017-06-06,29.533374786376953
2017-06-07,29.569339752197266
2017-06-08,29.623281478881836
2017-06-09,29.416505813598633
2017-06-12,29.371549606323242
2017-06-13,29.470447540283203
2017-06-14,29.560352325439453
2017-06-15,29.200735092163086
2017-06-16,29.317615509033203
2017-06-19,29.470447540283203
2017-06-20,29.231287002563477
2017-06-21,29.33958625793457
2017-06-22,29.231287002563477
2017-06-23,29.050792694091797
2017-06-26,29.33958625793457
2017-06-27,28.843223571777344
2017-06-28,29.023719787597656
2017-06-29,28.68077850341797
2017-06-30,28.969568252563477
2017-07-03,29.249343872070312
2017-07-05,29.4659366607666
2017-07-06,29.321542739868164
2017-07-07,29.438859939575195
2017-07-10,29.935222625732422
2017-07-11,29.908145904541016
2017-07-12,30.332313537597656
2017-07-13,30.41353988647461
2017-07-14,30.63916015625
2017-07-17,30.494762420654297
2017-07-18,30.35036277770996
2017-07-19,30.62110710144043
2017-07-20,30.47671127319336
2017-07-21,30.494762420654297
2017-07-24,30.77452850341797
2017-07-25,30.747451782226562
2017-07-26,31.09942054748535
2017-07-27,30.801603317260742
2017-07-28,30.95502471923828
2017-07-31,31.009174346923828
2017-08-01,31.325042724609375
2017-08-02,31.325042724609375
2017-08-03,31.207719802856445
2017-08-04,31.433338165283203
2017-08-07,31.343090057373047
2017-08-08,31.10844612121582
2017-08-09,30.594036102294922
2017-08-10,29.7186279296875
2017-08-11,29.935222625732422
2017-08-14,30.305240631103516
2017-08-15,30.205968856811523
2017-08-16,30.630128860473633
2017-08-17,30.296215057373047
2017-08-18,30.41353988647461
2017-08-21,30.11572265625
2017-08-22,30.242067337036133
2017-08-23,30.503787994384766
2017-08-24,30.585004806518555
2017-08-25,30.729406356811523
2017-08-28,30.891849517822266
2017-08-29,30.494762420654297
2017-08-30,30.63916015625
2017-08-31,30.783554077148438
2017-09-01,31.1625919342041
2017-09-05,30.729406356811523
2017-09-06,30.891849517822266
2017-09-07,30.95502471923828
2017-09-08,30.82868194580078
2017-09-11,31.054302215576172
2017-09-12,31.18967056274414
2017-09-13,30.927949905395508
2017-09-14,31.04527473449707
2017-09-15,31.126495361328125
2017-09-18,31.207719802856445
2017-09-19,31.207719802856445
2017-09-20,30.936973571777344
2017-09-21,30.70233154296875
2017-09-22,30.214988708496094
2017-09-25,29.574234008789062
2017-09-26,29.646425247192383
2017-09-27,29.14104461669922
2017-09-28,29.38471221923828
2017-09-29,29.646425247192383
2017-10-02,29.493011474609375
2017-10-03,29.781803131103516
2017-10-04,30.097667694091797
2017-10-05,30.070594787597656
2017-10-06,30.10669708251953
2017-10-09,30.242067337036133
2017-10-10,30.57598114013672
2017-10-11,30.440608978271484
2017-10-12,30.77452850341797
2017-10-13,31.243812561035156
2017-10-16,31.36113929748535
2017-10-17,31.144548416137695
2017-10-18,31.072345733642578
2017-10-19,30.864778518676758
2017-10-20,30.95502471923828
2017-10-23,31.027225494384766
2017-10-24,31.23479461669922
2017-10-25,31.243812561035156
2017-10-26,31.379192352294922
2017-10-27,31.69505500793457
2017-10-30,31.613834381103516
2017-10-31,31.803359985351562
2017-11-01,32.137271881103516
2017-11-02,32.20044708251953
2017-11-03,32.137271881103516
2017-11-06,32.29971694946289
2017-11-07,31.559688568115234
2017-11-08,31.667980194091797
2017-11-09,31.40626335144043
2017-11-10,31.29796600341797
2017-11-13,30.900876998901367
2017-11-14,30.756481170654297
2017-11-15,30.530866622924805
2017-11-16,31.15357208251953
2017-11-17,31.451387405395508
2017-11-20,31.424312591552734
2017-11-21,31.722135543823242
2017-11-22,31.649934768676758
2017-11-24,31.96579933166504
2017-11-27,31.830427169799805
2017-11-28,31.992881774902344
2017-11-29,31.64090919494629
2017-11-30,31.38821029663086
2017-12-01,30.900876998901367
2017-12-04,31.009174346923828
2017-12-05,31.08137321472168
2017-12-06,30.792577743530273
2017-12-07,31.36113929748535
2017-12-08,31.740184783935547
2017-12-11,31.911649703979492
2017-12-12,31.514556884765625
2017-12-13,31.686031341552734
2017-12-14,31.839452743530273
2017-12-15,32.00189971923828
2017-12-18,32.182395935058594
2017-12-19,32.27151107788086
2017-12-20,32.3988151550293
2017-12-21,32.298789978027344
2017-12-22,32.60795211791992
2017-12-26,32.72616958618164
2017-12-27,32.57158660888672
2017-12-28,32.44428253173828
2017-12-29,32.798912048339844
2018-01-02,32.86256408691406
2018-01-03,32.98077392578125
2018-01-04,33.12626266479492
2018-01-05,33.662757873535156
2018-01-08,33.63548278808594
2018-01-09,33.517269134521484
2018-01-10,33.37177658081055
2018-01-11,33.708229064941406
2018-01-12,33.76278305053711
2018-01-16,33.21719741821289
2018-01-17,34.02648162841797
2018-01-18,33.58091735839844
2018-01-19,34.03557205200195
2018-01-22,34.28108596801758
2018-01-23,34.60844421386719
2018-01-24,34.52660369873047
2018-01-25,34.29928207397461
2018-01-26,34.59934616088867
2018-01-29,34.35382843017578
2018-01-30,33.8264274597168
2018-01-31,33.87189865112305
2018-02-01,33.31721878051758
2018-02-02,32.171485900878906
2018-02-05,31.362197875976562
2018-02-06,32.60795211791992
2018-02-07,31.771385192871094
2018-02-08,31.18942642211914
2018-02-09,32.15330123901367
2018-02-12,32.316978454589844
2018-02-13,32.298789978027344
2018-02-14,32.462467193603516
2018-02-15,32.68070602416992
2018-02-16,32.025997161865234
2018-02-20,31.634992599487305
2018-02-21,31.498592376708984
2018-02-22,31.353105545043945
2018-02-23,32.14420700073242
2018-02-26,32.36244201660156
2018-02-27,31.653179168701172
2018-02-28,31.20761489868164
2018-03-01,31.171241760253906
2018-03-02,31.334918975830078
2018-03-05,31.371292114257812
2018-03-06,30.943910598754883
2018-03-07,30.87116813659668
2018-03-08,30.96209716796875
2018-03-09,31.371292114257812
2018-03-12,31.634992599487305
2018-03-13,31.589523315429688
2018-03-14,31.553152084350586
2018-03-15,31.225801467895508
2018-03-16,30.84388542175293
2018-03-19,30.34376335144043
2018-03-20,30.671117782592773
2018-03-21,31.03484344482422
2018-03-22,30.280113220214844
2018-03-23,29.98004150390625
2018-03-26,30.9530029296875
2018-03-27,30.652929306030273
2018-03-28,30.607463836669922
2018-03-29,31.03484344482422
2018-04-02,30.75295639038086
2018-04-03,31.289453506469727
2018-04-04,31.20761489868164
2018-04-05,31.489501953125
2018-04-06,31.125774383544922
2018-04-09,31.4167537689209
2018-04-10,31.67136573791504
2018-04-11,31.616806030273438
2018-04-12,31.76229476928711
2018-04-13,31.5440616607666
2018-04-16,31.707733154296875
2018-04-17,31.744104385375977
2018-04-18,31.744104385375977
2018-04-19,31.39856719970703
2018-04-20,31.334918975830078
2018-04-23,31.289453506469727
2018-04-24,31.234891891479492
2018-04-25,31.09849739074707
2018-04-26,31.489501953125
2018-04-27,31.780481338500977
2018-04-30,31.780481338500977
2018-05-01,31.680458068847656
2018-05-02,31.344009399414062
2018-05-03,31.243986129760742
2018-05-04,31.134870529174805
2018-05-07,31.143964767456055
2018-05-08,31.04393768310547
2018-05-09,31.107585906982422
2018-05-10,31.234891891479492
2018-05-11,31.062124252319336
2018-05-14,30.82570457458496
2018-05-15,30.361949920654297
2018-05-16,30.743864059448242
2018-05-17,30.34376335144043
2018-05-18,29.943668365478516
2018-05-21,29.76180648803711
2018-05-22,29.88910675048828
2018-05-23,29.68906021118164
2018-05-24,29.88910675048828
2018-05-25,30.40741729736328
2018-05-29,30.134624481201172
2018-05-30,30.607463836669922
2018-05-31,30.598371505737305
2018-06-01,30.743864059448242
2018-06-04,30.325576782226562
2018-06-05,30.325576782226562
2018-06-06,31.03484344482422
2018-06-07,30.525632858276367
2018-06-08,30.780235290527344
2018-06-11,30.834796905517578
2018-06-12,30.971195220947266
2018-06-13,30.84388542175293
2018-06-14,30.725679397583008
2018-06-15,30.671117782592773
2018-06-18,30.480165481567383
2018-06-19,30.39457130432129
2018-06-20,30.567581176757812
2018-06-21,30.39457130432129
2018-06-22,30.74968719482422
2018-06-25,30.349044799804688
2018-06-26,30.3126220703125
2018-06-27,29.720754623413086
2018-06-28,29.657012939453125
2018-06-29,30.3126220703125
2018-07-02,30.066768646240234
2018-07-03,30.212461471557617
2018-07-05,29.9301815032959
2018-07-06,30.349044799804688
2018-07-09,30.722373962402344
2018-07-10,30.940908432006836
2018-07-11,30.740585327148438
2018-07-12,31.177656173706055
2018-07-13,31.05017852783203
2018-07-16,30.740585327148438
2018-07-17,31.296030044555664
2018-07-18,31.004648208618164
2018-07-19,30.69505500793457
2018-07-20,31.05017852783203
2018-07-23,31.086597442626953
2018-07-24,31.459928512573242
2018-07-25,31.696680068969727
2018-07-26,31.687564849853516
2018-07-27,32.024478912353516
2018-07-30,32.17927551269531
2018-07-31,32.443336486816406
2018-08-01,32.443336486816406
2018-08-02,32.142845153808594
2018-08-03,32.5526008605957
2018-08-06,32.370487213134766
2018-08-07,32.370487213134766
2018-08-08,32.67097854614258
2018-08-09,32.52528381347656
2018-08-10,32.13374710083008
2018-08-13,31.560089111328125
2018-08-14,32.0335807800293
2018-08-15,31.414400100708008
2018-08-16,31.7239933013916
2018-08-17,32.20658874511719
2018-08-20,32.3067512512207
2018-08-21,32.507076263427734
2018-08-22,32.56170654296875
2018-08-23,32.18838119506836
2018-08-24,32.70740509033203
2018-08-27,32.9077262878418
2018-08-28,32.77114486694336
2018-08-29,32.652767181396484
2018-08-30,32.27032470703125
2018-08-31,32.48886489868164
2018-09-04,31.57830238342285
2018-09-05,31.55098533630371
2018-09-06,31.62383270263672
2018-09-07,31.49635124206543
2018-09-10,30.940908432006836
2018-09-11,30.777009963989258
2018-09-12,31.241395950317383
2018-09-13,31.57830238342285
2018-09-14,31.478139877319336
2018-09-17,30.831642150878906
2018-09-18,30.613109588623047
2018-09-19,30.98643684387207
2018-09-20,31.296030044555664
2018-09-21,30.531156539916992
2018-09-24,29.702543258666992
2018-09-25,30.094085693359375
2018-09-26,30.203351974487305
2018-09-27,29.875547409057617
2018-09-28,29.565956115722656
2018-10-01,29.520431518554688
2018-10-02,29.36563491821289
2018-10-03,28.637187957763672
2018-10-04,27.72662353515625
2018-10-05,27.007280349731445
2018-10-08,27.453454971313477
2018-10-09,27.0892276763916
2018-10-10,26.998172760009766
2018-10-11,27.09833526611328
2018-10-12,27.844993591308594
2018-10-15,27.808570861816406
2018-10-16,28.573442459106445
2018-10-17,27.67198944091797
2018-10-18,27.080121994018555
2018-10-19,27.198497772216797
2018-10-22,26.852487564086914
2018-10-23,26.96175193786621
2018-10-24,26.679475784301758
2018-10-25,26.888904571533203
2018-10-26,26.73410987854004
2018-10-29,26.943538665771484
2018-10-30,27.225814819335938
2018-10-31,27.48987579345703
2018-11-01,28.272958755493164
2018-11-02,28.473283767700195
2018-11-05,28.71913719177246
2018-11-06,28.46417999267578
2018-11-07,29.21994400024414
2018-11-08,28.564342498779297
2018-11-09,28.500600814819336
2018-11-12,28.05442237854004
2018-11-13,28.873931884765625
2018-11-14,28.928565979003906
2018-11-15,29.265474319458008
2018-11-16,29.411163330078125
2018-11-19,29.502216339111328
2018-11-20,28.974092483520508
2018-11-21,29.338321685791016
2018-11-23,29.22905158996582
2018-11-26,29.402055740356445
2018-11-27,29.629701614379883
2018-11-28,30.203351974487305
2018-11-29,30.558473587036133
2018-11-30,30.367252349853516
2018-12-03,30.2670955657959
2018-12-04,29.84823226928711
2018-12-06,29.556852340698242
2018-12-07,28.837507247924805
2018-12-10,27.599145889282227
2018-12-11,28.527915954589844
2018-12-12,29.456693649291992
2018-12-13,29.502216339111328
2018-12-14,29.374740600585938
2018-12-17,29.565956115722656
2018-12-18,30.486427307128906
2018-12-19,30.082632064819336
2018-12-20,30.651615142822266
2018-12-21,29.889907836914062
2018-12-24,29.651309967041016
2018-12-26,30.10098648071289
2018-12-27,30.256999969482422
2018-12-28,30.62976837158203
2018-12-31,30.61140251159668
2019-01-02,30.244140625
2019-01-03,29.628978729248047
2019-01-04,30.574678421020508
2019-01-07,30.133962631225586
2019-01-08,30.22577667236328
2019-01-09,30.22577667236328
2019-01-10,30.271690368652344
2019-01-11,30.060514450073242
2019-01-14,29.638158798217773
2019-01-15,29.93196678161621
2019-01-16,30.20741844177246
2019-01-17,30.308414459228516
2019-01-18,30.078872680664062
2019-01-22,29.858516693115234
2019-01-23,29.895244598388672
2019-01-24,30.16150665283203
2019-01-25,29.987060546875
2019-01-28,29.445344924926758
2019-01-29,29.408618927001953
2019-01-30,29.656522750854492
2019-01-31,30.1156005859375
2019-02-01,29.82179069519043
2019-02-04,29.867694854736328
2019-02-05,30.133962631225586
2019-02-06,30.253324508666992
2019-02-07,30.501230239868164
2019-02-08,29.968698501586914
2019-02-11,29.785062789916992
2019-02-12,30.069692611694336
2019-02-13,29.555522918701172
2019-02-14,29.647342681884766
2019-02-15,29.307621002197266
2019-02-19,29.059720993041992
2019-02-20,29.445344924926758
2019-02-21,29.518802642822266
2019-02-22,29.775880813598633
2019-02-25,30.16150665283203
2019-02-26,30.00542449951172
2019-02-27,29.757518768310547
2019-02-28,30.014602661132812
2019-03-01,29.895244598388672
2019-03-04,29.79424476623535
2019-03-05,30.739948272705078
2019-03-06,30.987852096557617
2019-03-07,30.67568016052246
2019-03-08,30.703222274780273
2019-03-11,31.575475692749023
2019-03-12,31.805009841918945
2019-03-13,31.722379684448242
2019-03-14,31.85091781616211
2019-03-15,32.20901107788086
2019-03-18,32.54872131347656
2019-03-19,32.49363327026367
2019-03-20,32.74153518676758
2019-03-21,32.63135528564453
2019-03-22,31.84174156188965
2019-03-25,31.768285751342773
2019-03-26,32.08046340942383
2019-03-27,31.78664779663086
2019-03-28,32.245731353759766
2019-03-29,32.36508560180664
2019-04-01,32.69562530517578
2019-04-02,32.8792610168457
2019-04-03,32.980255126953125
2019-04-04,32.61298751831055
2019-04-05,32.833351135253906
2019-04-08,32.42018508911133
2019-04-09,32.64053726196289
2019-04-10,32.56708908081055
2019-04-11,32.51198959350586
2019-04-12,32.51198959350586
2019-04-15,32.63135528564453
2019-04-16,32.787445068359375
2019-04-17,32.925167083740234
2019-04-18,32.86089324951172
2019-04-22,32.15391159057617
2019-04-23,32.181461334228516
2019-04-24,32.22736740112305
2019-04-25,32.181461334228516
2019-04-26,32.61298751831055
2019-04-29,32.65889358520508
2019-04-30,32.60381317138672
2019-05-01,32.50281524658203
2019-05-02,32.35590744018555
2019-05-03,32.6680908203125
2019-05-06,32.19063949584961
2019-05-07,31.41020393371582
2019-05-08,31.153121948242188
2019-05-09,30.75831413269043
2019-05-10,30.82258415222168
2019-05-13,30.00542449951172
2019-05-14,30.666500091552734
2019-05-15,30.482866287231445
2019-05-16,30.85930824279785
2019-05-17,30.960308074951172
2019-05-20,32.328365325927734
2019-05-21,32.273277282714844
2019-05-22,32.13554763793945
2019-05-23,32.0712776184082
2019-05-24,32.53953552246094
2019-05-28,32.704811096191406
2019-05-29,32.47526550292969
2019-05-30,32.787445068359375
2019-05-31,33.03533935546875
2019-06-03,33.402610778808594
2019-06-04,33.310791015625
2019-06-05,33.044525146484375
2019-06-06,32.77825927734375
2019-06-07,32.8792610168457
2019-06-10,32.851715087890625
2019-06-11,32.95271301269531
2019-06-12,32.79662322998047
2019-06-13,32.69562530517578
2019-06-14,32.264095306396484
2019-06-17,32.094539642333984
2019-06-18,32.4095573425293
2019-06-19,32.20572280883789
2019-06-20,32.57632827758789
2019-06-21,32.28911209106445
2019-06-24,32.26131057739258
2019-06-25,32.4095573425293
2019-06-26,32.73384094238281
2019-06-27,32.8728141784668
2019-06-28,32.70603942871094
2019-07-01,32.98399353027344
2019-07-02,33.21562194824219
2019-07-03,33.1507682800293
2019-07-05,32.75236511230469
2019-07-08,32.26131057739258
2019-07-09,32.27983856201172
2019-07-10,32.168663024902344
2019-07-11,32.1501350402832
2019-07-12,32.168663024902344
2019-07-15,32.326171875
2019-07-16,32.483680725097656
2019-07-17,32.40029525756836
2019-07-18,32.35396194458008
2019-07-19,31.659076690673828
2019-07-22,31.677602767944336
2019-07-23,31.427446365356445
2019-07-24,31.344064712524414
2019-07-25,31.15876007080078
2019-07-26,31.427446365356445
2019-07-29,31.18655014038086
2019-07-30,30.639909744262695
2019-07-31,30.575050354003906
2019-08-01,30.093263626098633
2019-08-02,30.037670135498047
2019-08-05,29.04629898071289
2019-08-06,29.574413299560547
2019-08-07,29.389110565185547
2019-08-08,30.232240676879883
2019-08-09,29.98208236694336
2019-08-12,29.80603790283203
2019-08-13,29.67633056640625
2019-08-14,29.277929306030273
2019-08-15,29.342784881591797
2019-08-16,29.8153076171875
2019-08-19,29.592945098876953
2019-08-20,29.546619415283203
2019-08-21,29.40764045715332
2019-08-22,28.73128318786621
2019-08-23,29.333518981933594
2019-08-26,29.79677963256836
2019-08-27,29.972816467285156
2019-08-28,29.67633056640625
2019-08-29,29.611469268798828
2019-08-30,29.8153076171875
2019-09-03,29.064828872680664
2019-09-04,29.259397506713867
2019-09-05,29.36131477355957
2019-09-06,29.64853286743164
2019-09-09,29.759716033935547
2019-09-10,29.70412826538086
2019-09-11,30.01914405822754
2019-09-12,29.98208236694336
2019-09-13,30.315628051757812
2019-09-16,29.592945098876953
2019-09-17,29.611469268798828
2019-09-18,29.546619415283203
2019-09-19,29.101890563964844
2019-09-20,30.760360717773438
2019-09-23,31.473773956298828
2019-09-24,31.13096046447754
2019-09-25,30.871538162231445
2019-09-26,31.075374603271484
2019-09-27,31.001249313354492
2019-09-30,31.103164672851562
2019-10-01,30.371217727661133
2019-10-02,30.241504669189453
2019-10-03,30.5657901763916
2019-10-04,30.361953735351562
2019-10-07,30.009872436523438
2019-10-08,29.8153076171875
2019-10-09,30.232240676879883
2019-10-10,30.35268783569336
2019-10-11,30.510194778442383
2019-10-14,30.380483627319336
2019-10-15,30.639909744262695
2019-10-16,30.79741859436035
2019-10-17,31.18655014038086
2019-10-18,31.52936553955078
2019-10-21,31.473773956298828
2019-10-22,31.288469314575195
2019-10-23,31.4830379486084
2019-10-24,31.316267013549805
2019-10-25,31.56642723083496
2019-10-28,31.640546798706055
2019-10-29,31.992618560791016
2019-10-30,32.27983856201172
2019-10-31,32.10381317138672
2019-11-01,32.483680725097656
2019-11-04,32.40029525756836
2019-11-05,32.34469985961914
2019-11-06,32.42808532714844
2019-11-07,32.4095573425293
2019-11-08,31.890701293945312
2019-11-11,31.81658172607422
2019-11-12,31.61275291442871
2019-11-13,31.381122589111328
2019-11-14,31.455244064331055
2019-11-15,31.659076690673828
2019-11-18,31.557159423828125
2019-11-19,31.714670181274414
2019-11-20,31.918500900268555
2019-11-21,31.76099395751953
2019-11-22,31.686874389648438
2019-11-25,32.34469985961914
2019-11-26,32.233516693115234
2019-11-27,32.483680725097656
2019-11-29,31.927764892578125
2019-12-02,32.15938949584961
2019-12-03,31.844375610351562
2019-12-04,32.25204849243164
2019-12-05,32.2242546081543
2019-12-06,31.890701293945312
2019-12-09,32.10381317138672
2019-12-10,31.93703269958496
2019-12-11,32.27058029174805
2019-12-12,32.44661331176758
2019-12-13,32.6133918762207
2019-12-16,32.40287399291992
2019-12-17,32.69963073730469
2019-12-18,32.681087493896484
2019-12-19,32.820194244384766
2019-12-20,32.8758430480957
2019-12-23,32.79237747192383
2019-12-24,32.67181396484375
2019-12-26,32.514163970947266
2019-12-27,32.736732482910156
2019-12-30,32.62544631958008
2019-12-31,32.597625732421875
2020-01-02,32.99639892578125
2020-01-03,32.439971923828125
2020-01-06,32.05974197387695
2020-01-07,32.013370513916016
2020-01-08,32.439971923828125
2020-01-09,32.8758430480957
2020-01-10,33.02422332763672
2020-01-13,33.469364166259766
2020-01-14,33.40445327758789
2020-01-15,33.34880828857422
2020-01-16,33.33953857421875
2020-01-17,33.552833557128906
2020-01-21,32.820194244384766
2020-01-22,32.912940979003906
2020-01-23,32.86656188964844
2020-01-24,33.00566864013672
2020-01-27,32.597625732421875
2020-01-28,32.755279541015625
2020-01-29,32.79237747192383
2020-01-30,32.37505340576172
2020-01-31,31.985551834106445
2020-02-03,31.568227767944336
2020-02-04,32.33795166015625
2020-02-05,32.60689926147461
2020-02-06,32.85729217529297
2020-02-07,32.5048828125
2020-02-10,32.681087493896484
2020-02-11,32.894386291503906
2020-02-12,33.09841537475586
2020-02-13,32.8109245300293
2020-02-14,32.56052780151367
2020-02-18,32.35650634765625
2020-02-19,32.72745895385742
2020-02-20,32.32868194580078
2020-02-21,32.29158401489258
2020-02-24,31.41057014465332
2020-02-25,31.28073501586914
2020-02-26,31.336380004882812
2020-02-27,30.789226531982422
2020-02-28,29.85256004333496
2020-03-02,29.71345329284668
2020-03-03,29.639257431030273
2020-03-04,29.667085647583008
2020-03-05,28.50785255432129
2020-03-06,28.44293212890625
2020-03-09,26.89419937133789
2020-03-10,27.77521514892578
2020-03-11,26.55106544494629
2020-03-12,23.286666870117188
2020-03-13,26.254301071166992
2020-03-16,22.20162582397461
2020-03-17,24.418079376220703
2020-03-18,21.654470443725586
2020-03-19,21.153676986694336
2020-03-20,21.39479637145996
2020-03-23,19.011415481567383
2020-03-24,20.059364318847656
2020-03-25,21.589550018310547
2020-03-26,23.435049057006836
2020-03-27,22.016145706176758
2020-03-30,21.886314392089844
2020-03-31,22.359281539916992
2020-04-01,20.708532333374023
2020-04-02,21.246416091918945
2020-04-03,20.41176986694336
2020-04-06,21.951231002807617
2020-04-07,22.591127395629883
2020-04-08,23.35158348083496
2020-04-09,23.611249923706055
2020-04-13,23.397953033447266
2020-04-14,24.09349250793457
2020-04-15,22.94353485107422
2020-04-16,23.193927764892578
2020-04-17,24.0471248626709
2020-04-20,23.620527267456055
2020-04-21,22.87861442565918
2020-04-22,24.074939727783203
2020-04-23,24.214054107666016
2020-04-24,23.889467239379883
2020-04-27,24.687021255493164
2020-04-28,24.622102737426758
2020-04-29,25.65150260925293
2020-04-30,25.085790634155273
2020-05-01,24.316062927246094
2020-05-04,24.668468475341797
2020-05-05,24.18623161315918
2020-05-06,23.843097686767578
2020-05-07,24.278966903686523
2020-05-08,24.789030075073242
2020-05-11,24.334613800048828
2020-05-12,25.391834259033203
2020-05-13,24.594280242919922
2020-05-14,24.622102737426758
2020-05-15,24.102766036987305
2020-05-18,24.3902530670166
2020-05-19,23.703990936279297
2020-05-20,24.40880584716797
2020-05-21,24.297517776489258
2020-05-22,24.223331451416016
2020-05-26,24.20478057861328
2020-05-27,24.575733184814453
2020-05-28,24.872495651245117
2020-05-29,25.493844985961914
2020-06-01,26.143016815185547
2020-06-02,26.75508689880371
2020-06-03,26.884923934936523
2020-06-04,26.46760368347168
2020-06-05,27.107498168945312
2020-06-08,27.16314125061035
2020-06-09,26.708724975585938
2020-06-10,26.912744522094727
2020-06-11,24.826129913330078
2020-06-12,26.18938446044922
2020-06-15,26.23215675354004
2020-06-16,25.776514053344727
2020-06-17,26.008987426757812
2020-06-18,26.241456985473633
2020-06-19,26.65060806274414
2020-06-22,27.30153465270996
2020-06-23,27.561899185180664
2020-06-24,26.920278549194336
2020-06-25,27.27363395690918
2020-06-26,27.01326560974121
2020-06-29,27.16204833984375
2020-06-30,26.985368728637695
2020-07-01,27.589797973632812
2020-07-02,28.240718841552734
2020-07-06,28.835847854614258
2020-07-07,28.668468475341797
2020-07-08,28.57547950744629
2020-07-09,28.612674713134766
2020-07-10,28.62197494506836
2020-07-13,28.649869918823242
2020-07-14,28.4545955657959
2020-07-15,28.59407615661621
2020-07-16,28.826549530029297
2020-07-17,29.300792694091797
2020-07-20,29.709945678710938
2020-07-21,29.8773250579834
2020-07-22,29.886619567871094
2020-07-23,29.71923828125
2020-07-24,29.95171356201172
2020-07-27,30.174890518188477
2020-07-28,30.277177810668945
2020-07-29,30.286474227905273
2020-07-30,29.95171356201172
2020-07-31,29.700645446777344
2020-08-03,29.579757690429688
2020-08-04,30.10979652404785
2020-08-05,30.249277114868164
2020-08-06,30.53754425048828
2020-08-07,30.42595863342285
2020-08-10,30.742122650146484
2020-08-11,30.565439224243164
2020-08-12,30.89090347290039
2020-08-13,30.69562339782715
2020-08-14,30.621234893798828
2020-08-17,30.863004684448242
2020-08-18,31.123374938964844
2020-08-19,30.788616180419922
2020-08-20,30.844406127929688
2020-08-21,30.770017623901367
2020-08-24,31.2442569732666
2020-08-25,31.300052642822266
2020-08-26,31.504629135131836
2020-08-27,31.57901954650879
2020-08-28,32.1462516784668
2020-08-31,31.030384063720703
2020-09-01,31.597618103027344
2020-09-02,31.681306838989258
2020-09-03,31.2442569732666
2020-09-04,31.086179733276367
2020-09-08,30.67702865600586
2020-09-09,31.2442569732666
2020-09-10,31.355846405029297
2020-09-11,31.513927459716797
2020-09-14,31.876583099365234
2020-09-15,31.978870391845703
2020-09-16,32.136959075927734
2020-09-17,32.11835861206055
2020-09-18,31.876583099365234
2020-09-21,31.42093849182129
2020-09-22,31.095478057861328
2020-09-23,30.602638244628906
2020-09-24,30.146989822387695
2020-09-25,30.742122650146484
2020-09-28,31.21636199951172
2020-09-29,31.2442569732666
2020-09-30,31.486032485961914
2020-10-01,31.950973510742188
2020-10-02,31.690608978271484
2020-10-05,32.285736083984375
2020-10-06,32.350830078125
2020-10-07,32.67628860473633
2020-10-08,32.74138259887695
2020-10-09,33.09473419189453
2020-10-12,32.93666076660156
2020-10-13,32.68558883666992
2020-10-14,32.96455764770508
2020-10-15,32.322933197021484
2020-10-16,32.38802719116211
2020-10-19,32.47171401977539
2020-10-20,32.58329772949219
2020-10-21,32.55540466308594
2020-10-22,32.36942672729492
2020-10-23,32.536808013916016
2020-10-26,31.876583099365234
2020-10-27,32.11835861206055
2020-10-28,31.18846893310547
2020-10-29,31.26285743713379
2020-10-30,31.234960556030273
2020-11-02,31.32794952392578
2020-11-03,31.5604190826416
2020-11-04,32.39731979370117
2020-11-05,32.81577682495117
2020-11-06,33.113338470458984
2020-11-09,33.89444351196289
2020-11-10,33.466697692871094
2020-11-11,33.671268463134766
2020-11-12,33.2435188293457
2020-11-13,33.801456451416016
2020-11-16,34.16411209106445
2020-11-17,34.10832214355469
2020-11-18,34.04322052001953
2020-11-19,33.92233657836914
2020-11-20,33.931636810302734
2020-11-23,34.04322052001953
2020-11-24,34.61045837402344
2020-11-25,34.25709915161133
2020-11-27,34.38728332519531
2020-11-30,33.92233657836914
2020-12-01,34.9824104309082
2020-12-02,34.880126953125
2020-12-03,35.028907775878906
2020-12-04,35.363670349121094
2020-12-07,35.6240348815918
2020-12-08,35.71702194213867
2020-12-09,35.68912887573242
2020-12-10,35.94020080566406
2020-12-11,35.82861328125
2020-12-14,35.802555084228516
2020-12-15,36.34233856201172
2020-12-16,36.295806884765625
2020-12-17,36.565696716308594
2020-12-18,36.602928161621094
2020-12-21,35.365142822265625
2020-12-22,35.64434051513672
2020-12-23,36.25857925415039
2020-12-24,36.63084411621094
2020-12-28,36.96588134765625
2020-12-29,37.10547637939453
2020-12-30,37.31953048706055
2020-12-31,37.43121337890625
2021-01-04,37.51496887207031
2021-01-05,38.19435119628906
2021-01-06,38.073368072509766
2021-01-07,37.896541595458984
2021-01-08,38.789974212646484
2021-01-11,38.575927734375
2021-01-12,38.92026901245117
2021-01-13,38.771366119384766
2021-01-14,38.90165710449219
2021-01-15,38.14781951904297
2021-01-19,38.278114318847656
2021-01-20,39.078487396240234
2021-01-21,38.90165710449219
2021-01-22,38.482852935791016
2021-01-25,37.850013732910156
2021-01-26,37.840702056884766
2021-01-27,37.04964065551758
2021-01-28,37.617340087890625
2021-01-29,36.42609405517578
2021-02-01,37.896541595458984
2021-02-02,38.799285888671875
2021-02-03,39.09709167480469
2021-02-04,39.283226013183594
2021-02-05,39.283226013183594
2021-02-08,39.72064208984375
2021-02-09,39.5810432434082
2021-02-10,39.59034729003906
2021-02-11,40.01845169067383
2021-02-12,40.02775955200195
2021-02-16,39.944000244140625
2021-02-17,40.11151885986328
2021-02-18,39.98122024536133
2021-02-19,39.767173767089844
2021-02-22,39.01333236694336
2021-02-23,39.422828674316406
2021-02-24,39.81370162963867
2021-02-25,39.12501525878906
2021-02-26,38.18505096435547
2021-03-01,39.12501525878906
2021-03-02,39.49728012084961
2021-03-03,39.82301712036133
2021-03-04,39.432132720947266
2021-03-05,39.63688278198242
2021-03-08,39.32045364379883
2021-03-09,40.11151885986328
2021-03-10,40.24181365966797
2021-03-11,40.75367736816406
2021-03-12,39.897464752197266
2021-03-15,39.767173767089844
2021-03-16,40.0929069519043
2021-03-17,39.59034729003906
2021-03-18,38.50147247314453
2021-03-19,39.515892028808594
2021-03-22,39.599647521972656
2021-03-23,39.34836959838867
2021-03-24,38.93888854980469
2021-03-25,38.63176727294922
2021-03-26,39.57172775268555
2021-03-29,39.13432312011719
2021-03-30,39.05986785888672
2021-03-31,39.255306243896484
2021-04-01,39.441444396972656
2021-04-05,39.041255950927734
2021-04-06,39.14363098144531
2021-04-07,38.799285888671875
2021-04-08,39.041255950927734
2021-04-09,38.799285888671875
2021-04-12,37.375370025634766
2021-04-13,37.635955810546875
2021-04-14,38.073368072509766
2021-04-15,38.25019454956055
2021-04-16,38.33395004272461
2021-04-19,37.38467788696289
2021-04-20,36.78905487060547
2021-04-21,36.863502502441406
2021-04-22,37.04033279418945
2021-04-23,37.27299499511719
2021-04-26,37.82209014892578
2021-04-27,38.24089050292969
2021-04-28,38.68760681152344
2021-04-29,38.799285888671875
2021-04-30,38.17573928833008
2021-05-03,38.64107131958008
2021-05-04,38.12921142578125
2021-05-05,38.789974212646484
2021-05-06,39.27392578125
2021-05-07,39.77648162841797
2021-05-10,39.3949089050293
2021-05-11,39.4693603515625
2021-05-12,38.44563293457031
2021-05-13,39.004032135009766
2021-05-14,39.49728012084961
2021-05-17,39.897464752197266
2021-05-18,40.158050537109375
2021-05-19,40.20458221435547
2021-05-20,40.20458221435547
2021-05-21,40.102210998535156
2021-05-24,40.576847076416016
2021-05-25,40.54893112182617
2021-05-26,41.014259338378906
2021-05-27,41.18177795410156
2021-05-28,41.209693908691406
2021-06-01,41.58195877075195
2021-06-02,41.90769577026367
2021-06-03,41.85185623168945
2021-06-04,42.23342514038086
2021-06-07,42.242733001708984
2021-06-08,42.18689727783203
2021-06-09,42.010066986083984
2021-06-10,42.207550048828125
2021-06-11,42.11439895629883
2021-06-14,42.10508346557617
2021-06-15,41.9280891418457
2021-06-16,41.45301055908203
2021-06-17,41.322601318359375
2021-06-18,40.9686164855957
2021-06-21,41.52753448486328
2021-06-22,41.415748596191406
2021-06-23,41.220130920410156
2021-06-24,41.3878059387207
2021-06-25,41.415748596191406
2021-06-28,41.546165466308594
2021-06-29,41.415748596191406
2021-06-30,41.220130920410156
2021-07-01,41.08971405029297
2021-07-02,41.35054397583008
2021-07-06,40.977935791015625
2021-07-07,41.201499938964844
2021-07-08,40.89409637451172
2021-07-09,41.294654846191406
2021-07-12,41.31328201293945
2021-07-13,41.15492630004883
2021-07-14,41.406436920166016
2021-07-15,41.49958419799805
2021-07-16,41.201499938964844
2021-07-19,40.81026077270508
2021-07-20,41.08039855957031
2021-07-21,41.15492630004883
2021-07-22,41.397117614746094
2021-07-23,41.471641540527344
2021-07-26,41.74178695678711
2021-07-27,41.24807357788086
2021-07-28,41.37849044799805
2021-07-29,41.57411193847656
2021-07-30,41.6300048828125
2021-08-02,41.69520950317383
2021-08-03,42.673316955566406
2021-08-04,42.53358840942383
2021-08-05,42.859619140625
2021-08-06,42.54289627075195
2021-08-09,42.310020446777344
2021-08-10,42.32864761352539
2021-08-11,42.654685974121094
2021-08-12,42.7105712890625
2021-08-13,43.055240631103516
2021-08-16,43.29743576049805
2021-08-17,43.18565368652344
2021-08-18,42.81304168701172
2021-08-19,42.654685974121094
2021-08-20,43.12044906616211
2021-08-23,43.18565368652344
2021-08-24,43.44648742675781
2021-08-25,43.44648742675781
2021-08-26,43.3719596862793
2021-08-27,44.31280517578125
2021-08-30,44.72267150878906
2021-08-31,45.27227783203125
2021-09-01,45.52378845214844
2021-09-02,45.82188034057617
2021-09-03,46.296958923339844
2021-09-07,46.00818634033203
2021-09-08,45.66352081298828
2021-09-09,45.92435073852539
2021-09-10,45.91503143310547
2021-09-13,45.998870849609375
2021-09-14,45.93366241455078
2021-09-15,46.46463394165039
2021-09-16,46.52052307128906
2021-09-17,45.91503143310547
2021-09-20,45.533111572265625
2021-09-21,45.84982681274414
2021-09-22,46.16654586791992
2021-09-23,46.641624450683594
2021-09-24,46.49258041381836
2021-09-27,46.48326873779297
2021-09-28,45.654205322265625
2021-09-29,45.616947174072266
2021-09-30,45.35611343383789
2021-10-01,45.78462219238281
2021-10-04,45.56105422973633
2021-10-05,46.10133743286133
2021-10-06,45.654205322265625
2021-10-07,45.92435073852539
2021-10-08,45.8870849609375
2021-10-11,45.756675720214844
2021-10-12,45.95229721069336
2021-10-13,46.54846954345703
2021-10-14,46.958343505859375
2021-10-15,47.04218292236328
2021-10-18,47.070125579833984
2021-10-19,46.883819580078125
2021-10-20,46.73477554321289
2021-10-21,46.418060302734375
2021-10-22,46.00818634033203
2021-10-25,45.98955535888672
2021-10-26,46.46463394165039
2021-10-27,46.259700775146484
2021-10-28,45.77530288696289
2021-10-29,45.495845794677734
2021-11-01,46.05475997924805
2021-11-02,46.082706451416016
2021-11-03,46.241065979003906
2021-11-04,46.231754302978516
2021-11-05,46.56710433959961
2021-11-08,47.21916961669922
2021-11-09,46.799983978271484
2021-11-10,46.576416015625
2021-11-11,46.73477554321289
2021-11-12,47.303009033203125
2021-11-15,47.16328048706055
2021-11-16,46.8186149597168
2021-11-17,46.69751739501953
2021-11-18,46.37147903442383
2021-11-19,46.16654586791992
2021-11-22,45.29090881347656
2021-11-23,45.86845779418945
2021-11-24,45.29090881347656
2021-11-26,43.940189361572266
2021-11-29,44.13581466674805
2021-11-30,44.26622772216797
2021-12-01,44.3314323425293
2021-12-02,45.23501968383789
2021-12-03,44.461849212646484
2021-12-06,43.91224670410156
2021-12-07,44.70404815673828
2021-12-08,45.13254928588867
2021-12-09,45.02076721191406
2021-12-10,45.19775390625
2021-12-13,44.345115661621094
2021-12-14,44.345115661621094
2021-12-15,44.22628402709961
2021-12-16,44.166866302490234
2021-12-17,43.552886962890625
2021-12-20,43.2062873840332
2021-12-21,43.6915283203125
2021-12-22,44.32530975341797
2021-12-23,44.662010192871094
2021-12-27,44.91948699951172
2021-12-28,45.04822540283203
2021-12-29,45.33540725708008
2021-12-30,45.365135192871094
2021-12-31,45.424591064453125
2022-01-03,46.15788650512695
2022-01-04,46.346160888671875
2022-01-05,46.26688766479492
2022-01-06,46.32634353637695
2022-01-07,46.702903747558594
2022-01-10,46.90108871459961
2022-01-11,47.723567962646484
2022-01-12,48.06048583984375
2022-01-13,47.86229705810547
2022-01-14,47.584835052490234
2022-01-18,47.01008987426758
2022-01-19,46.663265228271484
2022-01-20,46.247066497802734
2022-01-21,45.523681640625
2022-01-24,44.195823669433594
2022-01-25,44.65166091918945
2022-01-26,44.116554260253906
2022-01-27,43.85890579223633
2022-01-28,44.38410568237305
2022-01-31,45.45431900024414
2022-02-01,45.47413635253906
2022-02-02,45.74169158935547
2022-02-03,45.117401123046875
2022-02-04,44.96875762939453
2022-02-07,44.52283477783203
2022-02-08,44.6813850402832
2022-02-09,45.26604080200195
2022-02-10,44.65166091918945
2022-02-11,43.76972198486328
2022-02-14,43.00670623779297
2022-02-15,44.51292419433594
2022-02-16,44.52283477783203
2022-02-17,44.195823669433594
2022-02-18,44.195823669433594
2022-02-22,43.948089599609375
2022-02-23,43.472442626953125
2022-02-24,42.29322814941406
2022-02-25,43.700355529785156
2022-02-28,43.35353088378906
2022-03-01,42.22386169433594
2022-03-02,42.89769744873047
2022-03-03,42.104949951171875
2022-03-04,41.12392044067383
2022-03-07,39.81588363647461
2022-03-08,40.549171447753906
2022-03-09,42.22386169433594
2022-03-10,42.104949951171875
2022-03-11,41.70857620239258
2022-03-14,42.39231872558594
2022-03-15,42.917518615722656
2022-03-16,43.948089599609375
2022-03-17,44.02737045288086
2022-03-18,44.34446716308594
2022-03-21,43.48235321044922
2022-03-22,44.00754928588867
2022-03-23,43.1751594543457
2022-03-24,43.86882019042969
2022-03-25,43.8489990234375
2022-03-28,44.195823669433594
2022-03-29,44.96875762939453
2022-03-30,44.46337890625
2022-03-31,44.166099548339844
2022-04-01,44.99848556518555
2022-04-04,46.01914978027344
2022-04-05,45.56332015991211
2022-04-06,45.16695022583008
2022-04-07,45.09757995605469
2022-04-08,45.44440841674805
2022-04-11,45.10749053955078
2022-04-12,44.6813850402832
2022-04-13,44.60211181640625
2022-04-14,44.25528335571289
2022-04-18,44.27510452270508
2022-04-19,43.77963638305664
2022-04-20,44.31474304199219
2022-04-21,44.294921875
2022-04-22,43.79945373535156
2022-04-25,43.79945373535156
2022-04-26,43.46253204345703
2022-04-27,43.54180908203125
2022-04-28,44.166099548339844
2022-04-29,43.244529724121094
2022-05-02,43.49226379394531
2022-05-03,43.54180908203125
2022-05-04,43.46253204345703
2022-05-05,42.233768463134766
2022-05-06,41.718482971191406
2022-05-09,40.99509811401367
2022-05-10,40.67799758911133
2022-05-11,40.24198532104492
2022-05-12,40.053707122802734
2022-05-13,40.10325622558594
2022-05-16,39.92488479614258
2022-05-17,41.143741607666016
2022-05-18,40.13298416137695
2022-05-19,40.400535583496094
2022-05-20,40.58881378173828
2022-05-23,40.8960075378418
2022-05-24,40.56899642944336
2022-05-25,40.350990295410156
2022-05-26,40.70772933959961
2022-05-27,40.98518753051758
2022-05-31,41.0545539855957
2022-06-01,41.06446075439453
2022-06-02,41.98603439331055
2022-06-03,40.99509811401367
2022-06-06,41.02482604980469
2022-06-07,41.074371337890625
2022-06-08,40.61854553222656
2022-06-09,40.360897064208984
2022-06-10,39.88524627685547
2022-06-13,39.15195083618164
2022-06-14,39.340232849121094
2022-06-15,39.647422790527344
2022-06-16,38.52766418457031
2022-06-17,38.428565979003906
2022-06-21,39.270870208740234
2022-06-22,38.59703063964844
2022-06-23,39.013221740722656
2022-06-24,39.57805633544922
2022-06-27,39.270870208740234
2022-06-28,38.785308837890625
2022-06-29,39.033042907714844
2022-06-30,39.013221740722656
2022-07-01,39.12222671508789
2022-07-05,39.132137298583984
2022-07-06,39.786155700683594
2022-07-07,39.93479537963867
2022-07-08,39.83570098876953
2022-07-11,39.71678924560547
2022-07-12,39.6077880859375
2022-07-13,39.17177200317383
2022-07-14,39.32041549682617
2022-07-15,39.845611572265625
2022-07-18,39.63751220703125
2022-07-19,40.370811462402344
2022-07-20,39.944705963134766
2022-07-21,40.91582489013672
2022-07-22,40.74736022949219
2022-07-25,40.69781494140625
2022-07-26,40.14289093017578
2022-07-27,40.99509811401367
2022-07-28,41.659027099609375
2022-07-29,42.29322814941406
2022-08-01,42.60041809082031
2022-08-02,42.887786865234375
2022-08-03,42.85805892944336
2022-08-04,42.65987014770508
2022-08-05,42.42205047607422
2022-08-08,42.71933364868164
2022-08-09,42.55086898803711
2022-08-10,43.35353088378906
2022-08-11,42.86796951293945
2022-08-12,43.31389236450195
2022-08-15,43.303985595703125
2022-08-16,43.69044876098633
2022-08-17,43.69044876098633
2022-08-18,43.59135818481445
2022-08-19,42.90760803222656
2022-08-22,42.313045501708984
2022-08-23,42.758968353271484
2022-08-24,42.96706771850586
2022-08-25,42.76887893676758
2022-08-26,42.22386169433594
2022-08-29,42.30313491821289
2022-08-30,42.86796951293945
2022-08-31,42.63014602661133
2022-09-01,42.90760803222656
2022-09-02,42.48150634765625
2022-09-06,42.521141052246094
2022-09-07,43.21480178833008
2022-09-08,43.39316940307617
2022-09-09,43.373348236083984
2022-09-12,44.017459869384766
2022-09-13,43.105796813964844
2022-09-14,43.6805419921875
2022-09-15,43.21480178833008
2022-09-16,42.73915100097656
2022-09-19,43.165252685546875
2022-09-20,43.026519775390625
2022-09-21,42.54096221923828
2022-09-22,42.104949951171875
2022-09-23,41.20319747924805
2022-09-26,40.459991455078125
2022-09-27,40.350990295410156
2022-09-28,40.98518753051758
2022-09-29,40.093345642089844
2022-09-30,40.41044235229492
2022-10-03,40.598724365234375
2022-10-04,41.34192657470703
2022-10-05,41.24283218383789
2022-10-06,40.70772933959961
2022-10-07,40.03388977050781
2022-10-10,40.47980880737305
2022-10-11,40.014068603515625
2022-10-12,40.1726188659668
2022-10-13,40.4401741027832
2022-10-14,39.954612731933594
2022-10-17,40.84646224975586
2022-10-18,40.75727462768555
2022-10-19,40.370811462402344
2022-10-20,40.767181396484375
2022-10-21,41.35183334350586
2022-10-24,41.391475677490234
2022-10-25,41.47074890136719
2022-10-26,41.88694381713867
2022-10-27,41.460838317871094
2022-10-28,41.9563102722168
2022-10-31,41.81757736206055
2022-11-01,42.035579681396484
2022-11-02,41.54011154174805
2022-11-03,41.787845611572266
2022-11-04,42.66978454589844
2022-11-07,42.71933364868164
2022-11-08,43.066158294677734
2022-11-09,42.441871643066406
2022-11-10,43.61117172241211
2022-11-11,43.6309928894043
2022-11-14,43.085975646972656
2022-11-15,43.264347076416016
2022-11-16,42.72924041748047
2022-11-17,42.55086898803711
2022-11-18,42.54096221923828
2022-11-21,42.22386169433594
2022-11-22,42.511234283447266
2022-11-23,42.451778411865234
2022-11-25,42.87788009643555
2022-11-28,42.7886962890625
2022-11-29,43.15534210205078
2022-11-30,43.83909225463867
2022-12-01,43.82918167114258
2022-12-02,43.60126495361328
2022-12-05,43.056251525878906
2022-12-06,42.74905776977539
2022-12-07,42.83824157714844
2022-12-08,42.957157135009766
2022-12-09,42.39231872558594
2022-12-12,42.5607795715332
2022-12-13,42.818424224853516
2022-12-14,42.66978454589844
2022-12-15,41.8968505859375
2022-12-16,41.81757736206055
2022-12-19,42.134674072265625
2022-12-20,42.14458465576172
2022-12-21,41.74821090698242
2022-12-22,41.30228805541992
2022-12-23,40.81672668457031
2022-12-27,41.411293029785156
2022-12-28,41.431114196777344
2022-12-29,41.8473014831543
2022-12-30,41.36174774169922
2023-01-03,41.52029800415039
2023-01-04,41.48065948486328
2023-01-05,41.183380126953125
2023-01-06,41.698665618896484
2023-01-09,41.787845611572266
2023-01-10,41.77793884277344
2023-01-11,41.80766677856445
2023-01-12,42.075218200683594
2023-01-13,42.075218200683594
2023-01-17,42.08512878417969
2023-01-18,42.075218200683594
2023-01-19,42.12476348876953
2023-01-20,42.29322814941406
2023-01-23,42.134674072265625
2023-01-24,41.74821090698242
2023-01-25,41.38156509399414
2023-01-26,41.54011154174805
2023-01-27,40.47980880737305
2023-01-30,40.41044235229492
2023-01-31,40.61854553222656
2023-02-01,39.805973052978516
2023-02-02,39.82579040527344
2023-02-03,39.69697189331055
2023-02-06,39.647422790527344
2023-02-07,39.57805633544922
2023-02-08,40.1627082824707
2023-02-09,39.905067443847656
2023-02-10,39.974430084228516
2023-02-13,39.706878662109375
2023-02-14,39.69697189331055
2023-02-15,40.113162994384766
2023-02-16,40.093345642089844
2023-02-17,39.954612731933594
2023-02-21,39.50869369506836
2023-02-22,38.97358322143555
2023-02-23,39.04295349121094
2023-02-24,38.63666534423828
2023-02-27,38.63666534423828
2023-02-28,38.44839096069336
2023-03-01,38.854671478271484
2023-03-02,38.993404388427734
2023-03-03,39.7266960144043
2023-03-06,39.82579040527344
2023-03-07,39.498779296875
2023-03-08,39.86542892456055
2023-03-09,39.23122787475586
2023-03-10,38.983497619628906
2023-03-13,38.36911392211914
2023-03-14,38.51775360107422
2023-03-15,37.69527816772461
2023-03-16,38.34929275512695
2023-03-17,38.032196044921875
2023-03-20,38.200653076171875
2023-03-21,38.279930114746094
2023-03-22,38.18083190917969
2023-03-23,38.36911392211914
2023-03-24,38.200653076171875
2023-03-27,38.299747467041016
2023-03-28,38.0520133972168
2023-03-29,38.30965805053711
2023-03-30,38.4880256652832
2023-03-31,39.00331497192383
2023-04-03,39.132137298583984
2023-04-04,39.24113845825195
2023-04-05,39.330322265625
2023-04-06,39.58796691894531
2023-04-10,39.56814956665039
2023-04-11,39.706878662109375
2023-04-12,39.83570098876953
2023-04-13,39.98434066772461
2023-04-14,39.79606628417969
2023-04-17,39.65733337402344
2023-04-18,39.57805633544922
2023-04-19,39.44923400878906
2023-04-20,39.498779296875
2023-04-21,39.51860427856445
2023-04-24,39.82579040527344
2023-04-25,39.647422790527344
2023-04-26,39.89515686035156
2023-04-27,40.38071823120117
2023-04-28,40.74736022949219
2023-05-01,40.74736022949219
2023-05-02,40.68790817260742
2023-05-03,40.549171447753906
2023-05-04,40.88609313964844
2023-05-05,41.02482604980469
2023-05-08,41.153648376464844
2023-05-09,41.09419631958008
2023-05-10,41.33201599121094
2023-05-11,41.08427810668945
2023-05-12,40.945552825927734
2023-05-15,41.282470703125
2023-05-16,40.91582489013672
2023-05-17,40.85636901855469
2023-05-18,40.559085845947266
2023-05-19,40.50954055786133
2023-05-22,40.88609313964844
2023-05-23,40.75727462768555
2023-05-24,40.81672668457031
2023-05-25,41.034732818603516
2023-05-26,41.63920974731445
2023-05-30,41.431114196777344
2023-05-31,41.322105407714844
2023-06-01,41.74821090698242
2023-06-02,41.8968505859375
2023-06-05,41.77793884277344
2023-06-06,41.87702941894531
2023-06-07,42.02595901489258
2023-06-08,41.926673889160156
2023-06-09,41.80753707885742
2023-06-12,41.976314544677734
2023-06-13,42.3337287902832
2023-06-14,42.472721099853516
2023-06-15,42.70106887817383
2023-06-16,42.82020950317383
2023-06-20,42.70106887817383
2023-06-21,42.77056884765625
2023-06-22,42.65142822265625
2023-06-23,42.27416229248047
2023-06-26,42.46279525756836
2023-06-27,42.71099853515625
2023-06-28,43.03862762451172
2023-06-29,43.02870178222656
2023-06-30,43.38611602783203
2023-07-03,43.47547149658203
2023-07-05,43.45561218261719
2023-07-06,43.2669792175293
2023-07-07,43.28683090209961
2023-07-10,43.34640121459961
2023-07-11,43.654178619384766
2023-07-12,43.94209289550781
2023-07-13,43.85273742675781
2023-07-14,43.94209289550781
2023-07-17,44.23994064331055
2023-07-18,44.21015167236328
2023-07-19,44.32929229736328
2023-07-20,44.230010986328125
2023-07-21,44.04137420654297
2023-07-24,44.21015167236328
2023-07-25,44.1902961730957
2023-07-26,44.35907745361328
2023-07-27,43.91230773925781
2023-07-28,44.18037033081055
2023-07-31,44.438499450683594
2023-08-01,44.1605110168457
2023-08-02,43.39604187011719
2023-08-03,43.28683090209961
2023-08-04,43.7137451171875
2023-08-07,43.87259292602539
2023-08-08,43.614463806152344
2023-08-09,43.6243896484375
2023-08-10,43.554893493652344
2023-08-11,43.30669021606445
2023-08-14,43.15776824951172
2023-08-15,42.919490814208984
2023-08-16,43.04855728149414
2023-08-17,42.889705657958984
2023-08-18,43.018775939941406
2023-08-21,43.28683090209961
2023-08-22,43.197479248046875
2023-08-23,43.87259292602539
2023-08-24,43.45561218261719
2023-08-25,43.445682525634766
2023-08-28,43.564823150634766
2023-08-29,43.87259292602539
2023-08-30,43.813026428222656
2023-08-31,43.654178619384766
2023-09-01,43.922237396240234
2023-09-05,44.03144454956055
2023-09-06,43.85273742675781
2023-09-07,44.230010986328125
2023-09-08,44.69663619995117
2023-09-11,45.13347244262695
2023-09-12,44.73634719848633
2023-09-13,44.785987854003906
2023-09-14,44.92498016357422
2023-09-15,44.79591369628906
2023-09-18,44.84555435180664
2023-09-19,44.67677688598633
2023-09-20,44.557640075683594
2023-09-21,44.13072967529297
2023-09-22,44.1605110168457
2023-09-25,44.3094367980957
2023-09-26,44.00166320800781
2023-09-27,44.26972198486328
2023-09-28,43.93216323852539
2023-09-29,43.902381896972656
2023-10-02,43.892452239990234
2023-10-03,43.63431930541992
2023-10-04,43.554893493652344
2023-10-05,43.842811584472656
2023-10-06,44.259796142578125
2023-10-09,43.7733154296875
2023-10-10,44.26972198486328
2023-10-11,44.35907745361328
2023-10-12,44.00166320800781
2023-10-13,44.140655517578125
2023-10-16,44.438499450683594
2023-10-17,44.448429107666016
2023-10-18,43.902381896972656
2023-10-19,44.011592864990234
2023-10-20,43.66410446166992
2023-10-23,43.30669021606445
2023-10-24,43.43575668334961
2023-10-25,42.93934631347656
2023-10-26,42.42308044433594
2023-10-27,42.65142822265625
2023-10-30,43.018775939941406
2023-10-31,42.929420471191406
2023-11-01,43.08827209472656
2023-11-02,43.51518249511719
2023-11-03,43.8328857421875
2023-11-06,43.87259292602539
2023-11-07,43.892452239990234
2023-11-08,44.011592864990234
2023-11-09,43.72367477416992
2023-11-10,44.170440673828125
2023-11-13,44.1009407043457
2023-11-14,44.75620651245117
2023-11-15,44.61720657348633
2023-11-16,44.65692138671875
2023-11-17,44.726417541503906
2023-11-20,44.726417541503906
2023-11-21,44.73634719848633
2023-11-22,44.88526916503906
2023-11-24,44.86540985107422
2023-11-27,44.76613235473633
2023-11-28,45.16326141357422
2023-11-29,45.30225372314453
2023-11-30,45.689453125
2023-12-01,46.06672286987305
2023-12-04,46.503562927246094
2023-12-05,46.93047332763672
2023-12-06,46.999969482421875
2023-12-07,47.11910629272461
2023-12-08,46.97018814086914
2023-12-11,47.21839141845703
2023-12-12,47.0396842956543
2023-12-13,47.615516662597656
2023-12-14,48.00271224975586
2023-12-15,47.95307540893555
2023-12-18,48.11192321777344
2023-12-19,48.370059967041016
2023-12-20,47.059539794921875
2023-12-21,47.81407928466797
2023-12-22,48.01264572143555
2023-12-26,48.18142318725586
2023-12-27,48.48919677734375
2023-12-28,48.667903900146484
2023-12-29,48.45941162109375
2024-01-02,48.32041549682617
2024-01-03,48.24099349975586
2024-01-04,48.65797424316406
2024-01-05,48.73740005493164
2024-01-08,48.73740005493164
2024-01-09,48.499122619628906
2024-01-10,48.79697036743164
2024-01-11,48.8366813659668
2024-01-12,49.60115051269531
2024-01-16,49.04517364501953
2024-01-17,48.479270935058594
2024-01-18,48.727474212646484
2024-01-19,49.23381042480469
2024-01-22,49.41251754760742
2024-01-23,48.330345153808594
2024-01-24,48.84661102294922
2024-01-25,48.75725555419922
2024-01-26,48.8366813659668
2024-01-29,49.62100601196289
2024-01-30,49.164310455322266
2024-01-31,49.531654357910156
2024-02-01,49.86921310424805
2024-02-02,50.01813507080078
2024-02-05,49.75007629394531
2024-02-06,50.415260314941406
2024-02-07,50.524471282958984
2024-02-08,50.137271881103516
2024-02-09,50.35569381713867
2024-02-12,49.91884994506836
2024-02-13,49.611080169677734
2024-02-14,50.44504928588867
2024-02-15,50.71310806274414
2024-02-16,50.832244873046875
2024-02-20,51.189659118652344
2024-02-21,50.8123893737793
2024-02-22,51.358436584472656
2024-02-23,51.42793273925781
2024-02-26,51.189659118652344
2024-02-27,51.259159088134766
2024-02-28,50.69325256347656
2024-02-29,50.79253387451172
2024-03-01,51.54707336425781
2024-03-04,51.53714370727539
2024-03-05,51.3485107421875
2024-03-06,51.73571014404297
2024-03-07,51.9144172668457
2024-03-08,51.90448760986328
2024-03-11,51.527217864990234
2024-03-12,51.3187255859375
2024-03-13,50.06777572631836
2024-03-14,50.34576416015625
2024-03-15,50.15713119506836
2024-03-18,50.335838317871094
2024-03-19,49.77985763549805
2024-03-20,50.05784606933594
2024-03-21,50.167057037353516
2024-03-22,50.12734603881836
2024-03-25,50.17698669433594
2024-03-26,50.39540481567383
2024-03-27,50.7230339050293
2024-03-28,51.219444274902344
2024-04-01,51.12016296386719
2024-04-02,51.199588775634766
2024-04-03,51.30879592895508
2024-04-04,51.199588775634766
2024-04-05,51.64635467529297
2024-04-08,52.00376892089844
2024-04-09,52.043479919433594
2024-04-10,51.84492111206055
2024-04-11,51.97398376464844
2024-04-12,51.298866271972656
2024-04-15,50.89181137084961
2024-04-16,50.7826042175293
2024-04-17,50.60389709472656
2024-04-18,50.70317840576172
2024-04-19,50.96131134033203
2024-04-22,51.51728820800781
2024-04-23,51.63642501831055
2024-04-24,51.63642501831055
2024-04-25,51.9144172668457
2024-04-26,51.94419860839844
2024-04-29,52.15269088745117
2024-04-30,51.97398376464844
2024-05-01,52.03355407714844
2024-05-02,52.59946060180664
2024-05-03,52.351253509521484
2024-05-06,51.993839263916016
2024-05-07,51.53714370727539
2024-05-08,51.64635467529297
2024-05-09,51.199588775634766
2024-05-10,51.00102233886719
2024-05-13,51.3485107421875
2024-05-14,51.775421142578125
2024-05-15,51.954132080078125
2024-05-16,52.15269088745117
2024-05-17,52.58953094482422
2024-05-20,52.73845291137695
2024-05-21,52.82780838012695
2024-05-22,52.90723419189453
2024-05-23,53.423500061035156
2024-05-24,53.6816291809082
2024-05-28,53.175296783447266
2024-05-29,52.89730453491211
2024-05-30,52.64909744262695
2024-05-31,52.629241943359375
2024-06-03,54.40638732910156
2024-06-04,51.09037780761719
2024-06-05,52.73845291137695
2024-06-06,52.97673034667969
2024-06-07,53.60220718383789
2024-06-10,53.76105880737305
2024-06-11,53.87026596069336
2024-06-12,54.277320861816406
2024-06-13,54.207820892333984
2024-06-14,54.77372741699219
2024-06-17,54.853153228759766
2024-06-18,55.11128616333008
2024-06-20,54.5553092956543
2024-06-21,54.297176361083984
2024-06-24,54.73401641845703
2024-06-25,54.78365707397461
2024-06-26,54.82337188720703
2024-06-27,55.39920425415039
2024-06-28,55.37934494018555
2024-07-01,55.77647399902344
2024-07-02,55.766544342041016
2024-07-03,56.00482177734375
2024-07-05,56.253028869628906
2024-07-08,56.223243713378906
2024-07-09,56.4416618347168
2024-07-10,56.332454681396484
2024-07-11,56.48137283325195
2024-07-12,56.66008377075195
2024-07-15,56.74943542480469
2024-07-16,56.947998046875
2024-07-17,56.67993927001953
2024-07-18,56.73950958251953
2024-07-19,55.77647399902344
2024-07-22,56.223243713378906
2024-07-23,55.34956359863281
2024-07-24,55.0616455078125
2024-07-25,55.36941909790039
2024-07-26,56.4118766784668
2024-07-29,56.43173599243164
2024-07-30,56.45159149169922
2024-07-31,57.007568359375
2024-08-01,56.38209533691406
2024-08-02,55.855899810791016
2024-08-05,54.46595764160156
2024-08-06,54.67444610595703
2024-08-07,54.86308288574219
2024-08-08,55.36941909790039
2024-08-09,55.389278411865234
2024-08-12,55.270137786865234
2024-08-13,55.131141662597656
2024-08-14,54.9722900390625
2024-08-15,55.46870040893555
2024-08-16,55.965110778808594
2024-08-19,56.084251403808594
2024-08-20,56.183528900146484
2024-08-21,56.51115798950195
2024-08-22,56.37216567993164
2024-08-23,56.670013427734375
2024-08-26,56.77922058105469
2024-08-27,56.759361267089844
2024-08-28,56.73950958251953
2024-08-29,56.858646392822266
2024-08-30,57.305416107177734
2024-09-03,56.86857223510742
2024-09-04,57.136634826660156
2024-09-05,56.828861236572266
2024-09-06,56.104103088378906
2024-09-09,56.54094314575195
2024-09-10,56.63029861450195
2024-09-11,56.71965408325195
2024-09-12,57.345123291015625
2024-09-13,57.434478759765625
2024-09-16,57.71247100830078
2024-09-17,57.5436897277832
2024-09-18,57.245845794677734
2024-09-19,57.69261169433594
2024-09-20,58.31808853149414
2024-09-23,58.735069274902344
2024-09-24,58.467010498046875
2024-09-25,58.51665115356445
2024-09-26,58.774784088134766
2024-09-27,58.70528793334961
2024-09-30,58.10959243774414
2024-10-01,57.76211166381836
2024-10-02,57.59333038330078
2024-10-03,56.918216705322266
2024-10-04,56.68986511230469
2024-10-07,55.66726303100586
2024-10-08,56.670013427734375
2024-10-09,56.92814254760742
2024-10-10,56.68986511230469
2024-10-11,56.77922058105469
2024-10-14,56.908287048339844
2024-10-15,56.59058380126953
2024-10-16,56.64022445678711
2024-10-17,55.935325622558594
2024-10-18,56.15374755859375
2024-10-21,55.77647399902344
2024-10-22,55.190711975097656
2024-10-23,55.0616455078125
2024-10-24,55.01200485229492
2024-10-25,54.31703186035156
2024-10-28,54.77372741699219
2024-10-29,54.84322738647461
2024-10-30,54.59502410888672
2024-10-31,54.42624282836914
2024-11-01,54.46595764160156
2024-11-04,53.909976959228516
2024-11-05,54.356746673583984
2024-11-06,54.74394607543945
2024-11-07,54.545379638671875
2024-11-08,53.969547271728516
2024-11-11,54.14825439453125
2024-11-12,53.423500061035156
2024-11-13,52.88737869262695
2024-11-14,53.01644515991211
2024-11-15,52.6391716003418
2024-11-18,52.88737869262695
2024-11-19,53.18522262573242
2024-11-20,53.24479293823242
2024-11-21,52.80794906616211
2024-11-22,53.84048080444336
2024-11-25,54.48581314086914
2024-11-26,54.31703186035156
2024-11-27,54.4957389831543
2024-11-29,54.38652801513672
2024-12-02,54.47588348388672
2024-12-03,54.68437957763672
2024-12-04,54.77372741699219
2024-12-05,55.37934494018555
2024-12-06,55.270137786865234
2024-12-09,55.1510009765625
2024-12-10,55.11128616333008
2024-12-11,55.31977844238281
2024-12-12,54.902793884277344
2024-12-13,55.16093063354492
2024-12-16,55.1510009765625
2024-12-17,54.56999969482422
2024-12-18,53.59000015258789
2024-12-19,53.77000045776367
2024-12-20,53.41999816894531
2024-12-23,53.27000045776367
2024-12-24,53.38999938964844
2024-12-26,53.25
2024-12-27,53.099998474121094
2024-12-30,52.650001525878906
2024-12-31,52.63999938964844
2025-01-02,53.400001525878906
2025-01-03,53.369998931884766
2025-01-06,52.63999938964844
2025-01-07,52.43000030517578
2025-01-08,52.33000183105469
2025-01-10,51.209999084472656
2025-01-13,50.650001525878906
2025-01-14,50.93000030517578
2025-01-15,51.279998779296875
2025-01-16,51.04999923706055
2025-01-17,51.18000030517578
2025-01-21,50.83000183105469
2025-01-22,50.619998931884766
2025-01-23,51.09000015258789
2025-01-24,50.68000030517578
2025-01-27,50.09000015258789
2025-01-28,50.16999816894531
2025-01-29,50.52000045776367
2025-01-30,50.95000076293945
2025-01-31,50.9900016784668
2025-02-03,50.900001525878906
2025-02-04,51.43000030517578
2025-02-05,51.279998779296875
2025-02-06,50.849998474121094
2025-02-07,50.5
2025-02-10,50.58000183105469
2025-02-11,50.13999938964844
2025-02-12,49.79999923706055
2025-02-13,50.38999938964844
2025-02-14,49.59000015258789
2025-02-18,49.58000183105469
2025-02-19,49.7599983215332
2025-02-20,50.08000183105469
2025-02-21,49.29999923706055
2025-02-24,49.2599983215332
2025-02-25,49.25
2025-02-26,49.02000045776367
2025-02-27,48.54999923706055
2025-02-28,48.099998474121094
2025-03-03,47.79999923706055
2025-03-04,47.849998474121094
2025-03-05,48.93000030517578
2025-03-06,48.939998626708984
2025-03-07,49.08000183105469
2025-03-10,48.36000061035156
2025-03-11,48.65999984741211
2025-03-12,48.72999954223633
2025-03-13,48.5099983215332
2025-03-14,48.90999984741211
2025-03-17,49.439998626708984
2025-03-18,49.880001068115234
2025-03-19,50.61000061035156
2025-03-20,50.7599983215332
2025-03-21,51.470001220703125
2025-03-24,52.119998931884766
2025-03-25,52.040000915527344
2025-03-26,51.400001525878906
2025-03-27,51.790000915527344
2025-03-28,51.279998779296875
2025-03-31,51.47999954223633
2025-04-01,51.04999923706055
2025-04-02,51.560001373291016
2025-04-03,51.18000030517578
2025-04-04,49.189998626708984
2025-04-07,49.130001068115234
2025-04-08,49.15999984741211
2025-04-09,51.220001220703125
2025-04-10,50.52000045776367
2025-04-11,50.7599983215332
2025-04-14,51.029998779296875
2025-04-15,51.130001068115234
2025-04-16,51.130001068115234
2025-04-17,52.2599983215332
2025-04-21,53.0
2025-04-22,53.5
2025-04-23,53.18000030517578
2025-04-24,53.7400016784668
2025-04-25,52.849998474121094
2025-04-28,53.290000915527344
2025-04-29,53.540000915527344
2025-04-30,53.56999969482422
2025-05-01,53.540000915527344
2025-05-02,53.90999984741211
2025-05-05,54.31999969482422
2025-05-06,53.68000030517578
2025-05-07,53.220001220703125
2025-05-08,51.540000915527344
2025-05-09,52.38999938964844
2025-05-12,54.31999969482422
2025-05-13,54.0099983215332
2025-05-14,53.970001220703125
2025-05-15,54.77000045776367
2025-05-16,54.65999984741211
2025-05-19,54.779998779296875
2025-05-20,54.06999969482422
2025-05-21,54.029998779296875
2025-05-22,53.790000915527344
2025-05-23,54.58000183105469
2025-05-27,54.529998779296875
2025-05-28,54.290000915527344
2025-05-29,54.59000015258789
2025-05-30,54.310001373291016
2025-06-02,54.540000915527344
2025-06-03,53.959999084472656
2025-06-04,53.91999816894531
2025-06-05,54.18000030517578
2025-06-06,54.90999984741211
2025-06-09,55.2400016784668
2025-06-10,55.2599983215332
2025-06-11,55.33000183105469
2025-06-12,54.79999923706055
2025-06-13,54.040000915527344
2025-06-16,54.560001373291016
2025-06-17,53.83000183105469
2025-06-18,53.790000915527344
2025-06-20,53.900001525878906
2025-06-23,54.310001373291016
2025-06-24,54.79999923706055
2025-06-25,55.0
2025-06-26,55.709999084472656
2025-06-27,55.86000061035156
2025-06-30,55.68000030517578
2025-07-01,55.84000015258789
2025-07-02,55.599998474121094
2025-07-03,55.790000915527344
2025-07-07,55.36000061035156
2025-07-08,55.689998626708984
2025-07-09,55.65999984741211
2025-07-10,55.27000045776367
2025-07-11,54.880001068115234
2025-07-14,54.91999816894531
2025-07-15,54.880001068115234
2025-07-16,55.27000045776367
2025-07-17,55.0099983215332
2025-07-18,54.5
2025-07-21,54.75
2025-07-22,54.61000061035156
2025-07-23,54.72999954223633
2025-07-24,54.060001373291016
2025-07-25,53.79999923706055
2025-07-28,53.22999954223633
2025-07-29,53.4900016784668
2025-07-30,52.70000076293945
2025-07-31,52.63999938964844
2025-08-01,52.720001220703125
2025-08-04,52.47999954223633
2025-08-05,52.40999984741211
2025-08-06,52.2599983215332
2025-08-07,52.529998779296875
2025-08-08,52.119998931884766
2025-08-11,52.27000045776367
2025-08-12,52.470001220703125
2025-08-13,52.709999084472656
2025-08-14,52.40999984741211
2025-08-15,52.709999084472656
2025-08-18,53.5
2025-08-19,53.650001525878906
2025-08-20,53.79999923706055
2025-08-21,53.56999969482422
2025-08-22,53.58000183105469
2025-08-25,53.22999954223633
2025-08-26,52.54999923706055
2025-08-27,52.68000030517578
2025-08-28,52.540000915527344
2025-08-29,51.97999954223633
2025-09-02,52.349998474121094
2025-09-03,52.619998931884766
2025-09-04,52.59000015258789
2025-09-05,52.47999954223633
2025-09-08,52.88999938964844
2025-09-09,52.709999084472656
2025-09-10,53.15999984741211
2025-09-11,53.2400016784668
2025-09-12,53.150001525878906
2025-09-15,53.43000030517578
2025-09-16,53.869998931884766
2025-09-17,54.02000045776367
2025-09-18,53.7400016784668
2025-09-19,53.939998626708984
2025-09-22,53.5
2025-09-23,53.060001373291016
2025-09-24,52.7400016784668
2025-09-25,52.4900016784668
2025-09-26,52.25
2025-09-29,52.15999984741211
2025-09-30,52.060001373291016
2025-10-01,52.38999938964844
2025-10-02,52.29999923706055
2025-10-03,52.45000076293945
2025-10-06,52.7599983215332
2025-10-07,52.880001068115234
2025-10-08,52.630001068115234
2025-10-09,52.810001373291016
2025-10-10,52.77000045776367
2025-10-13,52.970001220703125
2025-10-14,52.779998779296875
2025-10-15,53.7599983215332
2025-10-16,54.06999969482422
2025-10-17,54.45000076293945
2025-10-20,54.7400016784668
2025-10-21,54.47999954223633
2025-10-22,55.290000915527344
2025-10-23,54.7599983215332
2025-10-24,54.5099983215332
2025-10-27,54.720001220703125
2025-10-28,54.540000915527344
2025-10-29,54.61000061035156
2025-10-30,54.27000045776367
2025-10-31,53.970001220703125
2025-11-03,54.2400016784668
2025-11-04,54.02000045776367
2025-11-05,54.29999923706055
2025-11-06,53.619998931884766
2025-11-07,53.75
2025-11-10,54.150001525878906
2025-11-11,54.7400016784668
2025-11-12,54.560001373291016
2025-11-13,54.20000076293945
2025-11-14,54.619998931884766
2025-11-17,54.650001525878906
2025-11-18,54.61000061035156
2025-11-19,54.83000183105469
2025-11-20,54.720001220703125
2025-11-21,54.209999084472656
2025-11-24,54.220001220703125
2025-11-25,54.279998779296875
2025-11-26,54.66999816894531
2025-11-28,54.709999084472656
2025-12-01,54.33000183105469
2025-12-02,53.880001068115234
2025-12-03,53.40999984741211
2025-12-04,53.7599983215332
2025-12-05,53.970001220703125
2025-12-08,53.08000183105469
2025-12-09,53.27000045776367
2025-12-10,53.36000061035156
2025-12-11,53.56999969482422
2025-12-12,53.13999938964844
2025-12-15,53.099998474121094
2025-12-16,52.95000076293945
2025-12-17,52.970001220703125
2025-12-18,53.279998779296875
2025-12-19,54.150001525878906
2025-12-22,54.189998626708984
2025-12-23,54.470001220703125
2025-12-24,54.0099983215332
2025-12-26,53.84000015258789
2025-12-29,53.470001220703125
2025-12-30,53.63999938964844
2025-12-31,54.04999923706055
2026-01-02,54.560001373291016
2026-01-05,54.290000915527344
2026-01-06,54.08000183105469
2026-01-07,54.20000076293945
2026-01-08,53.720001220703125
2026-01-09,53.18000030517578
2026-01-12,53.400001525878906
2026-01-13,53.040000915527344
2026-01-14,53.25
2026-01-15,53.220001220703125
2026-01-16,52.849998474121094
2026-01-20,51.72999954223633
2026-01-21,51.54999923706055
2026-01-22,51.79999923706055
2026-01-23,51.2400016784668
2026-01-26,51.439998626708984
2026-01-27,51.689998626708984
2026-01-28,51.4900016784668
2026-01-29,51.61000061035156
2026-01-30,51.7400016784668
2026-02-02,53.279998779296875
2026-02-03,53.150001525878906
2026-02-04,53.439998626708984
2026-02-05,52.95000076293945
2026-02-06,53.279998779296875
2026-02-09,53.439998626708984
2026-02-10,53.7400016784668
2026-02-11,53.529998779296875
2026-02-12,53.11000061035156
2026-02-13,52.88999938964844
2026-02-17,53.27000045776367
2026-02-18,53.31999969482422
2026-02-19,52.29999923706055
2026-02-20,53.41999816894531
2026-02-23,52.61000061035156
2026-02-24,52.66999816894531
2026-02-25,52.7400016784668
2026-02-26,52.58000183105469
2026-02-27,52.27000045776367
2026-03-02,50.95000076293945
2026-03-03,50.220001220703125
2026-03-04,50.27000045776367
2026-03-05,50.369998931884766
2026-03-06,49.9900016784668
2026-03-09,49.97999954223633
2026-03-10,49.93000030517578
2026-03-11,49.27000045776367
2026-03-12,48.52000045776367
2026-03-13,48.060001373291016
2026-03-16,48.560001373291016
2026-03-17,48.52000045776367
2026-03-18,47.720001220703125
2026-03-19,47.52000045776367
2026-03-20,46.59000015258789
2026-03-23,47.630001068115234
2026-03-24,46.38999938964844
2026-03-25,47.41999816894531
2026-03-26,46.61000061035156
2026-03-27,45.81999969482422
2026-03-30,45.41999816894531
2026-03-31,46.84000015258789
2026-04-01,46.709999084472656
2026-04-02,46.650001525878906
2026-04-06,47.25
2026-04-07,47.36000061035156
2026-04-08,49.27000045776367
2026-04-09,49.06999969482422
2026-04-10,49.34000015258789
2026-04-13,49.349998474121094
2026-04-14,49.70000076293945
2026-04-15,49.97999954223633
2026-04-16,50.0
2026-04-17,51.279998779296875
2026-04-20,50.529998779296875
2026-04-21,49.79999923706055
2026-04-22,49.97999954223633
2026-04-23,49.40999984741211
2026-04-24,49.58000183105469
2026-04-27,49.380001068115234
2026-04-28,49.22999954223633
2026-04-29,49.029998779296875
2026-04-30,49.41999816894531
2026-05-01,49.119998931884766
2026-05-04,48.630001068115234
2026-05-05,49.15999984741211
2026-05-06,50.029998779296875
2026-05-07,49.81999969482422
2026-05-08,49.84000015258789
2026-05-11,48.41999816894531
2026-05-12,47.52000045776367
2026-05-13,47.97999954223633
2026-05-14,48.36000061035156
2026-05-15,47.9900016784668
2026-05-18,47.84000015258789
2026-05-19,47.27000045776367
2026-05-20,48.02000045776367
2026-05-21,48.029998779296875
2026-05-22,48.38999938964844
2026-05-26,48.54999923706055
2026-05-27,48.54999923706055
2026-05-28,48.689998626708984
2026-05-29,48.560001373291016
2026-06-01,47.9900016784668
2026-06-02,48.029998779296875
2026-06-03,47.36000061035156
2026-06-04,48.02000045776367
2026-06-05,47.34000015258789
2026-06-08,47.209999084472656
2026-06-09,47.540000915527344
2026-06-10,47.29999923706055
2026-06-11,47.790000915527344
2026-06-12,48.33000183105469
2026-06-15,49.2599983215332
2026-06-16,49.40999984741211
2026-06-17,49.060001373291016
2026-06-18,49.58000183105469
2026-06-22,49.91999816894531
2026-06-23,49.06999969482422
2026-06-24,49.630001068115234
2026-06-25,49.43000030517578
2026-06-26,49.560001373291016
2026-06-29,49.18000030517578
2026-06-30,49.38999938964844
2026-07-01,49.209999084472656
2026-07-02,49.560001373291016
2026-07-06,49.880001068115234
2026-07-07,49.33000183105469
2026-07-08,48.650001525878906
2026-07-09,49.02000045776367
2026-07-10,49.29999923706055
2026-07-13,48.790000915527344
2026-07-14,48.72999954223633
2026-07-15,48.720001220703125
2026-07-16,48.689998626708984
2026-07-17,48.90999984741211
2026-07-20,48.54999923706055
2026-07-21,48.779998779296875
2026-07-22,48.220001220703125
2026-07-23,47.630001068115234
2026-07-24,48.02000045776367
2026-07-27,48.88999938964844
2026-07-28,49.380001068115234
2026-07-29,49.16999816894531
2026-07-30,49.70000076293945
2026-07-31,49.79999923706055
2026-08-03,50.15999984741211
2026-08-04,50.529998779296875
2026-08-05,50.310001373291016
2026-08-06,50.119998931884766
2026-08-07,50.369998931884766
2026-08-10,50.13999938964844
2026-08-11,50.09000015258789
2026-08-12,49.95000076293945
2026-08-13,49.97999954223633
2026-08-14,49.779998779296875
2026-08-17,49.58000183105469
2026-08-18,49.380001068115234
2026-08-19,49.540000915527344
2026-08-20,49.54999923706055
2026-08-21,49.63999938964844
2026-08-24,49.349998474121094
2026-08-25,50.22999954223633
2026-08-26,49.75
2026-08-27,49.529998779296875
2026-08-28,49.560001373291016
2026-08-31,49.70000076293945
2026-09-01,49.58000183105469
2026-09-02,49.970001220703125
2026-09-03,49.91999816894531
2026-09-04,49.90999984741211
2026-09-08,49.09000015258789
2026-09-09,48.66999816894531
2026-09-10,48.11000061035156
2026-09-11,48.56999969482422
2026-09-14,48.43000030517578
2026-09-15,47.59000015258789
2026-09-16,47.459999084472656
2026-09-17,48.0099983215332
2026-09-18,48.02000045776367
2026-09-21,48.5
2026-09-22,48.290000915527344
2026-09-23,48.04999923706055
2026-09-24,47.560001373291016
2026-09-25,47.86000061035156
2026-09-28,47.09000015258789
2026-09-29,46.939998626708984
2026-09-30,46.68000030517578
2026-10-01,46.36000061035156
2026-10-02,46.52000045776367
2026-10-05,46.56999969482422
2026-10-06,46.72999954223633
2026-10-07,46.11000061035156
