date,adjclose
2011-10-10,16.37466049194336
2011-10-11,16.043357849121094
2011-10-12,16.283550262451172
2011-10-13,16.142745971679688
2011-10-14,16.341527938842773
2011-10-17,15.98537826538086
2011-10-18,16.076486587524414
2011-10-19,15.529836654663086
2011-10-20,14.966620445251465
2011-10-21,15.513273239135742
2011-10-24,16.192441940307617
2011-10-25,15.977096557617188
2011-10-26,16.233854293823242
2011-10-27,16.87161636352539
2011-10-28,17.012420654296875
2011-10-31,16.647985458374023
2011-11-01,16.043357849121094
2011-11-02,16.283550262451172
2011-11-03,16.43263816833496
2011-11-04,16.341527938842773
2011-11-07,16.44091796875
2011-11-08,16.465768814086914
2011-11-09,15.943964958190918
2011-11-10,15.852856636047363
2011-11-11,16.192441940307617
2011-11-14,16.266986846923828
2011-11-15,16.117900848388672
2011-11-16,16.151029586791992
2011-11-17,15.70376968383789
2011-11-18,15.993659019470215
2011-11-21,15.695489883422852
2011-11-22,15.720335960388184
2011-11-23,15.413881301879883
2011-11-25,15.347620010375977
2011-11-28,15.662359237670898
2011-11-29,15.70376968383789
2011-11-30,16.540311813354492
2011-12-01,16.416072845458984
2011-12-02,16.56515884399414
2011-12-05,16.37466049194336
2011-12-06,16.498897552490234
2011-12-07,16.341527938842773
2011-12-08,16.001943588256836
2011-12-09,16.258703231811523
2011-12-12,15.828009605407715
2011-12-13,15.455293655395508
2011-12-14,15.02459716796875
2011-12-15,15.05772876739502
2011-12-16,15.39731502532959
2011-12-19,15.016317367553711
2011-12-20,15.39731502532959
2011-12-21,15.389033317565918
2011-12-22,15.480141639709473
2011-12-23,15.513273239135742
2011-12-27,15.331055641174316
2011-12-28,15.13227367401123
2011-12-29,15.297922134399414
2011-12-30,15.447010040283203
2012-01-03,15.78659439086914
2012-01-04,15.604379653930664
2012-01-05,15.43044376373291
2012-01-06,15.554683685302734
2012-01-09,15.712052345275879
2012-01-10,16.134462356567383
2012-01-11,16.308399200439453
2012-01-12,16.44091796875
2012-01-13,16.407787322998047
2012-01-17,16.84676742553711
2012-01-18,16.971006393432617
2012-01-19,17.144941329956055
2012-01-20,16.921310424804688
2012-01-23,17.144941329956055
2012-01-24,17.484525680541992
2012-01-25,17.66674041748047
2012-01-26,17.782697677612305
2012-01-27,17.699872970581055
2012-01-30,17.534223556518555
2012-01-31,17.318872451782227
2012-02-01,17.40998077392578
2012-02-02,17.161502838134766
2012-02-03,17.600482940673828
2012-02-06,17.40169906616211
2012-02-07,17.393417358398438
2012-02-08,17.50937271118164
2012-02-09,17.74956703186035
2012-02-10,17.277462005615234
2012-02-13,17.136655807495117
2012-02-14,17.08696174621582
2012-02-15,16.90474510192871
2012-02-16,16.855051040649414
2012-02-17,16.490615844726562
2012-02-21,17.136655807495117
2012-02-22,17.178070068359375
2012-02-23,17.161502838134766
2012-02-24,17.467960357666016
2012-02-27,17.443111419677734
2012-02-28,17.650175094604492
2012-02-29,17.492809295654297
2012-03-01,17.782697677612305
2012-03-02,17.658458709716797
2012-03-05,17.434829711914062
2012-03-06,16.838485717773438
2012-03-07,16.888179779052734
2012-03-08,17.045547485351562
2012-03-09,17.16978645324707
2012-03-12,17.161502838134766
2012-03-13,17.45139503479004
2012-03-14,17.153221130371094
2012-03-15,17.393417358398438
2012-03-16,17.294025421142578
2012-03-19,17.343721389770508
2012-03-20,17.06211280822754
2012-03-21,16.91302490234375
2012-03-22,16.63970184326172
2012-03-23,16.763940811157227
2012-03-26,16.979290008544922
2012-03-27,16.95444107055664
2012-03-28,16.705963134765625
2012-03-29,16.672832489013672
2012-03-30,16.63970184326172
2012-04-02,16.81363296508789
2012-04-03,16.705963134765625
2012-04-04,16.416072845458984
2012-04-05,16.515464782714844
2012-04-09,16.291831970214844
2012-04-10,16.151029586791992
2012-04-11,16.233854293823242
2012-04-12,16.48233413696289
2012-04-13,16.109619140625
2012-04-16,16.20901107788086
2012-04-17,16.175878524780273
2012-04-18,16.08477020263672
2012-04-19,16.142745971679688
2012-04-20,16.316682815551758
2012-04-23,16.151029586791992
2012-04-24,16.24213981628418
2012-04-25,16.32496452331543
2012-04-26,16.540311813354492
2012-04-27,16.581724166870117
2012-04-30,16.69767951965332
2012-05-01,16.68939781188965
2012-05-02,16.48233413696289
2012-05-03,16.291831970214844
2012-05-04,16.20901107788086
2012-05-07,16.316682815551758
2012-05-08,16.09305191040039
2012-05-09,15.943964958190918
2012-05-10,15.952248573303223
2012-05-11,15.861140251159668
2012-05-14,15.513273239135742
2012-05-15,15.513273239135742
2012-05-16,15.488425254821777
2012-05-17,15.471858024597168
2012-05-18,15.422164916992188
2012-05-21,15.695489883422852
2012-05-22,15.405594825744629
2012-05-23,15.314488410949707
2012-05-24,15.314488410949707
2012-05-25,15.38075065612793
2012-05-29,15.471858024597168
2012-05-30,15.223380088806152
2012-05-31,15.148837089538574
2012-06-01,15.032881736755371
2012-06-04,15.082574844360352
2012-06-05,15.032881736755371
2012-06-06,15.181968688964844
2012-06-07,15.148837089538574
2012-06-08,15.032881736755371
2012-06-11,15.016317367553711
2012-06-12,15.066014289855957
2012-06-13,14.916925430297852
2012-06-14,15.066014289855957
2012-06-15,15.148837089538574
2012-06-18,15.032881736755371
2012-06-19,15.123991012573242
2012-06-20,14.850666999816895
2012-06-21,14.53592586517334
2012-06-22,14.618751525878906
2012-06-25,14.643601417541504
2012-06-26,14.45310115814209
2012-06-27,14.502798080444336
2012-06-28,14.48623275756836
2012-06-29,15.157119750976562
2012-07-02,15.041163444519043
2012-07-03,15.413881301879883
2012-07-05,15.099142074584961
2012-07-06,14.817532539367676
2012-07-09,14.974902153015137
2012-07-10,14.784403800964355
2012-07-11,14.834100723266602
2012-07-12,14.800971031188965
2012-07-13,15.016317367553711
2012-07-16,15.099142074584961
2012-07-17,14.983185768127441
2012-07-18,14.991469383239746
2012-07-19,15.231663703918457
2012-07-20,14.809252738952637
2012-07-23,14.585622787475586
2012-07-24,14.544209480285645
2012-07-25,14.59390640258789
2012-07-26,14.635316848754883
2012-07-27,14.875510215759277
2012-07-30,14.875510215759277
2012-07-31,14.809252738952637
2012-08-01,14.48623275756836
2012-08-02,14.312297821044922
2012-08-03,14.569056510925293
2012-08-06,14.701580047607422
2012-08-07,14.834100723266602
2012-08-08,14.809252738952637
2012-08-09,14.800971031188965
2012-08-10,14.685014724731445
2012-08-13,14.511079788208008
2012-08-14,14.494514465332031
2012-08-15,14.395121574401855
2012-08-16,14.461381912231445
2012-08-17,14.519362449645996
2012-08-20,14.411687850952148
2012-08-21,14.59390640258789
2012-08-22,14.79268741607666
2012-08-23,14.817532539367676
2012-08-24,14.99975299835205
2012-08-27,14.991469383239746
2012-08-28,14.892077445983887
2012-08-29,14.734709739685059
2012-08-30,14.701580047607422
2012-08-31,14.79268741607666
2012-09-04,14.99975299835205
2012-09-05,15.190250396728516
2012-09-06,15.215100288391113
2012-09-07,15.70376968383789
2012-09-10,15.960530281066895
2012-09-11,16.010229110717773
2012-09-12,16.03507423400879
2012-09-13,16.333248138427734
2012-09-14,16.77222442626953
2012-09-17,16.416072845458984
2012-09-18,16.598291397094727
2012-09-19,16.672832489013672
2012-09-20,16.490615844726562
2012-09-21,16.490615844726562
2012-09-24,16.341527938842773
2012-09-25,16.43263816833496
2012-09-26,16.233854293823242
2012-09-27,16.382944107055664
2012-09-28,16.399503707885742
2012-10-01,16.498897552490234
2012-10-02,16.48233413696289
2012-10-03,16.30011558532715
2012-10-04,16.407787322998047
2012-10-05,16.316682815551758
2012-10-08,16.134462356567383
2012-10-09,15.952248573303223
2012-10-10,15.736900329589844
2012-10-11,15.803163528442383
2012-10-12,15.513273239135742
2012-10-15,15.463574409484863
2012-10-16,15.364185333251953
2012-10-17,15.562968254089355
2012-10-18,15.5795316696167
2012-10-19,15.264793395996094
2012-10-22,15.140555381774902
2012-10-23,14.99975299835205
2012-10-24,14.991469383239746
2012-10-25,14.958340644836426
2012-10-26,14.875510215759277
2012-10-31,14.817532539367676
2012-11-01,15.05772876739502
2012-11-02,14.850666999816895
2012-11-05,14.817532539367676
2012-11-06,15.008035659790039
2012-11-07,14.875510215759277
2012-11-08,14.99975299835205
2012-11-09,14.892077445983887
2012-11-12,15.05772876739502
2012-11-13,15.107425689697266
2012-11-14,15.032881736755371
2012-11-15,15.107425689697266
2012-11-16,14.991469383239746
2012-11-19,15.231663703918457
2012-11-20,15.140555381774902
2012-11-21,15.008035659790039
2012-11-23,15.256511688232422
2012-11-26,15.38075065612793
2012-11-27,15.413881301879883
2012-11-28,15.413881301879883
2012-11-29,15.68720817565918
2012-11-30,15.927400588989258
2012-12-03,16.001943588256836
2012-12-04,15.869422912597656
2012-12-05,15.919116973876953
2012-12-06,15.83629322052002
2012-12-07,15.861140251159668
2012-12-10,16.109619140625
2012-12-11,16.059921264648438
2012-12-12,16.20072364807129
2012-12-13,16.08477020263672
2012-12-14,16.101337432861328
2012-12-17,16.059921264648438
2012-12-18,15.968814849853516
2012-12-19,15.910834312438965
2012-12-20,15.68720817565918
2012-12-21,15.83629322052002
2012-12-24,15.75346851348877
2012-12-26,15.902552604675293
2012-12-27,15.894272804260254
2012-12-28,15.75346851348877
2012-12-31,15.968814849853516
2013-01-02,16.407787322998047
2013-01-03,16.001943588256836
2013-01-04,15.83629322052002
2013-01-07,15.745184898376465
2013-01-08,15.77003288269043
2013-01-09,15.712052345275879
2013-01-10,15.952248573303223
2013-01-11,15.778312683105469
2013-01-14,15.58781623840332
2013-01-15,15.538119316101074
2013-01-16,15.513273239135742
2013-01-17,15.546401977539062
2013-01-18,15.670639991760254
2013-01-22,15.81972599029541
2013-01-23,15.852856636047363
2013-01-24,15.844573974609375
2013-01-25,15.720335960388184
2013-01-28,15.736900329589844
2013-01-29,15.828009605407715
2013-01-30,16.159313201904297
2013-01-31,16.109619140625
2013-02-01,16.30011558532715
2013-02-04,16.25042152404785
2013-02-05,16.266986846923828
2013-02-06,16.192441940307617
2013-02-07,16.109619140625
2013-02-08,16.32496452331543
2013-02-11,16.175878524780273
2013-02-12,16.258703231811523
2013-02-13,16.32496452331543
2013-02-14,16.349811553955078
2013-02-15,16.341527938842773
2013-02-19,16.010229110717773
2013-02-20,15.83629322052002
2013-02-21,15.654074668884277
2013-02-22,15.480141639709473
2013-02-25,15.43044376373291
2013-02-26,15.554683685302734
2013-02-27,15.43044376373291
2013-02-28,15.322772026062012
2013-03-01,15.05772876739502
2013-03-04,15.115707397460938
2013-03-05,15.099142074584961
2013-03-06,14.983185768127441
2013-03-07,15.066014289855957
2013-03-08,14.983185768127441
2013-03-11,14.941774368286133
2013-03-12,15.13227367401123
2013-03-13,14.991469383239746
2013-03-14,15.016317367553711
2013-03-15,14.90864372253418
2013-03-18,14.602187156677246
2013-03-19,14.59390640258789
2013-03-20,14.701580047607422
2013-03-21,14.685014724731445
2013-03-22,14.850666999816895
2013-03-25,14.751276016235352
2013-03-26,14.651885986328125
2013-03-27,14.726426124572754
2013-03-28,14.527644157409668
2013-04-01,14.370277404785156
2013-04-02,14.33714485168457
2013-04-03,14.279166221618652
2013-04-04,14.411687850952148
2013-04-05,14.361991882324219
2013-04-08,14.444819450378418
2013-04-09,14.685014724731445
2013-04-10,14.569056510925293
2013-04-11,14.519362449645996
2013-04-12,14.16321086883545
2013-04-15,14.138361930847168
2013-04-16,14.40340518951416
2013-04-17,14.030689239501953
2013-04-18,14.188057899475098
2013-04-19,14.047252655029297
2013-04-22,14.014123916625977
2013-04-23,13.906451225280762
2013-04-24,14.154928207397461
2013-04-25,14.386841773986816
2013-04-26,14.038972854614258
2013-04-29,14.138361930847168
2013-04-30,13.956146240234375
2013-05-01,13.566865921020508
2013-05-02,13.62484359741211
2013-05-03,14.22118854522705
2013-05-06,14.171494483947754
2013-05-07,14.188057899475098
2013-05-08,14.370277404785156
2013-05-09,14.204623222351074
2013-05-10,14.254317283630371
2013-05-13,14.16321086883545
2013-05-14,13.96442985534668
2013-05-15,13.86503791809082
2013-05-16,13.906451225280762
2013-05-17,13.972710609436035
2013-05-20,14.138361930847168
2013-05-21,14.072101593017578
2013-05-22,14.237754821777344
2013-05-23,14.088667869567871
2013-05-24,13.997559547424316
2013-05-28,14.080385208129883
2013-05-29,14.113516807556152
2013-05-30,14.304015159606934
2013-05-31,14.22118854522705
2013-06-03,14.48623275756836
2013-06-04,14.618751525878906
2013-06-05,14.660164833068848
2013-06-06,14.544209480285645
2013-06-07,14.262601852416992
2013-06-10,14.196341514587402
2013-06-11,13.931299209594727
2013-06-12,13.956146240234375
2013-06-13,13.923016548156738
2013-06-14,13.906451225280762
2013-06-17,13.86503791809082
2013-06-18,13.782211303710938
2013-06-19,13.732516288757324
2013-06-20,13.434345245361328
2013-06-21,13.542017936706543
2013-06-24,13.310104370117188
2013-06-25,13.39293098449707
2013-06-26,13.34323501586914
2013-06-27,13.334953308105469
2013-06-28,13.384648323059082
2013-07-01,13.724233627319336
2013-07-02,13.666255950927734
2013-07-03,13.633124351501465
2013-07-05,13.359800338745117
2013-07-08,13.533736228942871
2013-07-09,13.442625999450684
2013-07-10,13.55858325958252
2013-07-11,13.782211303710938
2013-07-12,13.757364273071289
2013-07-15,13.674539566040039
2013-07-16,13.691104888916016
2013-07-17,13.533736228942871
2013-07-18,13.542017936706543
2013-07-19,13.633124351501465
2013-07-22,13.724233627319336
2013-07-23,13.823626518249512
2013-07-24,13.773929595947266
2013-07-25,13.70766830444336
2013-07-26,13.450908660888672
2013-07-29,13.434345245361328
2013-07-30,13.268692970275879
2013-07-31,13.475756645202637
2013-08-01,13.542017936706543
2013-08-02,13.60827922821045
2013-08-05,13.575146675109863
2013-08-06,13.484040260314941
2013-08-07,13.492321968078613
2013-08-08,14.038972854614258
2013-08-09,14.146644592285156
2013-08-12,14.188057899475098
2013-08-13,14.154928207397461
2013-08-14,14.262601852416992
2013-08-15,14.320581436157227
2013-08-16,14.511079788208008
2013-08-19,14.378559112548828
2013-08-20,14.361991882324219
2013-08-21,14.246039390563965
2013-08-22,14.254317283630371
2013-08-23,14.320581436157227
2013-08-26,14.237754821777344
2013-08-27,14.229471206665039
2013-08-28,14.105232238769531
2013-08-29,13.906451225280762
2013-08-30,13.740800857543945
2013-09-03,13.840188980102539
2013-09-04,13.633124351501465
2013-09-05,13.641408920288086
2013-09-06,13.749083518981934
2013-09-09,13.732516288757324
2013-09-10,13.691104888916016
2013-09-11,13.682822227478027
2013-09-12,13.55858325958252
2013-09-13,13.55858325958252
2013-09-16,13.475756645202637
2013-09-17,13.442625999450684
2013-09-18,13.732516288757324
2013-09-19,13.889886856079102
2013-09-20,13.657973289489746
2013-09-23,13.724233627319336
2013-09-24,13.62484359741211
2013-09-25,13.641408920288086
2013-09-26,13.70766830444336
2013-09-27,13.815343856811523
2013-09-30,13.856755256652832
2013-10-01,13.674539566040039
2013-10-02,13.773929595947266
2013-10-03,13.641408920288086
2013-10-04,13.70766830444336
2013-10-07,13.740800857543945
2013-10-08,13.749083518981934
2013-10-09,13.674539566040039
2013-10-10,13.749083518981934
2013-10-11,13.823626518249512
2013-10-14,13.889886856079102
2013-10-15,13.856755256652832
2013-10-16,13.86503791809082
2013-10-17,13.840188980102539
2013-10-18,13.807059288024902
2013-10-21,13.889886856079102
2013-10-22,14.030689239501953
2013-10-23,13.749083518981934
2013-10-24,13.831907272338867
2013-10-25,13.856755256652832
2013-10-28,13.956146240234375
2013-10-29,13.91473388671875
2013-10-30,14.014123916625977
2013-10-31,13.86503791809082
2013-11-01,13.782211303710938
2013-11-04,13.666255950927734
2013-11-05,13.649689674377441
2013-11-06,13.59171199798584
2013-11-07,13.55858325958252
2013-11-08,13.599996566772461
2013-11-11,13.550300598144531
2013-11-12,13.434345245361328
2013-11-13,13.359800338745117
2013-11-14,13.351518630981445
2013-11-15,13.384648323059082
2013-11-18,13.276975631713867
2013-11-19,13.34323501586914
2013-11-20,13.285258293151855
2013-11-21,13.368083000183105
2013-11-22,13.434345245361328
2013-11-25,13.42605972290039
2013-11-26,13.301822662353516
2013-11-27,13.227279663085938
2013-11-29,13.243844985961914
2013-12-02,13.127889633178711
2013-12-03,13.127889633178711
2013-12-04,13.334953308105469
2013-12-05,13.285258293151855
2013-12-06,13.384648323059082
2013-12-09,13.434345245361328
2013-12-10,13.550300598144531
2013-12-11,13.641408920288086
2013-12-12,13.566865921020508
2013-12-13,13.641408920288086
2013-12-16,13.633124351501465
2013-12-17,13.649689674377441
2013-12-18,13.699386596679688
2013-12-19,13.566865921020508
2013-12-20,13.674539566040039
2013-12-23,13.649689674377441
2013-12-24,13.873320579528809
2013-12-26,13.807059288024902
2013-12-27,14.005842208862305
2013-12-30,13.989277839660645
2013-12-31,13.96442985534668
2014-01-02,13.94786548614502
2014-01-03,13.749083518981934
2014-01-06,13.757364273071289
2014-01-07,13.807059288024902
2014-01-08,13.757364273071289
2014-01-09,13.533736228942871
2014-01-10,13.715950965881348
2014-01-13,13.782211303710938
2014-01-14,13.732516288757324
2014-01-15,13.815343856811523
2014-01-16,13.856755256652832
2014-01-17,13.931299209594727
2014-01-21,13.94786548614502
2014-01-22,13.840188980102539
2014-01-23,13.60827922821045
2014-01-24,13.542017936706543
2014-01-27,13.500603675842285
2014-01-28,13.492321968078613
2014-01-29,13.442625999450684
2014-01-30,13.368083000183105
2014-01-31,13.16930103302002
2014-02-03,13.045062065124512
2014-02-04,13.119606018066406
2014-02-05,13.16930103302002
2014-02-06,13.23556137084961
2014-02-07,13.442625999450684
2014-02-10,13.310104370117188
2014-02-11,13.326669692993164
2014-02-12,13.417778968811035
2014-02-13,13.492321968078613
2014-02-14,13.517168998718262
2014-02-18,13.641408920288086
2014-02-19,13.633124351501465
2014-02-20,13.616561889648438
2014-02-21,13.55858325958252
2014-02-24,13.52545166015625
2014-02-25,13.533736228942871
2014-02-26,13.467474937438965
2014-02-27,13.550300598144531
2014-02-28,13.484040260314941
2014-03-03,13.401213645935059
2014-03-04,13.633124351501465
2014-03-05,13.649689674377441
2014-03-06,13.724233627319336
2014-03-07,13.34323501586914
2014-03-10,13.26041030883789
2014-03-11,12.929106712341309
2014-03-12,12.929106712341309
2014-03-13,12.813150405883789
2014-03-14,12.85456371307373
2014-03-17,12.813150405883789
2014-03-18,12.87112808227539
2014-03-19,12.904258728027344
2014-03-20,12.730324745178223
2014-03-21,12.746891021728516
2014-03-24,12.771738052368164
2014-03-25,12.970518112182617
2014-03-26,12.846282005310059
2014-03-27,12.912540435791016
2014-03-28,13.069910049438477
2014-03-31,13.144454002380371
2014-04-01,13.152735710144043
2014-04-02,13.144454002380371
2014-04-03,13.210714340209961
2014-04-04,13.21899700164795
2014-04-07,13.202431678771973
2014-04-08,13.301822662353516
2014-04-09,13.359800338745117
2014-04-10,13.442625999450684
2014-04-11,13.39293098449707
2014-04-14,13.450908660888672
2014-04-15,13.318387985229492
2014-04-16,13.42605972290039
2014-04-17,13.450908660888672
2014-04-21,13.450908660888672
2014-04-22,13.55858325958252
2014-04-23,13.450908660888672
2014-04-24,13.55858325958252
2014-04-25,13.484040260314941
2014-04-28,13.434345245361328
2014-04-29,13.384648323059082
2014-04-30,13.243844985961914
2014-05-01,13.144454002380371
2014-05-02,13.285258293151855
2014-05-05,13.210714340209961
2014-05-06,13.227279663085938
2014-05-07,13.152735710144043
2014-05-08,13.185867309570312
2014-05-09,13.161018371582031
2014-05-12,13.442625999450684
2014-05-13,13.368083000183105
2014-05-14,13.542017936706543
2014-05-15,13.293539047241211
2014-05-16,13.318387985229492
2014-05-19,13.384648323059082
2014-05-20,13.334953308105469
2014-05-21,13.301822662353516
2014-05-22,13.401213645935059
2014-05-23,13.52545166015625
2014-05-27,13.542017936706543
2014-05-28,13.55858325958252
2014-05-29,13.533736228942871
2014-05-30,13.475756645202637
2014-06-02,13.657973289489746
2014-06-03,13.60827922821045
2014-06-04,13.467474937438965
2014-06-05,13.500603675842285
2014-06-06,13.566865921020508
2014-06-09,13.724233627319336
2014-06-10,13.666255950927734
2014-06-11,13.50888729095459
2014-06-12,13.318387985229492
2014-06-13,13.368083000183105
2014-06-16,13.475756645202637
2014-06-17,13.52545166015625
2014-06-18,13.62484359741211
2014-06-19,13.715950965881348
2014-06-20,13.831907272338867
2014-06-23,13.889886856079102
2014-06-24,13.881603240966797
2014-06-25,13.91473388671875
2014-06-26,13.956146240234375
2014-06-27,13.923016548156738
2014-06-30,14.063821792602539
2014-07-01,13.94786548614502
2014-07-02,14.304015159606934
2014-07-03,14.312297821044922
2014-07-07,14.345427513122559
2014-07-08,14.411687850952148
2014-07-09,14.320581436157227
2014-07-10,14.370277404785156
2014-07-11,14.477949142456055
2014-07-14,14.45310115814209
2014-07-15,14.46966552734375
2014-07-16,14.45310115814209
2014-07-17,14.552492141723633
2014-07-18,14.45310115814209
2014-07-21,14.660164833068848
2014-07-22,14.817532539367676
2014-07-23,14.726426124572754
2014-07-24,14.883793830871582
2014-07-25,14.800971031188965
2014-07-28,14.925209045410156
2014-07-29,14.61047077178955
2014-07-30,14.825817108154297
2014-07-31,14.685014724731445
2014-08-01,14.585622787475586
2014-08-04,14.916925430297852
2014-08-05,14.660164833068848
2014-08-06,14.61047077178955
2014-08-07,14.544209480285645
2014-08-08,14.502798080444336
2014-08-11,14.544209480285645
2014-08-12,14.585622787475586
2014-08-13,14.386841773986816
2014-08-14,14.237754821777344
2014-08-15,14.295733451843262
2014-08-18,14.370277404785156
2014-08-19,14.45310115814209
2014-08-20,14.79268741607666
2014-08-21,14.74299144744873
2014-08-22,14.767837524414062
2014-08-25,14.809252738952637
2014-08-26,14.784403800964355
2014-08-27,14.800971031188965
2014-08-28,14.701580047607422
2014-08-29,14.759557723999023
2014-09-02,14.850666999816895
2014-09-03,14.734709739685059
2014-09-04,14.900361061096191
2014-09-05,14.883793830871582
2014-09-08,14.941774368286133
2014-09-09,14.527644157409668
2014-09-10,14.511079788208008
2014-09-11,14.370277404785156
2014-09-12,14.411687850952148
2014-09-15,14.188057899475098
2014-09-16,14.48623275756836
2014-09-17,14.229471206665039
2014-09-18,14.188057899475098
2014-09-19,14.196341514587402
2014-09-22,14.063821792602539
2014-09-23,14.055538177490234
2014-09-24,14.171494483947754
2014-09-25,14.047252655029297
2014-09-26,14.038972854614258
2014-09-29,14.105232238769531
2014-09-30,14.005842208862305
2014-10-01,13.939580917358398
2014-10-02,13.815343856811523
2014-10-03,13.881603240966797
2014-10-06,14.014123916625977
2014-10-07,14.138361930847168
2014-10-08,14.113516807556152
2014-10-09,14.121797561645508
2014-10-10,14.072101593017578
2014-10-13,14.113516807556152
2014-10-14,14.188057899475098
2014-10-15,13.807059288024902
2014-10-16,13.790494918823242
2014-10-17,13.889886856079102
2014-10-20,13.724233627319336
2014-10-21,13.906451225280762
2014-10-22,14.005842208862305
2014-10-23,14.014123916625977
2014-10-24,13.972710609436035
2014-10-27,14.047252655029297
2014-10-28,14.130080223083496
2014-10-29,14.262601852416992
2014-10-30,14.246039390563965
2014-10-31,14.27088451385498
2014-11-03,14.386841773986816
2014-11-04,14.179776191711426
2014-11-05,14.130080223083496
2014-11-06,14.138361930847168
2014-11-07,14.138361930847168
2014-11-10,14.080385208129883
2014-11-11,14.154928207397461
2014-11-12,14.171494483947754
2014-11-13,13.989277839660645
2014-11-14,14.096951484680176
2014-11-17,14.080385208129883
2014-11-18,13.980993270874023
2014-11-19,14.038972854614258
2014-11-20,14.047252655029297
2014-11-21,14.22118854522705
2014-11-24,14.154928207397461
2014-11-25,14.080385208129883
2014-11-26,14.072101593017578
2014-11-28,13.691104888916016
2014-12-01,13.856755256652832
2014-12-02,13.674539566040039
2014-12-03,13.60827922821045
2014-12-04,13.765647888183594
2014-12-05,13.740800857543945
2014-12-08,13.641408920288086
2014-12-09,13.749083518981934
2014-12-10,13.575146675109863
2014-12-11,13.575146675109863
2014-12-12,13.60827922821045
2014-12-15,13.442625999450684
2014-12-16,13.318387985229492
2014-12-17,13.359800338745117
2014-12-18,13.285258293151855
2014-12-19,13.442625999450684
2014-12-22,13.326669692993164
2014-12-23,13.26041030883789
2014-12-24,13.210714340209961
2014-12-26,13.111324310302734
2014-12-29,13.111324310302734
2014-12-30,13.276975631713867
2014-12-31,13.16930103302002
2015-01-02,13.185867309570312
2015-01-05,13.053346633911133
2015-01-06,12.912540435791016
2015-01-07,12.87112808227539
2015-01-08,13.003649711608887
2015-01-09,12.895975112915039
2015-01-12,12.813150405883789
2015-01-13,12.36589241027832
2015-01-14,12.216804504394531
2015-01-15,12.33276081085205
2015-01-16,12.647499084472656
2015-01-20,12.564672470092773
2015-01-21,12.688912391662598
2015-01-22,12.697195053100586
2015-01-23,12.349326133728027
2015-01-26,12.614368438720703
2015-01-27,12.423870086669922
2015-01-28,12.324478149414062
2015-01-29,12.2499361038208
2015-01-30,12.4984130859375
2015-02-02,12.556390762329102
2015-02-03,12.730324745178223
2015-02-04,12.68062973022461
2015-02-05,12.705477714538574
2015-02-06,12.763455390930176
2015-02-09,12.688912391662598
2015-02-10,12.523260116577148
2015-02-11,12.43215274810791
2015-02-12,12.639216423034668
2015-02-13,12.639216423034668
2015-02-17,12.564672470092773
2015-02-18,12.490129470825195
2015-02-19,12.44871711730957
2015-02-20,12.33276081085205
2015-02-23,12.291348457336426
2015-02-24,12.473564147949219
2015-02-25,12.4984130859375
2015-02-26,12.531542778015137
2015-02-27,12.523260116577148
2015-03-02,12.51497745513916
2015-03-03,12.407302856445312
2015-03-04,12.39902114868164
2015-03-05,12.36589241027832
2015-03-06,12.200239181518555
2015-03-09,12.407302856445312
2015-03-10,12.233369827270508
2015-03-11,12.133977890014648
2015-03-12,12.241652488708496
2015-03-13,12.307913780212402
2015-03-16,12.283064842224121
2015-03-17,12.307913780212402
2015-03-18,12.357608795166016
2015-03-19,12.33276081085205
2015-03-20,12.581236839294434
2015-03-23,13.020215034484863
2015-03-24,12.688912391662598
2015-03-25,12.614368438720703
2015-03-26,12.705477714538574
2015-03-27,12.614368438720703
2015-03-30,12.738606452941895
2015-03-31,12.556390762329102
2015-04-01,12.597803115844727
2015-04-02,12.63093376159668
2015-04-06,12.564672470092773
2015-04-07,12.688912391662598
2015-04-08,12.647499084472656
2015-04-09,12.672348022460938
2015-04-10,12.755172729492188
2015-04-13,12.738606452941895
2015-04-14,12.738606452941895
2015-04-15,12.862846374511719
2015-04-16,12.937390327453613
2015-04-17,12.978801727294922
2015-04-20,12.780020713806152
2015-04-21,12.846282005310059
2015-04-22,12.821433067321777
2015-04-23,12.771738052368164
2015-04-24,12.945671081542969
2015-04-27,13.152735710144043
2015-04-28,13.227279663085938
2015-04-29,13.26041030883789
2015-04-30,13.575146675109863
2015-05-01,13.616561889648438
2015-05-04,13.599996566772461
2015-05-05,13.840188980102539
2015-05-06,13.674539566040039
2015-05-07,13.60827922821045
2015-05-08,13.550300598144531
2015-05-11,13.434345245361328
2015-05-12,13.59171199798584
2015-05-13,13.55858325958252
2015-05-14,13.409497261047363
2015-05-15,13.359800338745117
2015-05-18,13.23556137084961
2015-05-19,12.962236404418945
2015-05-20,12.879412651062012
2015-05-21,12.912540435791016
2015-05-22,12.755172729492188
2015-05-26,12.68062973022461
2015-05-27,12.655780792236328
2015-05-28,12.85456371307373
2015-05-29,12.614368438720703
2015-06-01,12.572956085205078
2015-06-02,12.572956085205078
2015-06-03,12.606086730957031
2015-06-04,12.440435409545898
2015-06-05,12.481847763061523
2015-06-08,12.490129470825195
2015-06-09,12.523260116577148
2015-06-10,12.564672470092773
2015-06-11,12.415586471557617
2015-06-12,12.415586471557617
2015-06-15,12.2499361038208
2015-06-16,12.158825874328613
2015-06-17,12.158825874328613
2015-06-18,12.084283828735352
2015-06-19,11.993175506591797
2015-06-22,11.968327522277832
2015-06-23,12.109130859375
2015-06-24,12.059435844421387
2015-06-25,12.07599925994873
2015-06-26,12.051153182983398
2015-06-29,11.984893798828125
2015-06-30,11.918632507324219
2015-07-01,12.117415428161621
2015-07-02,12.051153182983398
2015-07-06,11.835806846618652
2015-07-07,11.587328910827637
2015-07-08,11.620458602905273
2015-07-09,11.868936538696289
2015-07-10,11.827522277832031
2015-07-13,11.951762199401855
2015-07-14,11.951762199401855
2015-07-15,11.968327522277832
2015-07-16,11.943479537963867
2015-07-17,11.868936538696289
2015-07-20,11.769545555114746
2015-07-21,11.703285217285156
2015-07-22,11.545916557312012
2015-07-23,11.355417251586914
2015-07-24,11.38854694366455
2015-07-27,11.256026268005371
2015-07-28,11.50450325012207
2015-07-29,11.454808235168457
2015-07-30,11.33056926727295
2015-07-31,11.156634330749512
2015-08-03,11.123504638671875
2015-08-04,11.1649169921875
2015-08-05,11.090374946594238
2015-08-06,11.024113655090332
2015-08-07,10.957852363586426
2015-08-10,11.156634330749512
2015-08-11,10.850179672241211
2015-08-12,10.9164400100708
2015-08-13,10.87502670288086
2015-08-14,10.858461380004883
2015-08-17,10.75907039642334
2015-08-18,10.593419075012207
2015-08-19,10.643115043640137
2015-08-20,10.792201042175293
2015-08-21,10.601701736450195
2015-08-24,10.3615083694458
2015-08-25,10.518876075744629
2015-08-26,10.3615083694458
2015-08-27,10.618267059326172
2015-08-28,10.9164400100708
2015-08-31,10.87502670288086
2015-09-01,10.767354011535645
2015-09-02,10.87502670288086
2015-09-03,10.98270034790039
2015-09-04,10.800483703613281
2015-09-08,11.090374946594238
2015-09-09,11.024113655090332
2015-09-10,11.115221977233887
2015-09-11,11.1649169921875
2015-09-14,10.866744995117188
2015-09-15,10.883310317993164
2015-09-16,10.941287994384766
2015-09-17,10.957852363586426
2015-09-18,10.684526443481445
2015-09-21,10.651396751403809
2015-09-22,10.40291976928711
2015-09-23,10.38635540008545
2015-09-24,10.485746383666992
2015-09-25,10.311812400817871
2015-09-28,10.253833770751953
2015-09-29,10.353224754333496
2015-09-30,10.5271577835083
2015-10-01,10.44433307647705
2015-10-02,10.543724060058594
2015-10-05,10.469181060791016
2015-10-06,10.44433307647705
2015-10-07,10.593419075012207
2015-10-08,10.518876075744629
2015-10-09,11.040678024291992
2015-10-12,10.974417686462402
2015-10-13,10.850179672241211
2015-10-14,10.941287994384766
2015-10-15,10.941287994384766
2015-10-16,10.833614349365234
2015-10-19,10.684526443481445
2015-10-20,10.659679412841797
2015-10-21,10.485746383666992
2015-10-22,10.5271577835083
2015-10-23,10.518876075744629
2015-10-26,10.44433307647705
2015-10-27,10.452614784240723
2015-10-28,10.452614784240723
2015-10-29,10.28696346282959
2015-10-30,10.28696346282959
2015-11-02,10.262117385864258
2015-11-03,10.344941139221191
2015-11-04,10.28696346282959
2015-11-05,10.162725448608398
2015-11-06,10.187573432922363
2015-11-09,10.071617126464844
2015-11-10,9.997074127197266
2015-11-11,10.05505084991455
2015-11-12,9.897682189941406
2015-11-13,9.9142484664917
2015-11-16,9.74859619140625
2015-11-17,9.591226577758789
2015-11-18,9.533248901367188
2015-11-19,9.558096885681152
2015-11-20,9.491835594177246
2015-11-23,9.400728225708008
2015-11-24,9.640922546386719
2015-11-25,9.5829439163208
2015-11-27,9.5249662399292
2015-11-30,9.533248901367188
2015-12-01,9.657487869262695
2015-12-02,9.558096885681152
2015-12-03,9.516683578491211
2015-12-04,9.665770530700684
2015-12-07,9.491835594177246
2015-12-08,9.491835594177246
2015-12-09,9.541531562805176
2015-12-10,9.533248901367188
2015-12-11,9.632640838623047
2015-12-14,9.640922546386719
2015-12-15,9.433857917785645
2015-12-16,9.533248901367188
2015-12-17,9.39244556427002
2015-12-18,9.616074562072754
2015-12-21,9.707183837890625
2015-12-22,9.624356269836426
2015-12-23,9.790009498596191
2015-12-24,9.790009498596191
2015-12-28,9.624356269836426
2015-12-29,9.823139190673828
2015-12-30,9.939095497131348
2015-12-31,9.839705467224121
2016-01-04,9.599509239196777
2016-01-05,9.616074562072754
2016-01-06,9.533248901367188
2016-01-07,9.334466934204102
2016-01-08,9.39244556427002
2016-01-11,9.201945304870605
2016-01-12,9.11083698272705
2016-01-13,9.177098274230957
2016-01-14,9.301336288452148
2016-01-15,9.168815612792969
2016-01-19,9.259923934936523
2016-01-20,9.259923934936523
2016-01-21,9.309619903564453
2016-01-22,9.334466934204102
2016-01-25,9.317901611328125
2016-01-26,9.574663162231445
2016-01-27,9.698899269104004
2016-01-28,9.5829439163208
2016-01-29,9.698899269104004
2016-02-01,9.74859619140625
2016-02-02,9.715463638305664
2016-02-03,9.905964851379395
2016-02-04,9.980509757995605
2016-02-05,9.781726837158203
2016-02-08,9.922530174255371
2016-02-09,9.707183837890625
2016-02-10,9.723747253417969
2016-02-11,9.715463638305664
2016-02-12,9.790009498596191
2016-02-16,9.806574821472168
2016-02-17,9.823139190673828
2016-02-18,9.889398574829102
2016-02-19,10.05505084991455
2016-02-22,10.228985786437988
2016-02-23,10.03848648071289
2016-02-24,10.237269401550293
2016-02-25,10.046769142150879
2016-02-26,10.146160125732422
2016-02-29,10.195855140686035
2016-03-01,10.270397186279297
2016-03-02,10.427767753601074
2016-03-03,10.485746383666992
2016-03-04,10.543724060058594
2016-03-07,10.535440444946289
2016-03-08,10.28696346282959
2016-03-09,10.427767753601074
2016-03-10,10.30352783203125
2016-03-11,10.411202430725098
2016-03-14,10.320094108581543
2016-03-15,10.212419509887695
2016-03-16,10.320094108581543
2016-03-17,10.502311706542969
2016-03-18,10.510592460632324
2016-03-21,10.535440444946289
2016-03-22,10.502311706542969
2016-03-23,10.311812400817871
2016-03-24,10.220702171325684
2016-03-28,10.245551109313965
2016-03-29,10.204137802124023
2016-03-30,10.195855140686035
2016-03-31,10.28696346282959
2016-04-01,10.40291976928711
2016-04-04,10.328376770019531
2016-04-05,10.237269401550293
2016-04-06,10.179290771484375
2016-04-07,9.955660820007324
2016-04-08,10.021921157836914
2016-04-11,9.972225189208984
2016-04-12,10.30352783203125
2016-04-13,10.436050415039062
2016-04-14,10.419486045837402
2016-04-15,10.427767753601074
2016-04-18,10.49402904510498
2016-04-19,10.692811012268066
2016-04-20,10.792201042175293
2016-04-21,10.742506980895996
2016-04-22,10.833614349365234
2016-04-25,10.717657089233398
2016-04-26,10.750788688659668
2016-04-27,10.734223365783691
2016-04-28,10.792201042175293
2016-04-29,10.966134071350098
2016-05-02,10.89159107208252
2016-05-03,10.676246643066406
2016-05-04,10.609984397888184
2016-05-05,10.452614784240723
2016-05-06,10.49402904510498
2016-05-09,10.262117385864258
2016-05-10,10.278680801391602
2016-05-11,10.38635540008545
2016-05-12,10.295247077941895
2016-05-13,10.295247077941895
2016-05-16,10.353224754333496
2016-05-17,10.320094108581543
2016-05-18,10.245551109313965
2016-05-19,10.228985786437988
2016-05-20,10.220702171325684
2016-05-23,10.162725448608398
2016-05-24,10.171008110046387
2016-05-25,10.187573432922363
2016-05-26,10.28696346282959
2016-05-27,10.38635540008545
2016-05-31,10.353224754333496
2016-06-01,10.502311706542969
2016-06-02,10.44433307647705
2016-06-03,10.552006721496582
2016-06-06,10.618267059326172
2016-06-07,10.510592460632324
2016-06-08,10.734223365783691
2016-06-09,10.651396751403809
2016-06-10,10.659679412841797
2016-06-13,10.725939750671387
2016-06-14,10.601701736450195
2016-06-15,10.701092720031738
2016-06-16,10.601701736450195
2016-06-17,10.552006721496582
2016-06-20,10.742506980895996
2016-06-21,10.817049026489258
2016-06-22,10.825331687927246
2016-06-23,10.89159107208252
2016-06-24,10.734223365783691
2016-06-27,10.676246643066406
2016-06-28,10.966134071350098
2016-06-29,11.024113655090332
2016-06-30,11.115221977233887
2016-07-01,11.247743606567383
2016-07-05,11.09865665435791
2016-07-06,11.057244300842285
2016-07-07,10.933004379272461
2016-07-08,11.06552505493164
2016-07-11,11.06552505493164
2016-07-12,11.33056926727295
2016-07-13,11.338851928710938
2016-07-14,11.396828651428223
2016-07-15,11.371980667114258
2016-07-18,11.371980667114258
2016-07-19,11.421677589416504
2016-07-20,11.338851928710938
2016-07-21,11.347132682800293
2016-07-22,11.33056926727295
2016-07-25,11.322285652160645
2016-07-26,11.231178283691406
2016-07-27,11.06552505493164
2016-07-28,11.247743606567383
2016-07-29,11.371980667114258
2016-08-01,11.322285652160645
2016-08-02,11.355417251586914
2016-08-03,11.396828651428223
2016-08-04,11.289155006408691
2016-08-05,11.355417251586914
2016-08-08,11.363699913024902
2016-08-09,11.314002990722656
2016-08-10,11.363699913024902
2016-08-11,11.396828651428223
2016-08-12,11.239459991455078
2016-08-15,11.371980667114258
2016-08-16,11.429960250854492
2016-08-17,11.446523666381836
2016-08-18,11.4713716506958
2016-08-19,11.446523666381836
2016-08-22,11.371980667114258
2016-08-23,11.380264282226562
2016-08-24,11.222895622253418
2016-08-25,11.256026268005371
2016-08-26,11.305721282958984
2016-08-29,11.29743766784668
2016-08-30,11.231178283691406
2016-08-31,11.214612007141113
2016-09-01,11.289155006408691
2016-09-02,11.272589683532715
2016-09-06,11.173200607299805
2016-09-07,11.19804859161377
2016-09-08,11.189764976501465
2016-09-09,11.073810577392578
2016-09-12,11.048961639404297
2016-09-13,10.941287994384766
2016-09-14,11.1649169921875
2016-09-15,11.048961639404297
2016-09-16,11.032395362854004
2016-09-19,11.106938362121582
2016-09-20,11.181483268737793
2016-09-21,11.181483268737793
2016-09-22,11.314002990722656
2016-09-23,11.33056926727295
2016-09-26,11.380264282226562
2016-09-27,11.38854694366455
2016-09-28,11.537632942199707
2016-09-29,11.554198265075684
2016-09-30,11.63702392578125
2016-10-03,11.703285217285156
2016-10-04,11.579046249389648
2016-10-05,11.512785911560059
2016-10-06,11.487936973571777
2016-10-07,11.479655265808105
2016-10-10,11.554198265075684
2016-10-11,11.363699913024902
2016-10-12,11.371980667114258
2016-10-13,11.29743766784668
2016-10-14,11.256026268005371
2016-10-17,11.280874252319336
2016-10-18,11.247743606567383
2016-10-19,11.280874252319336
2016-10-20,11.1649169921875
2016-10-21,11.140068054199219
2016-10-24,11.280874252319336
2016-10-25,11.487936973571777
2016-10-26,11.479655265808105
2016-10-27,11.579046249389648
2016-10-28,11.719849586486816
2016-10-31,11.926915168762207
2016-11-01,11.926915168762207
2016-11-02,11.786109924316406
2016-11-03,11.968327522277832
2016-11-04,11.893783569335938
2016-11-07,12.051153182983398
2016-11-08,12.167109489440918
2016-11-09,12.390738487243652
2016-11-10,12.556390762329102
2016-11-11,12.39902114868164
2016-11-14,12.614368438720703
2016-11-15,12.606086730957031
2016-11-16,12.291348457336426
2016-11-17,12.33276081085205
2016-11-18,12.357608795166016
2016-11-21,12.4984130859375
2016-11-22,12.672348022460938
2016-11-23,12.978801727294922
2016-11-25,13.34323501586914
2016-11-28,13.119606018066406
2016-11-29,12.846282005310059
2016-11-30,12.904258728027344
2016-12-01,12.970518112182617
2016-12-02,12.804868698120117
2016-12-05,13.10304069519043
2016-12-06,13.10304069519043
2016-12-07,12.929106712341309
2016-12-08,12.846282005310059
2016-12-09,12.962236404418945
2016-12-12,12.92082405090332
2016-12-13,12.862846374511719
2016-12-14,12.995366096496582
2016-12-15,12.995366096496582
2016-12-16,12.713759422302246
2016-12-19,12.43215274810791
2016-12-20,12.539825439453125
2016-12-21,12.4984130859375
2016-12-22,12.531542778015137
2016-12-23,12.390738487243652
2016-12-27,12.531542778015137
2016-12-28,12.423870086669922
2016-12-29,12.216804504394531
2016-12-30,12.357608795166016
2017-01-03,12.2499361038208
2017-01-04,12.523260116577148
2017-01-05,12.490129470825195
2017-01-06,12.564672470092773
2017-01-09,12.647499084472656
2017-01-10,12.87112808227539
2017-01-11,12.85456371307373
2017-01-12,13.161018371582031
2017-01-13,13.334953308105469
2017-01-17,13.028497695922852
2017-01-18,13.16930103302002
2017-01-19,13.136170387268066
2017-01-20,13.1941499710083
2017-01-23,13.326669692993164
2017-01-24,13.517168998718262
2017-01-25,13.417778968811035
2017-01-26,13.21899700164795
2017-01-27,13.26041030883789
2017-01-30,13.26041030883789
2017-01-31,13.517168998718262
2017-02-01,13.467474937438965
2017-02-02,13.442625999450684
2017-02-03,13.252127647399902
2017-02-06,13.301822662353516
2017-02-07,13.318387985229492
2017-02-08,13.475756645202637
2017-02-09,13.42605972290039
2017-02-10,13.790494918823242
2017-02-13,13.749083518981934
2017-02-14,13.732516288757324
2017-02-15,13.782211303710938
2017-02-16,13.715950965881348
2017-02-17,13.55858325958252
2017-02-21,13.691104888916016
2017-02-22,13.699386596679688
2017-02-23,13.334953308105469
2017-02-24,13.550300598144531
2017-02-27,13.52545166015625
2017-02-28,13.62484359741211
2017-03-01,13.782211303710938
2017-03-02,13.484040260314941
2017-03-03,13.517168998718262
2017-03-06,13.310104370117188
2017-03-07,13.185867309570312
2017-03-08,13.127889633178711
2017-03-09,13.094758033752441
2017-03-10,13.202431678771973
2017-03-13,13.310104370117188
2017-03-14,13.285258293151855
2017-03-15,13.492321968078613
2017-03-16,13.55858325958252
2017-03-17,13.691104888916016
2017-03-20,13.616561889648438
2017-03-21,13.459192276000977
2017-03-22,13.616561889648438
2017-03-23,13.59171199798584
2017-03-24,13.60827922821045
2017-03-27,13.467474937438965
2017-03-28,13.60827922821045
2017-03-29,13.724233627319336
2017-03-30,13.724233627319336
2017-03-31,13.55858325958252
2017-04-03,13.359800338745117
2017-04-04,13.459192276000977
2017-04-05,13.649689674377441
2017-04-06,13.500603675842285
2017-04-07,13.434345245361328
2017-04-10,13.16930103302002
2017-04-11,13.111324310302734
2017-04-12,13.011933326721191
2017-04-13,13.10304069519043
2017-04-17,13.21899700164795
2017-04-18,12.85456371307373
2017-04-19,12.937390327453613
2017-04-20,13.177584648132324
2017-04-21,13.061628341674805
2017-04-24,13.136170387268066
2017-04-25,13.227279663085938
2017-04-26,13.293539047241211
2017-04-27,13.161018371582031
2017-04-28,13.177584648132324
2017-05-01,13.368083000183105
2017-05-02,13.301822662353516
2017-05-03,12.904258728027344
2017-05-04,12.929106712341309
2017-05-05,12.978801727294922
2017-05-08,12.829715728759766
2017-05-09,12.87112808227539
2017-05-10,12.821433067321777
2017-05-11,12.813150405883789
2017-05-12,12.829715728759766
2017-05-15,12.945671081542969
2017-05-16,12.970518112182617
2017-05-17,12.978801727294922
2017-05-18,12.904258728027344
2017-05-19,13.227279663085938
2017-05-22,13.23556137084961
2017-05-23,13.285258293151855
2017-05-24,13.227279663085938
2017-05-25,13.227279663085938
2017-05-26,13.202431678771973
2017-05-30,13.127889633178711
2017-05-31,13.10304069519043
2017-06-01,13.045062065124512
2017-06-02,12.987085342407227
2017-06-05,12.813150405883789
2017-06-06,12.763455390930176
2017-06-07,12.746891021728516
2017-06-08,12.879412651062012
2017-06-09,13.020215034484863
2017-06-12,12.846282005310059
2017-06-13,12.829715728759766
2017-06-14,12.763455390930176
2017-06-15,12.804868698120117
2017-06-16,12.813150405883789
2017-06-19,12.95395565032959
2017-06-20,12.904258728027344
2017-06-21,13.03678035736084
2017-06-22,13.10304069519043
2017-06-23,13.161018371582031
2017-06-26,13.1941499710083
2017-06-27,13.351518630981445
2017-06-28,13.384648323059082
2017-06-29,13.459192276000977
2017-06-30,13.566865921020508
2017-07-03,13.616561889648438
2017-07-05,13.50888729095459
2017-07-06,13.52545166015625
2017-07-07,13.50888729095459
2017-07-10,13.409497261047363
2017-07-11,13.533736228942871
2017-07-12,13.52545166015625
2017-07-13,13.550300598144531
2017-07-14,13.575146675109863
2017-07-17,13.641408920288086
2017-07-18,13.641408920288086
2017-07-19,13.492321968078613
2017-07-20,13.500603675842285
2017-07-21,13.566865921020508
2017-07-24,13.641408920288086
2017-07-25,13.923016548156738
2017-07-26,13.931299209594727
2017-07-27,13.881603240966797
2017-07-28,13.848472595214844
2017-07-31,13.89816951751709
2017-08-01,13.815343856811523
2017-08-02,13.923016548156738
2017-08-03,13.873320579528809
2017-08-04,13.89816951751709
2017-08-07,14.188057899475098
2017-08-08,14.444819450378418
2017-08-09,14.411687850952148
2017-08-10,14.386841773986816
2017-08-11,14.378559112548828
2017-08-14,14.370277404785156
2017-08-15,14.444819450378418
2017-08-16,14.974902153015137
2017-08-17,14.635316848754883
2017-08-18,14.875510215759277
2017-08-21,14.983185768127441
2017-08-22,14.958340644836426
2017-08-23,14.99975299835205
2017-08-24,15.082574844360352
2017-08-25,14.941774368286133
2017-08-28,15.066014289855957
2017-08-29,15.115707397460938
2017-08-30,15.05772876739502
2017-08-31,15.28136157989502
2017-09-01,15.422164916992188
2017-09-05,15.13227367401123
2017-09-06,15.239947319030762
2017-09-07,15.297922134399414
2017-09-08,14.875510215759277
2017-09-11,15.090858459472656
2017-09-12,15.041163444519043
2017-09-13,14.834100723266602
2017-09-14,14.734709739685059
2017-09-15,14.751276016235352
2017-09-18,14.90864372253418
2017-09-19,14.991469383239746
2017-09-20,15.13227367401123
2017-09-21,14.858948707580566
2017-09-22,14.941774368286133
2017-09-25,14.991469383239746
2017-09-26,14.900361061096191
2017-09-27,14.941774368286133
2017-09-28,15.107425689697266
2017-09-29,14.99975299835205
2017-10-02,15.115707397460938
2017-10-03,15.289640426635742
2017-10-04,15.314488410949707
2017-10-05,15.521553039550781
2017-10-06,15.339338302612305
2017-10-09,15.43044376373291
2017-10-10,15.529836654663086
2017-10-11,15.422164916992188
2017-10-12,15.546401977539062
2017-10-13,15.529836654663086
2017-10-16,15.58781623840332
2017-10-17,15.339338302612305
2017-10-18,15.331055641174316
2017-10-19,15.405594825744629
2017-10-20,15.339338302612305
2017-10-23,15.463574409484863
2017-10-24,15.5795316696167
2017-10-25,15.68720817565918
2017-10-26,15.678923606872559
2017-10-27,15.480141639709473
2017-10-30,15.496705055236816
2017-10-31,15.604379653930664
2017-11-01,15.654074668884277
2017-11-02,15.654074668884277
2017-11-03,15.5795316696167
2017-11-06,15.654074668884277
2017-11-07,15.331055641174316
2017-11-08,15.306207656860352
2017-11-09,15.256511688232422
2017-11-10,15.306207656860352
2017-11-13,15.405594825744629
2017-11-14,15.140555381774902
2017-11-15,15.157119750976562
2017-11-16,15.157119750976562
2017-11-17,15.264793395996094
2017-11-20,15.190250396728516
2017-11-21,15.372467041015625
2017-11-22,15.43044376373291
2017-11-24,15.562968254089355
2017-11-27,15.422164916992188
2017-11-28,15.206816673278809
2017-11-29,15.049446105957031
2017-11-30,15.032881736755371
2017-12-01,15.28136157989502
2017-12-04,15.148837089538574
2017-12-05,14.800971031188965
2017-12-06,14.685014724731445
2017-12-07,14.685014724731445
2017-12-08,14.726426124572754
2017-12-11,14.858948707580566
2017-12-12,14.883793830871582
2017-12-13,14.958340644836426
2017-12-14,15.090858459472656
2017-12-15,15.239947319030762
2017-12-18,15.264793395996094
2017-12-19,15.322772026062012
2017-12-20,15.488425254821777
2017-12-21,15.58781623840332
2017-12-22,15.75346851348877
2017-12-26,15.778312683105469
2017-12-27,15.952248573303223
2017-12-28,16.101337432861328
2017-12-29,16.076486587524414
2018-01-02,16.117900848388672
2018-01-03,15.952248573303223
2018-01-04,16.043357849121094
2018-01-05,15.877704620361328
2018-01-08,15.852856636047363
2018-01-09,15.75346851348877
2018-01-10,15.852856636047363
2018-01-11,15.877704620361328
2018-01-12,16.026790618896484
2018-01-16,15.952248573303223
2018-01-17,15.869422912597656
2018-01-18,15.968814849853516
2018-01-19,15.93568229675293
2018-01-22,16.068204879760742
2018-01-23,15.902552604675293
2018-01-24,16.159313201904297
2018-01-25,16.101337432861328
2018-01-26,16.192441940307617
2018-01-29,16.21729278564453
2018-01-30,16.16759490966797
2018-01-31,16.192441940307617
2018-02-01,16.333248138427734
2018-02-02,16.142745971679688
2018-02-05,16.142745971679688
2018-02-06,16.03507423400879
2018-02-07,15.695489883422852
2018-02-08,15.678923606872559
2018-02-09,15.521553039550781
2018-02-12,15.612661361694336
2018-02-13,15.877704620361328
2018-02-14,16.25042152404785
2018-02-15,16.233854293823242
2018-02-16,16.308399200439453
2018-02-20,16.175878524780273
2018-02-21,16.175878524780273
2018-02-22,16.20901107788086
2018-02-23,16.03507423400879
2018-02-26,16.068204879760742
2018-02-27,15.960530281066895
2018-02-28,15.761748313903809
2018-03-01,15.745184898376465
2018-03-02,15.678923606872559
2018-03-05,15.562968254089355
2018-03-06,15.612661361694336
2018-03-07,15.447010040283203
2018-03-08,15.314488410949707
2018-03-09,15.554683685302734
2018-03-12,15.331055641174316
2018-03-13,15.480141639709473
2018-03-14,15.355901718139648
2018-03-15,15.339338302612305
2018-03-16,15.331055641174316
2018-03-19,15.289640426635742
2018-03-20,15.090858459472656
2018-03-21,15.28136157989502
2018-03-22,15.074295997619629
2018-03-23,14.958340644836426
2018-03-26,15.074295997619629
2018-03-27,15.074295997619629
2018-03-28,15.074295997619629
2018-03-29,15.074295997619629
2018-04-02,15.090858459472656
2018-04-03,15.123991012573242
2018-04-04,15.041163444519043
2018-04-05,15.107425689697266
2018-04-06,15.148837089538574
2018-04-09,15.297922134399414
2018-04-10,15.70376968383789
2018-04-11,15.712052345275879
2018-04-12,15.447010040283203
2018-04-13,15.438728332519531
2018-04-16,15.778312683105469
2018-04-17,15.919116973876953
2018-04-18,16.474050521850586
2018-04-19,16.21729278564453
2018-04-20,16.24213981628418
2018-04-23,15.736900329589844
2018-04-24,15.662359237670898
2018-04-25,15.562968254089355
2018-04-26,15.6375093460083
2018-04-27,15.422164916992188
2018-04-30,15.422164916992188
2018-05-01,15.331055641174316
2018-05-02,15.513273239135742
2018-05-03,15.39731502532959
2018-05-04,15.596097946166992
2018-05-07,15.562968254089355
2018-05-08,15.620946884155273
2018-05-09,15.612661361694336
2018-05-10,15.612661361694336
2018-05-11,15.562968254089355
2018-05-14,15.571248054504395
2018-05-15,15.554683685302734
2018-05-16,15.538119316101074
2018-05-17,15.521553039550781
2018-05-18,15.480141639709473
2018-05-21,15.571248054504395
2018-05-22,15.463574409484863
2018-05-23,15.422164916992188
2018-05-24,15.455293655395508
2018-05-25,15.447010040283203
2018-05-29,15.39731502532959
2018-05-30,15.554683685302734
2018-05-31,15.546401977539062
2018-06-01,15.538119316101074
2018-06-04,15.720335960388184
2018-06-05,15.98537826538086
2018-06-06,16.068204879760742
2018-06-07,15.869422912597656
2018-06-08,16.109619140625
2018-06-11,16.043357849121094
2018-06-12,16.001943588256836
2018-06-13,16.001943588256836
2018-06-14,15.794878959655762
2018-06-15,15.447010040283203
2018-06-18,15.455293655395508
2018-06-19,15.074295997619629
2018-06-20,15.05772876739502
2018-06-21,14.983185768127441
2018-06-22,14.950054168701172
2018-06-25,14.685014724731445
2018-06-26,14.825817108154297
2018-06-27,14.734709739685059
2018-06-28,14.718143463134766
2018-06-29,14.569056510925293
2018-07-02,14.444819450378418
2018-07-03,14.312297821044922
2018-07-05,13.989277839660645
2018-07-06,14.096951484680176
2018-07-09,14.130080223083496
2018-07-10,13.923016548156738
2018-07-11,13.633124351501465
2018-07-12,13.666255950927734
2018-07-13,13.641408920288086
2018-07-16,13.533736228942871
2018-07-17,13.484040260314941
2018-07-18,13.682822227478027
2018-07-19,13.434345245361328
2018-07-20,13.62484359741211
2018-07-23,13.616561889648438
2018-07-24,13.807059288024902
2018-07-25,13.91473388671875
2018-07-26,13.749083518981934
2018-07-27,13.724233627319336
2018-07-30,13.70766830444336
2018-07-31,13.906451225280762
2018-08-01,13.550300598144531
2018-08-02,13.52545166015625
2018-08-03,13.633124351501465
2018-08-06,13.583430290222168
2018-08-07,13.616561889648438
2018-08-08,13.831907272338867
2018-08-09,13.715950965881348
2018-08-10,13.616561889648438
2018-08-13,13.484040260314941
2018-08-14,13.368083000183105
2018-08-15,12.87112808227539
2018-08-16,13.045062065124512
2018-08-17,13.227279663085938
2018-08-20,13.21899700164795
2018-08-21,13.326669692993164
2018-08-22,13.368083000183105
2018-08-23,13.34323501586914
2018-08-24,13.566865921020508
2018-08-27,13.542017936706543
2018-08-28,13.70766830444336
2018-08-29,13.740800857543945
2018-08-30,13.500603675842285
2018-08-31,13.492321968078613
2018-09-04,13.144454002380371
2018-09-05,13.177584648132324
2018-09-06,13.185867309570312
2018-09-07,13.144454002380371
2018-09-10,13.136170387268066
2018-09-11,12.962236404418945
2018-09-12,13.227279663085938
2018-09-13,13.10304069519043
2018-09-14,12.887693405151367
2018-09-17,13.003649711608887
2018-09-18,13.21899700164795
2018-09-19,13.26041030883789
2018-09-20,13.467474937438965
2018-09-21,13.70766830444336
2018-09-24,13.62484359741211
2018-09-25,13.699386596679688
2018-09-26,13.674539566040039
2018-09-27,13.533736228942871
2018-09-28,13.765647888183594
2018-10-01,13.89816951751709
2018-10-02,14.022408485412598
2018-10-03,14.328862190246582
2018-10-04,13.980993270874023
2018-10-05,13.840188980102539
2018-10-08,13.773929595947266
2018-10-09,13.906451225280762
2018-10-10,13.674539566040039
2018-10-11,13.616561889648438
2018-10-12,13.790494918823242
2018-10-15,13.682822227478027
2018-10-16,13.691104888916016
2018-10-17,13.773929595947266
2018-10-18,13.674539566040039
2018-10-19,13.699386596679688
2018-10-22,13.749083518981934
2018-10-23,13.757364273071289
2018-10-24,13.691104888916016
2018-10-25,13.674539566040039
2018-10-26,13.715950965881348
2018-10-29,13.484040260314941
2018-10-30,13.326669692993164
2018-10-31,13.161018371582031
2018-11-01,13.409497261047363
2018-11-02,13.583430290222168
2018-11-05,13.450908660888672
2018-11-06,13.301822662353516
2018-11-07,13.351518630981445
2018-11-08,13.384648323059082
2018-11-09,13.268692970275879
2018-11-12,13.1941499710083
2018-11-13,13.210714340209961
2018-11-14,13.334953308105469
2018-11-15,13.42605972290039
2018-11-16,13.674539566040039
2018-11-19,13.550300598144531
2018-11-20,13.401213645935059
2018-11-21,13.542017936706543
2018-11-23,13.384648323059082
2018-11-26,13.368083000183105
2018-11-27,13.136170387268066
2018-11-28,13.368083000183105
2018-11-29,13.310104370117188
2018-11-30,13.492321968078613
2018-12-03,13.616561889648438
2018-12-04,13.59171199798584
2018-12-06,13.542017936706543
2018-12-07,13.533736228942871
2018-12-10,13.459192276000977
2018-12-11,13.533736228942871
2018-12-12,13.442625999450684
2018-12-13,13.450908660888672
2018-12-14,13.34323501586914
2018-12-17,13.384648323059082
2018-12-18,13.185867309570312
2018-12-19,13.152735710144043
2018-12-20,13.301822662353516
2018-12-21,13.119606018066406
2018-12-24,13.097734451293945
2018-12-26,13.223917007446289
2018-12-27,13.114559173583984
2018-12-28,12.963139533996582
2018-12-31,12.94631576538086
2019-01-02,12.693951606750488
2019-01-03,12.769659996032715
2019-01-04,12.954728126525879
2019-01-07,13.089323043823242
2019-01-08,13.030436515808105
2019-01-09,13.022025108337402
2019-01-10,12.94631576538086
2019-01-11,13.013612747192383
2019-01-14,12.9210786819458
2019-01-15,12.979963302612305
2019-01-16,13.072498321533203
2019-01-17,13.240740776062012
2019-01-18,13.308037757873535
2019-01-22,13.27439022064209
2019-01-23,13.375336647033691
2019-01-24,13.350098609924316
2019-01-25,13.61087703704834
2019-01-28,13.451045036315918
2019-01-29,13.518342018127441
2019-01-30,13.711821556091309
2019-01-31,13.770709037780762
2019-02-01,13.720233917236328
2019-02-04,13.938949584960938
2019-02-05,13.863239288330078
2019-02-06,13.770709037780762
2019-02-07,13.762295722961426
2019-02-08,13.669760704040527
2019-02-11,13.493106842041016
2019-02-12,13.375336647033691
2019-02-13,13.417396545410156
2019-02-14,13.333274841308594
2019-02-15,13.577227592468262
2019-02-19,13.644524574279785
2019-02-20,13.779118537902832
2019-02-21,13.80435562133789
2019-02-22,13.938949584960938
2019-02-25,13.955774307250977
2019-02-26,14.031485557556152
2019-02-27,14.115607261657715
2019-02-28,14.039896965026855
2019-03-01,14.039896965026855
2019-03-04,13.871652603149414
2019-03-05,13.964187622070312
2019-03-06,13.964187622070312
2019-03-07,13.812767028808594
2019-03-08,13.812767028808594
2019-03-11,13.88847827911377
2019-03-12,14.115607261657715
2019-03-13,14.140841484069824
2019-03-14,14.056720733642578
2019-03-15,14.006246566772461
2019-03-18,14.065133094787598
2019-03-19,14.157666206359863
2019-03-20,14.309085845947266
2019-03-21,14.140841484069824
2019-03-22,14.014659881591797
2019-03-25,14.023070335388184
2019-03-26,14.149253845214844
2019-03-27,14.140841484069824
2019-03-28,14.132430076599121
2019-03-29,14.334322929382324
2019-04-01,14.250202178955078
2019-04-02,14.140841484069824
2019-04-03,14.317499160766602
2019-04-04,14.309085845947266
2019-04-05,14.208139419555664
2019-04-08,14.216550827026367
2019-04-09,14.174491882324219
2019-04-10,14.182903289794922
2019-04-11,14.115607261657715
2019-04-12,14.241789817810059
2019-04-15,14.208139419555664
2019-04-16,14.056720733642578
2019-04-17,14.048309326171875
2019-04-18,14.023070335388184
2019-04-22,13.997835159301758
2019-04-23,13.930538177490234
2019-04-24,13.930538177490234
2019-04-25,13.812767028808594
2019-04-26,13.854828834533691
2019-04-29,13.880064964294434
2019-04-30,13.922124862670898
2019-05-01,13.61087703704834
2019-05-02,13.602463722229004
2019-05-03,13.661348342895508
2019-05-06,13.703410148620605
2019-05-07,13.493106842041016
2019-05-08,13.333274841308594
2019-05-09,13.324862480163574
2019-05-10,13.375336647033691
2019-05-13,13.165031433105469
2019-05-14,13.25756549835205
2019-05-15,13.392160415649414
2019-05-16,13.417396545410156
2019-05-17,13.249153137207031
2019-05-20,13.14820671081543
2019-05-21,13.14820671081543
2019-05-22,12.954728126525879
2019-05-23,12.988375663757324
2019-05-24,13.097734451293945
2019-05-28,13.097734451293945
2019-05-29,13.013612747192383
2019-05-30,12.979963302612305
2019-05-31,12.862194061279297
2019-06-03,12.794897079467773
2019-06-04,12.853782653808594
2019-06-05,12.719186782836914
2019-06-06,12.853782653808594
2019-06-07,12.719186782836914
2019-06-10,12.81171989440918
2019-06-11,12.9210786819458
2019-06-12,12.895843505859375
2019-06-13,12.836956977844238
2019-06-14,12.702363014221191
2019-06-17,12.752836227416992
2019-06-18,12.971550941467285
2019-06-19,12.904254913330078
2019-06-20,12.904254913330078
2019-06-21,12.778072357177734
2019-06-24,13.030436515808105
2019-06-25,13.156620025634766
2019-06-26,13.072498321533203
2019-06-27,13.022025108337402
2019-06-28,13.038849830627441
2019-07-01,12.9210786819458
2019-07-02,12.853782653808594
2019-07-03,12.879019737243652
2019-07-05,12.828544616699219
2019-07-08,12.727599143981934
2019-07-09,12.727599143981934
2019-07-10,12.929490089416504
2019-07-11,12.862194061279297
2019-07-12,12.954728126525879
2019-07-15,13.038849830627441
2019-07-16,13.030436515808105
2019-07-17,13.089323043823242
2019-07-18,13.080909729003906
2019-07-19,13.047261238098145
2019-07-22,12.94631576538086
2019-07-23,12.963139533996582
2019-07-24,13.030436515808105
2019-07-25,12.963139533996582
2019-07-26,12.9210786819458
2019-07-29,13.030436515808105
2019-07-30,12.929490089416504
2019-07-31,12.862194061279297
2019-08-01,12.67712688446045
2019-08-02,12.475234031677246
2019-08-05,12.399524688720703
2019-08-06,12.391112327575684
2019-08-07,12.3406400680542
2019-08-08,12.458410263061523
2019-08-09,12.33222770690918
2019-08-12,12.349052429199219
2019-08-13,12.567768096923828
2019-08-14,12.38270092010498
2019-08-15,12.374289512634277
2019-08-16,12.391112327575684
2019-08-19,12.374289512634277
2019-08-20,12.290165901184082
2019-08-21,12.424762725830078
2019-08-22,12.290165901184082
2019-08-23,12.231281280517578
2019-08-26,12.163986206054688
2019-08-27,12.298578262329102
2019-08-28,12.273343086242676
2019-08-29,12.26492977142334
2019-08-30,12.189220428466797
2019-09-03,12.155572891235352
2019-09-04,12.449997901916504
2019-09-05,12.626653671264648
2019-09-06,12.550943374633789
2019-09-09,12.567768096923828
2019-09-10,12.685539245605469
2019-09-11,12.660301208496094
2019-09-12,12.643477439880371
2019-09-13,12.862194061279297
2019-09-16,12.66871452331543
2019-09-17,12.626653671264648
2019-09-18,12.542531967163086
2019-09-19,12.542531967163086
2019-09-20,12.466821670532227
2019-09-23,12.576180458068848
2019-09-24,12.424762725830078
2019-09-25,12.399524688720703
2019-09-26,12.3406400680542
2019-09-27,12.407937049865723
2019-09-30,12.424762725830078
2019-10-01,12.349052429199219
2019-10-02,12.298578262329102
2019-10-03,12.231281280517578
2019-10-04,12.32381534576416
2019-10-07,12.32381534576416
2019-10-08,12.3406400680542
2019-10-09,12.357464790344238
2019-10-10,12.525708198547363
2019-10-11,12.60141658782959
2019-10-14,12.626653671264648
2019-10-15,12.618241310119629
2019-10-16,12.567768096923828
2019-10-17,12.651888847351074
2019-10-18,12.752836227416992
2019-10-21,12.752836227416992
2019-10-22,12.693951606750488
2019-10-23,12.803309440612793
2019-10-24,12.836956977844238
2019-10-25,12.93790340423584
2019-10-28,12.988375663757324
2019-10-29,13.022025108337402
2019-10-30,12.954728126525879
2019-10-31,12.845370292663574
2019-11-01,13.038849830627441
2019-11-04,13.114559173583984
2019-11-05,13.131382942199707
2019-11-06,12.988375663757324
2019-11-07,13.072498321533203
2019-11-08,13.064085960388184
2019-11-11,12.93790340423584
2019-11-12,12.887430191040039
2019-11-13,12.761247634887695
2019-11-14,12.643477439880371
2019-11-15,12.66871452331543
2019-11-18,12.525708198547363
2019-11-19,12.567768096923828
2019-11-20,12.534120559692383
2019-11-21,12.517295837402344
2019-11-22,12.508882522583008
2019-11-25,12.500471115112305
2019-11-26,12.626653671264648
2019-11-27,12.651888847351074
2019-11-29,12.534120559692383
2019-12-02,12.500471115112305
2019-12-03,12.391112327575684
2019-12-04,12.466821670532227
2019-12-05,12.424762725830078
2019-12-06,12.593005180358887
2019-12-09,12.567768096923828
2019-12-10,12.550943374633789
2019-12-11,12.609827995300293
2019-12-12,12.761247634887695
2019-12-13,12.67712688446045
2019-12-16,12.761247634887695
2019-12-17,12.778072357177734
2019-12-18,12.828544616699219
2019-12-19,12.954728126525879
2019-12-20,12.963139533996582
2019-12-23,12.845813751220703
2019-12-24,12.820122718811035
2019-12-26,12.854378700256348
2019-12-27,12.991401672363281
2019-12-30,12.982836723327637
2019-12-31,12.794431686401367
2020-01-02,12.931453704833984
2020-01-03,12.914325714111328
2020-01-06,12.96570873260498
2020-01-07,13.025656700134277
2020-01-08,13.059910774230957
2020-01-09,12.982836723327637
2020-01-10,13.034219741821289
2020-01-13,13.059910774230957
2020-01-14,13.102730751037598
2020-01-15,13.111294746398926
2020-01-16,13.13698673248291
2020-01-17,13.171241760253906
2020-01-21,13.19693374633789
2020-01-22,13.025656700134277
2020-01-23,12.837251663208008
2020-01-24,12.725918769836426
2020-01-27,12.366236686706543
2020-01-28,12.314854621887207
2020-01-29,12.194958686828613
2020-01-30,12.143577575683594
2020-01-31,12.075064659118652
2020-02-03,11.886659622192383
2020-02-04,12.006555557250977
2020-02-05,12.203523635864258
2020-02-06,12.229214668273926
2020-02-07,12.049373626708984
2020-02-10,11.972299575805664
2020-02-11,12.13501262664795
2020-02-12,12.13501262664795
2020-02-13,12.229214668273926
2020-02-14,12.117884635925293
2020-02-18,12.126449584960938
2020-02-19,12.117884635925293
2020-02-20,12.015118598937988
2020-02-21,12.032246589660645
2020-02-24,11.83527660369873
2020-02-25,11.801021575927734
2020-02-26,11.801021575927734
2020-02-27,11.749637603759766
2020-02-28,11.723946571350098
2020-03-02,11.895224571228027
2020-03-03,11.869531631469727
2020-03-04,11.83527660369873
2020-03-05,11.809585571289062
2020-03-06,11.681127548217773
2020-03-09,11.561232566833496
2020-03-10,11.71538257598877
2020-03-11,11.5269775390625
2020-03-12,11.407082557678223
2020-03-13,11.578360557556152
2020-03-16,11.389955520629883
2020-03-17,11.013144493103027
2020-03-18,10.696280479431152
2020-03-19,10.602079391479492
2020-03-20,10.430802345275879
2020-03-23,10.216704368591309
2020-03-24,10.465057373046875
2020-03-25,10.447928428649902
2020-03-26,10.5078763961792
2020-03-27,10.525003433227539
2020-03-30,10.42223834991455
2020-03-31,10.576388359069824
2020-04-01,10.33659839630127
2020-04-02,10.5078763961792
2020-04-03,10.405110359191895
2020-04-06,10.465057373046875
2020-04-07,10.559260368347168
2020-04-08,10.5078763961792
2020-04-09,10.567822456359863
2020-04-13,10.824740409851074
2020-04-14,10.756229400634766
2020-04-15,10.713409423828125
2020-04-16,10.739100456237793
2020-04-17,10.85899543762207
2020-04-20,10.6705904006958
2020-04-21,10.602079391479492
2020-04-22,10.653461456298828
2020-04-23,10.662025451660156
2020-04-24,10.662025451660156
2020-04-27,10.713409423828125
2020-04-28,10.730536460876465
2020-04-29,10.790484428405762
2020-04-30,10.687716484069824
2020-05-01,10.567822456359863
2020-05-04,10.550695419311523
2020-05-05,10.62777042388916
2020-05-06,10.764793395996094
2020-05-07,10.850430488586426
2020-05-08,11.021708488464355
2020-05-11,10.996017456054688
2020-05-12,10.764793395996094
2020-05-13,10.790484428405762
2020-05-14,10.824740409851074
2020-05-15,10.739100456237793
2020-05-18,11.06452751159668
2020-05-19,10.944633483886719
2020-05-20,11.141603469848633
2020-05-21,10.98745346069336
2020-05-22,10.918943405151367
2020-05-26,10.918943405151367
2020-05-27,10.850430488586426
2020-05-28,10.850430488586426
2020-05-29,11.133039474487305
2020-06-01,11.124475479125977
2020-06-02,11.184422492980957
2020-06-03,11.227241516113281
2020-06-04,11.227241516113281
2020-06-05,11.355700492858887
2020-06-08,11.54410457611084
2020-06-09,11.458466529846191
2020-06-10,11.741074562072754
2020-06-11,11.270060539245605
2020-06-12,11.432775497436523
2020-06-15,11.407082557678223
2020-06-16,11.381391525268555
2020-06-17,11.441338539123535
2020-06-18,11.5269775390625
2020-06-19,11.518412590026855
2020-06-22,11.621179580688477
2020-06-23,11.518412590026855
2020-06-24,11.501285552978516
2020-06-25,11.56979751586914
2020-06-26,11.58692455291748
2020-06-29,11.646872520446777
2020-06-30,11.655435562133789
2020-07-01,11.741074562072754
2020-07-02,11.723946571350098
2020-07-06,11.83527660369873
2020-07-07,11.843840599060059
2020-07-08,12.08362865447998
2020-07-09,12.092192649841309
2020-07-10,12.374801635742188
2020-07-13,12.3833646774292
2020-07-14,12.400491714477539
2020-07-15,12.340546607971191
2020-07-16,12.340546607971191
2020-07-17,12.29772663116455
2020-07-20,12.366236686706543
2020-07-21,12.554642677307129
2020-07-22,12.391929626464844
2020-07-23,12.451876640319824
2020-07-24,12.374801635742188
2020-07-27,12.44331169128418
2020-07-28,12.563206672668457
2020-07-29,12.640281677246094
2020-07-30,12.597461700439453
2020-07-31,12.554642677307129
2020-08-03,12.717357635498047
2020-08-04,12.768738746643066
2020-08-05,12.862942695617676
2020-08-06,12.957145690917969
2020-08-07,12.665973663330078
2020-08-10,12.854378700256348
2020-08-11,12.845813751220703
2020-08-12,12.880069732666016
2020-08-13,12.683101654052734
2020-08-14,12.73448371887207
2020-08-17,12.974271774291992
2020-08-18,13.085603713989258
2020-08-19,13.231188774108887
2020-08-20,13.188368797302246
2020-08-21,12.982836723327637
2020-08-24,12.999964714050293
2020-08-25,13.111294746398926
2020-08-26,13.145550727844238
2020-08-27,13.188368797302246
2020-08-28,13.299699783325195
2020-08-31,13.359647750854492
2020-09-01,13.419593811035156
2020-09-02,13.316828727722168
2020-09-03,13.162678718566895
2020-09-04,13.376773834228516
2020-09-08,13.119858741760254
2020-09-09,13.19693374633789
2020-09-10,12.897197723388672
2020-09-11,13.205497741699219
2020-09-14,13.325392723083496
2020-09-15,13.265443801879883
2020-09-16,13.351083755493164
2020-09-17,13.376773834228516
2020-09-18,13.462413787841797
2020-09-21,13.188368797302246
2020-09-22,13.188368797302246
2020-09-23,12.837251663208008
2020-09-24,12.880069732666016
2020-09-25,12.888633728027344
2020-09-28,13.059910774230957
2020-09-29,13.042783737182617
2020-09-30,12.96570873260498
2020-10-01,12.588898658752441
2020-10-02,12.743047714233398
2020-10-05,12.811558723449707
2020-10-06,12.743047714233398
2020-10-07,12.957145690917969
2020-10-08,12.999964714050293
2020-10-09,13.256879806518555
2020-10-12,13.316828727722168
2020-10-13,13.21406078338623
2020-10-14,13.239753723144531
2020-10-15,13.316828727722168
2020-10-16,13.308263778686523
2020-10-19,13.333955764770508
2020-10-20,13.505233764648438
2020-10-21,13.633691787719727
2020-10-22,13.57374382019043
2020-10-23,13.565180778503418
2020-10-26,13.411030769348145
2020-10-27,13.393902778625488
2020-10-28,13.325392723083496
2020-10-29,13.34251880645752
2020-10-30,13.351083755493164
2020-11-02,13.556615829467773
2020-11-03,13.522360801696777
2020-11-04,13.667946815490723
2020-11-05,13.685073852539062
2020-11-06,13.839223861694336
2020-11-09,13.830659866333008
2020-11-10,13.907734870910645
2020-11-11,13.84778881072998
2020-11-12,13.856352806091309
2020-11-13,13.959117889404297
2020-11-16,14.113266944885254
2020-11-17,14.216035842895508
2020-11-18,14.275980949401855
2020-11-19,14.36161994934082
2020-11-20,14.524333000183105
2020-11-23,14.301674842834473
2020-11-24,14.455822944641113
2020-11-25,14.455822944641113
2020-11-27,14.72986888885498
2020-11-30,14.789816856384277
2020-12-01,14.961091041564941
2020-12-02,14.85832691192627
2020-12-03,14.781250953674316
2020-12-04,14.918272018432617
2020-12-07,14.978219985961914
2020-12-08,14.901144027709961
2020-12-09,15.07242488861084
2020-12-10,15.269392013549805
2020-12-11,14.961091041564941
2020-12-14,15.080986976623535
2020-12-15,15.021039009094238
2020-12-16,15.01247501373291
2020-12-17,15.269392013549805
2020-12-18,15.286520004272461
2020-12-21,15.1409330368042
2020-12-22,14.82406997680664
2020-12-23,14.986783027648926
2020-12-24,15.106678009033203
2020-12-28,15.106678009033203
2020-12-29,14.815505981445312
2020-12-30,14.832633018493652
2020-12-31,14.781250953674316
2021-01-04,15.038166046142578
2021-01-05,15.235136032104492
2021-01-06,15.286520004272461
2021-01-07,15.397850036621094
2021-01-08,15.183752059936523
2021-01-11,14.909708976745605
2021-01-12,15.132369995117188
2021-01-13,14.995347023010254
2021-01-14,15.01247501373291
2021-01-15,14.755558013916016
2021-01-19,14.704174995422363
2021-01-20,14.892580032348633
2021-01-21,14.901144027709961
2021-01-22,14.866890907287598
2021-01-25,14.926835060119629
2021-01-26,14.815505981445312
2021-01-27,14.47295093536377
2021-01-28,14.524333000183105
2021-01-29,14.413004875183105
2021-02-01,14.421568870544434
2021-02-02,14.404440879821777
2021-02-03,14.567153930664062
2021-02-04,14.627100944519043
2021-02-05,14.85832691192627
2021-02-08,14.866890907287598
2021-02-09,15.115242004394531
2021-02-10,15.22657299041748
2021-02-11,15.41497802734375
2021-02-12,15.517745018005371
2021-02-16,15.577691078186035
2021-02-17,15.6376371383667
2021-02-18,15.885990142822266
2021-02-19,16.06583023071289
2021-02-22,16.288494110107422
2021-02-23,16.339874267578125
2021-02-24,16.62248420715332
2021-02-25,16.49402618408203
2021-02-26,16.014448165893555
2021-03-01,15.954501152038574
2021-03-02,16.42551612854004
2021-03-03,16.185726165771484
2021-03-04,15.671893119812012
2021-03-05,16.07439613342285
2021-03-08,16.031574249267578
2021-03-09,15.920245170593262
2021-03-10,15.911683082580566
2021-03-11,16.237110137939453
2021-03-12,16.185726165771484
2021-03-15,16.365568161010742
2021-03-16,16.014448165893555
2021-03-17,16.374130249023438
2021-03-18,16.023012161254883
2021-03-19,16.357004165649414
2021-03-22,16.53684425354004
2021-03-23,16.100088119506836
2021-03-24,16.12578010559082
2021-03-25,16.100088119506836
2021-03-26,16.348438262939453
2021-03-29,16.271364212036133
2021-03-30,16.014448165893555
2021-03-31,15.954501152038574
2021-04-01,15.988757133483887
2021-04-05,16.228546142578125
2021-04-06,16.33131217956543
2021-04-07,16.237110137939453
2021-04-08,16.434080123901367
2021-04-09,16.305622100830078
2021-04-12,16.100088119506836
2021-04-13,16.254236221313477
2021-04-14,16.468334197998047
2021-04-15,16.69955825805664
2021-04-16,16.57966423034668
2021-04-19,16.716686248779297
2021-04-20,16.562538146972656
2021-04-21,16.810888290405273
2021-04-22,16.65673828125
2021-04-23,16.905092239379883
2021-04-26,17.264774322509766
2021-04-27,17.299030303955078
2021-04-28,17.427490234375
2021-04-29,17.324722290039062
2021-04-30,17.29046630859375
2021-05-03,17.51312828063965
2021-05-04,17.51312828063965
2021-05-05,17.478872299194336
2021-05-06,17.770044326782227
2021-05-07,18.112598419189453
2021-05-10,18.044086456298828
2021-05-11,18.241056442260742
2021-05-12,17.9241943359375
2021-05-13,17.66727638244629
2021-05-14,17.7614803314209
2021-05-17,18.07834243774414
2021-05-18,18.0355224609375
2021-05-19,17.615894317626953
2021-05-20,17.444618225097656
2021-05-21,17.427490234375
2021-05-24,17.444618225097656
2021-05-25,17.46174430847168
2021-05-26,17.521690368652344
2021-05-27,18.061214447021484
2021-05-28,18.112598419189453
2021-06-01,18.044086456298828
2021-06-02,17.889936447143555
2021-06-03,17.436054229736328
2021-06-04,17.658714294433594
2021-06-07,17.573074340820312
2021-06-08,17.770044326782227
2021-06-09,17.658714294433594
2021-06-10,17.607328414916992
2021-06-11,17.80430030822754
2021-06-14,17.778610229492188
2021-06-15,17.410358428955078
2021-06-16,17.3161563873291
2021-06-17,16.69955825805664
2021-06-18,16.57110023498535
2021-06-21,16.673866271972656
2021-06-22,16.80232810974121
2021-06-23,17.0421142578125
2021-06-24,17.09349822998047
2021-06-25,17.17057228088379
2021-06-28,17.256210327148438
2021-06-29,17.2048282623291
2021-06-30,17.3161563873291
2021-07-01,17.12775421142578
2021-07-02,17.333284378051758
2021-07-06,17.179134368896484
2021-07-07,17.144880294799805
2021-07-08,17.09349822998047
2021-07-09,17.427490234375
2021-07-12,17.273338317871094
2021-07-13,17.264774322509766
2021-07-14,17.187700271606445
2021-07-15,17.221954345703125
2021-07-16,17.256210327148438
2021-07-19,16.8794002532959
2021-07-20,17.119190216064453
2021-07-21,17.06780433654785
2021-07-22,17.13631820678711
2021-07-23,17.444618225097656
2021-07-26,17.641584396362305
2021-07-27,17.444618225097656
2021-07-28,17.521690368652344
2021-07-29,17.821428298950195
2021-07-30,17.778610229492188
2021-08-02,17.787172317504883
2021-08-03,17.615894317626953
2021-08-04,17.478872299194336
2021-08-05,17.5902042388916
2021-08-06,17.51312828063965
2021-08-09,17.341848373413086
2021-08-10,17.607328414916992
2021-08-11,17.675838470458984
2021-08-12,17.51312828063965
2021-08-13,17.658714294433594
2021-08-16,17.573074340820312
2021-08-17,17.384668350219727
2021-08-18,17.162010192871094
2021-08-19,16.939348220825195
2021-08-20,17.119190216064453
2021-08-23,17.230520248413086
2021-08-24,17.521690368652344
2021-08-25,17.555946350097656
2021-08-26,17.46174430847168
2021-08-27,17.658714294433594
2021-08-30,17.812862396240234
2021-08-31,17.83855438232422
2021-09-01,17.684404373168945
2021-09-02,17.684404373168945
2021-09-03,17.787172317504883
2021-09-07,17.881372451782227
2021-09-08,17.94988441467285
2021-09-09,18.155420303344727
2021-09-10,18.497974395751953
2021-09-13,18.32669448852539
2021-09-14,18.061214447021484
2021-09-15,18.360950469970703
2021-09-16,18.146854400634766
2021-09-17,18.069778442382812
2021-09-20,17.795734405517578
2021-09-21,17.71009635925293
2021-09-22,18.146854400634766
2021-09-23,18.232494354248047
2021-09-24,18.309566497802734
2021-09-27,18.309566497802734
2021-09-28,18.266748428344727
2021-09-29,18.0355224609375
2021-09-30,17.727224349975586
2021-10-01,17.91562843322754
2021-10-04,18.112598419189453
2021-10-05,18.095470428466797
2021-10-06,17.967012405395508
2021-10-07,18.266748428344727
2021-10-08,18.523662567138672
2021-10-11,18.900474548339844
2021-10-12,18.900474548339844
2021-10-13,19.345796585083008
2021-10-14,19.791118621826172
2021-10-15,20.476226806640625
2021-10-18,20.219314575195312
2021-10-19,19.799684524536133
2021-10-20,20.030906677246094
2021-10-21,18.934730529785156
2021-10-22,18.814836502075195
2021-10-25,19.00324249267578
2021-10-26,18.806272506713867
2021-10-27,18.0869083404541
2021-10-28,18.4208984375
2021-10-29,18.34382438659668
2021-11-01,18.292438507080078
2021-11-02,18.12972640991211
2021-11-03,18.12972640991211
2021-11-04,17.66727638244629
2021-11-05,17.718658447265625
2021-11-08,17.992704391479492
2021-11-09,17.90706443786621
2021-11-10,17.778610229492188
2021-11-11,18.112598419189453
2021-11-12,18.266748428344727
2021-11-15,18.00126838684082
2021-11-16,17.812862396240234
2021-11-17,17.63302230834961
2021-11-18,17.821428298950195
2021-11-19,18.146854400634766
2021-11-22,18.41233253479004
2021-11-23,18.292438507080078
2021-11-24,18.523662567138672
2021-11-26,17.82999038696289
2021-11-29,18.00126838684082
2021-11-30,17.898502349853516
2021-12-01,17.692968368530273
2021-12-02,17.66727638244629
2021-12-03,17.7614803314209
2021-12-06,17.812862396240234
2021-12-07,17.94988441467285
2021-12-08,18.181110382080078
2021-12-09,18.052650451660156
2021-12-10,17.958446502685547
2021-12-13,18.155420303344727
2021-12-14,17.958446502685547
2021-12-15,17.941322326660156
2021-12-16,18.32669448852539
2021-12-17,18.283876419067383
2021-12-20,18.138290405273438
2021-12-21,18.59217643737793
2021-12-22,18.934730529785156
2021-12-23,18.986114501953125
2021-12-27,19.0289306640625
2021-12-28,18.96042251586914
2021-12-29,18.866220474243164
2021-12-30,18.874784469604492
2021-12-31,19.063188552856445
2022-01-03,18.909038543701172
2022-01-04,19.165956497192383
2022-01-05,19.165956497192383
2022-01-06,19.32866859436035
2022-01-07,19.294414520263672
2022-01-10,19.123136520385742
2022-01-11,19.49994659423828
2022-01-12,19.551328659057617
2022-01-13,19.508512496948242
2022-01-14,19.4656925201416
2022-01-18,19.542766571044922
2022-01-19,19.731172561645508
2022-01-20,20.065162658691406
2022-01-21,19.808246612548828
2022-01-24,19.739734649658203
2022-01-25,19.859628677368164
2022-01-26,19.859628677368164
2022-01-27,19.89388656616211
2022-01-28,19.71404266357422
2022-01-31,19.585586547851562
2022-02-01,19.81681251525879
2022-02-02,19.78255271911621
2022-02-03,19.731172561645508
2022-02-04,19.99665069580078
2022-02-07,20.107980728149414
2022-02-08,20.13367462158203
2022-02-09,20.690324783325195
2022-02-10,20.553302764892578
2022-02-11,20.236438751220703
2022-02-14,20.21074867248535
2022-02-15,20.236438751220703
2022-02-16,20.38202476501465
2022-02-17,20.399150848388672
2022-02-18,20.441972732543945
2022-02-22,20.527612686157227
2022-02-23,20.364898681640625
2022-02-24,20.733142852783203
2022-02-25,20.74170684814453
2022-02-28,20.921550750732422
2022-03-01,21.306922912597656
2022-03-02,21.872140884399414
2022-03-03,22.600069046020508
2022-03-04,23.096773147583008
2022-03-07,22.865550994873047
2022-03-08,22.814165115356445
2022-03-09,20.904422760009766
2022-03-10,21.392560958862305
2022-03-11,21.486766815185547
2022-03-14,20.775962829589844
2022-03-15,20.758834838867188
2022-03-16,20.8444766998291
2022-03-17,21.324050903320312
2022-03-18,21.332616806030273
2022-03-21,21.846450805664062
2022-03-22,21.829322814941406
2022-03-23,22.711400985717773
2022-03-24,22.111927032470703
2022-03-25,22.257516860961914
2022-03-28,22.326025009155273
2022-03-29,21.923524856567383
2022-03-30,22.411664962768555
2022-03-31,22.12905502319336
2022-04-01,22.343154907226562
2022-04-04,22.248950958251953
2022-04-05,22.274641036987305
2022-04-06,22.206130981445312
2022-04-07,21.983470916748047
2022-04-08,22.12049102783203
2022-04-11,21.743680953979492
2022-04-12,22.14618492126465
2022-04-13,22.163312911987305
2022-04-14,22.163312911987305
2022-04-18,22.454483032226562
2022-04-19,22.18044090270996
2022-04-20,22.00916290283203
2022-04-21,22.18044090270996
2022-04-22,21.820756912231445
2022-04-25,21.08426284790039
2022-04-26,20.87873077392578
2022-04-27,21.050006866455078
2022-04-28,20.733142852783203
2022-04-29,20.356332778930664
2022-05-02,20.0737247467041
2022-05-03,19.87675666809082
2022-05-04,20.373462677001953
2022-05-05,19.84250259399414
2022-05-06,19.371488571166992
2022-05-09,18.797710418701172
2022-05-10,18.677814483642578
2022-05-11,19.0289306640625
2022-05-12,18.669248580932617
2022-05-13,18.943294525146484
2022-05-16,19.04606056213379
2022-05-17,19.28584861755371
2022-05-18,18.89191246032715
2022-05-19,19.559894561767578
2022-05-20,19.619840621948242
2022-05-23,19.808246612548828
2022-05-24,19.62840461730957
2022-05-25,19.525636672973633
2022-05-26,19.508512496948242
2022-05-27,19.82537269592285
2022-05-31,19.671222686767578
2022-06-01,19.397178649902344
2022-06-02,20.21074867248535
2022-06-03,19.81681251525879
2022-06-06,19.7482967376709
2022-06-07,19.619840621948242
2022-06-08,19.696916580200195
2022-06-09,19.294414520263672
2022-06-10,18.95185661315918
2022-06-13,18.59217643737793
2022-06-14,18.275312423706055
2022-06-15,18.634994506835938
2022-06-16,18.33525848388672
2022-06-17,17.94988441467285
2022-06-21,18.155420303344727
2022-06-22,17.975576400756836
2022-06-23,17.51312828063965
2022-06-24,17.21339225769043
2022-06-27,17.281904220581055
2022-06-28,17.281904220581055
2022-06-29,17.23908233642578
2022-06-30,16.63104820251465
2022-07-01,16.51972007751465
2022-07-05,15.928810119628906
2022-07-06,16.057268142700195
2022-07-07,16.416950225830078
2022-07-08,16.348438262939453
2022-07-11,15.851734161376953
2022-07-12,15.423541069030762
2022-07-13,15.380721092224121
2022-07-14,15.132369995117188
2022-07-15,15.295083045959473
2022-07-18,15.64620304107666
2022-07-19,15.500617027282715
2022-07-20,15.6376371383667
2022-07-21,15.671893119812012
2022-07-22,15.766098022460938
2022-07-25,15.731840133666992
2022-07-26,15.911683082580566
2022-07-27,16.09152603149414
2022-07-28,16.45120620727539
2022-07-29,16.845144271850586
2022-08-01,16.75094223022461
2022-08-02,16.45120620727539
2022-08-03,16.399824142456055
2022-08-04,16.690994262695312
2022-08-05,16.845144271850586
2022-08-08,16.8794002532959
2022-08-09,17.119190216064453
2022-08-10,17.37610626220703
2022-08-11,17.555946350097656
2022-08-12,17.307592391967773
2022-08-15,17.084932327270508
2022-08-16,17.196264266967773
2022-08-17,17.007858276367188
2022-08-18,16.982166290283203
2022-08-19,17.01642417907715
2022-08-22,17.144880294799805
2022-08-23,17.110626220703125
2022-08-24,17.153444290161133
2022-08-25,17.299030303955078
2022-08-26,17.393230438232422
2022-08-29,17.12775421142578
2022-08-30,16.768070220947266
2022-08-31,16.7081241607666
2022-09-01,16.07439613342285
2022-09-02,15.800353050231934
2022-09-06,15.963064193725586
2022-09-07,15.800353050231934
2022-09-08,16.08296012878418
2022-09-09,16.314184188842773
2022-09-12,16.485462188720703
2022-09-13,16.374130249023438
2022-09-14,16.3227481842041
2022-09-15,16.237110137939453
2022-09-16,16.237110137939453
2022-09-19,16.1600341796875
2022-09-20,16.100088119506836
2022-09-21,15.860300064086914
2022-09-22,15.954501152038574
2022-09-23,15.543434143066406
2022-09-26,15.183752059936523
2022-09-27,15.01247501373291
2022-09-28,15.312210083007812
2022-09-29,15.654765129089355
2022-09-30,15.329337120056152
2022-10-03,15.49205207824707
2022-10-04,16.1600341796875
2022-10-05,16.288494110107422
2022-10-06,16.048704147338867
2022-10-07,15.689022064208984
2022-10-10,15.663329124450684
2022-10-11,15.509181022644043
2022-10-12,15.774660110473633
2022-10-13,15.748968124389648
2022-10-14,15.534871101379395
2022-10-17,15.337902069091797
2022-10-18,15.22657299041748
2022-10-19,15.286520004272461
2022-10-20,15.534871101379395
2022-10-21,15.680456161499023
2022-10-24,15.552000045776367
2022-10-25,15.483489036560059
2022-10-26,16.005884170532227
2022-10-27,15.868863105773926
2022-10-28,15.432106971740723
2022-10-31,15.055295944213867
2022-11-01,15.44067096710205
2022-11-02,15.35503101348877
2022-11-03,15.337902069091797
2022-11-04,16.305622100830078
2022-11-07,16.100088119506836
2022-11-08,16.305622100830078
2022-11-09,16.057268142700195
2022-11-10,16.339874267578125
2022-11-11,16.9907283782959
2022-11-14,17.230520248413086
2022-11-15,17.153444290161133
2022-11-16,16.862274169921875
2022-11-17,16.690994262695312
2022-11-18,16.74237823486328
2022-11-21,16.434080123901367
2022-11-22,16.54541015625
2022-11-23,16.54541015625
2022-11-25,16.468334197998047
2022-11-28,16.45120620727539
2022-11-29,16.52828025817871
2022-11-30,17.23908233642578
2022-12-01,17.2048282623291
2022-12-02,17.538820266723633
2022-12-05,17.307592391967773
2022-12-06,17.401796340942383
2022-12-07,17.66727638244629
2022-12-08,17.675838470458984
2022-12-09,17.555946350097656
2022-12-12,17.48743438720703
2022-12-13,17.684404373168945
2022-12-14,17.58163833618164
2022-12-15,17.153444290161133
2022-12-16,16.913654327392578
2022-12-19,16.813379287719727
2022-12-20,17.029491424560547
2022-12-21,16.925758361816406
2022-12-22,16.744224548339844
2022-12-23,16.90846824645996
2022-12-27,17.211023330688477
2022-12-28,16.977622985839844
2022-12-29,16.977622985839844
2022-12-30,16.813379287719727
2023-01-03,16.70964813232422
2023-01-04,16.54540252685547
2023-01-05,16.683713912963867
2023-01-06,17.04677963256836
2023-01-09,17.695110321044922
2023-01-10,17.893932342529297
2023-01-11,18.14461898803711
2023-01-12,18.403953552246094
2023-01-13,18.67193031311035
2023-01-17,18.75837516784668
2023-01-18,18.85346221923828
2023-01-19,18.965839385986328
2023-01-20,19.000417709350586
2023-01-23,19.052284240722656
2023-01-24,19.164661407470703
2023-01-25,19.225170135498047
2023-01-26,19.294326782226562
2023-01-27,19.06092643737793
2023-01-30,18.767017364501953
2023-01-31,18.991771697998047
2023-02-01,18.85346221923828
2023-02-02,18.576839447021484
2023-02-03,18.205129623413086
2023-02-06,17.980375289916992
2023-02-07,18.19648551940918
2023-02-08,17.928510665893555
2023-02-09,17.94580078125
2023-02-10,17.591379165649414
2023-02-13,17.72104263305664
2023-02-14,17.75562286376953
2023-02-15,17.40984344482422
2023-02-16,17.591379165649414
2023-02-17,17.738332748413086
2023-02-21,18.049530029296875
2023-02-22,17.77290916442871
2023-02-23,17.496288299560547
2023-02-24,17.10729217529297
2023-02-27,17.280179977416992
2023-02-28,17.496288299560547
2023-03-01,18.006309509277344
2023-03-02,17.591379165649414
2023-03-03,17.582733154296875
2023-03-06,17.55679702758789
2023-03-07,17.12457847595215
2023-03-08,17.314756393432617
2023-03-09,17.09864616394043
2023-03-10,17.04677963256836
2023-03-13,17.211023330688477
2023-03-14,17.19373321533203
2023-03-15,16.735580444335938
2023-03-16,16.692358016967773
2023-03-17,16.80473518371582
2023-03-20,16.873891830444336
2023-03-21,16.873891830444336
2023-03-22,16.934402465820312
2023-03-23,17.211023330688477
2023-03-24,17.20237922668457
2023-03-27,17.349334716796875
2023-03-28,17.35797882080078
2023-03-29,17.4789981842041
2023-03-30,17.4789981842041
2023-03-31,17.461711883544922
2023-04-03,17.30611228942871
2023-04-04,17.04677963256836
2023-04-05,16.94304847717285
2023-04-06,16.968978881835938
2023-04-10,16.882535934448242
2023-04-11,16.83066749572754
2023-04-12,16.951692581176758
2023-04-13,17.262889862060547
2023-04-14,17.280179977416992
2023-04-17,17.185089111328125
2023-04-18,17.375268936157227
2023-04-19,17.271535873413086
2023-04-20,17.10729217529297
2023-04-21,16.90846824645996
2023-04-24,16.787446975708008
2023-04-25,16.381160736083984
2023-04-26,16.458961486816406
2023-04-27,16.51947021484375
2023-04-28,16.57133674621582
2023-05-01,16.72693634033203
2023-05-02,16.433027267456055
2023-05-03,16.372516632080078
2023-05-04,16.363872528076172
2023-05-05,16.605915069580078
2023-05-08,16.65778160095215
2023-05-09,16.588626861572266
2023-05-10,16.320648193359375
2023-05-11,15.827916145324707
2023-05-12,15.931652069091797
2023-05-15,16.000804901123047
2023-05-16,15.78469467163086
2023-05-17,16.05267333984375
2023-05-18,15.8192720413208
2023-05-19,15.905716896057129
2023-05-22,15.698251724243164
2023-05-23,15.404341697692871
2023-05-24,15.162297248840332
2023-05-25,15.12771987915039
2023-05-26,15.499430656433105
2023-05-30,15.352474212646484
2023-05-31,15.274675369262695
2023-06-01,15.430274963378906
2023-06-02,15.508074760437012
2023-06-05,15.473495483398438
2023-06-06,15.516717910766602
2023-06-07,15.60316276550293
2023-06-08,15.776050567626953
2023-06-09,15.689605712890625
2023-06-12,15.551297187805176
2023-06-13,15.732829093933105
2023-06-14,15.957584381103516
2023-06-15,16.035383224487305
2023-06-16,16.061317443847656
2023-06-20,15.776050567626953
2023-06-21,15.888428688049316
2023-06-22,15.862495422363281
2023-06-23,15.551297187805176
2023-06-26,15.395695686340332
2023-06-27,15.585875511169434
2023-06-28,15.456207275390625
2023-06-29,15.352474212646484
2023-06-30,15.516717910766602
2023-07-03,15.551297187805176
2023-07-05,15.421629905700684
2023-07-06,15.404341697692871
2023-07-07,15.490784645080566
2023-07-10,15.499430656433105
2023-07-11,15.542652130126953
2023-07-12,15.940296173095703
2023-07-13,16.268783569335938
2023-07-14,16.121828079223633
2023-07-17,15.94894027709961
2023-07-18,15.776050567626953
2023-07-19,15.698251724243164
2023-07-20,15.732829093933105
2023-07-21,15.758761405944824
2023-07-24,15.871139526367188
2023-07-25,16.216915130615234
2023-07-26,16.104537963867188
2023-07-27,15.905716896057129
2023-07-28,16.216915130615234
2023-07-31,16.62320327758789
2023-08-01,16.372516632080078
2023-08-02,16.087249755859375
2023-08-03,16.216915130615234
2023-08-04,16.165048599243164
2023-08-07,16.14776039123535
2023-08-08,15.914362907409668
2023-08-09,15.94894027709961
2023-08-10,15.862495422363281
2023-08-11,15.663674354553223
2023-08-14,15.516717910766602
2023-08-15,15.317896842956543
2023-08-16,15.274675369262695
2023-08-17,15.352474212646484
2023-08-18,15.387052536010742
2023-08-21,15.473495483398438
2023-08-22,15.620452880859375
2023-08-23,15.741473197937012
2023-08-24,15.655030250549316
2023-08-25,15.698251724243164
2023-08-28,15.655030250549316
2023-08-29,15.862495422363281
2023-08-30,15.931652069091797
2023-08-31,15.914362907409668
2023-09-01,16.121828079223633
2023-09-05,15.931652069091797
2023-09-06,15.914362907409668
2023-09-07,15.897072792053223
2023-09-08,15.70689582824707
2023-09-11,16.018095016479492
2023-09-12,15.957584381103516
2023-09-13,16.035383224487305
2023-09-14,16.182336807250977
2023-09-15,16.009450912475586
2023-09-18,16.113182067871094
2023-09-19,15.98351764678955
2023-09-20,16.09589385986328
2023-09-21,15.940296173095703
2023-09-22,16.104537963867188
2023-09-25,16.05267333984375
2023-09-26,15.931652069091797
2023-09-27,15.923006057739258
2023-09-28,16.346582412719727
2023-09-29,16.562692642211914
2023-10-02,16.28607177734375
2023-10-03,15.992161750793457
2023-10-04,15.793340682983398
2023-10-05,15.715540885925293
2023-10-06,15.879783630371094
2023-10-09,15.98351764678955
2023-10-10,15.793340682983398
2023-10-11,15.776050567626953
2023-10-12,15.663674354553223
2023-10-13,15.663674354553223
2023-10-16,15.629096984863281
2023-10-17,15.577231407165527
2023-10-18,15.585875511169434
2023-10-19,15.60316276550293
2023-10-20,15.559941291809082
2023-10-23,15.542652130126953
2023-10-24,15.750117301940918
2023-10-25,15.732829093933105
2023-10-26,15.629096984863281
2023-10-27,15.845205307006836
2023-10-30,15.94894027709961
2023-10-31,15.827916145324707
2023-11-01,15.974871635437012
2023-11-02,15.966227531433105
2023-11-03,16.04402732849121
2023-11-06,16.251493453979492
2023-11-07,16.251493453979492
2023-11-08,16.225561141967773
2023-11-09,16.13047218322754
2023-11-10,15.992161750793457
2023-11-13,16.087249755859375
2023-11-14,16.182336807250977
2023-11-15,16.31200408935547
2023-11-16,16.139116287231445
2023-11-17,16.14776039123535
2023-11-20,16.33793830871582
2023-11-21,16.303361892700195
2023-11-22,16.09589385986328
2023-11-24,16.2601375579834
2023-11-27,16.14776039123535
2023-11-28,16.268783569335938
2023-11-29,16.14776039123535
2023-11-30,16.06995964050293
2023-12-01,16.24285125732422
2023-12-04,15.94894027709961
2023-12-05,15.801983833312988
2023-12-06,15.655030250549316
2023-12-07,15.732829093933105
2023-12-08,15.741473197937012
2023-12-11,15.698251724243164
2023-12-12,15.732829093933105
2023-12-13,15.931652069091797
2023-12-14,16.156404495239258
2023-12-15,16.346582412719727
2023-12-18,16.402339935302734
2023-12-19,16.53244400024414
2023-12-20,16.38375473022461
2023-12-21,16.485979080200195
2023-12-22,16.736892700195312
2023-12-26,16.72760009765625
2023-12-27,17.080738067626953
2023-12-28,16.93204689025879
2023-12-29,17.006391525268555
2024-01-02,16.709012985229492
2024-01-03,16.634666442871094
2024-01-04,16.43951416015625
2024-01-05,16.337289810180664
2024-01-08,16.244356155395508
2024-01-09,16.197891235351562
2024-01-10,16.179306030273438
2024-01-11,16.1885986328125
2024-01-12,16.095666885375977
2024-01-16,16.1885986328125
2024-01-17,15.919096946716309
2024-01-18,15.909805297851562
2024-01-19,16.002737045288086
2024-01-22,15.835461616516113
2024-01-23,16.244356155395508
2024-01-24,16.448806762695312
2024-01-25,16.485979080200195
2024-01-26,16.523151397705078
2024-01-29,16.495271682739258
2024-01-30,16.597496032714844
2024-01-31,16.495271682739258
2024-02-01,16.235063552856445
2024-02-02,16.16071891784668
2024-02-05,15.937684059143066
2024-02-06,16.03990936279297
2024-02-07,15.909805297851562
2024-02-08,15.705357551574707
2024-02-09,15.593839645385742
2024-02-12,15.761115074157715
2024-02-13,15.649599075317383
2024-02-14,15.68677043914795
2024-02-15,15.854045867919922
2024-02-16,15.974857330322266
2024-02-20,15.993443489074707
2024-02-21,16.086374282836914
2024-02-22,16.058496475219727
2024-02-23,16.002737045288086
2024-02-26,15.965563774108887
2024-02-27,16.021324157714844
2024-02-28,15.993443489074707
2024-02-29,16.114253997802734
2024-03-01,16.16071891784668
2024-03-04,16.179306030273438
2024-03-05,16.170011520385742
2024-03-06,16.253650665283203
2024-03-07,16.485979080200195
2024-03-08,16.41163444519043
2024-03-11,16.551029205322266
2024-03-12,16.58820343017578
2024-03-13,16.774065017700195
2024-03-14,16.72760009765625
2024-03-15,16.9041690826416
2024-03-18,16.829824447631836
2024-03-19,16.67184066772461
2024-03-20,16.820531845092773
2024-03-21,16.84840965270996
2024-03-22,16.634666442871094
2024-03-25,16.746187210083008
2024-03-26,16.541736602783203
2024-03-27,16.597496032714844
2024-03-28,16.690425872802734
2024-04-01,16.774065017700195
2024-04-02,16.95992660522461
2024-04-03,17.4803409576416
2024-04-04,17.563980102539062
2024-04-05,17.7033748626709
2024-04-08,17.861358642578125
2024-04-09,17.944995880126953
2024-04-10,18.000755310058594
2024-04-11,18.01934051513672
2024-04-12,18.102977752685547
2024-04-15,18.363187789916992
2024-04-16,18.195911407470703
2024-04-17,18.428237915039062
2024-04-18,18.679153442382812
2024-04-19,18.930068969726562
2024-04-22,18.874305725097656
2024-04-23,18.493289947509766
2024-04-24,18.58622169494629
2024-04-25,18.790668487548828
2024-04-26,18.809255599975586
2024-04-29,19.162395477294922
2024-04-30,18.874305725097656
2024-05-01,18.827842712402344
2024-05-02,18.744203567504883
2024-05-03,18.88360023498535
2024-05-06,19.041584014892578
2024-05-07,19.004411697387695
2024-05-08,18.809255599975586
2024-05-09,18.920774459838867
2024-05-10,18.892892837524414
2024-05-13,19.25532341003418
2024-05-14,19.143808364868164
2024-05-15,19.311084747314453
2024-05-16,19.366844177246094
2024-05-17,19.831499099731445
2024-05-20,20.100997924804688
2024-05-21,20.11029052734375
2024-05-22,19.599170684814453
2024-05-23,19.496946334838867
2024-05-24,19.664222717285156
2024-05-28,20.0731201171875
2024-05-29,20.100997924804688
2024-05-30,19.636343002319336
2024-05-31,19.376136779785156
2024-06-03,19.32037925720215
2024-06-04,19.17168617248535
2024-06-05,19.0694637298584
2024-06-06,19.19027328491211
2024-06-07,18.465412139892578
2024-06-10,18.772083282470703
2024-06-11,18.502582550048828
2024-06-12,18.73491096496582
2024-06-13,18.688446044921875
2024-06-14,18.456117630004883
2024-06-17,18.465412139892578
2024-06-18,18.53975486755371
2024-06-20,18.716323852539062
2024-06-21,18.595516204833984
2024-06-24,18.53975486755371
2024-06-25,18.48399543762207
2024-06-26,18.69774055480957
2024-06-27,18.595516204833984
2024-06-28,18.716323852539062
2024-07-01,18.679153442382812
2024-07-02,18.73491096496582
2024-07-03,19.060171127319336
2024-07-05,19.236740112304688
2024-07-08,19.02299690246582
2024-07-09,18.892892837524414
2024-07-10,18.920774459838867
2024-07-11,18.837135314941406
2024-07-12,18.855722427368164
2024-07-15,18.781375885009766
2024-07-16,18.51187515258789
2024-07-17,18.335308074951172
2024-07-18,17.98217010498047
2024-07-19,17.8427734375
2024-07-22,17.61973762512207
2024-07-23,17.433874130249023
2024-07-24,17.24801254272461
2024-07-25,17.294479370117188
2024-07-26,17.30377197265625
2024-07-29,17.15508270263672
2024-07-30,17.15508270263672
2024-07-31,17.52680778503418
2024-08-01,17.27589225769043
2024-08-02,17.294479370117188
2024-08-05,17.052858352661133
2024-08-06,17.034271240234375
2024-08-07,16.801944732666016
2024-08-08,17.080738067626953
2024-08-09,17.340944290161133
2024-08-12,17.47104835510254
2024-08-13,17.350236892700195
2024-08-14,17.378116607666016
2024-08-15,17.69408416748047
2024-08-16,17.721961975097656
2024-08-19,17.972875595092773
2024-08-20,18.037927627563477
2024-08-21,18.25166893005371
2024-08-22,18.168031692504883
2024-08-23,18.502582550048828
2024-08-26,18.604808807373047
2024-08-27,18.632686614990234
2024-08-28,18.29813575744629
2024-08-29,18.23308563232422
2024-08-30,18.260963439941406
2024-09-03,17.852066040039062
2024-09-04,17.721961975097656
2024-09-05,17.601152420043945
2024-09-06,17.368824005126953
2024-09-09,17.601152420043945
2024-09-10,17.452463150024414
2024-09-11,17.787012100219727
2024-09-12,18.093685150146484
2024-09-13,18.27025604248047
2024-09-16,18.521169662475586
2024-09-17,18.48399543762207
2024-09-18,18.344600677490234
2024-09-19,18.679153442382812
2024-09-20,18.409650802612305
2024-09-23,18.48399543762207
2024-09-24,19.17168617248535
2024-09-25,18.995119094848633
2024-09-26,19.50623893737793
2024-09-27,19.450481414794922
2024-09-30,19.32037925720215
2024-10-01,19.608463287353516
2024-10-02,19.90584373474121
2024-10-03,19.50623893737793
2024-10-04,19.738567352294922
2024-10-07,19.719980239868164
2024-10-08,19.311084747314453
2024-10-09,19.004411697387695
2024-10-10,19.283205032348633
2024-10-11,19.515531539916992
2024-10-14,19.25532341003418
2024-10-15,18.98582649230957
2024-10-16,19.05087661743164
2024-10-17,18.911481857299805
2024-10-18,19.227445602416992
2024-10-21,19.07875633239746
2024-10-22,19.311084747314453
2024-10-23,19.180978775024414
2024-10-24,19.32037925720215
2024-10-25,19.21815299987793
2024-10-28,19.32037925720215
2024-10-29,19.292499542236328
2024-10-30,19.115928649902344
2024-10-31,19.032291412353516
2024-11-01,19.004411697387695
2024-11-04,19.125221252441406
2024-11-05,19.366844177246094
2024-11-06,18.716323852539062
2024-11-07,19.4226016998291
2024-11-08,18.939359664916992
2024-11-11,18.70703125
2024-11-12,18.44682502746582
2024-11-13,18.27025604248047
2024-11-14,18.177324295043945
2024-11-15,18.53046226501465
2024-11-18,18.48399543762207
2024-11-19,18.69774055480957
2024-11-20,18.61410140991211
2024-11-21,18.651273727416992
2024-11-22,18.55834197998047
2024-11-25,18.744203567504883
2024-11-26,18.70703125
2024-11-27,18.790668487548828
2024-11-29,18.716323852539062
2024-12-02,18.76279067993164
2024-12-03,18.81854820251465
2024-12-04,18.911481857299805
2024-12-05,18.995119094848633
2024-12-06,18.799962997436523
2024-12-09,18.911481857299805
2024-12-10,19.07875633239746
2024-12-11,18.95794677734375
2024-12-12,18.809255599975586
2024-12-13,18.799962997436523
2024-12-16,18.632686614990234
2024-12-17,18.48399543762207
2024-12-18,18.223791122436523
2024-12-19,18.24237632751465
2024-12-20,18.344600677490234
2024-12-23,18.408851623535156
2024-12-24,18.564611434936523
2024-12-26,18.64249038696289
2024-12-27,18.53540802001953
2024-12-30,18.4575252532959
2024-12-31,18.350440979003906
2025-01-02,18.184947967529297
2025-01-03,18.058391571044922
2025-01-06,18.077861785888672
2025-01-07,18.165475845336914
2025-01-08,18.126537322998047
2025-01-10,18.30176544189453
2025-01-13,18.360177993774414
2025-01-14,18.389381408691406
2025-01-15,18.545141220092773
2025-01-16,18.671695709228516
2025-01-17,18.837190628051758
2025-01-21,18.75931167602539
2025-01-22,18.652225494384766
2025-01-23,18.59381675720215
2025-01-24,18.5743465423584
2025-01-27,18.41858673095703
2025-01-28,18.15574073791504
2025-01-29,18.36991310119629
2025-01-30,18.350440979003906
2025-01-31,18.184947967529297
2025-02-03,18.41858673095703
2025-02-04,18.4964656829834
2025-02-05,18.4575252532959
2025-02-06,18.603551864624023
2025-02-07,18.73984146118164
2025-02-10,18.798250198364258
2025-02-11,18.66196060180664
2025-02-12,18.798250198364258
2025-02-13,18.710636138916016
2025-02-14,18.710636138916016
2025-02-18,18.934541702270508
2025-02-19,18.973480224609375
2025-02-20,19.177915573120117
2025-02-21,19.031888961791992
2025-02-24,18.788515090942383
2025-02-25,18.730106353759766
2025-02-26,18.66196060180664
2025-02-27,18.584081649780273
2025-02-28,18.55487632751465
2025-03-03,18.59381675720215
2025-03-04,18.62302017211914
2025-03-05,19.031888961791992
2025-03-06,19.24605941772461
2025-03-07,19.070831298828125
2025-03-10,18.94427490234375
2025-03-11,19.236324310302734
2025-03-12,19.275264739990234
2025-03-13,19.421289443969727
2025-03-14,19.3531436920166
2025-03-17,19.401819229125977
2025-03-18,19.3531436920166
2025-03-19,19.3920841217041
2025-03-20,19.255796432495117
2025-03-21,19.177915573120117
2025-03-24,19.20711898803711
2025-03-25,19.3920841217041
2025-03-26,19.20711898803711
2025-03-27,18.954010009765625
2025-03-28,18.77878189086914
2025-03-31,18.68143081665039
2025-04-01,18.53540802001953
2025-04-02,18.47699546813965
2025-04-03,17.91236686706543
2025-04-04,17.25038719177246
2025-04-07,17.16277313232422
2025-04-08,16.773374557495117
2025-04-09,17.32826805114746
2025-04-10,17.308799743652344
2025-04-11,17.63005256652832
2025-04-14,17.581377029418945
2025-04-15,17.445087432861328
2025-04-16,17.415882110595703
2025-04-17,17.484027862548828
2025-04-21,17.308799743652344
2025-04-22,17.59111213684082
2025-04-23,17.795547485351562
2025-04-24,18.058391571044922
2025-04-25,17.834487915039062
2025-04-28,17.824752807617188
2025-04-29,17.902631759643555
2025-04-30,17.308799743652344
2025-05-01,17.503498077392578
2025-05-02,17.64952278137207
2025-05-05,17.68846321105957
2025-05-06,17.746871948242188
2025-05-07,17.513233184814453
2025-05-08,17.68846321105957
2025-05-09,17.795547485351562
2025-05-12,18.04865837097168
2025-05-13,18.21415138244629
2025-05-14,18.39911651611328
2025-05-15,18.25309181213379
2025-05-16,17.970775604248047
2025-05-19,17.902631759643555
2025-05-20,18.21415138244629
2025-05-21,18.04865837097168
2025-05-22,18.02918815612793
2025-05-23,18.15574073791504
2025-05-27,18.194683074951172
2025-05-28,18.068126678466797
2025-05-29,18.019453048706055
2025-05-30,17.902631759643555
2025-06-02,18.184947967529297
2025-06-03,18.23362159729004
2025-06-04,18.21415138244629
2025-06-05,18.126537322998047
2025-06-06,18.058391571044922
2025-06-09,18.15574073791504
2025-06-10,18.223886489868164
2025-06-11,18.21415138244629
2025-06-12,18.23362159729004
2025-06-13,18.02918815612793
2025-06-16,18.262826919555664
2025-06-17,18.262826919555664
2025-06-18,18.330970764160156
2025-06-20,18.389381408691406
2025-06-23,18.603551864624023
2025-06-24,18.506200790405273
2025-06-25,18.59381675720215
2025-06-26,18.837190628051758
2025-06-27,18.895601272583008
2025-06-30,18.856660842895508
2025-07-01,18.817720413208008
2025-07-02,18.954010009765625
2025-07-03,18.8858642578125
2025-07-07,18.5743465423584
2025-07-08,18.4964656829834
2025-07-09,18.72037124633789
2025-07-10,18.856660842895508
2025-07-11,18.66196060180664
2025-07-14,18.68143081665039
2025-07-15,18.525671005249023
2025-07-16,18.584081649780273
2025-07-17,18.730106353759766
2025-07-18,19.109769821166992
2025-07-21,19.197383880615234
2025-07-22,19.314205169677734
2025-07-23,19.28499984741211
2025-07-24,19.236324310302734
2025-07-25,19.129240036010742
2025-07-28,19.031888961791992
2025-07-29,19.002685546875
2025-07-30,18.837190628051758
2025-07-31,18.749576568603516
2025-08-01,18.68143081665039
2025-08-04,18.769046783447266
2025-08-05,18.691165924072266
2025-08-06,18.973480224609375
2025-08-07,19.041624069213867
2025-08-08,19.070831298828125
2025-08-11,18.992950439453125
2025-08-12,19.197383880615234
2025-08-13,19.041624069213867
2025-08-14,19.22658920288086
2025-08-15,19.002685546875
2025-08-18,18.915071487426758
2025-08-19,18.817720413208008
2025-08-20,18.924806594848633
2025-08-21,18.98321533203125
2025-08-22,19.119504928588867
2025-08-25,19.129240036010742
2025-08-26,19.236324310302734
2025-08-27,18.973480224609375
2025-08-28,19.08056640625
2025-08-29,19.18764877319336
2025-09-02,19.3531436920166
2025-09-03,19.37261390686035
2025-09-04,19.265531539916992
2025-09-05,19.28499984741211
2025-09-08,19.3920841217041
2025-09-09,19.41155433654785
2025-09-10,19.382349014282227
2025-09-11,19.684133529663086
2025-09-12,19.849628448486328
2025-09-15,20.01512336730957
2025-09-16,19.985919952392578
2025-09-17,19.703603744506836
2025-09-18,19.67439842224121
2025-09-19,19.66466522216797
2025-09-22,19.557579040527344
2025-09-23,19.52837371826172
2025-09-24,19.800954818725586
2025-09-25,19.878833770751953
2025-09-26,19.69386863708496
2025-09-29,20.024858474731445
2025-09-30,19.995655059814453
2025-10-01,20.112472534179688
2025-10-02,20.307172775268555
2025-10-03,20.404521942138672
2025-10-06,20.443462371826172
2025-10-07,20.570016860961914
2025-10-08,20.453197479248047
2025-10-09,20.735511779785156
2025-10-10,20.268232345581055
2025-10-13,20.570016860961914
2025-10-14,20.31690788269043
2025-10-15,20.307172775268555
2025-10-16,20.521343231201172
2025-10-17,20.39478874206543
2025-10-20,20.550548553466797
2025-10-21,20.414257049560547
2025-10-22,20.78418731689453
2025-10-23,20.9399471282959
2025-10-24,21.02756118774414
2025-10-27,21.231996536254883
2025-10-28,21.231996536254883
2025-10-29,21.222261428833008
2025-10-30,21.12491226196289
2025-10-31,21.3682861328125
2025-11-03,21.339080810546875
2025-11-04,21.047033309936523
2025-11-05,21.017826080322266
2025-11-06,20.9399471282959
2025-11-07,21.02756118774414
2025-11-10,21.193056106567383
2025-11-11,21.163850784301758
2025-11-12,21.222261428833008
2025-11-13,21.076236724853516
2025-11-14,21.00809097290039
2025-11-17,20.76471710205078
2025-11-18,20.657630920410156
2025-11-19,20.86206817626953
2025-11-20,20.66736602783203
2025-11-21,20.74524688720703
2025-11-24,20.832860946655273
2025-11-25,20.891271591186523
2025-11-26,21.163850784301758
2025-11-28,21.397491455078125
2025-12-01,21.42669677734375
2025-12-02,21.30987548828125
2025-12-03,21.65060043334961
2025-12-04,21.621395111083984
2025-12-05,21.8355655670166
2025-12-08,21.864768981933594
2025-12-09,21.475370407104492
2025-12-10,21.640865325927734
2025-12-11,21.89397430419922
2025-12-12,21.592191696166992
2025-12-15,21.63113021850586
2025-12-16,21.543514251708984
2025-12-17,21.73821449279785
2025-12-18,21.7966251373291
2025-12-19,22.03999900817871
2025-12-22,22.1200008392334
2025-12-23,22.350000381469727
2025-12-24,22.389999389648438
2025-12-26,22.8700008392334
2025-12-29,22.479999542236328
2025-12-30,23.020000457763672
2025-12-31,22.940000534057617
2026-01-02,23.010000228881836
2026-01-05,23.8799991607666
2026-01-06,24.34000015258789
2026-01-07,23.6200008392334
2026-01-08,23.459999084472656
2026-01-09,23.899999618530273
2026-01-12,24.209999084472656
2026-01-13,24.139999389648438
2026-01-14,24.549999237060547
2026-01-15,24.290000915527344
2026-01-16,23.760000228881836
2026-01-20,23.739999771118164
2026-01-21,23.75
2026-01-22,23.8700008392334
2026-01-23,24.280000686645508
2026-01-26,24.290000915527344
2026-01-27,24.31999969482422
2026-01-28,24.56999969482422
2026-01-29,25.100000381469727
2026-01-30,24.0
2026-02-02,23.540000915527344
2026-02-03,24.149999618530273
2026-02-04,23.690000534057617
2026-02-05,23.260000228881836
2026-02-06,23.84000015258789
2026-02-09,24.139999389648438
2026-02-10,23.8700008392334
2026-02-11,24.15999984741211
2026-02-12,23.59000015258789
2026-02-13,23.579999923706055
2026-02-17,23.15999984741211
2026-02-18,23.6299991607666
2026-02-19,23.540000915527344
2026-02-20,23.81999969482422
2026-02-23,23.690000534057617
2026-02-24,24.040000915527344
2026-02-25,24.34000015258789
2026-02-26,24.18000030517578
2026-02-27,24.18000030517578
2026-03-02,24.059999465942383
2026-03-03,23.8700008392334
2026-03-04,24.25
2026-03-05,23.899999618530273
2026-03-06,24.309999465942383
2026-03-09,24.31999969482422
2026-03-10,24.389999389648438
2026-03-11,24.549999237060547
2026-03-12,24.540000915527344
2026-03-13,23.780000686645508
2026-03-16,24.110000610351562
2026-03-17,23.829999923706055
2026-03-18,23.280000686645508
2026-03-19,22.950000762939453
2026-03-20,22.34000015258789
2026-03-23,22.850000381469727
2026-03-24,22.770000457763672
2026-03-25,23.010000228881836
2026-03-26,22.809999465942383
2026-03-27,22.899999618530273
2026-03-30,23.34000015258789
2026-03-31,23.5
2026-04-01,23.739999771118164
2026-04-02,23.549999237060547
2026-04-06,23.530000686645508
2026-04-07,23.489999771118164
2026-04-08,23.90999984741211
2026-04-09,24.010000228881836
2026-04-10,24.270000457763672
2026-04-13,24.790000915527344
2026-04-14,24.989999771118164
2026-04-15,25.059999465942383
2026-04-16,25.020000457763672
2026-04-17,24.959999084472656
2026-04-20,25.0
2026-04-21,24.780000686645508
2026-04-22,25.329999923706055
2026-04-23,25.170000076293945
2026-04-24,25.190000534057617
2026-04-27,25.09000015258789
2026-04-28,24.8700008392334
2026-04-29,24.6299991607666
2026-04-30,24.860000610351562
2026-05-01,24.760000228881836
2026-05-04,24.489999771118164
2026-05-05,25.049999237060547
2026-05-06,25.260000228881836
2026-05-07,25.079999923706055
2026-05-08,25.31999969482422
2026-05-11,25.920000076293945
2026-05-12,26.229999542236328
2026-05-13,26.260000228881836
2026-05-14,26.18000030517578
2026-05-15,25.43000030517578
2026-05-18,25.469999313354492
2026-05-19,25.399999618530273
2026-05-20,25.809999465942383
2026-05-21,25.780000686645508
2026-05-22,25.899999618530273
2026-05-26,26.049999237060547
2026-05-27,25.729999542236328
2026-05-28,26.020000457763672
2026-05-29,25.969999313354492
2026-06-01,26.40999984741211
2026-06-02,26.6299991607666
2026-06-03,26.209999084472656
2026-06-04,26.219999313354492
2026-06-05,25.549999237060547
2026-06-08,25.670000076293945
2026-06-09,25.420000076293945
2026-06-10,25.049999237060547
2026-06-11,25.459999084472656
2026-06-12,25.729999542236328
2026-06-15,25.43000030517578
2026-06-16,25.479999542236328
2026-06-17,25.229999542236328
2026-06-18,25.299999237060547
2026-06-22,25.239999771118164
2026-06-23,24.469999313354492
2026-06-24,23.790000915527344
2026-06-25,24.15999984741211
2026-06-26,24.270000457763672
2026-06-29,23.979999542236328
2026-06-30,24.100000381469727
2026-07-01,23.940000534057617
2026-07-02,23.959999084472656
2026-07-06,24.260000228881836
2026-07-07,24.09000015258789
2026-07-08,24.110000610351562
2026-07-09,24.510000228881836
2026-07-10,24.450000762939453
2026-07-13,24.479999542236328
2026-07-14,24.6200008392334
2026-07-15,24.59000015258789
2026-07-16,24.579999923706055
2026-07-17,24.530000686645508
2026-07-20,24.520000457763672
2026-07-21,24.920000076293945
2026-07-22,24.93000030517578
2026-07-23,24.700000762939453
2026-07-24,24.690000534057617
2026-07-27,24.850000381469727
2026-07-28,24.59000015258789
2026-07-29,24.709999084472656
2026-07-30,25.040000915527344
2026-07-31,25.15999984741211
2026-08-03,25.190000534057617
2026-08-04,25.290000915527344
2026-08-05,25.579999923706055
2026-08-06,25.540000915527344
2026-08-07,25.3700008392334
2026-08-10,25.670000076293945
2026-08-11,25.690000534057617
2026-08-12,25.5
2026-08-13,25.299999237060547
2026-08-14,25.420000076293945
2026-08-17,25.440000534057617
2026-08-18,25.06999969482422
2026-08-19,25.270000457763672
2026-08-20,25.15999984741211
2026-08-21,25.549999237060547
2026-08-24,25.520000457763672
2026-08-25,25.719999313354492
2026-08-26,25.530000686645508
2026-08-27,25.559999465942383
2026-08-28,25.479999542236328
2026-08-31,25.610000610351562
2026-09-01,25.420000076293945
2026-09-02,25.610000610351562
2026-09-03,25.790000915527344
2026-09-04,25.75
2026-09-08,26.059999465942383
2026-09-09,26.290000915527344
2026-09-10,25.34000015258789
2026-09-11,25.40999984741211
2026-09-14,25.059999465942383
2026-09-15,25.139999389648438
2026-09-16,25.190000534057617
2026-09-17,25.709999084472656
2026-09-18,25.940000534057617
2026-09-21,25.8799991607666
2026-09-22,26.170000076293945
2026-09-23,25.809999465942383
2026-09-24,25.93000030517578
2026-09-25,25.93000030517578
2026-09-28,25.5
2026-09-29,25.559999465942383
2026-09-30,25.299999237060547
2026-10-01,25.0
2026-10-02,24.889999389648438
2026-10-05,25.079999923706055
2026-10-06,25.18000030517578
2026-10-07,25.1200008392334
