date,adjclose
2011-10-10,49.1697998046875
2011-10-11,49.503807067871094
2011-10-12,49.74992370605469
2011-10-13,50.206993103027344
2011-10-14,51.138702392578125
2011-10-17,50.34762191772461
2011-10-18,50.971702575683594
2011-10-19,49.98725509643555
2011-10-20,49.74113845825195
2011-10-21,50.365211486816406
2011-10-24,51.41118240356445
2011-10-25,50.400360107421875
2011-10-26,50.33883285522461
2011-10-27,51.727622985839844
2011-10-28,51.806724548339844
2011-10-31,50.9365348815918
2011-11-01,49.60930633544922
2011-11-02,50.03118896484375
2011-11-03,51.068389892578125
2011-11-04,50.804691314697266
2011-11-07,51.165069580078125
2011-11-08,51.75397491455078
2011-11-09,49.93450927734375
2011-11-10,49.908138275146484
2011-11-11,50.84864807128906
2011-11-14,50.5322151184082
2011-11-15,51.094764709472656
2011-11-16,50.25093078613281
2011-11-17,49.0731315612793
2011-11-18,48.69516372680664
2011-11-21,47.76344299316406
2011-11-22,47.921653747558594
2011-11-23,46.840518951416016
2011-11-25,46.480159759521484
2011-11-28,48.09745788574219
2011-11-29,47.79859161376953
2011-11-30,49.56532669067383
2011-12-01,49.908138275146484
2011-12-02,49.76749801635742
2011-12-05,50.312477111816406
2011-12-06,50.17183303833008
2011-12-07,50.17183303833008
2011-12-08,49.32801818847656
2011-12-09,50.11909103393555
2011-12-12,49.55654525756836
2011-12-13,49.01157760620117
2011-12-14,48.246883392333984
2011-12-15,48.11503982543945
2011-12-16,48.362762451171875
2011-12-19,47.88670349121094
2011-12-20,49.30602264404297
2011-12-21,48.60076904296875
2011-12-22,49.01512145996094
2011-12-23,49.438262939453125
2011-12-27,49.6226692199707
2011-12-28,49.049156188964844
2011-12-29,49.40208435058594
2011-12-30,49.26091003417969
2012-01-03,50.20500564575195
2012-01-04,50.41678237915039
2012-01-05,50.83148193359375
2012-01-06,51.007938385009766
2012-01-09,50.84029769897461
2012-01-10,51.21087646484375
2012-01-11,51.316768646240234
2012-01-12,51.51969909667969
2012-01-13,51.33440017700195
2012-01-17,51.802059173583984
2012-01-18,52.49028015136719
2012-01-19,52.81673812866211
2012-01-20,52.73732376098633
2012-01-23,52.754981994628906
2012-01-24,52.65791320800781
2012-01-25,53.319664001464844
2012-01-26,53.13438415527344
2012-01-27,53.293190002441406
2012-01-30,53.33732223510742
2012-01-31,53.40791320800781
2012-02-01,53.84025955200195
2012-02-02,54.00788879394531
2012-02-03,54.74906921386719
2012-02-06,54.704925537109375
2012-02-07,54.819637298583984
2012-02-08,55.11081314086914
2012-02-09,55.50786590576172
2012-02-10,55.11962890625
2012-02-13,55.631385803222656
2012-02-14,55.77256393432617
2012-02-15,55.38433074951172
2012-02-16,56.14314651489258
2012-02-17,55.966678619384766
2012-02-21,56.125518798828125
2012-02-22,55.86961364746094
2012-02-23,56.24019241333008
2012-02-24,56.43431854248047
2012-02-27,56.513729095458984
2012-02-28,57.087249755859375
2012-02-29,56.83135986328125
2012-03-01,57.281368255615234
2012-03-02,57.237247467041016
2012-03-05,56.64606475830078
2012-03-06,56.09020233154297
2012-03-07,56.52255630493164
2012-03-08,57.13135528564453
2012-03-09,57.36959457397461
2012-03-12,57.39606475830078
2012-03-13,58.463706970214844
2012-03-14,58.66663360595703
2012-03-15,58.83427047729492
2012-03-16,58.79273223876953
2012-03-19,59.2081298828125
2012-03-20,59.314208984375
2012-03-21,59.32303237915039
2012-03-22,59.19930648803711
2012-03-23,59.163944244384766
2012-03-26,60.19804382324219
2012-03-27,60.286407470703125
2012-03-28,60.04780197143555
2012-03-29,59.81797409057617
2012-03-30,59.703086853027344
2012-04-02,60.32178497314453
2012-04-03,60.3040771484375
2012-04-04,59.482139587402344
2012-04-05,59.85336685180664
2012-04-09,59.4025764465332
2012-04-10,58.44802474975586
2012-04-11,58.73087692260742
2012-04-12,59.4025764465332
2012-04-13,58.5010871887207
2012-04-16,57.847042083740234
2012-04-17,59.02254867553711
2012-04-18,58.872291564941406
2012-04-19,58.20941162109375
2012-04-20,58.05032730102539
2012-04-23,57.520015716552734
2012-04-24,57.210689544677734
2012-04-25,58.73087692260742
2012-04-26,59.07556915283203
2012-04-27,59.42910385131836
2012-04-30,59.00486755371094
2012-05-01,59.10208511352539
2012-05-02,59.27000045776367
2012-05-03,58.642494201660156
2012-05-04,57.18415832519531
2012-05-07,57.2371826171875
2012-05-08,57.02505874633789
2012-05-09,56.84829330444336
2012-05-10,56.7334098815918
2012-05-11,56.72456359863281
2012-05-14,56.194271087646484
2012-05-15,56.0086555480957
2012-05-16,55.62862014770508
2012-05-17,54.45309829711914
2012-05-18,53.74604415893555
2012-05-21,55.24856185913086
2012-05-22,55.186702728271484
2012-05-23,55.292747497558594
2012-05-24,54.930381774902344
2012-05-25,54.85966873168945
2012-05-29,55.557891845703125
2012-05-30,55.089454650878906
2012-05-31,54.850830078125
2012-06-01,53.39250564575195
2012-06-04,53.799072265625
2012-06-05,54.020023345947266
2012-06-06,55.25739669799805
2012-06-07,55.03643035888672
2012-06-08,55.56672668457031
2012-06-11,54.629886627197266
2012-06-12,55.292747497558594
2012-06-13,54.91271209716797
2012-06-14,55.11598587036133
2012-06-15,55.80076217651367
2012-06-18,56.32342529296875
2012-06-19,56.9080810546875
2012-06-20,56.952388763427734
2012-06-21,55.53498458862305
2012-06-22,56.11967086791992
2012-06-25,55.038917541503906
2012-06-26,55.384403228759766
2012-06-27,55.72102355957031
2012-06-28,55.10090637207031
2012-06-29,56.837215423583984
2012-07-02,57.00551986694336
2012-07-03,57.48390197753906
2012-07-05,57.51934051513672
2012-07-06,56.80179214477539
2012-07-09,56.69546890258789
2012-07-10,56.13739013671875
2012-07-11,55.82732009887695
2012-07-12,55.30467224121094
2012-07-13,56.146240234375
2012-07-16,55.986793518066406
2012-07-17,56.27912902832031
2012-07-18,57.04097366333008
2012-07-19,57.6699333190918
2012-07-20,56.9080810546875
2012-07-23,56.21711349487305
2012-07-24,55.77418518066406
2012-07-25,55.40211868286133
2012-07-26,56.13739013671875
2012-07-27,57.46619415283203
2012-07-30,57.42190933227539
2012-07-31,57.40416717529297
2012-08-01,57.235870361328125
2012-08-02,57.03211212158203
2012-08-03,58.112876892089844
2012-08-06,58.55580520629883
2012-08-07,59.043033599853516
2012-08-08,59.01644515991211
2012-08-09,59.19361877441406
2012-08-10,59.22905731201172
2012-08-13,59.37077713012695
2012-08-14,59.39738845825195
2012-08-15,59.547950744628906
2012-08-16,60.25666046142578
2012-08-17,60.52241897583008
2012-08-20,60.61099624633789
2012-08-21,60.37183380126953
2012-08-22,60.619869232177734
2012-08-23,60.12379455566406
2012-08-24,60.4958381652832
2012-08-27,60.59331130981445
2012-08-28,60.59331130981445
2012-08-29,60.59331130981445
2012-08-30,59.98207092285156
2012-08-31,60.380680084228516
2012-09-04,60.31867218017578
2012-09-05,60.25666046142578
2012-09-06,61.594329833984375
2012-09-07,61.50572967529297
2012-09-10,60.71733093261719
2012-09-11,60.619869232177734
2012-09-12,60.79704284667969
2012-09-13,61.62092971801758
2012-09-14,62.17015075683594
2012-09-17,62.19671630859375
2012-09-18,62.2498664855957
2012-09-19,62.36501693725586
2012-09-20,62.303016662597656
2012-09-21,62.320796966552734
2012-09-24,61.956539154052734
2012-09-25,61.08592987060547
2012-09-26,60.58842849731445
2012-09-27,61.42352294921875
2012-09-28,60.917137145996094
2012-10-01,60.82829284667969
2012-10-02,61.00595474243164
2012-10-03,61.396873474121094
2012-10-04,61.610042572021484
2012-10-05,61.281375885009766
2012-10-08,60.72166061401367
2012-10-09,59.75333786010742
2012-10-10,59.45127487182617
2012-10-11,59.26470947265625
2012-10-12,59.23807907104492
2012-10-15,59.67338180541992
2012-10-16,60.51736831665039
2012-10-17,60.48180389404297
2012-10-18,59.779972076416016
2012-10-19,58.34968948364258
2012-10-22,58.65171813964844
2012-10-23,58.092037200927734
2012-10-24,57.887718200683594
2012-10-25,57.887718200683594
2012-10-26,58.056488037109375
2012-10-31,57.70115280151367
2012-11-01,58.518463134765625
2012-11-02,57.8965950012207
2012-11-05,58.278621673583984
2012-11-06,58.38517761230469
2012-11-07,57.008201599121094
2012-11-08,56.11091232299805
2012-11-09,56.35078430175781
2012-11-12,56.34190368652344
2012-11-13,55.95100784301758
2012-11-14,55.29360580444336
2012-11-15,55.107032775878906
2012-11-16,55.346900939941406
2012-11-19,56.66172409057617
2012-11-20,56.67949295043945
2012-11-21,56.79497528076172
2012-11-23,57.65671920776367
2012-11-26,57.90549087524414
2012-11-27,57.71002197265625
2012-11-28,58.207523345947266
2012-11-29,58.55399703979492
2012-11-30,58.45628356933594
2012-12-03,58.34078598022461
2012-12-04,58.30525588989258
2012-12-05,57.65671920776367
2012-12-06,58.02985382080078
2012-12-07,57.68337631225586
2012-12-10,57.8521614074707
2012-12-11,58.60730743408203
2012-12-12,58.48292922973633
2012-12-13,58.02095031738281
2012-12-14,57.47016525268555
2012-12-17,58.23417663574219
2012-12-18,59.122589111328125
2012-12-19,58.86494827270508
2012-12-20,58.86494827270508
2012-12-21,58.245826721191406
2012-12-24,58.12970733642578
2012-12-26,57.62050247192383
2012-12-27,57.53118133544922
2012-12-28,56.9773063659668
2012-12-31,58.183311462402344
2013-01-02,60.03252410888672
2013-01-03,59.719879150390625
2013-01-04,59.5233268737793
2013-01-07,59.54118728637695
2013-01-08,59.42506408691406
2013-01-09,59.648399353027344
2013-01-10,60.005733489990234
2013-01-11,60.086143493652344
2013-01-14,59.81812286376953
2013-01-15,59.5233268737793
2013-01-16,59.7645378112793
2013-01-17,60.05037307739258
2013-01-18,59.91638946533203
2013-01-22,60.014686584472656
2013-01-23,60.38092803955078
2013-01-24,59.550113677978516
2013-01-25,59.85387420654297
2013-01-28,59.98787307739258
2013-01-29,59.996803283691406
2013-01-30,59.87175369262695
2013-01-31,59.737754821777344
2013-02-01,60.443458557128906
2013-02-04,59.38931655883789
2013-02-05,60.264793395996094
2013-02-06,60.06826400756836
2013-02-07,60.12186050415039
2013-02-08,60.73825454711914
2013-02-11,60.75614547729492
2013-02-12,60.50599670410156
2013-02-13,60.72039794921875
2013-02-14,60.702552795410156
2013-02-15,60.52388000488281
2013-02-19,60.96160888671875
2013-02-20,60.02358627319336
2013-02-21,59.3803825378418
2013-02-22,59.97894287109375
2013-02-25,59.23746871948242
2013-02-26,59.460792541503906
2013-02-27,60.06826400756836
2013-02-28,59.943206787109375
2013-03-01,60.193328857421875
2013-03-04,60.46133041381836
2013-03-05,61.354698181152344
2013-03-06,61.20279312133789
2013-03-07,61.36361312866211
2013-03-08,61.43507385253906
2013-03-11,61.6137580871582
2013-03-12,61.39040756225586
2013-03-13,61.30998229980469
2013-03-14,61.51547622680664
2013-03-15,61.34444808959961
2013-03-18,61.21015548706055
2013-03-19,61.09373092651367
2013-03-20,61.52351760864258
2013-03-21,60.82511520385742
2013-03-22,61.416107177734375
2013-03-25,61.192230224609375
2013-03-26,61.52351760864258
2013-03-27,61.604122161865234
2013-03-28,61.7563591003418
2013-04-01,61.33550262451172
2013-04-02,61.81901168823242
2013-04-03,61.25491714477539
2013-04-04,61.272823333740234
2013-04-05,60.7624397277832
2013-04-08,61.084781646728516
2013-04-09,61.496673583984375
2013-04-10,62.69651412963867
2013-04-11,62.66965103149414
2013-04-12,62.62488555908203
2013-04-15,61.38922882080078
2013-04-16,62.204044342041016
2013-04-17,60.98630142211914
2013-04-18,60.14460372924805
2013-04-19,60.96836471557617
2013-04-22,61.595157623291016
2013-04-23,62.18613815307617
2013-04-24,62.15926742553711
2013-04-25,62.49058532714844
2013-04-26,62.293575286865234
2013-04-29,62.86664581298828
2013-04-30,63.323326110839844
2013-05-01,63.0278205871582
2013-05-02,63.82469940185547
2013-05-03,64.5768814086914
2013-05-06,64.82759857177734
2013-05-07,64.79177856445312
2013-05-08,65.10516357421875
2013-05-09,65.01565551757812
2013-05-10,65.40960693359375
2013-05-13,65.4902114868164
2013-05-14,65.8304443359375
2013-05-15,65.96475982666016
2013-05-16,65.89311218261719
2013-05-17,66.52887725830078
2013-05-20,66.43034362792969
2013-05-21,66.50202178955078
2013-05-22,65.9200210571289
2013-05-23,65.76777648925781
2013-05-24,65.73197174072266
2013-05-28,66.1617431640625
2013-05-29,65.84834289550781
2013-05-30,66.19760131835938
2013-05-31,65.58868408203125
2013-06-03,65.705078125
2013-06-04,65.36485290527344
2013-06-05,64.51422882080078
2013-06-06,64.82759857177734
2013-06-07,65.71405792236328
2013-06-10,65.74092864990234
2013-06-11,65.0872573852539
2013-06-12,64.33509826660156
2013-06-13,65.14995574951172
2013-06-14,64.72016143798828
2013-06-17,65.34691619873047
2013-06-18,65.88417053222656
2013-06-19,65.14995574951172
2013-06-20,63.600868225097656
2013-06-21,63.26315689086914
2013-06-24,62.63438415527344
2013-06-25,63.092498779296875
2013-06-26,63.65835952758789
2013-06-27,63.92786407470703
2013-06-28,64.0176773071289
2013-07-01,64.41291809082031
2013-07-02,64.4398422241211
2013-07-03,64.70034790039062
2013-07-05,65.19436645507812
2013-07-08,65.25726318359375
2013-07-09,65.6524658203125
2013-07-10,66.02971649169922
2013-07-11,67.34117126464844
2013-07-12,67.63755798339844
2013-07-15,67.790283203125
2013-07-16,67.7004623413086
2013-07-17,67.87113952636719
2013-07-18,67.7004623413086
2013-07-19,66.99982452392578
2013-07-22,67.19742584228516
2013-07-23,66.70343017578125
2013-07-24,66.91899108886719
2013-07-25,67.34117126464844
2013-07-26,67.7004623413086
2013-07-29,67.57472229003906
2013-07-30,67.93399047851562
2013-07-31,68.05973052978516
2013-08-01,68.75139617919922
2013-08-02,69.13768005371094
2013-08-05,69.18255615234375
2013-08-06,68.76935577392578
2013-08-07,68.64364624023438
2013-08-08,68.98497009277344
2013-08-09,68.70651245117188
2013-08-12,68.8681869506836
2013-08-13,69.25443267822266
2013-08-14,68.99397277832031
2013-08-15,67.82620239257812
2013-08-16,67.79927825927734
2013-08-19,67.68248748779297
2013-08-20,67.97891998291016
2013-08-21,67.7453842163086
2013-08-22,68.41004943847656
2013-08-23,68.8681869506836
2013-08-26,68.90412902832031
2013-08-27,67.49386596679688
2013-08-28,67.75434875488281
2013-08-29,68.23042297363281
2013-08-30,67.790283203125
2013-09-03,68.17652130126953
2013-09-04,68.90412902832031
2013-09-05,69.0208740234375
2013-09-06,69.10173034667969
2013-09-09,69.91014862060547
2013-09-10,70.25148010253906
2013-09-11,70.11671447753906
2013-09-12,70.07182312011719
2013-09-13,70.11671447753906
2013-09-16,69.92813110351562
2013-09-17,70.39517211914062
2013-09-18,71.23951721191406
2013-09-19,71.41019439697266
2013-09-20,71.16515350341797
2013-09-23,71.02099609375
2013-09-24,71.02099609375
2013-09-25,70.7777328491211
2013-09-26,71.32731628417969
2013-09-27,71.23722839355469
2013-09-30,71.0660400390625
2013-10-01,71.78678131103516
2013-10-02,71.75978088378906
2013-10-03,70.92185974121094
2013-10-04,71.5345458984375
2013-10-07,70.9399185180664
2013-10-08,69.57048034667969
2013-10-09,69.35426330566406
2013-10-10,70.82278442382812
2013-10-11,71.3813705444336
2013-10-14,71.88590240478516
2013-10-15,71.60664367675781
2013-10-16,72.41744232177734
2013-10-17,72.83190155029297
2013-10-18,74.0121078491211
2013-10-21,74.17427062988281
2013-10-22,74.28237915039062
2013-10-23,73.83192443847656
2013-10-24,74.15629577636719
2013-10-25,74.68782043457031
2013-10-28,74.70582580566406
2013-10-29,74.83197784423828
2013-10-30,74.7599105834961
2013-10-31,74.58869934082031
2013-11-01,74.60673522949219
2013-11-04,74.71483612060547
2013-11-05,74.79595184326172
2013-11-06,74.77790069580078
2013-11-07,73.3724365234375
2013-11-08,74.36348724365234
2013-11-11,74.2463607788086
2013-11-12,74.36348724365234
2013-11-13,75.2644271850586
2013-11-14,75.49868774414062
2013-11-15,75.64279174804688
2013-11-18,74.90402221679688
2013-11-19,74.68782043457031
2013-11-20,74.50762176513672
2013-11-21,75.2644271850586
2013-11-22,75.66983795166016
2013-11-25,75.85004425048828
2013-11-26,76.24642944335938
2013-11-27,76.77796173095703
2013-11-29,77.23748779296875
2013-12-02,77.01224517822266
2013-12-03,76.94918060302734
2013-12-04,77.02124786376953
2013-12-05,76.92215728759766
2013-12-06,77.4807357788086
2013-12-09,77.7960433959961
2013-12-10,77.74198150634766
2013-12-11,76.74195098876953
2013-12-12,76.54376220703125
2013-12-13,76.44461059570312
2013-12-16,76.86808776855469
2013-12-17,76.71490478515625
2013-12-18,77.60685729980469
2013-12-19,77.39060974121094
2013-12-20,78.1787338256836
2013-12-23,79.00120544433594
2013-12-24,79.0373306274414
2013-12-26,79.29946899414062
2013-12-27,79.10063171386719
2013-12-30,78.98312377929688
2013-12-31,79.49830627441406
2014-01-02,78.87468719482422
2014-01-03,78.3052749633789
2014-01-06,78.01607513427734
2014-01-07,78.73910522460938
2014-01-08,78.91080474853516
2014-01-09,78.64872741699219
2014-01-10,78.90180206298828
2014-01-13,77.73590850830078
2014-01-14,79.21809387207031
2014-01-15,79.86885070800781
2014-01-16,79.87788391113281
2014-01-17,79.42596435546875
2014-01-21,80.03150939941406
2014-01-22,80.23941040039062
2014-01-23,79.9682846069336
2014-01-24,78.39566802978516
2014-01-27,77.6364517211914
2014-01-28,77.59127807617188
2014-01-29,76.75977325439453
2014-01-30,78.1787338256836
2014-01-31,77.97086334228516
2014-02-03,76.18135070800781
2014-02-04,76.74169158935547
2014-02-05,76.54289245605469
2014-02-06,77.51896667480469
2014-02-07,78.90180206298828
2014-02-10,79.35366821289062
2014-02-11,80.25750732421875
2014-02-12,80.41112518310547
2014-02-13,81.00762176513672
2014-02-14,81.17031860351562
2014-02-18,81.56804656982422
2014-02-19,81.00762176513672
2014-02-20,81.38724517822266
2014-02-21,81.27880096435547
2014-02-24,81.71261596679688
2014-02-25,81.62222290039062
2014-02-26,81.5499267578125
2014-02-27,82.07903289794922
2014-02-28,81.98827362060547
2014-03-03,81.38021087646484
2014-03-04,82.4148178100586
2014-03-05,82.64169311523438
2014-03-06,82.56909942626953
2014-03-07,82.16070556640625
2014-03-10,82.23331451416016
2014-03-11,81.87940216064453
2014-03-12,82.18792724609375
2014-03-13,81.02627563476562
2014-03-14,80.4726791381836
2014-03-17,81.1805419921875
2014-03-18,82.16070556640625
2014-03-19,81.71600341796875
2014-03-20,81.94288635253906
2014-03-21,80.95684051513672
2014-03-24,80.24735260009766
2014-03-25,80.51115417480469
2014-03-26,79.47418212890625
2014-03-27,79.02843475341797
2014-03-28,79.18307495117188
2014-03-31,79.74706268310547
2014-04-01,81.14786529541016
2014-04-02,81.35709381103516
2014-04-03,80.71126556396484
2014-04-04,78.56452941894531
2014-04-07,77.8186264038086
2014-04-08,78.53721618652344
2014-04-09,79.88349151611328
2014-04-10,77.4093017578125
2014-04-11,76.50880432128906
2014-04-14,77.10912322998047
2014-04-15,77.36383056640625
2014-04-16,78.39171600341797
2014-04-17,78.40989685058594
2014-04-21,78.99207305908203
2014-04-22,79.61969757080078
2014-04-23,78.91929626464844
2014-04-24,79.67428588867188
2014-04-25,78.40079498291016
2014-04-28,78.6554946899414
2014-04-29,79.28314971923828
2014-04-30,79.49235534667969
2014-05-01,79.72883605957031
2014-05-02,79.58334350585938
2014-05-05,80.00175476074219
2014-05-06,78.96476745605469
2014-05-07,78.73735046386719
2014-05-08,78.66458129882812
2014-05-09,78.95568084716797
2014-05-12,80.25645446777344
2014-05-13,80.31103515625
2014-05-14,79.8926010131836
2014-05-15,79.26492309570312
2014-05-16,79.783447265625
2014-05-19,80.33831787109375
2014-05-20,80.04725646972656
2014-05-21,80.81133270263672
2014-05-22,81.16608428955078
2014-05-23,81.75731658935547
2014-05-27,82.77611541748047
2014-05-28,82.52140045166016
2014-05-29,83.04900360107422
2014-05-30,83.05809783935547
2014-06-02,82.97624206542969
2014-06-03,82.93986511230469
2014-06-04,83.2491455078125
2014-06-05,83.94952392578125
2014-06-06,84.43163299560547
2014-06-09,84.3679428100586
2014-06-10,84.51351165771484
2014-06-11,84.49530792236328
2014-06-12,83.73123168945312
2014-06-13,83.97683715820312
2014-06-16,84.04957580566406
2014-06-17,84.0950698852539
2014-06-18,84.56805419921875
2014-06-19,84.51351165771484
2014-06-20,84.61293029785156
2014-06-23,84.63115692138672
2014-06-24,84.54906463623047
2014-06-25,85.08720397949219
2014-06-26,85.1327896118164
2014-06-27,85.50675201416016
2014-06-30,85.65267944335938
2014-07-01,86.59210968017578
2014-07-02,86.73804473876953
2014-07-03,87.28529357910156
2014-07-07,87.02078247070312
2014-07-08,85.97188568115234
2014-07-09,86.61035919189453
2014-07-10,86.33672332763672
2014-07-11,86.8930892944336
2014-07-14,87.41297912597656
2014-07-15,87.11199188232422
2014-07-16,87.45854949951172
2014-07-17,86.30026245117188
2014-07-18,87.6683578491211
2014-07-21,87.55888366699219
2014-07-22,88.11527252197266
2014-07-23,88.68075561523438
2014-07-24,88.58045196533203
2014-07-25,88.23385620117188
2014-07-28,88.2612075805664
2014-07-29,88.10615539550781
2014-07-30,88.45274353027344
2014-07-31,86.66507720947266
2014-08-01,86.3458480834961
2014-08-04,86.93869018554688
2014-08-05,86.27290344238281
2014-08-06,86.20906066894531
2014-08-07,85.9354248046875
2014-08-08,86.55562591552734
2014-08-11,87.06639862060547
2014-08-12,87.0299072265625
2014-08-13,87.95111083984375
2014-08-14,88.40713500976562
2014-08-15,88.83583068847656
2014-08-18,89.5198745727539
2014-08-19,90.021484375
2014-08-20,90.021484375
2014-08-21,90.20391845703125
2014-08-22,90.34072875976562
2014-08-25,90.65995788574219
2014-08-26,90.75113677978516
2014-08-27,90.7693862915039
2014-08-28,90.6690673828125
2014-08-29,91.00655364990234
2014-09-02,91.27105712890625
2014-09-03,90.73291015625
2014-09-04,90.65084838867188
2014-09-05,91.10686492919922
2014-09-08,91.28016662597656
2014-09-09,90.52313995361328
2014-09-10,91.27105712890625
2014-09-11,91.19807434082031
2014-09-12,90.73291015625
2014-09-15,89.85733795166016
2014-09-16,90.64169311523438
2014-09-17,90.77852630615234
2014-09-18,91.46256256103516
2014-09-19,91.40589141845703
2014-09-22,90.55565643310547
2014-09-23,90.30880737304688
2014-09-24,91.27789306640625
2014-09-25,89.35798645019531
2014-09-26,90.30880737304688
2014-09-29,90.18994903564453
2014-09-30,90.31795501708984
2014-10-01,88.87346649169922
2014-10-02,88.87346649169922
2014-10-03,89.75109100341797
2014-10-06,89.55913543701172
2014-10-07,88.28834533691406
2014-10-08,90.00711059570312
2014-10-09,88.55347442626953
2014-10-10,86.34098815917969
2014-10-13,84.9879150390625
2014-10-14,84.9970703125
2014-10-15,84.44851684570312
2014-10-16,83.91825866699219
2014-10-17,85.02447509765625
2014-10-20,86.29529571533203
2014-10-21,88.5625991821289
2014-10-22,88.10551452636719
2014-10-23,89.43115234375
2014-10-24,90.16252899169922
2014-10-27,90.22652435302734
2014-10-28,91.58872985839844
2014-10-29,91.25045013427734
2014-10-30,91.44243621826172
2014-10-31,92.70411682128906
2014-11-03,92.97838592529297
2014-11-04,92.66756439208984
2014-11-05,92.67670440673828
2014-11-06,92.96924591064453
2014-11-07,92.88694763183594
2014-11-10,93.21607208251953
2014-11-11,93.50862121582031
2014-11-12,93.67320251464844
2014-11-13,94.07550811767578
2014-11-14,94.36804962158203
2014-11-17,94.08463287353516
2014-11-18,94.7885513305664
2014-11-19,94.35885620117188
2014-11-20,94.77943420410156
2014-11-21,94.96231079101562
2014-11-24,95.70281982421875
2014-11-25,95.84909057617188
2014-11-26,96.47074890136719
2014-11-28,96.91876983642578
2014-12-01,95.82167053222656
2014-12-02,96.20568084716797
2014-12-03,96.37931823730469
2014-12-04,96.33368682861328
2014-12-05,96.34281921386719
2014-12-08,95.65715026855469
2014-12-09,95.95883178710938
2014-12-10,94.4502944946289
2014-12-11,94.8982925415039
2014-12-12,93.86521911621094
2014-12-15,92.89608001708984
2014-12-16,91.40589141845703
2014-12-17,93.0698471069336
2014-12-18,95.30970001220703
2014-12-19,95.72905731201172
2014-12-22,95.96765899658203
2014-12-23,95.62814331054688
2014-12-24,95.7107162475586
2014-12-26,96.3897705078125
2014-12-29,96.37140655517578
2014-12-30,95.72905731201172
2014-12-31,94.7471694946289
2015-01-02,94.46269226074219
2015-01-05,93.07708740234375
2015-01-06,91.8290786743164
2015-01-07,93.0128402709961
2015-01-08,94.79307556152344
2015-01-09,94.1690673828125
2015-01-12,93.18718719482422
2015-01-13,93.1596450805664
2015-01-14,92.64576721191406
2015-01-15,91.44366455078125
2015-01-16,92.51728057861328
2015-01-20,93.25141906738281
2015-01-21,93.72857666015625
2015-01-22,95.46293640136719
2015-01-23,95.67401885986328
2015-01-26,95.56390380859375
2015-01-27,93.08623504638672
2015-01-28,92.60908508300781
2015-01-29,93.49918365478516
2015-01-30,92.77425384521484
2015-02-02,93.5817642211914
2015-02-03,94.48108673095703
2015-02-04,94.39847564697266
2015-02-05,95.21519470214844
2015-02-06,94.63707733154297
2015-02-09,94.33428192138672
2015-02-10,95.8024673461914
2015-02-11,96.15117645263672
2015-02-12,97.27072143554688
2015-02-13,98.10578155517578
2015-02-17,98.19754791259766
2015-02-18,98.33517456054688
2015-02-19,98.8215560913086
2015-02-20,99.48225402832031
2015-02-23,99.58318328857422
2015-02-24,99.65663146972656
2015-02-25,99.4088363647461
2015-02-26,99.91353607177734
2015-02-27,99.47309875488281
2015-03-02,100.37236022949219
2015-03-03,99.90438079833984
2015-03-04,99.51897430419922
2015-03-05,99.69328308105469
2015-03-06,98.56460571289062
2015-03-09,98.84909057617188
2015-03-10,97.01378631591797
2015-03-11,96.45401000976562
2015-03-12,97.08717346191406
2015-03-13,96.6650619506836
2015-03-16,97.91307067871094
2015-03-17,98.06906127929688
2015-03-18,99.03260803222656
2015-03-19,99.17941284179688
2015-03-20,99.82139587402344
2015-03-23,99.62828826904297
2015-03-24,99.26957702636719
2015-03-25,96.99775695800781
2015-03-26,96.66664123535156
2015-03-27,97.05294799804688
2015-03-30,98.16584777832031
2015-03-31,97.12654113769531
2015-04-01,96.62067413330078
2015-04-02,96.68505096435547
2015-04-06,97.47602844238281
2015-04-07,97.31047821044922
2015-04-08,98.08309936523438
2015-04-09,98.6993179321289
2015-04-10,99.10401153564453
2015-04-13,98.85569763183594
2015-04-14,98.570556640625
2015-04-15,99.18678283691406
2015-04-16,99.048828125
2015-04-17,97.5036392211914
2015-04-20,98.96607208251953
2015-04-21,99.38912963867188
2015-04-22,99.93180847167969
2015-04-23,100.30889129638672
2015-04-24,101.67013549804688
2015-04-27,101.41259002685547
2015-04-28,101.21026611328125
2015-04-29,100.57560729980469
2015-04-30,98.99364471435547
2015-05-01,100.29969024658203
2015-05-04,100.46524810791016
2015-05-05,98.82807922363281
2015-05-06,98.14746856689453
2015-05-07,98.73609924316406
2015-05-08,99.96856689453125
2015-05-11,99.5822525024414
2015-05-12,99.13158416748047
2015-05-13,99.33395385742188
2015-05-14,100.78717803955078
2015-05-15,100.78717803955078
2015-05-18,101.2286605834961
2015-05-19,101.11827850341797
2015-05-20,101.18265533447266
2015-05-21,101.7069320678711
2015-05-22,101.60576629638672
2015-05-26,100.43765258789062
2015-05-27,102.05643463134766
2015-05-28,101.8265151977539
2015-05-29,101.21944427490234
2015-06-01,101.55976867675781
2015-06-02,101.23787689208984
2015-06-03,101.54138946533203
2015-06-04,100.7687759399414
2015-06-05,100.52960968017578
2015-06-08,99.50872039794922
2015-06-09,99.34315490722656
2015-06-10,100.70437622070312
2015-06-11,100.8515625
2015-06-12,100.02377319335938
2015-06-15,99.527099609375
2015-06-16,100.06975555419922
2015-06-17,100.345703125
2015-06-18,101.80813598632812
2015-06-19,101.30476379394531
2015-06-22,102.05146026611328
2015-06-23,102.13446044921875
2015-06-24,101.60899353027344
2015-06-25,101.40616607666016
2015-06-26,100.73319244384766
2015-06-29,98.35477447509766
2015-06-30,98.70506286621094
2015-07-01,99.48865509033203
2015-07-02,99.51630401611328
2015-07-06,99.28583526611328
2015-07-07,99.53475189208984
2015-07-08,97.80160522460938
2015-07-09,97.74629211425781
2015-07-10,99.23975372314453
2015-07-13,100.98210144042969
2015-07-14,101.64584350585938
2015-07-15,101.75648498535156
2015-07-16,103.19459533691406
2015-07-17,104.71569061279297
2015-07-20,105.0752182006836
2015-07-21,105.01071166992188
2015-07-22,103.82148742675781
2015-07-23,103.43429565429688
2015-07-24,102.4201889038086
2015-07-27,101.57211303710938
2015-07-28,102.4478759765625
2015-07-29,102.83507537841797
2015-07-30,103.32367706298828
2015-07-31,103.2038345336914
2015-08-03,102.88114166259766
2015-08-04,102.68756866455078
2015-08-05,103.48038482666016
2015-08-06,101.82101440429688
2015-08-07,101.69194030761719
2015-08-10,102.85350799560547
2015-08-11,101.53521728515625
2015-08-12,101.88553619384766
2015-08-13,101.71961212158203
2015-08-14,101.8763198852539
2015-08-17,102.72444152832031
2015-08-18,102.19898223876953
2015-08-19,101.5260009765625
2015-08-20,98.71428680419922
2015-08-21,94.39990234375
2015-08-24,90.76774597167969
2015-08-25,90.42664337158203
2015-08-26,94.98067474365234
2015-08-27,97.38680267333984
2015-08-28,97.36833953857422
2015-08-31,96.16069793701172
2015-09-01,93.1553955078125
2015-09-02,95.78273010253906
2015-09-03,95.3125991821289
2015-09-04,94.17867279052734
2015-09-08,96.83367156982422
2015-09-09,95.7458724975586
2015-09-10,96.78759002685547
2015-09-11,97.32223510742188
2015-09-14,97.02725982666016
2015-09-15,98.1703872680664
2015-09-16,98.72351837158203
2015-09-17,98.7603988647461
2015-09-18,97.35572814941406
2015-09-21,97.66071319580078
2015-09-22,96.2005615234375
2015-09-23,96.27449798583984
2015-09-24,95.92338562011719
2015-09-25,95.1101303100586
2015-09-28,92.4024429321289
2015-09-29,91.92192077636719
2015-09-30,94.03813934326172
2015-10-01,94.4632568359375
2015-10-02,96.11741638183594
2015-10-05,97.49433898925781
2015-10-06,97.03226470947266
2015-10-07,97.61448669433594
2015-10-08,98.00260162353516
2015-10-09,98.44617462158203
2015-10-12,98.68646240234375
2015-10-13,98.04879760742188
2015-10-14,97.8917236328125
2015-10-15,99.49968719482422
2015-10-16,99.91549682617188
2015-10-19,100.48848724365234
2015-10-20,99.97099304199219
2015-10-21,99.36106872558594
2015-10-22,101.3848648071289
2015-10-23,104.2219009399414
2015-10-26,104.28661346435547
2015-10-27,104.49915313720703
2015-10-28,105.36784362792969
2015-10-29,105.20149230957031
2015-10-30,104.73019409179688
2015-11-02,105.91305541992188
2015-11-03,106.28269958496094
2015-11-04,106.29193878173828
2015-11-05,106.00543212890625
2015-11-06,106.0793685913086
2015-11-09,104.95196533203125
2015-11-10,104.6839828491211
2015-11-11,104.55460357666016
2015-11-12,103.53807067871094
2015-11-13,101.50502014160156
2015-11-16,102.9651107788086
2015-11-17,103.02982330322266
2015-11-18,105.00743103027344
2015-11-19,105.08135223388672
2015-11-20,105.79291534423828
2015-11-23,105.4879379272461
2015-11-24,105.39554595947266
2015-11-25,105.4879379272461
2015-11-27,105.63578796386719
2015-11-30,105.36784362792969
2015-12-01,106.42131805419922
2015-12-02,105.76517486572266
2015-12-03,103.972412109375
2015-12-04,106.40283966064453
2015-12-07,105.92229461669922
2015-12-08,105.93154907226562
2015-12-09,104.3235855102539
2015-12-10,104.79483032226562
2015-12-11,102.3829345703125
2015-12-14,103.15921020507812
2015-12-15,103.78761291503906
2015-12-16,105.33086395263672
2015-12-17,103.79682159423828
2015-12-18,101.80574798583984
2015-12-21,102.93663787841797
2015-12-22,103.6133041381836
2015-12-23,104.38262939453125
2015-12-24,104.3641128540039
2015-12-28,104.3084945678711
2015-12-29,105.94916534423828
2015-12-30,104.99443054199219
2015-12-31,103.68743133544922
2016-01-04,101.49987030029297
2016-01-05,101.32376098632812
2016-01-06,100.35047149658203
2016-01-07,97.20812225341797
2016-01-08,96.41098022460938
2016-01-11,96.70758056640625
2016-01-12,97.8292236328125
2016-01-13,94.4551010131836
2016-01-14,96.46660614013672
2016-01-15,93.47256469726562
2016-01-19,93.6764907836914
2016-01-20,93.38916015625
2016-01-21,93.48185729980469
2016-01-22,96.18851470947266
2016-01-25,94.76103973388672
2016-01-26,95.61381530761719
2016-01-27,93.2315673828125
2016-01-28,94.54782104492188
2016-01-29,96.52218627929688
2016-02-01,96.78175354003906
2016-02-02,94.68688201904297
2016-02-03,94.23267364501953
2016-02-04,94.22340393066406
2016-02-05,90.95130920410156
2016-02-08,89.5608901977539
2016-02-09,89.28278350830078
2016-02-10,89.62578582763672
2016-02-11,89.4959945678711
2016-02-12,90.85860443115234
2016-02-16,92.90715026855469
2016-02-17,95.01126861572266
2016-02-18,93.9267807006836
2016-02-19,94.20487213134766
2016-02-22,95.73429107666016
2016-02-23,94.15850830078125
2016-02-24,95.05766296386719
2016-02-25,95.99384307861328
2016-02-26,95.87333679199219
2016-02-29,95.01126861572266
2016-03-01,98.06090545654297
2016-03-02,98.09800720214844
2016-03-03,97.91261291503906
2016-03-04,97.94969177246094
2016-03-07,97.34717559814453
2016-03-08,96.54073333740234
2016-03-09,97.16175842285156
2016-03-10,97.01346588134766
2016-03-11,98.70976257324219
2016-03-14,98.87661743164062
2016-03-15,98.83954620361328
2016-03-16,99.72015380859375
2016-03-17,99.66452026367188
2016-03-18,99.82070922851562
2016-03-21,100.21118927001953
2016-03-22,100.51799011230469
2016-03-23,99.6905746459961
2016-03-24,99.71844482421875
2016-03-28,99.5789794921875
2016-03-29,101.17804718017578
2016-03-30,101.6707534790039
2016-03-31,101.52203369140625
2016-04-01,102.60047912597656
2016-04-04,102.21000671386719
2016-04-05,101.22454833984375
2016-04-06,102.88868713378906
2016-04-07,101.41049194335938
2016-04-08,101.33609771728516
2016-04-11,100.9642333984375
2016-04-12,101.81025695800781
2016-04-13,103.11180877685547
2016-04-14,103.12110900878906
2016-04-15,102.86079406738281
2016-04-18,103.40930938720703
2016-04-19,102.77713775634766
2016-04-20,102.86079406738281
2016-04-21,102.8700942993164
2016-04-22,101.31753540039062
2016-04-25,101.31753540039062
2016-04-26,100.82477569580078
2016-04-27,100.01595306396484
2016-04-28,98.80736541748047
2016-04-29,98.28675079345703
2016-05-02,99.2164077758789
2016-05-03,98.29601287841797
2016-05-04,97.66382598876953
2016-05-05,97.63594055175781
2016-05-06,98.15656280517578
2016-05-09,98.43549346923828
2016-05-10,99.78355407714844
2016-05-11,98.8817138671875
2016-05-12,98.4448013305664
2016-05-13,98.08218383789062
2016-05-16,99.30940246582031
2016-05-17,98.0635986328125
2016-05-18,98.41688537597656
2016-05-19,97.90556335449219
2016-05-20,98.98401641845703
2016-05-23,98.85385131835938
2016-05-24,100.83407592773438
2016-05-25,101.55923461914062
2016-05-26,101.85674285888672
2016-05-27,102.38663482666016
2016-05-31,102.5818862915039
2016-06-01,102.59120178222656
2016-06-02,102.80501556396484
2016-06-03,102.32158660888672
2016-06-06,102.6934585571289
2016-06-07,102.43313598632812
2016-06-08,102.60978698730469
2016-06-09,102.44243621826172
2016-06-10,101.28032684326172
2016-06-13,100.4343032836914
2016-06-14,100.4343032836914
2016-06-15,100.14610290527344
2016-06-16,100.44361114501953
2016-06-17,99.26624298095703
2016-06-20,99.8908462524414
2016-06-21,100.207763671875
2016-06-22,99.96540069580078
2016-06-23,101.39161682128906
2016-06-24,97.21551513671875
2016-06-27,95.28593444824219
2016-06-28,97.37399291992188
2016-06-29,99.09848022460938
2016-06-30,100.24507904052734
2016-07-01,100.7484359741211
2016-07-05,100.13318634033203
2016-07-06,100.95352172851562
2016-07-07,101.25180053710938
2016-07-08,102.81784057617188
2016-07-11,103.40512084960938
2016-07-12,103.92710876464844
2016-07-13,103.67540740966797
2016-07-14,104.3838882446289
2016-07-15,104.21605682373047
2016-07-18,104.9058837890625
2016-07-19,104.52367401123047
2016-07-20,105.74481964111328
2016-07-21,105.50245666503906
2016-07-22,105.9405746459961
2016-07-25,105.94992065429688
2016-07-26,106.07108306884766
2016-07-27,106.8074951171875
2016-07-28,107.18036651611328
2016-07-29,107.41341400146484
2016-08-01,107.98199462890625
2016-08-02,107.16171264648438
2016-08-03,107.51593780517578
2016-08-04,107.82355499267578
2016-08-05,108.8582534790039
2016-08-08,108.73704528808594
2016-08-09,108.98878479003906
2016-08-10,108.7091064453125
2016-08-11,109.17518615722656
2016-08-12,109.249755859375
2016-08-15,109.71582794189453
2016-08-16,109.10992431640625
2016-08-17,109.30572509765625
2016-08-18,109.33367919921875
2016-08-19,109.30572509765625
2016-08-22,109.38958740234375
2016-08-23,109.58536529541016
2016-08-24,108.87688446044922
2016-08-25,108.69979858398438
2016-08-26,108.8582534790039
2016-08-29,109.00740814208984
2016-08-30,108.65319061279297
2016-08-31,108.54132080078125
2016-09-01,108.82096862792969
2016-09-02,109.17518615722656
2016-09-06,109.85566711425781
2016-09-07,109.92092895507812
2016-09-08,109.2777099609375
2016-09-09,106.52784729003906
2016-09-12,108.43878173828125
2016-09-13,107.46934509277344
2016-09-14,107.98199462890625
2016-09-15,109.659912109375
2016-09-16,109.60758972167969
2016-09-19,109.1310043334961
2016-09-20,109.33658599853516
2016-09-21,110.4112548828125
2016-09-22,111.28968048095703
2016-09-23,110.57946014404297
2016-09-26,109.65431213378906
2016-09-27,110.73834991455078
2016-09-28,110.92522430419922
2016-09-29,110.12158203125
2016-09-30,110.94393920898438
2016-10-03,110.78504943847656
2016-10-04,110.61685943603516
2016-10-05,111.00935363769531
2016-10-06,110.9532699584961
2016-10-07,110.71028137207031
2016-10-10,111.41116333007812
2016-10-11,109.82254028320312
2016-10-12,109.72908782958984
2016-10-13,109.33658599853516
2016-10-14,109.46739959716797
2016-10-17,109.16837310791016
2016-10-18,110.1402587890625
2016-10-19,110.13089752197266
2016-10-20,110.00006866455078
2016-10-21,110.4112548828125
2016-10-24,111.73822021484375
2016-10-25,111.38317108154297
2016-10-26,110.62621307373047
2016-10-27,110.12158203125
2016-10-28,109.43003845214844
2016-10-31,109.32723999023438
2016-11-01,108.5048828125
2016-11-02,107.63580322265625
2016-11-03,106.57982635498047
2016-11-04,106.20599365234375
2016-11-07,108.72914123535156
2016-11-08,109.43940734863281
2016-11-09,109.94403076171875
2016-11-10,108.1684341430664
2016-11-11,108.21517944335938
2016-11-14,107.12181854248047
2016-11-15,108.607666015625
2016-11-16,109.25247192382812
2016-11-17,110.04679107666016
2016-11-18,109.63563537597656
2016-11-21,110.77571868896484
2016-11-22,111.11214447021484
2016-11-23,110.66357421875
2016-11-25,111.01869201660156
2016-11-28,110.76637268066406
2016-11-29,111.14955139160156
2016-11-30,109.8038330078125
2016-12-01,107.90682220458984
2016-12-02,108.12176513671875
2016-12-05,108.96278381347656
2016-12-06,109.22442626953125
2016-12-07,110.60748291015625
2016-12-08,110.80374145507812
2016-12-09,111.67281341552734
2016-12-12,111.16824340820312
2016-12-13,112.56995391845703
2016-12-14,112.33634948730469
2016-12-15,112.51387023925781
2016-12-16,112.09680938720703
2016-12-19,112.55606842041016
2016-12-20,112.98721313476562
2016-12-21,112.9028549194336
2016-12-22,112.58417510986328
2016-12-23,112.65914154052734
2016-12-27,113.24027252197266
2016-12-28,112.3592529296875
2016-12-29,112.19990539550781
2016-12-30,111.04707336425781
2017-01-03,112.04055786132812
2017-01-04,112.64981079101562
2017-01-05,113.28713989257812
2017-01-06,114.28064727783203
2017-01-09,114.65552520751953
2017-01-10,114.9085922241211
2017-01-11,115.2178955078125
2017-01-12,115.0398178100586
2017-01-13,115.43347930908203
2017-01-17,115.08668518066406
2017-01-18,115.32096862792969
2017-01-19,115.26476287841797
2017-01-20,115.517822265625
2017-01-23,115.61153411865234
2017-01-24,116.38945007324219
2017-01-25,117.56108093261719
2017-01-26,117.68290710449219
2017-01-27,117.90786743164062
2017-01-30,116.98932647705078
2017-01-31,116.75499725341797
2017-02-01,117.56108093261719
2017-02-02,117.45793151855469
2017-02-03,117.79536437988281
2017-02-06,117.93595886230469
2017-02-07,118.36711883544922
2017-02-08,118.56393432617188
2017-02-09,118.99507141113281
2017-02-10,119.38873291015625
2017-02-13,120.06354522705078
2017-02-14,120.46659851074219
2017-02-15,121.17891693115234
2017-02-16,121.14140319824219
2017-02-17,121.66629028320312
2017-02-21,122.26612854003906
2017-02-22,122.31295776367188
2017-02-23,121.85374450683594
2017-02-24,122.0880355834961
2017-02-27,122.23799896240234
2017-02-28,121.86310577392578
2017-03-01,123.19398498535156
2017-03-02,122.5754165649414
2017-03-03,122.8003921508789
2017-03-06,122.52854919433594
2017-03-07,122.32235717773438
2017-03-08,122.53792572021484
2017-03-09,122.63166046142578
2017-03-10,123.14715576171875
2017-03-13,123.35335540771484
2017-03-14,123.0534439086914
2017-03-15,123.81260681152344
2017-03-16,123.728271484375
2017-03-17,123.6850814819336
2017-03-20,123.79773712158203
2017-03-21,121.91934967041016
2017-03-22,122.74581909179688
2017-03-23,122.4359130859375
2017-03-24,122.68949127197266
2017-03-27,122.88674926757812
2017-03-28,123.6380615234375
2017-03-29,124.2110366821289
2017-03-30,124.41765594482422
2017-03-31,124.3331069946289
2017-04-03,124.2579574584961
2017-04-04,124.45516967773438
2017-04-05,123.94801330566406
2017-04-06,124.01380920410156
2017-04-07,123.94801330566406
2017-04-10,123.99500274658203
2017-04-11,123.45968627929688
2017-04-12,122.96188354492188
2017-04-13,122.47345733642578
2017-04-17,123.48780822753906
2017-04-18,123.29997253417969
2017-04-19,123.49717712402344
2017-04-20,124.5302963256836
2017-04-21,124.5021743774414
2017-04-24,126.00493621826172
2017-04-25,126.91598510742188
2017-04-26,126.73750305175781
2017-04-27,127.49822235107422
2017-04-28,127.72369384765625
2017-05-01,128.8601531982422
2017-05-02,129.07614135742188
2017-05-03,128.66294860839844
2017-05-04,128.70986938476562
2017-05-05,129.1794891357422
2017-05-08,129.46124267578125
2017-05-09,129.9120635986328
2017-05-10,129.98716735839844
2017-05-11,129.88381958007812
2017-05-12,130.1750030517578
2017-05-15,130.58827209472656
2017-05-16,131.13302612304688
2017-05-17,127.79876708984375
2017-05-18,128.91647338867188
2017-05-19,129.46124267578125
2017-05-22,130.55068969726562
2017-05-23,130.6821746826172
2017-05-24,131.28334045410156
2017-05-25,132.40097045898438
2017-05-26,132.6357421875
2017-05-30,132.74844360351562
2017-05-31,132.70156860351562
2017-06-01,133.21803283691406
2017-06-02,134.73959350585938
2017-06-05,134.71142578125
2017-06-06,134.17608642578125
2017-06-07,134.70205688476562
2017-06-08,134.84286499023438
2017-06-09,131.4711456298828
2017-06-12,130.76663208007812
2017-06-13,131.82803344726562
2017-06-14,131.255126953125
2017-06-15,130.6727752685547
2017-06-16,130.10586547851562
2017-06-19,132.28135681152344
2017-06-20,131.2454376220703
2017-06-21,132.54510498046875
2017-06-22,132.50743103027344
2017-06-23,133.0159454345703
2017-06-26,132.39437866210938
2017-06-27,129.99285888671875
2017-06-28,131.86697387695312
2017-06-29,129.57846069335938
2017-06-30,129.6255645751953
2017-07-03,128.2599639892578
2017-07-05,129.52197265625
2017-07-06,128.35411071777344
2017-07-07,129.7385711669922
2017-07-10,130.586181640625
2017-07-11,130.9534454345703
2017-07-12,132.50743103027344
2017-07-13,132.79933166503906
2017-07-14,133.8447265625
2017-07-17,133.91064453125
2017-07-18,134.80532836914062
2017-07-19,135.59645080566406
2017-07-20,135.77529907226562
2017-07-21,135.7187957763672
2017-07-24,136.34034729003906
2017-07-25,135.99197387695312
2017-07-26,136.43455505371094
2017-07-27,135.57754516601562
2017-07-28,135.46458435058594
2017-07-31,134.89007568359375
2017-08-01,135.20086669921875
2017-08-02,135.568115234375
2017-08-03,135.04074096679688
2017-08-04,135.28562927246094
2017-08-07,136.1426239013672
2017-08-08,135.90719604492188
2017-08-09,135.72824096679688
2017-08-10,132.8181915283203
2017-08-11,133.8258514404297
2017-08-14,135.54930114746094
2017-08-15,135.6434783935547
2017-08-16,135.87892150878906
2017-08-17,133.1006622314453
2017-08-18,133.00650024414062
2017-08-21,132.83697509765625
2017-08-22,134.8617706298828
2017-08-23,134.38150024414062
2017-08-24,133.98594665527344
2017-08-25,133.70339965820312
2017-08-28,134.11781311035156
2017-08-29,134.64523315429688
2017-08-30,136.22735595703125
2017-08-31,137.68711853027344
2017-09-01,137.49879455566406
2017-09-05,136.26507568359375
2017-09-06,136.67945861816406
2017-09-07,136.99964904785156
2017-09-08,135.8130340576172
2017-09-11,137.37632751464844
2017-09-12,137.7059783935547
2017-09-13,137.89434814453125
2017-09-14,137.0844268798828
2017-09-15,137.55531311035156
2017-09-18,137.37501525878906
2017-09-19,137.6109161376953
2017-09-20,137.18626403808594
2017-09-21,136.34619140625
2017-09-22,136.2140655517578
2017-09-25,134.77947998046875
2017-09-26,135.12869262695312
2017-09-27,136.34619140625
2017-09-28,136.29904174804688
2017-09-29,137.28062438964844
2017-10-02,137.40333557128906
2017-10-03,137.6959228515625
2017-10-04,137.8280792236328
2017-10-05,139.17774963378906
2017-10-06,139.36651611328125
2017-10-09,139.2060546875
2017-10-10,139.30990600585938
2017-10-11,139.72515869140625
2017-10-12,139.4702606201172
2017-10-13,140.00830078125
2017-10-16,140.4896697998047
2017-10-17,140.6689910888672
2017-10-18,140.49908447265625
2017-10-19,139.97999572753906
2017-10-20,140.35755920410156
2017-10-23,139.44200134277344
2017-10-24,139.67794799804688
2017-10-25,139.14942932128906
2017-10-26,138.7057647705078
2017-10-27,142.74545288085938
2017-10-30,143.06637573242188
2017-10-31,143.60430908203125
2017-11-01,143.55712890625
2017-11-02,143.2833251953125
2017-11-03,144.66143798828125
2017-11-06,145.15216064453125
2017-11-07,145.2371368408203
2017-11-08,145.82237243652344
2017-11-09,145.0578155517578
2017-11-10,145.04832458496094
2017-11-13,145.2277069091797
2017-11-14,144.69915771484375
2017-11-15,144.01959228515625
2017-11-16,145.86001586914062
2017-11-17,145.30320739746094
2017-11-20,145.18994140625
2017-11-21,146.76617431640625
2017-11-22,146.9454345703125
2017-11-24,147.4833984375
2017-11-27,147.41741943359375
2017-11-28,147.79489135742188
2017-11-29,145.21827697753906
2017-11-30,146.43582153320312
2017-12-01,145.8128662109375
2017-12-04,144.13287353515625
2017-12-05,144.2272186279297
2017-12-06,144.87844848632812
2017-12-07,145.36927795410156
2017-12-08,146.01104736328125
2017-12-11,147.14364624023438
2017-12-12,146.9454345703125
2017-12-13,147.22865295410156
2017-12-14,147.12486267089844
2017-12-15,148.79537963867188
2017-12-18,150.04295349121094
2017-12-19,149.1538543701172
2017-12-20,148.9930877685547
2017-12-21,149.01199340820312
2017-12-22,148.84176635742188
2017-12-26,148.03781127929688
2017-12-27,148.05670166015625
2017-12-28,148.2364044189453
2017-12-29,147.31895446777344
2018-01-02,149.90101623535156
2018-01-03,151.35755920410156
2018-01-04,151.62242126464844
2018-01-05,153.1450958251953
2018-01-08,153.74107360839844
2018-01-09,153.75048828125
2018-01-10,153.3910675048828
2018-01-11,154.44090270996094
2018-01-12,155.57586669921875
2018-01-16,155.13134765625
2018-01-17,156.80540466308594
2018-01-18,156.8338165283203
2018-01-19,157.3256072998047
2018-01-22,159.00918579101562
2018-01-23,160.3238067626953
2018-01-24,159.283447265625
2018-01-25,159.2267303466797
2018-01-26,161.6668243408203
2018-01-29,160.8818817138672
2018-01-30,159.55772399902344
2018-01-31,160.21981811523438
2018-02-01,158.8578643798828
2018-02-02,155.68939208984375
2018-02-05,149.5511016845703
2018-02-06,153.51400756835938
2018-02-07,151.52786254882812
2018-02-08,145.1341552734375
2018-02-09,147.64059448242188
2018-02-12,150.26043701171875
2018-02-13,151.03602600097656
2018-02-14,153.86399841308594
2018-02-15,156.72027587890625
2018-02-16,156.02044677734375
2018-02-20,156.33250427246094
2018-02-21,155.8880157470703
2018-02-22,155.86911010742188
2018-02-23,159.05645751953125
2018-02-26,161.1656494140625
2018-02-27,159.16995239257812
2018-02-28,158.14849853515625
2018-03-01,155.56642150878906
2018-03-02,156.9945831298828
2018-03-05,158.73487854003906
2018-03-06,159.40640258789062
2018-03-07,159.7752685546875
2018-03-08,160.65487670898438
2018-03-09,163.77603149414062
2018-03-12,164.6461944580078
2018-03-13,162.4046173095703
2018-03-14,162.3762664794922
2018-03-15,162.23434448242188
2018-03-16,161.7519989013672
2018-03-19,158.30084228515625
2018-03-20,158.82188415527344
2018-03-21,158.13037109375
2018-03-22,154.22723388671875
2018-03-23,150.16319274902344
2018-03-26,155.7429656982422
2018-03-27,150.70315551757812
2018-03-28,148.9695281982422
2018-03-29,151.69784545898438
2018-04-02,147.3212127685547
2018-04-03,148.97903442382812
2018-04-04,151.32843017578125
2018-04-05,152.19049072265625
2018-04-06,148.3821563720703
2018-04-09,149.4242401123047
2018-04-10,152.72096252441406
2018-04-11,151.83998107910156
2018-04-12,153.66835021972656
2018-04-13,152.87257385253906
2018-04-16,154.0377960205078
2018-04-17,157.35353088378906
2018-04-18,157.67559814453125
2018-04-19,156.22618103027344
2018-04-20,153.75363159179688
2018-04-23,153.36520385742188
2018-04-24,150.1157989501953
2018-04-25,150.2957763671875
2018-04-26,153.4599609375
2018-04-27,153.5546875
2018-04-30,152.46524047851562
2018-05-01,154.20835876464844
2018-05-02,153.29891967773438
2018-05-03,153.27996826171875
2018-05-04,156.1882781982422
2018-05-07,157.4861602783203
2018-05-08,157.32504272460938
2018-05-09,159.039794921875
2018-05-10,160.68812561035156
2018-05-11,160.53659057617188
2018-05-14,160.811279296875
2018-05-15,159.03036499023438
2018-05-16,160.08180236816406
2018-05-17,159.4661102294922
2018-05-18,158.64190673828125
2018-05-21,159.5323944091797
2018-05-22,159.32394409179688
2018-05-23,160.66920471191406
2018-05-24,160.62181091308594
2018-05-25,160.7828369140625
2018-05-29,160.07237243652344
2018-05-30,161.2186737060547
2018-05-31,161.11444091796875
2018-06-01,163.6438446044922
2018-06-04,165.12173461914062
2018-06-05,165.63320922851562
2018-06-06,166.59950256347656
2018-06-07,165.24484252929688
2018-06-08,165.25436401367188
2018-06-11,165.6995849609375
2018-06-12,166.57113647460938
2018-06-13,166.56166076660156
2018-06-14,168.24789428710938
2018-06-15,167.66061401367188
2018-06-18,167.56373596191406
2018-06-19,167.08909606933594
2018-06-20,168.27578735351562
2018-06-21,166.81378173828125
2018-06-22,166.44351196289062
2018-06-25,162.69345092773438
2018-06-26,163.35806274414062
2018-06-27,161.1365509033203
2018-06-28,162.52259826660156
2018-06-29,162.95933532714844
2018-07-02,164.0510711669922
2018-07-03,162.15231323242188
2018-07-05,164.1649932861328
2018-07-06,166.7188262939453
2018-07-09,168.21878051757812
2018-07-10,168.3422088623047
2018-07-11,167.48779296875
2018-07-12,170.3739013671875
2018-07-13,170.5162811279297
2018-07-16,170.1080780029297
2018-07-17,171.1428680419922
2018-07-18,170.82003784179688
2018-07-19,169.9656524658203
2018-07-20,169.92767333984375
2018-07-23,170.46884155273438
2018-07-24,171.17135620117188
2018-07-25,173.5637969970703
2018-07-26,170.93406677246094
2018-07-27,168.62701416015625
2018-07-30,166.24411010742188
2018-07-31,167.51625061035156
2018-08-01,168.15237426757812
2018-08-02,170.4403533935547
2018-08-03,170.9624786376953
2018-08-06,171.96885681152344
2018-08-07,172.59542846679688
2018-08-08,172.80419921875
2018-08-09,172.6997833251953
2018-08-10,171.38021850585938
2018-08-13,171.19032287597656
2018-08-14,172.26307678222656
2018-08-15,170.15550231933594
2018-08-16,170.71568298339844
2018-08-17,170.75360107421875
2018-08-20,170.60169982910156
2018-08-21,171.2283172607422
2018-08-22,171.89288330078125
2018-08-23,171.6460723876953
2018-08-24,173.24098205566406
2018-08-27,175.00677490234375
2018-08-28,175.2631378173828
2018-08-29,177.28533935546875
2018-08-30,176.97203063964844
2018-08-31,177.19984436035156
2018-09-04,176.44032287597656
2018-09-05,174.16180419921875
2018-09-06,172.6049041748047
2018-09-07,171.94036865234375
2018-09-10,172.5194549560547
2018-09-11,173.8486328125
2018-09-12,173.33590698242188
2018-09-13,175.1871337890625
2018-09-14,174.6745147705078
2018-09-17,172.15867614746094
2018-09-18,173.58273315429688
2018-09-19,173.44984436035156
2018-09-20,175.3675537109375
2018-09-21,174.40872192382812
2018-09-24,174.893798828125
2018-09-25,175.13153076171875
2018-09-26,175.25515747070312
2018-09-27,176.7388458251953
2018-09-28,176.7008056640625
2018-10-01,177.06224060058594
2018-10-02,176.66278076171875
2018-10-03,176.85296630859375
2018-10-04,173.4576416015625
2018-10-05,171.33668518066406
2018-10-08,170.2904815673828
2018-10-09,170.84217834472656
2018-10-10,163.32864379882812
2018-10-11,161.30284118652344
2018-10-12,165.79196166992188
2018-10-15,163.78512573242188
2018-10-16,168.55001831054688
2018-10-17,168.61663818359375
2018-10-18,164.7077178955078
2018-10-19,164.55552673339844
2018-10-22,165.40196228027344
2018-10-23,164.79330444335938
2018-10-24,157.25125122070312
2018-10-25,162.69140625
2018-10-26,158.50665283203125
2018-10-29,155.24447631835938
2018-10-30,157.8028564453125
2018-10-31,161.51210021972656
2018-11-01,163.6424560546875
2018-11-02,161.0935821533203
2018-11-05,160.6941680908203
2018-11-06,161.9115753173828
2018-11-07,166.99026489257812
2018-11-08,165.9250946044922
2018-11-09,163.1289520263672
2018-11-12,158.19281005859375
2018-11-13,158.32601928710938
2018-11-14,157.11807250976562
2018-11-15,159.86666870117188
2018-11-16,159.30555725097656
2018-11-19,154.13168334960938
2018-11-20,151.37355041503906
2018-11-21,152.52438354492188
2018-11-23,151.421142578125
2018-11-26,154.9210968017578
2018-11-27,155.44419860839844
2018-11-28,160.44683837890625
2018-11-29,159.9237823486328
2018-11-30,161.08407592773438
2018-12-03,163.8992919921875
2018-12-04,157.61265563964844
2018-12-06,158.7254180908203
2018-12-07,153.48501586914062
2018-12-10,155.0923309326172
2018-12-11,155.60586547851562
2018-12-12,156.97544860839844
2018-12-13,157.02301025390625
2018-12-14,153.19967651367188
2018-12-17,149.7282257080078
2018-12-18,150.66983032226562
2018-12-19,146.97007751464844
2018-12-20,144.8396453857422
2018-12-21,140.35057067871094
2018-12-24,136.8701934814453
2018-12-26,145.4162139892578
2018-12-27,145.9789581298828
2018-12-28,145.9026641845703
2018-12-31,147.13299560546875
2019-01-02,147.7244110107422
2019-01-03,142.89817810058594
2019-01-04,149.01202392578125
2019-01-07,150.78607177734375
2019-01-08,152.1500244140625
2019-01-09,153.38995361328125
2019-01-10,153.8286895751953
2019-01-11,153.26596069335938
2019-01-14,151.91160583496094
2019-01-15,154.87796020507812
2019-01-16,154.8492889404297
2019-01-17,156.0701446533203
2019-01-18,157.61529541015625
2019-01-22,154.458251953125
2019-01-23,154.6585235595703
2019-01-24,155.6600341796875
2019-01-25,157.5198516845703
2019-01-28,155.5741729736328
2019-01-29,154.10533142089844
2019-01-30,158.02545166015625
2019-01-31,160.39085388183594
2019-02-01,159.7136688232422
2019-02-04,161.6975860595703
2019-02-05,163.1282501220703
2019-02-06,162.64181518554688
2019-02-07,160.45758056640625
2019-02-08,160.77239990234375
2019-02-11,160.61976623535156
2019-02-12,162.9947052001953
2019-02-13,163.10919189453125
2019-02-14,163.30947875976562
2019-02-15,163.99620056152344
2019-02-19,164.32049560546875
2019-02-20,164.29188537597656
2019-02-21,163.6909942626953
2019-02-22,164.90232849121094
2019-02-25,165.50318908691406
2019-02-26,165.67489624023438
2019-02-27,165.5699462890625
2019-02-28,165.18849182128906
2019-03-01,166.3330535888672
2019-03-04,166.3616485595703
2019-03-05,166.4856414794922
2019-03-06,165.54135131835938
2019-03-07,163.509765625
2019-03-08,163.2617645263672
2019-03-11,166.65733337402344
2019-03-12,167.57296752929688
2019-03-13,168.83201599121094
2019-03-14,168.54586791992188
2019-03-15,170.11009216308594
2019-03-18,170.5152587890625
2019-03-19,171.0885009765625
2019-03-20,171.76699829101562
2019-03-21,174.4519805908203
2019-03-22,170.6202850341797
2019-03-25,170.2954559326172
2019-03-26,171.0885009765625
2019-03-27,169.98968505859375
2019-03-28,170.38148498535156
2019-03-29,171.67138671875
2019-04-01,173.94557189941406
2019-04-02,174.6049041748047
2019-04-03,175.6082000732422
2019-04-04,175.54135131835938
2019-04-05,176.44908142089844
2019-04-08,176.89822387695312
2019-04-09,176.277099609375
2019-04-10,177.22308349609375
2019-04-11,176.8026123046875
2019-04-12,177.56704711914062
2019-04-15,177.595703125
2019-04-16,178.20729064941406
2019-04-17,178.82835388183594
2019-04-18,179.0576934814453
2019-04-22,179.5641326904297
2019-04-23,181.84786987304688
2019-04-24,181.27456665039062
2019-04-25,182.0102996826172
2019-04-26,182.17274475097656
2019-04-29,182.52630615234375
2019-04-30,181.11215209960938
2019-05-01,180.5291748046875
2019-05-02,179.74566650390625
2019-05-03,182.61231994628906
2019-05-06,181.49429321289062
2019-05-07,177.95884704589844
2019-05-08,177.50978088378906
2019-05-09,176.55419921875
2019-05-10,176.7739715576172
2019-05-13,170.63946533203125
2019-05-14,172.5122528076172
2019-05-15,174.94888305664062
2019-05-16,176.70709228515625
2019-05-17,174.90115356445312
2019-05-20,171.948486328125
2019-05-21,173.74493408203125
2019-05-22,172.9709930419922
2019-05-23,170.3240966796875
2019-05-24,170.23814392089844
2019-05-28,169.597900390625
2019-05-29,168.2028045654297
2019-05-30,168.9099578857422
2019-05-31,166.21530151367188
2019-06-03,162.55563354492188
2019-06-04,167.1326446533203
2019-06-05,168.3748016357422
2019-06-06,169.71253967285156
2019-06-07,172.9900665283203
2019-06-10,175.00621032714844
2019-06-11,175.24510192871094
2019-06-12,174.23220825195312
2019-06-13,175.26422119140625
2019-06-14,174.51890563964844
2019-06-17,175.56997680664062
2019-06-18,178.12124633789062
2019-06-19,178.79017639160156
2019-06-20,180.4528045654297
2019-06-21,180.1852264404297
2019-06-24,180.19094848632812
2019-06-25,177.09779357910156
2019-06-26,177.92135620117188
2019-06-27,178.60128784179688
2019-06-28,178.83111572265625
2019-07-01,181.24435424804688
2019-07-02,181.96266174316406
2019-07-03,183.33204650878906
2019-07-05,182.95858764648438
2019-07-08,181.67538452148438
2019-07-09,182.58511352539062
2019-07-10,184.4045867919922
2019-07-11,184.2705535888672
2019-07-12,185.33355712890625
2019-07-15,185.9272918701172
2019-07-16,184.96963500976562
2019-07-17,184.059814453125
2019-07-18,184.2705535888672
2019-07-19,182.92031860351562
2019-07-22,184.37588500976562
2019-07-23,185.58255004882812
2019-07-24,186.88490295410156
2019-07-25,185.11325073242188
2019-07-26,187.0189971923828
2019-07-29,186.3773651123047
2019-07-30,185.57296752929688
2019-07-31,183.00645446777344
2019-08-01,182.0967254638672
2019-08-02,179.41526794433594
2019-08-05,173.0756378173828
2019-08-06,175.49851989746094
2019-08-07,176.44654846191406
2019-08-08,180.28675842285156
2019-08-09,178.5917205810547
2019-08-12,176.54237365722656
2019-08-13,180.41123962402344
2019-08-14,175.0196990966797
2019-08-15,174.81854248046875
2019-08-16,177.62445068359375
2019-08-19,180.4495391845703
2019-08-20,179.05142211914062
2019-08-21,180.64109802246094
2019-08-22,180.0569305419922
2019-08-23,174.35887145996094
2019-08-26,176.99241638183594
2019-08-27,176.6189422607422
2019-08-28,177.25103759765625
2019-08-29,179.96116638183594
2019-08-30,179.53021240234375
2019-09-03,177.78724670410156
2019-09-04,180.35379028320312
2019-09-05,183.6576690673828
2019-09-06,183.47572326660156
2019-09-09,183.09263610839844
2019-09-10,182.56594848632812
2019-09-11,184.28012084960938
2019-09-12,185.04623413085938
2019-09-13,184.38548278808594
2019-09-16,183.5619354248047
2019-09-17,184.4429473876953
2019-09-18,184.3663330078125
2019-09-19,184.67276000976562
2019-09-20,182.7191619873047
2019-09-23,182.79978942871094
2019-09-24,180.37205505371094
2019-09-25,182.39671325683594
2019-09-26,181.7250518798828
2019-09-27,179.47000122070312
2019-09-30,181.17808532714844
2019-10-01,179.70037841796875
2019-10-02,176.61048889160156
2019-10-03,178.54881286621094
2019-10-04,181.17808532714844
2019-10-07,180.63111877441406
2019-10-08,177.92510986328125
2019-10-09,179.6619415283203
2019-10-10,181.05331420898438
2019-10-11,183.38511657714844
2019-10-14,183.3659210205078
2019-10-15,185.6977081298828
2019-10-16,185.2371063232422
2019-10-17,185.72650146484375
2019-10-18,183.9417266845703
2019-10-21,185.57296752929688
2019-10-22,184.09518432617188
2019-10-23,184.45022583007812
2019-10-24,186.2446746826172
2019-10-25,187.73199462890625
2019-10-28,189.583984375
2019-10-29,188.1158447265625
2019-10-30,189.02743530273438
2019-10-31,189.11375427246094
2019-11-01,190.83145141601562
2019-11-04,192.0117645263672
2019-11-05,192.11729431152344
2019-11-06,191.6854248046875
2019-11-07,192.32839965820312
2019-11-08,193.09605407714844
2019-11-11,192.8369903564453
2019-11-12,193.39352416992188
2019-11-13,193.4414520263672
2019-11-14,193.28797912597656
2019-11-15,194.7081298828125
2019-11-18,194.86172485351562
2019-11-19,195.14955139160156
2019-11-20,193.97891235351562
2019-11-21,193.5470733642578
2019-11-22,193.67178344726562
2019-11-25,195.96517944335938
2019-11-26,196.3394317626953
2019-11-27,197.7116241455078
2019-11-29,196.80963134765625
2019-12-02,194.79449462890625
2019-12-03,193.268798828125
2019-12-04,194.24754333496094
2019-12-05,194.63136291503906
2019-12-06,196.71359252929688
2019-12-09,195.8212890625
2019-12-10,195.65811157226562
2019-12-11,196.69448852539062
2019-12-12,198.16262817382812
2019-12-13,198.81512451171875
2019-12-16,200.8110809326172
2019-12-17,200.9261932373047
2019-12-18,201.0797576904297
2019-12-19,202.33680725097656
2019-12-20,203.15245056152344
2019-12-23,203.68905639648438
2019-12-24,203.7948455810547
2019-12-26,205.59310913085938
2019-12-27,205.42002868652344
2019-12-30,204.07373046875
2019-12-31,204.4583740234375
2020-01-02,207.8722686767578
2020-01-03,205.9681854248047
2020-01-06,207.2952117919922
2020-01-07,207.2664031982422
2020-01-08,208.8242950439453
2020-01-09,210.5937957763672
2020-01-10,210.05517578125
2020-01-13,212.4785919189453
2020-01-14,211.64193725585938
2020-01-15,211.72850036621094
2020-01-16,213.75755310058594
2020-01-17,214.81546020507812
2020-01-21,214.7193145751953
2020-01-22,215.28663635253906
2020-01-23,215.97903442382812
2020-01-24,214.16152954101562
2020-01-27,209.7378387451172
2020-01-28,212.95944213867188
2020-01-29,213.30564880371094
2020-01-30,214.06536865234375
2020-01-31,210.67066955566406
2020-02-03,213.85379028320312
2020-02-04,218.7486114501953
2020-02-05,219.4698944091797
2020-02-06,221.36434936523438
2020-02-07,220.41226196289062
2020-02-10,223.0760955810547
2020-02-11,223.11459350585938
2020-02-12,225.2878875732422
2020-02-13,224.9994354248047
2020-02-14,225.6437530517578
2020-02-18,225.7303009033203
2020-02-19,227.89401245117188
2020-02-20,225.77833557128906
2020-02-21,221.44129943847656
2020-02-24,212.90174865722656
2020-02-25,207.112548828125
2020-02-26,208.17999267578125
2020-02-27,197.75558471679688
2020-02-28,197.90943908691406
2020-03-02,208.12225341796875
2020-03-03,201.44834899902344
2020-03-04,209.85328674316406
2020-03-05,203.4774932861328
2020-03-06,200.04437255859375
2020-03-09,186.14840698242188
2020-03-10,196.28428649902344
2020-03-11,187.73512268066406
2020-03-12,170.52145385742188
2020-03-13,184.96556091308594
2020-03-16,162.8089141845703
2020-03-17,175.15663146972656
2020-03-18,169.82904052734375
2020-03-19,170.84840393066406
2020-03-20,164.1552734375
2020-03-23,164.2737579345703
2020-03-24,176.9947052001953
2020-03-25,175.68411254882812
2020-03-26,184.93568420410156
2020-03-27,178.5751953125
2020-03-30,185.070556640625
2020-03-31,183.49009704589844
2020-04-01,175.69375610351562
2020-04-02,179.25942993164062
2020-04-03,176.71524047851562
2020-04-06,189.3494873046875
2020-04-07,189.2723388671875
2020-04-08,193.2910614013672
2020-04-09,193.5704803466797
2020-04-13,195.6617431640625
2020-04-14,204.17129516601562
2020-04-15,201.82943725585938
2020-04-16,205.51084899902344
2020-04-17,207.476806640625
2020-04-20,205.01939392089844
2020-04-21,197.45425415039062
2020-04-22,203.31362915039062
2020-04-23,202.8799285888672
2020-04-24,206.07943725585938
2020-04-27,207.73699951171875
2020-04-28,203.82437133789062
2020-04-29,211.0521697998047
2020-04-30,210.9654541015625
2020-05-01,205.01939392089844
2020-05-04,207.4093475341797
2020-05-05,209.76083374023438
2020-05-06,211.0521697998047
2020-05-07,213.76980590820312
2020-05-08,216.6995086669922
2020-05-11,218.6365966796875
2020-05-12,214.05894470214844
2020-05-13,211.37985229492188
2020-05-14,213.7794952392578
2020-05-15,215.167236328125
2020-05-18,219.17625427246094
2020-05-19,218.6269073486328
2020-05-20,222.9925537109375
2020-05-21,220.56398010253906
2020-05-22,221.32530212402344
2020-05-26,220.7278289794922
2020-05-27,221.9324493408203
2020-05-28,221.64332580566406
2020-05-29,224.89102172851562
2020-06-01,225.5655975341797
2020-06-02,227.0786895751953
2020-06-03,228.10015869140625
2020-06-04,226.5004119873047
2020-06-05,230.99131774902344
2020-06-08,232.78379821777344
2020-06-09,234.47027587890625
2020-06-10,237.28433227539062
2020-06-11,225.52711486816406
2020-06-12,227.31959533691406
2020-06-15,230.08541870117188
2020-06-16,234.03665161132812
2020-06-17,234.7786865234375
2020-06-18,235.4147186279297
2020-06-19,235.3761749267578
2020-06-22,238.19903564453125
2020-06-23,240.22628784179688
2020-06-24,235.27389526367188
2020-06-25,237.51353454589844
2020-06-26,231.9046630859375
2020-06-29,234.4339599609375
2020-06-30,239.0292205810547
2020-07-01,241.81918334960938
2020-07-02,243.4603271484375
2020-07-06,249.4456787109375
2020-07-07,247.727294921875
2020-07-08,250.990234375
2020-07-09,253.1045379638672
2020-07-10,254.83258056640625
2020-07-13,249.5904998779297
2020-07-14,251.3572235107422
2020-07-15,251.8687744140625
2020-07-16,250.15040588378906
2020-07-17,250.44007873535156
2020-07-20,257.5452575683594
2020-07-21,254.8615264892578
2020-07-22,255.75929260253906
2020-07-23,249.07882690429688
2020-07-24,246.7136688232422
2020-07-27,251.11582946777344
2020-07-28,247.92039489746094
2020-07-29,250.7779083251953
2020-07-30,252.09083557128906
2020-07-31,256.589599609375
2020-08-03,260.0552978515625
2020-08-04,261.0206298828125
2020-08-05,261.6673889160156
2020-08-06,265.1332092285156
2020-08-07,262.0729064941406
2020-08-10,260.953125
2020-08-11,256.01031494140625
2020-08-12,262.4493713378906
2020-08-13,263.04791259765625
2020-08-14,262.7390441894531
2020-08-17,265.7897033691406
2020-08-18,268.3479309082031
2020-08-19,266.5426940917969
2020-08-20,270.2400817871094
2020-08-21,272.11285400390625
2020-08-24,273.8120422363281
2020-08-25,275.96478271484375
2020-08-26,281.8536376953125
2020-08-27,280.97509765625
2020-08-28,282.4039306640625
2020-08-31,284.6726379394531
2020-09-01,289.5381164550781
2020-09-02,292.2797546386719
2020-09-03,277.461181640625
2020-09-04,273.76373291015625
2020-09-08,260.6055603027344
2020-09-09,268.2610778808594
2020-09-10,262.9127502441406
2020-09-11,261.0882873535156
2020-09-14,265.6352233886719
2020-09-15,269.4001770019531
2020-09-16,265.104248046875
2020-09-17,260.9627380371094
2020-09-18,257.6321716308594
2020-09-21,258.2499694824219
2020-09-22,263.04791259765625
2020-09-23,255.01597595214844
2020-09-24,256.2034606933594
2020-09-25,262.1598205566406
2020-09-28,267.60455322265625
2020-09-29,266.3978271484375
2020-09-30,268.22247314453125
2020-10-01,272.479736328125
2020-10-02,264.8145751953125
2020-10-05,270.46209716796875
2020-10-06,265.6352233886719
2020-10-07,270.23046875
2020-10-08,271.6688537597656
2020-10-09,275.8199768066406
2020-10-12,284.3347473144531
2020-10-13,284.3250427246094
2020-10-14,281.9501953125
2020-10-15,280.05804443359375
2020-10-16,278.5230407714844
2020-10-19,273.97607421875
2020-10-20,274.56494140625
2020-10-21,274.3526611328125
2020-10-22,274.343017578125
2020-10-23,274.883544921875
2020-10-26,270.76141357421875
2020-10-27,272.8755798339844
2020-10-28,262.2370910644531
2020-10-29,266.8226013183594
2020-10-30,260.0552978515625
2020-11-02,260.634521484375
2020-11-03,265.14288330078125
2020-11-04,276.9784240722656
2020-11-05,284.1994934082031
2020-11-06,284.4118957519531
2020-11-09,278.6002502441406
2020-11-10,273.6093444824219
2020-11-11,279.7298278808594
2020-11-12,278.4169006347656
2020-11-13,280.8593444824219
2020-11-16,283.05078125
2020-11-17,282.1529235839844
2020-11-18,280.06768798828125
2020-11-19,282.25909423828125
2020-11-20,280.32830810546875
2020-11-23,280.3380126953125
2020-11-24,284.2767028808594
2020-11-25,286.024169921875
2020-11-27,288.6596374511719
2020-11-30,289.24847412109375
2020-12-01,292.9555358886719
2020-12-02,293.33203125
2020-12-03,293.7472229003906
2020-12-04,294.9442443847656
2020-12-07,296.6144104003906
2020-12-08,297.6183776855469
2020-12-09,290.8800048828125
2020-12-10,292.0480651855469
2020-12-11,291.4013671875
2020-12-14,293.5155029296875
2020-12-15,296.6529541015625
2020-12-16,298.2845764160156
2020-12-17,300.2345886230469
2020-12-18,299.3271789550781
2020-12-21,298.7671813964844
2020-12-22,299.57952880859375
2020-12-23,298.0707702636719
2020-12-24,299.3861389160156
2020-12-28,302.4035339355469
2020-12-29,302.6742858886719
2020-12-30,302.68402099609375
2020-12-31,303.42864990234375
2021-01-04,299.1443176269531
2021-01-05,301.610595703125
2021-01-06,297.43255615234375
2021-01-07,304.6280517578125
2021-01-08,308.5449523925781
2021-01-11,304.08636474609375
2021-01-12,303.60284423828125
2021-01-13,305.6531066894531
2021-01-14,304.0185546875
2021-01-15,301.610595703125
2021-01-19,306.010986328125
2021-01-20,313.1291198730469
2021-01-21,315.6339416503906
2021-01-22,314.724853515625
2021-01-25,317.3265075683594
2021-01-26,317.7906799316406
2021-01-27,308.9317321777344
2021-01-28,310.7596130371094
2021-01-29,304.2218017578125
2021-02-01,311.8234558105469
2021-02-02,316.9106140136719
2021-02-03,315.65338134765625
2021-02-04,319.3863830566406
2021-02-05,320.46966552734375
2021-02-08,322.6166076660156
2021-02-09,322.5489807128906
2021-02-10,321.8139343261719
2021-02-11,323.5837707519531
2021-02-12,325.392333984375
2021-02-16,324.51226806640625
2021-02-17,322.9551086425781
2021-02-18,321.54315185546875
2021-02-19,320.1407470703125
2021-02-22,311.8428039550781
2021-02-23,310.9143371582031
2021-02-24,313.4772644042969
2021-02-25,302.5485534667969
2021-02-26,303.8155822753906
2021-03-01,312.9549865722656
2021-03-02,307.9356384277344
2021-03-03,298.999267578125
2021-03-04,294.1055603027344
2021-03-05,298.53497314453125
2021-03-08,290.0822448730469
2021-03-09,301.5234375
2021-03-10,300.6627197265625
2021-03-11,307.58746337890625
2021-03-12,305.0921936035156
2021-03-15,308.3514099121094
2021-03-16,310.0437927246094
2021-03-17,311.3205261230469
2021-03-18,301.78460693359375
2021-03-19,302.8484191894531
2021-03-22,308.52783203125
2021-03-23,307.1817932128906
2021-03-24,302.0010986328125
2021-03-25,301.4781799316406
2021-03-26,306.0003967285156
2021-03-29,305.9132995605469
2021-03-30,304.3735656738281
2021-03-31,309.0313720703125
2021-04-01,314.2992858886719
2021-04-05,320.5742492675781
2021-04-06,320.3514709472656
2021-04-07,321.1260986328125
2021-04-08,324.47662353515625
2021-04-09,326.4424743652344
2021-04-12,326.01641845703125
2021-04-13,329.8220520019531
2021-04-14,325.8614196777344
2021-04-15,330.8000793457031
2021-04-16,331.1874084472656
2021-04-19,328.1564025878906
2021-04-20,325.76458740234375
2021-04-21,328.5534362792969
2021-04-22,324.5928955078125
2021-04-23,328.67938232421875
2021-04-26,330.81939697265625
2021-04-27,329.3862609863281
2021-04-28,328.2725830078125
2021-04-29,329.4539794921875
2021-04-30,327.2945251464844
2021-05-03,325.551513671875
2021-05-04,319.69293212890625
2021-05-05,318.6181335449219
2021-05-06,321.0196838378906
2021-05-07,323.6245422363281
2021-05-10,315.4516296386719
2021-05-11,315.0158386230469
2021-05-12,306.8623046875
2021-05-13,309.23468017578125
2021-05-14,316.0616455078125
2021-05-17,314.144287109375
2021-05-18,312.023681640625
2021-05-19,312.3818664550781
2021-05-20,318.4244384765625
2021-05-21,316.66204833984375
2021-05-24,321.988037109375
2021-05-25,322.43341064453125
2021-05-26,323.5567932128906
2021-05-27,322.3462829589844
2021-05-28,323.363037109375
2021-06-01,322.28814697265625
2021-06-02,322.9176025390625
2021-06-03,319.55743408203125
2021-06-04,324.980224609375
2021-06-07,325.94854736328125
2021-06-08,326.1034851074219
2021-06-09,326.1809387207031
2021-06-10,329.57989501953125
2021-06-11,330.441650390625
2021-06-14,333.6081848144531
2021-06-15,331.429443359375
2021-06-16,330.218994140625
2021-06-17,334.4119873046875
2021-06-18,331.7878112792969
2021-06-21,333.8498229980469
2021-06-22,336.96185302734375
2021-06-23,337.126708984375
2021-06-24,339.2110595703125
2021-06-25,338.7940979003906
2021-06-28,342.9144287109375
2021-06-29,344.1553649902344
2021-06-30,343.61248779296875
2021-07-01,343.7481994628906
2021-07-02,347.6940002441406
2021-07-06,349.1967468261719
2021-07-07,349.93353271484375
2021-07-08,347.82000732421875
2021-07-09,349.9916687011719
2021-07-12,351.3586730957031
2021-07-13,351.3586730957031
2021-07-14,351.98876953125
2021-07-15,349.5164794921875
2021-07-16,346.68572998046875
2021-07-19,343.8451843261719
2021-07-20,347.83935546875
2021-07-21,350.52484130859375
2021-07-22,352.84185791015625
2021-07-23,356.962158203125
2021-07-26,357.2433166503906
2021-07-27,353.30718994140625
2021-07-28,354.6644592285156
2021-07-29,355.2947998046875
2021-07-30,353.44305419921875
2021-08-02,353.4720764160156
2021-08-03,355.6146545410156
2021-08-04,356.12847900390625
2021-08-05,358.3873291015625
2021-08-06,356.8167724609375
2021-08-09,357.4759826660156
2021-08-10,355.64373779296875
2021-08-11,355.0328674316406
2021-08-12,356.3127136230469
2021-08-13,357.5633544921875
2021-08-16,357.71832275390625
2021-08-17,354.567626953125
2021-08-18,351.1551208496094
2021-08-19,352.85162353515625
2021-08-20,356.50653076171875
2021-08-23,361.83868408203125
2021-08-24,362.94378662109375
2021-08-25,363.3607482910156
2021-08-26,361.053466796875
2021-08-27,364.5629577636719
2021-08-30,368.6541442871094
2021-08-31,368.3536071777344
2021-09-01,368.9643859863281
2021-09-02,368.7898864746094
2021-09-03,369.92413330078125
2021-09-07,370.4476318359375
2021-09-08,369.1582336425781
2021-09-09,367.8883056640625
2021-09-10,365.0960998535156
2021-09-13,364.84405517578125
2021-09-14,363.8067626953125
2021-09-15,366.5115966796875
2021-09-16,366.7635498046875
2021-09-17,362.42041015625
2021-09-20,354.9316101074219
2021-09-21,355.3683166503906
2021-09-22,358.68768310546875
2021-09-23,361.9972839355469
2021-09-24,362.3369445800781
2021-09-27,359.444580078125
2021-09-28,349.2732238769531
2021-09-29,348.7005920410156
2021-09-30,347.4194641113281
2021-10-01,349.5741271972656
2021-10-04,342.2367248535156
2021-10-05,346.85662841796875
2021-10-06,349.0791931152344
2021-10-07,352.2819519042969
2021-10-08,350.5252685546875
2021-10-11,347.8367919921875
2021-10-12,346.62371826171875
2021-10-13,349.3994445800781
2021-10-14,355.8341369628906
2021-10-15,358.0762023925781
2021-10-18,361.6769714355469
2021-10-19,364.41387939453125
2021-10-20,363.9383544921875
2021-10-21,366.160888671875
2021-10-22,363.084228515625
2021-10-25,366.80145263671875
2021-10-26,367.9564208984375
2021-10-27,368.8105163574219
2021-10-28,372.90618896484375
2021-10-29,374.7406311035156
2021-11-01,376.021728515625
2021-11-02,377.59405517578125
2021-11-03,381.6024169921875
2021-11-04,386.49407958984375
2021-11-05,386.86285400390625
2021-11-08,386.3387451171875
2021-11-09,383.6793518066406
2021-11-10,378.04046630859375
2021-11-11,379.0887145996094
2021-11-12,383.0776672363281
2021-11-15,382.99029541015625
2021-11-16,385.71759033203125
2021-11-17,385.92132568359375
2021-11-18,389.9200134277344
2021-11-19,392.0940856933594
2021-11-22,387.5422058105469
2021-11-23,385.7757873535156
2021-11-24,387.0180969238281
2021-11-26,379.68072509765625
2021-11-29,387.92071533203125
2021-11-30,382.22357177734375
2021-12-01,375.7207946777344
2021-12-02,378.4286804199219
2021-12-03,371.8483581542969
2021-12-06,374.8279113769531
2021-12-07,386.115478515625
2021-12-08,387.8430480957031
2021-12-09,382.1362609863281
2021-12-10,386.2901611328125
2021-12-13,380.70953369140625
2021-12-14,376.76904296875
2021-12-15,385.35845947265625
2021-12-16,375.4490051269531
2021-12-17,373.5758972167969
2021-12-20,369.95208740234375
2021-12-21,378.2317810058594
2021-12-22,382.838134765625
2021-12-23,385.72430419921875
2021-12-27,392.0992431640625
2021-12-28,390.28204345703125
2021-12-29,390.2236633300781
2021-12-30,389.0575866699219
2021-12-31,386.62811279296875
2022-01-03,390.3500061035156
2022-01-04,385.2870178222656
2022-01-05,373.4505920410156
2022-01-06,373.18817138671875
2022-01-07,369.1454772949219
2022-01-10,369.388427734375
2022-01-11,374.93743896484375
2022-01-12,376.4242858886719
2022-01-13,367.007568359375
2022-01-14,369.2913818359375
2022-01-18,360.0981140136719
2022-01-19,356.1429138183594
2022-01-20,351.51715087890625
2022-01-21,341.7701110839844
2022-01-24,343.3346862792969
2022-01-25,335.3756408691406
2022-01-26,334.8509216308594
2022-01-27,331.47882080078125
2022-01-28,341.87701416015625
2022-01-31,352.8096618652344
2022-02-01,355.2099304199219
2022-02-02,358.0962219238281
2022-02-03,343.5776062011719
2022-02-04,347.91180419921875
2022-02-07,345.113037109375
2022-02-08,348.9905090332031
2022-02-09,356.38592529296875
2022-02-10,348.320068359375
2022-02-11,337.27069091796875
2022-02-14,337.6885070800781
2022-02-15,346.0848693847656
2022-02-16,345.99737548828125
2022-02-17,335.7060241699219
2022-02-18,331.8772888183594
2022-02-22,328.5438537597656
2022-02-23,320.1283264160156
2022-02-24,330.8860168457031
2022-02-25,336.0171203613281
2022-02-28,337.01806640625
2022-03-01,331.8576965332031
2022-03-02,337.42620849609375
2022-03-03,332.6060791015625
2022-03-04,327.7859802246094
2022-03-07,315.69683837890625
2022-03-08,314.2294616699219
2022-03-09,325.5411376953125
2022-03-10,321.926025390625
2022-03-11,315.2498474121094
2022-03-14,309.195556640625
2022-03-15,318.89404296875
2022-03-16,330.7208557128906
2022-03-17,334.7245788574219
2022-03-18,341.5757751464844
2022-03-21,340.6260681152344
2022-03-22,347.32025146484375
2022-03-23,342.3287658691406
2022-03-24,349.9376525878906
2022-03-25,349.645751953125
2022-03-28,355.0556335449219
2022-03-29,361.166015625
2022-03-30,357.1767578125
2022-03-31,352.7496032714844
2022-04-01,352.0782470703125
2022-04-04,359.3270568847656
2022-04-05,351.3485107421875
2022-04-06,343.7202453613281
2022-04-07,344.53753662109375
2022-04-08,339.7212219238281
2022-04-11,331.6842956542969
2022-04-12,330.283203125
2022-04-13,336.99676513671875
2022-04-14,329.29071044921875
2022-04-18,329.54364013671875
2022-04-19,336.9092102050781
2022-04-20,331.99560546875
2022-04-21,325.1261901855469
2022-04-22,316.61260986328125
2022-04-25,320.67962646484375
2022-04-26,308.57568359375
2022-04-27,308.2059326171875
2022-04-28,319.15216064453125
2022-04-29,304.7906799316406
2022-05-02,309.8794860839844
2022-05-03,310.2103271484375
2022-05-04,320.6991271972656
2022-05-05,304.5474853515625
2022-05-06,300.898681640625
2022-05-09,289.1254577636719
2022-05-10,292.63800048828125
2022-05-11,283.9588928222656
2022-05-12,283.2874755859375
2022-05-13,293.7861022949219
2022-05-16,290.3806457519531
2022-05-17,297.9018859863281
2022-05-18,283.2777404785156
2022-05-19,281.7598571777344
2022-05-20,280.88421630859375
2022-05-23,285.5545654296875
2022-05-24,279.4830627441406
2022-05-25,283.39447021484375
2022-05-26,291.24658203125
2022-05-27,300.7528076171875
2022-05-31,299.9548645019531
2022-06-01,297.7364807128906
2022-06-02,305.89019775390625
2022-06-03,297.9310607910156
2022-06-06,298.9234619140625
2022-06-07,301.5019226074219
2022-06-08,299.33221435546875
2022-06-09,291.31463623046875
2022-06-10,281.0398864746094
2022-06-13,267.9725646972656
2022-06-14,268.4590148925781
2022-06-15,275.1629333496094
2022-06-16,264.0611267089844
2022-06-17,267.27203369140625
2022-06-21,274.01513671875
2022-06-22,273.6154479980469
2022-06-23,277.6903991699219
2022-06-24,287.20501708984375
2022-06-27,285.09930419921875
2022-06-28,276.41326904296875
2022-06-29,276.6668395996094
2022-06-30,273.23529052734375
2022-07-01,275.038818359375
2022-07-05,279.7473449707031
2022-07-06,281.5411071777344
2022-07-07,287.5657653808594
2022-07-08,287.9265441894531
2022-07-11,281.77508544921875
2022-07-12,279.0454406738281
2022-07-13,278.4703063964844
2022-07-14,279.4646301269531
2022-07-15,284.5339050292969
2022-07-18,282.1260070800781
2022-07-19,290.8023681640625
2022-07-20,295.4134826660156
2022-07-21,299.65411376953125
2022-07-22,294.39959716796875
2022-07-25,292.7227478027344
2022-07-26,286.9711608886719
2022-07-27,299.098388671875
2022-07-28,302.0230407714844
2022-07-29,307.531005859375
2022-08-01,307.3457336425781
2022-08-02,306.4294128417969
2022-08-03,314.7742919921875
2022-08-04,316.2463073730469
2022-08-05,313.6629333496094
2022-08-08,312.6490173339844
2022-08-09,309.1102600097656
2022-08-10,317.73785400390625
2022-08-11,315.934326171875
2022-08-12,322.0857238769531
2022-08-15,324.68865966796875
2022-08-16,323.9281921386719
2022-08-17,320.2334899902344
2022-08-18,321.003662109375
2022-08-19,314.7450256347656
2022-08-22,306.45867919921875
2022-08-23,306.2052917480469
2022-08-24,307.09234619140625
2022-08-25,312.5223083496094
2022-08-26,299.7126159667969
2022-08-29,296.7587890625
2022-08-30,293.45391845703125
2022-08-31,291.7479248046875
2022-09-01,291.8746643066406
2022-09-02,287.7509765625
2022-09-06,285.68426513671875
2022-09-07,291.45550537109375
2022-09-08,292.9664611816406
2022-09-09,299.3713684082031
2022-09-12,302.9296875
2022-09-13,286.3179931640625
2022-09-14,288.5893859863281
2022-09-15,283.7833251953125
2022-09-16,282.0479736328125
2022-09-19,284.24444580078125
2022-09-20,281.97869873046875
2022-09-21,276.9295654296875
2022-09-22,273.52117919921875
2022-09-23,269.0678405761719
2022-09-26,267.9544982910156
2022-09-27,268.0618896484375
2022-09-28,273.3941955566406
2022-09-29,265.5129089355469
2022-09-30,261.0106506347656
2022-10-03,267.13409423828125
2022-10-04,275.5330810546875
2022-10-05,275.3865661621094
2022-10-06,273.21844482421875
2022-10-07,262.8077087402344
2022-10-10,260.1805725097656
2022-10-11,256.606201171875
2022-10-12,256.5183410644531
2022-10-13,262.5343017578125
2022-10-14,254.64312744140625
2022-10-17,263.0518493652344
2022-10-18,265.1320495605469
2022-10-19,264.16510009765625
2022-10-20,262.8174743652344
2022-10-21,268.9798889160156
2022-10-24,271.93902587890625
2022-10-25,277.56439208984375
2022-10-26,271.43121337890625
2022-10-27,266.48956298828125
2022-10-28,274.6443176269531
2022-10-31,271.45074462890625
2022-11-01,268.67718505859375
2022-11-02,259.4676513671875
2022-11-03,254.39903259277344
2022-11-04,258.4910888671875
2022-11-07,261.3330078125
2022-11-08,263.23736572265625
2022-11-09,257.162841796875
2022-11-10,276.1385192871094
2022-11-11,281.2267150878906
2022-11-14,278.765625
2022-11-15,282.623291015625
2022-11-16,278.765625
2022-11-17,278.15032958984375
2022-11-18,278.1601867675781
2022-11-21,275.29864501953125
2022-11-22,279.2637023925781
2022-11-23,282.0665283203125
2022-11-25,280.2110900878906
2022-11-28,276.0994567871094
2022-11-29,274.0094909667969
2022-11-30,286.5004577636719
2022-12-01,286.8520812988281
2022-12-02,285.7093505859375
2022-12-05,280.9141845703125
2022-12-06,275.0935974121094
2022-12-07,273.9704284667969
2022-12-08,277.2127685546875
2022-12-09,275.4451599121094
2022-12-12,278.9023132324219
2022-12-13,281.9005432128906
2022-12-14,279.810546875
2022-12-15,270.41552734375
2022-12-16,267.8372802734375
2022-12-19,264.07318115234375
2022-12-20,263.8675842285156
2022-12-21,267.69537353515625
2022-12-22,261.14605712890625
2022-12-23,261.7334899902344
2022-12-27,258.0329895019531
2022-12-28,254.62628173828125
2022-12-29,260.8328552246094
2022-12-30,260.67620849609375
2023-01-03,258.9141845703125
2023-01-04,260.14764404296875
2023-01-05,256.0751037597656
2023-01-06,263.1431579589844
2023-01-09,264.8465576171875
2023-01-10,267.0883483886719
2023-01-11,271.70904541015625
2023-01-12,273.1775207519531
2023-01-13,275.0570373535156
2023-01-17,275.6151123046875
2023-01-18,272.03216552734375
2023-01-19,269.3595275878906
2023-01-20,276.73114013671875
2023-01-23,282.87896728515625
2023-01-24,282.3013000488281
2023-01-25,281.6748352050781
2023-01-26,287.166748046875
2023-01-27,290.0252990722656
2023-01-30,284.1613464355469
2023-01-31,288.4198303222656
2023-02-01,294.5872802734375
2023-02-02,305.1600036621094
2023-02-03,299.7366027832031
2023-02-06,297.2010498046875
2023-02-07,303.358642578125
2023-02-08,297.9646301269531
2023-02-09,295.3312683105469
2023-02-10,293.39300537109375
2023-02-13,298.0918884277344
2023-02-14,300.2945556640625
2023-02-15,302.5950927734375
2023-02-16,296.9171447753906
2023-02-17,294.8222351074219
2023-02-21,287.84222412109375
2023-02-22,288.05755615234375
2023-02-23,290.5735168457031
2023-02-24,285.7080993652344
2023-02-27,287.754150390625
2023-02-28,287.3821105957031
2023-03-01,285.0717468261719
2023-03-02,287.43109130859375
2023-03-03,293.37335205078125
2023-03-06,293.70611572265625
2023-03-07,290.1036071777344
2023-03-08,291.5524597167969
2023-03-09,286.5010681152344
2023-03-10,282.4775695800781
2023-03-13,284.572509765625
2023-03-14,291.1119384765625
2023-03-15,292.6390686035156
2023-03-16,300.3533020019531
2023-03-17,298.9338073730469
2023-03-20,299.99468994140625
2023-03-21,304.2793273925781
2023-03-22,300.1417541503906
2023-03-23,303.7008361816406
2023-03-24,304.818603515625
2023-03-27,302.730224609375
2023-03-28,301.1222229003906
2023-03-29,306.6128845214844
2023-03-30,309.51507568359375
2023-03-31,314.6624755859375
2023-04-03,313.8977355957031
2023-04-04,312.8388366699219
2023-04-05,309.7503356933594
2023-04-06,311.83868408203125
2023-04-10,311.66229248046875
2023-04-11,309.6621398925781
2023-04-12,306.92657470703125
2023-04-13,312.93695068359375
2023-04-14,312.3486022949219
2023-04-17,312.6133728027344
2023-04-18,312.6329345703125
2023-04-19,312.4858093261719
2023-04-20,310.10333251953125
2023-04-21,310.4268798828125
2023-04-24,309.7798767089844
2023-04-25,303.9361267089844
2023-04-26,305.7794189453125
2023-04-27,314.0938720703125
2023-04-28,316.26068115234375
2023-05-01,315.89794921875
2023-05-02,313.1427917480469
2023-05-03,311.0935974121094
2023-05-04,309.9955139160156
2023-05-05,316.5842590332031
2023-05-08,317.3686218261719
2023-05-09,315.3587341308594
2023-05-10,318.79034423828125
2023-05-11,319.8296203613281
2023-05-12,318.6824951171875
2023-05-15,320.4080810546875
2023-05-16,320.7708740234375
2023-05-17,324.6534729003906
2023-05-18,330.68341064453125
2023-05-19,329.93829345703125
2023-05-22,331.04620361328125
2023-05-23,326.8497314453125
2023-05-24,325.173095703125
2023-05-25,333.0855407714844
2023-05-26,341.59600830078125
2023-05-30,343.1452331542969
2023-05-31,341.1940612792969
2023-06-01,345.13555908203125
2023-06-02,347.7239685058594
2023-06-05,347.9690856933594
2023-06-06,347.9102783203125
2023-06-07,342.00787353515625
2023-06-08,346.2532958984375
2023-06-09,347.5769348144531
2023-06-12,353.449951171875
2023-06-13,356.1658935546875
2023-06-14,358.7543029785156
2023-06-15,363.02911376953125
2023-06-16,360.74456787109375
2023-06-20,360.22821044921875
2023-06-21,355.3192443847656
2023-06-22,359.511474609375
2023-06-23,355.9474792480469
2023-06-26,351.1758117675781
2023-06-27,357.2139892578125
2023-06-28,357.9111022949219
2023-06-29,357.1943664550781
2023-06-30,362.702392578125
2023-07-03,363.55657958984375
2023-07-05,363.5467224121094
2023-07-06,360.77801513671875
2023-07-07,359.58026123046875
2023-07-10,359.697998046875
2023-07-11,361.4751281738281
2023-07-12,366.04058837890625
2023-07-13,372.25543212890625
2023-07-14,372.1769104003906
2023-07-17,375.6524963378906
2023-07-18,378.7256164550781
2023-07-19,378.6372985839844
2023-07-20,369.9089050292969
2023-07-21,368.7994384765625
2023-07-24,369.38861083984375
2023-07-25,371.89215087890625
2023-07-26,370.65509033203125
2023-07-27,369.77142333984375
2023-07-28,376.5066833496094
2023-07-31,376.70306396484375
2023-08-01,375.8293151855469
2023-08-02,367.58203125
2023-08-03,366.9928894042969
2023-08-04,365.27471923828125
2023-08-07,368.367431640625
2023-08-08,365.2355041503906
2023-08-09,361.2198486328125
2023-08-10,361.88751220703125
2023-08-11,359.58026123046875
2023-08-14,363.6154479980469
2023-08-15,359.7569580078125
2023-08-16,355.9474792480469
2023-08-17,352.05950927734375
2023-08-18,351.6177062988281
2023-08-21,357.28271484375
2023-08-22,356.77227783203125
2023-08-23,362.39801025390625
2023-08-24,354.6514892578125
2023-08-25,357.4005126953125
2023-08-28,360.09075927734375
2023-08-29,367.9551086425781
2023-08-30,370.007080078125
2023-08-31,371.1165466308594
2023-09-01,370.723876953125
2023-09-05,371.1951599121094
2023-09-06,367.9255676269531
2023-09-07,365.29437255859375
2023-09-08,365.8049011230469
2023-09-11,370.1151123046875
2023-09-12,366.0111389160156
2023-09-13,367.40521240234375
2023-09-14,370.40972900390625
2023-09-15,364.06707763671875
2023-09-18,364.4466857910156
2023-09-19,363.6698913574219
2023-09-20,358.4291687011719
2023-09-21,351.8612365722656
2023-09-22,351.91033935546875
2023-09-25,353.5818786621094
2023-09-26,348.2724609375
2023-09-27,349.0885314941406
2023-09-28,352.0086975097656
2023-09-29,352.26434326171875
2023-10-02,355.2041931152344
2023-10-03,348.9704895019531
2023-10-04,353.71954345703125
2023-10-05,352.67730712890625
2023-10-06,358.5865173339844
2023-10-09,360.4153747558594
2023-10-10,362.4113464355469
2023-10-11,364.99725341796875
2023-10-12,363.7288818359375
2023-10-13,359.1567687988281
2023-10-16,363.21759033203125
2023-10-17,362.02789306640625
2023-10-18,357.2788391113281
2023-10-19,353.93585205078125
2023-10-20,348.6558532714844
2023-10-23,349.70794677734375
2023-10-24,353.1098937988281
2023-10-25,344.46728515625
2023-10-26,337.8992004394531
2023-10-27,339.5216064453125
2023-10-30,343.3463439941406
2023-10-31,344.98834228515625
2023-11-01,350.9762878417969
2023-11-02,357.3476867675781
2023-11-03,361.546142578125
2023-11-06,363.0209655761719
2023-11-07,366.45245361328125
2023-11-08,366.6884460449219
2023-11-09,363.8665771484375
2023-11-10,372.0470886230469
2023-11-13,370.8868103027344
2023-11-14,378.87066650390625
2023-11-15,379.1558837890625
2023-11-16,379.4803771972656
2023-11-17,379.56884765625
2023-11-20,384.1900634765625
2023-11-21,381.95806884765625
2023-11-22,383.52142333984375
2023-11-24,382.9806823730469
2023-11-27,382.6463623046875
2023-11-28,383.6493225097656
2023-11-29,383.27557373046875
2023-11-30,382.31207275390625
2023-12-01,383.4034729003906
2023-12-04,379.8441467285156
2023-12-05,380.7978515625
2023-12-06,378.5954284667969
2023-12-07,383.8852844238281
2023-12-08,385.5960693359375
2023-12-11,388.889892578125
2023-12-12,391.9871520996094
2023-12-13,396.97210693359375
2023-12-14,396.6280212402344
2023-12-15,398.5453186035156
2023-12-18,401.0555725097656
2023-12-19,403.10479736328125
2023-12-20,397.1148376464844
2023-12-21,401.7353515625
2023-12-22,402.3363342285156
2023-12-26,404.7994079589844
2023-12-27,405.6234436035156
2023-12-28,405.4262390136719
2023-12-29,403.67169189453125
2024-01-02,396.84063720703125
2024-01-03,392.6415100097656
2024-01-04,390.6207580566406
2024-01-05,391.0840759277344
2024-01-08,399.1669616699219
2024-01-09,399.9555358886719
2024-01-10,402.666259765625
2024-01-11,403.504150390625
2024-01-12,403.711181640625
2024-01-16,403.67169189453125
2024-01-17,401.3946838378906
2024-01-18,407.0921325683594
2024-01-19,415.1651611328125
2024-01-22,415.7073059082031
2024-01-23,417.4323425292969
2024-01-24,419.74884033203125
2024-01-25,420.2613525390625
2024-01-26,417.7575988769531
2024-01-29,422.03564453125
2024-01-30,419.226318359375
2024-01-31,411.0153503417969
2024-02-01,415.855224609375
2024-02-02,422.8834228515625
2024-02-05,422.3314208984375
2024-02-06,421.483642578125
2024-02-07,425.82080078125
2024-02-08,426.60943603515625
2024-02-09,430.8085632324219
2024-02-12,429.1229248046875
2024-02-13,422.429931640625
2024-02-14,427.0332946777344
2024-02-15,428.3048095703125
2024-02-16,424.4210510253906
2024-02-20,421.217529296875
2024-02-21,419.53192138671875
2024-02-22,431.81402587890625
2024-02-23,430.5423889160156
2024-02-26,430.315673828125
2024-02-27,431.3506774902344
2024-02-28,429.053955078125
2024-02-29,432.7307434082031
2024-03-01,439.246337890625
2024-03-04,437.6790466308594
2024-03-05,429.8228454589844
2024-03-06,432.523681640625
2024-03-07,439.088623046875
2024-03-08,432.75042724609375
2024-03-11,431.1437072753906
2024-03-12,437.3241271972656
2024-03-13,433.962890625
2024-03-14,432.86871337890625
2024-03-15,427.7232360839844
2024-03-18,431.8026428222656
2024-03-19,432.8785095214844
2024-03-20,438.01104736328125
2024-03-21,440.0837097167969
2024-03-22,440.5871276855469
2024-03-25,438.9881896972656
2024-03-26,437.5668029785156
2024-03-27,439.05718994140625
2024-03-28,438.2478942871094
2024-04-01,439.17572021484375
2024-04-02,435.3855285644531
2024-04-03,436.3627014160156
2024-04-04,429.6903381347656
2024-04-05,434.7538146972656
2024-04-08,434.8821105957031
2024-04-09,436.4909973144531
2024-04-10,432.6810607910156
2024-04-11,439.59027099609375
2024-04-12,432.5824279785156
2024-04-15,425.4659423828125
2024-04-16,425.50537109375
2024-04-17,420.31365966796875
2024-04-18,417.91522216796875
2024-04-19,409.2688903808594
2024-04-22,413.3847961425781
2024-04-23,419.5536804199219
2024-04-24,420.97503662109375
2024-04-25,418.94171142578125
2024-04-26,425.4067687988281
2024-04-29,427.13397216796875
2024-04-30,419.0799255371094
2024-05-01,416.0497741699219
2024-05-02,421.35992431640625
2024-05-03,429.82861328125
2024-05-06,434.5367126464844
2024-05-07,434.60577392578125
2024-05-08,434.3491516113281
2024-05-09,435.296630859375
2024-05-10,436.3232421875
2024-05-13,437.3299255371094
2024-05-14,440.1429748535156
2024-05-15,447.02252197265625
2024-05-16,446.1144714355469
2024-05-17,445.89727783203125
2024-05-20,449.0064697265625
2024-05-21,449.8849182128906
2024-05-22,449.79608154296875
2024-05-23,447.77264404296875
2024-05-24,452.0069885253906
2024-05-28,453.71453857421875
2024-05-29,450.5165710449219
2024-05-30,445.6900634765625
2024-05-31,444.8609313964844
2024-06-03,447.2495422363281
2024-06-04,448.47344970703125
2024-06-05,457.5145263671875
2024-06-06,457.35662841796875
2024-06-07,456.95196533203125
2024-06-10,458.7976989746094
2024-06-11,461.9462890625
2024-06-12,467.99676513671875
2024-06-13,470.533447265625
2024-06-14,472.9713134765625
2024-06-17,478.7651672363281
2024-06-18,478.9132385253906
2024-06-20,475.2217712402344
2024-06-21,473.948486328125
2024-06-24,468.5527648925781
2024-06-25,473.9109191894531
2024-06-26,474.8896179199219
2024-06-27,476.1154479980469
2024-06-28,473.6440124511719
2024-07-01,476.4219665527344
2024-07-02,481.4242248535156
2024-07-03,485.43792724609375
2024-07-05,490.4994812011719
2024-07-08,491.666015625
2024-07-09,492.09112548828125
2024-07-10,497.2218933105469
2024-07-11,486.3177490234375
2024-07-12,489.1747741699219
2024-07-15,490.4896240234375
2024-07-16,490.67742919921875
2024-07-17,476.27362060546875
2024-07-18,474.01971435546875
2024-07-19,469.81817626953125
2024-07-22,476.8174133300781
2024-07-23,475.13677978515625
2024-07-24,458.0934753417969
2024-07-25,453.0417175292969
2024-07-26,457.6881408691406
2024-07-29,458.6075744628906
2024-07-30,452.3102111816406
2024-07-31,465.69573974609375
2024-08-01,454.41595458984375
2024-08-02,443.63037109375
2024-08-05,430.40301513671875
2024-08-06,434.515625
2024-08-07,429.8098449707031
2024-08-08,442.9581604003906
2024-08-09,445.2714538574219
2024-08-12,446.2303771972656
2024-08-13,457.30255126953125
2024-08-14,457.45086669921875
2024-08-15,469.0075378417969
2024-08-16,469.61053466796875
2024-08-19,475.7793884277344
2024-08-20,474.78094482421875
2024-08-21,476.9953308105469
2024-08-22,469.4326477050781
2024-08-23,474.5238037109375
2024-08-26,469.9170227050781
2024-08-27,471.3208312988281
2024-08-28,465.9725646972656
2024-08-29,465.2904357910156
2024-08-30,470.8363952636719
2024-09-03,456.5413818359375
2024-09-04,455.3551025390625
2024-09-05,455.7801513671875
2024-09-06,443.5710754394531
2024-09-09,449.27520751953125
2024-09-10,453.42730712890625
2024-09-11,463.2736511230469
2024-09-12,467.82122802734375
2024-09-13,469.9170227050781
2024-09-16,467.84100341796875
2024-09-17,468.0881042480469
2024-09-18,466.0614929199219
2024-09-19,477.84552001953125
2024-09-20,476.93603515625
2024-09-23,478.2002258300781
2024-09-24,480.5068664550781
2024-09-25,480.9523620605469
2024-09-26,484.5658264160156
2024-09-27,481.8730163574219
2024-09-30,483.1798095703125
2024-10-01,476.4479675292969
2024-10-02,477.12115478515625
2024-10-03,476.7647399902344
2024-10-04,482.43731689453125
2024-10-07,477.2696533203125
2024-10-08,484.3974609375
2024-10-09,488.20892333984375
2024-10-10,487.654541015625
2024-10-11,488.41680908203125
2024-10-14,492.51531982421875
2024-10-15,485.9320068359375
2024-10-16,485.9913635253906
2024-10-17,486.32794189453125
2024-10-18,489.5157165527344
2024-10-21,490.4561767578125
2024-10-22,490.99078369140625
2024-10-23,483.46697998046875
2024-10-24,487.3872375488281
2024-10-25,490.357177734375
2024-10-28,490.4363708496094
2024-10-29,495.1487121582031
2024-10-30,491.4066162109375
2024-10-31,479.00213623046875
2024-11-01,482.5462341308594
2024-11-04,481.14044189453125
2024-11-05,487.2783203125
2024-11-06,500.51434326171875
2024-11-07,508.3945617675781
2024-11-08,508.98870849609375
2024-11-11,508.691650390625
2024-11-12,507.7708740234375
2024-11-13,507.1175537109375
2024-11-14,503.5932312011719
2024-11-15,491.5946960449219
2024-11-18,495.0100402832031
2024-11-19,498.4156188964844
2024-11-20,498.12847900390625
2024-11-21,499.92041015625
2024-11-22,500.7223205566406
2024-11-25,501.5142517089844
2024-11-26,504.20703125
2024-11-27,500.2371520996094
2024-11-29,504.6326904296875
2024-12-02,510.1270751953125
2024-12-03,511.69122314453125
2024-12-04,518.0172729492188
2024-12-05,516.581787109375
2024-12-06,521.2049560546875
2024-12-09,517.1461181640625
2024-12-10,515.3839111328125
2024-12-11,524.6104736328125
2024-12-12,521.2247924804688
2024-12-13,525.2144775390625
2024-12-16,532.77783203125
2024-12-17,530.4315795898438
2024-12-18,511.2952575683594
2024-12-19,509.018310546875
2024-12-20,513.46337890625
2024-12-23,518.4658813476562
2024-12-24,525.4961547851562
2024-12-26,525.1390991210938
2024-12-27,518.1583862304688
2024-12-30,511.26708984375
2024-12-31,506.9238586425781
2025-01-02,505.93231201171875
2025-01-03,514.2119140625
2025-01-06,520.1217041015625
2025-01-07,510.840576171875
2025-01-08,510.9299011230469
2025-01-10,502.9178771972656
2025-01-13,501.3016357421875
2025-01-14,500.8257141113281
2025-01-15,512.3477783203125
2025-01-16,508.75836181640625
2025-01-17,517.3453369140625
2025-01-21,520.3795776367188
2025-01-22,527.032958984375
2025-01-23,528.153564453125
2025-01-24,525.1689453125
2025-01-27,509.8787536621094
2025-01-28,517.4147338867188
2025-01-29,516.4430541992188
2025-01-30,518.6442260742188
2025-01-31,517.890625
2025-02-03,513.7459106445312
2025-02-04,520.0523071289062
2025-02-05,522.4122924804688
2025-02-06,525.1390991210938
2025-02-07,518.5155029296875
2025-02-10,524.7921142578125
2025-02-11,523.542724609375
2025-02-12,523.85009765625
2025-02-13,531.3860473632812
2025-02-14,533.6171875
2025-02-18,534.8268432617188
2025-02-19,534.9755859375
2025-02-20,532.7047729492188
2025-02-21,521.6488037109375
2025-02-24,515.4911499023438
2025-02-25,508.99627685546875
2025-02-26,510.225830078125
2025-02-27,496.05615234375
2025-02-28,503.8896789550781
2025-03-03,492.8633117675781
2025-03-04,491.3759460449219
2025-03-05,497.78155517578125
2025-03-06,484.0878601074219
2025-03-07,487.6476135253906
2025-03-10,468.7481994628906
2025-03-11,467.6277160644531
2025-03-12,472.9029235839844
2025-03-13,464.3951721191406
2025-03-14,475.61981201171875
2025-03-17,478.70361328125
2025-03-18,470.5429382324219
2025-03-19,476.8394470214844
2025-03-20,475.2231750488281
2025-03-21,476.78985595703125
2025-03-24,487.2527160644531
2025-03-25,490.0332336425781
2025-03-26,481.01629638671875
2025-03-27,478.27545166015625
2025-03-28,465.6835021972656
2025-03-31,465.6636657714844
2025-04-01,469.41741943359375
2025-04-02,472.84344482421875
2025-04-03,447.53045654296875
2025-04-04,419.73480224609375
2025-04-07,420.7477722167969
2025-04-08,413.17071533203125
2025-04-09,462.763916015625
2025-04-10,443.08154296875
2025-04-11,451.24444580078125
2025-04-14,454.3031311035156
2025-04-15,454.8096008300781
2025-04-16,441.0954895019531
2025-04-17,441.01605224609375
2025-04-21,430.1022644042969
2025-04-22,441.3934326171875
2025-04-23,451.40338134765625
2025-04-24,464.1045837402344
2025-04-25,469.2784118652344
2025-04-28,469.12939453125
2025-04-29,472.2277526855469
2025-04-30,472.1681823730469
2025-05-01,478.3349914550781
2025-05-02,485.4353942871094
2025-05-05,482.5555114746094
2025-05-06,478.06689453125
2025-05-07,479.9437561035156
2025-05-08,484.8991394042969
2025-05-09,484.58135986328125
2025-05-12,504.32330322265625
2025-05-13,512.0096435546875
2025-05-14,515.0780639648438
2025-05-15,515.6441650390625
2025-05-16,517.8883666992188
2025-05-19,518.3849487304688
2025-05-20,516.6570434570312
2025-05-21,509.4772644042969
2025-05-22,510.43060302734375
2025-05-23,505.70367431640625
2025-05-27,517.6004028320312
2025-05-28,515.3064575195312
2025-05-29,516.3193969726562
2025-05-30,515.5050659179688
2025-06-02,519.5767211914062
2025-06-03,523.63818359375
2025-06-04,525.0980224609375
2025-06-05,521.1456298828125
2025-06-06,526.239990234375
2025-06-09,527.0147094726562
2025-06-10,530.500244140625
2025-06-11,528.7127075195312
2025-06-12,529.9539794921875
2025-06-13,523.300537109375
2025-06-16,530.5797119140625
2025-06-17,525.4058837890625
2025-06-18,525.3164672851562
2025-06-20,523.1715698242188
2025-06-23,528.5509643554688
2025-06-24,536.6336059570312
2025-06-25,538.0054321289062
2025-06-26,543.0360107421875
2025-06-27,544.8951416015625
2025-06-30,548.4244384765625
2025-07-01,543.8015747070312
2025-07-02,547.5892944335938
2025-07-03,552.9777221679688
2025-07-07,548.8121948242188
2025-07-08,549.120361328125
2025-07-09,553.007568359375
2025-07-10,552.2122802734375
2025-07-11,550.9695434570312
2025-07-14,552.9678344726562
2025-07-15,553.4747924804688
2025-07-16,554.04150390625
2025-07-17,558.5252685546875
2025-07-18,557.9884033203125
2025-07-21,560.8814086914062
2025-07-22,557.9783935546875
2025-07-23,560.5234375
2025-07-24,561.7164916992188
2025-07-25,563.0685424804688
2025-07-28,564.828369140625
2025-07-29,563.953369140625
2025-07-30,564.708984375
2025-07-31,561.7164916992188
2025-08-01,550.6514282226562
2025-08-04,560.811767578125
2025-08-05,557.0042114257812
2025-08-06,564.0130615234375
2025-08-07,565.9218139648438
2025-08-08,571.2008666992188
2025-08-11,569.5108032226562
2025-08-12,576.6688232421875
2025-08-13,576.9572143554688
2025-08-14,576.5098266601562
2025-08-15,573.9746704101562
2025-08-18,573.7460327148438
2025-08-19,565.961669921875
2025-08-20,562.6013793945312
2025-08-21,559.9966430664062
2025-08-22,568.6359252929688
2025-08-25,566.9956665039062
2025-08-26,569.2721557617188
2025-08-27,570.1470947265625
2025-08-28,573.7161865234375
2025-08-29,567.0751342773438
2025-09-02,562.322998046875
2025-09-03,566.7470092773438
2025-09-04,571.876953125
2025-09-05,572.7020874023438
2025-09-08,575.4957275390625
2025-09-09,577.1261596679688
2025-09-10,577.3151245117188
2025-09-11,580.6753540039062
2025-09-12,583.2402954101562
2025-09-15,588.2310180664062
2025-09-16,587.7339477539062
2025-09-17,586.5608520507812
2025-09-18,591.849853515625
2025-09-19,595.8563232421875
2025-09-22,599.3837890625
2025-09-23,595.4024658203125
2025-09-24,593.3123168945312
2025-09-25,590.75439453125
2025-09-26,593.182861328125
2025-09-29,595.9299926757812
2025-09-30,597.5623779296875
2025-10-01,600.4288330078125
2025-10-02,602.897216796875
2025-10-03,600.3591918945312
2025-10-06,604.8679809570312
2025-10-07,601.6829833984375
2025-10-08,608.58056640625
2025-10-09,607.8441162109375
2025-10-10,586.7431640625
2025-10-13,599.1946411132812
2025-10-14,595.2034301757812
2025-10-15,599.4037475585938
2025-10-16,597.1842041015625
2025-10-17,601.105712890625
2025-10-20,608.6800537109375
2025-10-21,608.5208740234375
2025-10-22,602.6583862304688
2025-10-23,607.724609375
2025-10-24,614.2140502929688
2025-10-27,625.1527709960938
2025-10-28,629.9600830078125
2025-10-29,632.7968139648438
2025-10-30,623.1222534179688
2025-10-31,626.1281127929688
2025-11-03,629.1240234375
2025-11-04,616.3540649414062
2025-11-05,620.365234375
2025-11-06,608.8095092773438
2025-11-07,606.8884887695312
2025-11-10,620.3154296875
2025-11-11,618.6632080078125
2025-11-12,618.1754760742188
2025-11-13,605.5548095703125
2025-11-14,606.0126342773438
2025-11-17,600.8369750976562
2025-11-18,593.5213012695312
2025-11-19,597.064697265625
2025-11-20,582.9310913085938
2025-11-21,587.3104858398438
2025-11-24,602.3299560546875
2025-11-25,606.0425415039062
2025-11-26,611.3973388671875
2025-11-28,616.3540649414062
2025-12-01,614.2837524414062
2025-12-02,619.0911865234375
2025-12-03,620.6041259765625
2025-12-04,620.0267944335938
2025-12-05,622.554931640625
2025-12-08,621.3605346679688
2025-12-09,622.1268920898438
2025-12-10,624.6749267578125
2025-12-11,622.654541015625
2025-12-12,610.7503662109375
2025-12-15,607.6847534179688
2025-12-16,608.8890991210938
2025-12-17,597.6021118164062
2025-12-18,606.261474609375
2025-12-19,614.1643676757812
2025-12-22,617.1082763671875
2025-12-23,619.9984130859375
2025-12-24,621.8123168945312
2025-12-26,621.7723999023438
2025-12-29,618.7626342773438
2025-12-30,617.3275146484375
2025-12-31,612.2249145507812
2026-01-02,611.0390014648438
2026-01-05,615.8923950195312
2026-01-06,621.3040161132812
2026-01-07,621.9020385742188
2026-01-08,618.364013671875
2026-01-09,624.5230712890625
2026-01-12,625.041259765625
2026-01-13,624.1144409179688
2026-01-14,617.4471435546875
2026-01-15,619.6696166992188
2026-01-16,619.1513671875
2026-01-20,605.9961547851562
2026-01-21,614.188232421875
2026-01-22,618.6530151367188
2026-01-23,620.6063842773438
2026-01-26,623.3370971679688
2026-01-27,628.9878540039062
2026-01-28,631.0707397460938
2026-01-29,627.2936401367188
2026-01-30,619.75927734375
2026-02-02,624.0148315429688
2026-02-03,614.4274291992188
2026-02-04,603.6939697265625
2026-02-05,595.003662109375
2026-02-06,607.5807495117188
2026-02-09,612.2349243164062
2026-02-10,609.39453125
2026-02-11,611.0289916992188
2026-02-12,598.601318359375
2026-02-13,599.8770141601562
2026-02-17,599.259033203125
2026-02-18,603.7338256835938
2026-02-19,601.4216918945312
2026-02-20,606.7435913085938
2026-02-23,599.36865234375
2026-02-24,605.8067626953125
2026-02-25,614.5868530273438
2026-02-26,607.172119140625
2026-02-27,605.2286987304688
2026-03-02,606.0260620117188
2026-03-03,599.5381469726562
2026-03-04,608.677001953125
2026-03-05,606.8432006835938
2026-03-06,597.71435546875
2026-03-09,605.6971435546875
2026-03-10,605.7071533203125
2026-03-11,605.6273803710938
2026-03-12,595.2328491210938
2026-03-13,591.7047729492188
2026-03-16,598.3422241210938
2026-03-17,601.2622680664062
2026-03-18,592.880859375
2026-03-19,591.0072021484375
2026-03-20,580.0844116210938
2026-03-23,586.7431640625
2026-03-24,582.731689453125
2026-03-25,586.5635375976562
2026-03-26,572.5634765625
2026-03-27,561.3775024414062
2026-03-30,557.086669921875
2026-03-31,575.9462280273438
2026-04-01,583.06103515625
2026-04-02,583.7295532226562
2026-04-06,587.2420654296875
2026-04-07,587.3319091796875
2026-04-08,604.7944946289062
2026-04-09,608.8857421875
2026-04-10,609.7638549804688
2026-04-13,616.0703125
2026-04-14,627.2562866210938
2026-04-15,636.0375366210938
2026-04-16,639.1009521484375
2026-04-17,647.4630126953125
2026-04-20,645.4074096679688
2026-04-21,642.9526977539062
2026-04-22,653.709716796875
2026-04-23,650.0275268554688
2026-04-24,662.4609375
2026-04-27,662.8101806640625
2026-04-28,656.1444702148438
2026-04-29,660.1558837890625
2026-04-30,666.3126220703125
2026-05-01,672.708984375
2026-05-04,671.4417114257812
2026-05-05,680.1530151367188
2026-05-06,694.2827758789062
2026-05-07,693.4545288085938
2026-05-08,709.709716796875
2026-05-11,711.7652587890625
2026-05-12,705.7282104492188
2026-05-13,713.1823120117188
2026-05-14,718.2514038085938
2026-05-15,707.4146728515625
2026-05-18,704.3711547851562
2026-05-19,700.030517578125
2026-05-20,711.6256713867188
2026-05-21,712.9827270507812
2026-05-22,716.0062255859375
2026-05-26,728.7190551757812
2026-05-27,727.8908081054688
2026-05-28,734.027587890625
2026-05-29,736.7318115234375
2026-06-01,741.1524047851562
2026-06-02,744.5650024414062
2026-06-03,742.6192626953125
2026-06-04,739.0269165039062
2026-06-05,703.5529174804688
2026-06-08,714.5393676757812
2026-06-09,706.3169555664062
2026-06-10,692.2072143554688
2026-06-11,715.5870971679688
2026-06-12,719.798095703125
2026-06-15,742.40966796875
2026-06-16,728.2998657226562
2026-06-17,720.965576171875
2026-06-18,739.0369262695312
2026-06-22,737.1818237304688
2026-06-23,712.9071655273438
2026-06-24,709.8803100585938
2026-06-25,715.63427734375
2026-06-26,705.7846069335938
2026-06-29,723.3262939453125
2026-06-30,735.6334838867188
2026-07-01,724.4151000976562
2026-07-02,711.8582153320312
2026-07-06,722.067626953125
2026-07-07,708.6915283203125
2026-07-08,710.699462890625
2026-07-09,722.5271606445312
2026-07-10,724.7548217773438
2026-07-13,710.9990844726562
2026-07-14,718.9408569335938
2026-07-15,716.9928588867188
2026-07-16,705.2051391601562
2026-07-17,694.606201171875
2026-07-20,695.33544921875
2026-07-21,708.2319946289062
2026-07-22,704.61572265625
2026-07-23,691.23974609375
2026-07-24,683.5177612304688
2026-07-27,681.4099731445312
2026-07-28,674.786865234375
2026-07-29,661.0411376953125
2026-07-30,682.8384399414062
2026-07-31,687.2738647460938
2026-08-03,699.34130859375
2026-08-04,723.0964965820312
2026-08-05,716.5533447265625
2026-08-06,713.9061279296875
2026-08-07,722.2774047851562
2026-08-10,720.11962890625
2026-08-11,717.7021484375
2026-08-12,722.9467163085938
2026-08-13,731.3079833984375
2026-08-14,730.3090209960938
2026-08-17,729.1102294921875
2026-08-18,716.7631225585938
2026-08-19,715.3345947265625
2026-08-20,710.18994140625
2026-08-21,712.6973876953125
2026-08-24,705.5847778320312
2026-08-25,709.9801635742188
2026-08-26,710.6295166015625
2026-08-27,720.359375
2026-08-28,715.6842651367188
2026-08-31,716.013916015625
2026-09-01,706.9033813476562
2026-09-02,708.501708984375
2026-09-03,716.9229125976562
2026-09-04,718.2116088867188
2026-09-08,717.6122436523438
2026-09-09,715.5643920898438
2026-09-10,707.9523315429688
2026-09-11,714.1358642578125
2026-09-14,708.4417724609375
2026-09-15,703.8065795898438
2026-09-16,703.9863891601562
2026-09-17,716.1737060546875
2026-09-18,720.6990356445312
2026-09-21,741.469970703125
2026-09-22,747.4600219726562
2026-09-23,741.2100219726562
2026-09-24,741.0999755859375
2026-09-25,744.5
2026-09-28,736.530029296875
2026-09-29,737.9299926757812
2026-09-30,739.77001953125
2026-10-01,742.030029296875
2026-10-02,749.5800170898438
2026-10-05,756.2000122070312
2026-10-06,759.6599731445312
2026-10-07,757.72998046875
