date,adjclose
2011-10-10,37.63202667236328
2011-10-11,38.161415100097656
2011-10-12,38.60477066040039
2011-10-13,37.53939437866211
2011-10-14,38.89592742919922
2011-10-17,38.26728439331055
2011-10-18,39.3326530456543
2011-10-19,37.254859924316406
2011-10-20,35.97111511230469
2011-10-21,37.45337677001953
2011-10-24,38.58491134643555
2011-10-25,37.71144485473633
2011-10-26,38.28713607788086
2011-10-27,40.68918228149414
2011-10-28,40.14655685424805
2011-10-31,38.97532272338867
2011-11-01,37.97612380981445
2011-11-02,39.14076232910156
2011-11-03,39.76939392089844
2011-11-04,38.88929748535156
2011-11-07,39.38559341430664
2011-11-08,40.530364990234375
2011-11-09,38.26066970825195
2011-11-10,38.849605560302734
2011-11-11,39.55103302001953
2011-11-14,39.306190490722656
2011-11-15,39.994380950927734
2011-11-16,39.78262710571289
2011-11-17,38.902549743652344
2011-11-18,38.922393798828125
2011-11-21,37.75114059448242
2011-11-22,38.09524917602539
2011-11-23,37.665122985839844
2011-11-25,37.65189743041992
2011-11-28,38.63124465942383
2011-11-29,38.34669494628906
2011-11-30,40.76860046386719
2011-12-01,40.41788101196289
2011-12-02,40.79506301879883
2011-12-05,41.31120681762695
2011-12-06,41.36414337158203
2011-12-07,42.158203125
2011-12-08,41.10606384277344
2011-12-09,41.65530014038086
2011-12-12,40.58993148803711
2011-12-13,40.54360580444336
2011-12-14,39.96791076660156
2011-12-15,40.13996124267578
2011-12-16,40.57668685913086
2011-12-19,40.25906753540039
2011-12-20,41.56224822998047
2011-12-21,41.334327697753906
2011-12-22,41.56895065307617
2011-12-23,41.260581970214844
2011-12-27,40.46286392211914
2011-12-28,39.84612274169922
2011-12-29,40.17461395263672
2011-12-30,40.29526138305664
2012-01-03,41.40806579589844
2012-01-04,40.777923583984375
2012-01-05,40.5902214050293
2012-01-06,40.268455505371094
2012-01-09,40.690773010253906
2012-01-10,41.36112976074219
2012-01-11,40.97233200073242
2012-01-12,41.1600341796875
2012-01-13,40.49637985229492
2012-01-17,40.932106018066406
2012-01-18,41.44828796386719
2012-01-19,41.88401412963867
2012-01-20,41.689613342285156
2012-01-23,42.17898178100586
2012-01-24,41.95105743408203
2012-01-25,42.239295959472656
2012-01-26,42.292930603027344
2012-01-27,43.2247428894043
2012-01-30,43.11077117919922
2012-01-31,43.55321502685547
2012-02-01,44.28390121459961
2012-02-02,44.364349365234375
2012-02-03,44.88052749633789
2012-02-06,44.45819854736328
2012-02-07,44.68611526489258
2012-02-08,45.530765533447266
2012-02-09,45.45032501220703
2012-02-10,44.9810676574707
2012-02-13,45.457027435302734
2012-02-14,45.1486701965332
2012-02-15,45.67824172973633
2012-02-16,46.113983154296875
2012-02-17,46.37542724609375
2012-02-21,46.77762985229492
2012-02-22,46.93852233886719
2012-02-23,47.54185104370117
2012-02-24,47.9976806640625
2012-02-27,47.434593200683594
2012-02-28,47.910545349121094
2012-02-29,48.10494613647461
2012-03-01,48.681453704833984
2012-03-02,48.23231887817383
2012-03-05,47.72284698486328
2012-03-06,46.925113677978516
2012-03-07,47.360843658447266
2012-03-08,48.38648986816406
2012-03-09,48.05802536010742
2012-03-12,47.17314910888672
2012-03-13,47.95075225830078
2012-03-14,47.50161361694336
2012-03-15,48.19879913330078
2012-03-16,48.976409912109375
2012-03-19,49.39203643798828
2012-03-20,49.08367919921875
2012-03-21,49.28477478027344
2012-03-22,48.66804885864258
2012-03-23,49.02333450317383
2012-03-26,49.257965087890625
2012-03-27,49.17081832885742
2012-03-28,48.90937042236328
2012-03-29,48.989830017089844
2012-03-30,48.79542922973633
2012-04-02,49.37862777709961
2012-04-03,49.74732208251953
2012-04-04,48.74177932739258
2012-04-05,48.29935836791992
2012-04-09,47.843502044677734
2012-04-10,46.59663391113281
2012-04-11,46.871490478515625
2012-04-12,48.21891403198242
2012-04-13,47.87702941894531
2012-04-16,47.63569259643555
2012-04-17,47.72954177856445
2012-04-18,47.6893196105957
2012-04-19,48.1652717590332
2012-04-20,48.956295013427734
2012-04-23,48.4803466796875
2012-04-24,48.80882263183594
2012-04-25,49.07025909423828
2012-04-26,49.64676284790039
2012-04-27,49.88810348510742
2012-04-30,50.571868896484375
2012-05-01,50.846710205078125
2012-05-02,50.846710205078125
2012-05-03,50.64558410644531
2012-05-04,49.92831802368164
2012-05-07,49.88139724731445
2012-05-08,50.18976593017578
2012-05-09,48.98311996459961
2012-05-10,48.27252960205078
2012-05-11,48.118350982666016
2012-05-14,46.449153900146484
2012-05-15,47.09269332885742
2012-05-16,46.4022331237793
2012-05-17,46.1676139831543
2012-05-18,45.436912536621094
2012-05-21,45.4637336730957
2012-05-22,44.706214904785156
2012-05-23,43.89509963989258
2012-05-24,44.15653610229492
2012-05-25,44.08279037475586
2012-05-29,45.16876983642578
2012-05-30,44.1900520324707
2012-05-31,44.478302001953125
2012-06-01,42.815818786621094
2012-06-04,42.84933853149414
2012-06-05,43.05714416503906
2012-06-06,44.21015167236328
2012-06-07,44.02246856689453
2012-06-08,44.28390121459961
2012-06-11,44.505126953125
2012-06-12,45.738590240478516
2012-06-13,45.36317825317383
2012-06-14,45.67153549194336
2012-06-15,46.408935546875
2012-06-18,46.06035614013672
2012-06-19,46.88489532470703
2012-06-20,46.36201477050781
2012-06-21,44.54507064819336
2012-06-22,45.08988952636719
2012-06-25,44.44292449951172
2012-06-26,44.599552154541016
2012-06-27,45.35547637939453
2012-06-28,45.736846923828125
2012-06-29,47.0307731628418
2012-07-02,46.955848693847656
2012-07-03,47.766265869140625
2012-07-05,46.97629165649414
2012-07-06,46.66301345825195
2012-07-09,46.43830108642578
2012-07-10,46.7447395324707
2012-07-11,47.09206008911133
2012-07-12,46.622161865234375
2012-07-13,47.86162185668945
2012-07-16,48.025047302246094
2012-07-17,48.277034759521484
2012-07-18,48.14763259887695
2012-07-19,47.56877517700195
2012-07-20,47.04438781738281
2012-07-23,46.009254455566406
2012-07-24,46.02286911010742
2012-07-25,46.40423583984375
2012-07-26,46.54724884033203
2012-07-27,46.928627014160156
2012-07-30,46.969482421875
2012-07-31,47.02396011352539
2012-08-01,47.07162857055664
2012-08-02,46.731117248535156
2012-08-03,47.602821350097656
2012-08-06,47.7458381652832
2012-08-07,47.88204574584961
2012-08-08,48.00461196899414
2012-08-09,48.15443420410156
2012-08-10,48.37917709350586
2012-08-13,48.36555480957031
2012-08-14,48.80141067504883
2012-08-15,48.84907913208008
2012-08-16,48.86951446533203
2012-08-17,48.37236785888672
2012-08-20,48.42683792114258
2012-08-21,48.6720085144043
2012-08-22,48.89674377441406
2012-08-23,48.706050872802734
2012-08-24,48.82864761352539
2012-08-27,48.59710693359375
2012-08-28,48.4540901184082
2012-08-29,47.86162185668945
2012-08-30,47.228271484375
2012-08-31,48.113582611083984
2012-09-04,48.50175476074219
2012-09-05,48.68562316894531
2012-09-06,49.60499572753906
2012-09-07,49.748016357421875
2012-09-10,49.713958740234375
2012-09-11,49.877403259277344
2012-09-12,50.347320556640625
2012-09-13,51.15771484375
2012-09-14,51.763824462890625
2012-09-17,51.75019836425781
2012-09-18,51.30072021484375
2012-09-19,51.78425216674805
2012-09-20,51.60718536376953
2012-09-21,51.53908920288086
2012-09-24,51.491397857666016
2012-09-25,50.96021270751953
2012-09-26,50.23834228515625
2012-09-27,51.4096794128418
2012-09-28,51.654842376708984
2012-10-01,52.04302215576172
2012-10-02,52.11793518066406
2012-10-03,52.15879440307617
2012-10-04,52.792137145996094
2012-10-05,52.68998718261719
2012-10-08,52.09749984741211
2012-10-09,51.389244079589844
2012-10-10,51.178138732910156
2012-10-11,51.60718536376953
2012-10-12,51.654842376708984
2012-10-15,51.46416091918945
2012-10-16,51.60718536376953
2012-10-17,52.03622055053711
2012-10-18,51.98855209350586
2012-10-19,51.15091323852539
2012-10-22,51.57312774658203
2012-10-23,50.87849044799805
2012-10-24,50.61970520019531
2012-10-25,51.04193115234375
2012-10-26,50.71504211425781
2012-10-31,50.803585052490234
2012-11-01,51.770626068115234
2012-11-02,51.53908920288086
2012-11-05,51.69572448730469
2012-11-06,51.613990783691406
2012-11-07,50.7354850769043
2012-11-08,50.74229049682617
2012-11-09,51.35520553588867
2012-11-12,51.60718536376953
2012-11-13,51.13046646118164
2012-11-14,49.877403259277344
2012-11-15,50.027217864990234
2012-11-16,50.6810188293457
2012-11-19,51.314334869384766
2012-11-20,50.96702194213867
2012-11-21,50.803585052490234
2012-11-23,51.38243865966797
2012-11-26,51.58675765991211
2012-11-27,51.491397857666016
2012-11-28,51.94088363647461
2012-11-29,52.172428131103516
2012-11-30,52.55378723144531
2012-12-03,52.9283447265625
2012-12-04,52.703617095947266
2012-12-05,52.873863220214844
2012-12-06,53.45954132080078
2012-12-07,53.6025276184082
2012-12-10,53.881771087646484
2012-12-11,54.09968948364258
2012-12-12,54.3108024597168
2012-12-13,54.18821334838867
2012-12-14,54.624061584472656
2012-12-17,55.08713912963867
2012-12-18,55.085784912109375
2012-12-19,55.29114532470703
2012-12-20,55.53073501586914
2012-12-21,55.24321746826172
2012-12-24,55.031028747558594
2012-12-26,55.092620849609375
2012-12-27,55.38699722290039
2012-12-28,55.4485969543457
2012-12-31,56.468589782714844
2013-01-02,57.64598846435547
2013-01-03,56.694480895996094
2013-01-04,56.988826751708984
2013-01-07,56.70132064819336
2013-01-08,56.6807975769043
2013-01-09,57.01620101928711
2013-01-10,56.858768463134766
2013-01-11,56.61233139038086
2013-01-14,56.83137893676758
2013-01-15,57.33110809326172
2013-01-16,57.33110809326172
2013-01-17,57.69393539428711
2013-01-18,58.2552490234375
2013-01-22,58.419551849365234
2013-01-23,58.27578353881836
2013-01-24,58.734439849853516
2013-01-25,59.21363067626953
2013-01-28,59.507965087890625
2013-01-29,60.2678337097168
2013-01-30,60.603248596191406
2013-01-31,59.67911148071289
2013-02-01,61.07561111450195
2013-02-04,60.78810119628906
2013-02-05,60.90447235107422
2013-02-06,60.781246185302734
2013-02-07,60.2541389465332
2013-02-08,60.22677993774414
2013-02-11,59.38475036621094
2013-02-12,59.535369873046875
2013-02-13,60.76070022583008
2013-02-14,61.198829650878906
2013-02-15,60.82231521606445
2013-02-19,61.63693618774414
2013-02-20,61.760162353515625
2013-02-21,61.18513870239258
2013-02-22,61.643775939941406
2013-02-25,60.80864715576172
2013-02-26,61.00030517578125
2013-02-27,61.260433197021484
2013-02-28,61.506874084472656
2013-03-01,62.157188415527344
2013-03-04,62.06820297241211
2013-03-05,62.39677810668945
2013-03-06,62.472084045410156
2013-03-07,62.64321517944336
2013-03-08,62.87596130371094
2013-03-11,63.21826171875
2013-03-12,63.019718170166016
2013-03-13,63.11555099487305
2013-03-14,63.51945114135742
2013-03-15,64.18345642089844
2013-03-18,63.93701171875
2013-03-19,63.423622131347656
2013-03-20,62.73905944824219
2013-03-21,61.74647521972656
2013-03-22,59.86396026611328
2013-03-25,60.863399505615234
2013-03-26,62.33518981933594
2013-03-27,63.11555099487305
2013-03-28,62.36255645751953
2013-04-01,61.9107666015625
2013-04-02,62.143489837646484
2013-04-03,60.84284591674805
2013-04-04,61.56162643432617
2013-04-05,60.356834411621094
2013-04-08,60.48004913330078
2013-04-09,60.43898010253906
2013-04-10,60.84284591674805
2013-04-11,61.773860931396484
2013-04-12,61.643775939941406
2013-04-15,60.80177688598633
2013-04-16,61.951820373535156
2013-04-17,61.589019775390625
2013-04-18,62.33518981933594
2013-04-19,63.745361328125
2013-04-22,64.19715118408203
2013-04-23,63.97123718261719
2013-04-24,63.745361328125
2013-04-25,63.875423431396484
2013-04-26,63.745361328125
2013-04-29,64.21085357666016
2013-04-30,65.03229522705078
2013-05-01,64.33406066894531
2013-05-02,64.29983520507812
2013-05-03,63.670040130615234
2013-05-06,64.10132598876953
2013-05-07,64.40934753417969
2013-05-08,65.76477813720703
2013-05-09,65.00492095947266
2013-05-10,64.66264343261719
2013-05-13,64.6352767944336
2013-05-14,65.21711730957031
2013-05-15,64.99122619628906
2013-05-16,64.18345642089844
2013-05-17,64.33406066894531
2013-05-20,65.28559112548828
2013-05-21,65.0459976196289
2013-05-22,63.861724853515625
2013-05-23,63.122413635253906
2013-05-24,62.45154571533203
2013-05-28,62.72535705566406
2013-05-29,61.2193489074707
2013-05-30,60.73332977294922
2013-05-31,58.50168228149414
2013-06-03,59.21363067626953
2013-06-04,58.81658172607422
2013-06-05,56.694480895996094
2013-06-06,56.75608825683594
2013-06-07,57.86506271362305
2013-06-10,57.25579833984375
2013-06-11,53.77828598022461
2013-06-12,52.74461364746094
2013-06-13,54.216400146484375
2013-06-14,55.29114532470703
2013-06-17,55.80457305908203
2013-06-18,54.45600509643555
2013-06-19,52.881534576416016
2013-06-20,49.45878601074219
2013-06-21,51.66303634643555
2013-06-24,50.32130432128906
2013-06-25,52.47080993652344
2013-06-26,54.4970703125
2013-06-27,55.506919860839844
2013-06-28,54.704898834228516
2013-07-01,54.432918548583984
2013-07-02,54.81648635864258
2013-07-03,54.50264358520508
2013-07-05,52.79399490356445
2013-07-08,51.95012664794922
2013-07-09,52.361595153808594
2013-07-10,51.378238677978516
2013-07-11,55.590606689453125
2013-07-12,54.774658203125
2013-07-15,55.137306213378906
2013-07-16,55.18611145019531
2013-07-17,55.88352584838867
2013-07-18,56.14155960083008
2013-07-19,55.93233871459961
2013-07-22,56.90871810913086
2013-07-23,57.271385192871094
2013-07-24,56.36473083496094
2013-07-25,55.22098159790039
2013-07-26,55.71614456176758
2013-07-29,54.12604522705078
2013-07-30,53.344947814941406
2013-07-31,52.91256332397461
2013-08-01,54.36316680908203
2013-08-02,53.540225982666016
2013-08-05,52.52898025512695
2013-08-06,52.21513748168945
2013-08-07,52.48017120361328
2013-08-08,53.609962463378906
2013-08-09,53.254276275634766
2013-08-12,53.50535583496094
2013-08-13,54.35618591308594
2013-08-14,54.50264358520508
2013-08-15,53.77036666870117
2013-08-16,53.847076416015625
2013-08-19,51.16903305053711
2013-08-20,50.37397003173828
2013-08-21,48.49097442626953
2013-08-22,49.488277435302734
2013-08-23,49.32786560058594
2013-08-26,48.1701545715332
2013-08-27,45.78501892089844
2013-08-28,46.10582733154297
2013-08-29,46.72652816772461
2013-08-30,46.61492919921875
2013-09-03,47.46577453613281
2013-09-04,47.814476013183594
2013-09-05,48.2817497253418
2013-09-06,49.73934555053711
2013-09-09,52.86375045776367
2013-09-10,52.535953521728516
2013-09-11,52.89860534667969
2013-09-12,51.95710754394531
2013-09-13,52.89860534667969
2013-09-16,54.36316680908203
2013-09-17,54.36316680908203
2013-09-18,57.466636657714844
2013-09-19,58.08732604980469
2013-09-20,56.539085388183594
2013-09-23,55.32558822631836
2013-09-24,54.07722091674805
2013-09-25,54.01445770263672
2013-09-26,54.72582244873047
2013-09-27,53.17755889892578
2013-09-30,51.99894332885742
2013-10-01,54.45383834838867
2013-10-02,54.27949523925781
2013-10-03,53.937747955322266
2013-10-04,54.7816162109375
2013-10-07,53.78432083129883
2013-10-08,53.275211334228516
2013-10-09,54.06328201293945
2013-10-10,56.455406188964844
2013-10-11,56.31591796875
2013-10-14,56.518165588378906
2013-10-15,55.8905029296875
2013-10-16,56.26012420654297
2013-10-17,57.19466781616211
2013-10-18,57.41783142089844
2013-10-21,55.646400451660156
2013-10-22,56.511199951171875
2013-10-23,55.28374099731445
2013-10-24,55.63246536254883
2013-10-25,56.14155960083008
2013-10-28,55.77193832397461
2013-10-29,56.27408218383789
2013-10-30,54.30736541748047
2013-10-31,54.74675369262695
2013-11-01,54.530548095703125
2013-11-04,53.6169319152832
2013-11-05,53.57509231567383
2013-11-06,54.71186828613281
2013-11-07,53.672725677490234
2013-11-08,53.275211334228516
2013-11-11,52.940460205078125
2013-11-12,52.95440673828125
2013-11-13,53.50535583496094
2013-11-14,54.17487335205078
2013-11-15,54.81648635864258
2013-11-18,54.44685745239258
2013-11-19,53.29612731933594
2013-11-20,52.43135452270508
2013-11-21,51.566566467285156
2013-11-22,50.95282745361328
2013-11-25,49.66261672973633
2013-11-26,50.422794342041016
2013-11-27,51.210872650146484
2013-11-29,51.18296432495117
2013-12-02,49.94158172607422
2013-12-03,50.841243743896484
2013-12-04,50.72269058227539
2013-12-05,50.38095474243164
2013-12-06,51.00165557861328
2013-12-09,50.9249382019043
2013-12-10,50.917972564697266
2013-12-11,50.129886627197266
2013-12-12,49.753265380859375
2013-12-13,49.36273193359375
2013-12-16,49.56498336791992
2013-12-17,49.4464225769043
2013-12-18,50.28485870361328
2013-12-19,49.20957565307617
2013-12-20,48.73871994018555
2013-12-23,48.577064514160156
2013-12-24,48.66140365600586
2013-12-26,47.20661926269531
2013-12-27,47.375301361083984
2013-12-30,47.916446685791016
2013-12-31,48.24674987792969
2014-01-02,43.89646911621094
2014-01-03,43.58020782470703
2014-01-06,43.91755294799805
2014-01-07,45.337196350097656
2014-01-08,45.37232971191406
2014-01-09,45.29502487182617
2014-01-10,45.78697967529297
2014-01-13,45.899417877197266
2014-01-14,46.904422760009766
2014-01-15,45.899417877197266
2014-01-16,47.14336395263672
2014-01-17,47.094173431396484
2014-01-21,46.52490997314453
2014-01-22,47.12228012084961
2014-01-23,46.91144561767578
2014-01-24,46.38435363769531
2014-01-27,46.131351470947266
2014-01-28,45.77994918823242
2014-01-29,45.077152252197266
2014-01-30,45.28799057006836
2014-01-31,45.90645217895508
2014-02-03,45.7026481628418
2014-02-04,46.96766662597656
2014-02-05,46.6092529296875
2014-02-06,47.85319519042969
2014-02-07,47.4315185546875
2014-02-10,46.53194046020508
2014-02-11,47.684513092041016
2014-02-12,48.00078201293945
2014-02-13,48.281898498535156
2014-02-14,48.60517883300781
2014-02-18,48.183494567871094
2014-02-19,47.747772216796875
2014-02-20,47.63532257080078
2014-02-21,47.72669219970703
2014-02-24,47.61425018310547
2014-02-25,47.28392028808594
2014-02-26,47.368263244628906
2014-02-27,48.598148345947266
2014-02-28,48.4013671875
2014-03-03,48.8441276550293
2014-03-04,49.99671173095703
2014-03-05,50.15835189819336
2014-03-06,50.622188568115234
2014-03-07,50.074005126953125
2014-03-10,49.77884292602539
2014-03-11,50.25675582885742
2014-03-12,50.53786849975586
2014-03-13,49.99671173095703
2014-03-14,50.72761917114258
2014-03-17,51.50068664550781
2014-03-18,51.9715576171875
2014-03-19,50.4113655090332
2014-03-20,50.601112365722656
2014-03-21,50.4113655090332
2014-03-24,50.151329040527344
2014-03-25,50.369197845458984
2014-03-26,50.059967041015625
2014-03-27,50.28485870361328
2014-03-28,50.77682113647461
2014-03-31,51.09306335449219
2014-04-01,52.07697677612305
2014-04-02,52.259708404541016
2014-04-03,51.82396697998047
2014-04-04,51.732608795166016
2014-04-07,51.76072692871094
2014-04-08,51.922359466552734
2014-04-09,52.112117767333984
2014-04-10,51.62717819213867
2014-04-11,51.81694030761719
2014-04-14,51.76774978637695
2014-04-15,51.57095718383789
2014-04-16,53.145225524902344
2014-04-17,53.48959732055664
2014-04-21,53.545814514160156
2014-04-22,53.4193229675293
2014-04-23,53.222530364990234
2014-04-24,53.20847702026367
2014-04-25,52.74462890625
2014-04-28,52.702457427978516
2014-04-29,53.088993072509766
2014-04-30,53.49660873413086
2014-05-01,53.48959732055664
2014-05-02,53.651241302490234
2014-05-05,53.39120101928711
2014-05-06,52.77273941040039
2014-05-07,52.6954460144043
2014-05-08,51.23362731933594
2014-05-09,51.01575469970703
2014-05-12,51.296871185302734
2014-05-13,51.268760681152344
2014-05-14,51.999664306640625
2014-05-15,51.739627838134766
2014-05-16,52.75166702270508
2014-05-19,52.72353744506836
2014-05-20,51.451499938964844
2014-05-21,52.358097076416016
2014-05-22,51.788841247558594
2014-05-23,51.78180694580078
2014-05-27,51.65530014038086
2014-05-28,51.86613845825195
2014-05-29,51.99264144897461
2014-05-30,51.62717819213867
2014-06-02,53.21550750732422
2014-06-03,54.17832946777344
2014-06-04,53.92533874511719
2014-06-05,54.03073501586914
2014-06-06,54.52972412109375
2014-06-09,54.452415466308594
2014-06-10,54.82489013671875
2014-06-11,54.656227111816406
2014-06-12,53.91829299926758
2014-06-13,54.57892608642578
2014-06-16,54.916263580322266
2014-06-17,55.05681610107422
2014-06-18,54.59297180175781
2014-06-19,54.48756408691406
2014-06-20,55.03573989868164
2014-06-23,54.902225494384766
2014-06-24,54.18535232543945
2014-06-25,54.99156951904297
2014-06-26,55.07733154296875
2014-06-27,55.47759246826172
2014-06-30,55.184547424316406
2014-07-01,55.649131774902344
2014-07-02,56.149436950683594
2014-07-03,56.285240173339844
2014-07-07,56.471073150634766
2014-07-08,56.25664520263672
2014-07-09,56.97138977050781
2014-07-10,57.078609466552734
2014-07-11,57.00712203979492
2014-07-14,57.78617858886719
2014-07-15,57.59318923950195
2014-07-16,57.7933235168457
2014-07-17,57.057167053222656
2014-07-18,57.88624954223633
2014-07-21,58.70820236206055
2014-07-22,58.186431884765625
2014-07-23,58.472320556640625
2014-07-24,58.67959213256836
2014-07-25,58.579524993896484
2014-07-28,58.715335845947266
2014-07-29,57.32875061035156
2014-07-30,56.99283218383789
2014-07-31,55.69202423095703
2014-08-01,56.59257507324219
2014-08-04,57.50027084350586
2014-08-05,57.2858772277832
2014-08-06,56.87846755981445
2014-08-07,56.99283218383789
2014-08-08,57.700416564941406
2014-08-11,58.25075912475586
2014-08-12,58.48661804199219
2014-08-13,59.108436584472656
2014-08-14,59.35858917236328
2014-08-15,59.001224517822266
2014-08-18,59.25139236450195
2014-08-19,59.229949951171875
2014-08-20,59.33000564575195
2014-08-21,59.00837707519531
2014-08-22,58.90117263793945
2014-08-25,59.744537353515625
2014-08-26,59.71595764160156
2014-08-27,60.009010314941406
2014-08-28,59.68022537231445
2014-08-29,59.67308044433594
2014-09-02,59.823177337646484
2014-09-03,60.5164680480957
2014-09-04,60.44498825073242
2014-09-05,61.31695556640625
2014-09-08,60.945308685302734
2014-09-09,60.15911102294922
2014-09-10,60.35209274291992
2014-09-11,59.91609191894531
2014-09-12,59.594459533691406
2014-09-15,59.758853912353516
2014-09-16,60.051883697509766
2014-09-17,59.38718032836914
2014-09-18,60.423545837402344
2014-09-19,60.15194320678711
2014-09-22,60.3091926574707
2014-09-23,60.3377799987793
2014-09-24,61.3098258972168
2014-09-25,60.46643829345703
2014-09-26,60.80236053466797
2014-09-29,59.64448165893555
2014-09-30,59.91609191894531
2014-10-01,59.07267761230469
2014-10-02,59.21563720703125
2014-10-03,58.858280181884766
2014-10-06,57.650390625
2014-10-07,57.00712203979492
2014-10-08,58.436588287353516
2014-10-09,58.07207489013672
2014-10-10,57.693267822265625
2014-10-13,57.45026397705078
2014-10-14,58.27219772338867
2014-10-15,57.96487045288086
2014-10-16,57.5360221862793
2014-10-17,57.63609313964844
2014-10-20,57.88624954223633
2014-10-21,58.1292610168457
2014-10-22,57.550315856933594
2014-10-23,57.67183303833008
2014-10-24,58.42945098876953
2014-10-27,58.458030700683594
2014-10-28,59.194210052490234
2014-10-29,58.593841552734375
2014-10-30,58.958351135253906
2014-10-31,59.40863800048828
2014-11-03,58.78681564331055
2014-11-04,59.20135498046875
2014-11-05,58.87972640991211
2014-11-06,58.565250396728516
2014-11-07,59.15846633911133
2014-11-10,58.52235794067383
2014-11-11,58.61528015136719
2014-11-12,58.222171783447266
2014-11-13,58.82968521118164
2014-11-14,59.22279357910156
2014-11-17,58.82255172729492
2014-11-18,59.50153350830078
2014-11-19,59.07985305786133
2014-11-20,58.68673324584961
2014-11-21,60.323486328125
2014-11-24,60.07334899902344
2014-11-25,60.13764572143555
2014-11-26,60.3091926574707
2014-11-28,59.50868606567383
2014-12-01,59.52296829223633
2014-12-02,59.70882034301758
2014-12-03,59.70882034301758
2014-12-04,59.56586456298828
2014-12-05,59.12986373901367
2014-12-08,58.24360275268555
2014-12-09,57.857662200927734
2014-12-10,57.414520263671875
2014-12-11,56.34955978393555
2014-12-12,55.33464813232422
2014-12-15,53.905181884765625
2014-12-16,53.261924743652344
2014-12-17,55.53065490722656
2014-12-18,56.963008880615234
2014-12-19,56.315216064453125
2014-12-22,57.27251434326172
2014-12-23,57.02058029174805
2014-12-24,57.049381256103516
2014-12-26,56.02729797363281
2014-12-29,55.401092529296875
2014-12-30,55.746585845947266
2014-12-31,55.753780364990234
2015-01-02,55.105987548828125
2015-01-05,53.5728759765625
2015-01-06,53.911155700683594
2015-01-07,55.90494155883789
2015-01-08,56.68949508666992
2015-01-09,56.531150817871094
2015-01-12,55.897735595703125
2015-01-13,56.171260833740234
2015-01-14,55.724998474121094
2015-01-15,55.609825134277344
2015-01-16,56.94141387939453
2015-01-20,56.819053649902344
2015-01-21,57.1573486328125
2015-01-22,58.661678314208984
2015-01-23,58.71205520629883
2015-01-26,59.021568298339844
2015-01-27,58.5177116394043
2015-01-28,58.30898666381836
2015-01-29,58.424137115478516
2015-01-30,57.51004409790039
2015-02-02,58.48173522949219
2015-02-03,59.53978729248047
2015-02-04,58.77684783935547
2015-02-05,59.71255111694336
2015-02-06,59.158329010009766
2015-02-09,58.798431396484375
2015-02-10,58.59690475463867
2015-02-11,59.028770446777344
2015-02-12,60.07962417602539
2015-02-13,60.158809661865234
2015-02-17,58.611289978027344
2015-02-18,59.41023635864258
2015-02-19,59.266273498535156
2015-02-20,59.67654800415039
2015-02-23,58.640079498291016
2015-02-24,59.43183135986328
2015-02-25,58.84164810180664
2015-02-26,58.913597106933594
2015-02-27,58.78404235839844
2015-03-02,59.11514663696289
2015-03-03,58.20101547241211
2015-03-04,57.96348571777344
2015-03-05,58.136234283447266
2015-03-06,57.82672882080078
2015-03-09,57.96348571777344
2015-03-10,55.99850845336914
2015-03-11,56.79746627807617
2015-03-12,56.88383483886719
2015-03-13,56.351200103759766
2015-03-16,56.048892974853516
2015-03-17,56.05608367919922
2015-03-18,57.704383850097656
2015-03-19,57.22932434082031
2015-03-20,57.79794692993164
2015-03-23,57.43085479736328
2015-03-24,57.402069091796875
2015-03-25,56.451961517333984
2015-03-26,56.43758010864258
2015-03-27,56.5887336730957
2015-03-30,57.08536911010742
2015-03-31,57.128562927246094
2015-04-01,58.057064056396484
2015-04-02,58.67607116699219
2015-04-06,58.65446853637695
2015-04-07,59.07915115356445
2015-04-08,59.1511344909668
2015-04-09,59.244693756103516
2015-04-10,59.20872116088867
2015-04-13,59.01435089111328
2015-04-14,59.40304183959961
2015-04-15,59.690956115722656
2015-04-16,60.626670837402344
2015-04-17,60.5618782043457
2015-04-20,60.014862060546875
2015-04-21,60.44673538208008
2015-04-22,59.92847442626953
2015-04-23,59.41023635864258
2015-04-24,59.44621276855469
2015-04-27,58.9423942565918
2015-04-28,58.31618881225586
2015-04-29,57.27970886230469
2015-04-30,56.703880310058594
2015-05-01,56.847843170166016
2015-05-04,56.919830322265625
2015-05-05,56.264835357666016
2015-05-06,56.08488464355469
2015-05-07,55.84016036987305
2015-05-08,56.451961517333984
2015-05-11,55.23553466796875
2015-05-12,54.659732818603516
2015-05-13,55.24274444580078
2015-05-14,55.746585845947266
2015-05-15,56.23603439331055
2015-05-18,55.9625129699707
2015-05-19,56.487953186035156
2015-05-20,56.12807083129883
2015-05-21,56.847843170166016
2015-05-22,56.22163009643555
2015-05-26,54.73891067504883
2015-05-27,54.890045166015625
2015-05-28,54.5373649597168
2015-05-29,54.79647445678711
2015-06-01,54.501373291015625
2015-06-02,54.3142204284668
2015-06-03,54.45819091796875
2015-06-04,54.299842834472656
2015-06-05,54.710121154785156
2015-06-08,54.94044494628906
2015-06-09,54.55176544189453
2015-06-10,55.56663513183594
2015-06-11,55.58823776245117
2015-06-12,55.357906341552734
2015-06-15,54.998023986816406
2015-06-16,55.509056091308594
2015-06-17,55.84016036987305
2015-06-18,55.81857681274414
2015-06-19,54.52296829223633
2015-06-22,55.307518005371094
2015-06-23,55.5450439453125
2015-06-24,55.66741180419922
2015-06-25,55.71442413330078
2015-06-26,55.89070510864258
2015-06-29,55.21493911743164
2015-06-30,54.69340896606445
2015-07-01,54.825645446777344
2015-07-02,54.42164993286133
2015-07-06,53.56222915649414
2015-07-07,53.598960876464844
2015-07-08,53.29047393798828
2015-07-09,53.070106506347656
2015-07-10,53.99560546875
2015-07-13,54.0396842956543
2015-07-14,54.34818649291992
2015-07-15,53.54020690917969
2015-07-16,53.6136474609375
2015-07-17,53.24638748168945
2015-07-20,52.61469650268555
2015-07-21,51.54961395263672
2015-07-22,51.028099060058594
2015-07-23,50.53596496582031
2015-07-24,50.117286682128906
2015-07-27,49.19910430908203
2015-07-28,49.54433059692383
2015-07-29,49.7573356628418
2015-07-30,49.77204132080078
2015-07-31,51.20438003540039
2015-08-03,50.638790130615234
2015-08-04,50.19072723388672
2015-08-05,50.27153015136719
2015-08-06,50.08789825439453
2015-08-07,49.926292419433594
2015-08-10,50.3817024230957
2015-08-11,49.125648498535156
2015-08-12,48.574745178222656
2015-08-13,48.74368667602539
2015-08-14,49.24317169189453
2015-08-17,48.163414001464844
2015-08-18,47.14240264892578
2015-08-19,47.25259017944336
2015-08-20,47.010189056396484
2015-08-21,45.790863037109375
2015-08-24,43.91045379638672
2015-08-25,44.2777214050293
2015-08-26,46.29768753051758
2015-08-27,48.07526397705078
2015-08-28,47.26727294921875
2015-08-31,47.370113372802734
2015-09-01,46.71638107299805
2015-09-02,48.11935043334961
2015-09-03,47.89163589477539
2015-09-04,46.4813232421875
2015-09-08,47.553749084472656
2015-09-09,47.37744903564453
2015-09-10,48.141380310058594
2015-09-11,47.96508026123047
2015-09-14,47.14976119995117
2015-09-15,47.57577896118164
2015-09-16,48.31766891479492
2015-09-17,48.89059829711914
2015-09-18,47.8402099609375
2015-09-21,48.427833557128906
2015-09-22,47.414180755615234
2015-09-23,46.70902633666992
2015-09-24,46.72372817993164
2015-09-25,46.885318756103516
2015-09-28,45.592529296875
2015-09-29,45.65864562988281
2015-09-30,45.73210525512695
2015-10-01,45.20323181152344
2015-10-02,46.29768753051758
2015-10-05,47.20851516723633
2015-10-06,46.99549865722656
2015-10-07,48.76572036743164
2015-10-08,49.34601974487305
2015-10-09,50.168697357177734
2015-10-12,49.71327590942383
2015-10-13,49.206443786621094
2015-10-14,49.50760269165039
2015-10-15,50.638790130615234
2015-10-16,50.56534194946289
2015-10-19,49.81612014770508
2015-10-20,50.01444625854492
2015-10-21,49.26521682739258
2015-10-22,50.036476135253906
2015-10-23,50.39638900756836
2015-10-26,49.838138580322266
2015-10-27,49.31662368774414
2015-10-28,48.70696258544922
2015-10-29,47.876930236816406
2015-10-30,47.86960220336914
2015-11-02,49.419456481933594
2015-11-03,49.683902740478516
2015-11-04,49.331321716308594
2015-11-05,49.147682189941406
2015-11-06,49.03750991821289
2015-11-09,47.502323150634766
2015-11-10,47.52436447143555
2015-11-11,47.502323150634766
2015-11-12,47.22321701049805
2015-11-13,47.120361328125
2015-11-16,48.21482849121094
2015-11-17,47.73002624511719
2015-11-18,47.774105072021484
2015-11-19,47.832862854003906
2015-11-20,48.486602783203125
2015-11-23,48.04589080810547
2015-11-24,48.163414001464844
2015-11-25,47.781455993652344
2015-11-27,46.73841857910156
2015-11-30,47.061607360839844
2015-12-01,47.13505935668945
2015-12-02,45.8055534362793
2015-12-03,45.7541389465332
2015-12-04,46.50336837768555
2015-12-07,45.94511795043945
2015-12-08,44.91676330566406
2015-12-09,44.43932342529297
2015-12-10,44.0647087097168
2015-12-11,43.22733688354492
2015-12-14,43.38894271850586
2015-12-15,44.46870040893555
2015-12-16,45.01226043701172
2015-12-17,44.27037811279297
2015-12-18,43.46239471435547
2015-12-21,43.154727935791016
2015-12-22,43.31782913208008
2015-12-23,43.80712890625
2015-12-24,43.910911560058594
2015-12-28,43.792293548583984
2015-12-29,43.74039840698242
2015-12-30,43.562477111816406
2015-12-31,43.473506927490234
2016-01-04,42.78404235839844
2016-01-05,42.68767166137695
2016-01-06,42.23544692993164
2016-01-07,40.78236389160156
2016-01-08,41.049259185791016
2016-01-11,41.24942398071289
2016-01-12,42.250267028808594
2016-01-13,42.665428161621094
2016-01-14,43.073177337646484
2016-01-15,41.42734909057617
2016-01-19,42.14646530151367
2016-01-20,42.050086975097656
2016-01-21,42.36146926879883
2016-01-22,43.46609878540039
2016-01-25,42.82853317260742
2016-01-26,43.85901641845703
2016-01-27,43.85160827636719
2016-01-28,44.27418899536133
2016-01-29,45.445533752441406
2016-02-01,44.97106170654297
2016-02-02,43.606964111328125
2016-02-03,45.15639877319336
2016-02-04,45.01553726196289
2016-02-05,44.72641372680664
2016-02-08,45.15639877319336
2016-02-09,44.75606155395508
2016-02-10,45.10451126098633
2016-02-11,44.75606155395508
2016-02-12,44.244529724121094
2016-02-16,44.75606155395508
2016-02-17,45.141578674316406
2016-02-18,45.10451126098633
2016-02-19,45.88294219970703
2016-02-22,46.550167083740234
2016-02-23,46.127593994140625
2016-02-24,46.80963897705078
2016-02-25,46.943084716796875
2016-02-26,46.653953552246094
2016-02-29,46.95050811767578
2016-03-01,48.04772186279297
2016-03-02,48.7371826171875
2016-03-03,49.182003021240234
2016-03-04,49.434078216552734
2016-03-07,49.84921646118164
2016-03-08,48.85580825805664
2016-03-09,49.7083625793457
2016-03-10,49.204246520996094
2016-03-11,50.345947265625
2016-03-14,49.930782318115234
2016-03-15,49.626827239990234
2016-03-16,49.915958404541016
2016-03-17,50.205074310302734
2016-03-18,49.878883361816406
2016-03-21,50.16060256958008
2016-03-22,50.02716827392578
2016-03-23,49.84921646118164
2016-03-24,49.901119232177734
2016-03-28,48.92993927001953
2016-03-29,49.53785705566406
2016-03-30,50.00491714477539
2016-03-31,49.960426330566406
2016-04-01,50.012325286865234
2016-04-04,49.36734390258789
2016-04-05,48.21823501586914
2016-04-06,49.01890182495117
2016-04-07,47.580657958984375
2016-04-08,48.43321990966797
2016-04-11,48.7075309753418
2016-04-12,49.69354248046875
2016-04-13,50.16060256958008
2016-04-14,50.07905578613281
2016-04-15,49.85664367675781
2016-04-18,50.36817932128906
2016-04-19,51.16144561767578
2016-04-20,51.19109344482422
2016-04-21,51.25040054321289
2016-04-22,50.338523864746094
2016-04-25,50.17543029785156
2016-04-26,50.76852035522461
2016-04-27,50.761112213134766
2016-04-28,50.205074310302734
2016-04-29,50.37559509277344
2016-05-02,50.434913635253906
2016-05-03,49.75285339355469
2016-05-04,48.98925018310547
2016-05-05,48.87804412841797
2016-05-06,48.959590911865234
2016-05-09,49.182003021240234
2016-05-10,49.63423538208008
2016-05-11,49.12269973754883
2016-05-12,49.567501068115234
2016-05-13,49.13011169433594
2016-05-16,49.75285339355469
2016-05-17,49.64164352416992
2016-05-18,49.38958740234375
2016-05-19,48.67046356201172
2016-05-20,49.144935607910156
2016-05-23,48.618568420410156
2016-05-24,49.041141510009766
2016-05-25,49.515625
2016-05-26,49.797332763671875
2016-05-27,49.834407806396484
2016-05-31,50.17543029785156
2016-06-01,49.8195686340332
2016-06-02,50.59059143066406
2016-06-03,51.4505729675293
2016-06-06,52.08815383911133
2016-06-07,51.969520568847656
2016-06-08,52.11780548095703
2016-06-09,51.4505729675293
2016-06-10,50.60542297363281
2016-06-13,50.46456527709961
2016-06-14,50.761112213134766
2016-06-15,51.11695861816406
2016-06-16,50.5386962890625
2016-06-17,50.560935974121094
2016-06-20,50.78335189819336
2016-06-21,51.23558044433594
2016-06-22,50.827152252197266
2016-06-23,52.08559036254883
2016-06-24,49.644065856933594
2016-06-27,50.239383697509766
2016-06-28,51.46766662597656
2016-06-29,52.08559036254883
2016-06-30,51.92734909057617
2016-07-01,52.417152404785156
2016-07-05,51.882137298583984
2016-07-06,52.48497009277344
2016-07-07,52.0629768371582
2016-07-08,52.77132034301758
2016-07-11,52.80147171020508
2016-07-12,53.21592712402344
2016-07-13,53.21592712402344
2016-07-14,54.15031433105469
2016-07-15,54.127723693847656
2016-07-18,54.572303771972656
2016-07-19,53.99208450317383
2016-07-20,54.60246276855469
2016-07-21,54.308563232421875
2016-07-22,54.85111999511719
2016-07-25,54.444210052490234
2016-07-26,54.42913818359375
2016-07-27,54.82851791381836
2016-07-28,55.50672149658203
2016-07-29,56.04928207397461
2016-08-01,54.97922897338867
2016-08-02,54.31611251831055
2016-08-03,54.813453674316406
2016-08-04,54.82098388671875
2016-08-05,54.934024810791016
2016-08-08,56.19998550415039
2016-08-09,56.47126007080078
2016-08-10,56.4034423828125
2016-08-11,57.20220184326172
2016-08-12,57.07411193847656
2016-08-15,57.08163833618164
2016-08-16,56.45619201660156
2016-08-17,56.147247314453125
2016-08-18,57.0213508605957
2016-08-19,56.77268981933594
2016-08-22,56.297950744628906
2016-08-23,56.2376594543457
2016-08-24,57.02888870239258
2016-08-25,57.10424041748047
2016-08-26,57.036434173583984
2016-08-29,57.27757263183594
2016-08-30,57.02888870239258
2016-08-31,56.93845748901367
2016-09-01,57.119327545166016
2016-09-02,56.65965270996094
2016-09-06,55.60467529296875
2016-09-07,54.964176177978516
2016-09-08,53.47966003417969
2016-09-09,52.34933090209961
2016-09-12,52.13833236694336
2016-09-13,52.62061309814453
2016-09-14,53.50227355957031
2016-09-15,54.0523567199707
2016-09-16,53.79615020751953
2016-09-19,54.775760650634766
2016-09-20,54.504486083984375
2016-09-21,55.838287353515625
2016-09-22,56.32809066772461
2016-09-23,55.333396911621094
2016-09-26,55.26557540893555
2016-09-27,55.4841194152832
2016-09-28,55.51424789428711
2016-09-29,55.05459976196289
2016-09-30,55.39369583129883
2016-10-03,55.521785736083984
2016-10-04,55.26557540893555
2016-10-05,55.973915100097656
2016-10-06,56.0643424987793
2016-10-07,55.49917984008789
2016-10-10,53.570091247558594
2016-10-11,51.7540168762207
2016-10-12,50.28459548950195
2016-10-13,51.64853286743164
2016-10-14,53.21592712402344
2016-10-17,53.45705032348633
2016-10-18,53.826297760009766
2016-10-19,54.451744079589844
2016-10-20,54.489418029785156
2016-10-21,54.70794677734375
2016-10-24,54.67028045654297
2016-10-25,54.911407470703125
2016-10-26,54.444210052490234
2016-10-27,54.1879997253418
2016-10-28,54.18046951293945
2016-10-31,54.2784309387207
2016-11-01,54.210609436035156
2016-11-02,54.09003829956055
2016-11-03,53.98455047607422
2016-11-04,53.61528778076172
2016-11-07,55.04705047607422
2016-11-08,55.58207702636719
2016-11-09,54.451744079589844
2016-11-10,53.909183502197266
2016-11-11,52.86928939819336
2016-11-14,52.093116760253906
2016-11-15,53.148094177246094
2016-11-16,52.537715911865234
2016-11-17,52.658287048339844
2016-11-18,52.5678596496582
2016-11-21,52.922035217285156
2016-11-22,53.351566314697266
2016-11-23,53.035064697265625
2016-11-25,53.555023193359375
2016-11-28,53.652976989746094
2016-11-29,53.524879455566406
2016-11-30,54.15031433105469
2016-12-01,54.07496643066406
2016-12-02,53.91672134399414
2016-12-05,53.98455047607422
2016-12-06,54.38391876220703
2016-12-07,55.160091400146484
2016-12-08,55.160091400146484
2016-12-09,54.79084396362305
2016-12-12,54.6627311706543
2016-12-13,55.28818130493164
2016-12-14,53.879051208496094
2016-12-15,53.87150573730469
2016-12-16,54.10511779785156
2016-12-19,53.879051208496094
2016-12-20,53.2912712097168
2016-12-21,53.16481399536133
2016-12-22,52.98199462890625
2016-12-23,53.62948989868164
2016-12-27,53.97992706298828
2016-12-28,54.05610656738281
2016-12-29,55.13783264160156
2016-12-30,54.91691589355469
2017-01-03,55.11497497558594
2017-01-04,56.13576889038086
2017-01-05,56.63854217529297
2017-01-06,56.37191390991211
2017-01-09,56.150997161865234
2017-01-10,56.78327941894531
2017-01-11,57.04228210449219
2017-01-12,56.65379333496094
2017-01-13,56.95087432861328
2017-01-17,56.64616012573242
2017-01-18,56.18146896362305
2017-01-19,55.70156478881836
2017-01-20,56.14338684082031
2017-01-23,56.86708068847656
2017-01-24,57.468894958496094
2017-01-25,57.75836944580078
2017-01-26,57.73551940917969
2017-01-27,57.70503616333008
2017-01-30,57.834556579589844
2017-01-31,57.651710510253906
2017-02-01,57.55268478393555
2017-02-02,57.49174499511719
2017-02-03,58.2001953125
2017-02-06,58.24589920043945
2017-02-07,57.971656799316406
2017-02-08,58.4211311340332
2017-02-09,58.07069396972656
2017-02-10,58.223060607910156
2017-02-13,58.283992767333984
2017-02-14,57.54507827758789
2017-02-15,57.720272064208984
2017-02-16,57.61362838745117
2017-02-17,57.91832733154297
2017-02-21,57.36224365234375
2017-02-22,57.65933609008789
2017-02-23,57.476505279541016
2017-02-24,57.38509750366211
2017-02-27,57.27082061767578
2017-02-28,57.14132308959961
2017-03-01,57.91832733154297
2017-03-02,57.49174499511719
2017-03-03,57.63648986816406
2017-03-06,57.07276153564453
2017-03-07,56.79090118408203
2017-03-08,56.47856903076172
2017-03-09,56.21194076538086
2017-03-10,55.98340606689453
2017-03-13,56.23479461669922
2017-03-14,56.22718048095703
2017-03-15,57.10322952270508
2017-03-16,57.819305419921875
2017-03-17,57.91072463989258
2017-03-20,58.41349411010742
2017-03-21,58.14687728881836
2017-03-22,58.85533142089844
2017-03-23,58.65727615356445
2017-03-24,59.01530456542969
2017-03-27,59.350494384765625
2017-03-28,59.44953155517578
2017-03-29,59.43428421020508
2017-03-30,59.51048278808594
2017-03-31,59.41142272949219
2017-04-03,59.700904846191406
2017-04-04,59.700904846191406
2017-04-05,59.198123931884766
2017-04-06,58.969600677490234
2017-04-07,59.5180778503418
2017-04-10,59.37335205078125
2017-04-11,59.76185989379883
2017-04-12,60.0208625793457
2017-04-13,59.914215087890625
2017-04-17,60.18083190917969
2017-04-18,59.731380462646484
2017-04-19,59.05339050292969
2017-04-20,59.38858413696289
2017-04-21,59.50284957885742
2017-04-24,59.29716873168945
2017-04-25,59.28193283081055
2017-04-26,59.21337127685547
2017-04-27,58.961978912353516
2017-04-28,59.05339050292969
2017-05-01,59.167667388916016
2017-05-02,59.1600456237793
2017-05-03,58.97722625732422
2017-05-04,59.07624435424805
2017-05-05,59.19051742553711
2017-05-08,59.11433410644531
2017-05-09,59.030548095703125
2017-05-10,59.07624435424805
2017-05-11,58.52015686035156
2017-05-12,58.451595306396484
2017-05-15,58.50491714477539
2017-05-16,58.67250442504883
2017-05-17,58.50491714477539
2017-05-18,58.58108139038086
2017-05-19,59.20574951171875
2017-05-22,59.38095474243164
2017-05-23,59.487606048583984
2017-05-24,59.708526611328125
2017-05-25,59.93706512451172
2017-05-26,60.043724060058594
2017-05-30,60.013248443603516
2017-05-31,59.55617904663086
2017-06-01,59.80757141113281
2017-06-02,60.08942413330078
2017-06-05,59.86088562011719
2017-06-06,60.135128021240234
2017-06-07,59.93706512451172
2017-06-08,60.135128021240234
2017-06-09,59.670440673828125
2017-06-12,59.845645904541016
2017-06-13,60.53887176513672
2017-06-14,60.57695007324219
2017-06-15,60.42460250854492
2017-06-16,60.55412673950195
2017-06-19,60.80549240112305
2017-06-20,60.23038101196289
2017-06-21,60.40866470336914
2017-06-22,60.47841262817383
2017-06-23,60.73417282104492
2017-06-26,60.82719421386719
2017-06-27,60.57918167114258
2017-06-28,60.87371063232422
2017-06-29,60.129634857177734
2017-06-30,60.424171447753906
2017-07-03,60.62567901611328
2017-07-05,60.509422302246094
2017-07-06,59.6878547668457
2017-07-07,59.84285354614258
2017-07-10,60.02113723754883
2017-07-11,59.90487289428711
2017-07-12,60.64119338989258
2017-07-13,60.7729377746582
2017-07-14,61.3387336730957
2017-07-17,60.95896530151367
2017-07-18,60.974449157714844
2017-07-19,61.16048049926758
2017-07-20,61.13722610473633
2017-07-21,61.05197525024414
2017-07-24,61.34648132324219
2017-07-25,61.40849685668945
2017-07-26,61.71852111816406
2017-07-27,61.45500183105469
2017-07-28,61.292236328125
2017-07-31,61.307735443115234
2017-08-01,61.369747161865234
2017-08-02,61.594512939453125
2017-08-03,61.447235107421875
2017-08-04,61.48600387573242
2017-08-07,61.38526153564453
2017-08-08,61.524749755859375
2017-08-09,61.43175506591797
2017-08-10,60.8504638671875
2017-08-11,61.39299392700195
2017-08-14,61.53250503540039
2017-08-15,61.35424041748047
2017-08-16,61.43175506591797
2017-08-17,61.10621643066406
2017-08-18,61.63325881958008
2017-08-21,61.74951934814453
2017-08-22,62.028541564941406
2017-08-23,61.95880126953125
2017-08-24,61.9510383605957
2017-08-25,62.21455383300781
2017-08-28,62.74935531616211
2017-08-29,64.16773986816406
2017-08-30,63.82670974731445
2017-08-31,64.10572052001953
2017-09-01,64.51651763916016
2017-09-05,64.23748779296875
2017-09-06,64.53201293945312
2017-09-07,65.24507141113281
2017-09-08,65.0125503540039
2017-09-11,65.64810943603516
2017-09-12,65.65585327148438
2017-09-13,65.57060241699219
2017-09-14,66.38442993164062
2017-09-15,66.62469482421875
2017-09-18,67.0277328491211
2017-09-19,67.44624328613281
2017-09-20,66.88046264648438
2017-09-21,66.77970886230469
2017-09-22,66.34566497802734
2017-09-25,66.64019775390625
2017-09-26,66.62469482421875
2017-09-27,66.4619369506836
2017-09-28,66.21390533447266
2017-09-29,67.00446319580078
2017-10-02,67.19051361083984
2017-10-03,67.36874389648438
2017-10-04,67.04322814941406
2017-10-05,67.29125213623047
2017-10-06,67.11297607421875
2017-10-09,67.17498779296875
2017-10-10,68.34534454345703
2017-10-11,68.83362579345703
2017-10-12,68.53910827636719
2017-10-13,68.91889190673828
2017-10-16,69.25216674804688
2017-10-17,68.9266357421875
2017-10-18,68.38409423828125
2017-10-19,67.33000183105469
2017-10-20,67.58576202392578
2017-10-23,67.3919906616211
2017-10-24,67.64778900146484
2017-10-25,67.779541015625
2017-10-26,67.64778900146484
2017-10-27,68.51585388183594
2017-10-30,68.30659484863281
2017-10-31,68.63985443115234
2017-11-01,68.36859893798828
2017-11-02,68.12056732177734
2017-11-03,67.93455505371094
2017-11-06,68.57012176513672
2017-11-07,68.33758544921875
2017-11-08,68.5623550415039
2017-11-09,67.8880386352539
2017-11-10,67.07423400878906
2017-11-13,67.46176147460938
2017-11-14,68.22906494140625
2017-11-15,67.7330322265625
2017-11-16,68.43059539794922
2017-11-17,69.31417846679688
2017-11-20,69.91871643066406
2017-11-21,69.84896087646484
2017-11-22,70.01947784423828
2017-11-24,69.3064193725586
2017-11-27,69.04290008544922
2017-11-28,69.77920532226562
2017-11-29,69.43816375732422
2017-11-30,69.46919250488281
2017-12-01,69.51568603515625
2017-12-04,69.29867553710938
2017-12-05,69.19014739990234
2017-12-06,69.33740997314453
2017-12-07,70.06598663330078
2017-12-08,70.22874450683594
2017-12-11,70.3992691040039
2017-12-12,70.03498840332031
2017-12-13,70.72480010986328
2017-12-14,70.74029541015625
2017-12-15,71.10456848144531
2017-12-18,71.17433166503906
2017-12-19,70.78410339355469
2017-12-20,71.26798248291016
2017-12-21,71.54893493652344
2017-12-22,71.650390625
2017-12-26,72.0718002319336
2017-12-27,71.90792083740234
2017-12-28,71.60356903076172
2017-12-29,72.1888656616211
2018-01-02,72.64932250976562
2018-01-03,74.33501434326172
2018-01-04,75.04521942138672
2018-01-05,75.12325286865234
2018-01-08,74.88130187988281
2018-01-09,74.51451110839844
2018-01-10,74.67062377929688
2018-01-11,75.73979949951172
2018-01-12,76.41875457763672
2018-01-16,76.26268005371094
2018-01-17,76.96504974365234
2018-01-18,76.37193298339844
2018-01-19,76.63726806640625
2018-01-22,76.73091888427734
2018-01-23,76.93384552001953
2018-01-24,77.80010986328125
2018-01-25,77.40208435058594
2018-01-26,78.40103149414062
2018-01-29,77.93276977539062
2018-01-30,77.40988159179688
2018-01-31,77.76887512207031
2018-02-01,77.72985076904297
2018-02-02,76.68411254882812
2018-02-05,74.61598205566406
2018-02-06,76.76213836669922
2018-02-07,74.99058532714844
2018-02-08,72.55567169189453
2018-02-09,74.70962524414062
2018-02-12,75.42762756347656
2018-02-13,76.08316802978516
2018-02-14,76.79336547851562
2018-02-15,77.44889068603516
2018-02-16,77.23039245605469
2018-02-20,76.76995849609375
2018-02-21,76.03634643554688
2018-02-22,76.62946319580078
2018-02-23,77.72203826904297
2018-02-26,79.39215850830078
2018-02-27,78.2917709350586
2018-02-28,78.46345520019531
2018-03-01,78.23712921142578
2018-03-02,77.99520111083984
2018-03-05,78.2059097290039
2018-03-06,77.76107788085938
2018-03-07,77.54255676269531
2018-03-08,77.37088012695312
2018-03-09,77.93276977539062
2018-03-12,78.47906494140625
2018-03-13,78.47126007080078
2018-03-14,78.74441528320312
2018-03-15,78.6741714477539
2018-03-16,78.58052062988281
2018-03-19,77.9561767578125
2018-03-20,78.39322662353516
2018-03-21,78.71318054199219
2018-03-22,77.26160430908203
2018-03-23,77.0118637084961
2018-03-26,78.78341674804688
2018-03-27,77.92495727539062
2018-03-28,77.54255676269531
2018-03-29,77.80790710449219
2018-04-02,77.0509033203125
2018-04-03,77.58158874511719
2018-04-04,76.1456069946289
2018-04-05,75.81002044677734
2018-04-06,74.93597412109375
2018-04-09,75.93489074707031
2018-04-10,76.84798431396484
2018-04-11,77.394287109375
2018-04-12,77.26160430908203
2018-04-13,77.21477508544922
2018-04-16,77.40988159179688
2018-04-17,77.10553741455078
2018-04-18,77.76107788085938
2018-04-19,78.05764770507812
2018-04-20,78.04202270507812
2018-04-23,77.53473663330078
2018-04-24,77.18356323242188
2018-04-25,76.62167358398438
2018-04-26,77.00406646728516
2018-04-27,77.12895202636719
2018-04-30,76.06757354736328
2018-05-01,75.59150695800781
2018-05-02,76.18462371826172
2018-05-03,76.74653625488281
2018-05-04,76.72311401367188
2018-05-07,76.0285415649414
2018-05-08,75.15447998046875
2018-05-09,74.32723236083984
2018-05-10,75.04521942138672
2018-05-11,75.69296264648438
2018-05-14,75.88026428222656
2018-05-15,74.41307067871094
2018-05-16,74.41307067871094
2018-05-17,74.05408477783203
2018-05-18,73.6092300415039
2018-05-21,74.65501403808594
2018-05-22,74.74085235595703
2018-05-23,74.6471939086914
2018-05-24,73.49999237060547
2018-05-25,74.19454956054688
2018-05-29,72.39958190917969
2018-05-30,73.31268310546875
2018-05-31,73.40632629394531
2018-06-01,73.09416198730469
2018-06-04,72.82881927490234
2018-06-05,73.43753814697266
2018-06-06,74.32723236083984
2018-06-07,73.38292694091797
2018-06-08,73.12540435791016
2018-06-11,72.94588470458984
2018-06-12,72.95369720458984
2018-06-13,72.27471160888672
2018-06-14,71.44747924804688
2018-06-15,70.6982650756836
2018-06-18,69.16083526611328
2018-06-19,67.52824401855469
2018-06-20,68.20320892333984
2018-06-21,66.75796508789062
2018-06-22,66.94853973388672
2018-06-25,66.17035675048828
2018-06-26,66.2100601196289
2018-06-27,65.4874496459961
2018-06-28,65.24922180175781
2018-06-29,65.32862091064453
2018-07-02,65.42391204833984
2018-07-03,65.94007110595703
2018-07-05,64.74101257324219
2018-07-06,66.22594451904297
2018-07-09,66.5753402709961
2018-07-10,67.31383514404297
2018-07-11,66.55945587158203
2018-07-12,66.93267822265625
2018-07-13,66.84532165527344
2018-07-16,66.03535461425781
2018-07-17,66.4244613647461
2018-07-18,66.8770751953125
2018-07-19,66.97236633300781
2018-07-20,68.57640838623047
2018-07-23,68.28260803222656
2018-07-24,68.49698638916016
2018-07-25,70.06134033203125
2018-07-26,69.79928588867188
2018-07-27,70.22809600830078
2018-07-30,70.3233871459961
2018-07-31,70.8077621459961
2018-08-01,71.4271240234375
2018-08-02,70.56158447265625
2018-08-03,70.72835540771484
2018-08-06,69.54518127441406
2018-08-07,70.4980697631836
2018-08-08,70.9745101928711
2018-08-09,71.01421356201172
2018-08-10,69.64047241210938
2018-08-13,68.91785430908203
2018-08-14,69.5054702758789
2018-08-15,68.31436157226562
2018-08-16,69.0290298461914
2018-08-17,69.77545166015625
2018-08-20,70.82363891601562
2018-08-21,71.24449920654297
2018-08-22,71.61771392822266
2018-08-23,70.83951568603516
2018-08-24,71.95916748046875
2018-08-27,72.65001678466797
2018-08-28,72.47533416748047
2018-08-29,72.6897201538086
2018-08-30,71.32389831542969
2018-08-31,71.7130126953125
2018-09-04,71.1174545288086
2018-09-05,70.2598648071289
2018-09-06,70.37895965576172
2018-09-07,69.91840362548828
2018-09-10,69.91045379638672
2018-09-11,69.8389663696289
2018-09-12,70.30747985839844
2018-09-13,72.87235260009766
2018-09-14,72.23709106445312
2018-09-17,72.41180419921875
2018-09-18,74.02378845214844
2018-09-19,74.96871185302734
2018-09-20,75.34193420410156
2018-09-21,74.865478515625
2018-09-24,74.61137390136719
2018-09-25,74.61932373046875
2018-09-26,74.34140014648438
2018-09-27,74.69078826904297
2018-09-28,74.8813705444336
2018-10-01,75.135498046875
2018-10-02,74.61137390136719
2018-10-03,73.48379516601562
2018-10-04,72.08621978759766
2018-10-05,71.5780029296875
2018-10-08,70.6012954711914
2018-10-09,70.56954193115234
2018-10-10,70.75215911865234
2018-10-11,70.06134033203125
2018-10-12,70.9745101928711
2018-10-15,70.63306427001953
2018-10-16,71.99887084960938
2018-10-17,71.00627136230469
2018-10-18,69.8389663696289
2018-10-19,69.5213623046875
2018-10-22,68.9019775390625
2018-10-23,68.89404296875
2018-10-24,66.50386047363281
2018-10-25,68.52082061767578
2018-10-26,67.27412414550781
2018-10-29,66.71031951904297
2018-10-30,67.58381652832031
2018-10-31,68.84638214111328
2018-11-01,70.38690948486328
2018-11-02,70.08515930175781
2018-11-05,69.90250396728516
2018-11-06,69.92633819580078
2018-11-07,70.76806640625
2018-11-08,69.87870788574219
2018-11-09,68.9416732788086
2018-11-12,67.941162109375
2018-11-13,69.17991638183594
2018-11-14,69.00521087646484
2018-11-15,68.83051300048828
2018-11-16,69.0210952758789
2018-11-19,67.80614471435547
2018-11-20,66.50386047363281
2018-11-21,67.43293762207031
2018-11-23,66.97236633300781
2018-11-26,67.52824401855469
2018-11-27,68.1158447265625
2018-11-28,69.13226318359375
2018-11-29,68.35408020019531
2018-11-30,68.47318267822266
2018-12-03,70.61717987060547
2018-12-04,69.94222259521484
2018-12-06,69.77545166015625
2018-12-07,68.6081771850586
2018-12-10,68.40170288085938
2018-12-11,68.5684585571289
2018-12-12,68.9337387084961
2018-12-13,67.941162109375
2018-12-14,67.44880676269531
2018-12-17,66.5753402709961
2018-12-18,66.81129455566406
2018-12-19,66.01144409179688
2018-12-20,67.07524871826172
2018-12-21,67.02725982666016
2018-12-24,66.63530731201172
2018-12-26,65.93946075439453
2018-12-27,65.38758087158203
2018-12-28,66.08342742919922
2018-12-31,66.23539733886719
2019-01-02,67.28318786621094
2019-01-03,66.33938598632812
2019-01-04,68.45096588134766
2019-01-07,68.79490661621094
2019-01-08,68.86689758300781
2019-01-09,69.0108642578125
2019-01-10,69.29082489013672
2019-01-11,68.88290405273438
2019-01-14,68.32301330566406
2019-01-15,67.8670883178711
2019-01-16,68.8908920288086
2019-01-17,69.05885314941406
2019-01-18,69.21083068847656
2019-01-22,69.2588119506836
2019-01-23,70.49859619140625
2019-01-24,70.94650268554688
2019-01-25,71.32243347167969
2019-01-28,71.0744857788086
2019-01-29,70.99449920654297
2019-01-30,72.4742202758789
2019-01-31,72.7061767578125
2019-02-01,72.6901626586914
2019-02-04,72.91413879394531
2019-02-05,73.4580307006836
2019-02-06,72.83413696289062
2019-02-07,72.89813995361328
2019-02-08,71.91432189941406
2019-02-11,71.51439666748047
2019-02-12,72.14627838134766
2019-02-13,72.21826171875
2019-02-14,72.38623046875
2019-02-15,72.0662841796875
2019-02-19,72.65017700195312
2019-02-20,72.96212005615234
2019-02-21,72.34624481201172
2019-02-22,72.75416564941406
2019-02-25,73.94593048095703
2019-02-26,73.37004089355469
2019-02-27,72.89013671875
2019-02-28,71.67436981201172
2019-03-01,70.56258392333984
2019-03-04,70.05867004394531
2019-03-05,70.77854919433594
2019-03-06,69.97869110107422
2019-03-07,69.85070037841797
2019-03-08,70.06668090820312
2019-03-11,70.65055084228516
2019-03-12,70.63456726074219
2019-03-13,71.11446380615234
2019-03-14,70.506591796875
2019-03-15,70.69055938720703
2019-03-18,70.41060638427734
2019-03-19,70.99449920654297
2019-03-20,71.010498046875
2019-03-21,71.25045013427734
2019-03-22,70.68255615234375
2019-03-25,71.01848602294922
2019-03-26,70.9225082397461
2019-03-27,69.89070129394531
2019-03-28,70.07466125488281
2019-03-29,70.65055084228516
2019-04-01,71.21844482421875
2019-04-02,70.98651123046875
2019-04-03,71.35443878173828
2019-04-04,71.13845825195312
2019-04-05,71.1464614868164
2019-04-08,71.22644805908203
2019-04-09,71.72235107421875
2019-04-10,71.96231079101562
2019-04-11,71.26644134521484
2019-04-12,71.9703140258789
2019-04-15,71.79434204101562
2019-04-16,71.88232421875
2019-04-17,72.4822006225586
2019-04-18,72.73817443847656
2019-04-22,72.49021911621094
2019-04-23,72.42622375488281
2019-04-24,71.67436981201172
2019-04-25,72.04229736328125
2019-04-26,72.10628509521484
2019-04-29,71.91432189941406
2019-04-30,72.45821380615234
2019-05-01,71.8663330078125
2019-05-02,72.04229736328125
2019-05-03,72.99412536621094
2019-05-06,72.36222839355469
2019-05-07,71.42640686035156
2019-05-08,71.18645477294922
2019-05-09,71.010498046875
2019-05-10,71.54638671875
2019-05-13,70.4186019897461
2019-05-14,71.19445037841797
2019-05-15,70.8585205078125
2019-05-16,70.19465637207031
2019-05-17,69.04287719726562
2019-05-20,69.12284851074219
2019-05-21,69.3788070678711
2019-05-22,69.82672882080078
2019-05-23,69.05885314941406
2019-05-24,69.49078369140625
2019-05-28,70.30663299560547
2019-05-29,70.68255615234375
2019-05-30,70.5945816040039
2019-05-31,71.65038299560547
2019-06-03,71.88232421875
2019-06-04,72.46621704101562
2019-06-05,72.49021911621094
2019-06-06,72.89813995361328
2019-06-07,73.33004760742188
2019-06-10,73.37004089355469
2019-06-11,73.80994415283203
2019-06-12,73.54600524902344
2019-06-13,73.71398162841797
2019-06-14,73.3620376586914
2019-06-17,73.36042022705078
2019-06-18,74.9449691772461
2019-06-19,75.66818237304688
2019-06-20,77.0658187866211
2019-06-21,76.64328002929688
2019-06-24,77.01707458496094
2019-06-25,76.8951644897461
2019-06-26,77.04957580566406
2019-06-27,77.5452651977539
2019-06-28,77.67526245117188
2019-07-01,78.1790771484375
2019-07-02,77.8946762084961
2019-07-03,78.18719482421875
2019-07-05,76.7489013671875
2019-07-08,77.07394409179688
2019-07-09,76.7651596069336
2019-07-10,77.81340789794922
2019-07-11,77.19583892822266
2019-07-12,76.48076629638672
2019-07-15,76.42388153076172
2019-07-16,76.13948822021484
2019-07-17,75.92008209228516
2019-07-18,76.74078369140625
2019-07-19,76.37511444091797
2019-07-22,76.27760314941406
2019-07-23,75.79817962646484
2019-07-24,75.90382385253906
2019-07-25,75.37564086914062
2019-07-26,75.38375854492188
2019-07-29,75.38375854492188
2019-07-30,75.00997161865234
2019-07-31,74.75807189941406
2019-08-01,73.6366958618164
2019-08-02,73.93736267089844
2019-08-05,72.42594909667969
2019-08-06,73.49044036865234
2019-08-07,73.37666320800781
2019-08-08,73.39292907714844
2019-08-09,72.4178237915039
2019-08-12,71.75963592529297
2019-08-13,71.16645050048828
2019-08-14,70.2156982421875
2019-08-15,69.76065826416016
2019-08-16,71.288330078125
2019-08-19,71.52395629882812
2019-08-20,71.04456329345703
2019-08-21,71.84087371826172
2019-08-22,71.4752197265625
2019-08-23,71.99527740478516
2019-08-26,71.61334991455078
2019-08-27,71.31271362304688
2019-08-28,71.54022979736328
2019-08-29,72.69408416748047
2019-08-30,73.13289642333984
2019-09-03,72.7834701538086
2019-09-04,73.83985137939453
2019-09-05,74.19737243652344
2019-09-06,74.04300689697266
2019-09-09,74.441162109375
2019-09-10,74.37615203857422
2019-09-11,74.9287109375
2019-09-12,74.7824478149414
2019-09-13,74.65243530273438
2019-09-16,74.2380142211914
2019-09-17,74.36801147460938
2019-09-18,73.57169342041016
2019-09-19,72.89726257324219
2019-09-20,72.70223236083984
2019-09-23,72.490966796875
2019-09-24,72.11715698242188
2019-09-25,72.18216705322266
2019-09-26,72.03590393066406
2019-09-27,72.2471694946289
2019-09-30,72.07653045654297
2019-10-01,71.34519958496094
2019-10-02,71.1014175415039
2019-10-03,71.49960327148438
2019-10-04,71.6296157836914
2019-10-07,71.53208923339844
2019-10-08,71.30458068847656
2019-10-09,71.8652572631836
2019-10-10,71.84087371826172
2019-10-11,72.38530731201172
2019-10-14,72.2634048461914
2019-10-15,72.66971588134766
2019-10-16,73.01101684570312
2019-10-17,72.88911437988281
2019-10-18,72.58845520019531
2019-10-21,72.60472106933594
2019-10-22,72.57219696044922
2019-10-23,72.5965805053711
2019-10-24,72.0196533203125
2019-10-25,71.27206420898438
2019-10-28,71.24768829345703
2019-10-29,70.71138000488281
2019-10-30,71.6458511352539
2019-10-31,71.49960327148438
2019-11-01,71.41020202636719
2019-11-04,72.40968322753906
2019-11-05,72.67784881591797
2019-11-06,72.82411193847656
2019-11-07,73.28729248046875
2019-11-08,73.29542541503906
2019-11-11,72.7834701538086
2019-11-12,72.58845520019531
2019-11-13,72.63720703125
2019-11-14,72.17404174804688
2019-11-15,71.82462310791016
2019-11-18,72.07653045654297
2019-11-19,71.6458511352539
2019-11-20,71.10955810546875
2019-11-21,71.10955810546875
2019-11-22,71.060791015625
2019-11-25,72.23091888427734
2019-11-26,72.2552719116211
2019-11-27,71.99527740478516
2019-11-29,71.05266571044922
2019-12-02,69.87442016601562
2019-12-03,69.71190643310547
2019-12-04,69.75253295898438
2019-12-05,69.67127227783203
2019-12-06,69.20809173583984
2019-12-09,68.92367553710938
2019-12-10,69.28124237060547
2019-12-11,69.76879119873047
2019-12-12,70.56512451171875
2019-12-13,70.58950805664062
2019-12-16,69.69740295410156
2019-12-17,69.77926635742188
2019-12-18,70.45037078857422
2019-12-19,71.04781341552734
2019-12-20,71.18694305419922
2019-12-23,71.37518310546875
2019-12-24,71.03964233398438
2019-12-26,71.39157104492188
2019-12-27,71.20332336425781
2019-12-30,71.2696533203125
2019-12-31,71.74468994140625
2020-01-02,72.58006286621094
2020-01-03,71.60546112060547
2020-01-06,70.86834716796875
2020-01-07,70.7373046875
2020-01-08,70.00019073486328
2020-01-09,70.4752197265625
2020-01-10,71.007568359375
2020-01-13,71.24508666992188
2020-01-14,70.62264251708984
2020-01-15,70.3114242553711
2020-01-16,71.02395629882812
2020-01-17,71.34336853027344
2020-01-21,69.48422241210938
2020-01-22,69.45146942138672
2020-01-23,69.0419692993164
2020-01-24,68.44409942626953
2020-01-27,65.78234100341797
2020-01-28,65.6185302734375
2020-01-29,65.65129852294922
2020-01-30,65.38921356201172
2020-01-31,64.6275405883789
2020-02-03,64.32450103759766
2020-02-04,65.7741470336914
2020-02-05,66.29012298583984
2020-02-06,66.224609375
2020-02-07,65.27454376220703
2020-02-10,65.58576965332031
2020-02-11,65.61033630371094
2020-02-12,66.93714141845703
2020-02-13,65.83966064453125
2020-02-14,65.35646057128906
2020-02-18,65.06980895996094
2020-02-19,64.83229064941406
2020-02-20,63.61195755004883
2020-02-21,63.61195755004883
2020-02-24,60.45063018798828
2020-02-25,60.34415054321289
2020-02-26,57.71515655517578
2020-02-27,58.14102554321289
2020-02-28,57.575923919677734
2020-03-02,58.32121276855469
2020-03-03,59.394107818603516
2020-03-04,59.59068298339844
2020-03-05,58.73072052001953
2020-03-06,57.98542404174805
2020-03-09,51.924800872802734
2020-03-10,54.36542892456055
2020-03-11,52.2769775390625
2020-03-12,43.29250717163086
2020-03-13,45.855987548828125
2020-03-16,40.23762893676758
2020-03-17,45.192596435546875
2020-03-18,41.53984832763672
2020-03-19,42.064002990722656
2020-03-20,44.1524658203125
2020-03-23,41.67088317871094
2020-03-24,42.88301086425781
2020-03-25,45.15983963012695
2020-03-26,47.510372161865234
2020-03-27,44.97146224975586
2020-03-30,46.07711410522461
2020-03-31,47.068111419677734
2020-04-01,44.80766677856445
2020-04-02,46.789649963378906
2020-04-03,46.453861236572266
2020-04-06,49.566070556640625
2020-04-07,49.68892288208008
2020-04-08,50.81914520263672
2020-04-09,49.66435241699219
2020-04-13,51.24502182006836
2020-04-14,52.80933380126953
2020-04-15,50.958377838134766
2020-04-16,49.46779251098633
2020-04-17,52.1868782043457
2020-04-20,52.62095642089844
2020-04-21,51.50710678100586
2020-04-22,52.71104431152344
2020-04-23,52.75199890136719
2020-04-24,52.792945861816406
2020-04-27,53.235206604003906
2020-04-28,53.120540618896484
2020-04-29,54.152496337890625
2020-04-30,53.11235427856445
2020-05-01,51.66272735595703
2020-05-04,52.80933380126953
2020-05-05,53.34986877441406
2020-05-06,53.358055114746094
2020-05-07,52.82569885253906
2020-05-08,53.808509826660156
2020-05-11,54.07059097290039
2020-05-12,54.79950714111328
2020-05-13,54.66846466064453
2020-05-14,54.5701789855957
2020-05-15,53.783935546875
2020-05-18,55.69221878051758
2020-05-19,55.634891510009766
2020-05-20,56.543983459472656
2020-05-21,56.216373443603516
2020-05-22,55.20899963378906
2020-05-26,56.765106201171875
2020-05-27,57.281089782714844
2020-05-28,56.81425476074219
2020-05-29,57.59230041503906
2020-06-01,59.082881927490234
2020-06-02,60.15576934814453
2020-06-03,61.94940185546875
2020-06-04,61.21229934692383
2020-06-05,63.41541290283203
2020-06-08,63.3990364074707
2020-06-09,62.186912536621094
2020-06-10,63.34989929199219
2020-06-11,59.89370346069336
2020-06-12,60.38509750366211
2020-06-15,59.511009216308594
2020-06-16,59.636112213134766
2020-06-17,60.16991424560547
2020-06-18,60.18659973144531
2020-06-19,59.59439468383789
2020-06-22,59.80292510986328
2020-06-23,59.69449234008789
2020-06-24,58.359989166259766
2020-06-25,58.66025161743164
2020-06-26,58.17649841308594
2020-06-29,58.8687744140625
2020-06-30,58.91880798339844
2020-07-01,59.385887145996094
2020-07-02,60.79545974731445
2020-07-06,61.729637145996094
2020-07-07,60.18659973144531
2020-07-08,59.886329650878906
2020-07-09,59.71950149536133
2020-07-10,58.693599700927734
2020-07-13,58.226531982421875
2020-07-14,58.351646423339844
2020-07-15,58.710289001464844
2020-07-16,58.418365478515625
2020-07-17,58.59351348876953
2020-07-20,58.83540725708008
2020-07-21,59.20238494873047
2020-07-22,58.518455505371094
2020-07-23,58.093082427978516
2020-07-24,57.842857360839844
2020-07-27,58.37666320800781
2020-07-28,58.0513801574707
2020-07-29,58.13477325439453
2020-07-30,56.7252082824707
2020-07-31,57.26734161376953
2020-08-03,57.50088882446289
2020-08-04,58.393341064453125
2020-08-05,58.72697448730469
2020-08-06,58.385009765625
2020-08-07,57.742759704589844
2020-08-10,57.70106887817383
2020-08-11,57.75944519042969
2020-08-12,58.535125732421875
2020-08-13,58.96885681152344
2020-08-14,58.30159378051758
2020-08-17,58.14311599731445
2020-08-18,57.984649658203125
2020-08-19,56.35820770263672
2020-08-20,56.22475814819336
2020-08-21,55.62422561645508
2020-08-24,56.52501678466797
2020-08-25,56.883670806884766
2020-08-26,57.359092712402344
2020-08-27,57.05048751831055
2020-08-28,57.65102005004883
2020-08-31,56.93372344970703
2020-09-01,56.53336715698242
2020-09-02,56.29981994628906
2020-09-03,55.48242950439453
2020-09-04,56.09965133666992
2020-09-08,55.43238830566406
2020-09-09,56.14134979248047
2020-09-10,55.257240295410156
2020-09-11,54.923606872558594
2020-09-14,54.8401985168457
2020-09-15,55.549163818359375
2020-09-16,55.724308013916016
2020-09-17,55.54081344604492
2020-09-18,55.29893493652344
2020-09-21,54.67338943481445
2020-09-22,53.70586013793945
2020-09-23,52.846771240234375
2020-09-24,52.47142791748047
2020-09-25,52.296287536621094
2020-09-28,53.197078704833984
2020-09-29,53.15537643432617
2020-09-30,52.32964324951172
2020-10-01,52.704978942871094
2020-10-02,52.087764739990234
2020-10-05,53.10533142089844
2020-10-06,53.41393280029297
2020-10-07,54.15625762939453
2020-10-08,54.75678634643555
2020-10-09,54.506568908691406
2020-10-12,54.49822235107422
2020-10-13,53.97276306152344
2020-10-14,53.53904724121094
2020-10-15,53.04694366455078
2020-10-16,52.51314163208008
2020-10-19,51.4538688659668
2020-10-20,51.578975677490234
2020-10-21,52.388031005859375
2020-10-22,51.81251907348633
2020-10-23,52.22121810913086
2020-10-26,51.62067794799805
2020-10-27,51.70409393310547
2020-10-28,50.79494857788086
2020-10-29,50.928401947021484
2020-10-30,50.878360748291016
2020-11-02,51.528934478759766
2020-11-03,52.68829345703125
2020-11-04,53.16371154785156
2020-11-05,55.32396697998047
2020-11-06,55.02369689941406
2020-11-09,56.64179611206055
2020-11-10,60.67869567871094
2020-11-11,60.49519348144531
2020-11-12,59.511009216308594
2020-11-13,60.32004928588867
2020-11-16,61.262535095214844
2020-11-17,60.59529113769531
2020-11-18,60.895565032958984
2020-11-19,60.937259674072266
2020-11-20,62.071598052978516
2020-11-23,63.29768753051758
2020-11-24,63.03078079223633
2020-11-25,63.956607818603516
2020-11-27,64.33193969726562
2020-11-30,62.73886489868164
2020-12-01,63.73973846435547
2020-12-02,63.56458282470703
2020-12-03,64.76565551757812
2020-12-04,65.56635284423828
2020-12-07,65.7081527709961
2020-12-08,67.05101776123047
2020-12-09,66.5672378540039
2020-12-10,67.17611694335938
2020-12-11,66.60894775390625
2020-12-14,66.08050537109375
2020-12-15,66.9193115234375
2020-12-16,66.84381103515625
2020-12-17,67.62389373779297
2020-12-18,67.23805236816406
2020-12-21,62.985328674316406
2020-12-22,62.92661666870117
2020-12-23,63.111148834228516
2020-12-24,64.83069610595703
2020-12-28,64.57904815673828
2020-12-29,65.43463134765625
2020-12-30,65.07393646240234
2020-12-31,64.64615631103516
2021-01-04,65.56883239746094
2021-01-05,67.942626953125
2021-01-06,67.2044906616211
2021-01-07,67.69099426269531
2021-01-08,68.88208770751953
2021-01-11,67.59872436523438
2021-01-12,68.40397644042969
2021-01-13,68.63883972167969
2021-01-14,68.3284912109375
2021-01-15,67.32191467285156
2021-01-19,66.55021667480469
2021-01-20,67.17094421386719
2021-01-21,67.32191467285156
2021-01-22,66.70960235595703
2021-01-25,66.54183959960938
2021-01-26,67.22126770019531
2021-01-27,65.57723236083984
2021-01-28,65.76176452636719
2021-01-29,64.537109375
2021-02-01,65.6275634765625
2021-02-02,66.05534362792969
2021-02-03,65.71141815185547
2021-02-04,65.64433288574219
2021-02-05,66.81864166259766
2021-02-08,68.0097427368164
2021-02-09,68.3200912475586
2021-02-10,68.16072082519531
2021-02-11,67.36386108398438
2021-02-12,67.4141845703125
2021-02-16,67.52323913574219
2021-02-17,67.48968505859375
2021-02-18,67.27157592773438
2021-02-19,66.9193115234375
2021-02-22,65.77015686035156
2021-02-23,67.2967529296875
2021-02-24,67.1457748413086
2021-02-25,65.99662017822266
2021-02-26,65.33397674560547
2021-03-01,67.4141845703125
2021-03-02,66.85220336914062
2021-03-03,68.06006622314453
2021-03-04,67.78326416015625
2021-03-05,68.58850860595703
2021-03-08,67.7161636352539
2021-03-09,68.24459838867188
2021-03-10,69.30986785888672
2021-03-11,69.82994079589844
2021-03-12,68.93241882324219
2021-03-15,69.00790405273438
2021-03-16,69.00790405273438
2021-03-17,69.66217041015625
2021-03-18,68.14395141601562
2021-03-19,68.75626373291016
2021-03-22,68.73948669433594
2021-03-23,67.48968505859375
2021-03-24,67.78326416015625
2021-03-25,68.16072082519531
2021-03-26,69.30986785888672
2021-03-29,68.99112701416016
2021-03-30,68.26136779785156
2021-03-31,68.97435760498047
2021-04-01,69.15050506591797
2021-04-05,67.87552642822266
2021-04-06,68.23621368408203
2021-04-07,67.04512786865234
2021-04-08,66.83541870117188
2021-04-09,67.08706665039062
2021-04-12,65.83724212646484
2021-04-13,65.88758087158203
2021-04-14,66.72637939453125
2021-04-15,67.34709930419922
2021-04-16,67.31355285644531
2021-04-19,68.01811981201172
2021-04-20,67.74970245361328
2021-04-21,68.27814483642578
2021-04-22,66.71798706054688
2021-04-23,66.2482681274414
2021-04-26,66.39085388183594
2021-04-27,66.45796203613281
2021-04-28,67.45613098144531
2021-04-29,68.36203002929688
2021-04-30,67.7413330078125
2021-05-03,67.60710906982422
2021-05-04,67.48968505859375
2021-05-05,66.85220336914062
2021-05-06,67.7916488647461
2021-05-07,68.72270965576172
2021-05-10,67.85037231445312
2021-05-11,67.80004119873047
2021-05-12,66.14761352539062
2021-05-13,66.2482681274414
2021-05-14,66.768310546875
2021-05-17,65.87920379638672
2021-05-18,66.61732482910156
2021-05-19,66.66765594482422
2021-05-20,66.74314880371094
2021-05-21,65.77015686035156
2021-05-24,66.36568450927734
2021-05-25,66.768310546875
2021-05-26,67.3302993774414
2021-05-27,67.43936157226562
2021-05-28,68.07684326171875
2021-06-01,69.7879867553711
2021-06-02,69.82994079589844
2021-06-03,69.1253433227539
2021-06-04,69.34342193603516
2021-06-07,69.091796875
2021-06-08,68.9491958618164
2021-06-09,69.41053771972656
2021-06-10,69.88677978515625
2021-06-11,70.24459838867188
2021-06-14,70.06568908691406
2021-06-15,69.1796646118164
2021-06-16,69.09445190429688
2021-06-17,69.000732421875
2021-06-18,68.27655792236328
2021-06-21,67.97838592529297
2021-06-22,67.50127410888672
2021-06-23,67.00713348388672
2021-06-24,66.8282241821289
2021-06-25,66.86231231689453
2021-06-28,66.36815643310547
2021-06-29,66.79413604736328
2021-06-30,66.41927337646484
2021-07-01,66.12110900878906
2021-07-02,66.04440307617188
2021-07-06,65.46508026123047
2021-07-07,64.92833709716797
2021-07-08,63.33516311645508
2021-07-09,64.1104507446289
2021-07-12,63.701507568359375
2021-07-13,64.15304565429688
2021-07-14,64.41716003417969
2021-07-15,63.7696533203125
2021-07-16,63.744102478027344
2021-07-19,62.883609771728516
2021-07-20,62.6280403137207
2021-07-21,63.002891540527344
2021-07-22,62.94325256347656
2021-07-23,62.43206787109375
2021-07-26,62.15092849731445
2021-07-27,62.389488220214844
2021-07-28,62.65359115600586
2021-07-29,62.57691955566406
2021-07-30,62.2872428894043
2021-08-02,61.8442268371582
2021-08-03,62.57691955566406
2021-08-04,62.09129333496094
2021-08-05,61.62270736694336
2021-08-06,60.83890151977539
2021-08-09,61.30748748779297
2021-08-10,61.494911193847656
2021-08-11,62.09981155395508
2021-08-12,61.69939041137695
2021-08-13,61.69939041137695
2021-08-16,61.74198913574219
2021-08-17,62.0401725769043
2021-08-18,61.98904800415039
2021-08-19,62.014617919921875
2021-08-20,62.51726150512695
2021-08-23,63.93153381347656
2021-08-24,65.03909301757812
2021-08-25,65.3884048461914
2021-08-26,65.70362854003906
2021-08-27,66.8197021484375
2021-08-30,67.50127410888672
2021-08-31,67.74833679199219
2021-09-01,67.67168426513672
2021-09-02,67.74833679199219
2021-09-03,68.04653930664062
2021-09-07,66.95601654052734
2021-09-08,66.5811538696289
2021-09-09,66.44483947753906
2021-09-10,66.41075897216797
2021-09-13,66.47039031982422
2021-09-14,65.85697174072266
2021-09-15,66.46187591552734
2021-09-16,66.14665985107422
2021-09-17,65.20095825195312
2021-09-20,64.12748718261719
2021-09-21,64.63867950439453
2021-09-22,64.75794219970703
2021-09-23,65.18392181396484
2021-09-24,64.84313201904297
2021-09-27,64.62163543701172
2021-09-28,63.55666732788086
2021-09-29,63.10512924194336
2021-09-30,63.565189361572266
2021-10-01,63.854862213134766
2021-10-04,63.67595672607422
2021-10-05,64.4001235961914
2021-10-06,64.26380157470703
2021-10-07,64.63867950439453
2021-10-08,64.93685150146484
2021-10-11,65.05612182617188
2021-10-12,65.94216918945312
2021-10-13,66.74302673339844
2021-10-14,66.37669372558594
2021-10-15,66.04440307617188
2021-10-18,65.8399429321289
2021-10-19,65.8740234375
2021-10-20,66.04440307617188
2021-10-21,66.18924713134766
2021-10-22,66.24037170410156
2021-10-25,66.30000305175781
2021-10-26,65.77176666259766
2021-10-27,65.59286499023438
2021-10-28,65.92513275146484
2021-10-29,65.27765655517578
2021-11-01,65.1242904663086
2021-11-02,65.32024383544922
2021-11-03,65.02205657958984
2021-11-04,64.99649810791016
2021-11-05,65.23503875732422
2021-11-08,66.13813781738281
2021-11-09,66.24888610839844
2021-11-10,65.8740234375
2021-11-11,66.6578369140625
2021-11-12,66.98157501220703
2021-11-15,66.99008178710938
2021-11-16,67.11788940429688
2021-11-17,67.45868682861328
2021-11-18,67.33940124511719
2021-11-19,66.49596405029297
2021-11-22,66.34260559082031
2021-11-23,66.24888610839844
2021-11-24,65.64399719238281
2021-11-26,63.071048736572266
2021-11-29,62.04869079589844
2021-11-30,62.08277893066406
2021-12-01,62.47467041015625
2021-12-02,62.42355728149414
2021-12-03,62.2446403503418
2021-12-06,62.312808990478516
2021-12-07,64.3149185180664
2021-12-08,64.6812744140625
2021-12-09,63.82078170776367
2021-12-10,63.95709991455078
2021-12-13,64.2027359008789
2021-12-14,64.39302062988281
2021-12-15,64.26327514648438
2021-12-16,65.05034637451172
2021-12-17,64.77357482910156
2021-12-20,63.43294906616211
2021-12-21,63.84811782836914
2021-12-22,64.09030151367188
2021-12-23,64.78221893310547
2021-12-27,65.0071029663086
2021-12-28,64.88601684570312
2021-12-29,65.44821166992188
2021-12-30,66.22662353515625
2021-12-31,65.85472869873047
2022-01-03,66.02770233154297
2022-01-04,66.39097595214844
2022-01-05,66.77151489257812
2022-01-06,65.33577728271484
2022-01-07,65.27523803710938
2022-01-10,64.89466857910156
2022-01-11,66.48611450195312
2022-01-12,67.03966522216797
2022-01-13,66.22662353515625
2022-01-14,66.33906555175781
2022-01-18,65.82010650634766
2022-01-19,66.07959747314453
2022-01-20,66.4342041015625
2022-01-21,66.01905822753906
2022-01-24,65.36173248291016
2022-01-25,65.65579986572266
2022-01-26,64.87736511230469
2022-01-27,64.82546997070312
2022-01-28,64.98979949951172
2022-01-31,66.23529052734375
2022-02-01,66.53800201416016
2022-02-02,66.73694610595703
2022-02-03,66.66773986816406
2022-02-04,67.212646484375
2022-02-07,67.61914825439453
2022-02-08,68.13809967041016
2022-02-09,69.30573272705078
2022-02-10,68.752197265625
2022-02-11,68.36297607421875
2022-02-14,68.77813720703125
2022-02-15,69.95442962646484
2022-02-16,70.30904388427734
2022-02-17,70.36959075927734
2022-02-18,70.20523834228516
2022-02-22,68.95111083984375
2022-02-23,69.40953063964844
2022-02-24,68.2851333618164
2022-02-25,69.45276641845703
2022-02-28,69.1500473022461
2022-03-01,68.77813720703125
2022-03-02,69.71224212646484
2022-03-03,69.3316879272461
2022-03-04,68.67434692382812
2022-03-07,65.46550750732422
2022-03-08,65.2060317993164
2022-03-09,66.46881103515625
2022-03-10,65.91526794433594
2022-03-11,65.84606170654297
2022-03-14,65.81147003173828
2022-03-15,66.00174713134766
2022-03-16,67.64510345458984
2022-03-17,67.97377014160156
2022-03-18,67.7315902709961
2022-03-21,66.61585235595703
2022-03-22,66.84937286376953
2022-03-23,66.23529052734375
2022-03-24,66.9185791015625
2022-03-25,66.5466537475586
2022-03-28,66.46881103515625
2022-03-29,67.36832427978516
2022-03-30,67.79212951660156
2022-03-31,67.45481872558594
2022-04-01,67.54131317138672
2022-04-04,67.80077362060547
2022-04-05,66.97911071777344
2022-04-06,66.52936553955078
2022-04-07,66.48611450195312
2022-04-08,66.39962768554688
2022-04-11,66.04499816894531
2022-04-12,66.18339538574219
2022-04-13,66.49475860595703
2022-04-14,66.00174713134766
2022-04-18,65.93255615234375
2022-04-19,65.86337280273438
2022-04-20,65.76823425292969
2022-04-21,65.52606201171875
2022-04-22,65.45685577392578
2022-04-25,65.11955261230469
2022-04-26,63.727027893066406
2022-04-27,64.04705047607422
2022-04-28,64.34112548828125
2022-04-29,64.41030883789062
2022-05-02,63.83946228027344
2022-05-03,64.133544921875
2022-05-04,65.37037658691406
2022-05-05,63.57134246826172
2022-05-06,63.40701675415039
2022-05-09,61.78961181640625
2022-05-10,62.48155212402344
2022-05-11,61.67716598510742
2022-05-12,61.3398551940918
2022-05-13,62.144229888916016
2022-05-16,62.1096305847168
2022-05-17,63.50215148925781
2022-05-18,63.04374694824219
2022-05-19,63.86540603637695
2022-05-20,63.960548400878906
2022-05-23,65.18873596191406
2022-05-24,64.92060852050781
2022-05-25,64.57465362548828
2022-05-26,65.2665786743164
2022-05-27,65.50010681152344
2022-05-31,65.61254119873047
2022-06-01,65.43955993652344
2022-06-02,65.7249755859375
2022-06-03,65.04170227050781
2022-06-06,64.7130355834961
2022-06-07,64.5400619506836
2022-06-08,64.21138000488281
2022-06-09,63.65642547607422
2022-06-10,62.97044372558594
2022-06-13,61.624847412109375
2022-06-14,61.81833267211914
2022-06-15,62.29324722290039
2022-06-16,60.19129943847656
2022-06-17,59.628440856933594
2022-06-21,60.41995620727539
2022-06-22,60.041778564453125
2022-06-23,59.77794647216797
2022-06-24,60.5343017578125
2022-06-27,60.745365142822266
2022-06-28,61.27304458618164
2022-06-29,61.141136169433594
2022-06-30,60.604644775390625
2022-07-01,60.30563735961914
2022-07-05,58.44114303588867
2022-07-06,58.282833099365234
2022-07-07,59.73397445678711
2022-07-08,59.76035690307617
2022-07-11,58.74016571044922
2022-07-12,58.58185958862305
2022-07-13,58.54668045043945
2022-07-14,57.62322998046875
2022-07-15,57.77273941040039
2022-07-18,57.57046890258789
2022-07-19,57.807926177978516
2022-07-20,57.49131393432617
2022-07-21,57.895870208740234
2022-07-22,58.054176330566406
2022-07-25,58.4851188659668
2022-07-26,57.781532287597656
2022-07-27,59.25027084350586
2022-07-28,59.989017486572266
2022-07-29,60.33201599121094
2022-08-01,60.507911682128906
2022-08-02,60.25286865234375
2022-08-03,60.46393585205078
2022-08-04,61.211490631103516
2022-08-05,61.19390106201172
2022-08-08,61.86229705810547
2022-08-09,62.548301696777344
2022-08-10,63.25187301635742
2022-08-11,63.09355545043945
2022-08-12,63.559696197509766
2022-08-15,62.93525695800781
2022-08-16,63.26946258544922
2022-08-17,63.26066970825195
2022-08-18,62.74177169799805
2022-08-19,62.117347717285156
2022-08-22,61.09715270996094
2022-08-23,62.17012405395508
2022-08-24,62.35481262207031
2022-08-25,63.27827072143555
2022-08-26,62.046993255615234
2022-08-29,61.440155029296875
2022-08-30,61.42256546020508
2022-08-31,61.431358337402344
2022-09-01,60.76295852661133
2022-09-02,60.78055191040039
2022-09-06,61.04438781738281
2022-09-07,61.6864013671875
2022-09-08,61.906272888183594
2022-09-09,62.52190017700195
2022-09-12,63.48052978515625
2022-09-13,61.60725784301758
2022-09-14,62.08216094970703
2022-09-15,60.745365142822266
2022-09-16,60.48152542114258
2022-09-19,60.824520111083984
2022-09-20,60.30563735961914
2022-09-21,59.86589431762695
2022-09-22,60.1473274230957
2022-09-23,58.98642349243164
2022-09-26,58.080562591552734
2022-09-27,57.99260711669922
2022-09-28,58.58185958862305
2022-09-29,57.324214935302734
2022-09-30,57.157108306884766
2022-10-03,56.69098663330078
2022-10-04,57.948631286621094
2022-10-05,57.72876739501953
2022-10-06,58.080562591552734
2022-10-07,57.016395568847656
2022-10-10,56.435935974121094
2022-10-11,55.86427688598633
2022-10-12,56.33919143676758
2022-10-13,56.16330337524414
2022-10-14,55.327796936035156
2022-10-17,56.726165771484375
2022-10-18,56.822906494140625
2022-10-19,56.48871612548828
2022-10-20,57.18349075317383
2022-10-21,57.860687255859375
2022-10-24,57.41215896606445
2022-10-25,58.12452697753906
2022-10-26,58.51150131225586
2022-10-27,58.44114303588867
2022-10-28,58.6522216796875
2022-10-31,58.4851188659668
2022-11-01,59.51410675048828
2022-11-02,59.02159118652344
2022-11-03,59.083160400390625
2022-11-04,60.48152542114258
2022-11-07,60.1649169921875
2022-11-08,61.26426315307617
2022-11-09,60.43754959106445
2022-11-10,63.13754653930664
2022-11-11,63.65642547607422
2022-11-14,63.29584503173828
2022-11-15,63.594871520996094
2022-11-16,62.42516326904297
2022-11-17,62.187705993652344
2022-11-18,62.37240219116211
2022-11-21,61.73038101196289
2022-11-22,62.29324722290039
2022-11-23,62.530704498291016
2022-11-25,62.50431442260742
2022-11-28,62.39878463745117
2022-11-29,63.33981704711914
2022-11-30,64.68543243408203
2022-12-01,65.54729461669922
2022-12-02,65.52092742919922
2022-12-05,64.68543243408203
2022-12-06,64.37759399414062
2022-12-07,64.50952911376953
2022-12-08,64.89649200439453
2022-12-09,64.60627746582031
2022-12-12,64.59746551513672
2022-12-13,65.67462158203125
2022-12-14,65.73667907714844
2022-12-15,63.812889099121094
2022-12-16,64.58417510986328
2022-12-19,64.39799499511719
2022-12-20,64.17636108398438
2022-12-21,64.6639633178711
2022-12-22,63.86608123779297
2022-12-23,64.39799499511719
2022-12-27,66.1533432006836
2022-12-28,65.68347930908203
2022-12-29,67.13740539550781
2022-12-30,66.65867614746094
2023-01-03,67.45655059814453
2023-01-04,69.00798034667969
2023-01-05,67.89096069335938
2023-01-06,69.54878234863281
2023-01-09,70.41758728027344
2023-01-10,70.51510620117188
2023-01-11,70.15161895751953
2023-01-12,70.98497009277344
2023-01-13,71.11795043945312
2023-01-17,70.54170227050781
2023-01-18,70.5505599975586
2023-01-19,71.10021209716797
2023-01-20,71.44596862792969
2023-01-23,71.54347229003906
2023-01-24,71.43709564208984
2023-01-25,71.36617279052734
2023-01-26,70.8697280883789
2023-01-27,70.94062805175781
2023-01-30,70.84312438964844
2023-01-31,70.59488677978516
2023-02-01,71.3395767211914
2023-02-02,70.55941772460938
2023-02-03,69.53104400634766
2023-02-06,68.52925872802734
2023-02-07,68.99026489257812
2023-02-08,68.52925872802734
2023-02-09,68.0948486328125
2023-02-10,67.87322235107422
2023-02-13,67.84661865234375
2023-02-14,67.28810119628906
2023-02-15,66.27745819091797
2023-02-16,66.51681518554688
2023-02-17,66.20653533935547
2023-02-21,66.10015106201172
2023-02-22,65.84304809570312
2023-02-23,65.50617218017578
2023-02-24,64.00791931152344
2023-02-27,63.928131103515625
2023-02-28,63.03273391723633
2023-03-01,63.812889099121094
2023-03-02,63.90154266357422
2023-03-03,64.30934143066406
2023-03-06,64.06998443603516
2023-03-07,63.25437545776367
2023-03-08,63.484867095947266
2023-03-09,63.2454948425293
2023-03-10,63.15684509277344
2023-03-13,62.72245407104492
2023-03-14,61.13554382324219
2023-03-15,61.96889114379883
2023-03-16,62.545143127441406
2023-03-17,62.855430603027344
2023-03-20,63.2011833190918
2023-03-21,63.46713638305664
2023-03-22,63.82175064086914
2023-03-23,64.77033996582031
2023-03-24,64.46005249023438
2023-03-27,64.16748809814453
2023-03-28,65.1692886352539
2023-03-29,65.01856994628906
2023-03-30,64.98312377929688
2023-03-31,65.0274429321289
2023-04-03,64.93879699707031
2023-04-04,65.07176971435547
2023-04-05,63.99906539916992
2023-04-06,64.00791931152344
2023-04-10,64.34481048583984
2023-04-11,64.6639633178711
2023-04-12,64.44232940673828
2023-04-13,65.17815399169922
2023-04-14,64.31822204589844
2023-04-17,64.40687561035156
2023-04-18,64.39799499511719
2023-04-19,63.75969314575195
2023-04-20,63.218894958496094
2023-04-21,62.78451156616211
2023-04-24,63.06820297241211
2023-04-25,62.039825439453125
2023-04-26,62.73130798339844
2023-04-27,62.952945709228516
2023-04-28,62.819969177246094
2023-05-01,62.456485748291016
2023-05-02,62.686981201171875
2023-05-03,63.05047607421875
2023-05-04,63.671043395996094
2023-05-05,63.95473098754883
2023-05-08,64.43345642089844
2023-05-09,65.10723114013672
2023-05-10,65.47071075439453
2023-05-11,64.51325225830078
2023-05-12,63.98133087158203
2023-05-15,63.937015533447266
2023-05-16,62.890892028808594
2023-05-17,61.94230270385742
2023-05-18,61.640872955322266
2023-05-19,61.171016693115234
2023-05-22,61.72066879272461
2023-05-23,61.392642974853516
2023-05-24,61.23306655883789
2023-05-25,60.949378967285156
2023-05-26,61.13554382324219
2023-05-30,60.8873291015625
2023-05-31,60.61249542236328
2023-06-01,60.80752182006836
2023-06-02,61.17987060546875
2023-06-05,60.94050979614258
2023-06-06,60.665687561035156
2023-06-07,60.779388427734375
2023-06-08,62.33158874511719
2023-06-09,62.32256317138672
2023-06-12,61.92549133300781
2023-06-13,62.45792770385742
2023-06-14,62.39475631713867
2023-06-15,62.62036895751953
2023-06-16,62.196224212646484
2023-06-20,61.17646026611328
2023-06-21,60.37329864501953
2023-06-22,59.624263763427734
2023-06-23,59.23621368408203
2023-06-26,58.333778381347656
2023-06-27,58.12621307373047
2023-06-28,57.26889419555664
2023-06-29,57.79231262207031
2023-06-30,59.3625602722168
2023-07-03,59.88597106933594
2023-07-05,60.03036117553711
2023-07-06,58.53230667114258
2023-07-07,59.12792205810547
2023-07-10,59.497928619384766
2023-07-11,59.84084701538086
2023-07-12,60.3642692565918
2023-07-13,60.54475021362305
2023-07-14,60.779388427734375
2023-07-17,61.483299255371094
2023-07-18,62.602325439453125
2023-07-19,62.692569732666016
2023-07-20,61.60963439941406
2023-07-21,61.781097412109375
2023-07-24,61.528419494628906
2023-07-25,61.86232376098633
2023-07-26,62.08792495727539
2023-07-27,62.286460876464844
2023-07-28,63.11671829223633
2023-07-31,63.83866500854492
2023-08-01,63.18891143798828
2023-08-02,62.29548263549805
2023-08-03,61.5103645324707
2023-08-04,61.51939010620117
2023-08-07,61.212562561035156
2023-08-08,60.1296272277832
2023-08-09,60.41840744018555
2023-08-10,60.707191467285156
2023-08-11,60.797447204589844
2023-08-14,60.84255599975586
2023-08-15,59.79573059082031
2023-08-16,59.434757232666016
2023-08-17,59.82280349731445
2023-08-18,59.94914627075195
2023-08-21,60.68914794921875
2023-08-22,61.708900451660156
2023-08-23,62.412811279296875
2023-08-24,62.069889068603516
2023-08-25,62.46696090698242
2023-08-28,62.286460876464844
2023-08-29,63.05354690551758
2023-08-30,63.161834716796875
2023-08-31,62.30451583862305
2023-09-01,62.124019622802734
2023-09-05,60.770362854003906
2023-09-06,60.81548309326172
2023-09-07,60.707191467285156
2023-09-08,60.54475021362305
2023-09-11,60.86061096191406
2023-09-12,60.6349983215332
2023-09-13,60.17475891113281
2023-09-14,60.37329864501953
2023-09-15,60.2469482421875
2023-09-18,59.94914627075195
2023-09-19,58.89329528808594
2023-09-20,58.00889587402344
2023-09-21,58.153289794921875
2023-09-22,58.97450637817383
2023-09-25,58.270606994628906
2023-09-26,57.332069396972656
2023-09-27,57.025238037109375
2023-09-28,56.79962158203125
2023-09-29,56.39352798461914
2023-10-02,55.77083969116211
2023-10-03,54.77816390991211
2023-10-04,55.28352737426758
2023-10-05,55.43694305419922
2023-10-06,55.121089935302734
2023-10-09,54.823280334472656
2023-10-10,55.36474609375
2023-10-11,56.528892517089844
2023-10-12,56.04157638549805
2023-10-13,56.21303939819336
2023-10-16,55.671573638916016
2023-10-17,55.590354919433594
2023-10-18,55.68962097167969
2023-10-19,55.130104064941406
2023-10-20,53.73133087158203
2023-10-23,53.776451110839844
2023-10-24,54.633766174316406
2023-10-25,54.525474548339844
2023-10-26,53.3523063659668
2023-10-27,54.06523513793945
2023-10-30,54.9766960144043
2023-10-31,53.9930419921875
2023-11-01,54.3720588684082
2023-11-02,55.62644958496094
2023-11-03,57.29596710205078
2023-11-06,56.65523147583008
2023-11-07,56.16792297363281
2023-11-08,56.249141693115234
2023-11-09,55.36474609375
2023-11-10,54.71499252319336
2023-11-13,54.525474548339844
2023-11-14,55.924259185791016
2023-11-15,56.43865203857422
2023-11-16,56.70938491821289
2023-11-17,56.83572769165039
2023-11-20,57.08840560913086
2023-11-21,57.214752197265625
2023-11-22,56.6281623840332
2023-11-24,55.8520622253418
2023-11-27,56.19499588012695
2023-11-28,57.178653717041016
2023-11-29,56.25815963745117
2023-11-30,55.012794494628906
2023-12-01,56.11376953125
2023-12-04,55.41889190673828
2023-12-05,55.238399505615234
2023-12-06,55.53620910644531
2023-12-07,55.51816177368164
2023-12-08,54.76913070678711
2023-12-11,54.75108337402344
2023-12-12,54.290836334228516
2023-12-13,54.65182113647461
2023-12-14,56.05059814453125
2023-12-15,56.28523254394531
2023-12-18,56.366451263427734
2023-12-19,56.65523147583008
2023-12-20,56.263057708740234
2023-12-21,57.22981643676758
2023-12-22,57.54902267456055
2023-12-26,57.950313568115234
2023-12-27,58.324249267578125
2023-12-28,58.50665283203125
2023-12-29,58.242164611816406
2024-01-02,58.80762481689453
2024-01-03,58.57962417602539
2024-01-04,58.39720916748047
2024-01-05,58.21480941772461
2024-01-08,57.51253890991211
2024-01-09,56.892364501953125
2024-01-10,56.78291320800781
2024-01-11,56.5184326171875
2024-01-12,57.11125183105469
2024-01-16,55.50607681274414
2024-01-17,54.283958435058594
2024-01-18,54.39339828491211
2024-01-19,54.64876937866211
2024-01-22,54.04682922363281
2024-01-23,53.49961471557617
2024-01-24,54.53932571411133
2024-01-25,54.39339828491211
2024-01-26,54.43899917602539
2024-01-29,54.949737548828125
2024-01-30,54.876773834228516
2024-01-31,54.22011947631836
2024-02-01,54.71261978149414
2024-02-02,55.013587951660156
2024-02-05,54.56669235229492
2024-02-06,55.642879486083984
2024-02-07,55.56991958618164
2024-02-08,54.41164779663086
2024-02-09,54.521087646484375
2024-02-12,54.73997497558594
2024-02-13,53.87354278564453
2024-02-14,54.05595397949219
2024-02-15,54.329559326171875
2024-02-16,54.2292366027832
2024-02-20,54.18363571166992
2024-02-21,55.00446701049805
2024-02-22,55.460479736328125
2024-02-23,55.19599151611328
2024-02-26,55.314552307128906
2024-02-27,54.90414047241211
2024-02-28,54.2930793762207
2024-02-29,53.84618377685547
2024-03-01,54.20187759399414
2024-03-04,53.946510314941406
2024-03-05,53.709381103515625
2024-03-06,54.86766052246094
2024-03-07,55.04093933105469
2024-03-08,55.36015701293945
2024-03-11,55.141265869140625
2024-03-12,54.89501953125
2024-03-13,55.159507751464844
2024-03-14,55.25071334838867
2024-03-15,54.79469680786133
2024-03-18,54.703495025634766
2024-03-19,54.54845428466797
2024-03-20,54.42076110839844
2024-03-21,54.274837493896484
2024-03-22,53.79146194458008
2024-03-25,53.654659271240234
2024-03-26,53.627296447753906
2024-03-27,53.964752197265625
2024-03-28,53.271610260009766
2024-04-01,53.15304183959961
2024-04-02,53.32632827758789
2024-04-03,53.50873565673828
2024-04-04,52.95240020751953
2024-04-05,53.80058670043945
2024-04-08,53.536094665527344
2024-04-09,54.86766052246094
2024-04-10,54.10155487060547
2024-04-11,54.594051361083984
2024-04-12,53.782344818115234
2024-04-15,53.7458610534668
2024-04-16,53.44489288330078
2024-04-17,52.68790817260742
2024-04-18,52.47814178466797
2024-04-19,51.62083435058594
2024-04-22,52.00388717651367
2024-04-23,52.93415451049805
2024-04-24,52.62406921386719
2024-04-25,52.52374267578125
2024-04-26,52.66054916381836
2024-04-29,52.76999282836914
2024-04-30,52.42341995239258
2024-05-01,52.55110168457031
2024-05-02,53.271610260009766
2024-05-03,53.97386932373047
2024-05-06,53.97386932373047
2024-05-07,53.910030364990234
2024-05-08,53.34457015991211
2024-05-09,53.76410675048828
2024-05-10,53.51785659790039
2024-05-13,53.718505859375
2024-05-14,54.375160217285156
2024-05-15,54.63052749633789
2024-05-16,54.60316848754883
2024-05-17,55.205108642578125
2024-05-20,54.949737548828125
2024-05-21,54.0650749206543
2024-05-22,53.89178466796875
2024-05-23,53.1165657043457
2024-05-24,53.4904899597168
2024-05-28,53.408416748046875
2024-05-29,52.60582733154297
2024-05-30,52.76999282836914
2024-05-31,52.48726272583008
2024-06-03,52.824710845947266
2024-06-04,52.277496337890625
2024-06-05,52.60582733154297
2024-06-06,52.24101257324219
2024-06-07,51.575233459472656
2024-06-10,51.274261474609375
2024-06-11,51.318946838378906
2024-06-12,51.7564582824707
2024-06-13,51.14208221435547
2024-06-14,50.974525451660156
2024-06-17,50.51839828491211
2024-06-18,50.75111389160156
2024-06-20,50.24844741821289
2024-06-21,50.67664337158203
2024-06-24,51.216548919677734
2024-06-25,51.3654899597168
2024-06-26,50.993141174316406
2024-06-27,50.83489227294922
2024-06-28,50.50908660888672
2024-07-01,50.499778747558594
2024-07-02,50.17397689819336
2024-07-03,50.602176666259766
2024-07-05,51.495811462402344
2024-07-08,51.663368225097656
2024-07-09,51.588897705078125
2024-07-10,52.09157180786133
2024-07-11,52.49184799194336
2024-07-12,52.93865966796875
2024-07-15,52.49184799194336
2024-07-16,52.529075622558594
2024-07-17,52.473228454589844
2024-07-18,52.31498336791992
2024-07-19,51.6540641784668
2024-07-22,51.7936897277832
2024-07-23,51.533050537109375
2024-07-24,51.12346267700195
2024-07-25,50.96521759033203
2024-07-26,51.94263458251953
2024-07-29,51.92401123046875
2024-07-30,51.886783599853516
2024-07-31,53.15276336669922
2024-08-01,52.659400939941406
2024-08-02,52.640785217285156
2024-08-05,51.281715393066406
2024-08-06,51.151390075683594
2024-08-07,51.22585678100586
2024-08-08,52.73387145996094
2024-08-09,52.46392059326172
2024-08-12,52.594242095947266
2024-08-13,53.05036926269531
2024-08-14,52.49184799194336
2024-08-15,52.603546142578125
2024-08-16,53.7485237121582
2024-08-19,55.09828186035156
2024-08-20,55.61026382446289
2024-08-21,56.03846740722656
2024-08-22,55.40547180175781
2024-08-23,57.31376266479492
2024-08-26,57.43477249145508
2024-08-27,57.472007751464844
2024-08-28,57.48131561279297
2024-08-29,57.40684509277344
2024-08-30,57.29513931274414
2024-09-03,56.78316116333008
2024-09-04,57.35099411010742
2024-09-05,59.92020034790039
2024-09-06,61.11172103881836
2024-09-09,60.916236877441406
2024-09-10,61.05585861206055
2024-09-11,60.441490173339844
2024-09-12,61.204803466796875
2024-09-13,61.567840576171875
2024-09-16,62.144981384277344
2024-09-17,61.837799072265625
2024-09-18,61.80986785888672
2024-09-19,63.029300689697266
2024-09-20,63.38303756713867
2024-09-23,63.28065490722656
2024-09-24,64.88174438476562
2024-09-25,64.58386993408203
2024-09-26,64.86312866210938
2024-09-27,64.7700424194336
2024-09-30,64.49078369140625
2024-10-01,64.79796600341797
2024-10-02,63.46682357788086
2024-10-03,62.60111618041992
2024-10-04,62.41493606567383
2024-10-07,62.38700866699219
2024-10-08,62.38700866699219
2024-10-09,62.74074172973633
2024-10-10,63.168941497802734
2024-10-11,63.895023345947266
2024-10-14,63.7460823059082
2024-10-15,63.01069641113281
2024-10-16,64.09981536865234
2024-10-17,64.4070053100586
2024-10-18,64.5373306274414
2024-10-21,63.615753173828125
2024-10-22,62.815216064453125
2024-10-23,62.06119918823242
2024-10-24,61.78194808959961
2024-10-25,61.875030517578125
2024-10-28,61.28857421875
2024-10-29,61.25135040283203
2024-10-30,60.77659606933594
2024-10-31,61.623695373535156
2024-11-01,61.28857421875
2024-11-04,61.75400924682617
2024-11-05,62.88967514038086
2024-11-06,60.64628219604492
2024-11-07,61.484066009521484
2024-11-08,60.488037109375
2024-11-11,59.02656555175781
2024-11-12,58.22601318359375
2024-11-13,58.291175842285156
2024-11-14,57.91883087158203
2024-11-15,58.05845642089844
2024-11-18,59.04518127441406
2024-11-19,59.71540832519531
2024-11-20,59.05448913574219
2024-11-21,58.80315017700195
2024-11-22,59.41753387451172
2024-11-25,59.08241271972656
2024-11-26,58.45873260498047
2024-11-27,58.430809020996094
2024-11-29,59.02656555175781
2024-12-02,58.8590087890625
2024-12-03,59.836421966552734
2024-12-04,60.03190231323242
2024-12-05,60.292545318603516
2024-12-06,60.16222381591797
2024-12-09,60.39494323730469
2024-12-10,60.60905075073242
2024-12-11,60.16222381591797
2024-12-12,59.58509063720703
2024-12-13,58.896236419677734
2024-12-16,58.616981506347656
2024-12-17,57.105472564697266
2024-12-18,56.08775329589844
2024-12-19,55.54119873046875
2024-12-20,55.899288177490234
2024-12-23,56.445838928222656
2024-12-24,57.35048294067383
2024-12-26,57.36933135986328
2024-12-27,57.604915618896484
2024-12-30,57.22797775268555
2024-12-31,56.9547004699707
2025-01-02,56.0500602722168
2025-01-03,56.229103088378906
2025-01-06,55.5600471496582
2025-01-07,56.191410064697266
2025-01-08,55.880435943603516
2025-01-10,54.70252227783203
2025-01-13,54.448089599609375
2025-01-14,54.099430084228516
2025-01-15,55.1359977722168
2025-01-16,54.749637603759766
2025-01-17,54.60829162597656
2025-01-21,55.83332061767578
2025-01-22,56.181983947753906
2025-01-23,55.371578216552734
2025-01-24,56.445838928222656
2025-01-27,55.58831787109375
2025-01-28,55.87101364135742
2025-01-29,55.55062484741211
2025-01-30,55.87101364135742
2025-01-31,54.25020217895508
2025-02-03,54.06173324584961
2025-02-04,54.43866729736328
2025-02-05,53.77903366088867
2025-02-06,52.40322494506836
2025-02-07,52.88381576538086
2025-02-10,52.81785202026367
2025-02-11,53.27959442138672
2025-02-12,53.28902053833008
2025-02-13,53.81672668457031
2025-02-14,53.2136344909668
2025-02-18,53.128822326660156
2025-02-19,53.11940002441406
2025-02-20,52.7330436706543
2025-02-21,52.66707992553711
2025-02-24,52.440921783447266
2025-02-25,50.622215270996094
2025-02-26,51.93205642700195
2025-02-27,50.58452224731445
2025-02-28,50.07565689086914
2025-03-03,49.953155517578125
2025-03-04,49.990848541259766
2025-03-05,51.41377639770508
2025-03-06,50.264129638671875
2025-03-07,50.79183578491211
2025-03-10,49.378334045410156
2025-03-11,50.27355194091797
2025-03-12,49.09562683105469
2025-03-13,49.20871353149414
2025-03-14,50.23585510253906
2025-03-17,50.2829704284668
2025-03-18,50.2264289855957
2025-03-19,50.923763275146484
2025-03-20,50.37720489501953
2025-03-21,50.17931365966797
2025-03-24,50.33008575439453
2025-03-25,50.32067108154297
2025-03-26,50.05681228637695
2025-03-27,50.21701431274414
2025-03-28,49.302940368652344
2025-03-31,48.96370315551758
2025-04-01,48.96370315551758
2025-04-02,49.38775634765625
2025-04-03,48.25695037841797
2025-04-04,45.288604736328125
2025-04-07,44.28030014038086
2025-04-08,42.753719329833984
2025-04-09,48.27579879760742
2025-04-10,47.82347869873047
2025-04-11,48.79408264160156
2025-04-14,49.039093017578125
2025-04-15,49.16159439086914
2025-04-16,49.218135833740234
2025-04-17,49.10505294799805
2025-04-21,49.00139617919922
2025-04-22,49.38775634765625
2025-04-23,49.642189025878906
2025-04-24,49.764686584472656
2025-04-25,50.04738998413086
2025-04-28,50.264129638671875
2025-04-29,50.53740310668945
2025-04-30,51.658782958984375
2025-05-01,51.46089172363281
2025-05-02,52.42207336425781
2025-05-05,52.60111618041992
2025-05-06,52.60111618041992
2025-05-07,53.760189056396484
2025-05-08,52.751888275146484
2025-05-09,53.232479095458984
2025-05-12,53.03458786010742
2025-05-13,53.241905212402344
2025-05-14,52.7236213684082
2025-05-15,52.24302673339844
2025-05-16,51.96975326538086
2025-05-19,52.13936996459961
2025-05-20,52.41264724731445
2025-05-21,51.960330963134766
2025-05-22,51.50800704956055
2025-05-23,52.09225082397461
2025-05-27,51.06510925292969
2025-05-28,51.21588134765625
2025-05-29,51.46089172363281
2025-05-30,50.31124496459961
2025-06-02,50.904911041259766
2025-06-03,50.80125427246094
2025-06-04,50.301822662353516
2025-06-05,50.32067108154297
2025-06-06,50.23585510253906
2025-06-09,50.2264289855957
2025-06-10,50.23585510253906
2025-06-11,50.575096130371094
2025-06-12,50.27355194091797
2025-06-13,50.10392761230469
2025-06-16,49.7241096496582
2025-06-17,49.18425750732422
2025-06-18,48.094913482666016
2025-06-20,47.01521301269531
2025-06-23,46.880252838134766
2025-06-24,48.789005279541016
2025-06-25,49.19389724731445
2025-06-26,49.61806869506836
2025-06-27,47.950313568115234
2025-06-30,48.654048919677734
2025-07-01,49.7144660949707
2025-07-02,49.88798904418945
2025-07-03,50.47603988647461
2025-07-07,49.73374557495117
2025-07-08,49.521663665771484
2025-07-09,49.30957794189453
2025-07-10,49.328857421875
2025-07-11,50.022953033447266
2025-07-14,51.1026496887207
2025-07-15,51.700347900390625
2025-07-16,51.89315414428711
2025-07-17,53.60910415649414
2025-07-18,53.93687057495117
2025-07-21,54.33211898803711
2025-07-22,53.821189880371094
2025-07-23,55.016571044921875
2025-07-24,54.14895248413086
2025-07-25,54.44779968261719
2025-07-28,54.21643829345703
2025-07-29,55.267215728759766
2025-07-30,54.87196731567383
2025-07-31,54.389957427978516
2025-08-01,54.158592224121094
2025-08-04,55.14189529418945
2025-08-05,55.69138717651367
2025-08-06,56.414398193359375
2025-08-07,56.26979446411133
2025-08-08,55.99987030029297
2025-08-11,55.623905181884766
2025-08-12,56.0191535949707
2025-08-13,56.83856964111328
2025-08-14,55.739585876464844
2025-08-15,55.614261627197266
2025-08-18,54.997291564941406
2025-08-19,54.38031768798828
2025-08-20,55.40217971801758
2025-08-21,55.13225173950195
2025-08-22,56.26015853881836
2025-08-25,56.173397064208984
2025-08-26,55.69138717651367
2025-08-27,55.76850509643555
2025-08-28,55.93239212036133
2025-08-29,55.19009780883789
2025-09-02,55.893829345703125
2025-09-03,56.568641662597656
2025-09-04,56.25051498413086
2025-09-05,57.15669250488281
2025-09-08,57.77366638183594
2025-09-09,58.12071228027344
2025-09-10,58.082149505615234
2025-09-11,58.96904754638672
2025-09-12,58.863006591796875
2025-09-15,59.065452575683594
2025-09-16,59.47998046875
2025-09-17,59.499263763427734
2025-09-18,58.55452346801758
2025-09-19,58.75696563720703
2025-09-22,58.448482513427734
2025-09-23,57.7640266418457
2025-09-24,57.021732330322266
2025-09-25,57.571224212646484
2025-09-26,57.368778228759766
2025-09-29,57.638702392578125
2025-09-30,56.77108383178711
2025-10-01,57.10849380493164
2025-10-02,57.39769744873047
2025-10-03,57.98575210571289
2025-10-06,57.49409866333008
2025-10-07,57.95682907104492
2025-10-08,58.12071228027344
2025-10-09,57.7640266418457
2025-10-10,56.11555480957031
2025-10-13,56.93497085571289
2025-10-14,56.414398193359375
2025-10-15,57.23381423950195
2025-10-16,57.60013961791992
2025-10-17,56.597564697265625
2025-10-20,57.42662048339844
2025-10-21,56.915687561035156
2025-10-22,57.46518325805664
2025-10-23,57.7061882019043
2025-10-24,58.83408737182617
2025-10-27,59.007606506347656
2025-10-28,59.18113327026367
2025-10-29,58.88228988647461
2025-10-30,58.57380294799805
2025-10-31,58.515960693359375
2025-11-03,58.13999557495117
2025-11-04,57.14705276489258
2025-11-05,57.7061882019043
2025-11-06,58.37135696411133
2025-11-07,58.10143280029297
2025-11-10,58.56415939331055
2025-11-11,58.30387496948242
2025-11-12,57.39769744873047
2025-11-13,56.963890075683594
2025-11-14,56.53972244262695
2025-11-17,56.665042877197266
2025-11-18,56.45296096801758
2025-11-19,56.433677673339844
2025-11-20,56.346920013427734
2025-11-21,55.77814865112305
2025-11-24,56.057716369628906
2025-11-25,57.0024528503418
2025-11-26,56.7132453918457
2025-11-28,56.915687561035156
2025-12-01,57.97610855102539
2025-12-02,57.995391845703125
2025-12-03,57.87970733642578
2025-12-04,57.619422912597656
2025-12-05,57.995391845703125
2025-12-08,57.359134674072266
2025-12-09,57.898990631103516
2025-12-10,58.29423904418945
2025-12-11,57.792945861816406
2025-12-12,57.51338195800781
2025-12-15,58.891929626464844
2025-12-16,58.37510299682617
2025-12-17,57.935455322265625
2025-12-18,57.96476745605469
2025-12-19,58.24809265136719
2025-12-22,59.313011169433594
2025-12-23,59.527950286865234
2025-12-24,59.86012649536133
2025-12-26,59.44978713989258
2025-12-29,57.74982833862305
2025-12-30,58.53142166137695
2025-12-31,58.296939849853516
2026-01-02,58.53142166137695
2026-01-05,59.86012649536133
2026-01-06,59.44002151489258
2026-01-07,59.537715911865234
2026-01-08,58.26763153076172
2026-01-09,58.45326232910156
2026-01-12,58.38486862182617
2026-01-13,57.28087615966797
2026-01-14,57.779136657714844
2026-01-15,58.922218322753906
2026-01-16,59.391170501708984
2026-01-20,61.26698684692383
2026-01-21,62.43937683105469
2026-01-22,62.0778923034668
2026-01-23,62.390525817871094
2026-01-26,62.068119049072266
2026-01-27,63.680152893066406
2026-01-28,63.40659713745117
2026-01-29,62.478458404541016
2026-01-30,61.706634521484375
2026-02-02,61.56008529663086
2026-02-03,61.862953186035156
2026-02-04,62.57615661621094
2026-02-05,62.38075637817383
2026-02-06,64.2370376586914
2026-02-09,67.07030487060547
2026-02-10,66.8553695678711
2026-02-11,67.73465728759766
2026-02-12,68.38924407958984
2026-02-13,68.68234252929688
2026-02-17,69.39553833007812
2026-02-18,69.62024688720703
2026-02-19,71.0466537475586
2026-02-20,70.73401641845703
2026-02-23,70.76332092285156
2026-02-24,71.38859558105469
2026-02-25,72.9029312133789
2026-02-26,73.08855438232422
2026-02-27,73.32303619384766
2026-03-02,69.85472106933594
2026-03-03,67.9886703491211
2026-03-04,65.7416000366211
2026-03-05,65.20425415039062
2026-03-06,64.17842102050781
2026-03-09,65.20425415039062
2026-03-10,65.6829833984375
2026-03-11,65.46804809570312
2026-03-12,64.38358306884766
2026-03-13,63.797393798828125
2026-03-16,64.8427734375
2026-03-17,66.38641357421875
2026-03-18,63.96348190307617
2026-03-19,64.5203628540039
2026-03-20,63.69968795776367
2026-03-23,65.98584747314453
2026-03-24,63.816932678222656
2026-03-25,65.76113891601562
2026-03-26,64.10025787353516
2026-03-27,64.60829162597656
2026-03-30,65.409423828125
2026-03-31,67.78350830078125
2026-04-01,67.3145523071289
2026-04-02,66.8749008178711
2026-04-06,66.7967529296875
2026-04-07,66.63065338134766
2026-04-08,69.46392822265625
2026-04-09,69.6007080078125
2026-04-10,70.05989074707031
2026-04-13,70.62654876708984
2026-04-14,71.44721221923828
2026-04-15,70.30413818359375
2026-04-16,69.20990753173828
2026-04-17,70.30413818359375
2026-04-20,68.90704345703125
2026-04-21,67.96913146972656
2026-04-22,68.73118591308594
2026-04-23,66.93352508544922
2026-04-24,67.56857299804688
2026-04-27,68.31108093261719
2026-04-28,67.636962890625
2026-04-29,67.55879974365234
2026-04-30,69.08290100097656
2026-05-01,69.27830505371094
2026-05-04,68.58463287353516
2026-05-05,68.8191146850586
2026-05-06,70.6656265258789
2026-05-07,69.5616226196289
2026-05-08,70.1087417602539
2026-05-11,69.34669494628906
2026-05-12,68.60417938232422
2026-05-13,70.50930786132812
2026-05-14,71.5156021118164
2026-05-15,69.45415496826172
2026-05-18,70.17713165283203
2026-05-19,69.40531158447266
2026-05-20,70.6656265258789
2026-05-21,70.7730941772461
2026-05-22,70.91963958740234
2026-05-26,71.10527038574219
2026-05-27,71.70123291015625
2026-05-28,72.29719543457031
2026-05-29,71.76962280273438
2026-06-01,72.01387023925781
2026-06-02,72.93224334716797
2026-06-03,72.38512420654297
2026-06-04,73.25464630126953
2026-06-05,70.86102294921875
2026-06-08,71.15412139892578
2026-06-09,71.007568359375
2026-06-10,70.63632202148438
2026-06-11,72.55121612548828
2026-06-12,72.81500244140625
2026-06-15,73.25
2026-06-16,72.58999633789062
2026-06-17,71.68000030517578
2026-06-18,72.30999755859375
2026-06-22,71.45999908447266
2026-06-23,69.27999877929688
2026-06-24,69.20999908447266
2026-06-25,69.47000122070312
2026-06-26,69.11000061035156
2026-06-29,70.80999755859375
2026-06-30,72.30999755859375
2026-07-01,71.19000244140625
2026-07-02,71.62000274658203
2026-07-06,72.91000366210938
2026-07-07,71.9000015258789
2026-07-08,70.93000030517578
2026-07-09,72.02999877929688
2026-07-10,72.51000213623047
2026-07-13,72.33000183105469
2026-07-14,72.7300033569336
2026-07-15,72.33999633789062
2026-07-16,72.93000030517578
2026-07-17,72.87000274658203
2026-07-20,73.0199966430664
2026-07-21,73.52999877929688
2026-07-22,72.9000015258789
2026-07-23,72.41000366210938
2026-07-24,72.83000183105469
2026-07-27,71.93000030517578
2026-07-28,72.05000305175781
2026-07-29,71.51000213623047
2026-07-30,72.13999938964844
2026-07-31,73.04000091552734
2026-08-03,72.94999694824219
2026-08-04,73.38999938964844
2026-08-05,72.72000122070312
2026-08-06,72.87999725341797
2026-08-07,73.62999725341797
2026-08-10,73.69999694824219
2026-08-11,72.91000366210938
2026-08-12,73.22000122070312
2026-08-13,73.06999969482422
2026-08-14,72.81999969482422
2026-08-17,73.87999725341797
2026-08-18,73.44999694824219
2026-08-19,73.80999755859375
2026-08-20,73.55999755859375
2026-08-21,74.76000213623047
2026-08-24,73.47000122070312
2026-08-25,73.2300033569336
2026-08-26,73.75
2026-08-27,73.7300033569336
2026-08-28,72.29000091552734
2026-08-31,72.37000274658203
2026-09-01,71.7300033569336
2026-09-02,72.0999984741211
2026-09-03,73.13999938964844
2026-09-04,73.38999938964844
2026-09-08,75.05999755859375
2026-09-09,74.83000183105469
2026-09-10,74.16999816894531
2026-09-11,74.11000061035156
2026-09-14,73.41000366210938
2026-09-15,72.38999938964844
2026-09-16,71.08000183105469
2026-09-17,72.55999755859375
2026-09-18,72.26000213623047
2026-09-21,73.48999786376953
2026-09-22,74.5199966430664
2026-09-23,73.30999755859375
2026-09-24,73.4000015258789
2026-09-25,73.52999877929688
2026-09-28,72.5199966430664
2026-09-29,72.33000183105469
2026-09-30,70.51000213623047
2026-10-01,70.69000244140625
2026-10-02,71.62000274658203
2026-10-05,71.4800033569336
2026-10-06,71.91000366210938
2026-10-07,71.80000305175781
