date,adjclose
2011-10-10,39.43302536010742
2011-10-11,39.19993209838867
2011-10-12,40.4042854309082
2011-10-13,39.976932525634766
2011-10-14,41.04142761230469
2011-10-17,40.10902404785156
2011-10-18,41.16574478149414
2011-10-19,41.05696487426758
2011-10-20,40.12456512451172
2011-10-21,41.16574478149414
2011-10-24,43.10826873779297
2011-10-25,42.19139099121094
2011-10-26,42.44780731201172
2011-10-27,45.08185577392578
2011-10-28,44.6467399597168
2011-10-31,43.04610061645508
2011-11-01,42.3701057434082
2011-11-02,43.37244415283203
2011-11-03,43.32582092285156
2011-11-04,43.93966293334961
2011-11-07,44.040672302246094
2011-11-08,44.095062255859375
2011-11-09,41.56979751586914
2011-11-10,41.36000061035156
2011-11-11,42.60321044921875
2011-11-14,42.40119171142578
2011-11-15,42.502201080322266
2011-11-16,41.44546890258789
2011-11-17,40.59853744506836
2011-11-18,40.94041442871094
2011-11-21,39.6195068359375
2011-11-22,40.21003723144531
2011-11-23,38.671566009521484
2011-11-25,38.4773063659668
2011-11-28,40.39651870727539
2011-11-29,41.157981872558594
2011-11-30,43.558929443359375
2011-12-01,43.49677276611328
2011-12-02,43.19373321533203
2011-12-05,43.8231086730957
2011-12-06,43.32582092285156
2011-12-07,43.36466979980469
2011-12-08,41.989376068115234
2011-12-09,42.486663818359375
2011-12-12,41.13466262817383
2011-12-13,40.56746292114258
2011-12-14,39.83707046508789
2011-12-15,39.93031311035156
2011-12-16,40.2255744934082
2011-12-19,38.44622802734375
2011-12-20,40.36670684814453
2011-12-21,40.82078552246094
2011-12-22,41.23572540283203
2011-12-23,41.56454849243164
2011-12-27,40.56243896484375
2011-12-28,40.3040657043457
2011-12-29,40.867767333984375
2011-12-30,40.91473388671875
2012-01-03,42.48837661743164
2012-01-04,42.29265594482422
2012-01-05,41.791587829589844
2012-01-06,40.85993194580078
2012-01-09,40.76598358154297
2012-01-10,41.61152267456055
2012-01-11,41.1652717590332
2012-01-12,41.64284133911133
2012-01-13,41.721126556396484
2012-01-17,42.52752685546875
2012-01-18,43.22431182861328
2012-01-19,43.97590637207031
2012-01-20,44.43782043457031
2012-01-23,45.048484802246094
2012-01-24,45.04066467285156
2012-01-25,45.455596923828125
2012-01-26,45.03282928466797
2012-01-27,45.36165237426758
2012-01-30,44.633548736572266
2012-01-31,44.907569885253906
2012-02-01,45.573036193847656
2012-02-02,45.77659606933594
2012-02-03,46.21501922607422
2012-02-06,45.65915298461914
2012-02-07,45.94099807739258
2012-02-08,46.32463073730469
2012-02-09,46.34028244018555
2012-02-10,45.18157958984375
2012-02-13,46.05060577392578
2012-02-14,45.70613098144531
2012-02-15,46.10541534423828
2012-02-16,46.15238952636719
2012-02-17,46.52035140991211
2012-02-21,46.31679153442383
2012-02-22,46.23850631713867
2012-02-23,45.81572723388672
2012-02-24,46.379425048828125
2012-02-27,45.713958740234375
2012-02-28,46.1367301940918
2012-02-29,46.87266159057617
2012-03-01,47.217140197753906
2012-03-02,47.084049224853516
2012-03-05,46.4733772277832
2012-03-06,45.12678146362305
2012-03-07,45.70613098144531
2012-03-08,46.74739074707031
2012-03-09,46.74739074707031
2012-03-12,46.15238952636719
2012-03-13,47.59294128417969
2012-03-14,46.9979248046875
2012-03-15,47.49116897583008
2012-03-16,47.33457946777344
2012-03-19,47.553794860839844
2012-03-20,46.896148681640625
2012-03-21,46.7160758972168
2012-03-22,46.19936752319336
2012-03-23,46.48120880126953
2012-03-26,47.1153678894043
2012-03-27,46.87266159057617
2012-03-28,46.457725524902344
2012-03-29,46.363773345947266
2012-03-30,46.61430358886719
2012-04-02,47.459842681884766
2012-04-03,47.81215286254883
2012-04-04,46.8804931640625
2012-04-05,47.217140197753906
2012-04-09,46.37159729003906
2012-04-10,45.21289825439453
2012-04-11,45.81572723388672
2012-04-12,46.504695892333984
2012-04-13,46.21501922607422
2012-04-16,46.12889862060547
2012-04-17,46.496864318847656
2012-04-18,46.20719528198242
2012-04-19,45.94882583618164
2012-04-20,45.72178268432617
2012-04-23,45.07980728149414
2012-04-24,45.267704010009766
2012-04-25,45.75310134887695
2012-04-26,46.097591400146484
2012-04-27,46.363773345947266
2012-04-30,46.379425048828125
2012-05-01,46.66910171508789
2012-05-02,46.81003189086914
2012-05-03,46.582984924316406
2012-05-04,45.67481994628906
2012-05-07,45.784420013427734
2012-05-08,45.36948013305664
2012-05-09,44.790130615234375
2012-05-10,44.7979621887207
2012-05-11,44.007225036621094
2012-05-14,43.44352340698242
2012-05-15,42.92681121826172
2012-05-16,41.44711685180664
2012-05-17,40.90690612792969
2012-05-18,40.27275085449219
2012-05-21,41.23572540283203
2012-05-22,41.19658660888672
2012-05-23,40.91473388671875
2012-05-24,40.53110885620117
2012-05-25,40.46065139770508
2012-05-29,41.556724548339844
2012-05-30,40.922569274902344
2012-05-31,41.19658660888672
2012-06-01,40.25708770751953
2012-06-04,40.20229721069336
2012-06-05,40.31189727783203
2012-06-06,41.45494079589844
2012-06-07,42.120418548583984
2012-06-08,41.78376007080078
2012-06-11,41.36882400512695
2012-06-12,42.3866081237793
2012-06-13,42.12824249267578
2012-06-14,42.59798812866211
2012-06-15,42.80937194824219
2012-06-18,43.106876373291016
2012-06-19,43.81148910522461
2012-06-20,43.63925552368164
2012-06-21,42.394432067871094
2012-06-22,42.05778121948242
2012-06-25,40.73466491699219
2012-06-26,40.9930305480957
2012-06-27,41.25138473510742
2012-06-28,41.016517639160156
2012-06-29,42.91114807128906
2012-07-02,42.46488952636719
2012-07-03,43.34175109863281
2012-07-05,43.19300079345703
2012-07-06,42.06560516357422
2012-07-09,41.78376007080078
2012-07-10,41.37665939331055
2012-07-11,41.462772369384766
2012-07-12,40.49979019165039
2012-07-13,41.400146484375
2012-07-16,41.21224594116211
2012-07-17,41.79941940307617
2012-07-18,41.38447570800781
2012-07-19,41.94817352294922
2012-07-20,41.478424072265625
2012-07-23,40.42151641845703
2012-07-24,40.34321975708008
2012-07-25,40.49979019165039
2012-07-26,41.360992431640625
2012-07-27,43.00510025024414
2012-07-30,42.691932678222656
2012-07-31,43.52181625366211
2012-08-01,43.756690979003906
2012-08-02,42.80937194824219
2012-08-03,43.81148910522461
2012-08-06,44.085506439208984
2012-08-07,44.3360481262207
2012-08-08,44.461307525634766
2012-08-09,45.22072982788086
2012-08-10,45.6669921875
2012-08-13,45.11112976074219
2012-08-14,45.44777297973633
2012-08-15,45.18940734863281
2012-08-16,45.64350128173828
2012-08-17,45.22072982788086
2012-08-20,45.392967224121094
2012-08-21,45.07980728149414
2012-08-22,45.00934600830078
2012-08-23,44.688350677490234
2012-08-24,44.758811950683594
2012-08-27,44.171630859375
2012-08-28,44.19511795043945
2012-08-29,44.4534797668457
2012-08-30,43.709716796875
2012-08-31,44.06985092163086
2012-09-04,43.78017807006836
2012-09-05,43.12254333496094
2012-09-06,44.124656677246094
2012-09-07,45.165924072265625
2012-09-10,44.49262619018555
2012-09-11,44.88408279418945
2012-09-12,45.35382843017578
2012-09-13,46.606475830078125
2012-09-14,47.4050407409668
2012-09-17,46.84917449951172
2012-09-18,46.91963577270508
2012-09-19,47.06056213378906
2012-09-20,46.61430358886719
2012-09-21,46.59864044189453
2012-09-24,46.622127532958984
2012-09-25,45.81572723388672
2012-09-26,45.69047164916992
2012-09-27,46.66910171508789
2012-09-28,46.29330825805664
2012-10-01,46.70042037963867
2012-10-02,46.33245849609375
2012-10-03,46.43423080444336
2012-10-04,46.778717041015625
2012-10-05,46.86483383178711
2012-10-08,46.42640686035156
2012-10-09,45.76093292236328
2012-10-10,44.97802734375
2012-10-11,45.150264739990234
2012-10-12,44.813621520996094
2012-10-15,45.21289825439453
2012-10-16,45.831398010253906
2012-10-17,46.16021728515625
2012-10-18,46.144554138183594
2012-10-19,44.962371826171875
2012-10-22,45.580867767333984
2012-10-23,44.3438720703125
2012-10-24,44.3360481262207
2012-10-25,45.30684280395508
2012-10-26,44.91539764404297
2012-10-31,45.07980728149414
2012-11-01,45.47126388549805
2012-11-02,45.29901885986328
2012-11-05,45.455596923828125
2012-11-06,46.074092864990234
2012-11-07,45.36948013305664
2012-11-08,44.758811950683594
2012-11-09,44.87624740600586
2012-11-12,45.1580924987793
2012-11-13,44.72749710083008
2012-11-14,44.32038116455078
2012-11-15,44.429996490478516
2012-11-16,44.35170364379883
2012-11-19,45.47908401489258
2012-11-20,45.67481994628906
2012-11-21,45.48691177368164
2012-11-23,46.19936752319336
2012-11-26,46.003631591796875
2012-11-27,46.074092864990234
2012-11-28,46.48120880126953
2012-11-29,46.739566802978516
2012-11-30,46.692588806152344
2012-12-03,46.70042037963867
2012-12-04,46.661277770996094
2012-12-05,46.9352912902832
2012-12-06,47.35023498535156
2012-12-07,47.6242561340332
2012-12-10,47.92959213256836
2012-12-11,48.383670806884766
2012-12-12,48.40716552734375
2012-12-13,48.58723068237305
2012-12-14,48.626373291015625
2012-12-17,48.91604995727539
2012-12-18,49.07748794555664
2012-12-19,49.1247444152832
2012-12-20,49.05386734008789
2012-12-21,48.54985427856445
2012-12-24,48.45535659790039
2012-12-26,48.33723449707031
2012-12-27,48.55773162841797
2012-12-28,49.030242919921875
2012-12-31,49.888614654541016
2013-01-02,51.16438293457031
2013-01-03,50.29024887084961
2013-01-04,50.08549499511719
2013-01-07,49.668113708496094
2013-01-08,49.345245361328125
2013-01-09,49.345245361328125
2013-01-10,49.94374465942383
2013-01-11,49.660240173339844
2013-01-14,49.59723663330078
2013-01-15,49.25074005126953
2013-01-16,48.9436149597168
2013-01-17,49.39249038696289
2013-01-18,49.179866790771484
2013-01-22,49.069610595703125
2013-01-23,48.5262336730957
2013-01-24,48.03009796142578
2013-01-25,47.07720947265625
2013-01-28,46.55746078491211
2013-01-29,47.171714782714844
2013-01-30,46.919715881347656
2013-01-31,46.91184616088867
2013-02-01,46.88821792602539
2013-02-04,46.31333541870117
2013-02-05,46.48658752441406
2013-02-06,46.24246597290039
2013-02-07,46.077083587646484
2013-02-08,46.903968811035156
2013-02-11,47.09297180175781
2013-02-12,47.09297180175781
2013-02-13,47.699344635009766
2013-02-14,48.04584884643555
2013-02-15,48.0222282409668
2013-02-19,48.20335006713867
2013-02-20,48.63648223876953
2013-02-21,48.41598129272461
2013-02-22,48.80973434448242
2013-02-25,47.652103424072266
2013-02-26,48.2821044921875
2013-02-27,48.96723937988281
2013-02-28,48.581356048583984
2013-03-01,48.778228759765625
2013-03-04,48.54985427856445
2013-03-05,48.975120544433594
2013-03-06,48.65222930908203
2013-03-07,48.42385482788086
2013-03-08,48.11672592163086
2013-03-11,47.778099060058594
2013-03-12,47.179588317871094
2013-03-13,47.07720947265625
2013-03-14,47.08509063720703
2013-03-15,46.297584533691406
2013-03-18,45.990447998046875
2013-03-19,45.82508087158203
2013-03-20,45.7148323059082
2013-03-21,45.02969741821289
2013-03-22,45.494327545166016
2013-03-25,46.0534553527832
2013-03-26,46.817344665527344
2013-03-27,46.89609146118164
2013-03-28,46.80159378051758
2013-04-01,46.31333541870117
2013-04-02,46.02195739746094
2013-04-03,45.604576110839844
2013-04-04,44.78557205200195
2013-04-05,43.9193115234375
2013-04-08,43.69093322753906
2013-04-09,44.04531478881836
2013-04-10,44.887943267822266
2013-04-11,44.81707000732422
2013-04-12,43.40743637084961
2013-04-15,43.226318359375
2013-04-16,44.55718994140625
2013-04-17,43.81693649291992
2013-04-18,43.155433654785156
2013-04-19,43.50193786621094
2013-04-22,44.00593948364258
2013-04-23,44.17131805419922
2013-04-24,44.45481491088867
2013-04-25,45.13995361328125
2013-04-26,44.76981735229492
2013-04-29,45.10844421386719
2013-04-30,46.0062141418457
2013-05-01,45.54945373535156
2013-05-02,45.81721115112305
2013-05-03,46.18734359741211
2013-05-06,45.89595413208008
2013-05-07,46.077083587646484
2013-05-08,46.1794548034668
2013-05-09,46.226707458496094
2013-05-10,44.92732620239258
2013-05-13,44.722572326660156
2013-05-14,45.53369903564453
2013-05-15,45.36043930053711
2013-05-16,45.769954681396484
2013-05-17,45.809329986572266
2013-05-20,45.99833297729492
2013-05-21,45.95895767211914
2013-05-22,45.58095932006836
2013-05-23,45.24232864379883
2013-05-24,44.990325927734375
2013-05-28,45.45494842529297
2013-05-29,45.53369903564453
2013-05-30,45.95895767211914
2013-05-31,45.39194869995117
2013-06-03,46.30546569824219
2013-06-04,45.762081146240234
2013-06-05,44.98244857788086
2013-06-06,45.1793212890625
2013-06-07,44.5020637512207
2013-06-10,43.9980583190918
2013-06-11,43.40743637084961
2013-06-12,43.05305099487305
2013-06-13,43.26567459106445
2013-06-14,42.667171478271484
2013-06-17,42.91917419433594
2013-06-18,43.155433654785156
2013-06-19,42.045040130615234
2013-06-20,40.438533782958984
2013-06-21,40.39914321899414
2013-06-24,39.4935188293457
2013-06-25,40.21015548706055
2013-06-26,40.16290283203125
2013-06-27,41.58041763305664
2013-06-28,41.895416259765625
2013-07-01,42.360042572021484
2013-07-02,41.7379150390625
2013-07-03,41.28115463256836
2013-07-05,40.72203063964844
2013-07-08,40.82441329956055
2013-07-09,41.32054138183594
2013-07-10,41.2024040222168
2013-07-11,43.43105697631836
2013-07-12,42.91917419433594
2013-07-15,43.273555755615234
2013-07-16,43.16330337524414
2013-07-17,43.64368438720703
2013-07-18,43.139678955078125
2013-07-19,43.24205780029297
2013-07-22,43.48617935180664
2013-07-23,43.84055709838867
2013-07-24,43.70668029785156
2013-07-25,44.13193893432617
2013-07-26,44.44694137573242
2013-07-29,44.01381301879883
2013-07-30,44.17131805419922
2013-07-31,43.9665641784668
2013-08-01,44.44694137573242
2013-08-02,44.533573150634766
2013-08-05,44.39181900024414
2013-08-06,44.03744125366211
2013-08-07,43.43893051147461
2013-08-08,43.84055709838867
2013-08-09,43.596431732177734
2013-08-12,43.761817932128906
2013-08-13,44.34456253051758
2013-08-14,44.541439056396484
2013-08-15,44.20281219482422
2013-08-16,44.5020637512207
2013-08-19,44.210689544677734
2013-08-20,43.9665641784668
2013-08-21,42.85617446899414
2013-08-22,43.179054260253906
2013-08-23,43.80118179321289
2013-08-26,43.911441802978516
2013-08-27,43.38380813598633
2013-08-28,44.02167892456055
2013-08-29,44.935203552246094
2013-08-30,45.06907272338867
2013-09-03,45.502201080322266
2013-09-04,46.57321548461914
2013-09-05,46.7464599609375
2013-09-06,47.56547164916992
2013-09-09,48.14822769165039
2013-09-10,48.54985427856445
2013-09-11,48.80186462402344
2013-09-12,48.33723449707031
2013-09-13,48.39235305786133
2013-09-16,48.8491096496582
2013-09-17,48.62861633300781
2013-09-18,50.62099838256836
2013-09-19,50.37687683105469
2013-09-20,49.360984802246094
2013-09-23,49.179866790771484
2013-09-24,49.156246185302734
2013-09-25,48.63648223876953
2013-09-26,49.16411590576172
2013-09-27,48.975120544433594
2013-09-30,48.43173599243164
2013-10-01,49.14048385620117
2013-10-02,49.211360931396484
2013-10-03,49.1089973449707
2013-10-04,49.234989166259766
2013-10-07,48.9593620300293
2013-10-08,48.8333625793457
2013-10-09,49.022369384765625
2013-10-10,49.959495544433594
2013-10-11,50.298126220703125
2013-10-14,50.45562744140625
2013-10-15,50.4950065612793
2013-10-16,50.943885803222656
2013-10-17,51.40851593017578
2013-10-18,51.597511291503906
2013-10-21,51.416385650634766
2013-10-22,51.72350311279297
2013-10-23,50.7706298828125
2013-10-24,50.928131103515625
2013-10-25,50.7548713684082
2013-10-28,51.109256744384766
2013-10-29,51.384883880615234
2013-10-30,51.235260009765625
2013-10-31,50.32175064086914
2013-11-01,50.67612838745117
2013-11-04,50.52650451660156
2013-11-05,49.88075256347656
2013-11-06,50.16425323486328
2013-11-07,49.14048385620117
2013-11-08,49.227115631103516
2013-11-11,48.793983459472656
2013-11-12,48.9908561706543
2013-11-13,48.612857818603516
2013-11-14,48.9593620300293
2013-11-15,50.250877380371094
2013-11-18,50.47137451171875
2013-11-19,50.778507232666016
2013-11-20,50.132747650146484
2013-11-21,49.817745208740234
2013-11-22,49.95161819458008
2013-11-25,49.7704963684082
2013-11-26,50.250877380371094
2013-11-27,50.628883361816406
2013-11-29,51.21163558959961
2013-12-02,50.32175064086914
2013-12-03,49.825626373291016
2013-12-04,49.37675094604492
2013-12-05,49.179866790771484
2013-12-06,50.014625549316406
2013-12-09,50.298126220703125
2013-12-10,50.11699295043945
2013-12-11,49.093238830566406
2013-12-12,48.927860260009766
2013-12-13,49.085365295410156
2013-12-16,49.7390022277832
2013-12-17,49.353111267089844
2013-12-18,50.3182487487793
2013-12-19,49.43940734863281
2013-12-20,49.447391510009766
2013-12-23,49.99867248535156
2013-12-24,50.054603576660156
2013-12-26,49.7509880065918
2013-12-27,50.92546463012695
2013-12-30,51.0452995300293
2013-12-31,51.668487548828125
2014-01-02,49.247650146484375
2014-01-03,48.94404602050781
2014-01-06,48.55255889892578
2014-01-07,48.736324310302734
2014-01-08,48.52059555053711
2014-01-09,48.352821350097656
2014-01-10,48.44869613647461
2014-01-13,48.3448371887207
2014-01-14,48.6484375
2014-01-15,48.56055450439453
2014-01-16,48.53658676147461
2014-01-17,48.24895477294922
2014-01-21,48.328857421875
2014-01-22,48.58452224731445
2014-01-23,47.418033599853516
2014-01-24,46.05183029174805
2014-01-27,46.4513053894043
2014-01-28,46.914710998535156
2014-01-29,46.754905700683594
2014-01-30,47.082489013671875
2014-01-31,47.17036056518555
2014-02-03,45.916015625
2014-02-04,46.267555236816406
2014-02-05,46.36342239379883
2014-02-06,47.074493408203125
2014-02-07,47.314186096191406
2014-02-10,47.10645294189453
2014-02-11,47.841495513916016
2014-02-12,47.97731018066406
2014-02-13,47.78555679321289
2014-02-14,48.52059555053711
2014-02-18,48.04123306274414
2014-02-19,47.56985092163086
2014-02-20,47.537879943847656
2014-02-21,47.841495513916016
2014-02-24,48.121124267578125
2014-02-25,48.0811767578125
2014-02-26,48.4886474609375
2014-02-27,49.03993225097656
2014-02-28,48.80023956298828
2014-03-03,48.4007568359375
2014-03-04,48.80023956298828
2014-03-05,48.67240524291992
2014-03-06,49.23167037963867
2014-03-07,48.960025787353516
2014-03-10,48.360809326171875
2014-03-11,48.05720901489258
2014-03-12,47.753597259521484
2014-03-13,46.946659088134766
2014-03-14,46.84279251098633
2014-03-17,47.649742126464844
2014-03-18,47.85746383666992
2014-03-19,46.994598388671875
2014-03-20,46.65104293823242
2014-03-21,46.882747650146484
2014-03-24,47.21031188964844
2014-03-25,47.44200897216797
2014-03-26,48.073184967041016
2014-03-27,48.69637680053711
2014-03-28,48.840187072753906
2014-03-31,49.14379119873047
2014-04-01,49.76698303222656
2014-04-02,49.77496337890625
2014-04-03,49.80692672729492
2014-04-04,49.79094314575195
2014-04-07,49.71903610229492
2014-04-08,50.541961669921875
2014-04-09,51.229068756103516
2014-04-10,50.65382385253906
2014-04-11,50.71772766113281
2014-04-14,50.76567459106445
2014-04-15,50.310264587402344
2014-04-16,51.06128692626953
2014-04-17,50.88551330566406
2014-04-21,51.00535583496094
2014-04-22,51.013343811035156
2014-04-23,50.61386489868164
2014-04-24,50.70175552368164
2014-04-25,49.83888626098633
2014-04-28,50.21438980102539
2014-04-29,50.42212677001953
2014-04-30,49.97470474243164
2014-05-01,50.222381591796875
2014-05-02,50.086551666259766
2014-05-05,49.98269271850586
2014-05-06,50.134498596191406
2014-05-07,49.87084197998047
2014-05-08,50.134498596191406
2014-05-09,50.03862380981445
2014-05-12,50.71772766113281
2014-05-13,51.26901626586914
2014-05-14,51.58060073852539
2014-05-15,51.300968170166016
2014-05-16,51.948123931884766
2014-05-19,52.13188552856445
2014-05-20,51.61256408691406
2014-05-21,51.93214416503906
2014-05-22,52.139869689941406
2014-05-23,51.98807144165039
2014-05-27,51.47673797607422
2014-05-28,52.05997848510742
2014-05-29,52.32362747192383
2014-05-30,51.63653564453125
2014-06-02,51.668487548828125
2014-06-03,51.76436996459961
2014-06-04,51.72441482543945
2014-06-05,51.85224533081055
2014-06-06,52.24373245239258
2014-06-09,52.147865295410156
2014-06-10,52.45946502685547
2014-06-11,52.25971984863281
2014-06-12,51.93214416503906
2014-06-13,51.348907470703125
2014-06-16,51.44477462768555
2014-06-17,51.564632415771484
2014-06-18,51.72441482543945
2014-06-19,51.54864501953125
2014-06-20,50.821598052978516
2014-06-23,51.069278717041016
2014-06-24,51.62055206298828
2014-06-25,51.5726203918457
2014-06-26,51.820289611816406
2014-06-27,51.908180236816406
2014-06-30,51.948123931884766
2014-07-01,52.36357879638672
2014-07-02,52.555328369140625
2014-07-03,52.69115447998047
2014-07-07,52.083946228027344
2014-07-08,51.788333892822266
2014-07-09,51.948123931884766
2014-07-10,51.564632415771484
2014-07-11,51.10123825073242
2014-07-14,51.41282272338867
2014-07-15,51.38086700439453
2014-07-16,51.58060073852539
2014-07-17,51.069278717041016
2014-07-18,51.73240661621094
2014-07-21,51.756378173828125
2014-07-22,52.37157440185547
2014-07-23,52.18781280517578
2014-07-24,52.067970275878906
2014-07-25,52.17981719970703
2014-07-28,52.842952728271484
2014-07-29,53.4182014465332
2014-07-30,53.81768035888672
2014-07-31,52.81099319458008
2014-08-01,53.210472106933594
2014-08-04,53.21847152709961
2014-08-05,52.419517517089844
2014-08-06,52.25173568725586
2014-08-07,51.916168212890625
2014-08-08,52.0519905090332
2014-08-11,52.21977233886719
2014-08-12,52.33961486816406
2014-08-13,52.675174713134766
2014-08-14,53.13856887817383
2014-08-15,52.97877502441406
2014-08-18,53.050682067871094
2014-08-19,53.34629440307617
2014-08-20,52.97877502441406
2014-08-21,52.275691986083984
2014-08-22,52.563323974609375
2014-08-25,52.74707794189453
2014-08-26,53.26640319824219
2014-08-27,53.274383544921875
2014-08-28,53.258419036865234
2014-08-29,53.050682067871094
2014-09-02,52.25173568725586
2014-09-03,52.12389373779297
2014-09-04,52.10791778564453
2014-09-05,51.996063232421875
2014-09-08,51.44477462768555
2014-09-09,50.813602447509766
2014-09-10,51.02134323120117
2014-09-11,50.813602447509766
2014-09-12,50.90947723388672
2014-09-15,50.709739685058594
2014-09-16,51.2929801940918
2014-09-17,51.19710922241211
2014-09-18,50.77366256713867
2014-09-19,50.66979217529297
2014-09-22,49.8548583984375
2014-09-23,49.70305633544922
2014-09-24,50.230369567871094
2014-09-25,49.31956100463867
2014-09-26,49.423423767089844
2014-09-29,48.79225158691406
2014-09-30,48.3448371887207
2014-10-01,47.082489013671875
2014-10-02,46.906715393066406
2014-10-03,47.026554107666016
2014-10-06,46.954654693603516
2014-10-07,46.53120422363281
2014-10-08,46.786869049072266
2014-10-09,46.027862548828125
2014-10-10,45.11705780029297
2014-10-13,45.524513244628906
2014-10-14,45.66832733154297
2014-10-15,45.604408264160156
2014-10-16,45.444618225097656
2014-10-17,45.380706787109375
2014-10-20,46.01188278198242
2014-10-21,46.17167282104492
2014-10-22,45.979923248291016
2014-10-23,46.043846130371094
2014-10-24,46.0038948059082
2014-10-27,46.25156784057617
2014-10-28,46.69099426269531
2014-10-29,47.15439224243164
2014-10-30,47.434017181396484
2014-10-31,46.84279251098633
2014-11-03,46.059818267822266
2014-11-04,45.84410095214844
2014-11-05,45.11705780029297
2014-11-06,45.30880355834961
2014-11-07,45.57245635986328
2014-11-10,45.96394729614258
2014-11-11,45.588436126708984
2014-11-12,45.74822235107422
2014-11-13,45.588436126708984
2014-11-14,45.220909118652344
2014-11-17,45.1729736328125
2014-11-18,45.524513244628906
2014-11-19,44.853397369384766
2014-11-20,44.74154281616211
2014-11-21,45.37271499633789
2014-11-24,45.4046745300293
2014-11-25,45.332767486572266
2014-11-26,45.955955505371094
2014-11-28,45.444618225097656
2014-12-01,45.10106658935547
2014-12-02,45.0291633605957
2014-12-03,45.013187408447266
2014-12-04,45.47657775878906
2014-12-05,45.212921142578125
2014-12-08,45.23689651489258
2014-12-09,45.54049301147461
2014-12-10,44.84540557861328
2014-12-11,44.46190643310547
2014-12-12,43.84671401977539
2014-12-15,44.29411697387695
2014-12-16,44.933292388916016
2014-12-17,44.668914794921875
2014-12-18,44.563819885253906
2014-12-19,44.701255798339844
2014-12-22,45.218685150146484
2014-12-23,44.70934295654297
2014-12-24,44.95997619628906
2014-12-26,45.178260803222656
2014-12-29,45.00847625732422
2014-12-30,44.64466094970703
2014-12-31,44.701255798339844
2015-01-02,44.232337951660156
2015-01-05,43.68256759643555
2015-01-06,43.52086639404297
2015-01-07,44.070640563964844
2015-01-08,44.927635192871094
2015-01-09,45.339962005615234
2015-01-12,45.34804916381836
2015-01-13,45.74420166015625
2015-01-14,45.453155517578125
2015-01-15,45.52590560913086
2015-01-16,45.46123123168945
2015-01-20,45.43697738647461
2015-01-21,45.86547088623047
2015-01-22,46.390995025634766
2015-01-23,46.390995025634766
2015-01-26,46.47184371948242
2015-01-27,46.285892486572266
2015-01-28,46.12419891357422
2015-01-29,46.02717590332031
2015-01-30,44.9923095703125
2015-02-02,45.74420166015625
2015-02-03,46.08376693725586
2015-02-04,46.30205535888672
2015-02-05,46.10801696777344
2015-02-06,45.39655303955078
2015-02-09,45.3723030090332
2015-02-10,45.04082107543945
2015-02-11,44.4991340637207
2015-02-12,44.93571853637695
2015-02-13,45.299537658691406
2015-02-17,45.218685150146484
2015-02-18,45.25911331176758
2015-02-19,45.04890441894531
2015-02-20,45.412723541259766
2015-02-23,45.27528381347656
2015-02-24,45.598670959472656
2015-02-25,45.857398986816406
2015-02-26,45.92207336425781
2015-02-27,45.784629821777344
2015-03-02,46.13228225708008
2015-03-03,46.277809143066406
2015-03-04,46.11610794067383
2015-03-05,46.148441314697266
2015-03-06,45.91398620605469
2015-03-09,45.55824661254883
2015-03-10,44.442543029785156
2015-03-11,44.563819885253906
2015-03-12,44.94379806518555
2015-03-13,44.29701232910156
2015-03-16,44.94379806518555
2015-03-17,46.09185791015625
2015-03-18,46.85991668701172
2015-03-19,46.2535514831543
2015-03-20,46.706302642822266
2015-03-23,46.827579498291016
2015-03-24,46.956939697265625
2015-03-25,46.73055648803711
2015-03-26,46.35865783691406
2015-03-27,46.34248352050781
2015-03-30,46.55269241333008
2015-03-31,46.277809143066406
2015-04-01,46.39908218383789
2015-04-02,46.90034484863281
2015-04-06,47.52287673950195
2015-04-07,46.98119354248047
2015-04-08,47.49861526489258
2015-04-09,47.361183166503906
2015-04-10,48.18583297729492
2015-04-13,48.040306091308594
2015-04-14,48.881134033203125
2015-04-15,49.17218780517578
2015-04-16,49.738136291503906
2015-04-17,49.33388137817383
2015-04-20,49.92409133911133
2015-04-21,49.67344665527344
2015-04-22,50.061527252197266
2015-04-23,50.87001037597656
2015-04-24,50.64363098144531
2015-04-27,50.65980911254883
2015-04-28,50.805335998535156
2015-04-29,50.093868255615234
2015-04-30,49.45515823364258
2015-05-01,49.44707489013672
2015-05-04,49.86748504638672
2015-05-05,49.30154800415039
2015-05-06,48.792198181152344
2015-05-07,48.27477264404297
2015-05-08,48.49306869506836
2015-05-11,47.910953521728516
2015-05-12,47.919029235839844
2015-05-13,48.21817398071289
2015-05-14,48.776031494140625
2015-05-15,48.323272705078125
2015-05-18,48.04839324951172
2015-05-19,48.161582946777344
2015-05-20,48.43646240234375
2015-05-21,48.161582946777344
2015-05-22,48.40412902832031
2015-05-26,47.595638275146484
2015-05-27,46.8841667175293
2015-05-28,46.75481414794922
2015-05-29,46.73055648803711
2015-06-01,46.277809143066406
2015-06-02,46.14036560058594
2015-06-03,45.841224670410156
2015-06-04,45.52590560913086
2015-06-05,45.145931243896484
2015-06-08,45.178260803222656
2015-06-09,45.04890441894531
2015-06-10,45.469322204589844
2015-06-11,45.25911331176758
2015-06-12,44.798274993896484
2015-06-15,44.579986572265625
2015-06-16,44.28892517089844
2015-06-17,44.67700958251953
2015-06-18,45.113590240478516
2015-06-19,45.02465057373047
2015-06-22,45.61484909057617
2015-06-23,45.93015670776367
2015-06-24,45.534000396728516
2015-06-25,45.339962005615234
2015-06-26,45.097408294677734
2015-06-29,44.353607177734375
2015-06-30,44.555728912353516
2015-07-01,45.04082107543945
2015-07-02,45.089324951171875
2015-07-06,43.7310676574707
2015-07-07,43.38341522216797
2015-07-08,42.36472702026367
2015-07-09,42.91450500488281
2015-07-10,43.31874465942383
2015-07-13,43.38341522216797
2015-07-14,43.01152038574219
2015-07-15,42.720462799072266
2015-07-16,43.21364212036133
2015-07-17,42.80939865112305
2015-07-20,42.4375
2015-07-21,42.599185943603516
2015-07-22,42.08175277709961
2015-07-23,41.637081146240234
2015-07-24,40.89328384399414
2015-07-27,41.16008377075195
2015-07-28,41.7745361328125
2015-07-29,42.04133224487305
2015-07-30,41.111576080322266
2015-07-31,41.378379821777344
2015-08-03,40.755836486816406
2015-08-04,41.12773895263672
2015-08-05,40.89328384399414
2015-08-06,40.44861602783203
2015-08-07,40.44053268432617
2015-08-10,40.90135955810547
2015-08-11,39.54310989379883
2015-08-12,39.59162139892578
2015-08-13,39.68055725097656
2015-08-14,39.76947784423828
2015-08-17,39.195457458496094
2015-08-18,38.944828033447266
2015-08-19,38.68610763549805
2015-08-20,37.80485916137695
2015-08-21,36.923606872558594
2015-08-24,36.13937759399414
2015-08-25,36.85892868041992
2015-08-26,37.92613220214844
2015-08-27,38.920570373535156
2015-08-28,38.79930114746094
2015-08-31,38.67802429199219
2015-09-01,37.86954116821289
2015-09-02,38.524410247802734
2015-09-03,38.314208984375
2015-09-04,37.335941314697266
2015-09-08,38.26570129394531
2015-09-09,38.758872985839844
2015-09-10,39.21162796020508
2015-09-11,39.27630615234375
2015-09-14,38.944828033447266
2015-09-15,39.397579193115234
2015-09-16,40.93370819091797
2015-09-17,40.87711715698242
2015-09-18,40.4162712097168
2015-09-21,39.86650848388672
2015-09-22,39.34098815917969
2015-09-23,38.99333190917969
2015-09-24,38.78313064575195
2015-09-25,38.82355880737305
2015-09-28,38.03932189941406
2015-09-29,37.918052673339844
2015-09-30,39.43800354003906
2015-10-01,40.08479690551758
2015-10-02,40.48094940185547
2015-10-05,41.28943634033203
2015-10-06,41.19242858886719
2015-10-07,42.4375
2015-10-08,42.77705383300781
2015-10-09,43.16513442993164
2015-10-12,43.00343322753906
2015-10-13,42.47792053222656
2015-10-14,42.93067169189453
2015-10-15,44.13531494140625
2015-10-16,43.9089469909668
2015-10-19,43.658302307128906
2015-10-20,43.86851501464844
2015-10-21,43.53703308105469
2015-10-22,44.1838264465332
2015-10-23,44.26467514038086
2015-10-26,44.22425079345703
2015-10-27,43.900856018066406
2015-10-28,43.53703308105469
2015-10-29,43.52086639404297
2015-10-30,43.96552658081055
2015-11-02,44.72551345825195
2015-11-03,45.34804916381836
2015-11-04,44.701255798339844
2015-11-05,44.668914794921875
2015-11-06,43.811912536621094
2015-11-09,42.91450500488281
2015-11-10,42.53450393676758
2015-11-11,42.752803802490234
2015-11-12,42.26770782470703
2015-11-13,41.443050384521484
2015-11-16,41.83921432495117
2015-11-17,41.59666061401367
2015-11-18,42.065582275390625
2015-11-19,42.752803802490234
2015-11-20,42.971092224121094
2015-11-23,42.87406921386719
2015-11-24,43.44001388549805
2015-11-25,43.44001388549805
2015-11-27,43.18130111694336
2015-11-30,42.704288482666016
2015-12-01,43.4481086730957
2015-12-02,42.63961410522461
2015-12-03,42.17877197265625
2015-12-04,42.283878326416016
2015-12-07,41.313690185546875
2015-12-08,40.86902618408203
2015-12-09,40.72350311279297
2015-12-10,40.909454345703125
2015-12-11,40.141387939453125
2015-12-14,40.52946090698242
2015-12-15,41.12773895263672
2015-12-16,42.21111297607422
2015-12-17,41.143917083740234
2015-12-18,41.30561065673828
2015-12-21,41.95307159423828
2015-12-22,42.342220306396484
2015-12-23,42.68997573852539
2015-12-24,42.3587760925293
2015-12-28,41.87028503417969
2015-12-29,41.961360931396484
2015-12-30,41.464576721191406
2015-12-31,41.1251106262207
2016-01-04,40.1646728515625
2016-01-05,40.338539123535156
2016-01-06,39.5354118347168
2016-01-07,38.906166076660156
2016-01-08,38.69089126586914
2016-01-11,39.12143325805664
2016-01-12,39.005516052246094
2016-01-13,38.897884368896484
2016-01-14,39.32014083862305
2016-01-15,37.66421127319336
2016-01-19,38.740562438964844
2016-01-20,37.540016174316406
2016-01-21,38.045074462890625
2016-01-22,39.179386138916016
2016-01-25,38.64949035644531
2016-01-26,39.0137939453125
2016-01-27,38.7240104675293
2016-01-28,39.12143325805664
2016-01-29,39.52713394165039
2016-02-01,39.419498443603516
2016-02-02,38.30174255371094
2016-02-03,39.10487365722656
2016-02-04,39.850040435791016
2016-02-05,39.361549377441406
2016-02-08,39.088314056396484
2016-02-09,38.67433166503906
2016-02-10,38.86476135253906
2016-02-11,38.08647155761719
2016-02-12,38.475624084472656
2016-02-16,38.773685455322266
2016-02-17,39.229061126708984
2016-02-18,38.80680465698242
2016-02-19,38.60810089111328
2016-02-22,39.419498443603516
2016-02-23,38.75712966918945
2016-02-24,38.79853057861328
2016-02-25,38.93099594116211
2016-02-26,38.334861755371094
2016-02-29,38.574974060058594
2016-03-01,39.659610748291016
2016-03-02,39.97423553466797
2016-03-03,40.520694732666016
2016-03-04,41.183074951171875
2016-03-07,41.050594329833984
2016-03-08,40.10671615600586
2016-03-09,40.37166213989258
2016-03-10,41.04231262207031
2016-03-11,41.936519622802734
2016-03-14,41.59705352783203
2016-03-15,41.373512268066406
2016-03-16,42.25115203857422
2016-03-17,43.26953887939453
2016-03-18,43.170188903808594
2016-03-21,43.1287956237793
2016-03-22,43.39373779296875
2016-03-23,42.68997573852539
2016-03-24,42.68997573852539
2016-03-28,42.70653533935547
2016-03-29,43.63385009765625
2016-03-30,44.12234878540039
2016-03-31,43.73320388793945
2016-04-01,43.10395050048828
2016-04-04,42.797603607177734
2016-04-05,41.994483947753906
2016-04-06,42.747928619384766
2016-04-07,42.08555221557617
2016-04-08,42.59889221191406
2016-04-11,43.029441833496094
2016-04-12,43.43513870239258
2016-04-13,43.931922912597656
2016-04-14,43.83256149291992
2016-04-15,43.72493362426758
2016-04-18,44.05611801147461
2016-04-19,44.726768493652344
2016-04-20,44.50322341918945
2016-04-21,44.254825592041016
2016-04-22,43.78289031982422
2016-04-25,43.642127990722656
2016-04-26,43.98160171508789
2016-04-27,44.02299499511719
2016-04-28,43.75804901123047
2016-04-29,43.261260986328125
2016-05-02,43.53450012207031
2016-05-03,42.6485710144043
2016-05-04,41.84544372558594
2016-05-05,41.74608612060547
2016-05-06,41.78748321533203
2016-05-09,41.53082275390625
2016-05-10,42.22630310058594
2016-05-11,42.02759552001953
2016-05-12,41.87856674194336
2016-05-13,41.050594329833984
2016-05-16,41.36521911621094
2016-05-17,41.10855484008789
2016-05-18,40.43789291381836
2016-05-19,40.45446014404297
2016-05-20,40.62833023071289
2016-05-23,40.777366638183594
2016-05-24,40.61177444458008
2016-05-25,41.323822021484375
2016-05-26,41.348655700683594
2016-05-27,41.22446823120117
2016-05-31,41.19963073730469
2016-06-01,41.348655700683594
2016-06-02,41.81232833862305
2016-06-03,42.60717010498047
2016-06-06,43.10395050048828
2016-06-07,43.59245681762695
2016-06-08,43.94020080566406
2016-06-09,43.600738525390625
2016-06-10,42.847286224365234
2016-06-13,41.994483947753906
2016-06-14,41.65501403808594
2016-06-15,42.11039352416992
2016-06-16,41.90340042114258
2016-06-17,41.86200714111328
2016-06-20,42.87212371826172
2016-06-21,43.120513916015625
2016-06-22,43.476539611816406
2016-06-23,44.221702575683594
2016-06-24,41.38178634643555
2016-06-27,40.52897644042969
2016-06-28,41.80404281616211
2016-06-29,42.78104782104492
2016-06-30,43.11222457885742
2016-07-01,43.74148941040039
2016-07-05,43.045997619628906
2016-07-06,42.458133697509766
2016-07-07,42.789329528808594
2016-07-08,43.43513870239258
2016-07-11,43.6172981262207
2016-07-12,44.21343231201172
2016-07-13,44.254825592041016
2016-07-14,45.107635498046875
2016-07-15,44.99171829223633
2016-07-18,45.17387008666992
2016-07-19,44.66880416870117
2016-07-20,44.66880416870117
2016-07-21,44.54461669921875
2016-07-22,44.96687698364258
2016-07-25,44.461814880371094
2016-07-26,44.95032501220703
2016-07-27,45.19871139526367
2016-07-28,45.35601806640625
2016-07-29,46.084632873535156
2016-08-01,46.41582107543945
2016-08-02,45.75344467163086
2016-08-03,45.43053436279297
2016-08-04,45.64581298828125
2016-08-05,46.32474136352539
2016-08-08,46.63936996459961
2016-08-09,47.21894454956055
2016-08-10,47.417659759521484
2016-08-11,47.80680847167969
2016-08-12,47.367984771728516
2016-08-15,47.88959884643555
2016-08-16,47.68260955810547
2016-08-17,47.0533561706543
2016-08-18,47.73228454589844
2016-08-19,47.40110397338867
2016-08-22,46.796688079833984
2016-08-23,47.08647537231445
2016-08-24,47.02851867675781
2016-08-25,47.13615417480469
2016-08-26,46.54001235961914
2016-08-29,46.929161071777344
2016-08-30,46.94572067260742
2016-08-31,46.65593338012695
2016-09-01,46.87119674682617
2016-09-02,47.35969924926758
2016-09-06,48.8252067565918
2016-09-07,48.866600036621094
2016-09-08,48.3035888671875
2016-09-09,46.66421127319336
2016-09-12,46.77184295654297
2016-09-13,45.26494216918945
2016-09-14,45.46365737915039
2016-09-15,45.98527908325195
2016-09-16,45.703773498535156
2016-09-19,46.1425895690918
2016-09-20,46.54829788208008
2016-09-21,47.88959884643555
2016-09-22,48.270469665527344
2016-09-23,47.73228454589844
2016-09-26,47.21894454956055
2016-09-27,48.270469665527344
2016-09-28,48.5436897277832
2016-09-29,47.86476516723633
2016-09-30,48.12970733642578
2016-10-03,48.05519485473633
2016-10-04,47.127872467041016
2016-10-05,47.74056625366211
2016-10-06,47.988956451416016
2016-10-07,47.69917297363281
2016-10-10,48.18767166137695
2016-10-11,46.39098358154297
2016-10-12,46.44065856933594
2016-10-13,45.98527908325195
2016-10-14,45.836238861083984
2016-10-17,46.09291458129883
2016-10-18,46.862918853759766
2016-10-19,47.227230072021484
2016-10-20,46.70560836791992
2016-10-21,46.52345275878906
2016-10-24,46.75528335571289
2016-10-25,46.77184295654297
2016-10-26,46.01839828491211
2016-10-27,45.71204376220703
2016-10-28,45.74516677856445
2016-10-31,45.827964782714844
2016-11-01,45.45537567138672
2016-11-02,45.107635498046875
2016-11-03,45.15730285644531
2016-11-04,45.02483367919922
2016-11-07,46.16742706298828
2016-11-08,46.67249298095703
2016-11-09,44.486656188964844
2016-11-10,43.97332000732422
2016-11-11,43.75804901123047
2016-11-14,43.3275032043457
2016-11-15,43.80772399902344
2016-11-16,43.39373779296875
2016-11-17,43.37718963623047
2016-11-18,43.012874603271484
2016-11-21,43.18675231933594
2016-11-22,44.23826599121094
2016-11-23,43.716651916503906
2016-11-25,43.907081604003906
2016-11-28,43.907081604003906
2016-11-29,44.21343231201172
2016-11-30,44.09751510620117
2016-12-01,44.26310729980469
2016-12-02,44.12234878540039
2016-12-05,44.329341888427734
2016-12-06,44.53633499145508
2016-12-07,45.49677276611328
2016-12-08,45.87763595581055
2016-12-09,45.538177490234375
2016-12-12,45.587852478027344
2016-12-13,45.968711853027344
2016-12-14,44.759883880615234
2016-12-15,44.867515563964844
2016-12-16,44.900638580322266
2016-12-19,44.92547607421875
2016-12-20,44.92547607421875
2016-12-21,44.70343017578125
2016-12-22,44.217430114746094
2016-12-23,44.485565185546875
2016-12-27,44.47718811035156
2016-12-28,44.40177917480469
2016-12-29,44.862632751464844
2016-12-30,44.59449768066406
2017-01-03,45.273223876953125
2017-01-04,45.583251953125
2017-01-05,46.035736083984375
2017-01-06,45.53297805786133
2017-01-09,45.44918441772461
2017-01-10,45.641910552978516
2017-01-11,46.915557861328125
2017-01-12,47.527244567871094
2017-01-13,47.50210189819336
2017-01-17,47.828895568847656
2017-01-18,47.14179992675781
2017-01-19,47.05801010131836
2017-01-20,47.05801010131836
2017-01-23,47.72834014892578
2017-01-24,47.71158981323242
2017-01-25,48.23109817504883
2017-01-26,48.055137634277344
2017-01-27,47.929447174072266
2017-01-30,47.8624153137207
2017-01-31,48.499244689941406
2017-02-01,48.515995025634766
2017-02-02,48.96847915649414
2017-02-03,49.3623046875
2017-02-06,49.27851486206055
2017-02-07,48.792510986328125
2017-02-08,48.60817337036133
2017-02-09,48.658443450927734
2017-02-10,48.70034408569336
2017-02-13,48.66682434082031
2017-02-14,48.717098236083984
2017-02-15,49.2701301574707
2017-02-16,48.72548294067383
2017-02-17,48.57466125488281
2017-02-21,49.496376037597656
2017-02-22,49.60530471801758
2017-02-23,49.87343978881836
2017-02-24,49.496376037597656
2017-02-27,49.161197662353516
2017-02-28,49.06903076171875
2017-03-01,49.39582061767578
2017-03-02,48.733863830566406
2017-03-03,48.3735466003418
2017-03-06,48.340030670166016
2017-03-07,48.658443450927734
2017-03-08,48.457340240478516
2017-03-09,48.130550384521484
2017-03-10,48.90144348144531
2017-03-13,49.697471618652344
2017-03-14,49.730987548828125
2017-03-15,51.373329162597656
2017-03-16,51.24764633178711
2017-03-17,51.35657501220703
2017-03-20,52.16098403930664
2017-03-21,51.80905532836914
2017-03-22,52.244773864746094
2017-03-23,52.01853561401367
2017-03-24,52.34532928466797
2017-03-27,52.3201904296875
2017-03-28,52.28667068481445
2017-03-29,52.378841400146484
2017-03-30,52.07719039916992
2017-03-31,51.84257507324219
2017-04-03,52.01015853881836
2017-04-04,51.540916442871094
2017-04-05,51.147090911865234
2017-04-06,50.987876892089844
2017-04-07,50.568912506103516
2017-04-10,49.87343978881836
2017-04-11,49.52988815307617
2017-04-12,50.02427291870117
2017-04-13,50.20861053466797
2017-04-17,50.711368560791016
2017-04-18,49.90696334838867
2017-04-19,49.714237213134766
2017-04-20,50.68622970581055
2017-04-21,51.080055236816406
2017-04-24,51.43198776245117
2017-04-25,52.228023529052734
2017-04-26,52.11908721923828
2017-04-27,52.05204772949219
2017-04-28,52.0352897644043
2017-05-01,52.328575134277344
2017-05-02,53.032432556152344
2017-05-03,52.65536117553711
2017-05-04,52.79780578613281
2017-05-05,53.13298034667969
2017-05-08,54.490421295166016
2017-05-09,55.00155258178711
2017-05-10,54.415008544921875
2017-05-11,55.294830322265625
2017-05-12,55.20265579223633
2017-05-15,55.730552673339844
2017-05-16,55.789215087890625
2017-05-17,54.808834075927734
2017-05-18,54.85911560058594
2017-05-19,55.94841003417969
2017-05-22,56.19979476928711
2017-05-23,55.97355651855469
2017-05-24,56.32548904418945
2017-05-25,56.912025451660156
2017-05-26,57.347755432128906
2017-05-30,56.54335021972656
2017-05-31,56.744449615478516
2017-06-01,56.761199951171875
2017-06-02,57.532100677490234
2017-06-05,57.39802551269531
2017-06-06,57.39802551269531
2017-06-07,56.82823181152344
2017-06-08,57.22206497192383
2017-06-09,56.92879104614258
2017-06-12,56.333858489990234
2017-06-13,57.09637451171875
2017-06-14,57.42316436767578
2017-06-15,56.476318359375
2017-06-16,56.36737060546875
2017-06-19,56.702552795410156
2017-06-20,56.040584564208984
2017-06-21,56.0070686340332
2017-06-22,56.51820373535156
2017-06-23,57.01258087158203
2017-06-26,57.297481536865234
2017-06-27,56.761199951171875
2017-06-28,57.11313247680664
2017-06-29,56.426025390625
2017-06-30,56.81985855102539
2017-07-03,56.81148147583008
2017-07-05,56.40089416503906
2017-07-06,55.764060974121094
2017-07-07,56.09923553466797
2017-07-10,56.467926025390625
2017-07-11,56.568485260009766
2017-07-12,57.565608978271484
2017-07-13,57.9091682434082
2017-07-14,59.01523208618164
2017-07-17,58.67167663574219
2017-07-18,59.040367126464844
2017-07-19,59.24985122680664
2017-07-20,59.45094680786133
2017-07-21,59.8782958984375
2017-07-24,60.037498474121094
2017-07-25,59.6436767578125
2017-07-26,59.9704704284668
2017-07-27,59.484466552734375
2017-07-28,58.353271484375
2017-07-31,58.403533935546875
2017-08-01,58.864402770996094
2017-08-02,58.75547790527344
2017-08-03,57.548851013183594
2017-08-04,57.96781921386719
2017-08-07,58.15216827392578
2017-08-08,57.65778732299805
2017-08-09,56.53495788574219
2017-08-10,55.14400100708008
2017-08-11,55.31996536254883
2017-08-14,56.39252471923828
2017-08-15,56.66065216064453
2017-08-16,56.71092987060547
2017-08-17,55.94841003417969
2017-08-18,56.51820373535156
2017-08-21,56.50982666015625
2017-08-22,57.40641403198242
2017-08-23,57.289093017578125
2017-08-24,57.69129943847656
2017-08-25,58.06837463378906
2017-08-28,57.900787353515625
2017-08-29,57.42316436767578
2017-08-30,57.50696563720703
2017-08-31,57.372886657714844
2017-09-01,57.532100677490234
2017-09-05,55.91489791870117
2017-09-06,56.09923553466797
2017-09-07,56.82823181152344
2017-09-08,56.43441390991211
2017-09-11,57.3645133972168
2017-09-12,57.23881530761719
2017-09-13,56.92041015625
2017-09-14,57.23881530761719
2017-09-15,57.59074783325195
2017-09-18,58.52084732055664
2017-09-19,58.71357345581055
2017-09-20,58.403533935546875
2017-09-21,58.395164489746094
2017-09-22,58.09351348876953
2017-09-25,57.716434478759766
2017-09-26,57.565608978271484
2017-09-27,57.104759216308594
2017-09-28,57.02933883666992
2017-09-29,57.867271423339844
2017-10-02,58.0013427734375
2017-10-03,58.55436706542969
2017-10-04,58.629791259765625
2017-10-05,59.073883056640625
2017-10-06,58.84764862060547
2017-10-09,58.805747985839844
2017-10-10,59.551509857177734
2017-10-11,60.14643096923828
2017-10-12,60.50674057006836
2017-10-13,61.034629821777344
2017-10-16,60.63242721557617
2017-10-17,60.62405014038086
2017-10-18,60.76649475097656
2017-10-19,60.35590362548828
2017-10-20,60.816768646240234
2017-10-23,60.63242721557617
2017-10-24,60.934085845947266
2017-10-25,60.90895080566406
2017-10-26,60.62405014038086
2017-10-27,61.60441970825195
2017-10-30,61.27762985229492
2017-10-31,62.6434440612793
2017-11-01,63.875205993652344
2017-11-02,63.573551177978516
2017-11-03,63.50652313232422
2017-11-06,63.61544418334961
2017-11-07,62.82781219482422
2017-11-08,63.498138427734375
2017-11-09,62.6015625
2017-11-10,62.35018539428711
2017-11-13,62.19935607910156
2017-11-14,62.29990005493164
2017-11-15,62.67697525024414
2017-11-16,64.243896484375
2017-11-17,63.866825103759766
2017-11-20,63.95900344848633
2017-11-21,64.60419464111328
2017-11-22,64.86396789550781
2017-11-24,64.8555908203125
2017-11-27,63.271915435791016
2017-11-28,64.21876525878906
2017-11-29,63.78303527832031
2017-11-30,62.970245361328125
2017-12-01,62.90321350097656
2017-12-04,63.12944412231445
2017-12-05,63.34730911254883
2017-12-06,62.29151916503906
2017-12-07,62.241249084472656
2017-12-08,62.408836364746094
2017-12-11,62.55128479003906
2017-12-12,62.30828857421875
2017-12-13,63.31380081176758
2017-12-14,62.90321350097656
2017-12-15,62.91997146606445
2017-12-18,63.25514221191406
2017-12-19,62.85480880737305
2017-12-20,63.070499420166016
2017-12-21,62.07827377319336
2017-12-22,62.613216400146484
2017-12-26,62.38028335571289
2017-12-27,63.31209182739258
2017-12-28,64.52863311767578
2017-12-29,64.64942932128906
2018-01-02,65.46044921875
2018-01-03,66.03852844238281
2018-01-04,65.5639877319336
2018-01-05,66.42677307128906
2018-01-08,66.49581909179688
2018-01-09,66.22834014892578
2018-01-10,65.90910339355469
2018-01-11,66.53032684326172
2018-01-12,67.21192169189453
2018-01-16,66.87545013427734
2018-01-17,67.18605041503906
2018-01-18,66.68561553955078
2018-01-19,67.02210998535156
2018-01-22,66.29736328125
2018-01-23,66.53894805908203
2018-01-24,67.21192169189453
2018-01-25,67.565673828125
2018-01-26,68.19552612304688
2018-01-29,67.84176635742188
2018-01-30,67.00486755371094
2018-01-31,67.5052719116211
2018-02-01,66.56482696533203
2018-02-02,63.88153839111328
2018-02-05,61.99200439453125
2018-02-06,64.41646575927734
2018-02-07,61.42256164550781
2018-02-08,59.47263717651367
2018-02-09,60.88762283325195
2018-02-12,61.69001770019531
2018-02-13,61.91435241699219
2018-02-14,63.74347686767578
2018-02-15,65.16708374023438
2018-02-16,65.34828186035156
2018-02-20,62.932456970214844
2018-02-21,62.768524169921875
2018-02-22,62.75126647949219
2018-02-23,64.08860778808594
2018-02-26,64.81336212158203
2018-02-27,63.03598403930664
2018-02-28,62.199073791503906
2018-03-01,61.879844665527344
2018-03-02,62.38028335571289
2018-03-05,62.07827377319336
2018-03-06,64.26979064941406
2018-03-07,64.09723663330078
2018-03-08,63.890159606933594
2018-03-09,65.74517822265625
2018-03-12,65.74517822265625
2018-03-13,65.39142608642578
2018-03-14,65.92638397216797
2018-03-15,65.70204162597656
2018-03-16,65.81419372558594
2018-03-19,64.58039093017578
2018-03-20,65.44319152832031
2018-03-21,65.9953842163086
2018-03-22,64.08860778808594
2018-03-23,61.97474670410156
2018-03-26,64.21802520751953
2018-03-27,62.95833969116211
2018-03-28,63.70896911621094
2018-03-29,65.09806823730469
2018-04-02,64.00232696533203
2018-04-03,65.19298553466797
2018-04-04,64.3560791015625
2018-04-05,64.47686004638672
2018-04-06,63.13090133666992
2018-04-09,63.74347686767578
2018-04-10,64.45097351074219
2018-04-11,64.00232696533203
2018-04-12,64.09723663330078
2018-04-13,64.14036560058594
2018-04-16,64.3819580078125
2018-04-17,64.66667175292969
2018-04-18,65.42594146728516
2018-04-19,65.04631042480469
2018-04-20,64.29566955566406
2018-04-23,63.9505615234375
2018-04-24,63.20854949951172
2018-04-25,63.243064880371094
2018-04-26,64.88237762451172
2018-04-27,65.65026092529297
2018-04-30,65.22749328613281
2018-05-01,64.88237762451172
2018-05-02,64.12310791015625
2018-05-03,64.25252532958984
2018-05-04,64.12310791015625
2018-05-07,63.389732360839844
2018-05-08,63.28620529174805
2018-05-09,63.320701599121094
2018-05-10,64.7098159790039
2018-05-11,64.68394470214844
2018-05-14,64.27840423583984
2018-05-15,62.923828125
2018-05-16,63.5450325012207
2018-05-17,63.079124450683594
2018-05-18,62.9755859375
2018-05-21,63.346595764160156
2018-05-22,63.5968017578125
2018-05-23,64.2266616821289
2018-05-24,63.398372650146484
2018-05-25,63.9505615234375
2018-05-29,62.69949722290039
2018-05-30,62.570068359375
2018-05-31,62.24221420288086
2018-06-01,63.398372650146484
2018-06-04,63.65720748901367
2018-06-05,63.2171745300293
2018-06-06,64.27840423583984
2018-06-07,63.85565185546875
2018-06-08,63.389732360839844
2018-06-11,63.674461364746094
2018-06-12,63.070499420166016
2018-06-13,62.69949722290039
2018-06-14,61.88847732543945
2018-06-15,60.56838607788086
2018-06-18,59.852264404296875
2018-06-19,58.558067321777344
2018-06-20,58.98946762084961
2018-06-21,57.876461029052734
2018-06-22,58.7392578125
2018-06-25,58.514923095703125
2018-06-26,58.29922866821289
2018-06-27,57.62625503540039
2018-06-28,57.70389938354492
2018-06-29,58.420021057128906
2018-07-02,57.14308166503906
2018-07-03,56.720314025878906
2018-07-05,56.59089279174805
2018-07-06,57.08268737792969
2018-07-09,57.91097640991211
2018-07-10,57.82468795776367
2018-07-11,56.65129089355469
2018-07-12,56.86698913574219
2018-07-13,57.1171989440918
2018-07-16,57.09131622314453
2018-07-17,57.384666442871094
2018-07-18,57.10856628417969
2018-07-19,56.30617141723633
2018-07-20,57.229366302490234
2018-07-23,56.06458282470703
2018-07-24,56.910125732421875
2018-07-25,57.56584930419922
2018-07-26,57.17759704589844
2018-07-27,57.445068359375
2018-07-30,57.427799224853516
2018-07-31,58.031761169433594
2018-08-01,57.652137756347656
2018-08-02,56.39244842529297
2018-08-03,56.910125732421875
2018-08-06,56.659915924072266
2018-08-07,57.6348762512207
2018-08-08,57.53133773803711
2018-08-09,57.28976058959961
2018-08-10,55.83163070678711
2018-08-13,54.97745895385742
2018-08-14,55.85750961303711
2018-08-15,54.615081787109375
2018-08-16,55.15864944458008
2018-08-17,55.76259994506836
2018-08-20,55.779869079589844
2018-08-21,56.83247375488281
2018-08-22,56.961891174316406
2018-08-23,56.29753875732422
2018-08-24,57.608985900878906
2018-08-27,58.20432662963867
2018-08-28,58.143924713134766
2018-08-29,58.178443908691406
2018-08-30,57.600364685058594
2018-08-31,58.083534240722656
2018-09-04,57.600364685058594
2018-09-05,56.823848724365234
2018-09-06,56.59951400756836
2018-09-07,55.99556350708008
2018-09-10,56.08184051513672
2018-09-11,56.42695999145508
2018-09-12,56.608150482177734
2018-09-13,57.151702880859375
2018-09-14,57.479576110839844
2018-09-17,56.62540054321289
2018-09-18,57.427799224853516
2018-09-19,57.46231460571289
2018-09-20,58.36825180053711
2018-09-21,58.56669616699219
2018-09-24,58.21294403076172
2018-09-25,58.540809631347656
2018-09-26,58.6012077331543
2018-09-27,59.11888122558594
2018-09-28,58.90319061279297
2018-10-01,58.6270866394043
2018-10-02,57.712528228759766
2018-10-03,57.074066162109375
2018-10-04,55.512393951416016
2018-10-05,55.53828048706055
2018-10-08,55.40022277832031
2018-10-09,55.141387939453125
2018-10-10,53.51070785522461
2018-10-11,52.380435943603516
2018-10-12,53.57972717285156
2018-10-15,52.99302291870117
2018-10-16,54.04563903808594
2018-10-17,53.709144592285156
2018-10-18,52.28553009033203
2018-10-19,53.02753829956055
2018-10-22,53.096561431884766
2018-10-23,52.138858795166016
2018-10-24,50.39600372314453
2018-10-25,51.19840621948242
2018-10-26,49.77479553222656
2018-10-29,49.05004119873047
2018-10-30,50.059513092041016
2018-10-31,50.275211334228516
2018-11-01,51.34508514404297
2018-11-02,52.440834045410156
2018-11-05,52.20787811279297
2018-11-06,52.673789978027344
2018-11-07,53.4503059387207
2018-11-08,52.37180709838867
2018-11-09,51.241539001464844
2018-11-12,50.49091339111328
2018-11-13,51.207035064697266
2018-11-14,51.00859451293945
2018-11-15,52.30278778076172
2018-11-16,52.49259948730469
2018-11-19,51.72471237182617
2018-11-20,50.81877517700195
2018-11-21,51.49176025390625
2018-11-23,50.568565368652344
2018-11-26,51.9662971496582
2018-11-27,52.25102233886719
2018-11-28,53.37266159057617
2018-11-29,52.83772277832031
2018-11-30,52.30278778076172
2018-12-03,53.75228500366211
2018-12-04,52.423580169677734
2018-12-06,52.01806640625
2018-12-07,50.88780212402344
2018-12-10,50.9395637512207
2018-12-11,50.86191940307617
2018-12-12,51.74197006225586
2018-12-13,51.62118148803711
2018-12-14,50.66347122192383
2018-12-17,50.378746032714844
2018-12-18,51.087196350097656
2018-12-19,50.50120162963867
2018-12-20,50.947261810302734
2018-12-21,50.676124572753906
2018-12-24,50.28253936767578
2018-12-26,51.2183952331543
2018-12-27,51.3233528137207
2018-12-28,51.751914978027344
2018-12-31,51.48078155517578
2019-01-02,50.789825439453125
2019-01-03,49.696537017822266
2019-01-04,51.270870208740234
2019-01-07,51.46329116821289
2019-01-08,50.88603973388672
2019-01-09,52.18049240112305
2019-01-10,52.39039993286133
2019-01-11,52.34666442871094
2019-01-14,51.751914978027344
2019-01-15,52.48661422729492
2019-01-16,53.36998748779297
2019-01-17,53.4661979675293
2019-01-18,53.74607849121094
2019-01-22,52.59157180786133
2019-01-23,53.317508697509766
2019-01-24,53.95598602294922
2019-01-25,55.50408935546875
2019-01-28,55.03178787231445
2019-01-29,55.32916259765625
2019-01-30,56.990962982177734
2019-01-31,56.606117248535156
2019-02-01,56.011375427246094
2019-02-04,56.19504165649414
2019-02-05,57.06092834472656
2019-02-06,56.536155700683594
2019-02-07,55.50408935546875
2019-02-08,54.81312561035156
2019-02-11,54.88309860229492
2019-02-12,55.55656433105469
2019-02-13,55.24169921875
2019-02-14,55.58280563354492
2019-02-15,55.460357666015625
2019-02-19,55.67026901245117
2019-02-20,56.12507247924805
2019-02-21,55.8626823425293
2019-02-22,56.396209716796875
2019-02-25,56.57988357543945
2019-02-26,56.41370391845703
2019-02-27,56.28250503540039
2019-02-28,55.07551956176758
2019-03-01,55.145484924316406
2019-03-04,54.70817184448242
2019-03-05,54.57697677612305
2019-03-06,54.3408317565918
2019-03-07,53.43121337890625
2019-03-08,53.081356048583984
2019-03-11,53.60614013671875
2019-03-12,53.91225814819336
2019-03-13,53.56241226196289
2019-03-14,53.22129821777344
2019-03-15,54.23587417602539
2019-03-18,54.393306732177734
2019-03-19,54.27085876464844
2019-03-20,54.51575469970703
2019-03-21,54.99680709838867
2019-03-22,53.54491424560547
2019-03-25,53.5711555480957
2019-03-26,53.37873077392578
2019-03-27,52.792724609375
2019-03-28,53.07261276245117
2019-03-29,53.30876541137695
2019-04-01,54.35832595825195
2019-04-02,54.22713088989258
2019-04-03,55.24169921875
2019-04-04,55.34665298461914
2019-04-05,55.477848052978516
2019-04-08,55.12799835205078
2019-04-09,55.1192512512207
2019-04-10,55.530330657958984
2019-04-11,55.16297912597656
2019-04-12,55.93265914916992
2019-04-15,55.88017654418945
2019-04-16,56.116329193115234
2019-04-17,56.23877716064453
2019-04-18,55.355403900146484
2019-04-22,55.08426284790039
2019-04-23,55.29417419433594
2019-04-24,53.868526458740234
2019-04-25,53.57989501953125
2019-04-26,53.4661979675293
2019-04-29,54.288352966308594
2019-04-30,53.772315979003906
2019-05-01,53.35249328613281
2019-05-02,53.71984100341797
2019-05-03,53.737327575683594
2019-05-06,52.801475524902344
2019-05-07,51.865623474121094
2019-05-08,51.988067626953125
2019-05-09,50.34376525878906
2019-05-10,50.509944915771484
2019-05-13,48.63823318481445
2019-05-14,49.390419006347656
2019-05-15,49.64406204223633
2019-05-16,48.95310592651367
2019-05-17,48.340858459472656
2019-05-20,48.165931701660156
2019-05-21,48.78691864013672
2019-05-22,48.88313293457031
2019-05-23,48.419578552246094
2019-05-24,48.46330261230469
2019-05-28,48.50703811645508
2019-05-29,48.03473663330078
2019-05-30,48.62074279785156
2019-05-31,48.603248596191406
2019-06-03,49.521610260009766
2019-06-04,49.8714599609375
2019-06-05,49.372920989990234
2019-06-06,49.372920989990234
2019-06-07,49.8189811706543
2019-06-10,50.2737922668457
2019-06-11,50.69361877441406
2019-06-12,50.177581787109375
2019-06-13,49.90645217895508
2019-06-14,49.547847747802734
2019-06-17,49.75776290893555
2019-06-18,50.98225021362305
2019-06-19,51.340843200683594
2019-06-20,52.15425109863281
2019-06-21,51.91809844970703
2019-06-24,52.02305603027344
2019-06-25,51.78690719604492
2019-06-26,52.26795196533203
2019-06-27,52.574073791503906
2019-06-28,52.36416244506836
2019-07-01,52.162994384765625
2019-07-02,51.778160095214844
2019-07-03,50.88603973388672
2019-07-05,50.55367660522461
2019-07-08,49.582828521728516
2019-07-09,49.3991584777832
2019-07-10,50.03764343261719
2019-07-11,50.25629806518555
2019-07-12,50.38750076293945
2019-07-15,50.2213134765625
2019-07-16,50.2737922668457
2019-07-17,49.827735900878906
2019-07-18,50.466217041015625
2019-07-19,50.48370361328125
2019-07-22,50.79857635498047
2019-07-23,50.79857635498047
2019-07-24,50.53617858886719
2019-07-25,49.845218658447266
2019-07-26,49.96767044067383
2019-07-29,49.35543441772461
2019-07-30,49.267974853515625
2019-07-31,48.454559326171875
2019-08-01,47.83356475830078
2019-08-02,47.01142120361328
2019-08-05,44.9997673034668
2019-08-06,45.33212661743164
2019-08-07,45.402099609375
2019-08-08,45.769447326660156
2019-08-09,45.60326385498047
2019-08-12,45.08723449707031
2019-08-13,45.86565017700195
2019-08-14,44.76361846923828
2019-08-15,45.00851821899414
2019-08-16,45.65574264526367
2019-08-19,45.58577346801758
2019-08-20,46.154273986816406
2019-08-21,46.73154067993164
2019-08-22,45.78693771362305
2019-08-23,45.19218826293945
2019-08-26,45.28839111328125
2019-08-27,45.39335632324219
2019-08-28,45.821922302246094
2019-08-29,46.13678741455078
2019-08-30,46.58285140991211
2019-09-03,46.41667175292969
2019-09-04,47.457481384277344
2019-09-05,48.218414306640625
2019-09-06,48.46330261230469
2019-09-09,48.79566955566406
2019-09-10,49.18925857543945
2019-09-11,49.679046630859375
2019-09-12,50.238807678222656
2019-09-13,50.754844665527344
2019-09-16,49.83647537231445
2019-09-17,49.888954162597656
2019-09-18,49.810237884521484
2019-09-19,49.74026107788086
2019-09-20,49.96767044067383
2019-09-23,50.151344299316406
2019-09-24,49.897701263427734
2019-09-25,49.416656494140625
2019-09-26,49.42539978027344
2019-09-27,48.480804443359375
2019-09-30,49.27671813964844
2019-10-01,49.01432800292969
2019-10-02,48.12220001220703
2019-10-03,48.75193786621094
2019-10-04,49.08430099487305
2019-10-07,48.78691864013672
2019-10-08,49.01432800292969
2019-10-09,49.29420852661133
2019-10-10,49.85396957397461
2019-10-11,50.571170806884766
2019-10-14,50.2737922668457
2019-10-15,50.859798431396484
2019-10-16,50.859798431396484
2019-10-17,51.087196350097656
2019-10-18,50.37000274658203
2019-10-21,51.270870208740234
2019-10-22,51.67320251464844
2019-10-23,51.6207275390625
2019-10-24,51.6469612121582
2019-10-25,51.73442840576172
2019-10-28,52.075531005859375
2019-10-29,51.865623474121094
2019-10-30,51.944332122802734
2019-10-31,51.54201126098633
2019-11-01,52.556583404541016
2019-11-04,53.04637145996094
2019-11-05,53.68485641479492
2019-11-06,53.142581939697266
2019-11-07,53.79855728149414
2019-11-08,53.43995666503906
2019-11-11,52.72276306152344
2019-11-12,52.72276306152344
2019-11-13,52.2417106628418
2019-11-14,52.77524185180664
2019-11-15,53.824798583984375
2019-11-18,53.4661979675293
2019-11-19,53.1163444519043
2019-11-20,52.50410079956055
2019-11-21,51.55949783325195
2019-11-22,51.61198043823242
2019-11-25,52.451629638671875
2019-11-26,52.48661422729492
2019-11-27,52.320430755615234
2019-11-29,51.139678955078125
2019-12-02,50.816062927246094
2019-12-03,50.23006057739258
2019-12-04,50.326271057128906
2019-12-05,50.160091400146484
2019-12-06,50.84230422973633
2019-12-09,50.466217041015625
2019-12-10,50.92976760864258
2019-12-11,51.550750732421875
2019-12-12,53.37873077392578
2019-12-13,53.509925842285156
2019-12-16,53.90138626098633
2019-12-17,54.84874725341797
2019-12-18,54.839813232421875
2019-12-19,54.99174499511719
2019-12-20,55.34030532836914
2019-12-23,55.12580490112305
2019-12-24,54.70574951171875
2019-12-26,55.05430221557617
2019-12-27,55.84973907470703
2019-12-30,55.32242965698242
2019-12-31,55.58161544799805
2020-01-02,55.56373977661133
2020-01-03,54.43762969970703
2020-01-06,54.24100112915039
2020-01-07,54.82194137573242
2020-01-08,54.857688903808594
2020-01-09,55.37605667114258
2020-01-10,56.02848434448242
2020-01-13,57.27971649169922
2020-01-14,57.092037200927734
2020-01-15,56.45747756958008
2020-01-16,57.14565658569336
2020-01-17,57.23503112792969
2020-01-21,55.99273681640625
2020-01-22,57.10096740722656
2020-01-23,56.52898025512695
2020-01-24,56.21617126464844
2020-01-27,54.25887680053711
2020-01-28,54.214195251464844
2020-01-29,54.24994659423828
2020-01-30,53.043392181396484
2020-01-31,51.524044036865234
2020-02-03,52.35521697998047
2020-02-04,53.83882522583008
2020-02-05,54.339317321777344
2020-02-06,55.107933044433594
2020-02-07,54.02650833129883
2020-02-10,54.53594207763672
2020-02-11,55.34030532836914
2020-02-12,56.21617126464844
2020-02-13,55.25987243652344
2020-02-14,55.492244720458984
2020-02-18,54.58956527709961
2020-02-19,54.580631256103516
2020-02-20,52.91827392578125
2020-02-21,52.16753387451172
2020-02-24,49.441627502441406
2020-02-25,49.41481399536133
2020-02-26,50.01361846923828
2020-02-27,49.066253662109375
2020-02-28,49.1198844909668
2020-03-02,50.237060546875
2020-03-03,49.62931442260742
2020-03-04,51.46147918701172
2020-03-05,50.335365295410156
2020-03-06,49.638248443603516
2020-03-09,46.903411865234375
2020-03-10,48.90538787841797
2020-03-11,46.51016616821289
2020-03-12,41.70185089111328
2020-03-13,44.44562911987305
2020-03-16,37.420841217041016
2020-03-17,40.119930267333984
2020-03-18,36.34835433959961
2020-03-19,34.855812072753906
2020-03-20,36.26791763305664
2020-03-23,34.829002380371094
2020-03-24,39.163631439208984
2020-03-25,41.27286148071289
2020-03-26,42.75646209716797
2020-03-27,40.49530792236328
2020-03-30,41.36222457885742
2020-03-31,41.93421936035156
2020-04-01,39.04744338989258
2020-04-02,41.004737854003906
2020-04-03,40.35231018066406
2020-04-06,43.15864181518555
2020-04-07,43.632328033447266
2020-04-08,43.86470413208008
2020-04-09,43.73957061767578
2020-04-13,43.498268127441406
2020-04-14,44.56181335449219
2020-04-15,43.203330993652344
2020-04-16,43.74851608276367
2020-04-17,45.37511444091797
2020-04-20,44.38306427001953
2020-04-21,43.0871467590332
2020-04-22,44.36519241333008
2020-04-23,44.47244644165039
2020-04-24,44.526065826416016
2020-04-27,45.741554260253906
2020-04-28,45.804115295410156
2020-04-29,47.082157135009766
2020-04-30,46.134796142578125
2020-05-01,44.543941497802734
2020-05-04,44.838871002197266
2020-05-05,45.08912658691406
2020-05-06,44.838871002197266
2020-05-07,45.64323806762695
2020-05-08,46.2867317199707
2020-05-11,45.437679290771484
2020-05-12,45.02655792236328
2020-05-13,45.106998443603516
2020-05-14,45.45555114746094
2020-05-15,44.597564697265625
2020-05-18,46.393978118896484
2020-05-19,46.429725646972656
2020-05-20,47.0017204284668
2020-05-21,46.46548080444336
2020-05-22,45.786231994628906
2020-05-26,47.36815643310547
2020-05-27,47.386024475097656
2020-05-28,47.028533935546875
2020-05-29,47.86865234375
2020-06-01,49.10200881958008
2020-06-02,50.299617767333984
2020-06-03,52.399906158447266
2020-06-04,51.3631706237793
2020-06-05,53.5975227355957
2020-06-08,53.82988739013672
2020-06-09,53.052330017089844
2020-06-10,53.6422004699707
2020-06-11,50.69286346435547
2020-06-12,51.37210464477539
2020-06-15,49.60249710083008
2020-06-16,50.746482849121094
2020-06-17,51.318477630615234
2020-06-18,51.15761184692383
2020-06-19,50.71967697143555
2020-06-22,51.58660125732422
2020-06-23,51.577667236328125
2020-06-24,51.38998031616211
2020-06-25,51.30060577392578
2020-06-26,51.005672454833984
2020-06-29,51.12186050415039
2020-06-30,51.059295654296875
2020-07-01,51.35422897338867
2020-07-02,52.18540573120117
2020-07-06,53.740516662597656
2020-07-07,52.56077575683594
2020-07-08,52.89146041870117
2020-07-09,52.56971740722656
2020-07-10,52.221160888671875
2020-07-13,52.30159378051758
2020-07-14,52.775272369384766
2020-07-15,53.18639373779297
2020-07-16,52.650150299072266
2020-07-17,53.12382888793945
2020-07-20,53.40089416503906
2020-07-21,53.71369934082031
2020-07-22,53.508140563964844
2020-07-23,52.721649169921875
2020-07-24,52.650150299072266
2020-07-27,53.69582748413086
2020-07-28,53.82988739013672
2020-07-29,54.86661911010742
2020-07-30,54.3929443359375
2020-07-31,53.85669708251953
2020-08-03,54.49125671386719
2020-08-04,55.1794319152832
2020-08-05,56.520042419433594
2020-08-06,57.23503112792969
2020-08-07,57.065216064453125
2020-08-10,58.30751419067383
2020-08-11,58.81694793701172
2020-08-12,59.77324676513672
2020-08-13,59.460445404052734
2020-08-14,58.86164093017578
2020-08-17,59.52299499511719
2020-08-18,57.66402816772461
2020-08-19,57.503150939941406
2020-08-20,55.813987731933594
2020-08-21,56.064231872558594
2020-08-24,56.81496810913086
2020-08-25,57.66402816772461
2020-08-26,58.030460357666016
2020-08-27,57.01160430908203
2020-08-28,57.762332916259766
2020-08-31,56.36810302734375
2020-09-01,57.18140411376953
2020-09-02,57.18140411376953
2020-09-03,56.57366180419922
2020-09-04,56.96691131591797
2020-09-08,56.99372100830078
2020-09-09,57.74446487426758
2020-09-10,57.02947235107422
2020-09-11,57.64615249633789
2020-09-14,58.8437614440918
2020-09-15,59.52299499511719
2020-09-16,59.5498161315918
2020-09-17,59.37106704711914
2020-09-18,59.02251434326172
2020-09-21,58.51307678222656
2020-09-22,57.60145950317383
2020-09-23,56.689849853515625
2020-09-24,56.126792907714844
2020-09-25,56.305545806884766
2020-09-28,57.5120849609375
2020-09-29,57.67295837402344
2020-09-30,58.39689254760742
2020-10-01,58.995697021484375
2020-10-02,58.26283264160156
2020-10-05,59.5498161315918
2020-10-06,58.80801773071289
2020-10-07,60.211181640625
2020-10-08,60.51504898071289
2020-10-09,61.078102111816406
2020-10-12,60.76530075073242
2020-10-13,60.255863189697266
2020-10-14,59.782188415527344
2020-10-15,59.47832107543945
2020-10-16,59.47832107543945
2020-10-19,59.38894271850586
2020-10-20,60.13074493408203
2020-10-21,60.50611114501953
2020-10-22,60.20224380493164
2020-10-23,61.04236602783203
2020-10-26,60.03243637084961
2020-10-27,59.91625213623047
2020-10-28,59.013572692871094
2020-10-29,59.308502197265625
2020-10-30,58.00364685058594
2020-11-02,59.00463104248047
2020-11-03,60.282676696777344
2020-11-04,61.507102966308594
2020-11-05,62.96388626098633
2020-11-06,62.758331298828125
2020-11-09,63.37501907348633
2020-11-10,63.9559440612793
2020-11-11,64.80500793457031
2020-11-12,64.17938232421875
2020-11-13,65.72554779052734
2020-11-16,66.96784210205078
2020-11-17,66.92315673828125
2020-11-18,66.88740539550781
2020-11-19,66.67291259765625
2020-11-20,66.72654724121094
2020-11-23,68.0224609375
2020-11-24,69.15751647949219
2020-11-25,68.57657623291016
2020-11-27,69.58650207519531
2020-11-30,68.29951477050781
2020-12-01,69.63118743896484
2020-12-02,70.93603515625
2020-12-03,72.17833709716797
2020-12-04,74.17137908935547
2020-12-07,74.31439208984375
2020-12-08,72.73246002197266
2020-12-09,73.46533203125
2020-12-10,74.20712280273438
2020-12-11,73.67089080810547
2020-12-14,73.26560974121094
2020-12-15,74.32833862304688
2020-12-16,73.76094818115234
2020-12-17,73.58982849121094
2020-12-18,73.14852905273438
2020-12-21,72.45503997802734
2020-12-22,71.32025909423828
2020-12-23,72.79728698730469
2020-12-24,73.99510955810547
2020-12-28,74.68859100341797
2020-12-29,76.15660095214844
2020-12-30,77.58859252929688
2020-12-31,77.49854278564453
2021-01-04,79.54293823242188
2021-01-05,81.53330993652344
2021-01-06,81.4162368774414
2021-01-07,82.94729614257812
2021-01-08,86.65785217285156
2021-01-11,85.91934967041016
2021-01-12,85.21687316894531
2021-01-13,85.1988525390625
2021-01-14,85.79326629638672
2021-01-15,83.06437683105469
2021-01-19,83.42462158203125
2021-01-20,84.57743072509766
2021-01-21,86.4957504272461
2021-01-22,84.49636840820312
2021-01-25,86.24358367919922
2021-01-26,84.90164184570312
2021-01-27,81.80351257324219
2021-01-28,82.97431945800781
2021-01-29,79.34481048583984
2021-02-01,82.56903076171875
2021-02-02,83.02835845947266
2021-02-03,83.77586364746094
2021-02-04,82.50598907470703
2021-02-05,83.72183990478516
2021-02-08,82.70413208007812
2021-02-09,83.13642883300781
2021-02-10,83.72183990478516
2021-02-11,84.64047241210938
2021-02-12,84.74853515625
2021-02-16,84.31624603271484
2021-02-17,83.74884796142578
2021-02-18,82.50598907470703
2021-02-19,83.84791564941406
2021-02-22,81.66841125488281
2021-02-23,81.9476089477539
2021-02-24,81.04698944091797
2021-02-25,80.16437530517578
2021-02-26,79.22772216796875
2021-03-01,81.34418487548828
2021-03-02,80.5426254272461
2021-03-03,80.3084716796875
2021-03-04,78.8494644165039
2021-03-05,80.16437530517578
2021-03-08,78.1830062866211
2021-03-09,78.76841735839844
2021-03-10,77.60660552978516
2021-03-11,79.93021392822266
2021-03-12,79.2817611694336
2021-03-15,80.40755462646484
2021-03-16,80.55164337158203
2021-03-17,80.73176574707031
2021-03-18,78.9215087890625
2021-03-19,80.04729461669922
2021-03-22,80.23641967773438
2021-03-23,77.88580322265625
2021-03-24,77.46250915527344
2021-03-25,78.65133666992188
2021-03-26,80.28145599365234
2021-03-29,79.452880859375
2021-03-30,79.79512023925781
2021-03-31,80.78581237792969
2021-04-01,81.67741394042969
2021-04-05,82.73114776611328
2021-04-06,82.82121276855469
2021-04-07,82.31685638427734
2021-04-08,82.62306213378906
2021-04-09,82.23580169677734
2021-04-12,81.82151794433594
2021-04-13,83.28953552246094
2021-04-14,83.9830093383789
2021-04-15,84.64047241210938
2021-04-16,84.15412902832031
2021-04-19,84.11810302734375
2021-04-20,83.93798065185547
2021-04-21,83.73084259033203
2021-04-22,82.33486938476562
2021-04-23,83.61375427246094
2021-04-26,84.28923034667969
2021-04-27,83.87493896484375
2021-04-28,83.65878295898438
2021-04-29,83.4876708984375
2021-04-30,81.56033325195312
2021-05-03,81.39822387695312
2021-05-04,81.37120819091797
2021-05-05,81.59636688232422
2021-05-06,83.08238983154297
2021-05-07,84.29822540283203
2021-05-10,84.05506896972656
2021-05-11,82.98331451416016
2021-05-12,79.41686248779297
2021-05-13,80.35350036621094
2021-05-14,81.53330993652344
2021-05-17,80.01126098632812
2021-05-18,81.38922119140625
2021-05-19,81.12804412841797
2021-05-20,81.59636688232422
2021-05-21,80.60567474365234
2021-05-24,81.44325256347656
2021-05-25,82.14574432373047
2021-05-26,82.469970703125
2021-05-27,81.7674789428711
2021-05-28,82.8842544555664
2021-06-01,84.17214965820312
2021-06-02,83.69480895996094
2021-06-03,83.50568389892578
2021-06-04,84.47835540771484
2021-06-07,84.0640640258789
2021-06-08,83.49667358398438
2021-06-09,82.45195007324219
2021-06-10,83.46965789794922
2021-06-11,83.43363189697266
2021-06-14,83.73084259033203
2021-06-15,83.64077758789062
2021-06-16,82.74916076660156
2021-06-17,82.60505676269531
2021-06-18,82.04666900634766
2021-06-21,82.91127014160156
2021-06-22,82.83021545410156
2021-06-23,83.17244720458984
2021-06-24,84.16313171386719
2021-06-25,84.66748809814453
2021-06-28,84.15412902832031
2021-06-29,83.83891296386719
2021-06-30,83.91996765136719
2021-07-01,83.39761352539062
2021-07-02,83.75785827636719
2021-07-06,83.14543151855469
2021-07-07,82.4789810180664
2021-07-08,80.64170837402344
2021-07-09,81.2451171875
2021-07-12,81.86656188964844
2021-07-13,81.65941619873047
2021-07-14,82.20878601074219
2021-07-15,82.55101776123047
2021-07-16,81.69541931152344
2021-07-19,79.80412292480469
2021-07-20,81.001953125
2021-07-21,80.56966400146484
2021-07-22,81.2361068725586
2021-07-23,81.19108581542969
2021-07-26,81.08300018310547
2021-07-27,80.27244567871094
2021-07-28,81.01997375488281
2021-07-29,81.60536193847656
2021-07-30,79.93021392822266
2021-08-02,79.91220092773438
2021-08-03,81.10103607177734
2021-08-04,82.2177963256836
2021-08-05,82.41593170166016
2021-08-06,81.40723419189453
2021-08-09,81.32618713378906
2021-08-10,80.16437530517578
2021-08-11,79.60598754882812
2021-08-12,78.65133666992188
2021-08-13,77.76871490478516
2021-08-16,77.4084701538086
2021-08-17,75.6162338256836
2021-08-18,75.99449920654297
2021-08-19,74.75163269042969
2021-08-20,74.40940856933594
2021-08-23,75.60722351074219
2021-08-24,76.99417877197266
2021-08-25,77.03922271728516
2021-08-26,76.07554626464844
2021-08-27,77.18331909179688
2021-08-30,76.54386901855469
2021-08-31,78.0749282836914
2021-09-01,78.96654510498047
2021-09-02,77.9938735961914
2021-09-03,78.98455810546875
2021-09-07,77.84076690673828
2021-09-08,76.53486633300781
2021-09-09,75.32804107666016
2021-09-10,75.3010025024414
2021-09-13,75.868408203125
2021-09-14,75.97648620605469
2021-09-15,76.74201202392578
2021-09-16,75.31002044677734
2021-09-17,74.82369232177734
2021-09-20,72.99542236328125
2021-09-21,73.04045867919922
2021-09-22,73.84200286865234
2021-09-23,75.6162338256836
2021-09-24,74.31033325195312
2021-09-27,74.75163269042969
2021-09-28,72.95039367675781
2021-09-29,72.10381317138672
2021-09-30,72.64418029785156
2021-10-01,72.49108123779297
2021-10-04,71.47337341308594
2021-10-05,71.0500717163086
2021-10-06,69.51001739501953
2021-10-07,70.68082427978516
2021-10-08,70.2034912109375
2021-10-11,70.05939483642578
2021-10-12,68.87057495117188
2021-10-13,70.50070190429688
2021-10-14,71.60847473144531
2021-10-15,72.38299560546875
2021-10-18,71.72555541992188
2021-10-19,73.04045867919922
2021-10-20,72.63516998291016
2021-10-21,72.2479019165039
2021-10-22,72.3740005493164
2021-10-25,73.34666442871094
2021-10-26,73.8780288696289
2021-10-27,72.94137573242188
2021-10-28,73.03144836425781
2021-10-29,71.5904541015625
2021-11-01,71.90567016601562
2021-11-02,72.45503997802734
2021-11-03,71.59944915771484
2021-11-04,71.66250610351562
2021-11-05,71.57244110107422
2021-11-08,71.73455810546875
2021-11-09,71.23921203613281
2021-11-10,69.99635314941406
2021-11-11,70.83392333984375
2021-11-12,71.79759979248047
2021-11-15,71.92367553710938
2021-11-16,71.77957916259766
2021-11-17,70.86094665527344
2021-11-18,70.45567321777344
2021-11-19,70.63579559326172
2021-11-22,72.0767822265625
2021-11-23,71.5184097290039
2021-11-24,71.32025909423828
2021-11-26,68.23113250732422
2021-11-29,68.78050994873047
2021-11-30,68.20411682128906
2021-12-01,69.64511108398438
2021-12-02,71.20318603515625
2021-12-03,70.86994934082031
2021-12-06,71.85163116455078
2021-12-07,72.97740936279297
2021-12-08,73.18456268310547
2021-12-09,72.73423767089844
2021-12-10,72.71622467041016
2021-12-13,71.7679672241211
2021-12-14,71.44606018066406
2021-12-15,72.38420104980469
2021-12-16,71.95191955566406
2021-12-17,72.26463317871094
2021-12-20,70.83901977539062
2021-12-21,71.62081146240234
2021-12-22,72.11747741699219
2021-12-23,72.44857788085938
2021-12-27,72.73371124267578
2021-12-28,72.4853744506836
2021-12-29,72.54975128173828
2021-12-30,71.87834930419922
2021-12-31,71.62081146240234
2022-01-03,71.61161041259766
2022-01-04,71.45525360107422
2022-01-05,70.06643676757812
2022-01-06,69.5237808227539
2022-01-07,71.30809020996094
2022-01-10,70.19519805908203
2022-01-11,71.9427261352539
2022-01-12,73.36833190917969
2022-01-13,72.0806884765625
2022-01-14,71.07815551757812
2022-01-18,68.97193145751953
2022-01-19,69.74452209472656
2022-01-20,69.41341400146484
2022-01-21,68.5396499633789
2022-01-24,67.23360443115234
2022-01-25,66.24947357177734
2022-01-26,65.39411163330078
2022-01-27,63.65578842163086
2022-01-28,64.93423461914062
2022-01-31,66.5805892944336
2022-02-01,67.12324523925781
2022-02-02,67.60150909423828
2022-02-03,66.2034912109375
2022-02-04,66.88410949707031
2022-02-07,67.10484313964844
2022-02-08,67.30719757080078
2022-02-09,68.52125549316406
2022-02-10,67.73027038574219
2022-02-11,67.04966735839844
2022-02-14,66.442626953125
2022-02-15,66.95768737792969
2022-02-16,67.7670669555664
2022-02-17,67.23360443115234
2022-02-18,67.12324523925781
2022-02-22,66.93009185791016
2022-02-23,66.0655288696289
2022-02-24,64.96183013916016
2022-02-25,66.82892608642578
2022-02-28,66.59899139404297
2022-03-01,65.75281524658203
2022-03-02,65.78961181640625
2022-03-03,66.24028778076172
2022-03-04,64.37319946289062
2022-03-07,61.72431945800781
2022-03-08,62.15660095214844
2022-03-09,64.6123275756836
2022-03-10,62.6624641418457
2022-03-11,61.72431945800781
2022-03-14,61.45759201049805
2022-03-15,62.138206481933594
2022-03-16,64.86064910888672
2022-03-17,65.42170715332031
2022-03-18,65.76200866699219
2022-03-21,64.40078735351562
2022-03-22,65.50448608398438
2022-03-23,64.86985778808594
2022-03-24,65.26534271240234
2022-03-25,64.53874969482422
2022-03-28,65.19176483154297
2022-03-29,66.68175506591797
2022-03-30,65.80799865722656
2022-03-31,65.51368713378906
2022-04-01,65.3205337524414
2022-04-04,66.24947357177734
2022-04-05,65.17337799072266
2022-04-06,64.37319946289062
2022-04-07,63.968505859375
2022-04-08,63.370670318603516
2022-04-11,62.892398834228516
2022-04-12,63.02116012573242
2022-04-13,64.6123275756836
2022-04-14,63.21430969238281
2022-04-18,63.16831970214844
2022-04-19,63.618995666503906
2022-04-20,63.98689651489258
2022-04-21,62.83720779418945
2022-04-22,62.092220306396484
2022-04-25,61.65073776245117
2022-04-26,59.9032096862793
2022-04-27,59.967594146728516
2022-04-28,61.02531433105469
2022-04-29,61.29203414916992
2022-05-02,61.49437713623047
2022-05-03,61.68752670288086
2022-05-04,62.78202819824219
2022-05-05,60.593021392822266
2022-05-06,60.82296371459961
2022-05-09,58.87310028076172
2022-05-10,59.139827728271484
2022-05-11,58.49599838256836
2022-05-12,57.64983367919922
2022-05-13,60.23432159423828
2022-05-16,59.54451370239258
2022-05-17,61.108089447021484
2022-05-18,59.075443267822266
2022-05-19,60.2159309387207
2022-05-20,60.81377029418945
2022-05-23,61.74271011352539
2022-05-24,60.81377029418945
2022-05-25,60.70339584350586
2022-05-26,61.21845626831055
2022-05-27,62.17498779296875
2022-05-31,62.57968521118164
2022-06-01,62.18419647216797
2022-06-02,63.09473419189453
2022-06-03,61.64154052734375
2022-06-06,61.52197265625
2022-06-07,61.16326904296875
2022-06-08,60.730987548828125
2022-06-09,59.581302642822266
2022-06-10,58.063716888427734
2022-06-13,55.42403793334961
2022-06-14,56.06786346435547
2022-06-15,56.10465621948242
2022-06-16,54.485897064208984
2022-06-17,54.90898132324219
2022-06-21,54.7894172668457
2022-06-22,53.170658111572266
2022-06-23,52.62800598144531
2022-06-24,54.725032806396484
2022-06-27,54.725032806396484
2022-06-28,54.320343017578125
2022-06-29,53.483375549316406
2022-06-30,53.52016067504883
2022-07-01,52.79356002807617
2022-07-05,52.425662994384766
2022-07-06,51.98418426513672
2022-07-07,53.235042572021484
2022-07-08,53.621337890625
2022-07-11,52.08535385131836
2022-07-12,52.03936767578125
2022-07-13,52.425662994384766
2022-07-14,51.469120025634766
2022-07-15,52.287696838378906
2022-07-18,52.68318557739258
2022-07-19,53.98003387451172
2022-07-20,53.58454132080078
2022-07-21,54.46750259399414
2022-07-22,53.77769470214844
2022-07-25,54.06281280517578
2022-07-26,53.92485046386719
2022-07-27,55.037750244140625
2022-07-28,55.663177490234375
2022-07-29,55.690765380859375
2022-08-01,55.05613708496094
2022-08-02,54.660648345947266
2022-08-03,55.60799026489258
2022-08-04,55.8563232421875
2022-08-05,55.8563232421875
2022-08-08,56.15983963012695
2022-08-09,55.90230941772461
2022-08-10,56.63811111450195
2022-08-11,56.39897537231445
2022-08-12,57.199153900146484
2022-08-15,56.61971664428711
2022-08-16,56.66570281982422
2022-08-17,55.8011360168457
2022-08-18,55.22169494628906
2022-08-19,54.19157791137695
2022-08-22,53.161460876464844
2022-08-23,53.41898727416992
2022-08-24,53.73170471191406
2022-08-25,54.83540344238281
2022-08-26,53.244239807128906
2022-08-29,52.68318557739258
2022-08-30,52.637203216552734
2022-08-31,53.262630462646484
2022-09-01,52.13134002685547
2022-09-02,51.441532135009766
2022-09-06,50.549373626708984
2022-09-07,50.85289001464844
2022-09-08,50.28264617919922
2022-09-09,51.367950439453125
2022-09-12,51.80943298339844
2022-09-13,50.12628936767578
2022-09-14,50.67813491821289
2022-09-15,49.620426177978516
2022-09-16,50.0343132019043
2022-09-19,49.9515380859375
2022-09-20,49.27092742919922
2022-09-21,48.77425765991211
2022-09-22,48.194820404052734
2022-09-23,46.511680603027344
2022-09-26,45.54594421386719
2022-09-27,45.26082229614258
2022-09-28,45.39878463745117
2022-09-29,44.37786102294922
2022-09-30,43.559288024902344
2022-10-03,44.534217834472656
2022-10-04,46.63124465942383
2022-10-05,45.8310661315918
2022-10-06,46.18056869506836
2022-10-07,45.39878463745117
2022-10-10,44.791748046875
2022-10-11,44.718170166015625
2022-10-12,45.178043365478516
2022-10-13,45.150447845458984
2022-10-14,44.70896911621094
2022-10-17,46.11618423461914
2022-10-18,46.1713752746582
2022-10-19,45.57353210449219
2022-10-20,45.56433868408203
2022-10-21,46.300132751464844
2022-10-24,45.76668167114258
2022-10-25,46.539268493652344
2022-10-26,47.39463806152344
2022-10-27,47.36703872680664
2022-10-28,47.66136169433594
2022-10-31,47.65216827392578
2022-11-01,48.47993850708008
2022-11-02,47.58778762817383
2022-11-03,47.85450744628906
2022-11-04,49.60203552246094
2022-11-07,50.319435119628906
2022-11-08,51.43233108520508
2022-11-09,51.3587532043457
2022-11-10,53.694915771484375
2022-11-11,55.8563232421875
2022-11-14,54.7894172668457
2022-11-15,55.516014099121094
2022-11-16,53.869667053222656
2022-11-17,53.05108642578125
2022-11-18,53.391395568847656
2022-11-21,51.92899703979492
2022-11-22,52.29689407348633
2022-11-23,53.29941940307617
2022-11-25,53.22583770751953
2022-11-28,52.278499603271484
2022-11-29,53.676517486572266
2022-11-30,55.828731536865234
2022-12-01,55.470027923583984
2022-12-02,54.66984176635742
2022-12-05,53.400596618652344
2022-12-06,52.49924087524414
2022-12-07,52.78436279296875
2022-12-08,52.995906829833984
2022-12-09,53.382198333740234
2022-12-12,53.529361724853516
2022-12-13,54.2247428894043
2022-12-14,54.001319885253906
2022-12-15,51.664772033691406
2022-12-16,52.418800354003906
2022-12-19,52.73530578613281
2022-12-20,53.47071075439453
2022-12-21,53.359004974365234
2022-12-22,52.9680290222168
2022-12-23,53.09835433959961
2022-12-27,53.666202545166016
2022-12-28,52.69806671142578
2022-12-29,53.182132720947266
2022-12-30,52.57705307006836
2023-01-03,51.599609375
2023-01-04,53.638275146484375
2023-01-05,53.0704231262207
2023-01-06,55.75141143798828
2023-01-09,56.92434310913086
2023-01-10,57.11051940917969
2023-01-11,57.259464263916016
2023-01-12,57.67836380004883
2023-01-13,58.1065788269043
2023-01-17,57.94832992553711
2023-01-18,57.08259201049805
2023-01-19,57.87385177612305
2023-01-20,58.86991882324219
2023-01-23,59.48430633544922
2023-01-24,59.307430267333984
2023-01-25,59.44706726074219
2023-01-26,60.592071533203125
2023-01-27,60.88996505737305
2023-01-30,59.549468994140625
2023-01-31,59.084022521972656
2023-02-01,60.61069107055664
2023-02-02,60.601383209228516
2023-02-03,59.01885986328125
2023-02-06,57.33393478393555
2023-02-07,58.41377639770508
2023-02-08,58.56271743774414
2023-02-09,58.38584899902344
2023-02-10,58.16242980957031
2023-02-13,58.283451080322266
2023-02-14,58.274139404296875
2023-02-15,56.58921813964844
2023-02-16,57.203609466552734
2023-02-17,56.682308197021484
2023-02-21,55.956207275390625
2023-02-22,55.406978607177734
2023-02-23,56.33787536621094
2023-02-24,54.55986022949219
2023-02-27,54.662261962890625
2023-02-28,54.457462310791016
2023-03-01,55.50006866455078
2023-03-02,55.258033752441406
2023-03-03,56.4123420715332
2023-03-06,56.533363342285156
2023-03-07,54.950836181640625
2023-03-08,55.09978103637695
2023-03-09,53.74998474121094
2023-03-10,53.77790832519531
2023-03-13,54.9415283203125
2023-03-14,54.215431213378906
2023-03-15,53.340389251708984
2023-03-16,54.96945571899414
2023-03-17,54.29921340942383
2023-03-20,54.74604034423828
2023-03-21,55.04392623901367
2023-03-22,55.379051208496094
2023-03-23,56.29133224487305
2023-03-24,55.56522750854492
2023-03-27,55.379051208496094
2023-03-28,55.88173294067383
2023-03-29,55.85380935668945
2023-03-30,56.486820220947266
2023-03-31,56.989501953125
2023-04-03,56.65437698364258
2023-04-04,56.36579895019531
2023-04-05,56.43096160888672
2023-04-06,55.81657028198242
2023-04-10,57.026737213134766
2023-04-11,57.73421859741211
2023-04-12,57.86454772949219
2023-04-13,59.586708068847656
2023-04-14,58.972312927246094
2023-04-17,58.488250732421875
2023-04-18,58.61857223510742
2023-04-19,58.050724029541016
2023-04-20,57.86454772949219
2023-04-21,57.30601119995117
2023-04-24,56.933650970458984
2023-04-25,55.32319641113281
2023-04-26,55.63039016723633
2023-04-27,56.3471794128418
2023-04-28,56.477508544921875
2023-05-01,56.10514831542969
2023-05-02,56.22616958618164
2023-05-03,55.928279876708984
2023-05-04,56.37511444091797
2023-05-05,57.33393478393555
2023-05-08,57.296695709228516
2023-05-09,56.766090393066406
2023-05-10,56.84056091308594
2023-05-11,55.909664154052734
2023-05-12,55.174251556396484
2023-05-15,56.0586051940918
2023-05-16,55.47214126586914
2023-05-17,56.533363342285156
2023-05-18,56.97088623046875
2023-05-19,57.76214599609375
2023-05-22,58.748897552490234
2023-05-23,58.04141616821289
2023-05-24,58.04141616821289
2023-05-25,57.76214599609375
2023-05-26,58.73958969116211
2023-05-30,59.056087493896484
2023-05-31,58.44169998168945
2023-06-01,59.35397720336914
2023-06-02,60.6572380065918
2023-06-05,60.629302978515625
2023-06-06,61.159912109375
2023-06-07,60.28487777709961
2023-06-08,61.1226921081543
2023-06-09,62.07219696044922
2023-06-12,62.03496170043945
2023-06-13,62.844844818115234
2023-06-14,62.25837326049805
2023-06-15,62.407325744628906
2023-06-16,61.886024475097656
2023-06-20,60.67585372924805
2023-06-21,60.1545524597168
2023-06-22,60.17316818237305
2023-06-23,58.93507766723633
2023-06-26,59.48430633544922
2023-06-27,60.10800552368164
2023-06-28,58.90714645385742
2023-06-29,58.38584899902344
2023-06-30,59.000240325927734
2023-07-03,60.31280517578125
2023-07-05,59.63324737548828
2023-07-06,58.469627380371094
2023-07-07,58.776824951171875
2023-07-10,58.851295471191406
2023-07-11,59.9032096862793
2023-07-12,61.53227996826172
2023-07-13,62.342159271240234
2023-07-14,62.53764724731445
2023-07-17,62.872772216796875
2023-07-18,62.686588287353516
2023-07-19,62.48179626464844
2023-07-20,61.43918991088867
2023-07-21,61.46711349487305
2023-07-24,62.64936065673828
2023-07-25,63.2078971862793
2023-07-26,62.863460540771484
2023-07-27,61.7370719909668
2023-07-28,62.82622528076172
2023-07-31,62.90069580078125
2023-08-01,62.89139175415039
2023-08-02,60.95512390136719
2023-08-03,60.92719268798828
2023-08-04,60.35004425048828
2023-08-07,60.18247985839844
2023-08-08,59.3632926940918
2023-08-09,59.838043212890625
2023-08-10,59.44706726074219
2023-08-11,58.758201599121094
2023-08-14,58.236907958984375
2023-08-15,57.724910736083984
2023-08-16,56.56128692626953
2023-08-17,56.61714553833008
2023-08-18,56.477508544921875
2023-08-21,56.85917663574219
2023-08-22,56.57990646362305
2023-08-23,57.296695709228516
2023-08-24,57.259464263916016
2023-08-25,57.724910736083984
2023-08-28,58.19036102294922
2023-08-29,58.972312927246094
2023-08-30,58.590641021728516
2023-08-31,58.13450622558594
2023-09-01,58.841983795166016
2023-09-05,58.42308044433594
2023-09-06,57.73421859741211
2023-09-07,57.47357177734375
2023-09-08,57.52011489868164
2023-09-11,58.44169998168945
2023-09-12,57.724910736083984
2023-09-13,57.743526458740234
2023-09-14,58.49755859375
2023-09-15,58.758201599121094
2023-09-18,58.87922668457031
2023-09-19,58.255523681640625
2023-09-20,57.84592819213867
2023-09-21,56.31925582885742
2023-09-22,56.59852600097656
2023-09-25,56.43096160888672
2023-09-26,54.64364242553711
2023-09-27,54.662261962890625
2023-09-28,55.174251556396484
2023-09-29,54.8670539855957
2023-10-02,54.41091537475586
2023-10-03,53.86168670654297
2023-10-04,53.75929260253906
2023-10-05,53.9734001159668
2023-10-06,54.55986022949219
2023-10-09,54.42953872680664
2023-10-10,54.504005432128906
2023-10-11,55.444217681884766
2023-10-12,54.950836181640625
2023-10-13,54.699493408203125
2023-10-16,55.00669479370117
2023-10-17,54.960147857666016
2023-10-18,54.42953872680664
2023-10-19,53.72205352783203
2023-10-20,52.94941329956055
2023-10-23,53.163516998291016
2023-10-24,53.86168670654297
2023-10-25,52.49327087402344
2023-10-26,51.357574462890625
2023-10-27,50.864200592041016
2023-10-30,52.083675384521484
2023-10-31,51.15277862548828
2023-11-01,52.36294937133789
2023-11-02,54.03855895996094
2023-11-03,55.54661178588867
2023-11-06,58.34861373901367
2023-11-07,57.38978958129883
2023-11-08,56.29133224487305
2023-11-09,55.7327880859375
2023-11-10,56.133079528808594
2023-11-13,55.56522750854492
2023-11-14,57.61320114135742
2023-11-15,58.032108306884766
2023-11-16,58.44169998168945
2023-11-17,57.94832992553711
2023-11-20,59.12125778198242
2023-11-21,58.534793853759766
2023-11-22,58.56271743774414
2023-11-24,58.01348876953125
2023-11-27,58.236907958984375
2023-11-28,59.102638244628906
2023-11-29,59.000240325927734
2023-11-30,58.68373489379883
2023-12-01,58.94438552856445
2023-12-04,57.76214599609375
2023-12-05,57.28738784790039
2023-12-06,56.91503143310547
2023-12-07,57.5294189453125
2023-12-08,57.86454772949219
2023-12-11,58.37653350830078
2023-12-12,58.69304275512695
2023-12-13,59.4005241394043
2023-12-14,60.18247985839844
2023-12-15,59.521541595458984
2023-12-18,59.754268646240234
2023-12-19,60.42451477050781
2023-12-20,60.2917366027832
2023-12-21,61.24693298339844
2023-12-22,61.10365676879883
2023-12-26,61.39020538330078
2023-12-27,61.944217681884766
2023-12-28,63.023590087890625
2023-12-29,62.59375
2024-01-02,61.839149475097656
2024-01-03,60.51143264770508
2024-01-04,59.909664154052734
2024-01-05,60.062496185302734
2024-01-08,60.37770462036133
2024-01-09,59.01177978515625
2024-01-10,58.667911529541016
2024-01-11,58.772979736328125
2024-01-12,58.610599517822266
2024-01-16,56.34679412841797
2024-01-17,54.88534927368164
2024-01-18,55.907405853271484
2024-01-19,56.60469436645508
2024-01-22,55.907405853271484
2024-01-23,56.279930114746094
2024-01-24,56.470970153808594
2024-01-25,56.260826110839844
2024-01-26,56.83394241333008
2024-01-29,57.46437072753906
2024-01-30,57.22557067871094
2024-01-31,56.80529022216797
2024-02-01,58.553287506103516
2024-02-02,59.80459213256836
2024-02-05,59.346099853515625
2024-02-06,59.39385986328125
2024-02-07,60.4445686340332
2024-02-08,60.4445686340332
2024-02-09,60.81709289550781
2024-02-12,61.56214141845703
2024-02-13,59.900108337402344
2024-02-14,61.00813293457031
2024-02-15,60.93172073364258
2024-02-16,61.31379699707031
2024-02-20,61.41886901855469
2024-02-21,61.41886901855469
2024-02-22,62.211673736572266
2024-02-23,62.240333557128906
2024-02-26,61.32334518432617
2024-02-27,60.76933288574219
2024-02-28,61.27558898925781
2024-02-29,61.23738098144531
2024-03-01,62.0206413269043
2024-03-04,62.66061019897461
2024-03-05,61.42841339111328
2024-03-06,62.163917541503906
2024-03-07,62.92806625366211
2024-03-08,63.300594329833984
2024-03-11,63.26239013671875
2024-03-12,64.2080307006836
2024-03-13,64.08384704589844
2024-03-14,64.04564666748047
2024-03-15,62.65106201171875
2024-03-18,62.813453674316406
2024-03-19,62.35495376586914
2024-03-20,63.83550262451172
2024-03-21,64.50414276123047
2024-03-22,64.04564666748047
2024-03-25,64.49458312988281
2024-03-26,64.37996673583984
2024-03-27,64.2844467163086
2024-03-28,64.10295867919922
2024-04-01,63.61580276489258
2024-04-02,63.68267059326172
2024-04-03,63.520286560058594
2024-04-04,63.147762298583984
2024-04-05,63.13821029663086
2024-04-08,63.271934509277344
2024-04-09,62.918521881103516
2024-04-10,60.51143264770508
2024-04-11,62.011085510253906
2024-04-12,59.80459213256836
2024-04-15,59.470272064208984
2024-04-16,58.543739318847656
2024-04-17,58.1521110534668
2024-04-18,59.0308837890625
2024-04-19,58.572391510009766
2024-04-22,59.871456146240234
2024-04-23,60.167564392089844
2024-04-24,60.32994842529297
2024-04-25,60.08159637451172
2024-04-26,60.50188446044922
2024-04-29,61.15140914916992
2024-04-30,60.224876403808594
2024-05-01,60.263084411621094
2024-05-02,61.57169723510742
2024-05-03,62.259437561035156
2024-05-06,62.80389404296875
2024-05-07,62.746585845947266
2024-05-08,62.88031005859375
2024-05-09,62.18301773071289
2024-05-10,61.972877502441406
2024-05-13,62.116153717041016
2024-05-14,62.6319580078125
2024-05-15,63.921470642089844
2024-05-16,63.396114349365234
2024-05-17,62.52688980102539
2024-05-20,62.31674575805664
2024-05-21,61.944217681884766
2024-05-22,61.64811325073242
2024-05-23,61.0176887512207
2024-05-24,61.22782516479492
2024-05-28,61.8296012878418
2024-05-29,60.320396423339844
2024-05-30,59.68996810913086
2024-05-31,59.39385986328125
2024-06-03,60.37770462036133
2024-06-04,60.167564392089844
2024-06-05,61.30424499511719
2024-06-06,61.7913932800293
2024-06-07,60.80754089355469
2024-06-10,61.30424499511719
2024-06-11,60.92216491699219
2024-06-12,62.44092559814453
2024-06-13,61.934669494628906
2024-06-14,61.629005432128906
2024-06-17,62.125709533691406
2024-06-18,62.689273834228516
2024-06-20,62.43136978149414
2024-06-21,62.202125549316406
2024-06-24,62.068397521972656
2024-06-25,62.116153717041016
2024-06-26,62.31674575805664
2024-06-27,62.842105865478516
2024-06-28,63.12865447998047
2024-07-01,63.15732192993164
2024-07-02,63.195526123046875
2024-07-03,63.8546028137207
2024-07-05,65.87005615234375
2024-07-08,65.1536636352539
2024-07-09,65.0772476196289
2024-07-10,65.71723175048828
2024-07-11,65.7649917602539
2024-07-12,65.5739517211914
2024-07-15,64.58055877685547
2024-07-16,65.17277526855469
2024-07-17,64.07430267333984
2024-07-18,63.014041900634766
2024-07-19,62.30719757080078
2024-07-22,62.842105865478516
2024-07-23,62.5555419921875
2024-07-24,61.61946105957031
2024-07-25,61.18961715698242
2024-07-26,62.1352653503418
2024-07-29,62.1352653503418
2024-07-30,61.629005432128906
2024-07-31,63.568050384521484
2024-08-01,62.39316177368164
2024-08-02,60.70247268676758
2024-08-05,57.41661071777344
2024-08-06,56.77662658691406
2024-08-07,57.27333068847656
2024-08-08,58.715675354003906
2024-08-09,59.43206787109375
2024-08-12,59.470272064208984
2024-08-13,60.74068069458008
2024-08-14,60.85530090332031
2024-08-15,61.45707321166992
2024-08-16,62.60330581665039
2024-08-19,63.31014633178711
2024-08-20,63.348350524902344
2024-08-21,63.41521453857422
2024-08-22,62.211673736572266
2024-08-23,64.19847106933594
2024-08-26,63.12865447998047
2024-08-27,63.21462631225586
2024-08-28,62.57465362548828
2024-08-29,62.47913360595703
2024-08-30,62.56509780883789
2024-09-03,60.40636444091797
2024-09-04,60.42546463012695
2024-09-05,60.024288177490234
2024-09-06,57.78913497924805
2024-09-09,58.88760757446289
2024-09-10,58.534183502197266
2024-09-11,58.897159576416016
2024-09-12,59.70907211303711
2024-09-13,60.46367263793945
2024-09-16,60.6738166809082
2024-09-17,60.38726043701172
2024-09-18,60.42546463012695
2024-09-19,61.04634094238281
2024-09-20,60.4827766418457
2024-09-23,60.83619689941406
2024-09-24,62.125709533691406
2024-09-25,60.5209846496582
2024-09-26,64.07430267333984
2024-09-27,63.367454528808594
2024-09-30,61.09410095214844
2024-10-01,60.63560485839844
2024-10-02,60.5591926574707
2024-10-03,59.890560150146484
2024-10-04,59.890560150146484
2024-10-07,60.19622039794922
2024-10-08,60.54964065551758
2024-10-09,60.7120246887207
2024-10-10,60.47322463989258
2024-10-11,60.54964065551758
2024-10-14,60.72157287597656
2024-10-15,59.31744384765625
2024-10-16,60.052940368652344
2024-10-17,59.59444808959961
2024-10-18,59.288787841796875
2024-10-21,58.83029556274414
2024-10-22,58.1521110534668
2024-10-23,58.47687530517578
2024-10-24,58.49597930908203
2024-10-25,58.40045928955078
2024-10-28,58.954471588134766
2024-10-29,58.916263580322266
2024-10-30,58.0756950378418
2024-10-31,57.22557067871094
2024-11-01,57.33064651489258
2024-11-04,58.17121124267578
2024-11-05,58.381351470947266
2024-11-06,56.70976638793945
2024-11-07,57.9992790222168
2024-11-08,56.547386169433594
2024-11-11,55.754573822021484
2024-11-12,54.30268478393555
2024-11-13,53.37614822387695
2024-11-14,53.22331619262695
2024-11-15,53.68180847167969
2024-11-18,55.200565338134766
2024-11-19,54.952213287353516
2024-11-20,54.81848907470703
2024-11-21,55.41070556640625
2024-11-22,55.52532958984375
2024-11-25,56.10799789428711
2024-11-26,55.97426986694336
2024-11-27,55.534881591796875
2024-11-29,54.85669708251953
2024-12-02,54.1689567565918
2024-12-03,53.30928421020508
2024-12-04,53.69136047363281
2024-12-05,53.03227996826172
2024-12-06,52.49736785888672
2024-12-09,51.26517105102539
2024-12-10,51.51352310180664
2024-12-11,53.0131721496582
2024-12-12,52.99407196044922
2024-12-13,53.48121643066406
2024-12-16,53.0895881652832
2024-12-17,52.393226623535156
2024-12-18,50.965301513671875
2024-12-19,51.434757232666016
2024-12-20,51.19024658203125
2024-12-23,51.610801696777344
2024-12-24,51.552120208740234
2024-12-26,50.82837677001953
2024-12-27,50.3295783996582
2024-12-30,50.06550979614258
2024-12-31,49.772098541259766
2025-01-02,49.997047424316406
2025-01-03,51.679264068603516
2025-01-06,53.20499801635742
2025-01-07,52.53993606567383
2025-01-08,53.12675094604492
2025-01-10,52.34432601928711
2025-01-13,52.31498718261719
2025-01-14,52.81378173828125
2025-01-15,53.586429595947266
2025-01-16,53.341922760009766
2025-01-17,53.625553131103516
2025-01-21,54.456878662109375
2025-01-22,54.87743377685547
2025-01-23,54.44709396362305
2025-01-24,54.67204666137695
2025-01-27,53.35169982910156
2025-01-28,53.10719299316406
2025-01-29,53.22455596923828
2025-01-30,54.055885314941406
2025-01-31,52.78444290161133
2025-02-03,52.207401275634766
2025-02-04,53.15609359741211
2025-02-05,53.75269317626953
2025-02-06,54.00698471069336
2025-02-07,52.950706481933594
2025-02-10,53.92873764038086
2025-02-11,53.86027908325195
2025-02-12,53.948299407958984
2025-02-13,55.112159729003906
2025-02-14,55.43490982055664
2025-02-18,56.17821502685547
2025-02-19,56.99976348876953
2025-02-20,57.17580795288086
2025-02-21,56.324920654296875
2025-02-24,56.207557678222656
2025-02-25,56.285797119140625
2025-02-26,56.54008865356445
2025-02-27,54.720947265625
2025-02-28,53.46906280517578
2025-03-03,53.12675094604492
2025-03-04,53.37126159667969
2025-03-05,54.818748474121094
2025-03-06,53.733131408691406
2025-03-07,54.456878662109375
2025-03-10,52.90180587768555
2025-03-11,53.488624572753906
2025-03-12,54.720947265625
2025-03-13,54.00698471069336
2025-03-14,54.90677261352539
2025-03-17,56.5889892578125
2025-03-18,55.71854019165039
2025-03-19,55.98261260986328
2025-03-20,55.48381042480469
2025-03-21,55.610958099365234
2025-03-24,56.05107116699219
2025-03-25,55.81634521484375
2025-03-26,55.56205749511719
2025-03-27,55.24908447265625
2025-03-28,53.586429595947266
2025-03-31,52.8529052734375
2025-04-01,53.64510726928711
2025-04-02,53.4299430847168
2025-04-03,51.97267150878906
2025-04-04,50.12419128417969
2025-04-07,49.66451644897461
2025-04-08,47.84537124633789
2025-04-09,52.109596252441406
2025-04-10,50.681671142578125
2025-04-11,53.116973876953125
2025-04-14,53.15609359741211
2025-04-15,53.1854362487793
2025-04-16,52.872467041015625
2025-04-17,53.116973876953125
2025-04-21,53.195213317871094
2025-04-22,53.60599136352539
2025-04-23,54.37863540649414
2025-04-24,54.720947265625
2025-04-25,54.584022521972656
2025-04-28,54.42753982543945
2025-04-29,54.86764907836914
2025-04-30,54.95567321777344
2025-05-01,54.37863540649414
2025-05-02,56.442283630371094
2025-05-05,57.09756851196289
2025-05-06,57.21493148803711
2025-05-07,56.52052688598633
2025-05-08,55.94348907470703
2025-05-09,56.42272186279297
2025-05-12,56.765037536621094
2025-05-13,56.84327697753906
2025-05-14,57.322513580322266
2025-05-15,57.508338928222656
2025-05-16,57.49856185913086
2025-05-19,57.52790069580078
2025-05-20,57.117130279541016
2025-05-21,57.80175018310547
2025-05-22,57.009544372558594
2025-05-23,57.664825439453125
2025-05-27,58.662418365478516
2025-05-28,59.415504455566406
2025-05-29,60.442440032958984
2025-05-30,59.29814147949219
2025-06-02,60.383758544921875
2025-06-03,60.530460357666016
2025-06-04,62.57455062866211
2025-06-05,63.92423629760742
2025-06-06,64.12962341308594
2025-06-09,65.01963806152344
2025-06-10,64.7066650390625
2025-06-11,65.5184326171875
2025-06-12,66.20305633544922
2025-06-13,64.96095275878906
2025-06-16,66.69207000732422
2025-06-17,65.16633605957031
2025-06-18,66.37910461425781
2025-06-20,67.02459716796875
2025-06-23,67.89505004882812
2025-06-24,71.0541000366211
2025-06-25,70.7802505493164
2025-06-26,70.35969543457031
2025-06-27,69.18605041503906
2025-06-30,70.20320892333984
2025-07-01,70.0662841796875
2025-07-02,70.36946868896484
2025-07-03,71.10299682617188
2025-07-07,68.53076934814453
2025-07-08,70.49662017822266
2025-07-09,70.49662017822266
2025-07-10,71.53333282470703
2025-07-11,70.96607208251953
2025-07-14,71.59201049804688
2025-07-15,71.46487426757812
2025-07-16,71.47465515136719
2025-07-17,71.45508575439453
2025-07-18,70.79981231689453
2025-07-21,72.24729919433594
2025-07-22,71.28882598876953
2025-07-23,72.22773742675781
2025-07-24,71.69960021972656
2025-07-25,71.60179901123047
2025-07-28,71.11277770996094
2025-07-29,71.87564086914062
2025-07-30,72.06147003173828
2025-07-31,71.21057891845703
2025-08-01,69.09803009033203
2025-08-04,70.74112701416016
2025-08-05,71.28882598876953
2025-08-06,71.57245635986328
2025-08-07,71.82674407958984
2025-08-08,71.88542938232422
2025-08-11,71.42575073242188
2025-08-12,72.47224426269531
2025-08-13,73.07862854003906
2025-08-14,72.04191589355469
2025-08-15,71.77783966064453
2025-08-18,71.2008056640625
2025-08-19,69.87068176269531
2025-08-20,69.79243469238281
2025-08-21,69.65550994873047
2025-08-22,71.89521026611328
2025-08-25,71.1323471069336
2025-08-26,70.79981231689453
2025-08-27,70.8780517578125
2025-08-28,72.02234649658203
2025-08-29,70.6530990600586
2025-09-02,70.34013366699219
2025-09-03,71.30838775634766
2025-09-04,71.46487426757812
2025-09-05,72.01256561279297
2025-09-08,72.56027221679688
2025-09-09,73.27423095703125
2025-09-10,74.96623229980469
2025-09-11,76.14965057373047
2025-09-12,76.93208312988281
2025-09-15,77.450439453125
2025-09-16,78.91748809814453
2025-09-17,78.07637786865234
2025-09-18,78.97616577148438
2025-09-19,78.29154205322266
2025-09-22,79.76837158203125
2025-09-23,79.66078186035156
2025-09-24,78.2817611694336
2025-09-25,78.13505554199219
2025-09-26,77.13746643066406
2025-09-29,78.47736358642578
2025-09-30,78.34043884277344
2025-10-01,80.09112548828125
2025-10-02,81.69509887695312
2025-10-03,82.00806427001953
2025-10-06,82.91764068603516
2025-10-07,81.51905059814453
2025-10-08,82.3405990600586
2025-10-09,81.59729766845703
2025-10-10,78.94682312011719
2025-10-13,81.78311920166016
2025-10-14,80.87355041503906
2025-10-15,83.299072265625
2025-10-16,85.94953918457031
2025-10-17,86.57547760009766
2025-10-20,88.44352722167969
2025-10-21,86.6928482055664
2025-10-22,87.48504638671875
2025-10-23,88.0914306640625
2025-10-24,90.02793884277344
2025-10-27,92.23828887939453
2025-10-28,92.37521362304688
2025-10-29,94.77140045166016
2025-10-30,93.16742706298828
2025-10-31,94.86920166015625
2025-11-03,98.566162109375
2025-11-04,93.65644073486328
2025-11-05,94.49755096435547
2025-11-06,91.45587158203125
2025-11-07,89.78343200683594
2025-11-10,93.56841278076172
2025-11-11,93.19676971435547
2025-11-12,93.81292724609375
2025-11-13,92.0035629272461
2025-11-14,92.06224060058594
2025-11-17,90.97662353515625
2025-11-18,89.57804107666016
2025-11-19,88.57066345214844
2025-11-20,86.58525848388672
2025-11-21,87.2601089477539
2025-11-24,88.3163833618164
2025-11-25,87.81758117675781
2025-11-26,89.53892517089844
2025-11-28,88.87386322021484
2025-12-01,88.62935638427734
2025-12-02,90.04750061035156
2025-12-03,90.95706939697266
2025-12-04,89.85189819335938
2025-12-05,92.228515625
2025-12-08,92.98159790039062
2025-12-09,93.47061157226562
2025-12-10,94.62469482421875
2025-12-11,92.87401580810547
2025-12-12,90.63431549072266
2025-12-15,90.69300079345703
2025-12-16,89.5199966430664
2025-12-17,88.58000183105469
2025-12-18,90.06999969482422
2025-12-19,91.33999633789062
2025-12-22,91.75
2025-12-23,92.69999694824219
2025-12-24,94.5999984741211
2025-12-26,95.83999633789062
2025-12-29,98.72000122070312
2025-12-30,98.62000274658203
2025-12-31,97.22000122070312
2026-01-02,102.22000122070312
2026-01-05,104.83000183105469
2026-01-06,107.61000061035156
2026-01-07,107.02999877929688
2026-01-08,106.58999633789062
2026-01-09,108.88999938964844
2026-01-12,108.93000030517578
2026-01-13,107.54000091552734
2026-01-14,109.63999938964844
2026-01-15,111.05000305175781
2026-01-16,112.22000122070312
2026-01-20,110.97000122070312
2026-01-21,115.66000366210938
2026-01-22,115.98999786376953
2026-01-23,117.97000122070312
2026-01-26,117.31999969482422
2026-01-27,122.69999694824219
2026-01-28,125.55999755859375
2026-01-29,124.5
2026-01-30,122.41000366210938
2026-02-02,120.93000030517578
2026-02-03,124.31999969482422
2026-02-04,120.26000213623047
2026-02-05,120.20999908447266
2026-02-06,124.70999908447266
2026-02-09,126.05000305175781
2026-02-10,124.44999694824219
2026-02-11,130.60000610351562
2026-02-12,130.8000030517578
2026-02-13,133.97000122070312
2026-02-17,130.67999267578125
2026-02-18,132.92999267578125
2026-02-19,135.2100067138672
2026-02-20,141.8800048828125
2026-02-23,139.3000030517578
2026-02-24,144.5500030517578
2026-02-25,148.88999938964844
2026-02-26,150.41000366210938
2026-02-27,151.3699951171875
2026-03-02,147.5399932861328
2026-03-03,132.33999633789062
2026-03-04,134.3699951171875
2026-03-05,125.73999786376953
2026-03-06,126.7300033569336
2026-03-09,133.88999938964844
2026-03-10,130.3000030517578
2026-03-11,132.85000610351562
2026-03-12,123.5
2026-03-13,124.1500015258789
2026-03-16,133.10000610351562
2026-03-17,134.42999267578125
2026-03-18,131.8800048828125
2026-03-19,134.82000732421875
2026-03-20,125.77999877929688
2026-03-23,133.80999755859375
2026-03-24,128.75
2026-03-25,127.73999786376953
2026-03-26,119.98999786376953
2026-03-27,120.9800033569336
2026-03-30,116.43000030517578
2026-03-31,123.01000213623047
2026-04-01,126.22000122070312
2026-04-02,122.87000274658203
2026-04-06,125.94000244140625
2026-04-07,127.19000244140625
2026-04-08,140.07000732421875
2026-04-09,139.2899932861328
2026-04-10,138.72999572753906
2026-04-13,141.22999572753906
2026-04-14,146.67999267578125
2026-04-15,144.9199981689453
2026-04-16,147.47000122070312
2026-04-17,152.3300018310547
2026-04-20,150.08999633789062
2026-04-21,146.7899932861328
2026-04-22,155.8000030517578
2026-04-23,150.58999633789062
2026-04-24,154.57000732421875
2026-04-27,156.72999572753906
2026-04-28,154.3699951171875
2026-04-29,153.9600067138672
2026-04-30,160.75999450683594
2026-05-01,162.0
2026-05-04,163.58999633789062
2026-05-05,173.47000122070312
2026-05-06,181.97999572753906
2026-05-07,176.75
2026-05-08,190.1999969482422
2026-05-11,192.85000610351562
2026-05-12,178.5
2026-05-13,188.6300048828125
2026-05-14,190.52000427246094
2026-05-15,178.86000061035156
2026-05-18,176.10000610351562
2026-05-19,174.02000427246094
2026-05-20,180.11000061035156
2026-05-21,186.4199981689453
2026-05-22,182.02999877929688
2026-05-26,200.64999389648438
2026-05-27,198.2899932861328
2026-05-28,206.41000366210938
2026-05-29,205.8300018310547
2026-06-01,216.6999969482422
2026-06-02,214.52999877929688
2026-06-03,212.9600067138672
2026-06-04,203.97000122070312
2026-06-05,175.19000244140625
2026-06-08,185.63999938964844
2026-06-09,184.0500030517578
2026-06-10,178.4499969482422
2026-06-11,198.94000244140625
2026-06-12,197.4499969482422
2026-06-15,211.4499969482422
2026-06-16,205.91000366210938
2026-06-17,205.0800018310547
2026-06-18,219.1999969482422
2026-06-22,219.02000427246094
2026-06-23,192.1999969482422
2026-06-24,197.25999450683594
2026-06-25,205.0
2026-06-26,197.27999877929688
2026-06-29,197.5
2026-06-30,201.89999389648438
2026-07-01,185.5
2026-07-02,180.13999938964844
2026-07-06,189.85000610351562
2026-07-07,181.2899932861328
2026-07-08,182.72000122070312
2026-07-09,184.75
2026-07-10,183.52000427246094
2026-07-13,168.02000427246094
2026-07-14,176.97999572753906
2026-07-15,171.63999938964844
2026-07-16,163.36000061035156
2026-07-17,162.5399932861328
2026-07-20,162.86000061035156
2026-07-21,172.89999389648438
2026-07-22,170.42999267578125
2026-07-23,173.86000061035156
2026-07-24,162.9600067138672
2026-07-27,161.1999969482422
2026-07-28,151.4499969482422
2026-07-29,144.2100067138672
2026-07-30,161.2100067138672
2026-07-31,157.10000610351562
2026-08-03,160.24000549316406
2026-08-04,171.13999938964844
2026-08-05,169.13999938964844
2026-08-06,164.1199951171875
2026-08-07,166.08999633789062
2026-08-10,163.1199951171875
2026-08-11,167.24000549316406
2026-08-12,175.8699951171875
2026-08-13,178.6199951171875
2026-08-14,179.74000549316406
2026-08-17,185.10000610351562
2026-08-18,170.0500030517578
2026-08-19,174.42999267578125
2026-08-20,178.16000366210938
2026-08-21,178.33999633789062
2026-08-24,173.63999938964844
2026-08-25,180.14999389648438
2026-08-26,179.17999267578125
2026-08-27,182.13999938964844
2026-08-28,180.1999969482422
2026-08-31,180.86000061035156
2026-09-01,175.8000030517578
2026-09-02,178.86000061035156
2026-09-03,180.55999755859375
2026-09-04,188.8699951171875
2026-09-08,189.91000366210938
2026-09-09,190.77999877929688
2026-09-10,182.77999877929688
2026-09-11,188.72000122070312
2026-09-14,176.22000122070312
2026-09-15,176.49000549316406
2026-09-16,175.5399932861328
2026-09-17,182.38999938964844
2026-09-18,181.30999755859375
2026-09-21,189.16000366210938
2026-09-22,192.6199951171875
2026-09-23,185.64999389648438
2026-09-24,182.52999877929688
2026-09-25,187.17999267578125
2026-09-28,183.5800018310547
2026-09-29,187.10000610351562
2026-09-30,182.77999877929688
2026-10-01,186.11000061035156
2026-10-02,191.8800048828125
2026-10-05,191.4600067138672
2026-10-06,186.39999389648438
2026-10-07,183.69000244140625
