date,adjclose
2011-10-10,12.492740631103516
2011-10-11,12.438899040222168
2011-10-12,12.708130836486816
2011-10-13,12.60043716430664
2011-10-14,12.82659912109375
2011-10-17,12.578899383544922
2011-10-18,12.751211166381836
2011-10-19,12.557358741760254
2011-10-20,12.449663162231445
2011-10-21,12.621977806091309
2011-10-24,12.988144874572754
2011-10-25,12.772749900817871
2011-10-26,12.901986122131348
2011-10-27,13.698938369750977
2011-10-28,13.774324417114258
2011-10-31,13.192766189575195
2011-11-01,12.708130836486816
2011-11-02,13.05276107788086
2011-11-03,13.181992530822754
2011-11-04,13.149689674377441
2011-11-07,13.192766189575195
2011-11-08,13.2573823928833
2011-11-09,12.632744789123535
2011-11-10,12.60043716430664
2011-11-11,12.805060386657715
2011-11-14,12.783519744873047
2011-11-15,12.81583023071289
2011-11-16,12.514278411865234
2011-11-17,12.341967582702637
2011-11-18,12.277351379394531
2011-11-21,12.008110046386719
2011-11-22,12.083497047424316
2011-11-23,11.803485870361328
2011-11-25,11.685019493103027
2011-11-28,12.072729110717773
2011-11-29,12.061957359313965
2011-11-30,12.675827026367188
2011-12-01,12.589668273925781
2011-12-02,12.557358741760254
2011-12-05,12.68659496307373
2011-12-06,12.557358741760254
2011-12-07,12.611205101013184
2011-12-08,12.09426498413086
2011-12-09,12.255807876586914
2011-12-12,12.008110046386719
2011-12-13,11.954259872436523
2011-12-14,11.792717933654785
2011-12-15,11.760406494140625
2011-12-16,11.889641761779785
2011-12-19,11.6527099609375
2011-12-20,12.003077507019043
2011-12-21,12.091498374938965
2011-12-22,12.179917335510254
2011-12-23,12.224128723144531
2011-12-27,12.091498374938965
2011-12-28,11.969922065734863
2011-12-29,12.0804443359375
2011-12-30,11.969922065734863
2012-01-03,12.378866195678711
2012-01-04,12.38991928100586
2012-01-05,12.356762886047363
2012-01-06,12.257285118103027
2012-01-09,12.146759033203125
2012-01-10,12.478340148925781
2012-01-11,12.500445365905762
2012-01-12,12.5999174118042
2012-01-13,12.699389457702637
2012-01-17,12.843070983886719
2012-01-18,13.019914627075195
2012-01-19,13.097282409667969
2012-01-20,13.196749687194824
2012-01-23,13.285174369812012
2012-01-24,13.274123191833496
2012-01-25,13.550435066223145
2012-01-26,13.517276763916016
2012-01-27,13.727276802062988
2012-01-30,13.594645500183105
2012-01-31,13.683069229125977
2012-02-01,13.83780288696289
2012-02-02,13.859907150268555
2012-02-03,14.069910049438477
2012-02-06,14.025696754455566
2012-02-07,14.058854103088379
2012-02-08,14.235692977905273
2012-02-09,14.18043041229248
2012-02-10,13.870963096618652
2012-02-13,14.092010498046875
2012-02-14,14.047800064086914
2012-02-15,14.058854103088379
2012-02-16,14.08095932006836
2012-02-17,14.15832805633545
2012-02-21,14.224640846252441
2012-02-22,14.213587760925293
2012-02-23,14.20253849029541
2012-02-24,14.147273063659668
2012-02-27,14.08095932006836
2012-02-28,14.169380187988281
2012-02-29,14.246745109558105
2012-03-01,14.368324279785156
2012-03-02,14.346222877502441
2012-03-05,14.114114761352539
2012-03-06,13.660964012145996
2012-03-07,13.749382972717285
2012-03-08,14.103063583374023
2012-03-09,14.058854103088379
2012-03-12,13.915168762207031
2012-03-13,14.224640846252441
2012-03-14,14.125170707702637
2012-03-15,14.20253849029541
2012-03-16,14.268852233886719
2012-03-19,14.191482543945312
2012-03-20,14.00359058380127
2012-03-21,14.036745071411133
2012-03-22,13.926222801208496
2012-03-23,14.092010498046875
2012-03-26,14.213587760925293
2012-03-27,14.235692977905273
2012-03-28,14.224640846252441
2012-03-29,14.114114761352539
2012-03-30,14.246745109558105
2012-04-02,14.368324279785156
2012-04-03,14.235692977905273
2012-04-04,14.047800064086914
2012-04-05,14.00359058380127
2012-04-09,13.859907150268555
2012-04-10,13.7604341506958
2012-04-11,13.870963096618652
2012-04-12,14.092010498046875
2012-04-13,14.092010498046875
2012-04-16,14.08095932006836
2012-04-17,14.213587760925293
2012-04-18,14.18043041229248
2012-04-19,14.15832805633545
2012-04-20,14.224640846252441
2012-04-23,14.058854103088379
2012-04-24,14.114114761352539
2012-04-25,14.279902458190918
2012-04-26,14.390432357788086
2012-04-27,14.489903450012207
2012-04-30,14.368324279785156
2012-05-01,14.357271194458008
2012-05-02,14.500951766967773
2012-05-03,14.346222877502441
2012-05-04,14.257804870605469
2012-05-07,14.114114761352539
2012-05-08,14.036745071411133
2012-05-09,13.893070220947266
2012-05-10,13.937273979187012
2012-05-11,13.82674789428711
2012-05-14,13.561491012573242
2012-05-15,13.517276763916016
2012-05-16,13.263068199157715
2012-05-17,13.108332633972168
2012-05-18,12.909387588500977
2012-05-21,13.16359806060791
2012-05-22,13.196749687194824
2012-05-23,13.030967712402344
2012-05-24,12.942543029785156
2012-05-25,12.865178108215332
2012-05-29,13.119385719299316
2012-05-30,12.876229286193848
2012-05-31,12.876229286193848
2012-06-01,12.522550582885742
2012-06-04,12.588863372802734
2012-06-05,12.699389457702637
2012-06-06,13.030967712402344
2012-06-07,12.975701332092285
2012-06-08,12.843070983886719
2012-06-11,12.798860549926758
2012-06-12,13.064125061035156
2012-06-13,13.008862495422363
2012-06-14,13.042017936706543
2012-06-15,13.307281494140625
2012-06-18,13.417805671691895
2012-06-19,13.561491012573242
2012-06-20,13.572541236877441
2012-06-21,13.174933433532715
2012-06-22,13.320948600769043
2012-06-25,13.107545852661133
2012-06-26,13.197400093078613
2012-06-27,13.377108573913574
2012-06-28,13.444497108459473
2012-06-29,13.837615966796875
2012-07-02,13.916237831115723
2012-07-03,14.16333293914795
2012-07-05,14.140870094299316
2012-07-06,14.028555870056152
2012-07-09,13.905007362365723
2012-07-10,13.949930191040039
2012-07-11,14.20826530456543
2012-07-12,14.095948219299316
2012-07-13,14.320581436157227
2012-07-16,14.309349060058594
2012-07-17,14.48906421661377
2012-07-18,14.533987045288086
2012-07-19,14.623841285705566
2012-07-20,14.466593742370605
2012-07-23,14.230727195739746
2012-07-24,14.343043327331543
2012-07-25,14.38797378540039
2012-07-26,14.657537460327148
2012-07-27,14.736154556274414
2012-07-30,14.781085014343262
2012-07-31,14.758625030517578
2012-08-01,14.781085014343262
2012-08-02,14.680000305175781
2012-08-03,15.028189659118652
2012-08-06,14.983258247375488
2012-08-07,14.938329696655273
2012-08-08,14.90463924407959
2012-08-09,14.90463924407959
2012-08-10,14.893407821655273
2012-08-13,14.90463924407959
2012-08-14,15.016952514648438
2012-08-15,14.893407821655273
2012-08-16,14.949565887451172
2012-08-17,14.82601261138916
2012-08-20,14.85970687866211
2012-08-21,14.81478500366211
2012-08-22,14.82601261138916
2012-08-23,14.736154556274414
2012-08-24,14.792317390441895
2012-08-27,14.668764114379883
2012-08-28,14.623841285705566
2012-08-29,14.713695526123047
2012-08-30,14.500290870666504
2012-08-31,14.747392654418945
2012-09-04,14.567682266235352
2012-09-05,14.556450843811035
2012-09-06,14.769856452941895
2012-09-07,14.893407821655273
2012-09-10,14.81478500366211
2012-09-11,14.972030639648438
2012-09-12,15.050647735595703
2012-09-13,15.286519050598145
2012-09-14,15.432531356811523
2012-09-17,15.286519050598145
2012-09-18,15.286519050598145
2012-09-19,15.33144760131836
2012-09-20,15.275288581848145
2012-09-21,15.308979034423828
2012-09-24,15.196661949157715
2012-09-25,15.07311725616455
2012-09-26,14.927103042602539
2012-09-27,15.185432434082031
2012-09-28,15.061882972717285
2012-10-01,15.129276275634766
2012-10-02,15.140504837036133
2012-10-03,15.106805801391602
2012-10-04,15.241591453552246
2012-10-05,15.241591453552246
2012-10-08,15.07311725616455
2012-10-09,14.938329696655273
2012-10-10,14.82601261138916
2012-10-11,14.882174491882324
2012-10-12,14.927103042602539
2012-10-15,15.028189659118652
2012-10-16,15.185432434082031
2012-10-17,15.286519050598145
2012-10-18,15.230358123779297
2012-10-19,15.005721092224121
2012-10-22,15.0843505859375
2012-10-23,14.960793495178223
2012-10-24,14.938329696655273
2012-10-25,15.0843505859375
2012-10-26,15.028189659118652
2012-10-31,14.983258247375488
2012-11-01,14.994492530822754
2012-11-02,14.81478500366211
2012-11-05,14.90463924407959
2012-11-06,14.938329696655273
2012-11-07,14.803548812866211
2012-11-08,14.63507080078125
2012-11-09,14.657537460327148
2012-11-12,14.747392654418945
2012-11-13,14.657537460327148
2012-11-14,14.41043472290039
2012-11-15,14.320581436157227
2012-11-16,14.331812858581543
2012-11-19,14.533987045288086
2012-11-20,14.48906421661377
2012-11-21,14.500290870666504
2012-11-23,14.736154556274414
2012-11-26,14.803548812866211
2012-11-27,14.758625030517578
2012-11-28,14.927103042602539
2012-11-29,15.106805801391602
2012-11-30,15.196661949157715
2012-12-03,15.118043899536133
2012-12-04,15.118043899536133
2012-12-05,15.185432434082031
2012-12-06,15.241591453552246
2012-12-07,15.432531356811523
2012-12-10,15.421302795410156
2012-12-11,15.443761825561523
2012-12-12,15.499921798706055
2012-12-13,15.533618927001953
2012-12-14,15.601011276245117
2012-12-17,15.61224365234375
2012-12-18,15.688267707824707
2012-12-19,15.619153022766113
2012-12-20,15.722822189331055
2012-12-21,15.596115112304688
2012-12-24,15.630670547485352
2012-12-26,15.596115112304688
2012-12-27,15.653707504272461
2012-12-28,15.653707504272461
2012-12-31,15.768895149230957
2013-01-02,15.999265670776367
2013-01-03,15.861042976379395
2013-01-04,15.849523544311523
2013-01-07,15.69978141784668
2013-01-08,15.607637405395508
2013-01-09,15.75737476348877
2013-01-10,15.930155754089355
2013-01-11,15.7919340133667
2013-01-14,15.688267707824707
2013-01-15,15.630670547485352
2013-01-16,15.722822189331055
2013-01-17,15.73434066772461
2013-01-18,15.711298942565918
2013-01-22,15.69978141784668
2013-01-23,15.69978141784668
2013-01-24,15.803448677062988
2013-01-25,15.745855331420898
2013-01-28,15.73434066772461
2013-01-29,15.780413627624512
2013-01-30,15.872562408447266
2013-01-31,15.861042976379395
2013-02-01,15.895600318908691
2013-02-04,15.803448677062988
2013-02-05,15.838003158569336
2013-02-06,15.872562408447266
2013-02-07,15.768895149230957
2013-02-08,15.930155754089355
2013-02-11,15.907115936279297
2013-02-12,15.964709281921387
2013-02-13,16.010786056518555
2013-02-14,15.999265670776367
2013-02-15,15.895600318908691
2013-02-19,15.999265670776367
2013-02-20,15.964709281921387
2013-02-21,15.826484680175781
2013-02-22,15.930155754089355
2013-02-25,15.642189025878906
2013-02-26,15.67674446105957
2013-02-27,15.849523544311523
2013-02-28,15.73434066772461
2013-03-01,15.780413627624512
2013-03-04,15.5845947265625
2013-03-05,15.688267707824707
2013-03-06,15.768895149230957
2013-03-07,15.826484680175781
2013-03-08,15.838003158569336
2013-03-11,15.745855331420898
2013-03-12,15.81496810913086
2013-03-13,15.711298942565918
2013-03-14,15.7919340133667
2013-03-15,15.75737476348877
2013-03-18,15.642189025878906
2013-03-19,15.653707504272461
2013-03-20,15.619153022766113
2013-03-21,15.665226936340332
2013-03-22,15.722822189331055
2013-03-25,15.745855331420898
2013-03-26,15.976227760314941
2013-03-27,16.022300720214844
2013-03-28,16.079893112182617
2013-04-01,15.930155754089355
2013-04-02,16.033823013305664
2013-04-03,16.010786056518555
2013-04-04,16.033823013305664
2013-04-05,15.999265670776367
2013-04-08,15.918634414672852
2013-04-09,16.068374633789062
2013-04-10,16.068374633789062
2013-04-11,16.11444854736328
2013-04-12,16.010786056518555
2013-04-15,15.838003158569336
2013-04-16,16.022300720214844
2013-04-17,15.884078979492188
2013-04-18,15.98774528503418
2013-04-19,16.068374633789062
2013-04-22,15.98774528503418
2013-04-23,15.895600318908691
2013-04-24,16.010786056518555
2013-04-25,16.3217830657959
2013-04-26,16.367856979370117
2013-04-29,16.563676834106445
2013-04-30,16.632787704467773
2013-05-01,16.494564056396484
2013-05-02,16.759490966796875
2013-05-03,16.644302368164062
2013-05-06,16.701900482177734
2013-05-07,16.736454010009766
2013-05-08,16.92074966430664
2013-05-09,16.92074966430664
2013-05-10,16.886192321777344
2013-05-13,16.817079544067383
2013-05-14,16.874677658081055
2013-05-15,16.80556869506836
2013-05-16,16.678857803344727
2013-05-17,16.598228454589844
2013-05-20,16.690378189086914
2013-05-21,16.598228454589844
2013-05-22,16.425451278686523
2013-05-23,16.2872314453125
2013-05-24,16.13748550415039
2013-05-28,16.1259708404541
2013-05-29,15.895600318908691
2013-05-30,15.907115936279297
2013-05-31,15.5845947265625
2013-06-03,15.838003158569336
2013-06-04,15.768895149230957
2013-06-05,15.457895278930664
2013-06-06,15.434854507446289
2013-06-07,15.411818504333496
2013-06-10,15.216001510620117
2013-06-11,15.12385368347168
2013-06-12,14.985633850097656
2013-06-13,15.227521896362305
2013-06-14,15.250556945800781
2013-06-17,15.319669723510742
2013-06-18,15.446374893188477
2013-06-19,15.112332344055176
2013-06-20,14.329076766967773
2013-06-21,14.663116455078125
2013-06-24,14.329076766967773
2013-06-25,14.755261421203613
2013-06-26,14.801339149475098
2013-06-27,14.950368881225586
2013-06-28,15.00904655456543
2013-07-01,14.8682279586792
2013-07-02,14.879961967468262
2013-07-03,14.809553146362305
2013-07-05,14.72740650177002
2013-07-08,14.786080360412598
2013-07-09,14.985574722290039
2013-07-10,15.055986404418945
2013-07-11,15.724875450134277
2013-07-12,15.51364803314209
2013-07-15,15.60753059387207
2013-07-16,15.537116050720215
2013-07-17,15.525383949279785
2013-07-18,15.454974174499512
2013-07-19,15.466707229614258
2013-07-22,15.677938461303711
2013-07-23,15.701410293579102
2013-07-24,15.666205406188965
2013-07-25,15.760088920593262
2013-07-26,15.783552169799805
2013-07-29,15.642733573913574
2013-07-30,15.677938461303711
2013-07-31,15.630999565124512
2013-08-01,15.771820068359375
2013-08-02,15.771820068359375
2013-08-05,15.74835205078125
2013-08-06,15.642733573913574
2013-08-07,15.689674377441406
2013-08-08,15.865699768066406
2013-08-09,15.912640571594238
2013-08-12,15.818758964538574
2013-08-13,15.783552169799805
2013-08-14,15.724875450134277
2013-08-15,15.548853874206543
2013-08-16,15.419771194458008
2013-08-19,15.232011795043945
2013-08-20,15.102923393249512
2013-08-21,14.856492042541504
2013-08-22,14.797811508178711
2013-08-23,14.797811508178711
2013-08-26,14.762609481811523
2013-08-27,14.457502365112305
2013-08-28,14.492704391479492
2013-08-29,14.574851036071777
2013-08-30,14.551383972167969
2013-09-03,14.586585998535156
2013-09-04,14.645259857177734
2013-09-05,14.680461883544922
2013-09-06,14.903428077697754
2013-09-09,15.208544731140137
2013-09-10,15.208544731140137
2013-09-11,15.22027587890625
2013-09-12,15.232011795043945
2013-09-13,15.26721477508545
2013-09-16,15.60753059387207
2013-09-17,15.701410293579102
2013-09-18,16.159072875976562
2013-09-19,16.02998924255371
2013-09-20,15.889167785644531
2013-09-23,15.912640571594238
2013-09-24,15.842233657836914
2013-09-25,15.830495834350586
2013-09-26,15.818758964538574
2013-09-27,15.830495834350586
2013-09-30,15.666205406188965
2013-10-01,15.830495834350586
2013-10-02,15.74835205078125
2013-10-03,15.595793724060059
2013-10-04,15.65446662902832
2013-10-07,15.619267463684082
2013-10-08,15.584061622619629
2013-10-09,15.619267463684082
2013-10-10,15.9243745803833
2013-10-11,15.983048439025879
2013-10-14,15.99478530883789
2013-10-15,15.865699768066406
2013-10-16,15.947842597961426
2013-10-17,16.12386703491211
2013-10-18,16.206016540527344
2013-10-21,16.088668823242188
2013-10-22,16.3233642578125
2013-10-23,16.112131118774414
2013-10-24,16.241220474243164
2013-10-25,16.264686584472656
2013-10-28,16.241220474243164
2013-10-29,16.241220474243164
2013-10-30,16.27642250061035
2013-10-31,16.206016540527344
2013-11-01,16.194276809692383
2013-11-04,16.18254280090332
2013-11-05,16.147340774536133
2013-11-06,16.206016540527344
2013-11-07,16.041723251342773
2013-11-08,15.99478530883789
2013-11-11,16.00651741027832
2013-11-12,15.93610668182373
2013-11-13,15.947842597961426
2013-11-14,16.053457260131836
2013-11-15,16.147340774536133
2013-11-18,16.12386703491211
2013-11-19,16.07693099975586
2013-11-20,15.971314430236816
2013-11-21,15.900903701782227
2013-11-22,15.93610668182373
2013-11-25,15.865699768066406
2013-11-26,15.959580421447754
2013-11-27,15.9243745803833
2013-11-29,15.93610668182373
2013-12-02,15.795289039611816
2013-12-03,15.865699768066406
2013-12-04,15.74835205078125
2013-12-05,15.466707229614258
2013-12-06,15.584061622619629
2013-12-09,15.572327613830566
2013-12-10,15.419771194458008
2013-12-11,15.22027587890625
2013-12-12,15.161595344543457
2013-12-13,15.278951644897461
2013-12-16,15.302419662475586
2013-12-17,15.196806907653809
2013-12-18,15.30337905883789
2013-12-19,15.135730743408203
2013-12-20,15.31535530090332
2013-12-23,15.363251686096191
2013-12-24,15.447075843811035
2013-12-26,15.45904541015625
2013-12-27,15.614716529846191
2013-12-30,15.638657569885254
2013-12-31,15.770380973815918
2014-01-02,15.5189208984375
2014-01-03,15.411144256591797
2014-01-06,15.30337905883789
2014-01-07,15.327324867248535
2014-01-08,15.399169921875
2014-01-09,15.399169921875
2014-01-10,15.49497127532959
2014-01-13,15.339301109313965
2014-01-14,15.31535530090332
2014-01-15,15.30337905883789
2014-01-16,15.291401863098145
2014-01-17,15.207581520080566
2014-01-21,15.099808692932129
2014-01-22,15.183633804321289
2014-01-23,14.94414234161377
2014-01-24,14.668730735778809
2014-01-27,14.668730735778809
2014-01-28,14.94414234161377
2014-01-29,14.560958862304688
2014-01-30,14.74057674407959
2014-01-31,14.632807731628418
2014-02-03,14.333443641662598
2014-02-04,14.548985481262207
2014-02-05,14.513063430786133
2014-02-06,14.704654693603516
2014-02-07,14.836373329162598
2014-02-10,14.716628074645996
2014-02-11,14.94414234161377
2014-02-12,14.872297286987305
2014-02-13,14.94414234161377
2014-02-14,15.087837219238281
2014-02-18,15.171659469604492
2014-02-19,15.159684181213379
2014-02-20,15.243508338928223
2014-02-21,15.219552993774414
2014-02-24,15.363251686096191
2014-02-25,15.207581520080566
2014-02-26,15.123762130737305
2014-02-27,15.26745319366455
2014-02-28,15.171659469604492
2014-03-03,15.0159912109375
2014-03-04,15.183633804321289
2014-03-05,15.05191707611084
2014-03-06,15.27942943572998
2014-03-07,15.219552993774414
2014-03-10,15.171659469604492
2014-03-11,15.075858116149902
2014-03-12,15.111788749694824
2014-03-13,14.812421798706055
2014-03-14,14.920193672180176
2014-03-17,15.075858116149902
2014-03-18,15.02796459197998
2014-03-19,14.812421798706055
2014-03-20,14.704654693603516
2014-03-21,14.884271621704102
2014-03-24,15.039941787719727
2014-03-25,15.183633804321289
2014-03-26,15.291401863098145
2014-03-27,15.447075843811035
2014-03-28,15.590767860412598
2014-03-31,15.638657569885254
2014-04-01,15.734461784362793
2014-04-02,15.686563491821289
2014-04-03,15.758406639099121
2014-04-04,15.74643611907959
2014-04-07,15.686563491821289
2014-04-08,15.926048278808594
2014-04-09,15.997896194458008
2014-04-10,15.914073944091797
2014-04-11,15.914073944091797
2014-04-14,15.94999885559082
2014-04-15,16.117643356323242
2014-04-16,16.177515029907227
2014-04-17,16.225412368774414
2014-04-21,16.153564453125
2014-04-22,16.213438034057617
2014-04-23,16.045793533325195
2014-04-24,16.177515029907227
2014-04-25,16.00987434387207
2014-04-28,16.09369468688965
2014-04-29,16.105663299560547
2014-04-30,16.297258377075195
2014-05-01,16.333181381225586
2014-05-02,16.27330780029297
2014-05-05,16.297258377075195
2014-05-06,16.297258377075195
2014-05-07,16.297258377075195
2014-05-08,16.297258377075195
2014-05-09,16.333181381225586
2014-05-12,16.369102478027344
2014-05-13,16.309232711791992
2014-05-14,16.452924728393555
2014-05-15,16.405029296875
2014-05-16,16.47687530517578
2014-05-19,16.5367488861084
2014-05-20,16.428974151611328
2014-05-21,16.500829696655273
2014-05-22,16.464900970458984
2014-05-23,16.500829696655273
2014-05-27,16.428974151611328
2014-05-28,16.464900970458984
2014-05-29,16.644519805908203
2014-05-30,16.596616744995117
2014-06-02,16.548721313476562
2014-06-03,16.52477264404297
2014-06-04,16.405029296875
2014-06-05,16.52477264404297
2014-06-06,16.632543563842773
2014-06-09,16.740312576293945
2014-06-10,16.692413330078125
2014-06-11,16.548721313476562
2014-06-12,16.5367488861084
2014-06-13,16.560697555541992
2014-06-16,16.52477264404297
2014-06-17,16.393054962158203
2014-06-18,16.560697555541992
2014-06-19,16.452924728393555
2014-06-20,16.38108253479004
2014-06-23,16.393054962158203
2014-06-24,16.393054962158203
2014-06-25,16.45499038696289
2014-06-26,16.515708923339844
2014-06-27,16.503562927246094
2014-06-30,16.418556213378906
2014-07-01,16.418556213378906
2014-07-02,16.491416931152344
2014-07-03,16.588571548461914
2014-07-07,16.61286163330078
2014-07-08,16.564281463623047
2014-07-09,16.637147903442383
2014-07-10,16.55213737487793
2014-07-11,16.685718536376953
2014-07-14,16.722152709960938
2014-07-15,16.73430061340332
2014-07-16,16.807165145874023
2014-07-17,16.649295806884766
2014-07-18,16.88002586364746
2014-07-21,16.904314041137695
2014-07-22,17.025754928588867
2014-07-23,17.13504409790039
2014-07-24,17.15933609008789
2014-07-25,17.050037384033203
2014-07-28,17.122900009155273
2014-07-29,17.08647346496582
2014-07-30,17.074325561523438
2014-07-31,17.074325561523438
2014-08-01,17.050037384033203
2014-08-04,16.989320755004883
2014-08-05,16.904314041137695
2014-08-06,16.867881774902344
2014-08-07,16.79501724243164
2014-08-08,16.722152709960938
2014-08-11,16.867881774902344
2014-08-12,16.78287124633789
2014-08-13,16.91645622253418
2014-08-14,16.904314041137695
2014-08-15,16.928600311279297
2014-08-18,16.904314041137695
2014-08-19,16.989320755004883
2014-08-20,16.904314041137695
2014-08-21,16.904314041137695
2014-08-22,16.904314041137695
2014-08-25,16.989320755004883
2014-08-26,16.977174758911133
2014-08-27,17.08647346496582
2014-08-28,17.037899017333984
2014-08-29,16.95288848876953
2014-09-02,16.855735778808594
2014-09-03,17.050037384033203
2014-09-04,16.928600311279297
2014-09-05,16.928600311279297
2014-09-08,16.758586883544922
2014-09-09,16.710012435913086
2014-09-10,16.78287124633789
2014-09-11,16.710012435913086
2014-09-12,16.710012435913086
2014-09-15,16.503562927246094
2014-09-16,16.515708923339844
2014-09-17,16.43069839477539
2014-09-18,16.45499038696289
2014-09-19,16.45499038696289
2014-09-22,16.333547592163086
2014-09-23,16.406410217285156
2014-09-24,16.503562927246094
2014-09-25,16.26068687438965
2014-09-26,16.382125854492188
2014-09-29,16.284976959228516
2014-09-30,16.199966430664062
2014-10-01,16.102819442749023
2014-10-02,16.090673446655273
2014-10-03,16.066377639770508
2014-10-06,16.127103805541992
2014-10-07,15.981374740600586
2014-10-08,16.151390075683594
2014-10-09,16.114961624145508
2014-10-10,15.823503494262695
2014-10-13,15.81136417388916
2014-10-14,15.81136417388916
2014-10-15,15.81136417388916
2014-10-16,15.62920093536377
2014-10-17,15.714211463928223
2014-10-20,15.81136417388916
2014-10-21,15.96923542022705
2014-10-22,15.9327974319458
2014-10-23,15.993518829345703
2014-10-24,15.993518829345703
2014-10-27,15.884222984313965
2014-10-28,16.01780891418457
2014-10-29,15.908514022827148
2014-10-30,15.981374740600586
2014-10-31,16.114961624145508
2014-11-03,16.114961624145508
2014-11-04,16.102819442749023
2014-11-05,16.078523635864258
2014-11-06,16.078523635864258
2014-11-07,16.199966430664062
2014-11-10,16.22425079345703
2014-11-11,16.175682067871094
2014-11-12,16.102819442749023
2014-11-13,16.18782615661621
2014-11-14,16.23639678955078
2014-11-17,16.114961624145508
2014-11-18,16.22425079345703
2014-11-19,16.199966430664062
2014-11-20,16.151390075683594
2014-11-21,16.382125854492188
2014-11-24,16.26068687438965
2014-11-25,16.30926513671875
2014-11-26,16.36998176574707
2014-11-28,16.284976959228516
2014-12-01,15.96923542022705
2014-12-02,16.01780891418457
2014-12-03,15.9570894241333
2014-12-04,15.908514022827148
2014-12-05,15.920655250549316
2014-12-08,15.835654258728027
2014-12-09,15.993518829345703
2014-12-10,16.102819442749023
2014-12-11,16.139245986938477
2014-12-12,16.01780891418457
2014-12-15,15.859935760498047
2014-12-16,15.641347885131836
2014-12-17,15.711918830871582
2014-12-18,15.79858684539795
2014-12-19,15.91002082824707
2014-12-22,16.170028686523438
2014-12-23,16.083358764648438
2014-12-24,16.182411193847656
2014-12-26,16.19478988647461
2014-12-29,16.19478988647461
2014-12-30,16.25670051574707
2014-12-31,16.19478988647461
2015-01-02,16.058603286743164
2015-01-05,15.711918830871582
2015-01-06,15.526198387145996
2015-01-07,15.699532508850098
2015-01-08,16.021453857421875
2015-01-09,15.835733413696289
2015-01-12,15.736686706542969
2015-01-13,15.761445045471191
2015-01-14,15.699532508850098
2015-01-15,15.848114967346191
2015-01-16,15.773829460144043
2015-01-20,15.786205291748047
2015-01-21,15.91002082824707
2015-01-22,16.095746994018555
2015-01-23,16.058603286743164
2015-01-26,16.009075164794922
2015-01-27,16.009075164794922
2015-01-28,15.8109712600708
2015-01-29,15.996694564819336
2015-01-30,15.8109712600708
2015-02-02,15.996694564819336
2015-02-03,16.04621696472168
2015-02-04,16.04621696472168
2015-02-05,16.058603286743164
2015-02-06,16.04621696472168
2015-02-09,15.934783935546875
2015-02-10,15.971927642822266
2015-02-11,15.959546089172363
2015-02-12,15.996694564819336
2015-02-13,16.04621696472168
2015-02-17,15.971927642822266
2015-02-18,16.04621696472168
2015-02-19,15.959546089172363
2015-02-20,16.04621696472168
2015-02-23,15.94716739654541
2015-02-24,16.083358764648438
2015-02-25,16.108123779296875
2015-02-26,15.996694564819336
2015-02-27,15.87287712097168
2015-03-02,15.8109712600708
2015-03-03,15.835733413696289
2015-03-04,15.749068260192871
2015-03-05,15.699532508850098
2015-03-06,15.550962448120117
2015-03-09,15.476672172546387
2015-03-10,15.266190528869629
2015-03-11,15.191902160644531
2015-03-12,15.328102111816406
2015-03-13,15.191902160644531
2015-03-16,15.377622604370117
2015-03-17,15.328102111816406
2015-03-18,15.526198387145996
2015-03-19,15.414770126342773
2015-03-20,15.736686706542969
2015-03-23,15.87287712097168
2015-03-24,15.848114967346191
2015-03-25,15.736686706542969
2015-03-26,15.87287712097168
2015-03-27,15.94716739654541
2015-03-30,15.934783935546875
2015-03-31,15.848114967346191
2015-04-01,15.959546089172363
2015-04-02,16.145267486572266
2015-04-06,16.182411193847656
2015-04-07,16.083358764648438
2015-04-08,16.269081115722656
2015-04-09,16.207176208496094
2015-04-10,16.170028686523438
2015-04-13,16.108123779296875
2015-04-14,16.454801559448242
2015-04-15,16.652902603149414
2015-04-16,16.690046310424805
2015-04-17,16.652902603149414
2015-04-20,16.61575698852539
2015-04-21,16.553848266601562
2015-04-22,16.61575698852539
2015-04-23,16.70242691040039
2015-04-24,16.87576675415039
2015-04-27,16.92529296875
2015-04-28,17.049104690551758
2015-04-29,16.99957847595215
2015-04-30,16.937671661376953
2015-05-01,16.950057983398438
2015-05-04,16.87576675415039
2015-05-05,16.739572525024414
2015-05-06,16.714811325073242
2015-05-07,16.640522003173828
2015-05-08,16.80147933959961
2015-05-11,16.690046310424805
2015-05-12,16.603374481201172
2015-05-13,16.739572525024414
2015-05-14,16.87576675415039
2015-05-15,16.900531768798828
2015-05-18,16.739572525024414
2015-05-19,16.652902603149414
2015-05-20,16.603374481201172
2015-05-21,16.652902603149414
2015-05-22,16.628145217895508
2015-05-26,16.33098602294922
2015-05-27,16.207176208496094
2015-05-28,16.157649993896484
2015-05-29,15.94716739654541
2015-06-01,15.860495567321777
2015-06-02,15.835733413696289
2015-06-03,15.897642135620117
2015-06-04,15.79858684539795
2015-06-05,15.637630462646484
2015-06-08,15.575729370117188
2015-06-09,15.612872123718262
2015-06-10,15.91002082824707
2015-06-11,15.94716739654541
2015-06-12,15.984307289123535
2015-06-15,15.79858684539795
2015-06-16,15.848114967346191
2015-06-17,16.058603286743164
2015-06-18,16.04621696472168
2015-06-19,15.897642135620117
2015-06-22,16.021453857421875
2015-06-23,16.03383445739746
2015-06-24,16.009075164794922
2015-06-25,16.009069442749023
2015-06-26,15.783062934875488
2015-06-29,15.557055473327637
2015-06-30,15.783062934875488
2015-07-01,15.80817699432373
2015-07-02,15.858397483825684
2015-07-06,15.858397483825684
2015-07-07,15.795621871948242
2015-07-08,15.544499397277832
2015-07-09,15.531941413879395
2015-07-10,15.720282554626465
2015-07-13,15.795621871948242
2015-07-14,15.745392799377441
2015-07-15,15.695167541503906
2015-07-16,15.845842361450195
2015-07-17,15.80817699432373
2015-07-20,15.858397483825684
2015-07-21,15.858397483825684
2015-07-22,15.745392799377441
2015-07-23,15.70772647857666
2015-07-24,15.657499313354492
2015-07-27,15.431490898132324
2015-07-28,15.469157218933105
2015-07-29,15.519381523132324
2015-07-30,15.243149757385254
2015-07-31,15.117586135864258
2015-08-03,14.94179916381836
2015-08-04,14.95435619354248
2015-08-05,14.86646556854248
2015-08-06,14.828794479370117
2015-08-07,14.828794479370117
2015-08-10,14.979470252990723
2015-08-11,14.364218711853027
2015-08-12,14.05031681060791
2015-08-13,14.163323402404785
2015-08-14,14.251216888427734
2015-08-17,14.012642860412598
2015-08-18,13.937307357788086
2015-08-19,13.836859703063965
2015-08-20,13.623408317565918
2015-08-21,13.296950340270996
2015-08-24,12.782143592834473
2015-08-25,13.121162414550781
2015-08-26,13.334614753723145
2015-08-27,13.623408317565918
2015-08-28,13.548073768615723
2015-08-31,13.284390449523926
2015-09-01,12.995600700378418
2015-09-02,13.171388626098633
2015-09-03,13.183942794799805
2015-09-04,12.882596015930176
2015-09-08,13.171388626098633
2015-09-09,13.271831512451172
2015-09-10,13.209054946899414
2015-09-11,13.25927734375
2015-09-14,13.171388626098633
2015-09-15,13.25927734375
2015-09-16,13.42250919342041
2015-09-17,13.460177421569824
2015-09-18,13.271831512451172
2015-09-21,13.246723175048828
2015-09-22,13.083495140075684
2015-09-23,12.895153045654297
2015-09-24,12.882596015930176
2015-09-25,12.794700622558594
2015-09-28,12.51846694946289
2015-09-29,12.60636043548584
2015-09-30,12.769588470458984
2015-10-01,12.694252967834473
2015-10-02,12.719367027282715
2015-10-05,13.10860538482666
2015-10-06,13.234169006347656
2015-10-07,13.711298942565918
2015-10-08,13.748968124389648
2015-10-09,14.0252046585083
2015-10-12,14.087985038757324
2015-10-13,13.874531745910645
2015-10-14,14.07542610168457
2015-10-15,14.2888822555542
2015-10-16,14.2888822555542
2015-10-19,14.20098876953125
2015-10-20,14.20098876953125
2015-10-21,14.087985038757324
2015-10-22,14.339109420776367
2015-10-23,14.401888847351074
2015-10-26,14.439554214477539
2015-10-27,14.226101875305176
2015-10-28,14.163323402404785
2015-10-29,13.987533569335938
2015-10-30,13.962424278259277
2015-11-02,13.987533569335938
2015-11-03,14.150766372680664
2015-11-04,14.150766372680664
2015-11-05,14.07542610168457
2015-11-06,13.899643898010254
2015-11-09,13.598295211791992
2015-11-10,13.560626029968262
2015-11-11,13.598295211791992
2015-11-12,13.435067176818848
2015-11-13,13.234169006347656
2015-11-16,13.397397994995117
2015-11-17,13.359732627868652
2015-11-18,13.271831512451172
2015-11-19,13.447625160217285
2015-11-20,13.497846603393555
2015-11-23,13.334614753723145
2015-11-24,13.510404586791992
2015-11-25,13.397397994995117
2015-11-27,13.121162414550781
2015-11-30,13.196499824523926
2015-12-01,13.372283935546875
2015-12-02,13.209054946899414
2015-12-03,13.309504508972168
2015-12-04,13.472732543945312
2015-12-07,13.372283935546875
2015-12-08,13.284390449523926
2015-12-09,13.221611976623535
2015-12-10,13.246723175048828
2015-12-11,13.008155822753906
2015-12-14,13.033270835876465
2015-12-15,13.158832550048828
2015-12-16,13.25927734375
2015-12-17,13.096049308776855
2015-12-18,13.045825004577637
2015-12-21,13.202818870544434
2015-12-22,13.28002643585205
2015-12-23,13.382970809936523
2015-12-24,13.370105743408203
2015-12-28,13.331499099731445
2015-12-29,13.382970809936523
2015-12-30,13.305766105651855
2015-12-31,13.228555679321289
2016-01-04,12.932586669921875
2016-01-05,12.98405933380127
2016-01-06,12.72669506072998
2016-01-07,12.379249572753906
2016-01-08,12.327779769897461
2016-01-11,12.340644836425781
2016-01-12,12.31490707397461
2016-01-13,12.05754280090332
2016-01-14,12.13475227355957
2016-01-15,11.761571884155273
2016-01-19,11.928861618041992
2016-01-20,11.581418991088867
2016-01-21,11.620022773742676
2016-01-22,11.890256881713867
2016-01-25,11.73583984375
2016-01-26,11.864519119262695
2016-01-27,11.658626556396484
2016-01-28,11.710101127624512
2016-01-29,12.083280563354492
2016-02-01,11.941726684570312
2016-02-02,11.632888793945312
2016-02-03,11.761571884155273
2016-02-04,12.006070137023926
2016-02-05,12.13475227355957
2016-02-08,12.083280563354492
2016-02-09,11.890256881713867
2016-02-10,12.083280563354492
2016-02-11,11.941726684570312
2016-02-12,12.096149444580078
2016-02-16,12.44359302520752
2016-02-17,12.45645809173584
2016-02-18,12.469326972961426
2016-02-19,12.417852401733398
2016-02-22,12.636613845825195
2016-02-23,12.49506664276123
2016-02-24,12.31490707397461
2016-02-25,12.327779769897461
2016-02-26,12.327779769897461
2016-02-29,12.482192993164062
2016-03-01,12.739563941955566
2016-03-02,12.90684700012207
2016-03-03,13.241422653198242
2016-03-04,13.653206825256348
2016-03-07,13.601730346679688
2016-03-08,13.29289436340332
2016-03-09,13.44731330871582
2016-03-10,13.421578407287598
2016-03-11,13.67894458770752
2016-03-14,13.640338897705078
2016-03-15,13.563127517700195
2016-03-16,13.794758796691895
2016-03-17,14.167936325073242
2016-03-18,14.167936325073242
2016-03-21,14.09072494506836
2016-03-22,14.077857971191406
2016-03-23,13.884835243225098
2016-03-24,13.781890869140625
2016-03-28,13.691814422607422
2016-03-29,13.859097480773926
2016-03-30,14.103594779968262
2016-03-31,13.974910736083984
2016-04-01,13.949176788330078
2016-04-04,13.820493698120117
2016-04-05,13.588866233825684
2016-04-06,13.820493698120117
2016-04-07,13.640338897705078
2016-04-08,13.691814422607422
2016-04-11,13.820493698120117
2016-04-12,13.923440933227539
2016-04-13,14.219409942626953
2016-04-14,14.180804252624512
2016-04-15,14.219409942626953
2016-04-18,14.335224151611328
2016-04-19,14.631192207336426
2016-04-20,14.566851615905762
2016-04-21,14.425299644470215
2016-04-22,14.348091125488281
2016-04-25,14.245145797729492
2016-04-26,14.232278823852539
2016-04-27,14.206539154052734
2016-04-28,14.129331588745117
2016-04-29,13.987780570983887
2016-05-02,14.026387214660645
2016-05-03,13.691814422607422
2016-05-04,13.44731330871582
2016-05-05,13.460180282592773
2016-05-06,13.39583969116211
2016-05-09,13.29289436340332
2016-05-10,13.318632125854492
2016-05-11,13.254289627075195
2016-05-12,13.241422653198242
2016-05-13,13.151344299316406
2016-05-16,13.254289627075195
2016-05-17,13.305766105651855
2016-05-18,13.215686798095703
2016-05-19,13.061266899108887
2016-05-20,13.202818870544434
2016-05-23,13.202818870544434
2016-05-24,13.241422653198242
2016-05-25,13.331499099731445
2016-05-26,13.370105743408203
2016-05-27,13.421578407287598
2016-05-31,13.408711433410645
2016-06-01,13.382970809936523
2016-06-02,13.434444427490234
2016-06-03,13.666070938110352
2016-06-06,13.859097480773926
2016-06-07,13.949176788330078
2016-06-08,14.064990997314453
2016-06-09,13.949176788330078
2016-06-10,13.588866233825684
2016-06-13,13.434444427490234
2016-06-14,13.408711433410645
2016-06-15,13.498784065246582
2016-06-16,13.485921859741211
2016-06-17,13.485921859741211
2016-06-20,13.769021987915039
2016-06-21,13.730416297912598
2016-06-22,13.826214790344238
2016-06-23,13.99450969696045
2016-06-24,13.29543399810791
2016-06-27,13.088295936584473
2016-06-28,13.528458595275879
2016-06-29,13.839158058166504
2016-06-30,14.072188377380371
2016-07-01,14.136916160583496
2016-07-05,14.020403861999512
2016-07-06,13.968618392944336
2016-07-07,13.981563568115234
2016-07-08,14.17575454711914
2016-07-11,14.162809371948242
2016-07-12,14.33110523223877
2016-07-13,14.33110523223877
2016-07-14,14.486455917358398
2016-07-15,14.408782005310059
2016-07-18,14.447617530822754
2016-07-19,14.25342845916748
2016-07-20,14.318159103393555
2016-07-21,14.25342845916748
2016-07-22,14.279319763183594
2016-07-25,14.111026763916016
2016-07-26,14.17575454711914
2016-07-27,14.292266845703125
2016-07-28,14.17575454711914
2016-07-29,14.136916160583496
2016-08-01,14.17575454711914
2016-08-02,14.020403861999512
2016-08-03,14.020403861999512
2016-08-04,14.033350944519043
2016-08-05,14.033350944519043
2016-08-08,14.149864196777344
2016-08-09,14.188700675964355
2016-08-10,14.17575454711914
2016-08-11,14.266376495361328
2016-08-12,14.111026763916016
2016-08-15,14.240483283996582
2016-08-16,14.162809371948242
2016-08-17,14.0980806350708
2016-08-18,14.17575454711914
2016-08-19,14.072188377380371
2016-08-22,13.955672264099121
2016-08-23,14.007458686828613
2016-08-24,14.072188377380371
2016-08-25,14.188700675964355
2016-08-26,13.955672264099121
2016-08-29,13.942729949951172
2016-08-30,13.800321578979492
2016-08-31,13.70970344543457
2016-09-01,13.774433135986328
2016-09-02,13.774433135986328
2016-09-06,14.369942665100098
2016-09-07,14.318159103393555
2016-09-08,14.227540016174316
2016-09-09,13.890944480895996
2016-09-12,13.929781913757324
2016-09-13,13.593189239501953
2016-09-14,13.644972801208496
2016-09-15,13.800321578979492
2016-09-16,13.722648620605469
2016-09-19,13.839158058166504
2016-09-20,13.87800121307373
2016-09-21,14.136916160583496
2016-09-22,14.072188377380371
2016-09-23,13.903892517089844
2016-09-26,13.852107048034668
2016-09-27,13.968618392944336
2016-09-28,14.033350944519043
2016-09-29,13.955672264099121
2016-09-30,14.05924129486084
2016-10-03,13.99450969696045
2016-10-04,13.865056037902832
2016-10-05,14.072188377380371
2016-10-06,14.033350944519043
2016-10-07,13.87800121307373
2016-10-10,13.87800121307373
2016-10-11,13.619085311889648
2016-10-12,13.4896240234375
2016-10-13,13.450784683227539
2016-10-14,13.437840461730957
2016-10-17,13.476675987243652
2016-10-18,13.55435562133789
2016-10-19,13.606134414672852
2016-10-20,13.541401863098145
2016-10-21,13.4896240234375
2016-10-24,13.606134414672852
2016-10-25,13.593189239501953
2016-10-26,13.463727951049805
2016-10-27,13.424894332885742
2016-10-28,13.347216606140137
2016-10-31,13.399002075195312
2016-11-01,13.334270477294922
2016-11-02,13.360162734985352
2016-11-03,13.411945343017578
2016-11-04,13.29543399810791
2016-11-07,13.528458595275879
2016-11-08,13.632026672363281
2016-11-09,13.424894332885742
2016-11-10,13.282489776611328
2016-11-11,13.17892074584961
2016-11-14,13.08182430267334
2016-11-15,13.243651390075684
2016-11-16,13.185394287109375
2016-11-17,13.269543647766113
2016-11-18,13.327796936035156
2016-11-21,13.34074592590332
2016-11-22,13.366636276245117
2016-11-23,13.282489776611328
2016-11-25,13.509038925170898
2016-11-28,13.593189239501953
2016-11-29,13.580240249633789
2016-11-30,13.625555038452148
2016-12-01,13.774433135986328
2016-12-02,13.871526718139648
2016-12-05,14.026875495910645
2016-12-06,14.052769660949707
2016-12-07,14.240483283996582
2016-12-08,14.130443572998047
2016-12-09,14.052769660949707
2016-12-12,14.065716743469238
2016-12-13,14.130443572998047
2016-12-14,13.85858154296875
2016-12-15,13.70970344543457
2016-12-16,13.70970344543457
2016-12-19,13.534931182861328
2016-12-20,13.606134414672852
2016-12-21,13.560689926147461
2016-12-22,13.333447456359863
2016-12-23,13.373550415039062
2016-12-27,13.400284767150879
2016-12-28,13.420333862304688
2016-12-29,13.447068214416504
2016-12-30,13.320084571838379
2017-01-03,13.453754425048828
2017-01-04,13.66762638092041
2017-01-05,13.928277969360352
2017-01-06,13.841392517089844
2017-01-09,13.94832706451416
2017-01-10,14.08199691772461
2017-01-11,14.15551471710205
2017-01-12,14.188932418823242
2017-01-13,14.282499313354492
2017-01-17,14.249078750610352
2017-01-18,14.142146110534668
2017-01-19,14.208984375
2017-01-20,14.289178848266602
2017-01-23,14.389431953430176
2017-01-24,14.50305461883545
2017-01-25,14.563204765319824
2017-01-26,14.442899703979492
2017-01-27,14.422850608825684
2017-01-30,14.529786109924316
2017-01-31,14.549838066101074
2017-02-01,14.583250999450684
2017-02-02,14.589935302734375
2017-02-03,14.650087356567383
2017-02-06,14.616671562194824
2017-02-07,14.57657241821289
2017-02-08,14.583250999450684
2017-02-09,14.670137405395508
2017-02-10,14.74365520477295
2017-02-13,14.73697280883789
2017-02-14,14.569889068603516
2017-02-15,14.636719703674316
2017-02-16,14.636719703674316
2017-02-17,14.703554153442383
2017-02-21,14.643404006958008
2017-02-22,14.870640754699707
2017-02-23,14.964212417602539
2017-02-24,14.904054641723633
2017-02-27,14.877325057983398
2017-02-28,14.917426109313965
2017-03-01,14.937475204467773
2017-03-02,14.783758163452148
2017-03-03,14.890691757202148
2017-03-06,14.837224960327148
2017-03-07,14.877325057983398
2017-03-08,14.83054256439209
2017-03-09,14.676822662353516
2017-03-10,14.924107551574707
2017-03-13,14.944160461425781
2017-03-14,14.863957405090332
2017-03-15,15.131295204162598
2017-03-16,15.224865913391113
2017-03-17,15.19813060760498
2017-03-20,15.211494445800781
2017-03-21,15.024357795715332
2017-03-22,15.004314422607422
2017-03-23,15.024357795715332
2017-03-24,15.117927551269531
2017-03-27,15.124610900878906
2017-03-28,15.224865913391113
2017-03-29,15.365215301513672
2017-03-30,15.27833080291748
2017-03-31,15.244915008544922
2017-04-03,15.325115203857422
2017-04-04,15.285016059875488
2017-04-05,15.171395301818848
2017-04-06,15.184762001037598
2017-04-07,15.137977600097656
2017-04-10,15.137977600097656
2017-04-11,15.151346206665039
2017-04-12,15.218184471130371
2017-04-13,15.131295204162598
2017-04-17,15.137977600097656
2017-04-18,15.031044006347656
2017-04-19,14.930794715881348
2017-04-20,15.071145057678223
2017-04-21,15.077828407287598
2017-04-24,15.178075790405273
2017-04-25,15.311748504638672
2017-04-26,15.318431854248047
2017-04-27,15.311748504638672
2017-04-28,15.358531951904297
2017-05-01,15.43873405456543
2017-05-02,15.619187355041504
2017-05-03,15.686019897460938
2017-05-04,15.632549285888672
2017-05-05,15.679338455200195
2017-05-08,15.639233589172363
2017-05-09,15.665969848632812
2017-05-10,15.69938850402832
2017-05-11,15.73948860168457
2017-05-12,15.779590606689453
2017-05-15,15.926621437072754
2017-05-16,15.786273002624512
2017-05-17,15.69938850402832
2017-05-18,15.746169090270996
2017-05-19,15.913254737854004
2017-05-22,15.926621437072754
2017-05-23,15.886524200439453
2017-05-24,15.980093955993652
2017-05-25,15.973406791687012
2017-05-26,15.933306694030762
2017-05-30,15.80632209777832
2017-05-31,15.833059310913086
2017-06-01,15.946674346923828
2017-06-02,16.053607940673828
2017-06-05,15.953361511230469
2017-06-06,15.939990043640137
2017-06-07,15.919939994812012
2017-06-08,15.980093955993652
2017-06-09,16.000139236450195
2017-06-12,15.96672248840332
2017-06-13,16.10039520263672
2017-06-14,16.060293197631836
2017-06-15,15.873156547546387
2017-06-16,15.893207550048828
2017-06-19,15.946674346923828
2017-06-20,15.80952262878418
2017-06-21,15.7487154006958
2017-06-22,15.80952262878418
2017-06-23,15.78249740600586
2017-06-26,15.80952262878418
2017-06-27,15.768986701965332
2017-06-28,15.95140266418457
2017-06-29,16.052749633789062
2017-06-30,15.958159446716309
2017-07-03,15.890596389770508
2017-07-05,16.03923225402832
2017-07-06,15.823039054870605
2017-07-07,15.856816291809082
2017-07-10,15.924376487731934
2017-07-11,15.870326042175293
2017-07-12,15.93789291381836
2017-07-13,16.018962860107422
2017-07-14,16.37028694152832
2017-07-17,16.45811653137207
2017-07-18,16.45136260986328
2017-07-19,16.620264053344727
2017-07-20,16.45811653137207
2017-07-21,16.613510131835938
2017-07-24,16.633779525756836
2017-07-25,16.71485710144043
2017-07-26,16.849979400634766
2017-07-27,16.924297332763672
2017-07-28,16.78241729736328
2017-07-31,16.789173126220703
2017-08-01,16.897274017333984
2017-08-02,16.924297332763672
2017-08-03,16.94456672668457
2017-08-04,16.87700653076172
2017-08-07,16.775659561157227
2017-08-08,16.721607208251953
2017-08-09,16.654048919677734
2017-08-10,16.606754302978516
2017-08-11,16.633779525756836
2017-08-14,16.728368759155273
2017-08-15,16.57973289489746
2017-08-16,16.64053726196289
2017-08-17,16.383800506591797
2017-08-18,16.45811653137207
2017-08-21,16.464876174926758
2017-08-22,16.57973289489746
2017-08-23,16.58648681640625
2017-08-24,16.660802841186523
2017-08-25,16.620264053344727
2017-08-28,16.69458770751953
2017-08-29,16.66756248474121
2017-08-30,16.64053726196289
2017-08-31,16.728368759155273
2017-09-01,16.78241729736328
2017-09-05,16.613510131835938
2017-09-06,16.613510131835938
2017-09-07,16.708099365234375
2017-09-08,16.647293090820312
2017-09-11,16.647293090820312
2017-09-12,16.613510131835938
2017-09-13,16.50541114807129
2017-09-14,16.464876174926758
2017-09-15,16.485145568847656
2017-09-18,16.55946159362793
2017-09-19,16.545949935913086
2017-09-20,16.45136260986328
2017-09-21,16.444608688354492
2017-09-22,16.5189266204834
2017-09-25,16.41082763671875
2017-09-26,16.43109130859375
2017-09-27,16.491897583007812
2017-09-28,16.491897583007812
2017-09-29,16.50541114807129
2017-10-02,16.57973289489746
2017-10-03,16.5189266204834
2017-10-04,16.485145568847656
2017-10-05,16.606754302978516
2017-10-06,16.66756248474121
2017-10-09,16.70134162902832
2017-10-10,16.849979400634766
2017-10-11,16.822956085205078
2017-10-12,16.90402603149414
2017-10-13,17.045907974243164
2017-10-16,17.045907974243164
2017-10-17,16.99185562133789
2017-10-18,17.03239631652832
2017-10-19,17.06617546081543
2017-10-20,17.03239631652832
2017-10-23,16.9851016998291
2017-10-24,16.97834587097168
2017-10-25,16.971593856811523
2017-10-26,17.03239631652832
2017-10-27,17.248598098754883
2017-10-30,17.241840362548828
2017-10-31,17.248598098754883
2017-11-01,17.36345100402832
2017-11-02,17.390478134155273
2017-11-03,17.33642578125
2017-11-06,17.30264663696289
2017-11-07,17.322914123535156
2017-11-08,17.43777084350586
2017-11-09,17.451282501220703
2017-11-10,17.47154998779297
2017-11-13,17.512088775634766
2017-11-14,17.390478134155273
2017-11-15,17.30264663696289
2017-11-16,17.289133071899414
2017-11-17,17.410741806030273
2017-11-20,17.485065460205078
2017-11-21,17.768821716308594
2017-11-22,17.849899291992188
2017-11-24,17.897192001342773
2017-11-27,17.816120147705078
2017-11-28,17.917457580566406
2017-11-29,17.768821716308594
2017-11-30,17.8634090423584
2017-12-01,17.890432357788086
2017-12-04,17.79584503173828
2017-12-05,17.849899291992188
2017-12-06,17.66748046875
2017-12-07,17.65396499633789
2017-12-08,17.82962989807129
2017-12-11,17.99178123474121
2017-12-12,17.99178123474121
2017-12-13,18.093122482299805
2017-12-14,17.903945922851562
2017-12-15,17.890432357788086
2017-12-18,17.897192001342773
2017-12-19,17.79402732849121
2017-12-20,17.800949096679688
2017-12-21,17.84941864013672
2017-12-22,17.82172393798828
2017-12-26,17.800949096679688
2017-12-27,17.87019157409668
2017-12-28,17.93942642211914
2017-12-29,17.95327377319336
2018-01-02,18.30638313293457
2018-01-03,18.534866333007812
2018-01-04,18.714885711669922
2018-01-05,18.714885711669922
2018-01-08,18.714885711669922
2018-01-09,18.721811294555664
2018-01-10,18.687191009521484
2018-01-11,18.846437454223633
2018-01-12,18.936447143554688
2018-01-16,18.964143753051758
2018-01-17,19.05414581298828
2018-01-18,18.92259407043457
2018-01-19,19.109539031982422
2018-01-22,19.164926528930664
2018-01-23,19.248014450073242
2018-01-24,19.51803970336914
2018-01-25,19.365713119506836
2018-01-26,19.42110252380371
2018-01-29,19.344951629638672
2018-01-30,19.151079177856445
2018-01-31,19.05414581298828
2018-02-01,19.102617263793945
2018-02-02,18.694116592407227
2018-02-05,18.167909622192383
2018-02-06,18.292539596557617
2018-02-07,18.050201416015625
2018-02-08,17.69709587097168
2018-02-09,17.911733627319336
2018-02-12,18.008665084838867
2018-02-13,18.154062271118164
2018-02-14,18.34100341796875
2018-02-15,18.701034545898438
2018-02-16,18.666419982910156
2018-02-20,18.514095306396484
2018-02-21,18.673343658447266
2018-02-22,18.617952346801758
2018-02-23,18.936447143554688
2018-02-26,19.088768005371094
2018-02-27,18.645648956298828
2018-02-28,18.479476928710938
2018-03-01,18.41024398803711
2018-03-02,18.514095306396484
2018-03-05,18.41024398803711
2018-03-06,18.562564849853516
2018-03-07,18.500247955322266
2018-03-08,18.527944564819336
2018-03-09,18.735654830932617
2018-03-12,18.92259407043457
2018-03-13,18.88105583190918
2018-03-14,18.908748626708984
2018-03-15,18.74258041381836
2018-03-16,18.666419982910156
2018-03-19,18.534866333007812
2018-03-20,18.624879837036133
2018-03-21,18.735654830932617
2018-03-22,18.34100341796875
2018-03-23,18.01558494567871
2018-03-26,18.34100341796875
2018-03-27,18.20252799987793
2018-03-28,18.029436111450195
2018-03-29,18.46562957763672
2018-04-02,18.154062271118164
2018-04-03,18.278690338134766
2018-04-04,18.077898025512695
2018-04-05,18.195606231689453
2018-04-06,18.195606231689453
2018-04-09,18.361774444580078
2018-04-10,18.590259552001953
2018-04-11,18.624879837036133
2018-04-12,18.583332061767578
2018-04-13,18.701034545898438
2018-04-16,18.735654830932617
2018-04-17,18.797969818115234
2018-04-18,19.13031005859375
2018-04-19,19.220321655273438
2018-04-20,19.102617263793945
2018-04-23,19.026453018188477
2018-04-24,18.964143753051758
2018-04-25,18.977989196777344
2018-04-26,19.123390197753906
2018-04-27,19.213396072387695
2018-04-30,19.2895565032959
2018-05-01,19.2410888671875
2018-05-02,19.248014450073242
2018-05-03,19.1926212310791
2018-05-04,19.095691680908203
2018-05-07,18.90182876586914
2018-05-08,18.867210388183594
2018-05-09,18.763349533081055
2018-05-10,19.026453018188477
2018-05-11,19.164926528930664
2018-05-14,19.005685806274414
2018-05-15,18.666419982910156
2018-05-16,18.88105583190918
2018-05-17,18.839509963989258
2018-05-18,18.666419982910156
2018-05-21,18.887977600097656
2018-05-22,18.81182098388672
2018-05-23,18.59718132019043
2018-05-24,18.75642967224121
2018-05-25,18.652572631835938
2018-05-29,18.403318405151367
2018-05-30,18.437938690185547
2018-05-31,18.299461364746094
2018-06-01,18.347929000854492
2018-06-04,18.541793823242188
2018-06-05,18.583332061767578
2018-06-06,18.63872528076172
2018-06-07,18.493324279785156
2018-06-08,18.382545471191406
2018-06-11,18.334077835083008
2018-06-12,18.223299026489258
2018-06-13,17.97404670715332
2018-06-14,17.64862823486328
2018-06-15,17.496307373046875
2018-06-18,17.302444458007812
2018-06-19,17.257253646850586
2018-06-20,17.17957878112793
2018-06-21,16.988927841186523
2018-06-22,17.003049850463867
2018-06-25,16.791223526000977
2018-06-26,16.89713478088379
2018-06-27,16.671180725097656
2018-06-28,16.798282623291016
2018-06-29,16.939504623413086
2018-07-02,16.64293670654297
2018-07-03,16.57232666015625
2018-07-05,16.777099609375
2018-07-06,16.50171661376953
2018-07-09,16.70648765563965
2018-07-10,16.939504623413086
2018-07-11,16.621753692626953
2018-07-12,16.727670669555664
2018-07-13,16.64293670654297
2018-07-16,16.621753692626953
2018-07-17,16.685306549072266
2018-07-18,16.64293670654297
2018-07-19,16.699426651000977
2018-07-20,16.918319702148438
2018-07-23,16.833589553833008
2018-07-24,16.932443618774414
2018-07-25,17.285491943359375
2018-07-26,17.193700790405273
2018-07-27,17.144275665283203
2018-07-30,17.02423667907715
2018-07-31,17.243127822875977
2018-08-01,17.17957878112793
2018-08-02,16.89713478088379
2018-08-03,16.854768753051758
2018-08-06,16.918319702148438
2018-08-07,17.29961395263672
2018-08-08,17.334922790527344
2018-08-09,17.25019073486328
2018-08-10,16.890077590942383
2018-08-13,16.699426651000977
2018-08-14,16.762975692749023
2018-08-15,16.607635498046875
2018-08-16,16.727670669555664
2018-08-17,16.762975692749023
2018-08-20,16.784160614013672
2018-08-21,16.890077590942383
2018-08-22,16.89713478088379
2018-08-23,16.939504623413086
2018-08-24,16.939504623413086
2018-08-27,17.08072280883789
2018-08-28,17.108964920043945
2018-08-29,17.158397674560547
2018-08-30,16.854768753051758
2018-08-31,16.805339813232422
2018-09-04,16.635875701904297
2018-09-05,16.4593505859375
2018-09-06,16.38167953491211
2018-09-07,16.233396530151367
2018-09-10,16.16278648376465
2018-09-11,16.198091506958008
2018-09-12,16.374618530273438
2018-09-13,16.480533599853516
2018-09-14,16.480533599853516
2018-09-17,16.3675594329834
2018-09-18,16.4593505859375
2018-09-19,16.685306549072266
2018-09-20,16.826526641845703
2018-09-21,16.96068572998047
2018-09-24,16.953624725341797
2018-09-25,17.08072280883789
2018-09-26,17.094846725463867
2018-09-27,17.11602783203125
2018-09-28,17.137210845947266
2018-10-01,17.12309455871582
2018-10-02,17.059539794921875
2018-10-03,17.003049850463867
2018-10-04,16.812402725219727
2018-10-05,16.671180725097656
2018-10-08,16.635875701904297
2018-10-09,16.49465560913086
2018-10-10,16.042743682861328
2018-10-11,15.880343437194824
2018-10-12,16.113357543945312
2018-10-15,15.943893432617188
2018-10-16,16.127479553222656
2018-10-17,16.042743682861328
2018-10-18,15.845037460327148
2018-10-19,15.915643692016602
2018-10-22,15.972135543823242
2018-10-23,15.880343437194824
2018-10-24,15.576719284057617
2018-10-25,15.72499942779541
2018-10-26,15.513167381286621
2018-10-29,15.35782241821289
2018-10-30,15.484922409057617
2018-10-31,15.703818321228027
2018-11-01,16.176908493041992
2018-11-02,16.24751853942871
2018-11-05,16.0992374420166
2018-11-06,16.07099151611328
2018-11-07,16.332252502441406
2018-11-08,16.085115432739258
2018-11-09,15.880343437194824
2018-11-12,15.69675350189209
2018-11-13,15.8026704788208
2018-11-14,15.774426460266113
2018-11-15,15.950955390930176
2018-11-16,16.106292724609375
2018-11-19,15.795613288879395
2018-11-20,15.534350395202637
2018-11-21,15.795613288879395
2018-11-23,15.72499942779541
2018-11-26,16.02862548828125
2018-11-27,16.02862548828125
2018-11-28,16.304004669189453
2018-11-29,16.191030502319336
2018-11-30,16.191030502319336
2018-12-03,16.692365646362305
2018-12-04,16.332252502441406
2018-12-06,16.24751853942871
2018-12-07,16.02156639099121
2018-12-10,15.929766654968262
2018-12-11,15.9368314743042
2018-12-12,16.0992374420166
2018-12-13,16.106292724609375
2018-12-14,15.901528358459473
2018-12-17,15.972135543823242
2018-12-18,15.960614204406738
2018-12-19,15.672515869140625
2018-12-20,15.787752151489258
2018-12-21,15.730134010314941
2018-12-24,15.63650131225586
2018-12-26,15.809361457824707
2018-12-27,15.866982460021973
2018-12-28,15.917398452758789
2018-12-31,15.917398452758789
2019-01-02,15.917398452758789
2019-01-03,15.622099876403809
2019-01-04,16.12626838684082
2019-01-07,16.342342376708984
2019-01-08,16.443174362182617
2019-01-09,16.688060760498047
2019-01-10,16.911331176757812
2019-01-11,16.803300857543945
2019-01-14,16.724069595336914
2019-01-15,16.911331176757812
2019-01-16,17.091388702392578
2019-01-17,17.019371032714844
2019-01-18,17.113000869750977
2019-01-22,16.688060760498047
2019-01-23,16.688060760498047
2019-01-24,16.817707061767578
2019-01-25,16.947349548339844
2019-01-28,16.875322341918945
2019-01-29,16.860918045043945
2019-01-30,16.968955993652344
2019-01-31,16.968955993652344
2019-02-01,16.875322341918945
2019-02-04,16.904132843017578
2019-02-05,17.062583923339844
2019-02-06,16.968955993652344
2019-02-07,16.796096801757812
2019-02-08,16.803300857543945
2019-02-11,16.781686782836914
2019-02-12,16.868120193481445
2019-02-13,16.98335838317871
2019-02-14,17.091388702392578
2019-02-15,17.113000869750977
2019-02-19,17.25705337524414
2019-02-20,17.33627700805664
2019-02-21,17.29306411743164
2019-02-22,17.25705337524414
2019-02-25,17.372291564941406
2019-02-26,17.278656005859375
2019-02-27,17.12020492553711
2019-02-28,16.904132843017578
2019-03-01,16.932941436767578
2019-03-04,17.06978988647461
2019-03-05,17.06978988647461
2019-03-06,16.98335838317871
2019-03-07,16.860918045043945
2019-03-08,16.75288200378418
2019-03-11,16.889726638793945
2019-03-12,16.932941436767578
2019-03-13,16.868120193481445
2019-03-14,16.875322341918945
2019-03-15,17.04818344116211
2019-03-18,17.084192276000977
2019-03-19,17.156217575073242
2019-03-20,17.134613037109375
2019-03-21,17.228242874145508
2019-03-22,16.83210563659668
2019-03-25,16.918535232543945
2019-03-26,16.954547882080078
2019-03-27,16.824909210205078
2019-03-28,16.954547882080078
2019-03-29,17.091388702392578
2019-04-01,17.379493713378906
2019-04-02,17.45871925354004
2019-04-03,17.7108097076416
2019-04-04,17.739614486694336
2019-04-05,17.754018783569336
2019-04-08,17.811641693115234
2019-04-09,17.775630950927734
2019-04-10,17.8908634185791
2019-04-11,17.76122283935547
2019-04-12,17.898069381713867
2019-04-15,17.811641693115234
2019-04-16,17.8620548248291
2019-04-17,17.984498977661133
2019-04-18,17.941286087036133
2019-04-22,17.93408203125
2019-04-23,17.962888717651367
2019-04-24,17.847652435302734
2019-04-25,17.83324432373047
2019-04-26,17.970094680786133
2019-04-29,18.193370819091797
2019-04-30,18.10694122314453
2019-05-01,18.06372833251953
2019-05-02,18.06372833251953
2019-05-03,18.250988006591797
2019-05-06,17.739614486694336
2019-05-07,17.581159591674805
2019-05-08,17.516338348388672
2019-05-09,17.47312355041504
2019-05-10,17.566755294799805
2019-05-13,17.033775329589844
2019-05-14,17.24264907836914
2019-05-15,17.206634521484375
2019-05-16,17.278656005859375
2019-05-17,17.033775329589844
2019-05-20,17.01217269897461
2019-05-21,17.00496482849121
2019-05-22,16.824909210205078
2019-05-23,16.702465057373047
2019-05-24,16.760082244873047
2019-05-28,16.565616607666016
2019-05-29,16.580020904541016
2019-05-30,16.580020904541016
2019-05-31,16.450376510620117
2019-06-03,16.529605865478516
2019-06-04,16.637643814086914
2019-06-05,16.558412551879883
2019-06-06,16.695262908935547
2019-06-07,16.83210563659668
2019-06-10,16.940143585205078
2019-06-11,17.091388702392578
2019-06-12,17.040979385375977
2019-06-13,17.127408981323242
2019-06-14,17.091388702392578
2019-06-17,17.12223243713379
2019-06-18,17.467321395874023
2019-06-19,17.74633026123047
2019-06-20,17.959257125854492
2019-06-21,17.966596603393555
2019-06-24,17.95191192626953
2019-06-25,17.805065155029297
2019-06-26,17.91520118713379
2019-06-27,18.098758697509766
2019-06-28,18.135469436645508
2019-07-01,18.333711624145508
2019-07-02,18.304346084594727
2019-07-03,18.267629623413086
2019-07-05,18.12078857421875
2019-07-08,17.988624572753906
2019-07-09,17.988624572753906
2019-07-10,18.069393157958984
2019-07-11,18.091413497924805
2019-07-12,18.135469436645508
2019-07-15,18.15015411376953
2019-07-16,18.07673454284668
2019-07-17,18.069393157958984
2019-07-18,18.208890914916992
2019-07-19,18.135469436645508
2019-07-22,18.12078857421875
2019-07-23,18.17218017578125
2019-07-24,18.186870574951172
2019-07-25,18.106101989746094
2019-07-26,18.054706573486328
2019-07-29,18.069393157958984
2019-07-30,17.9959659576416
2019-07-31,17.74633026123047
2019-08-01,17.533403396606445
2019-08-02,17.437955856323242
2019-08-05,16.887279510498047
2019-08-06,17.048810958862305
2019-08-07,17.15160369873047
2019-08-08,17.129579544067383
2019-08-09,16.997411727905273
2019-08-12,16.81385612487793
2019-08-13,17.18831443786621
2019-08-14,16.644983291625977
2019-08-15,16.68903923034668
2019-08-16,16.821199417114258
2019-08-19,16.799171447753906
2019-08-20,16.83588218688965
2019-08-21,16.850570678710938
2019-08-22,16.799171447753906
2019-08-23,16.468767166137695
2019-08-26,16.5128231048584
2019-08-27,16.490795135498047
2019-08-28,16.432056427001953
2019-08-29,16.652328491210938
2019-08-30,16.769804000854492
2019-09-03,16.644983291625977
2019-09-04,16.97538948059082
2019-09-05,17.078182220458984
2019-09-06,17.136917114257812
2019-09-09,17.136917114257812
2019-09-10,17.269079208374023
2019-09-11,17.393896102905273
2019-09-12,17.452638626098633
2019-09-13,17.584796905517578
2019-09-16,17.445293426513672
2019-09-17,17.43061065673828
2019-09-18,17.276424407958984
2019-09-19,17.195653915405273
2019-09-20,17.144264221191406
2019-09-23,17.129579544067383
2019-09-24,17.129579544067383
2019-09-25,17.01944351196289
2019-09-26,17.026782989501953
2019-09-27,16.916648864746094
2019-09-30,17.034122467041016
2019-10-01,17.026782989501953
2019-10-02,16.740434646606445
2019-10-03,16.87993621826172
2019-10-04,16.87993621826172
2019-10-07,16.87259292602539
2019-10-08,16.82854461669922
2019-10-09,16.887279510498047
2019-10-10,17.041465759277344
2019-10-11,17.2029972076416
2019-10-14,17.195653915405273
2019-10-15,17.269079208374023
2019-10-16,17.31313133239746
2019-10-17,17.342504501342773
2019-10-18,17.18097686767578
2019-10-21,17.437955856323242
2019-10-22,17.489347457885742
2019-10-23,17.42326545715332
2019-10-24,17.52605628967285
2019-10-25,17.694931030273438
2019-10-28,17.7977237701416
2019-10-29,17.709619522094727
2019-10-30,17.82709503173828
2019-10-31,17.84912109375
2019-11-01,18.03268051147461
2019-11-04,18.091413497924805
2019-11-05,18.17218017578125
2019-11-06,18.142812728881836
2019-11-07,18.282316207885742
2019-11-08,18.164838790893555
2019-11-11,18.07673454284668
2019-11-12,18.062047958374023
2019-11-13,18.02533531188965
2019-11-14,18.03268051147461
2019-11-15,18.098758697509766
2019-11-18,18.164838790893555
2019-11-19,18.069393157958984
2019-11-20,17.9959659576416
2019-11-21,17.84912109375
2019-11-22,17.988624572753906
2019-11-25,17.966596603393555
2019-11-26,17.90785789489746
2019-11-27,17.885831832885742
2019-11-29,17.680246353149414
2019-12-02,17.592144012451172
2019-12-03,17.452638626098633
2019-12-04,17.584796905517578
2019-12-05,17.672903060913086
2019-12-06,17.84912109375
2019-12-09,17.65087890625
2019-12-10,17.643537521362305
2019-12-11,17.863807678222656
2019-12-12,18.062047958374023
2019-12-13,18.01799774169922
2019-12-16,18.04216194152832
2019-12-17,17.97418975830078
2019-12-18,18.057266235351562
2019-12-19,18.09502410888672
2019-12-20,18.11012840270996
2019-12-23,18.117679595947266
2019-12-24,18.087472915649414
2019-12-26,18.162996292114258
2019-12-27,18.140336990356445
2019-12-30,18.079925537109375
2019-12-31,18.2309627532959
2020-01-02,18.4650821685791
2020-01-03,18.20830726623535
2020-01-06,18.193201065063477
2020-01-07,18.27627944946289
2020-01-08,18.389562606811523
2020-01-09,18.283830642700195
2020-01-10,18.351797103881836
2020-01-13,18.47263526916504
2020-01-14,18.52549934387207
2020-01-15,18.389562606811523
2020-01-16,18.51039695739746
2020-01-17,18.533056259155273
2020-01-21,18.26117515563965
2020-01-22,18.29893684387207
2020-01-23,18.15544319152832
2020-01-24,18.09502410888672
2020-01-27,17.49085235595703
2020-01-28,17.792938232421875
2020-01-29,17.679655075073242
2020-01-30,17.679655075073242
2020-01-31,17.286943435668945
2020-02-03,17.249181747436523
2020-02-04,17.40777587890625
2020-02-05,17.558822631835938
2020-02-06,17.543716430664062
2020-02-07,17.113245010375977
2020-02-10,17.19631576538086
2020-02-11,17.370018005371094
2020-02-12,17.77783203125
2020-02-13,17.46064567565918
2020-02-14,17.41533088684082
2020-02-18,17.286943435668945
2020-02-19,17.39267349243164
2020-02-20,17.12834930419922
2020-02-21,17.105690002441406
2020-02-24,16.77338981628418
2020-02-25,16.818708419799805
2020-02-26,16.833816528320312
2020-02-27,16.58458709716797
2020-02-28,16.486413955688477
2020-03-02,16.46375274658203
2020-03-03,16.50151824951172
2020-03-04,16.61480140686035
2020-03-05,16.31270980834961
2020-03-06,16.16166877746582
2020-03-09,14.953319549560547
2020-03-10,15.640565872192383
2020-03-11,14.915556907653809
2020-03-12,13.624137878417969
2020-03-13,14.235861778259277
2020-03-16,12.846261978149414
2020-03-17,13.155899047851562
2020-03-18,12.55927562713623
2020-03-19,12.075936317443848
2020-03-20,11.977758407592773
2020-03-23,11.547285079956055
2020-03-24,12.42333984375
2020-03-25,13.125689506530762
2020-03-26,13.661895751953125
2020-03-27,13.095481872558594
2020-03-30,13.11058521270752
2020-03-31,13.103036880493164
2020-04-01,12.544172286987305
2020-04-02,12.959542274475098
2020-04-03,12.33271312713623
2020-04-06,13.035065650939941
2020-04-07,13.291839599609375
2020-04-08,13.480643272399902
2020-04-09,13.518404006958008
2020-04-13,13.63168716430664
2020-04-14,14.00174331665039
2020-04-15,13.518404006958008
2020-04-16,13.63168716430664
2020-04-17,13.646790504455566
2020-04-20,13.563716888427734
2020-04-21,13.140795707702637
2020-04-22,13.329598426818848
2020-04-23,13.337153434753418
2020-04-24,13.329598426818848
2020-04-27,13.556167602539062
2020-04-28,13.593928337097168
2020-04-29,13.918671607971191
2020-04-30,13.986639976501465
2020-05-01,13.563716888427734
2020-05-04,13.714761734008789
2020-05-05,13.744969367980957
2020-05-06,13.646790504455566
2020-05-07,13.805388450622559
2020-05-08,13.911115646362305
2020-05-11,13.95643138885498
2020-05-12,13.896011352539062
2020-05-13,13.729866027832031
2020-05-14,13.548613548278809
2020-05-15,13.344703674316406
2020-05-18,13.858250617980957
2020-05-19,13.903564453125
2020-05-20,14.00174331665039
2020-05-21,13.782729148864746
2020-05-22,13.541062355041504
2020-05-26,13.812938690185547
2020-05-27,13.752521514892578
2020-05-28,13.722314834594727
2020-05-29,13.775177955627441
2020-06-01,14.145236015319824
2020-06-02,14.439769744873047
2020-06-03,15.043944358825684
2020-06-04,14.90800666809082
2020-06-05,15.308270454406738
2020-06-08,15.504630088806152
2020-06-09,15.391348838806152
2020-06-10,15.466867446899414
2020-06-11,14.50773811340332
2020-06-12,14.666337966918945
2020-06-15,14.589187622070312
2020-06-16,14.650297164916992
2020-06-17,14.711400985717773
2020-06-18,14.642660140991211
2020-06-19,14.360037803649902
2020-06-22,14.589187622070312
2020-06-23,14.589187622070312
2020-06-24,14.360037803649902
2020-06-25,14.405871391296387
2020-06-26,14.237824440002441
2020-06-29,14.25310230255127
2020-06-30,14.337126731872559
2020-07-01,14.428784370422363
2020-07-02,14.60446548461914
2020-07-06,15.032209396362305
2020-07-07,14.764873504638672
2020-07-08,14.925275802612305
2020-07-09,14.734315872192383
2020-07-10,14.680846214294434
2020-07-13,14.60446548461914
2020-07-14,14.696122169494629
2020-07-15,14.864165306091309
2020-07-16,14.650297164916992
2020-07-17,14.642660140991211
2020-07-20,14.734315872192383
2020-07-21,14.734315872192383
2020-07-22,14.596826553344727
2020-07-23,14.558632850646973
2020-07-24,14.489889144897461
2020-07-27,14.612103462219238
2020-07-28,14.497529983520508
2020-07-29,14.550995826721191
2020-07-30,14.352401733398438
2020-07-31,14.230185508728027
2020-08-03,14.138526916503906
2020-08-04,14.352401733398438
2020-08-05,14.497529983520508
2020-08-06,14.627379417419434
2020-08-07,14.482251167297363
2020-08-10,14.482251167297363
2020-08-11,14.360037803649902
2020-08-12,14.726679801940918
2020-08-13,14.711400985717773
2020-08-14,14.848892211914062
2020-08-17,14.780146598815918
2020-08-18,14.665573120117188
2020-08-19,14.535720825195312
2020-08-20,14.581551551818848
2020-08-21,14.489889144897461
2020-08-24,14.497529983520508
2020-08-25,14.635019302368164
2020-08-26,14.657933235168457
2020-08-27,14.459338188171387
2020-08-28,14.711400985717773
2020-08-31,14.558632850646973
2020-09-01,14.642660140991211
2020-09-02,14.665573120117188
2020-09-03,14.329486846923828
2020-09-04,14.390592575073242
2020-09-08,14.237824440002441
2020-09-09,14.428784370422363
2020-09-10,14.161443710327148
2020-09-11,14.2607421875
2020-09-14,14.321846961975098
2020-09-15,14.398231506347656
2020-09-16,14.405871391296387
2020-09-17,14.451698303222656
2020-09-18,14.398231506347656
2020-09-21,14.276016235351562
2020-09-22,14.085058212280273
2020-09-23,14.016312599182129
2020-09-24,13.985761642456055
2020-09-25,14.085058212280273
2020-09-28,14.2607421875
2020-09-29,14.19963550567627
2020-09-30,14.298933982849121
2020-10-01,14.4669771194458
2020-10-02,14.459338188171387
2020-10-05,14.612103462219238
2020-10-06,14.60446548461914
2020-10-07,14.68848705291748
2020-10-08,14.726679801940918
2020-10-09,14.772506713867188
2020-10-12,14.833617210388184
2020-10-13,14.848892211914062
2020-10-14,14.764873504638672
2020-10-15,14.619741439819336
2020-10-16,14.696122169494629
2020-10-19,14.68848705291748
2020-10-20,14.711400985717773
2020-10-21,14.703763961791992
2020-10-22,14.665573120117188
2020-10-23,14.726679801940918
2020-10-26,14.4669771194458
2020-10-27,14.505169868469238
2020-10-28,14.092698097229004
2020-10-29,13.917016983032227
2020-10-30,13.771888732910156
2020-11-02,13.932293891906738
2020-11-03,14.245463371276855
2020-11-04,14.543359756469727
2020-11-05,14.97874641418457
2020-11-06,14.971105575561523
2020-11-09,15.391210556030273
2020-11-10,15.582167625427246
2020-11-11,15.59744644165039
2020-11-12,15.521061897277832
2020-11-13,15.64327335357666
2020-11-16,15.910615921020508
2020-11-17,16.04810905456543
2020-11-18,16.063383102416992
2020-11-19,16.124492645263672
2020-11-20,16.25434112548828
2020-11-23,16.43766212463379
2020-11-24,16.77374839782715
2020-11-25,16.6591739654541
2020-11-27,16.720279693603516
2020-11-30,16.155044555664062
2020-12-01,16.384197235107422
2020-12-02,16.3536376953125
2020-12-03,16.43766212463379
2020-12-04,16.590429306030273
2020-12-07,16.430021286010742
2020-12-08,16.3536376953125
2020-12-09,16.368919372558594
2020-12-10,16.430021286010742
2020-12-11,16.323087692260742
2020-12-14,16.53049659729004
2020-12-15,16.693626403808594
2020-12-16,16.810144424438477
2020-12-17,16.76353645324707
2020-12-18,16.701391220092773
2020-12-21,16.561565399169922
2020-12-22,16.375133514404297
2020-12-23,16.54602813720703
2020-12-24,16.608173370361328
2020-12-28,16.654787063598633
2020-12-29,16.70915985107422
2020-12-30,16.85675811767578
2020-12-31,16.685855865478516
2021-01-04,16.748001098632812
2021-01-05,16.903362274169922
2021-01-06,17.12087059020996
2021-01-07,17.16748046875
2021-01-08,17.664636611938477
2021-01-11,17.32283592224121
2021-01-12,17.447128295898438
2021-01-13,17.423824310302734
2021-01-14,17.625795364379883
2021-01-15,17.423824310302734
2021-01-19,17.462661743164062
2021-01-20,17.58695411682129
2021-01-21,17.687938690185547
2021-01-22,17.392751693725586
2021-01-25,17.315073013305664
2021-01-26,17.221853256225586
2021-01-27,17.012115478515625
2021-01-28,17.144174575805664
2021-01-29,16.732467651367188
2021-02-01,16.810144424438477
2021-02-02,16.934431076049805
2021-02-03,16.926668167114258
2021-02-04,16.841218948364258
2021-02-05,16.8878231048584
2021-02-08,17.113100051879883
2021-02-09,17.229623794555664
2021-02-10,17.05095672607422
2021-02-11,17.19078254699707
2021-02-12,17.245159149169922
2021-02-16,17.16748046875
2021-02-17,17.144174575805664
2021-02-18,17.05095672607422
2021-02-19,17.012115478515625
2021-02-22,17.05095672607422
2021-02-23,17.144174575805664
2021-02-24,17.447128295898438
2021-02-25,17.19078254699707
2021-02-26,17.144174575805664
2021-03-01,17.594722747802734
2021-03-02,17.493736267089844
2021-03-03,17.4005184173584
2021-03-04,17.478200912475586
2021-03-05,17.742319107055664
2021-03-08,17.610260009765625
2021-03-09,17.796693801879883
2021-03-10,17.641332626342773
2021-03-11,17.84330177307129
2021-03-12,17.757850646972656
2021-03-15,17.719011306762695
2021-03-16,17.719011306762695
2021-03-17,17.89767837524414
2021-03-18,17.8510684967041
2021-03-19,17.959823608398438
2021-03-22,17.975360870361328
2021-03-23,17.703479766845703
2021-03-24,17.827768325805664
2021-03-25,17.952054977416992
2021-03-26,18.223936080932617
2021-03-29,18.223936080932617
2021-03-30,18.309383392333984
2021-03-31,18.19286346435547
2021-04-01,18.387069702148438
2021-04-05,18.41813850402832
2021-04-06,18.410371780395508
2021-04-07,18.371532440185547
2021-04-08,18.348228454589844
2021-04-09,18.32492446899414
2021-04-12,18.255008697509766
2021-04-13,18.363765716552734
2021-04-14,18.33268928527832
2021-04-15,18.44144630432129
2021-04-16,18.5113582611084
2021-04-19,18.542428970336914
2021-04-20,18.231704711914062
2021-04-21,18.3404598236084
2021-04-22,18.24724006652832
2021-04-23,18.53466033935547
2021-04-26,18.658950805664062
2021-04-27,18.682254791259766
2021-04-28,18.759937286376953
2021-04-29,18.690021514892578
2021-04-30,18.589040756225586
2021-05-03,18.464752197265625
2021-05-04,18.099647521972656
2021-05-05,18.23947525024414
2021-05-06,18.387069702148438
2021-05-07,18.814313888549805
2021-05-10,18.49582290649414
2021-05-11,18.255008697509766
2021-05-12,17.91321563720703
2021-05-13,17.89767837524414
2021-05-14,17.858837127685547
2021-05-17,17.9365177154541
2021-05-18,18.278316497802734
2021-05-19,18.138492584228516
2021-05-20,18.177330017089844
2021-05-21,18.19286346435547
2021-05-24,18.32492446899414
2021-05-25,18.39483642578125
2021-05-26,18.402606964111328
2021-05-27,18.728866577148438
2021-05-28,18.705556869506836
2021-06-01,18.721092224121094
2021-06-02,18.62787628173828
2021-06-03,18.488052368164062
2021-06-04,18.66672134399414
2021-06-07,18.759937286376953
2021-06-08,18.721092224121094
2021-06-09,18.635644912719727
2021-06-10,18.777122497558594
2021-06-11,18.66708755493164
2021-06-14,18.62778663635254
2021-06-15,18.68280792236328
2021-06-16,18.384132385253906
2021-06-17,18.28981590270996
2021-06-18,18.022581100463867
2021-06-21,18.28195571899414
2021-06-22,18.014719009399414
2021-06-23,18.022581100463867
2021-06-24,18.171916961669922
2021-06-25,18.242652893066406
2021-06-28,18.18763542175293
2021-06-29,18.022581100463867
2021-06-30,18.266233444213867
2021-07-01,18.21121597290039
2021-07-02,18.171916961669922
2021-07-06,18.52560806274414
2021-07-07,18.171916961669922
2021-07-08,17.85752296447754
2021-07-09,18.22693634033203
2021-07-12,18.3055362701416
2021-07-13,18.28981590270996
2021-07-14,18.242652893066406
2021-07-15,18.077600479125977
2021-07-16,17.99900245666504
2021-07-19,17.73176383972168
2021-07-20,17.943981170654297
2021-07-21,17.99900245666504
2021-07-22,18.22693634033203
2021-07-23,18.21907615661621
2021-07-26,18.23479461669922
2021-07-27,18.171916961669922
2021-07-28,18.23479461669922
2021-07-29,18.517749786376953
2021-07-30,18.462730407714844
2021-08-02,18.22693634033203
2021-08-03,18.368412017822266
2021-08-04,18.58848762512207
2021-08-05,18.59634780883789
2021-08-06,18.533470153808594
2021-08-09,18.52560806274414
2021-08-10,18.69852638244629
2021-08-11,18.580631256103516
2021-08-12,18.572769165039062
2021-08-13,18.564910888671875
2021-08-16,18.541330337524414
2021-08-17,18.21907615661621
2021-08-18,18.352693557739258
2021-08-19,18.14833641052246
2021-08-20,18.329113006591797
2021-08-23,18.156198501586914
2021-08-24,18.27409553527832
2021-08-25,18.28981590270996
2021-08-26,18.203357696533203
2021-08-27,18.28195571899414
2021-08-30,18.391992568969727
2021-08-31,18.156198501586914
2021-09-01,18.329113006591797
2021-09-02,18.41557502746582
2021-09-03,18.407712936401367
2021-09-07,18.439151763916016
2021-09-08,18.21907615661621
2021-09-09,18.313392639160156
2021-09-10,18.329113006591797
2021-09-13,18.29767417907715
2021-09-14,18.25837516784668
2021-09-15,18.37626838684082
2021-09-16,18.28195571899414
2021-09-17,18.242652893066406
2021-09-20,17.991140365600586
2021-09-21,18.022581100463867
2021-09-22,18.014719009399414
2021-09-23,18.266233444213867
2021-09-24,17.99900245666504
2021-09-27,18.33697509765625
2021-09-28,18.038301467895508
2021-09-29,17.92040252685547
2021-09-30,17.896821975708008
2021-10-01,18.006860733032227
2021-10-04,18.061878204345703
2021-10-05,17.975425720214844
2021-10-06,18.171916961669922
2021-10-07,18.19549560546875
2021-10-08,18.28981590270996
2021-10-11,18.22693634033203
2021-10-12,18.19549560546875
2021-10-13,18.564910888671875
2021-10-14,18.816421508789062
2021-10-15,18.808565139770508
2021-10-18,18.800703048706055
2021-10-19,18.957901000976562
2021-10-20,19.083660125732422
2021-10-21,18.83213996887207
2021-10-22,18.895021438598633
2021-10-25,18.957901000976562
2021-10-26,18.94217872619629
2021-10-27,18.887163162231445
2021-10-28,19.01291847229004
2021-10-29,18.902881622314453
2021-11-01,18.94217872619629
2021-11-02,18.989337921142578
2021-11-03,19.115097045898438
2021-11-04,19.115097045898438
2021-11-05,19.083660125732422
2021-11-08,19.264436721801758
2021-11-09,18.989337921142578
2021-11-10,18.816421508789062
2021-11-11,18.9343204498291
2021-11-12,18.9343204498291
2021-11-15,18.973621368408203
2021-11-16,18.965757369995117
2021-11-17,18.792844772338867
2021-11-18,18.83213996887207
2021-11-19,18.635644912719727
2021-11-22,18.651365280151367
2021-11-23,18.69066619873047
2021-11-24,18.494173049926758
2021-11-26,17.99900245666504
2021-11-29,17.92826271057129
2021-11-30,17.668886184692383
2021-12-01,17.488115310668945
2021-12-02,17.425233840942383
2021-12-03,17.354496002197266
2021-12-06,17.637447357177734
2021-12-07,17.77106475830078
2021-12-08,17.810367584228516
2021-12-09,17.739625930786133
2021-12-10,17.64531135559082
2021-12-13,17.28577423095703
2021-12-14,17.25286102294922
2021-12-15,17.28577423095703
2021-12-16,17.277545928955078
2021-12-17,17.096542358398438
2021-12-20,16.98135757446289
2021-12-21,17.2034969329834
2021-12-22,17.343360900878906
2021-12-23,17.343360900878906
2021-12-27,17.409183502197266
2021-12-28,17.4503173828125
2021-12-29,17.51613998413086
2021-12-30,17.49968719482422
2021-12-31,17.598411560058594
2022-01-03,17.631322860717773
2022-01-04,17.51613998413086
2022-01-05,17.17058753967285
2022-01-06,17.318681716918945
2022-01-07,17.466772079467773
2022-01-10,17.45854377746582
2022-01-11,17.795869827270508
2022-01-12,17.91928482055664
2022-01-13,17.721824645996094
2022-01-14,17.77118682861328
2022-01-18,17.590185165405273
2022-01-19,17.688915252685547
2022-01-20,17.656005859375
2022-01-21,17.507911682128906
2022-01-24,17.392728805541992
2022-01-25,17.318681716918945
2022-01-26,17.16236114501953
2022-01-27,17.07185935974121
2022-01-28,17.06363296508789
2022-01-31,17.351591110229492
2022-02-01,17.598411560058594
2022-02-02,17.475004196166992
2022-02-03,17.549047470092773
2022-02-04,17.656005859375
2022-02-07,17.911056518554688
2022-02-08,18.207239151000977
2022-02-09,18.519882202148438
2022-02-10,18.31419563293457
2022-02-11,18.133195877075195
2022-02-14,17.91928482055664
2022-02-15,18.133195877075195
2022-02-16,18.29774284362793
2022-02-17,18.050920486450195
2022-02-18,17.91928482055664
2022-02-22,17.74650764465332
2022-02-23,17.58196258544922
2022-02-24,17.16236114501953
2022-02-25,17.549047470092773
2022-02-28,17.269319534301758
2022-03-01,16.73453712463379
2022-03-02,16.668718338012695
2022-03-03,16.18330192565918
2022-03-04,15.821290969848633
2022-03-07,15.53333568572998
2022-03-08,15.426379203796387
2022-03-09,15.903570175170898
2022-03-10,15.96115779876709
2022-03-11,15.739020347595215
2022-03-14,15.549790382385254
2022-03-15,15.887113571166992
2022-03-16,16.644033432006836
2022-03-17,16.78390121459961
2022-03-18,17.030723571777344
2022-03-21,16.89908218383789
2022-03-22,17.11299705505371
2022-03-23,17.047176361083984
2022-03-24,17.228179931640625
2022-03-25,17.16236114501953
2022-03-28,17.17058753967285
2022-03-29,17.614866256713867
2022-03-30,17.44209098815918
2022-03-31,17.145906448364258
2022-04-01,17.261091232299805
2022-04-04,17.606639862060547
2022-04-05,17.37627410888672
2022-04-06,17.178815841674805
2022-04-07,17.02249526977539
2022-04-08,16.91553497314453
2022-04-11,16.71808433532715
2022-04-12,16.55353355407715
2022-04-13,16.759218215942383
2022-04-14,16.627582550048828
2022-04-18,16.397214889526367
2022-04-19,16.487712860107422
2022-04-20,16.47125816345215
2022-04-21,16.19975471496582
2022-04-22,16.092798233032227
2022-04-25,16.14216423034668
2022-04-26,15.706110000610352
2022-04-27,15.788385391235352
2022-04-28,15.977612495422363
2022-04-29,16.068117141723633
2022-05-02,16.068117141723633
2022-05-03,16.125707626342773
2022-05-04,16.43012046813965
2022-05-05,15.895341873168945
2022-05-06,15.714335441589355
2022-05-09,15.228920936584473
2022-05-10,15.072601318359375
2022-05-11,14.899827003479004
2022-05-12,14.792867660522461
2022-05-13,15.270054817199707
2022-05-16,15.212467193603516
2022-05-17,15.483970642089844
2022-05-18,15.196011543273926
2022-05-19,15.467514991760254
2022-05-20,15.656745910644531
2022-05-23,15.632063865661621
2022-05-24,15.385244369506836
2022-05-25,15.377015113830566
2022-05-26,15.656745910644531
2022-05-27,15.813064575195312
2022-05-31,15.697883605957031
2022-06-01,15.590928077697754
2022-06-02,15.780158042907715
2022-06-03,15.500425338745117
2022-06-06,15.599156379699707
2022-06-07,15.763702392578125
2022-06-08,15.755475997924805
2022-06-09,15.37648868560791
2022-06-10,15.109362602233887
2022-06-13,14.717020034790039
2022-06-14,14.691973686218262
2022-06-15,14.909016609191895
2022-06-16,14.633543014526367
2022-06-17,14.658586502075195
2022-06-21,14.917365074157715
2022-06-22,14.78380012512207
2022-06-23,14.942408561706543
2022-06-24,15.21788215637207
2022-06-27,15.11771011352539
2022-06-28,14.95075511932373
2022-06-29,14.900668144226074
2022-06-30,14.758756637573242
2022-07-01,14.742061614990234
2022-07-05,14.800496101379395
2022-07-06,14.750410079956055
2022-07-07,15.017538070678711
2022-07-08,15.050929069519043
2022-07-11,14.808844566345215
2022-07-12,14.825539588928223
2022-07-13,14.708674430847168
2022-07-14,14.575108528137207
2022-07-15,14.750410079956055
2022-07-18,14.767105102539062
2022-07-19,15.059276580810547
2022-07-20,15.234575271606445
2022-07-21,15.343097686767578
2022-07-22,15.301358222961426
2022-07-25,15.284664154052734
2022-07-26,15.176142692565918
2022-07-27,15.568487167358398
2022-07-28,15.677008628845215
2022-07-29,15.626920700073242
2022-08-01,15.727091789245605
2022-08-02,15.685355186462402
2022-08-03,15.960827827453613
2022-08-04,16.202911376953125
2022-08-05,16.194562911987305
2022-08-08,16.161174774169922
2022-08-09,16.06100082397461
2022-08-10,16.45334243774414
2022-08-11,16.461692810058594
2022-08-12,16.50343132019043
2022-08-15,16.36986541748047
2022-08-16,16.05265235900879
2022-08-17,15.927438735961914
2022-08-18,15.90239429473877
2022-08-19,15.585183143615723
2022-08-22,15.501705169677734
2022-08-23,15.476661682128906
2022-08-24,15.510052680969238
2022-08-25,15.643613815307617
2022-08-26,15.351446151733398
2022-08-29,15.259621620178223
2022-08-30,15.21788215637207
2022-08-31,15.159446716308594
2022-09-01,15.142751693725586
2022-09-02,15.050929069519043
2022-09-06,14.975800514221191
2022-09-07,15.1010160446167
2022-09-08,15.209534645080566
2022-09-09,15.510052680969238
2022-09-12,15.710395812988281
2022-09-13,15.32640266418457
2022-09-14,15.293008804321289
2022-09-15,15.167795181274414
2022-09-16,15.21788215637207
2022-09-19,15.25127124786377
2022-09-20,15.134404182434082
2022-09-21,14.967453002929688
2022-09-22,14.867279052734375
2022-09-23,14.541717529296875
2022-09-26,14.383109092712402
2022-09-27,14.274591445922852
2022-09-28,14.35806941986084
2022-09-29,14.241199493408203
2022-09-30,14.282939910888672
2022-10-03,14.333024024963379
2022-10-04,14.691973686218262
2022-10-05,14.675281524658203
2022-10-06,14.616847038269043
2022-10-07,14.424850463867188
2022-10-10,14.29128646850586
2022-10-11,14.18276596069336
2022-10-12,14.107636451721191
2022-10-13,13.999114990234375
2022-10-14,13.782073974609375
2022-10-17,13.93233585357666
2022-10-18,13.974074363708496
2022-10-19,13.765379905700684
2022-10-20,13.782073974609375
2022-10-21,13.765379905700684
2022-10-24,13.665207862854004
2022-10-25,13.93233585357666
2022-10-26,14.09093952178955
2022-10-27,14.09093952178955
2022-10-28,14.324678421020508
2022-10-31,14.399807929992676
2022-11-01,14.474936485290527
2022-11-02,14.391458511352539
2022-11-03,14.174417495727539
2022-11-04,14.633543014526367
2022-11-07,14.675281524658203
2022-11-08,14.733713150024414
2022-11-09,14.525020599365234
2022-11-10,15.109362602233887
2022-11-11,15.468314170837402
2022-11-14,15.510052680969238
2022-11-15,15.960827827453613
2022-11-16,15.927438735961914
2022-11-17,16.027610778808594
2022-11-18,15.935785293579102
2022-11-21,15.668660163879395
2022-11-22,15.702049255371094
2022-11-23,15.710395812988281
2022-11-25,15.660311698913574
2022-11-28,15.526749610900879
2022-11-29,15.76048469543457
2022-11-30,16.04430389404297
2022-12-01,16.177871704101562
2022-12-02,16.06934928894043
2022-12-05,15.944132804870605
2022-12-06,15.810566902160645
2022-12-07,15.69369888305664
2022-12-08,15.877352714538574
2022-12-09,15.885700225830078
2022-12-12,15.90239429473877
2022-12-13,16.244155883789062
2022-12-14,16.176647186279297
2022-12-15,15.872859001159668
2022-12-16,15.71252727508545
2022-12-19,15.695652961730957
2022-12-20,15.704089164733887
2022-12-21,15.898174285888672
2022-12-22,15.780035972595215
2022-12-23,15.85598373413086
2022-12-27,15.898174285888672
2022-12-28,15.796913146972656
2022-12-29,16.007877349853516
2022-12-30,15.872859001159668
2023-01-03,15.88129711151123
2023-01-04,16.058507919311523
2023-01-05,16.126014709472656
2023-01-06,16.345417022705078
2023-01-09,16.38760757446289
2023-01-10,16.26947021484375
2023-01-11,16.39604949951172
2023-01-12,16.471994400024414
2023-01-13,16.657644271850586
2023-01-17,16.607011795043945
2023-01-18,16.590133666992188
2023-01-19,16.53950309753418
2023-01-20,16.767343521118164
2023-01-23,16.936111450195312
2023-01-24,16.843290328979492
2023-01-25,17.045812606811523
2023-01-26,17.231462478637695
2023-01-27,17.256776809692383
2023-01-30,17.07956886291504
2023-01-31,17.147077560424805
2023-02-01,17.29897117614746
2023-02-02,17.214584350585938
2023-02-03,17.05425262451172
2023-02-06,16.92767333984375
2023-02-07,17.012060165405273
2023-02-08,16.986743927001953
2023-02-09,16.817975997924805
2023-02-10,16.767343521118164
2023-02-13,16.716712951660156
2023-02-14,16.682958602905273
2023-02-15,16.46355438232422
2023-02-16,16.581695556640625
2023-02-17,16.66608238220215
2023-02-21,16.455116271972656
2023-02-22,16.38760757446289
2023-02-23,16.227275848388672
2023-02-24,16.083824157714844
2023-02-27,16.10070037841797
2023-02-28,16.14288902282715
2023-03-01,16.126014709472656
2023-03-02,16.058507919311523
2023-03-03,16.117576599121094
2023-03-06,16.126014709472656
2023-03-07,16.024751663208008
2023-03-08,16.176647186279297
2023-03-09,15.923492431640625
2023-03-10,15.67033576965332
2023-03-13,15.434060096740723
2023-03-14,15.729402542114258
2023-03-15,15.569072723388672
2023-03-16,15.9403657913208
2023-03-17,15.872859001159668
2023-03-20,15.9403657913208
2023-03-21,16.10913848876953
2023-03-22,16.30322265625
2023-03-23,16.328540802001953
2023-03-24,16.311664581298828
2023-03-27,16.505748748779297
2023-03-28,16.632326126098633
2023-03-29,16.69983673095703
2023-03-30,16.73358917236328
2023-03-31,16.75046730041504
2023-04-03,16.877044677734375
2023-04-04,17.07956886291504
2023-04-05,16.978307723999023
2023-04-06,16.893922805786133
2023-04-10,16.851726531982422
2023-04-11,16.860166549682617
2023-04-12,16.78421974182129
2023-04-13,17.00362205505371
2023-04-14,16.83485221862793
2023-04-17,16.83485221862793
2023-04-18,16.80953598022461
2023-04-19,16.902360916137695
2023-04-20,16.817975997924805
2023-04-21,16.877044677734375
2023-04-24,16.868602752685547
2023-04-25,16.54793930053711
2023-04-26,16.607011795043945
2023-04-27,16.66608238220215
2023-04-28,16.77577781677246
2023-05-01,16.83485221862793
2023-05-02,16.590133666992188
2023-05-03,16.573257446289062
2023-05-04,16.674518585205078
2023-05-05,16.910799026489258
2023-05-08,16.92767333984375
2023-05-09,16.843290328979492
2023-05-10,16.885480880737305
2023-05-11,16.742029190063477
2023-05-12,16.531063079833984
2023-05-15,16.758907318115234
2023-05-16,16.370731353759766
2023-05-17,16.244155883789062
2023-05-18,16.117576599121094
2023-05-19,16.26947021484375
2023-05-22,16.328540802001953
2023-05-23,16.261032104492188
2023-05-24,16.126014709472656
2023-05-25,16.041629791259766
2023-05-26,16.244155883789062
2023-05-30,15.965682983398438
2023-05-31,15.830667495727539
2023-06-01,15.965682983398438
2023-06-02,16.159772872924805
2023-06-05,16.05006980895996
2023-06-06,16.210399627685547
2023-06-07,16.1229190826416
2023-06-08,16.315378189086914
2023-06-09,16.297882080078125
2023-06-12,16.35912322998047
2023-06-13,16.45534896850586
2023-06-14,16.54283332824707
2023-06-15,16.779033660888672
2023-06-16,16.73529052734375
2023-06-20,16.402860641479492
2023-06-21,16.46409797668457
2023-06-22,16.350372314453125
2023-06-23,16.07042694091797
2023-06-26,16.0966739654541
2023-06-27,16.15791130065918
2023-06-28,16.105422973632812
2023-06-29,16.1229190826416
2023-06-30,16.19290542602539
2023-07-03,16.245393753051758
2023-07-05,16.087926864624023
2023-07-06,15.755495071411133
2023-07-07,15.912964820861816
2023-07-10,16.03543472290039
2023-07-11,16.26289176940918
2023-07-12,16.612817764282227
2023-07-13,17.032730102539062
2023-07-14,16.875263214111328
2023-07-17,16.91900634765625
2023-07-18,16.892759323120117
2023-07-19,16.936500549316406
2023-07-20,16.84902000427246
2023-07-21,16.866514205932617
2023-07-24,16.83152198791504
2023-07-25,16.927753448486328
2023-07-26,17.17270278930664
2023-07-27,17.085220336914062
2023-07-28,17.417652130126953
2023-07-31,17.548871994018555
2023-08-01,17.408903121948242
2023-08-02,16.936500549316406
2023-08-03,16.91025733947754
2023-08-04,16.91900634765625
2023-08-07,16.980239868164062
2023-08-08,16.857770919799805
2023-08-09,16.83152198791504
2023-08-10,16.84027099609375
2023-08-11,16.691551208496094
2023-08-14,16.54283332824707
2023-08-15,16.061681747436523
2023-08-16,15.886714935302734
2023-08-17,15.80798053741455
2023-08-18,15.764243125915527
2023-08-21,15.755495071411133
2023-08-22,15.668013572692871
2023-08-23,15.965450286865234
2023-08-24,15.825481414794922
2023-08-25,15.947955131530762
2023-08-28,16.16666030883789
2023-08-29,16.289134979248047
2023-08-30,16.245393753051758
2023-08-31,16.25414276123047
2023-09-01,16.26289176940918
2023-09-05,16.13166618347168
2023-09-06,16.044185638427734
2023-09-07,16.026687622070312
2023-09-08,15.965450286865234
2023-09-11,16.14041519165039
2023-09-12,16.079177856445312
2023-09-13,16.0966739654541
2023-09-14,16.332876205444336
2023-09-15,16.367868423461914
2023-09-18,16.236642837524414
2023-09-19,16.079177856445312
2023-09-20,16.07042694091797
2023-09-21,15.746747970581055
2023-09-22,15.799233436584473
2023-09-25,15.930458068847656
2023-09-26,15.842978477478027
2023-09-27,15.764243125915527
2023-09-28,16.026687622070312
2023-09-29,16.052934646606445
2023-10-02,15.799233436584473
2023-10-03,15.737998008728027
2023-10-04,15.58928108215332
2023-10-05,15.729249000549316
2023-10-06,15.965450286865234
2023-10-09,15.851726531982422
2023-10-10,16.13166618347168
2023-10-11,16.087926864624023
2023-10-12,15.947955131530762
2023-10-13,15.851726531982422
2023-10-16,15.956703186035156
2023-10-17,16.00044822692871
2023-10-18,15.563034057617188
2023-10-19,15.414318084716797
2023-10-20,15.248100280761719
2023-10-23,15.326835632324219
2023-10-24,15.52804183959961
2023-10-25,15.361825942993164
2023-10-26,15.30058765411377
2023-10-27,15.073135375976562
2023-10-30,15.344329833984375
2023-10-31,15.326835632324219
2023-11-01,15.39681625366211
2023-11-02,15.519293785095215
2023-11-03,15.991697311401367
2023-11-06,16.087926864624023
2023-11-07,15.982945442199707
2023-11-08,15.764243125915527
2023-11-09,15.764243125915527
2023-11-10,15.746747970581055
2023-11-13,15.869219779968262
2023-11-14,15.921710968017578
2023-11-15,15.729249000549316
2023-11-16,15.816730499267578
2023-11-17,15.921710968017578
2023-11-20,15.904213905334473
2023-11-21,15.781740188598633
2023-11-22,15.825481414794922
2023-11-24,15.799233436584473
2023-11-27,15.755495071411133
2023-11-28,15.764243125915527
2023-11-29,15.842978477478027
2023-11-30,15.720499038696289
2023-12-01,15.912964820861816
2023-12-04,15.772992134094238
2023-12-05,15.694258689880371
2023-12-06,15.685510635375977
2023-12-07,15.755495071411133
2023-12-08,15.912964820861816
2023-12-11,15.764243125915527
2023-12-12,15.842978477478027
2023-12-13,16.114171981811523
2023-12-14,16.14041519165039
2023-12-15,15.869219779968262
2023-12-18,15.921710968017578
2023-12-19,16.07042694091797
2023-12-20,15.794719696044922
2023-12-21,16.128093719482422
2023-12-22,16.31730842590332
2023-12-26,16.299285888671875
2023-12-27,16.470478057861328
2023-12-28,16.686721801757812
2023-12-29,16.848905563354492
2024-01-02,16.560577392578125
2024-01-03,16.44344711303711
2024-01-04,16.281265258789062
2024-01-05,16.31730842590332
2024-01-08,16.461467742919922
2024-01-09,16.344335556030273
2024-01-10,16.31730842590332
2024-01-11,16.326318740844727
2024-01-12,16.326318740844727
2024-01-16,16.0470027923584
2024-01-17,15.794719696044922
2024-01-18,15.84877872467041
2024-01-19,15.992940902709961
2024-01-22,15.956900596618652
2024-01-23,15.9298734664917
2024-01-24,16.0470027923584
2024-01-25,16.0470027923584
2024-01-26,16.128093719482422
2024-01-29,16.06502342224121
2024-01-30,16.06502342224121
2024-01-31,15.965912818908691
2024-02-01,16.0470027923584
2024-02-02,16.128093719482422
2024-02-05,15.83977222442627
2024-02-06,15.965912818908691
2024-02-07,16.119081497192383
2024-02-08,15.965912818908691
2024-02-09,15.992940902709961
2024-02-12,16.074033737182617
2024-02-13,15.749670028686523
2024-02-14,16.028982162475586
2024-02-15,16.326318740844727
2024-02-16,16.479490280151367
2024-02-20,16.62364959716797
2024-02-21,16.479490280151367
2024-02-22,16.470478057861328
2024-02-23,16.335325241088867
2024-02-26,16.182153701782227
2024-02-27,16.200176239013672
2024-02-28,16.028982162475586
2024-02-29,16.028982162475586
2024-03-01,16.16413688659668
2024-03-04,16.083044052124023
2024-03-05,16.0470027923584
2024-03-06,16.344335556030273
2024-03-07,16.452457427978516
2024-03-08,16.398399353027344
2024-03-11,16.434438705444336
2024-03-12,16.452457427978516
2024-03-13,16.57859992980957
2024-03-14,16.569589614868164
2024-03-15,16.542560577392578
2024-03-18,16.470478057861328
2024-03-19,16.461467742919922
2024-03-20,16.587608337402344
2024-03-21,16.632659912109375
2024-03-22,16.524539947509766
2024-03-25,16.48849868774414
2024-03-26,16.677711486816406
2024-03-27,16.758804321289062
2024-03-28,16.542560577392578
2024-04-01,16.524539947509766
2024-04-02,16.605628967285156
2024-04-03,16.62364959716797
2024-04-04,16.569589614868164
2024-04-05,16.686721801757812
2024-04-08,16.7137508392334
2024-04-09,16.83989143371582
2024-04-10,16.632659912109375
2024-04-11,16.686721801757812
2024-04-12,16.326318740844727
2024-04-15,16.128093719482422
2024-04-16,16.06502342224121
2024-04-17,16.182153701782227
2024-04-18,16.31730842590332
2024-04-19,16.407405853271484
2024-04-22,16.704740524291992
2024-04-23,17.038116455078125
2024-04-24,17.011083602905273
2024-04-25,17.083166122436523
2024-04-26,17.074155807495117
2024-04-29,17.16425323486328
2024-04-30,16.948013305664062
2024-05-01,16.9570255279541
2024-05-02,17.272377014160156
2024-05-03,17.398517608642578
2024-05-06,17.398517608642578
2024-05-07,17.272377014160156
2024-05-08,17.22732925415039
2024-05-09,17.353469848632812
2024-05-10,17.33544921875
2024-05-13,17.398517608642578
2024-05-14,17.578723907470703
2024-05-15,17.62377166748047
2024-05-16,17.668825149536133
2024-05-17,17.83100700378418
2024-05-20,17.668825149536133
2024-05-21,17.704864501953125
2024-05-22,17.596744537353516
2024-05-23,17.55169105529785
2024-05-24,17.659812927246094
2024-05-28,17.64179229736328
2024-05-29,17.53367042541504
2024-05-30,17.668825149536133
2024-05-31,17.62377166748047
2024-06-03,17.704864501953125
2024-06-04,17.659812927246094
2024-06-05,17.65080451965332
2024-06-06,17.68684196472168
2024-06-07,17.44356918334961
2024-06-10,17.53367042541504
2024-06-11,17.452011108398438
2024-06-12,17.617170333862305
2024-06-13,17.562116622924805
2024-06-14,17.424480438232422
2024-06-17,17.534587860107422
2024-06-18,17.598819732666016
2024-06-20,17.470359802246094
2024-06-21,17.452011108398438
2024-06-24,17.617170333862305
2024-06-25,17.516237258911133
2024-06-26,17.497886657714844
2024-06-27,17.71809959411621
2024-06-28,17.617170333862305
2024-07-01,17.525413513183594
2024-07-02,17.791505813598633
2024-07-03,18.140180587768555
2024-07-05,18.048423767089844
2024-07-08,17.984193801879883
2024-07-09,18.103477478027344
2024-07-10,18.433799743652344
2024-07-11,18.525554656982422
2024-07-12,18.543907165527344
2024-07-15,18.40627098083496
2024-07-16,18.452152252197266
2024-07-17,18.31451416015625
2024-07-18,18.085124969482422
2024-07-19,18.02089500427246
2024-07-22,18.048423767089844
2024-07-23,18.0667781829834
2024-07-24,18.002546310424805
2024-07-25,17.901615142822266
2024-07-26,17.919967651367188
2024-07-29,17.947490692138672
2024-07-30,17.984193801879883
2024-07-31,18.195232391357422
2024-08-01,17.837385177612305
2024-08-02,17.809858322143555
2024-08-05,17.039104461669922
2024-08-06,16.993228912353516
2024-08-07,17.130861282348633
2024-08-08,17.406129837036133
2024-08-09,17.507062911987305
2024-08-12,17.452011108398438
2024-08-13,17.754802703857422
2024-08-14,17.929141998291016
2024-08-15,18.18605613708496
2024-08-16,18.433799743652344
2024-08-19,18.608137130737305
2024-08-20,18.617313385009766
2024-08-21,18.654014587402344
2024-08-22,18.470500946044922
2024-08-23,18.910930633544922
2024-08-26,18.73659324645996
2024-08-27,18.764122009277344
2024-08-28,18.663188934326172
2024-08-29,18.764122009277344
2024-08-30,18.92928123474121
2024-09-03,18.956806182861328
2024-09-04,19.03021240234375
2024-09-05,19.08526611328125
2024-09-06,18.892580032348633
2024-09-09,19.296306610107422
2024-09-10,19.296306610107422
2024-09-11,19.62662696838379
2024-09-12,19.773439407348633
2024-09-13,19.84684181213379
2024-09-16,19.947772979736328
2024-09-17,19.97530174255371
2024-09-18,20.02117919921875
2024-09-19,20.415729522705078
2024-09-20,20.2689208984375
2024-09-23,20.525836944580078
2024-09-24,20.580890655517578
2024-09-25,20.28727149963379
2024-09-26,20.388202667236328
2024-09-27,20.43408203125
2024-09-30,20.323974609375
2024-10-01,20.25057029724121
2024-10-02,20.27809715270996
2024-10-03,20.03035545349121
2024-10-04,20.11293601989746
2024-10-07,20.0487060546875
2024-10-08,20.03035545349121
2024-10-09,20.131288528442383
2024-10-10,20.03035545349121
2024-10-11,20.14963722229004
2024-10-14,20.2689208984375
2024-10-15,20.085407257080078
2024-10-16,20.07623291015625
2024-10-17,20.14963722229004
2024-10-18,20.28727149963379
2024-10-21,20.07623291015625
2024-10-22,20.094585418701172
2024-10-23,19.993654251098633
2024-10-24,20.085407257080078
2024-10-25,19.947772979736328
2024-10-28,20.01200294494629
2024-10-29,19.84684181213379
2024-10-30,19.672504425048828
2024-10-31,19.599102020263672
2024-11-01,19.608278274536133
2024-11-04,19.70920753479004
2024-11-05,19.892719268798828
2024-11-06,19.690855026245117
2024-11-07,20.40655517578125
2024-11-08,20.379026412963867
2024-11-11,20.333148956298828
2024-11-12,20.369853973388672
2024-11-13,20.50748634338379
2024-11-14,20.50748634338379
2024-11-15,20.525836944580078
2024-11-18,20.72770118713379
2024-11-19,20.957090377807617
2024-11-20,20.938739776611328
2024-11-21,20.984619140625
2024-11-22,20.86533546447754
2024-11-25,20.755229949951172
2024-11-26,20.590068817138672
2024-11-27,20.690998077392578
2024-11-29,20.856159210205078
2024-12-02,20.82863426208496
2024-12-03,21.021320343017578
2024-12-04,21.149778366088867
2024-12-05,21.324115753173828
2024-12-06,21.094724655151367
2024-12-09,21.067197799682617
2024-12-10,21.14060401916504
2024-12-11,21.14060401916504
2024-12-12,21.048847198486328
2024-12-13,21.0396728515625
2024-12-16,21.0396728515625
2024-12-17,21.109346389770508
2024-12-18,20.487930297851562
2024-12-19,20.487930297851562
2024-12-20,20.506759643554688
2024-12-23,20.582082748413086
2024-12-24,20.685651779174805
2024-12-26,20.72331428527832
2024-12-27,20.600914001464844
2024-12-30,20.638574600219727
2024-12-31,20.57266616821289
2025-01-02,20.478513717651367
2025-01-03,20.582082748413086
2025-01-06,20.836299896240234
2025-01-07,20.713899612426758
2025-01-08,20.98694610595703
2025-01-10,20.412607192993164
2025-01-13,20.384357452392578
2025-01-14,20.497344970703125
2025-01-15,20.553836822509766
2025-01-16,20.61974334716797
2025-01-17,20.732730865478516
2025-01-21,20.98694610595703
2025-01-22,20.883377075195312
2025-01-23,20.968114852905273
2025-01-24,21.081100463867188
2025-01-27,21.099929809570312
2025-01-28,21.184669494628906
2025-01-29,21.19408416748047
2025-01-30,21.3447322845459
2025-01-31,21.259990692138672
2025-02-03,21.16583824157715
2025-02-04,21.391807556152344
2025-02-05,21.37297821044922
2025-02-06,21.420055389404297
2025-02-07,21.551868438720703
2025-02-10,21.730762481689453
2025-02-11,21.759010314941406
2025-02-12,21.900239944458008
2025-02-13,22.14504051208496
2025-02-14,22.126209259033203
2025-02-18,22.465166091918945
2025-02-19,22.361595153808594
2025-02-20,22.371009826660156
2025-02-21,22.14504051208496
2025-02-24,22.097965240478516
2025-02-25,21.966148376464844
2025-02-26,22.050888061523438
2025-02-27,21.890823364257812
2025-02-28,21.890823364257812
2025-03-03,21.890823364257812
2025-03-04,22.097965240478516
2025-03-05,22.71938133239746
2025-03-06,22.427501678466797
2025-03-07,22.436918258666992
2025-03-10,21.966148376464844
2025-03-11,21.7025146484375
2025-03-12,21.759010314941406
2025-03-13,21.66485595703125
2025-03-14,21.9190731048584
2025-03-17,22.267440795898438
2025-03-18,22.192115783691406
2025-03-19,22.38042640686035
2025-03-20,22.34276580810547
2025-03-21,22.371009826660156
2025-03-24,22.436918258666992
2025-03-25,22.6346435546875
2025-03-26,22.55931854248047
2025-03-27,22.757041931152344
2025-03-28,22.474580764770508
2025-03-31,22.371009826660156
2025-04-01,22.446334838867188
2025-04-02,22.55931854248047
2025-04-03,22.022640228271484
2025-04-04,20.563251495361328
2025-04-07,19.56521987915039
2025-04-08,19.03795623779297
2025-04-09,20.939868927001953
2025-04-10,20.27137565612793
2025-04-11,20.789222717285156
2025-04-14,20.82688331604004
2025-04-15,21.03402328491211
2025-04-16,21.29765510559082
2025-04-17,21.74959373474121
2025-04-21,21.79667091369629
2025-04-22,22.14504051208496
2025-04-23,22.17328643798828
2025-04-24,22.625226974487305
2025-04-25,22.596981048583984
2025-04-28,22.757041931152344
2025-04-29,22.757041931152344
2025-04-30,22.907690048217773
2025-05-01,22.96417999267578
2025-05-02,23.434951782226562
2025-05-05,23.576183319091797
2025-05-06,23.566768646240234
2025-05-07,23.500858306884766
2025-05-08,23.293720245361328
2025-05-09,23.482030868530273
2025-05-12,23.651506423950195
2025-05-13,23.736244201660156
2025-05-14,23.773906707763672
2025-05-15,24.09402847290039
2025-05-16,24.169355392456055
2025-05-19,24.178770065307617
2025-05-20,24.169355392456055
2025-05-21,24.09402847290039
2025-05-22,24.197601318359375
2025-05-23,24.282339096069336
2025-05-27,24.470645904541016
2025-05-28,24.48006248474121
2025-05-29,24.367076873779297
2025-05-30,24.235261917114258
2025-06-02,24.50830841064453
2025-06-03,24.489479064941406
2025-06-04,24.61187744140625
2025-06-05,24.809602737426758
2025-06-06,24.77193832397461
2025-06-09,24.677783966064453
2025-06-10,24.37649154663086
2025-06-11,24.254093170166016
2025-06-12,24.385906219482422
2025-06-13,24.235261917114258
2025-06-16,24.43561553955078
2025-06-17,24.44520378112793
2025-06-18,24.339752197265625
2025-06-20,24.061748504638672
2025-06-23,24.148027420043945
2025-06-24,24.41644287109375
2025-06-25,24.426029205322266
2025-06-26,24.742380142211914
2025-06-27,24.83824348449707
2025-06-30,24.90534782409668
2025-07-01,24.732791900634766
2025-07-02,24.819068908691406
2025-07-03,24.80948257446289
2025-07-07,24.895761489868164
2025-07-08,25.001211166381836
2025-07-09,25.250457763671875
2025-07-10,25.221696853637695
2025-07-11,25.154592514038086
2025-07-14,25.39425277709961
2025-07-15,25.461355209350586
2025-07-16,25.7777042388916
2025-07-17,26.026948928833008
2025-07-18,26.11322784423828
2025-07-21,26.036537170410156
2025-07-22,26.036537170410156
2025-07-23,26.218677520751953
2025-07-24,26.352886199951172
2025-07-25,26.343299865722656
2025-07-28,26.055709838867188
2025-07-29,25.911914825439453
2025-07-30,25.662670135498047
2025-07-31,25.375078201293945
2025-08-01,25.432598114013672
2025-08-04,25.844810485839844
2025-08-05,25.68184471130371
2025-08-06,25.796878814697266
2025-08-07,26.046123504638672
2025-08-08,25.969432830810547
2025-08-11,25.80646514892578
2025-08-12,26.659648895263672
2025-08-13,26.928070068359375
2025-08-14,26.58296012878418
2025-08-15,26.592546463012695
2025-08-18,26.410404205322266
2025-08-19,26.496681213378906
2025-08-20,26.5350284576416
2025-08-21,26.5350284576416
2025-08-22,27.100622177124023
2025-08-25,26.93765640258789
2025-08-26,26.880138397216797
2025-08-27,26.73634147644043
2025-08-28,26.860963821411133
2025-08-29,26.93765640258789
2025-09-02,26.8417911529541
2025-09-03,26.860963821411133
2025-09-04,27.119794845581055
2025-09-05,27.349868774414062
2025-09-08,27.426559448242188
2025-09-09,27.359455108642578
2025-09-10,27.742908477783203
2025-09-11,27.94422149658203
2025-09-12,27.810012817382812
2025-09-15,27.800426483154297
2025-09-16,27.723735809326172
2025-09-17,27.541595458984375
2025-09-18,27.59911346435547
2025-09-19,27.63745880126953
2025-09-22,27.733322143554688
2025-09-23,27.48407745361328
2025-09-24,27.234832763671875
2025-09-25,27.07186508178711
2025-09-26,27.17731475830078
2025-09-29,27.119794845581055
2025-09-30,27.167726516723633
2025-10-01,27.39780044555664
2025-10-02,27.723735809326172
2025-10-03,27.877117156982422
2025-10-06,28.030498504638672
2025-10-07,28.298917770385742
2025-10-08,28.193466186523438
2025-10-09,27.81960105895996
2025-10-10,27.158140182495117
2025-10-13,27.39780044555664
2025-10-14,27.234832763671875
2025-10-15,26.947240829467773
2025-10-16,26.822616577148438
2025-10-17,26.90889549255371
2025-10-20,27.206071853637695
2025-10-21,26.966411590576172
2025-10-22,26.8417911529541
2025-10-23,27.11020851135254
2025-10-24,27.186901092529297
2025-10-27,27.512836456298828
2025-10-28,27.618284225463867
2025-10-29,27.254003524780273
2025-10-30,27.234832763671875
2025-10-31,27.273178100585938
2025-11-03,27.292348861694336
2025-11-04,26.95682716369629
2025-11-05,26.99517250061035
2025-11-06,27.22524642944336
2025-11-07,27.24441909790039
2025-11-10,27.493663787841797
2025-11-11,27.589527130126953
2025-11-12,27.503250122070312
2025-11-13,27.119794845581055
2025-11-14,27.26358985900879
2025-11-17,27.158140182495117
2025-11-18,27.119794845581055
2025-11-19,27.052690505981445
2025-11-20,26.439165115356445
2025-11-21,26.477510452270508
2025-11-24,26.73634147644043
2025-11-25,26.832204818725586
2025-11-26,26.95682716369629
2025-11-28,27.21565818786621
2025-12-01,26.832204818725586
2025-12-02,27.033519744873047
2025-12-03,26.985586166381836
2025-12-04,26.860963821411133
2025-12-05,26.669235229492188
2025-12-08,26.343299865722656
2025-12-09,26.352886199951172
2025-12-10,26.439165115356445
2025-12-11,26.621305465698242
2025-12-12,26.592546463012695
2025-12-15,26.58296012878418
2025-12-16,26.60064125061035
2025-12-17,26.23719024658203
2025-12-18,26.394359588623047
2025-12-19,26.453296661376953
2025-12-22,26.89533042907715
2025-12-23,27.081968307495117
2025-12-24,27.062320709228516
2025-12-26,27.062320709228516
2025-12-29,27.209667205810547
2025-12-30,27.248958587646484
2025-12-31,27.023029327392578
2026-01-02,27.25878143310547
2026-01-05,27.92674446105957
2026-01-06,28.349132537841797
2026-01-07,28.133026123046875
2026-01-08,27.759754180908203
2026-01-09,27.81869125366211
2026-01-12,27.897275924682617
2026-01-13,27.769577026367188
2026-01-14,27.62223243713379
2026-01-15,27.553470611572266
2026-01-16,27.543649673461914
2026-01-20,27.396303176879883
2026-01-21,27.406126022338867
2026-01-22,27.573116302490234
2026-01-23,28.064266204833984
2026-01-26,28.005329132080078
2026-01-27,28.48665428161621
2026-01-28,28.368778228759766
2026-01-29,28.319664001464844
2026-01-30,27.71063804626465
2026-02-02,27.789222717285156
2026-02-03,27.514179229736328
2026-02-04,27.612409591674805
2026-02-05,27.612409591674805
2026-02-06,27.985681533813477
2026-02-09,27.936567306518555
2026-02-10,28.07408905029297
2026-02-11,28.467008590698242
2026-02-12,28.14284896850586
2026-02-13,27.966035842895508
2026-02-17,28.07408905029297
2026-02-18,28.300016403198242
2026-02-19,28.506301879882812
2026-02-20,28.909042358398438
2026-02-23,28.56523895263672
2026-02-24,28.506301879882812
2026-02-25,28.408071517944336
2026-02-26,28.290193557739258
2026-02-27,28.260726928710938
2026-03-02,27.779399871826172
2026-03-03,27.36683464050293
2026-03-04,27.278427124023438
2026-03-05,26.777456283569336
2026-03-06,26.777456283569336
2026-03-09,27.170373916625977
2026-03-10,27.199844360351562
2026-03-11,27.288251876831055
2026-03-12,26.93462371826172
2026-03-13,26.649755477905273
2026-03-16,27.36683464050293
2026-03-17,27.612409591674805
2026-03-18,27.474885940551758
2026-03-19,27.740108489990234
2026-03-20,26.875686645507812
2026-03-23,27.425771713256836
2026-03-24,26.993560791015625
2026-03-25,27.32754135131836
2026-03-26,27.121259689331055
2026-03-27,27.0917911529541
2026-03-30,27.160551071166992
2026-03-31,27.720460891723633
2026-04-01,27.975858688354492
2026-04-02,27.789222717285156
2026-04-06,27.956212997436523
2026-04-07,27.877628326416016
2026-04-08,28.535768508911133
2026-04-09,28.368778228759766
2026-04-10,28.467008590698242
2026-04-13,28.7224063873291
2026-04-14,28.712583541870117
2026-04-15,28.791166305541992
2026-04-16,28.63399887084961
2026-04-17,28.88939666748047
2026-04-20,28.879573822021484
2026-04-21,28.368778228759766
2026-04-22,28.496477127075195
2026-04-23,28.23125648498535
2026-04-24,28.270549774169922
2026-04-27,28.103559494018555
2026-04-28,27.936567306518555
2026-04-29,27.700817108154297
2026-04-30,28.467008590698242
2026-05-01,28.408071517944336
2026-05-04,27.956212997436523
2026-05-05,28.211610794067383
2026-05-06,28.604530334472656
2026-05-07,28.152673721313477
2026-05-08,28.37860107421875
2026-05-11,28.39824676513672
2026-05-12,28.467008590698242
2026-05-13,28.8697509765625
2026-05-14,28.56523895263672
2026-05-15,28.43754005432129
2026-05-18,28.67329216003418
2026-05-19,28.7027587890625
2026-05-20,29.066211700439453
2026-05-21,28.987627029418945
2026-05-22,28.948333740234375
2026-05-26,28.88939666748047
2026-05-27,28.791166305541992
2026-05-28,28.909042358398438
2026-05-29,28.967981338500977
2026-06-01,29.174264907836914
2026-06-02,29.44930648803711
2026-06-03,29.243024826049805
2026-06-04,29.164440155029297
2026-06-05,28.16249656677246
2026-06-08,28.18214225769043
2026-06-09,28.358957290649414
2026-06-10,28.024974822998047
2026-06-11,28.61435317993164
2026-06-12,28.63399887084961
2026-06-15,28.920000076293945
2026-06-16,29.360000610351562
2026-06-17,29.59000015258789
2026-06-18,29.790000915527344
2026-06-22,29.790000915527344
2026-06-23,29.6299991607666
2026-06-24,29.649999618530273
2026-06-25,29.56999969482422
2026-06-26,29.65999984741211
2026-06-29,29.829999923706055
2026-06-30,29.610000610351562
2026-07-01,29.700000762939453
2026-07-02,30.15999984741211
2026-07-06,30.280000686645508
2026-07-07,30.65999984741211
2026-07-08,31.010000228881836
2026-07-09,31.360000610351562
2026-07-10,31.639999389648438
2026-07-13,31.43000030517578
2026-07-14,31.6299991607666
2026-07-15,32.09000015258789
2026-07-16,31.790000915527344
2026-07-17,31.479999542236328
2026-07-20,31.360000610351562
2026-07-21,31.610000610351562
2026-07-22,32.0099983215332
2026-07-23,31.440000534057617
2026-07-24,31.649999618530273
2026-07-27,31.8799991607666
2026-07-28,32.09000015258789
2026-07-29,32.349998474121094
2026-07-30,32.40999984741211
2026-07-31,32.279998779296875
2026-08-03,32.380001068115234
2026-08-04,32.599998474121094
2026-08-05,32.33000183105469
2026-08-06,32.54999923706055
2026-08-07,33.25
2026-08-10,33.16999816894531
2026-08-11,33.91999816894531
2026-08-12,33.63999938964844
2026-08-13,33.47999954223633
2026-08-14,33.68000030517578
2026-08-17,33.91999816894531
2026-08-18,33.470001220703125
2026-08-19,33.720001220703125
2026-08-20,33.619998931884766
2026-08-21,33.77000045776367
2026-08-24,33.7400016784668
2026-08-25,34.2400016784668
2026-08-26,34.16999816894531
2026-08-27,33.97999954223633
2026-08-28,33.93000030517578
2026-08-31,34.16999816894531
2026-09-01,33.720001220703125
2026-09-02,34.20000076293945
2026-09-03,34.290000915527344
2026-09-04,34.56999969482422
2026-09-08,34.27000045776367
2026-09-09,33.77000045776367
2026-09-10,33.369998931884766
2026-09-11,33.619998931884766
2026-09-14,33.63999938964844
2026-09-15,33.130001068115234
2026-09-16,32.720001220703125
2026-09-17,33.040000915527344
2026-09-18,32.79999923706055
2026-09-21,33.15999984741211
2026-09-22,33.59000015258789
2026-09-23,33.33000183105469
2026-09-24,33.27000045776367
2026-09-25,33.529998779296875
2026-09-28,33.560001373291016
2026-09-29,33.43000030517578
2026-09-30,33.2599983215332
2026-10-01,33.20000076293945
2026-10-02,32.959999084472656
2026-10-05,33.2599983215332
2026-10-06,33.20000076293945
2026-10-07,32.47999954223633
