date,adjclose
2011-10-10,14.195345878601074
2011-10-11,14.23071002960205
2011-10-12,14.619715690612793
2011-10-13,14.556062698364258
2011-10-14,14.761178016662598
2011-10-17,14.216562271118164
2011-10-18,14.570211410522461
2011-10-19,14.244853973388672
2011-10-20,14.167052268981934
2011-10-21,14.761178016662598
2011-10-24,14.99458122253418
2011-10-25,14.81775951385498
2011-10-26,14.98751163482666
2011-10-27,16.21112632751465
2011-10-28,15.998941421508789
2011-10-31,14.99458122253418
2011-11-01,14.202413558959961
2011-11-02,14.52777099609375
2011-11-03,15.136038780212402
2011-11-04,14.697522163391113
2011-11-07,14.676298141479492
2011-11-08,14.952141761779785
2011-11-09,13.84876823425293
2011-11-10,14.223633766174316
2011-11-11,14.803613662719727
2011-11-14,14.400458335876465
2011-11-15,14.30143928527832
2011-11-16,13.969009399414062
2011-11-17,13.84876823425293
2011-11-18,13.898279190063477
2011-11-21,13.502198219299316
2011-11-22,13.339521408081055
2011-11-23,12.929289817810059
2011-11-25,12.830270767211914
2011-11-28,13.565852165222168
2011-11-29,13.671947479248047
2011-11-30,14.591426849365234
2011-12-01,14.457043647766113
2011-12-02,14.379239082336426
2011-12-05,14.471184730529785
2011-12-06,14.414606094360352
2011-12-07,14.428749084472656
2011-12-08,13.8063325881958
2011-12-09,14.258999824523926
2011-12-12,13.579998970031738
2011-12-13,13.26171875
2011-12-14,13.120259284973145
2011-12-15,13.233429908752441
2011-12-16,13.1414794921875
2011-12-19,12.978802680969238
2011-12-20,13.6224365234375
2011-12-21,13.509273529052734
2011-12-22,13.601218223571777
2011-12-23,13.650727272033691
2011-12-27,13.657801628112793
2011-12-28,13.297080993652344
2011-12-29,13.523419380187988
2011-12-30,13.594146728515625
2012-01-03,14.195345878601074
2012-01-04,14.060957908630371
2012-01-05,13.898279190063477
2012-01-06,13.643658638000488
2012-01-09,13.700240135192871
2012-01-10,13.947789192199707
2012-01-11,13.976082801818848
2012-01-12,14.216562271118164
2012-01-13,13.869991302490234
2012-01-17,14.2872896194458
2012-01-18,14.626791000366211
2012-01-19,14.810690879821777
2012-01-20,14.803613662719727
2012-01-23,14.930926322937012
2012-01-24,14.895563125610352
2012-01-25,15.086527824401855
2012-01-26,15.19969654083252
2012-01-27,15.327010154724121
2012-01-30,15.07945728302002
2012-01-31,15.086527824401855
2012-02-01,15.454319953918457
2012-02-02,15.581636428833008
2012-02-03,15.864550590515137
2012-02-06,15.80089282989502
2012-02-07,15.921133995056152
2012-02-08,16.006010055541992
2012-02-09,16.083810806274414
2012-02-10,15.659435272216797
2012-02-13,15.829187393188477
2012-02-14,15.694803237915039
2012-02-15,15.616998672485352
2012-02-16,15.864550590515137
2012-02-17,16.05552101135254
2012-02-21,16.18283462524414
2012-02-22,16.083810806274414
2012-02-23,16.218198776245117
2012-02-24,16.4020938873291
2012-02-27,16.288928985595703
2012-02-28,16.479890823364258
2012-02-29,16.232341766357422
2012-03-01,16.423309326171875
2012-03-02,16.239412307739258
2012-03-05,16.16162109375
2012-03-06,15.397738456726074
2012-03-07,15.602852821350098
2012-03-08,16.17576026916504
2012-03-09,16.083810806274414
2012-03-12,16.168684005737305
2012-03-13,16.366727828979492
2012-03-14,16.373804092407227
2012-03-15,16.628427505493164
2012-03-16,16.73452377319336
2012-03-19,16.791105270385742
2012-03-20,16.564775466918945
2012-03-21,16.529409408569336
2012-03-22,16.295997619628906
2012-03-23,16.47282600402832
2012-03-26,16.833541870117188
2012-03-27,16.685007095336914
2012-03-28,16.48697280883789
2012-03-29,16.274778366088867
2012-03-30,16.46575164794922
2012-04-02,16.713300704956055
2012-04-03,16.366727828979492
2012-04-04,15.857479095458984
2012-04-05,15.659435272216797
2012-04-09,15.532125473022461
2012-04-10,15.220914840698242
2012-04-11,15.510909080505371
2012-04-12,15.822113990783691
2012-04-13,15.291643142700195
2012-04-16,15.510909080505371
2012-04-17,15.850406646728516
2012-04-18,15.708943367004395
2012-04-19,15.560417175292969
2012-04-20,15.772601127624512
2012-04-23,15.319937705993652
2012-04-24,15.397738456726074
2012-04-25,15.751383781433105
2012-04-26,15.928206443786621
2012-04-27,16.0343074798584
2012-04-30,15.942353248596191
2012-05-01,16.02015495300293
2012-05-02,15.80089282989502
2012-05-03,15.62407112121582
2012-05-04,15.235063552856445
2012-05-07,15.3057861328125
2012-05-08,15.065315246582031
2012-05-09,14.916781425476074
2012-05-10,14.980440139770508
2012-05-11,15.001653671264648
2012-05-14,14.66215705871582
2012-05-15,14.414606094360352
2012-05-16,14.358022689819336
2012-05-17,14.124615669250488
2012-05-18,14.117538452148438
2012-05-21,14.464115142822266
2012-05-22,14.379239082336426
2012-05-23,14.258999824523926
2012-05-24,14.011448860168457
2012-05-25,14.018515586853027
2012-05-29,14.244853973388672
2012-05-30,13.799261093139648
2012-05-31,13.785112380981445
2012-06-01,13.311226844787598
2012-06-04,13.325373649597168
2012-06-05,13.275862693786621
2012-06-06,13.721458435058594
2012-06-07,13.693166732788086
2012-06-08,13.70731258392334
2012-06-11,13.544635772705078
2012-06-12,13.778040885925293
2012-06-13,13.6790189743042
2012-06-14,13.756823539733887
2012-06-15,14.060957908630371
2012-06-18,13.940720558166504
2012-06-19,14.315583229064941
2012-06-20,14.379239082336426
2012-06-21,13.972232818603516
2012-06-22,14.008636474609375
2012-06-25,13.615461349487305
2012-06-26,13.644583702087402
2012-06-27,13.761082649230957
2012-06-28,13.637306213378906
2012-06-29,14.416369438171387
2012-07-02,14.540151596069336
2012-07-03,14.6930513381958
2012-07-05,14.350845336914062
2012-07-06,14.02319622039795
2012-07-09,14.008636474609375
2012-07-10,13.943107604980469
2012-07-11,14.037758827209473
2012-07-12,13.957669258117676
2012-07-13,14.263469696044922
2012-07-16,14.278035163879395
2012-07-17,14.416369438171387
2012-07-18,14.569275856018066
2012-07-19,14.744020462036133
2012-07-20,14.314440727233887
2012-07-23,13.848456382751465
2012-07-24,13.651867866516113
2012-07-25,13.84117317199707
2012-07-26,14.329000473022461
2012-07-27,14.80954647064209
2012-07-30,14.707611083984375
2012-07-31,14.714889526367188
2012-08-01,14.627519607543945
2012-08-02,14.248908042907715
2012-08-03,15.064383506774902
2012-08-06,15.188159942626953
2012-08-07,15.275525093078613
2012-08-08,15.210000038146973
2012-08-09,15.137191772460938
2012-08-10,15.173595428466797
2012-08-13,15.129912376403809
2012-08-14,15.180877685546875
2012-08-15,15.100788116455078
2012-08-16,15.31193733215332
2012-08-17,15.399308204650879
2012-08-20,15.399308204650879
2012-08-21,15.574049949645996
2012-08-22,15.610453605651855
2012-08-23,15.442991256713867
2012-08-24,15.399308204650879
2012-08-27,15.515802383422852
2012-08-28,15.566770553588867
2012-08-29,15.53036117553711
2012-08-30,15.246408462524414
2012-08-31,15.450275421142578
2012-09-04,15.42843246459961
2012-09-05,15.53036117553711
2012-09-06,16.01091194152832
2012-09-07,16.367677688598633
2012-09-10,16.214778900146484
2012-09-11,16.55698585510254
2012-09-12,16.702604293823242
2012-09-13,16.92831802368164
2012-09-14,17.132183074951172
2012-09-17,17.088502883911133
2012-09-18,16.935596466064453
2012-09-19,17.015687942504883
2012-09-20,16.942874908447266
2012-09-21,17.059375762939453
2012-09-24,16.95016098022461
2012-09-25,16.760852813720703
2012-09-26,16.54970359802246
2012-09-27,16.724445343017578
2012-09-28,16.433212280273438
2012-10-01,16.54970359802246
2012-10-02,16.680763244628906
2012-10-03,16.680763244628906
2012-10-04,16.870067596435547
2012-10-05,16.979280471801758
2012-10-08,16.760852813720703
2012-10-09,16.440486907958984
2012-10-10,16.418643951416016
2012-10-11,16.578828811645508
2012-10-12,16.586111068725586
2012-10-15,16.7171630859375
2012-10-16,17.037532806396484
2012-10-17,17.168588638305664
2012-10-18,17.146747589111328
2012-10-19,16.906471252441406
2012-10-22,16.964717864990234
2012-10-23,16.527860641479492
2012-10-24,16.455053329467773
2012-10-25,16.54970359802246
2012-10-26,16.60067367553711
2012-10-31,16.702604293823242
2012-11-01,16.840946197509766
2012-11-02,16.65892219543457
2012-11-05,16.651639938354492
2012-11-06,16.80453872680664
2012-11-07,16.433212280273438
2012-11-08,16.251182556152344
2012-11-09,16.120121002197266
2012-11-12,16.185653686523438
2012-11-13,16.032756805419922
2012-11-14,15.901694297790527
2012-11-15,15.908976554870605
2012-11-16,15.799759864807129
2012-11-19,16.17108917236328
2012-11-20,16.29486846923828
2012-11-21,16.360395431518555
2012-11-23,16.848224639892578
2012-11-26,16.848224639892578
2012-11-27,16.80453872680664
2012-11-28,16.935596466064453
2012-11-29,17.030250549316406
2012-11-30,17.12490463256836
2012-12-03,17.190431594848633
2012-12-04,17.299646377563477
2012-12-05,17.306928634643555
2012-12-06,17.365175247192383
2012-12-07,17.27052116394043
2012-12-10,17.299646377563477
2012-12-11,17.496234893798828
2012-12-12,17.605451583862305
2012-12-13,17.539918899536133
2012-12-14,17.678260803222656
2012-12-17,17.751070022583008
2012-12-18,17.933094024658203
2012-12-19,17.918533325195312
2012-12-20,18.005905151367188
2012-12-21,17.889408111572266
2012-12-24,17.823877334594727
2012-12-26,17.853002548217773
2012-12-27,17.918533325195312
2012-12-28,17.6636962890625
2012-12-31,17.984060287475586
2013-01-02,18.195207595825195
2013-01-03,17.911251068115234
2013-01-04,18.01318359375
2013-01-07,17.962217330932617
2013-01-08,17.83116340637207
2013-01-09,17.838438034057617
2013-01-10,18.129680633544922
2013-01-11,18.2607364654541
2013-01-14,18.355388641357422
2013-01-15,18.144243240356445
2013-01-16,18.07143211364746
2013-01-17,18.32626724243164
2013-01-18,18.246179580688477
2013-01-22,18.23161506652832
2013-01-23,18.224334716796875
2013-01-24,18.3626766204834
2013-01-25,18.784969329833984
2013-01-28,18.697599411010742
2013-01-29,18.792253494262695
2013-01-30,18.770408630371094
2013-01-31,18.719440460205078
2013-02-01,18.99612045288086
2013-02-04,18.304424285888672
2013-02-05,18.450048446655273
2013-02-06,18.238895416259766
2013-02-07,18.107837677001953
2013-02-08,18.180648803710938
2013-02-11,18.166086196899414
2013-02-12,18.311708450317383
2013-02-13,18.450048446655273
2013-02-14,18.17336654663086
2013-02-15,18.085996627807617
2013-02-19,18.4646053314209
2013-02-20,18.20977020263672
2013-02-21,17.86028480529785
2013-02-22,18.03502655029297
2013-02-25,17.700101852416992
2013-02-26,17.736507415771484
2013-02-27,18.01318359375
2013-02-28,17.962217330932617
2013-03-01,17.83116340637207
2013-03-04,17.87484359741211
2013-03-05,18.151527404785156
2013-03-06,18.311708450317383
2013-03-07,18.479164123535156
2013-03-08,18.44276237487793
2013-03-11,18.479164123535156
2013-03-12,18.428199768066406
2013-03-13,18.355388641357422
2013-03-14,18.573820114135742
2013-03-15,18.602947235107422
2013-03-18,18.311708450317383
2013-03-19,18.180648803710938
2013-03-20,18.355388641357422
2013-03-21,18.10055923461914
2013-03-22,18.25345802307129
2013-03-25,17.940372467041016
2013-03-26,17.991342544555664
2013-03-27,17.692821502685547
2013-03-28,17.81659698486328
2013-04-01,17.72922706604004
2013-04-02,18.01318359375
2013-04-03,17.962217330932617
2013-04-04,17.984060287475586
2013-04-05,17.736507415771484
2013-04-08,17.772911071777344
2013-04-09,17.809316635131836
2013-04-10,18.151527404785156
2013-04-11,18.25345802307129
2013-04-12,18.129680633544922
2013-04-15,17.72922706604004
2013-04-16,18.056873321533203
2013-04-17,17.430706024169922
2013-04-18,17.314210891723633
2013-04-19,17.336050033569336
2013-04-22,17.423423767089844
2013-04-23,17.736507415771484
2013-04-24,17.954931259155273
2013-04-25,18.042312622070312
2013-04-26,18.12239646911621
2013-04-29,18.391794204711914
2013-04-30,18.544694900512695
2013-05-01,18.384511947631836
2013-05-02,18.450048446655273
2013-05-03,18.865060806274414
2013-05-06,18.821374893188477
2013-05-07,18.95243263244629
2013-05-08,19.214548110961914
2013-05-09,19.025245666503906
2013-05-10,19.0616455078125
2013-05-13,18.98883628845215
2013-05-14,19.090768814086914
2013-05-15,19.039806365966797
2013-05-16,18.98883628845215
2013-05-17,19.141742706298828
2013-05-20,19.214548110961914
2013-05-21,19.280078887939453
2013-05-22,19.178142547607422
2013-05-23,19.13446044921875
2013-05-24,19.039806365966797
2013-05-28,19.214548110961914
2013-05-29,19.098052978515625
2013-05-30,19.309202194213867
2013-05-31,19.039806365966797
2013-06-03,19.229108810424805
2013-06-04,19.0834903717041
2013-06-05,18.850496292114258
2013-06-06,19.06892967224121
2013-06-07,19.280078887939453
2013-06-10,19.389291763305664
2013-06-11,19.20726776123047
2013-06-12,19.098052978515625
2013-06-13,19.309202194213867
2013-06-14,19.105335235595703
2013-06-17,19.37472915649414
2013-06-18,19.54219627380371
2013-06-19,19.105335235595703
2013-06-20,18.479164123535156
2013-06-21,18.20977020263672
2013-06-24,17.962217330932617
2013-06-25,18.17336654663086
2013-06-26,18.304424285888672
2013-06-27,18.419269561767578
2013-06-28,18.30072021484375
2013-07-01,18.41185760498047
2013-07-02,18.122901916503906
2013-07-03,18.07103157043457
2013-07-05,17.885801315307617
2013-07-08,18.17476463317871
2013-07-09,18.28590202331543
2013-07-10,18.44890785217285
2013-07-11,19.012001037597656
2013-07-12,18.974956512451172
2013-07-15,19.049049377441406
2013-07-16,19.123140335083008
2013-07-17,19.175003051757812
2013-07-18,19.3380069732666
2013-07-19,19.389873504638672
2013-07-22,19.41210174560547
2013-07-23,19.47878646850586
2013-07-24,19.5306453704834
2013-07-25,19.649194717407227
2013-07-26,19.493602752685547
2013-07-29,19.441734313964844
2013-07-30,19.41210174560547
2013-07-31,19.50101089477539
2013-08-01,19.782560348510742
2013-08-02,19.83442497253418
2013-08-05,19.7751522064209
2013-08-06,19.575101852416992
2013-08-07,19.575101852416992
2013-08-08,19.78997039794922
2013-08-09,19.797374725341797
2013-08-12,19.745513916015625
2013-08-13,19.901103973388672
2013-08-14,19.886287689208984
2013-08-15,19.849241256713867
2013-08-16,19.83442497253418
2013-08-19,19.73810577392578
2013-08-20,19.782560348510742
2013-08-21,19.656600952148438
2013-08-22,19.975196838378906
2013-08-23,20.019657135009766
2013-08-26,19.975196838378906
2013-08-27,19.515827178955078
2013-08-28,19.27132797241211
2013-08-29,19.182409286499023
2013-08-30,19.012001037597656
2013-09-03,19.11573028564453
2013-09-04,19.23427963256836
2013-09-05,19.175003051757812
2013-09-06,19.27132797241211
2013-09-09,19.56769371032715
2013-09-10,19.92333221435547
2013-09-11,20.071514129638672
2013-09-12,19.975196838378906
2013-09-13,20.078929901123047
2013-09-16,20.35306739807129
2013-09-17,20.404935836791992
2013-09-18,20.930986404418945
2013-09-19,20.81243896484375
2013-09-20,20.745756149291992
2013-09-23,20.656843185424805
2013-09-24,20.656843185424805
2013-09-25,20.73093605041504
2013-09-26,20.708709716796875
2013-09-27,20.76797866821289
2013-09-30,20.60498046875
2013-10-01,20.842073440551758
2013-10-02,20.81984519958496
2013-10-03,20.71611785888672
2013-10-04,20.745756149291992
2013-10-07,20.634618759155273
2013-10-08,20.501251220703125
2013-10-09,20.449386596679688
2013-10-10,20.901348114013672
2013-10-11,20.975439071655273
2013-10-14,21.027305603027344
2013-10-15,21.005077362060547
2013-10-16,21.205127716064453
2013-10-17,21.382946014404297
2013-10-18,21.47185707092285
2013-10-21,21.48667335510254
2013-10-22,21.8497257232666
2013-10-23,21.790451049804688
2013-10-24,21.953458786010742
2013-10-25,21.99049949645996
2013-10-28,21.946046829223633
2013-10-29,21.975683212280273
2013-10-30,21.88677215576172
2013-10-31,21.738588333129883
2013-11-01,21.63486099243164
2013-11-04,21.753408432006836
2013-11-05,21.531129837036133
2013-11-06,21.694135665893555
2013-11-07,21.45703887939453
2013-11-08,21.545948028564453
2013-11-11,21.694135665893555
2013-11-12,21.627450942993164
2013-11-13,21.73118019104004
2013-11-14,21.820091247558594
2013-11-15,21.975683212280273
2013-11-18,22.03495216369629
2013-11-19,22.079410552978516
2013-11-20,21.857139587402344
2013-11-21,22.0201358795166
2013-11-22,22.175729751586914
2013-11-25,22.27945899963379
2013-11-26,22.405414581298828
2013-11-27,22.509143829345703
2013-11-29,22.649917602539062
2013-12-02,22.553600311279297
2013-12-03,22.24241065979004
2013-12-04,22.04236602783203
2013-12-05,22.03495216369629
2013-12-06,22.34613800048828
2013-12-09,22.383190155029297
2013-12-10,22.264636993408203
2013-12-11,22.116456985473633
2013-12-12,21.98309326171875
2013-12-13,22.027549743652344
2013-12-16,22.353553771972656
2013-12-17,22.257232666015625
2013-12-18,22.553600311279297
2013-12-19,22.63509750366211
2013-12-20,22.775875091552734
2013-12-23,23.0426082611084
2013-12-24,23.146337509155273
2013-12-26,23.287107467651367
2013-12-27,23.346384048461914
2013-12-30,23.47234344482422
2013-12-31,23.531614303588867
2014-01-02,22.783288955688477
2014-01-03,22.709192276000977
2014-01-06,22.820329666137695
2014-01-07,22.901832580566406
2014-01-08,22.835147857666016
2014-01-09,22.783288955688477
2014-01-10,23.00555992126465
2014-01-13,22.85738182067871
2014-01-14,23.19078826904297
2014-01-15,23.501976013183594
2014-01-16,23.46493148803711
2014-01-17,23.257471084594727
2014-01-21,23.390840530395508
2014-01-22,23.324159622192383
2014-01-23,23.368614196777344
2014-01-24,22.61287498474121
2014-01-27,22.538780212402344
2014-01-28,22.820329666137695
2014-01-29,22.412824630737305
2014-01-30,22.516550064086914
2014-01-31,22.101642608642578
2014-02-03,21.738588333129883
2014-02-04,21.871950149536133
2014-02-05,21.88677215576172
2014-02-06,22.301685333251953
2014-02-07,22.561010360717773
2014-02-10,22.47209930419922
2014-02-11,22.9462833404541
2014-02-12,22.968517303466797
2014-02-13,23.316749572753906
2014-02-14,23.390840530395508
2014-02-18,23.49456787109375
2014-02-19,23.287107467651367
2014-02-20,23.33156394958496
2014-02-21,23.39824676513672
2014-02-24,23.516794204711914
2014-02-25,23.46493148803711
2014-02-26,23.301931381225586
2014-02-27,23.287107467651367
2014-02-28,23.49456787109375
2014-03-03,22.68696403503418
2014-03-04,23.198200225830078
2014-03-05,23.146337509155273
2014-03-06,23.324159622192383
2014-03-07,23.05742073059082
2014-03-10,22.798105239868164
2014-03-11,22.753646850585938
2014-03-12,22.6054630279541
2014-03-13,21.953458786010742
2014-03-14,22.190549850463867
2014-03-17,22.583234786987305
2014-03-18,22.790695190429688
2014-03-19,22.538780212402344
2014-03-20,22.568418502807617
2014-03-21,22.590641021728516
2014-03-24,22.509143829345703
2014-03-25,22.835147857666016
2014-03-26,22.894426345825195
2014-03-27,22.879602432250977
2014-03-28,23.19078826904297
2014-03-31,23.227832794189453
2014-04-01,23.39824676513672
2014-04-02,23.376020431518555
2014-04-03,23.287107467651367
2014-04-04,23.220426559448242
2014-04-07,22.983333587646484
2014-04-08,23.012968063354492
2014-04-09,23.294519424438477
2014-04-10,22.85738182067871
2014-04-11,22.664737701416016
2014-04-14,22.709192276000977
2014-04-15,22.405414581298828
2014-04-16,22.753646850585938
2014-04-17,22.983333587646484
2014-04-21,23.03519630432129
2014-04-22,23.33156394958496
2014-04-23,23.250064849853516
2014-04-24,23.16856575012207
2014-04-25,22.91665267944336
2014-04-28,23.079652786254883
2014-04-29,23.287107467651367
2014-04-30,23.47234344482422
2014-05-01,23.501976013183594
2014-05-02,23.309335708618164
2014-05-05,23.27970314025879
2014-05-06,23.131515502929688
2014-05-07,23.346384048461914
2014-05-08,23.272293090820312
2014-05-09,23.21302032470703
2014-05-12,23.50938606262207
2014-05-13,23.487159729003906
2014-05-14,23.43529510498047
2014-05-15,23.301931381225586
2014-05-16,23.205608367919922
2014-05-19,23.257471084594727
2014-05-20,23.153743743896484
2014-05-21,23.316749572753906
2014-05-22,23.324159622192383
2014-05-23,23.3834285736084
2014-05-27,23.820575714111328
2014-05-28,23.66497802734375
2014-05-29,23.7761173248291
2014-05-30,23.813161849975586
2014-06-02,23.7761173248291
2014-06-03,23.67979621887207
2014-06-04,23.67979621887207
2014-06-05,23.894664764404297
2014-06-06,23.968751907348633
2014-06-09,23.879844665527344
2014-06-10,23.85020637512207
2014-06-11,23.642751693725586
2014-06-12,23.635345458984375
2014-06-13,23.546436309814453
2014-06-16,23.59088897705078
2014-06-17,23.6279296875
2014-06-18,23.835390090942383
2014-06-19,23.894664764404297
2014-06-20,23.85020637512207
2014-06-23,23.71684455871582
2014-06-24,23.657569885253906
2014-06-25,23.650768280029297
2014-06-26,23.499595642089844
2014-06-27,23.59786033630371
2014-06-30,23.643205642700195
2014-07-01,23.764148712158203
2014-07-02,23.741470336914062
2014-07-03,23.960670471191406
2014-07-07,23.650768280029297
2014-07-08,23.355985641479492
2014-07-09,23.469358444213867
2014-07-10,23.129228591918945
2014-07-11,23.0914306640625
2014-07-14,23.340864181518555
2014-07-15,23.174579620361328
2014-07-16,23.393774032592773
2014-07-17,23.030960083007812
2014-07-18,23.12166404724121
2014-07-21,22.872234344482422
2014-07-22,22.97049331665039
2014-07-23,23.030960083007812
2014-07-24,23.106548309326172
2014-07-25,22.78152847290039
2014-07-28,22.690828323364258
2014-07-29,22.653038024902344
2014-07-30,22.56989288330078
2014-07-31,22.033231735229492
2014-08-01,21.670421600341797
2014-08-04,21.73845100402832
2014-08-05,21.390758514404297
2014-08-06,21.42854881286621
2014-08-07,21.163999557495117
2014-08-08,21.451223373413086
2014-08-11,21.5797176361084
2014-08-12,21.360523223876953
2014-08-13,21.617509841918945
2014-08-14,21.73088836669922
2014-08-15,21.557043075561523
2014-08-18,21.78380012512207
2014-08-19,21.882062911987305
2014-08-20,21.761127471923828
2014-08-21,21.90473747253418
2014-08-22,21.768686294555664
2014-08-25,22.003002166748047
2014-08-26,22.14661407470703
2014-08-27,22.14661407470703
2014-08-28,21.92741584777832
2014-08-29,21.859390258789062
2014-09-02,21.88962173461914
2014-09-03,22.191965103149414
2014-09-04,22.06346893310547
2014-09-05,22.214637756347656
2014-09-08,22.01055908203125
2014-09-09,22.003002166748047
2014-09-10,22.01811981201172
2014-09-11,21.9652042388916
2014-09-12,21.88962173461914
2014-09-15,21.91229820251465
2014-09-16,21.980323791503906
2014-09-17,21.859390258789062
2014-09-18,22.131494522094727
2014-09-19,22.003002166748047
2014-09-22,21.91985321044922
2014-09-23,21.594839096069336
2014-09-24,21.662866592407227
2014-09-25,21.179115295410156
2014-09-26,21.209346771240234
2014-09-29,20.982593536376953
2014-09-30,20.93724250793457
2014-10-01,20.680248260498047
2014-10-02,20.498842239379883
2014-10-03,20.430814743041992
2014-10-06,20.385459899902344
2014-10-07,20.03777313232422
2014-10-08,20.37790298461914
2014-10-09,19.841249465942383
2014-10-10,19.440643310546875
2014-10-13,19.448204040527344
2014-10-14,19.55402374267578
2014-10-15,19.425527572631836
2014-10-16,19.289472579956055
2014-10-17,19.773218154907227
2014-10-20,19.720308303833008
2014-10-21,19.98486328125
2014-10-22,19.682518005371094
2014-10-23,20.06800651550293
2014-10-24,20.06800651550293
2014-10-27,19.90927505493164
2014-10-28,20.37034797668457
2014-10-29,20.173828125
2014-10-30,20.287202835083008
2014-10-31,20.581987380981445
2014-11-03,20.362791061401367
2014-11-04,20.31743621826172
2014-11-05,20.423263549804688
2014-11-06,20.445934295654297
2014-11-07,20.324996948242188
2014-11-10,20.408140182495117
2014-11-11,20.536638259887695
2014-11-12,20.219175338745117
2014-11-13,20.324996948242188
2014-11-14,20.347673416137695
2014-11-17,20.40058135986328
2014-11-18,20.899450302124023
2014-11-19,20.907007217407227
2014-11-20,20.914562225341797
2014-11-21,21.148881912231445
2014-11-24,21.44365882873535
2014-11-25,21.617509841918945
2014-11-26,21.84427261352539
2014-11-28,21.761127471923828
2014-12-01,21.78380012512207
2014-12-02,21.677978515625
2014-12-03,21.594839096069336
2014-12-04,21.541927337646484
2014-12-05,21.73845100402832
2014-12-08,21.5797176361084
2014-12-09,21.451223373413086
2014-12-10,21.25469970703125
2014-12-11,21.345401763916016
2014-12-12,20.891891479492188
2014-12-15,20.415699005126953
2014-12-16,20.702924728393555
2014-12-17,20.93724250793457
2014-12-18,21.247140884399414
2014-12-19,21.035499572753906
2014-12-22,21.28493309020996
2014-12-23,21.179115295410156
2014-12-24,21.292491912841797
2014-12-26,21.300048828125
2014-12-29,21.171558380126953
2014-12-30,20.907007217407227
2014-12-31,20.718042373657227
2015-01-02,20.619779586791992
2015-01-05,19.90172004699707
2015-01-06,19.818572998046875
2015-01-07,19.98486328125
2015-01-08,20.362791061401367
2015-01-09,20.219175338745117
2015-01-12,20.340110778808594
2015-01-13,20.430814743041992
2015-01-14,20.48373031616211
2015-01-15,20.445934295654297
2015-01-16,20.929685592651367
2015-01-20,20.914562225341797
2015-01-21,21.050622940063477
2015-01-22,21.01282501220703
2015-01-23,20.982593536376953
2015-01-26,21.49657440185547
2015-01-27,21.32272720336914
2015-01-28,21.043062210083008
2015-01-29,21.572160720825195
2015-01-30,21.2017879486084
2015-02-02,21.670421600341797
2015-02-03,22.08614158630371
2015-02-04,21.723331451416016
2015-02-05,22.055906295776367
2015-02-06,21.49657440185547
2015-02-09,21.247140884399414
2015-02-10,21.504135131835938
2015-02-11,21.42854881286621
2015-02-12,22.071029663085938
2015-02-13,22.06346893310547
2015-02-17,21.95764923095703
2015-02-18,22.01811981201172
2015-02-19,21.995439529418945
2015-02-20,22.297786712646484
2015-02-23,22.237316131591797
2015-02-24,22.418718338012695
2015-02-25,22.426280975341797
2015-02-26,22.358251571655273
2015-02-27,22.44895362854004
2015-03-02,22.539655685424805
2015-03-03,22.290224075317383
2015-03-04,22.237316131591797
2015-03-05,22.305343627929688
2015-03-06,21.950090408325195
2015-03-09,22.14661407470703
2015-03-10,21.662866592407227
2015-03-11,21.92741584777832
2015-03-12,22.123939514160156
2015-03-13,22.06346893310547
2015-03-16,22.622798919677734
2015-03-17,22.373371124267578
2015-03-18,22.63791847229004
2015-03-19,22.275102615356445
2015-03-20,22.872234344482422
2015-03-23,22.83444595336914
2015-03-24,22.962934494018555
2015-03-25,22.83444595336914
2015-03-26,22.683265686035156
2015-03-27,22.751296997070312
2015-03-30,22.947818756103516
2015-03-31,22.55477523803711
2015-04-01,22.751296997070312
2015-04-02,22.92514419555664
2015-04-06,23.14434242248535
2015-04-07,22.962934494018555
2015-04-08,22.879798889160156
2015-04-09,22.864673614501953
2015-04-10,23.0914306640625
2015-04-13,22.849559783935547
2015-04-14,22.95537757873535
2015-04-15,22.947818756103516
2015-04-16,22.69838523864746
2015-04-17,22.214637756347656
2015-04-20,22.396045684814453
2015-04-21,22.592565536499023
2015-04-22,22.47163200378418
2015-04-23,22.396045684814453
2015-04-24,22.516979217529297
2015-04-27,22.894912719726562
2015-04-28,22.766416549682617
2015-04-29,22.396045684814453
2015-04-30,22.388490676879883
2015-05-01,22.675710678100586
2015-05-04,22.660593032836914
2015-05-05,22.229755401611328
2015-05-06,22.501863479614258
2015-05-07,22.464073181152344
2015-05-08,22.962934494018555
2015-05-11,22.683265686035156
2015-05-12,22.55477523803711
2015-05-13,22.501863479614258
2015-05-14,23.083881378173828
2015-05-15,23.02340316772461
2015-05-18,23.02340316772461
2015-05-19,23.083881378173828
2015-05-20,23.05364418029785
2015-05-21,23.11410903930664
2015-05-22,22.811763763427734
2015-05-26,22.184406280517578
2015-05-27,22.47163200378418
2015-05-28,22.403600692749023
2015-05-29,22.003002166748047
2015-06-01,21.934974670410156
2015-06-02,22.131494522094727
2015-06-03,22.47918701171875
2015-06-04,22.191965103149414
2015-06-05,21.78380012512207
2015-06-08,21.761127471923828
2015-06-09,21.64774513244629
2015-06-10,22.343135833740234
2015-06-11,22.335575103759766
2015-06-12,22.071029663085938
2015-06-15,21.768686294555664
2015-06-16,21.768686294555664
2015-06-17,21.685537338256836
2015-06-18,22.123939514160156
2015-06-19,21.90473747253418
2015-06-22,22.653038024902344
2015-06-23,22.600128173828125
2015-06-24,22.343135833740234
2015-06-25,22.432344436645508
2015-06-26,22.524625778198242
2015-06-29,21.617177963256836
2015-06-30,21.440303802490234
2015-07-01,21.624868392944336
2015-07-02,21.555660247802734
2015-07-06,21.025035858154297
2015-07-07,21.094247817993164
2015-07-08,20.771255493164062
2015-07-09,21.178834915161133
2015-07-10,22.217018127441406
2015-07-13,22.140117645263672
2015-07-14,22.209325790405273
2015-07-15,22.12473487854004
2015-07-16,22.301607131958008
2015-07-17,22.19394874572754
2015-07-20,22.301607131958008
2015-07-21,22.217018127441406
2015-07-22,22.063213348388672
2015-07-23,22.040142059326172
2015-07-24,21.724838256835938
2015-07-27,21.47875213623047
2015-07-28,21.717151641845703
2015-07-29,21.701770782470703
2015-07-30,21.578731536865234
2015-07-31,21.786365509033203
2015-08-03,21.940168380737305
2015-08-04,21.932476043701172
2015-08-05,22.17856216430664
2015-08-06,22.186256408691406
2015-08-07,22.11704444885254
2015-08-10,22.409269332885742
2015-08-11,21.901716232299805
2015-08-12,21.67101287841797
2015-08-13,21.5402774810791
2015-08-14,21.58641815185547
2015-08-17,21.386472702026367
2015-08-18,21.1480770111084
2015-08-19,20.925060272216797
2015-08-20,20.348295211791992
2015-08-21,20.002235412597656
2015-08-24,19.71000862121582
2015-08-25,19.848430633544922
2015-08-26,20.36367416381836
2015-08-27,20.486722946166992
2015-08-28,20.271392822265625
2015-08-31,20.256011962890625
2015-09-01,19.76384162902832
2015-09-02,20.032995223999023
2015-09-03,20.09451675415039
2015-09-04,19.671558380126953
2015-09-08,20.379056930541992
2015-09-09,20.086824417114258
2015-09-10,20.36367416381836
2015-09-11,20.36367416381836
2015-09-14,20.263700485229492
2015-09-15,20.35598373413086
2015-09-16,20.432886123657227
2015-09-17,20.56361961364746
2015-09-18,19.80997657775879
2015-09-21,19.66386604309082
2015-09-22,18.917917251586914
2015-09-23,18.925607681274414
2015-09-24,18.887157440185547
2015-09-25,18.994821548461914
2015-09-28,18.710281372070312
2015-09-29,18.779491424560547
2015-09-30,19.02557945251465
2015-10-01,18.864086151123047
2015-10-02,19.117862701416016
2015-10-05,19.44853973388672
2015-10-06,19.610036849975586
2015-10-07,19.848430633544922
2015-10-08,20.02530860900879
2015-10-09,20.194490432739258
2015-10-12,20.179107666015625
2015-10-13,19.994544982910156
2015-10-14,20.032995223999023
2015-10-15,20.271392822265625
2015-10-16,20.179107666015625
2015-10-19,20.20218276977539
2015-10-20,20.194490432739258
2015-10-21,20.24831771850586
2015-10-22,20.57131004333496
2015-10-23,20.91737174987793
2015-10-26,20.91737174987793
2015-10-27,20.709732055664062
2015-10-28,20.86353874206543
2015-10-29,20.802021026611328
2015-10-30,20.848159790039062
2015-11-02,21.1634578704834
2015-11-03,21.0173397064209
2015-11-04,20.648216247558594
2015-11-05,20.694353103637695
2015-11-06,20.702043533325195
2015-11-09,20.36367416381836
2015-11-10,20.309846878051758
2015-11-11,20.371366500854492
2015-11-12,20.232940673828125
2015-11-13,20.032995223999023
2015-11-16,20.194490432739258
2015-11-17,20.286771774291992
2015-11-18,20.532861709594727
2015-11-19,20.748186111450195
2015-11-20,20.655900955200195
2015-11-23,20.548236846923828
2015-11-24,20.409814834594727
2015-11-25,20.678970336914062
2015-11-27,20.894302368164062
2015-11-30,20.955821990966797
2015-12-01,20.971206665039062
2015-12-02,20.632827758789062
2015-12-03,20.509790420532227
2015-12-04,20.709732055664062
2015-12-07,20.755876541137695
2015-12-08,20.39443588256836
2015-12-09,20.302152633666992
2015-12-10,20.309846878051758
2015-12-11,19.82536506652832
2015-12-14,19.802289962768555
2015-12-15,20.02530860900879
2015-12-16,20.36367416381836
2015-12-17,20.302152633666992
2015-12-18,20.063758850097656
2015-12-21,20.20218276977539
2015-12-22,20.286771774291992
2015-12-23,20.602073669433594
2015-12-24,20.602073669433594
2015-12-28,20.555927276611328
2015-12-29,20.794326782226562
2015-12-30,20.47134017944336
2015-12-31,20.140661239624023
2016-01-04,19.65617561340332
2016-01-05,19.471609115600586
2016-01-06,19.248594284057617
2016-01-07,18.864086151123047
2016-01-08,18.679521560668945
2016-01-11,18.82563591003418
2016-01-12,19.125553131103516
2016-01-13,18.648757934570312
2016-01-14,18.864086151123047
2016-01-15,18.171958923339844
2016-01-19,18.39497947692871
2016-01-20,18.06430435180664
2016-01-21,18.248868942260742
2016-01-22,18.594926834106445
2016-01-25,18.433429718017578
2016-01-26,18.787181854248047
2016-01-27,18.656448364257812
2016-01-28,18.579545974731445
2016-01-29,18.710281372070312
2016-02-01,18.694902420043945
2016-02-02,18.225799560546875
2016-02-03,18.571861267089844
2016-02-04,18.502643585205078
2016-02-05,18.148893356323242
2016-02-08,17.695171356201172
2016-02-09,17.664411544799805
2016-02-10,17.71824073791504
2016-02-11,17.587509155273438
2016-02-12,17.779766082763672
2016-02-16,18.02585220336914
2016-02-17,18.41036605834961
2016-02-18,18.433429718017578
2016-02-19,18.37191390991211
2016-02-22,18.564170837402344
2016-02-23,18.225799560546875
2016-02-24,17.995086669921875
2016-02-25,18.195037841796875
2016-02-26,18.18734359741211
2016-02-29,17.96432876586914
2016-03-01,18.641067504882812
2016-03-02,18.625682830810547
2016-03-03,18.81024742126465
2016-03-04,18.887157440185547
2016-03-07,18.833324432373047
2016-03-08,18.641067504882812
2016-03-09,18.717971801757812
2016-03-10,18.648757934570312
2016-03-11,19.310117721557617
2016-03-14,19.41008186340332
2016-03-15,19.325496673583984
2016-03-16,19.625411987304688
2016-03-17,19.61772346496582
2016-03-18,19.64848518371582
2016-03-21,19.625411987304688
2016-03-22,19.625411987304688
2016-03-23,19.556201934814453
2016-03-24,19.35625648498535
2016-03-28,19.41008186340332
2016-03-29,19.679244995117188
2016-03-30,19.940717697143555
2016-03-31,19.786911010742188
2016-04-01,19.625411987304688
2016-04-04,19.53313446044922
2016-04-05,19.071720123291016
2016-04-06,19.340877532958984
2016-04-07,18.917917251586914
2016-04-08,19.240901947021484
2016-04-11,19.310117721557617
2016-04-12,19.556201934814453
2016-04-13,19.794601440429688
2016-04-14,19.863811492919922
2016-04-15,19.840742111206055
2016-04-18,20.063758850097656
2016-04-19,20.57900047302246
2016-04-20,20.594379425048828
2016-04-21,20.509790420532227
2016-04-22,20.402122497558594
2016-04-25,20.302152633666992
2016-04-26,20.317537307739258
2016-04-27,20.432886123657227
2016-04-28,20.286771774291992
2016-04-29,20.171417236328125
2016-05-02,20.402122497558594
2016-05-03,20.02530860900879
2016-05-04,19.771528244018555
2016-05-05,19.64848518371582
2016-05-06,19.786911010742188
2016-05-09,19.85611915588379
2016-05-10,20.063758850097656
2016-05-11,19.886884689331055
2016-05-12,19.69462776184082
2016-05-13,19.571584701538086
2016-05-16,19.71000862121582
2016-05-17,19.49468231201172
2016-05-18,19.486989974975586
2016-05-19,19.30242919921875
2016-05-20,19.46392059326172
2016-05-23,19.36394500732422
2016-05-24,19.686941146850586
2016-05-25,19.87919044494629
2016-05-26,20.056068420410156
2016-05-27,19.994544982910156
2016-05-31,19.940717697143555
2016-06-01,19.96378517150879
2016-06-02,19.994544982910156
2016-06-03,20.086824417114258
2016-06-06,20.117589950561523
2016-06-07,20.35598373413086
2016-06-08,20.371366500854492
2016-06-09,20.002235412597656
2016-06-10,19.340877532958984
2016-06-13,19.033266067504883
2016-06-14,18.81024742126465
2016-06-15,18.87177848815918
2016-06-16,18.987125396728516
2016-06-17,19.17169189453125
2016-06-20,19.633106231689453
2016-06-21,19.794601440429688
2016-06-22,19.867862701416016
2016-06-23,20.51384735107422
2016-06-24,18.50499725341797
2016-06-27,18.055965423583984
2016-06-28,18.42622184753418
2016-06-29,18.67831039428711
2016-06-30,18.94615936279297
2016-07-01,19.00130844116211
2016-07-05,18.41046905517578
2016-07-06,18.355318069458008
2016-07-07,18.221399307250977
2016-07-08,18.631044387817383
2016-07-11,18.930404663085938
2016-07-12,19.229761123657227
2016-07-13,19.261272430419922
2016-07-14,19.560630798339844
2016-07-15,19.481849670410156
2016-07-18,19.489727020263672
2016-07-19,19.269149780273438
2016-07-20,19.513364791870117
2016-07-21,19.52912139892578
2016-07-22,19.521244049072266
2016-07-25,19.60789680480957
2016-07-26,19.749696731567383
2016-07-27,19.930883407592773
2016-07-28,20.025419235229492
2016-07-29,20.206607818603516
2016-08-01,20.127830505371094
2016-08-02,19.938764572143555
2016-08-03,19.92300796508789
2016-08-04,19.930883407592773
2016-08-05,20.096317291259766
2016-08-08,20.198732376098633
2016-08-09,20.695035934448242
2016-08-10,20.781694412231445
2016-08-11,20.89986228942871
2016-08-12,20.8762264251709
2016-08-15,20.9786376953125
2016-08-16,21.002269744873047
2016-08-17,20.907732009887695
2016-08-18,21.065288543701172
2016-08-19,20.92348861694336
2016-08-22,20.821083068847656
2016-08-23,20.93136978149414
2016-08-24,20.8604679107666
2016-08-25,20.7423038482666
2016-08-26,20.60050392150879
2016-08-29,20.695035934448242
2016-08-30,20.7423038482666
2016-08-31,20.64776611328125
2016-09-01,20.718664169311523
2016-09-02,20.907732009887695
2016-09-06,21.025901794433594
2016-09-07,21.10468292236328
2016-09-08,20.9943904876709
2016-09-09,20.537479400634766
2016-09-12,20.679279327392578
2016-09-13,20.40355682373047
2016-09-14,20.395673751831055
2016-09-15,20.561111450195312
2016-09-16,20.104202270507812
2016-09-19,20.23024559020996
2016-09-20,20.316898345947266
2016-09-21,20.592620849609375
2016-09-22,20.907732009887695
2016-09-23,20.828960418701172
2016-09-26,20.490209579467773
2016-09-27,20.44294548034668
2016-09-28,20.64776611328125
2016-09-29,20.238121032714844
2016-09-30,20.695035934448242
2016-10-03,20.608375549316406
2016-10-04,20.702917098999023
2016-10-05,20.789569854736328
2016-10-06,20.695035934448242
2016-10-07,20.54535675048828
2016-10-10,20.679279327392578
2016-10-11,20.458702087402344
2016-10-12,20.309024810791016
2016-10-13,20.198732376098633
2016-10-14,20.301143646240234
2016-10-17,20.222368240356445
2016-10-18,20.395673751831055
2016-10-19,20.43506622314453
2016-10-20,20.43506622314453
2016-10-21,20.35628890991211
2016-10-24,20.4193115234375
2016-10-25,20.42719078063965
2016-10-26,20.324771881103516
2016-10-27,20.324771881103516
2016-10-28,20.372047424316406
2016-10-31,20.41143035888672
2016-11-01,20.253877639770508
2016-11-02,20.096317291259766
2016-11-03,19.98603630065918
2016-11-04,19.844228744506836
2016-11-07,20.135713577270508
2016-11-08,20.198732376098633
2016-11-09,20.206607818603516
2016-11-10,20.143587112426758
2016-11-11,20.080564498901367
2016-11-14,19.88361930847168
2016-11-15,19.978153228759766
2016-11-16,19.7418155670166
2016-11-17,19.765451431274414
2016-11-18,19.58426284790039
2016-11-21,19.710308074951172
2016-11-22,19.765451431274414
2016-11-23,19.544870376586914
2016-11-25,19.67091941833496
2016-11-28,19.46609115600586
2016-11-29,19.631532669067383
2016-11-30,19.560630798339844
2016-12-01,19.44246482849121
2016-12-02,19.489727020263672
2016-12-05,19.9623966217041
2016-12-06,20.135713577270508
2016-12-07,20.608375549316406
2016-12-08,20.537479400634766
2016-12-09,20.55323600769043
2016-12-12,20.56899070739746
2016-12-13,20.750179290771484
2016-12-14,20.498090744018555
2016-12-15,20.498090744018555
2016-12-16,20.584747314453125
2016-12-19,20.529598236083984
2016-12-20,20.60050392150879
2016-12-21,20.717924118041992
2016-12-22,20.702159881591797
2016-12-23,20.733678817749023
2016-12-27,20.77308464050293
2016-12-28,20.631237030029297
2016-12-29,20.757320404052734
2016-12-30,20.86764907836914
2017-01-03,20.88340950012207
2017-01-04,21.00950050354004
2017-01-05,21.2380313873291
2017-01-06,21.167110443115234
2017-01-09,21.143468856811523
2017-01-10,21.13558578491211
2017-01-11,21.340482711791992
2017-01-12,21.269554138183594
2017-01-13,21.372005462646484
2017-01-17,21.419288635253906
2017-01-18,21.419288635253906
2017-01-19,21.372005462646484
2017-01-20,21.52173614501953
2017-01-23,21.553258895874023
2017-01-24,21.639944076538086
2017-01-25,21.994565963745117
2017-01-26,21.892120361328125
2017-01-27,21.892120361328125
2017-01-30,21.718746185302734
2017-01-31,21.679344177246094
2017-02-01,21.75027084350586
2017-02-02,21.742389678955078
2017-02-03,21.789674758911133
2017-02-06,21.450809478759766
2017-02-07,21.419288635253906
2017-02-08,21.419288635253906
2017-02-09,21.5059757232666
2017-02-10,21.52173614501953
2017-02-13,21.616300582885742
2017-02-14,21.62418556213379
2017-02-15,21.663585662841797
2017-02-16,21.781787872314453
2017-02-17,21.702987670898438
2017-02-21,21.892120361328125
2017-02-22,21.955167770385742
2017-02-23,21.907880783081055
2017-02-24,21.655704498291016
2017-02-27,21.726627349853516
2017-02-28,21.687227249145508
2017-03-01,21.994565963745117
2017-03-02,21.876359939575195
2017-03-03,22.05760955810547
2017-03-06,21.93152618408203
2017-03-07,21.844839096069336
2017-03-08,21.758150100708008
2017-03-09,21.899999618530273
2017-03-10,22.10489273071289
2017-03-13,22.112775802612305
2017-03-14,21.994565963745117
2017-03-15,22.278268814086914
2017-03-16,22.451637268066406
2017-03-17,22.38859748840332
2017-03-20,22.349193572998047
2017-03-21,22.238862991333008
2017-03-22,22.24674415588379
2017-03-23,22.357074737548828
2017-03-24,22.498920440673828
2017-03-27,22.554086685180664
2017-03-28,22.703813552856445
2017-03-29,22.68017578125
2017-03-30,22.561965942382812
2017-03-31,22.656532287597656
2017-04-03,22.625011444091797
2017-04-04,22.640771865844727
2017-04-05,22.47528076171875
2017-04-06,22.46739959716797
2017-04-07,22.404356002807617
2017-04-10,22.325546264648438
2017-04-11,22.333425521850586
2017-04-12,22.380714416503906
2017-04-13,22.183698654174805
2017-04-17,22.286148071289062
2017-04-18,22.262502670288086
2017-04-19,22.183698654174805
2017-04-20,22.333425521850586
2017-04-21,22.333425521850586
2017-04-24,23.3736572265625
2017-04-25,23.562789916992188
2017-04-26,23.428823471069336
2017-04-27,23.38154411315918
2017-04-28,23.389423370361328
2017-05-01,23.539154052734375
2017-05-02,23.617956161499023
2017-05-03,23.570674896240234
2017-05-04,23.972579956054688
2017-05-05,24.335084915161133
2017-05-08,23.988344192504883
2017-05-09,23.9252986907959
2017-05-10,23.901655197143555
2017-05-11,23.84649085998535
2017-05-12,24.06714630126953
2017-05-15,24.224761962890625
2017-05-16,24.44541358947754
2017-05-17,24.098670959472656
2017-05-18,24.138071060180664
2017-05-19,24.398130416870117
2017-05-22,24.44541358947754
2017-05-23,24.413890838623047
2017-05-24,24.437530517578125
2017-05-25,24.398130416870117
2017-05-26,24.26416015625
2017-05-30,24.28780174255371
2017-05-31,24.44541358947754
2017-06-01,24.5478572845459
2017-06-02,24.973407745361328
2017-06-05,24.839441299438477
2017-06-06,24.64242935180664
2017-06-07,24.658185958862305
2017-06-08,24.587261199951172
2017-06-09,24.65030860900879
2017-06-12,24.524221420288086
2017-06-13,24.689706802368164
2017-06-14,24.784278869628906
2017-06-15,24.374486923217773
2017-06-16,24.610902786254883
2017-06-19,24.784278869628906
2017-06-20,24.547317504882812
2017-06-21,24.547317504882812
2017-06-22,24.523223876953125
2017-06-23,24.531251907348633
2017-06-26,24.563385009765625
2017-06-27,24.587478637695312
2017-06-28,24.804359436035156
2017-06-29,24.402729034423828
2017-06-30,24.314380645751953
2017-07-03,24.33043670654297
2017-07-05,24.354537963867188
2017-07-06,24.242084503173828
2017-07-07,24.354537963867188
2017-07-10,24.410762786865234
2017-07-11,24.619606018066406
2017-07-12,24.78026008605957
2017-07-13,24.812387466430664
2017-07-14,24.973041534423828
2017-07-17,24.85255241394043
2017-07-18,24.756162643432617
2017-07-19,24.756162643432617
2017-07-20,24.90877914428711
2017-07-21,24.62764549255371
2017-07-24,24.5714168548584
2017-07-25,24.595516204833984
2017-07-26,24.756162643432617
2017-07-27,24.547317504882812
2017-07-28,24.65174102783203
2017-07-31,24.667802810668945
2017-08-01,24.900747299194336
2017-08-02,24.900747299194336
2017-08-03,24.82042121887207
2017-08-04,24.94894027709961
2017-08-07,24.90877914428711
2017-08-08,24.804359436035156
2017-08-09,24.68387222290039
2017-08-10,24.258148193359375
2017-08-11,24.418798446655273
2017-08-14,24.675832748413086
2017-08-15,24.65174102783203
2017-08-16,24.788291931152344
2017-08-17,24.475025177001953
2017-08-18,24.611576080322266
2017-08-21,24.531251907348633
2017-08-22,24.772226333618164
2017-08-23,24.804359436035156
2017-08-24,24.732065200805664
2017-08-25,24.973041534423828
2017-08-28,24.989105224609375
2017-08-29,24.691905975341797
2017-08-30,24.619606018066406
2017-08-31,24.707965850830078
2017-09-01,24.78026008605957
2017-09-05,24.716001510620117
2017-09-06,25.117626190185547
2017-09-07,25.40679359436035
2017-09-08,25.37466049194336
2017-09-11,25.65580177307129
2017-09-12,25.720064163208008
2017-09-13,25.607603073120117
2017-09-14,25.66383934020996
2017-09-15,25.720064163208008
2017-09-18,25.784320831298828
2017-09-19,25.8726806640625
2017-09-20,25.7923526763916
2017-09-21,25.80841827392578
2017-09-22,25.85661506652832
2017-09-25,25.591541290283203
2017-09-26,25.51925277709961
2017-09-27,25.583511352539062
2017-09-28,25.712026596069336
2017-09-29,26.049396514892578
2017-10-02,25.985136032104492
2017-10-03,26.081525802612305
2017-10-04,26.089555740356445
2017-10-05,26.081525802612305
2017-10-06,26.089555740356445
2017-10-09,26.073490142822266
2017-10-10,26.25823974609375
2017-10-11,26.410858154296875
2017-10-12,26.378725051879883
2017-10-13,26.378725051879883
2017-10-16,26.322500228881836
2017-10-17,26.2823429107666
2017-10-18,26.426923751831055
2017-10-19,26.362659454345703
2017-10-20,26.210046768188477
2017-10-23,26.12972068786621
2017-10-24,26.226110458374023
2017-10-25,26.218076705932617
2017-10-26,26.25823974609375
2017-10-27,26.298404693603516
2017-10-30,26.41888999938965
2017-10-31,26.5634765625
2017-11-01,26.78838348388672
2017-11-02,26.908876419067383
2017-11-03,26.820514678955078
2017-11-06,26.780353546142578
2017-11-07,26.5634765625
2017-11-08,26.65183448791504
2017-11-09,26.362659454345703
2017-11-10,26.298404693603516
2017-11-13,26.242176055908203
2017-11-14,26.38675880432129
2017-11-15,26.19398307800293
2017-11-16,26.402822494506836
2017-11-17,26.274301528930664
2017-11-20,26.29037094116211
2017-11-21,26.539377212524414
2017-11-22,26.362659454345703
2017-11-24,26.764284133911133
2017-11-27,26.603635787963867
2017-11-28,26.683963775634766
2017-11-29,26.61166763305664
2017-11-30,26.700029373168945
2017-12-01,26.467086791992188
2017-12-04,26.55544090270996
2017-12-05,26.4429874420166
2017-12-06,26.402822494506836
2017-12-07,26.523311614990234
2017-12-08,26.619699478149414
2017-12-11,26.603635787963867
2017-12-12,26.5634765625
2017-12-13,26.571510314941406
2017-12-14,26.41888999938965
2017-12-15,26.53134536743164
2017-12-18,26.941003799438477
2017-12-19,26.936168670654297
2017-12-20,26.69459342956543
2017-12-21,26.710695266723633
2017-12-22,26.654327392578125
2017-12-26,26.654327392578125
2017-12-27,26.71875
2017-12-28,26.69459342956543
2017-12-29,26.589906692504883
2018-01-02,26.78316879272461
2018-01-03,26.920061111450195
2018-01-04,27.362957000732422
2018-01-05,27.644805908203125
2018-01-08,27.56427764892578
2018-01-09,27.55622673034668
2018-01-10,27.314640045166016
2018-01-11,27.44348907470703
2018-01-12,27.789749145507812
2018-01-16,27.830020904541016
2018-01-17,27.902494430541992
2018-01-18,28.06354331970215
2018-01-19,28.377601623535156
2018-01-22,28.554752349853516
2018-01-23,28.70775604248047
2018-01-24,28.635286331176758
2018-01-25,28.43396759033203
2018-01-26,28.619182586669922
2018-01-29,28.353439331054688
2018-01-30,28.127965927124023
2018-01-31,28.192386627197266
2018-02-01,27.942760467529297
2018-02-02,27.266332626342773
2018-02-05,26.14701271057129
2018-02-06,26.968379974365234
2018-02-07,26.509376525878906
2018-02-08,25.647747039794922
2018-02-09,25.832956314086914
2018-02-12,26.203378677368164
2018-02-13,26.155059814453125
2018-02-14,26.73485565185547
2018-02-15,26.750961303710938
2018-02-16,26.799272537231445
2018-02-20,26.541587829589844
2018-02-21,26.356372833251953
2018-02-22,26.48522186279297
2018-02-23,26.678483963012695
2018-02-26,26.799272537231445
2018-02-27,26.300010681152344
2018-02-28,26.11479949951172
2018-03-01,25.615528106689453
2018-03-02,25.615528106689453
2018-03-05,25.98595428466797
2018-03-06,26.138959884643555
2018-03-07,26.348323822021484
2018-03-08,26.316116333007812
2018-03-09,26.40469741821289
2018-03-12,26.525484085083008
2018-03-13,26.090641021728516
2018-03-14,26.211429595947266
2018-03-15,26.291959762573242
2018-03-16,26.275850296020508
2018-03-19,26.082584381103516
2018-03-20,26.106746673583984
2018-03-21,26.130903244018555
2018-03-22,25.526954650878906
2018-03-23,25.21289825439453
2018-03-26,25.728267669677734
2018-03-27,25.43837547302246
2018-03-28,25.414215087890625
2018-03-29,25.800745010375977
2018-04-02,25.414215087890625
2018-04-03,25.575267791748047
2018-04-04,25.623584747314453
2018-04-05,25.937639236450195
2018-04-06,25.841007232666016
2018-04-09,26.01816749572754
2018-04-10,26.380535125732422
2018-04-11,26.219482421875
2018-04-12,26.412748336791992
2018-04-13,26.48522186279297
2018-04-16,26.493276596069336
2018-04-17,26.81537628173828
2018-04-18,26.863698959350586
2018-04-19,26.72679901123047
2018-04-20,26.541587829589844
2018-04-23,26.444957733154297
2018-04-24,26.219482421875
2018-04-25,26.082584381103516
2018-04-26,26.187273025512695
2018-04-27,26.291959762573242
2018-04-30,26.138959884643555
2018-05-01,26.042320251464844
2018-05-02,26.291959762573242
2018-05-03,26.308059692382812
2018-05-04,26.444957733154297
2018-05-07,26.557693481445312
2018-05-08,26.461061477661133
2018-05-09,26.493276596069336
2018-05-10,26.73485565185547
2018-05-11,26.69459342956543
2018-05-14,26.64627456665039
2018-05-15,26.45301055908203
2018-05-16,26.428850173950195
2018-05-17,26.581851959228516
2018-05-18,26.4771671295166
2018-05-21,26.68653678894043
2018-05-22,26.654327392578125
2018-05-23,26.19532585144043
2018-05-24,25.98595428466797
2018-05-25,25.92958641052246
2018-05-29,25.11626625061035
2018-05-30,25.704111099243164
2018-05-31,25.478633880615234
2018-06-01,25.615528106689453
2018-06-04,25.760478973388672
2018-06-05,25.76853370666504
2018-06-06,26.155059814453125
2018-06-07,25.841007232666016
2018-06-08,25.92958641052246
2018-06-11,26.138959884643555
2018-06-12,26.02621841430664
2018-06-13,26.130903244018555
2018-06-14,26.243640899658203
2018-06-15,26.11479949951172
2018-06-18,25.7202205657959
2018-06-19,25.39372444152832
2018-06-20,25.368995666503906
2018-06-21,25.01447105407715
2018-06-22,25.253564834594727
2018-06-25,24.81659698486328
2018-06-26,24.72590446472168
2018-06-27,24.462072372436523
2018-06-28,24.346651077270508
2018-06-29,24.71765899658203
2018-07-02,24.593992233276367
2018-07-03,24.676437377929688
2018-07-05,25.0969181060791
2018-07-06,25.27005386352539
2018-07-09,25.410215377807617
2018-07-10,25.50090980529785
2018-07-11,24.981487274169922
2018-07-12,25.179363250732422
2018-07-13,25.253564834594727
2018-07-16,25.385480880737305
2018-07-17,25.55037498474121
2018-07-18,25.57511329650879
2018-07-19,25.426708221435547
2018-07-20,25.368995666503906
2018-07-23,25.39372444152832
2018-07-24,25.57511329650879
2018-07-25,25.78122901916504
2018-07-26,25.715272903442383
2018-07-27,25.764738082885742
2018-07-30,25.797719955444336
2018-07-31,25.814207077026367
2018-08-01,25.60808753967285
2018-08-02,25.237077713012695
2018-08-03,25.30303382873535
2018-08-06,25.204097747802734
2018-08-07,25.360748291015625
2018-08-08,25.2947940826416
2018-08-09,25.27005386352539
2018-08-10,24.5032958984375
2018-08-13,24.38787078857422
2018-08-14,24.404361724853516
2018-08-15,23.90143394470215
2018-08-16,24.066329956054688
2018-08-17,24.255952835083008
2018-08-20,24.4868106842041
2018-08-21,24.833086013793945
2018-08-22,24.89080238342285
2018-08-23,24.75888442993164
2018-08-24,25.03920555114746
2018-08-27,25.451440811157227
2018-08-28,25.451440811157227
2018-08-29,25.558622360229492
2018-08-30,25.28654670715332
2018-08-31,24.923776626586914
2018-09-04,24.643455505371094
2018-09-05,24.38787078857422
2018-09-06,24.214733123779297
2018-09-07,24.01685905456543
2018-09-10,24.206485748291016
2018-09-11,24.198244094848633
2018-09-12,24.280691146850586
2018-09-13,24.528032302856445
2018-09-14,24.49505043029785
2018-09-17,24.462072372436523
2018-09-18,24.676437377929688
2018-09-19,24.742395401000977
2018-09-20,25.195852279663086
2018-09-21,25.212343215942383
2018-09-24,25.055688858032227
2018-09-25,25.138139724731445
2018-09-26,25.030960083007812
2018-09-27,24.965003967285156
2018-09-28,24.519786834716797
2018-10-01,24.651702880859375
2018-10-02,24.49505043029785
2018-10-03,24.585744857788086
2018-10-04,24.297178268432617
2018-10-05,24.066329956054688
2018-10-08,23.744783401489258
2018-10-09,23.72005271911621
2018-10-10,23.151165008544922
2018-10-11,22.953292846679688
2018-10-12,23.04398536682129
2018-10-15,23.14291763305664
2018-10-16,23.588132858276367
2018-10-17,23.324304580688477
2018-10-18,22.846107482910156
2018-10-19,22.953292846679688
2018-10-22,22.83786392211914
2018-10-23,22.557540893554688
2018-10-24,21.766050338745117
2018-10-25,22.21950912475586
2018-10-26,22.07935333251953
2018-10-29,22.170042037963867
2018-10-30,22.293712615966797
2018-10-31,22.46685028076172
2018-11-01,22.755422592163086
2018-11-02,22.903823852539062
2018-11-05,22.813129425048828
2018-11-06,22.83786392211914
2018-11-07,23.109943389892578
2018-11-08,22.66472816467285
2018-11-09,22.656476974487305
2018-11-12,22.005149841308594
2018-11-13,22.343181610107422
2018-11-14,22.425630569458008
2018-11-15,22.508075714111328
2018-11-16,22.491588592529297
2018-11-19,22.21950912475586
2018-11-20,21.766050338745117
2018-11-21,22.137065887451172
2018-11-23,21.897966384887695
2018-11-26,22.31020164489746
2018-11-27,22.145309448242188
2018-11-28,22.450359344482422
2018-11-29,22.326690673828125
2018-11-30,22.12881851196289
2018-12-03,22.491588592529297
2018-12-04,21.83201026916504
2018-12-06,21.52695655822754
2018-12-07,21.155942916870117
2018-12-10,21.015783309936523
2018-12-11,21.11471939086914
2018-12-12,21.44450569152832
2018-12-13,21.395042419433594
2018-12-14,21.089984893798828
2018-12-17,20.925090789794922
2018-12-18,21.040517807006836
2018-12-19,20.87562370300293
2018-12-20,20.776687622070312
2018-12-21,20.570568084716797
2018-12-24,20.150089263916016
2018-12-26,20.702484130859375
2018-12-27,20.636526107788086
2018-12-28,20.801420211791992
2018-12-31,20.90035629272461
2019-01-02,20.74370574951172
2019-01-03,20.47163200378418
2019-01-04,21.23838996887207
2019-01-07,21.2713680267334
2019-01-08,21.403284072875977
2019-01-09,21.766050338745117
2019-01-10,21.7578067779541
2019-01-11,21.535202026367188
2019-01-14,21.50221824645996
2019-01-15,21.485729217529297
2019-01-16,21.50221824645996
2019-01-17,21.54344367980957
2019-01-18,22.005149841308594
2019-01-22,21.58466911315918
2019-01-23,21.749557495117188
2019-01-24,21.80727195739746
2019-01-25,22.21950912475586
2019-01-28,22.203022003173828
2019-01-29,22.145309448242188
2019-01-30,22.268980026245117
2019-01-31,22.087594985961914
2019-02-01,22.104084014892578
2019-02-04,22.112329483032227
2019-02-05,22.3844051361084
2019-02-06,22.194780349731445
2019-02-07,21.57642364501953
2019-02-08,21.362060546875
2019-02-11,21.378551483154297
2019-02-12,21.73307228088379
2019-02-13,21.65886878967285
2019-02-14,21.559934616088867
2019-02-15,22.01339340209961
2019-02-19,22.112329483032227
2019-02-20,22.285472869873047
2019-02-21,22.21950912475586
2019-02-22,22.285472869873047
2019-02-25,22.351428985595703
2019-02-26,22.524559020996094
2019-02-27,22.400894165039062
2019-02-28,22.508075714111328
2019-03-01,22.755422592163086
2019-03-04,22.565792083740234
2019-03-05,22.623506546020508
2019-03-06,22.51632308959961
2019-03-07,22.087594985961914
2019-03-08,22.170042037963867
2019-03-11,22.367910385131836
2019-03-12,22.334938049316406
2019-03-13,22.524559020996094
2019-03-14,22.524559020996094
2019-03-15,22.738924026489258
2019-03-18,22.755422592163086
2019-03-19,22.96978187561035
2019-03-20,22.82962417602539
2019-03-21,22.672971725463867
2019-03-22,22.046371459960938
2019-03-25,22.112329483032227
2019-03-26,22.178287506103516
2019-03-27,22.170042037963867
2019-03-28,22.07935333251953
2019-03-29,22.194780349731445
2019-04-01,22.508075714111328
2019-04-02,22.63999366760254
2019-04-03,23.00275993347168
2019-04-04,23.011001586914062
2019-04-05,23.03573989868164
2019-04-08,23.00275993347168
2019-04-09,22.79664421081543
2019-04-10,22.961536407470703
2019-04-11,22.986270904541016
2019-04-12,23.266590118408203
2019-04-15,23.291324615478516
2019-04-16,23.414997100830078
2019-04-17,23.59638023376465
2019-04-18,23.555152893066406
2019-04-22,23.621112823486328
2019-04-23,23.571645736694336
2019-04-24,23.538665771484375
2019-04-25,23.47271156311035
2019-04-26,23.530424118041992
2019-04-29,23.670581817626953
2019-04-30,23.744783401489258
2019-05-01,23.588132858276367
2019-05-02,23.563400268554688
2019-05-03,23.868453979492188
2019-05-06,23.629358291625977
2019-05-07,23.109943389892578
2019-05-08,23.357280731201172
2019-05-09,23.200632095336914
2019-05-10,23.365528106689453
2019-05-13,22.68946075439453
2019-05-14,22.895580291748047
2019-05-15,23.11818504333496
2019-05-16,23.332544326782227
2019-05-17,23.12643051147461
2019-05-20,22.854352951049805
2019-05-21,23.06047248840332
2019-05-22,22.96978187561035
2019-05-23,22.672971725463867
2019-05-24,22.83786392211914
2019-05-28,22.64823341369629
2019-05-29,22.376161575317383
2019-05-30,22.491588592529297
2019-05-31,22.194780349731445
2019-06-03,22.367910385131836
2019-06-04,22.813129425048828
2019-06-05,22.73067855834961
2019-06-06,22.771909713745117
2019-06-07,22.978025436401367
2019-06-10,23.011001586914062
2019-06-11,23.167654037475586
2019-06-12,23.00275993347168
2019-06-13,23.085205078125
2019-06-14,22.82962417602539
2019-06-17,22.810983657836914
2019-06-18,23.226037979125977
2019-06-19,23.293804168701172
2019-06-20,23.539447784423828
2019-06-21,23.5140323638916
2019-06-24,23.505563735961914
2019-06-25,23.32768440246582
2019-06-26,23.42932891845703
2019-06-27,23.505563735961914
2019-06-28,23.75967788696289
2019-07-01,23.818971633911133
2019-07-02,23.83591079711914
2019-07-03,24.03073501586914
2019-07-05,23.7766170501709
2019-07-08,23.6241455078125
2019-07-09,23.539447784423828
2019-07-10,23.48862075805664
2019-07-11,23.40391731262207
2019-07-12,23.40391731262207
2019-07-15,23.547914505004883
2019-07-16,23.4716796875
2019-07-17,23.293804168701172
2019-07-18,23.25145149230957
2019-07-19,23.107452392578125
2019-07-22,23.20909881591797
2019-07-23,23.497093200683594
2019-07-24,23.598739624023438
2019-07-25,23.226037979125977
2019-07-26,23.32768440246582
2019-07-29,23.370037078857422
2019-07-30,22.853334426879883
2019-07-31,22.717809677124023
2019-08-01,22.70086669921875
2019-08-02,22.463699340820312
2019-08-05,22.006290435791016
2019-08-06,22.065582275390625
2019-08-07,22.20958137512207
2019-08-08,22.370519638061523
2019-08-09,22.25193214416504
2019-08-12,22.03169822692871
2019-08-13,22.24346160888672
2019-08-14,21.523473739624023
2019-08-15,21.3879451751709
2019-08-16,21.684412002563477
2019-08-19,21.887706756591797
2019-08-20,21.777587890625
2019-08-21,22.11640739440918
2019-08-22,22.040172576904297
2019-08-23,21.76064682006836
2019-08-26,21.95546531677246
2019-08-27,21.980880737304688
2019-08-28,21.9300537109375
2019-08-29,22.18416976928711
2019-08-30,22.23499298095703
2019-09-03,22.141817092895508
2019-09-04,22.480632781982422
2019-09-05,22.65851593017578
2019-09-06,22.751691818237305
2019-09-09,22.904159545898438
2019-09-10,23.005807876586914
2019-09-11,23.073572158813477
2019-09-12,23.217567443847656
2019-09-13,23.30227279663086
2019-09-16,23.048158645629883
2019-09-17,23.141326904296875
2019-09-18,23.115921020507812
2019-09-19,23.149803161621094
2019-09-20,23.022747039794922
2019-09-23,22.887218475341797
2019-09-24,22.734750747680664
2019-09-25,22.5822811126709
2019-09-26,22.65004539489746
2019-09-27,22.717809677124023
2019-09-30,22.794044494628906
2019-10-01,22.573810577392578
2019-10-02,22.065582275390625
2019-10-03,22.175701141357422
2019-10-04,22.39593505859375
2019-10-07,22.36204719543457
2019-10-08,22.11640739440918
2019-10-09,22.370519638061523
2019-10-10,22.50604820251465
2019-10-11,23.115921020507812
2019-10-14,23.158273696899414
2019-10-15,23.446271896362305
2019-10-16,23.581802368164062
2019-10-17,23.71732521057129
2019-10-18,23.793560028076172
2019-10-21,24.00532341003418
2019-10-22,23.895204544067383
2019-10-23,24.0561466217041
2019-10-24,24.106964111328125
2019-10-25,24.06461524963379
2019-10-28,24.217084884643555
2019-10-29,24.149320602416992
2019-10-30,24.242496490478516
2019-10-31,24.18320083618164
2019-11-01,24.378026962280273
2019-11-04,24.623668670654297
2019-11-05,24.52202033996582
2019-11-06,24.53896141052246
2019-11-07,24.657550811767578
2019-11-08,24.581315994262695
2019-11-11,24.505083084106445
2019-11-12,24.5135498046875
2019-11-13,24.462724685668945
2019-11-14,24.41190528869629
2019-11-15,24.598257064819336
2019-11-18,24.57284164428711
2019-11-19,24.598257064819336
2019-11-20,24.43731689453125
2019-11-21,24.462724685668945
2019-11-22,24.454256057739258
2019-11-25,24.564376831054688
2019-11-26,24.61519432067871
2019-11-27,24.632137298583984
2019-11-29,24.5135498046875
2019-12-02,24.284847259521484
2019-12-03,24.378026962280273
2019-12-04,24.564376831054688
2019-12-05,24.462724685668945
2019-12-06,24.52202033996582
2019-12-09,24.361080169677734
2019-12-10,24.420373916625977
2019-12-11,24.632137298583984
2019-12-12,24.843896865844727
2019-12-13,24.911664962768555
2019-12-16,25.15730857849121
2019-12-17,24.954015731811523
2019-12-18,24.784608840942383
2019-12-19,24.79307746887207
2019-12-20,24.8184871673584
2019-12-23,24.843896865844727
2019-12-24,24.82695770263672
2019-12-26,24.911664962768555
2019-12-27,25.038719177246094
2019-12-30,24.742250442504883
2019-12-31,24.90319061279297
2020-01-02,25.309772491455078
2020-01-03,24.82695770263672
2020-01-06,24.86083984375
2020-01-07,24.8184871673584
2020-01-08,25.047191619873047
2020-01-09,25.27589225769043
2020-01-10,25.2081298828125
2020-01-13,25.27589225769043
2020-01-14,25.25895118713379
2020-01-15,25.182716369628906
2020-01-16,25.24201011657715
2020-01-17,25.284366607666016
2020-01-21,25.25895118713379
2020-01-22,25.23354148864746
2020-01-23,25.098012924194336
2020-01-24,25.098012924194336
2020-01-27,24.530488967895508
2020-01-28,24.72531509399414
2020-01-29,24.691431045532227
2020-01-30,24.581315994262695
2020-01-31,24.166261672973633
2020-02-03,24.217084884643555
2020-02-04,24.649076461791992
2020-02-05,24.92860221862793
2020-02-06,25.004838943481445
2020-02-07,24.767663955688477
2020-02-10,24.767663955688477
2020-02-11,24.970956802368164
2020-02-12,25.15730857849121
2020-02-13,24.954015731811523
2020-02-14,24.970956802368164
2020-02-18,24.742250442504883
2020-02-19,24.987895965576172
2020-02-20,24.852371215820312
2020-02-21,24.68295669555664
2020-02-24,23.63262367248535
2020-02-25,23.098983764648438
2020-02-26,23.022747039794922
2020-02-27,22.43828582763672
2020-02-28,22.20958137512207
2020-03-02,22.556869506835938
2020-03-03,22.268877029418945
2020-03-04,22.971927642822266
2020-03-05,22.25193214416504
2020-03-06,22.03169822692871
2020-03-09,20.125844955444336
2020-03-10,20.786540985107422
2020-03-11,19.626089096069336
2020-03-12,17.135766983032227
2020-03-13,17.97434425354004
2020-03-16,15.865196228027344
2020-03-17,16.441190719604492
2020-03-18,15.272265434265137
2020-03-19,15.373909950256348
2020-03-20,15.458616256713867
2020-03-23,15.746610641479492
2020-03-24,17.44070816040039
2020-03-25,17.8896427154541
2020-03-26,18.618099212646484
2020-03-27,17.8896427154541
2020-03-30,18.228456497192383
2020-03-31,18.194578170776367
2020-04-01,17.26282501220703
2020-04-02,17.559293746948242
2020-04-03,17.305177688598633
2020-04-06,18.46563148498535
2020-04-07,18.609628677368164
2020-04-08,18.83833122253418
2020-04-09,19.515972137451172
2020-04-13,19.211034774780273
2020-04-14,19.710792541503906
2020-04-15,18.795984268188477
2020-04-16,18.745155334472656
2020-04-17,19.515972137451172
2020-04-20,19.211034774780273
2020-04-21,18.77903938293457
2020-04-22,19.00774383544922
2020-04-23,18.829862594604492
2020-04-24,19.067035675048828
2020-04-27,19.465147018432617
2020-04-28,19.499032974243164
2020-04-29,20.320663452148438
2020-04-30,19.97337532043457
2020-05-01,19.541379928588867
2020-05-04,19.414323806762695
2020-05-05,19.42279624938965
2020-05-06,19.194091796875
2020-05-07,19.592205047607422
2020-05-08,19.97337532043457
2020-05-11,19.837846755981445
2020-05-12,19.532913208007812
2020-05-13,19.26185417175293
2020-05-14,19.083980560302734
2020-05-15,19.22797393798828
2020-05-18,20.37148666381836
2020-05-19,20.168195724487305
2020-05-20,20.735719680786133
2020-05-21,20.456195831298828
2020-05-22,20.523956298828125
2020-05-26,21.29476547241211
2020-05-27,21.786052703857422
2020-05-28,21.80299949645996
2020-05-29,21.84535026550293
2020-06-01,22.44675636291504
2020-06-02,22.72627830505371
2020-06-03,23.649560928344727
2020-06-04,23.641090393066406
2020-06-05,24.090028762817383
2020-06-08,24.420373916625977
2020-06-09,23.92061996459961
2020-06-10,23.81049919128418
2020-06-11,22.38746452331543
2020-06-12,22.717809677124023
2020-06-15,22.96604347229004
2020-06-16,23.214284896850586
2020-06-17,23.239961624145508
2020-06-18,23.09444236755371
2020-06-19,22.897567749023438
2020-06-22,23.282760620117188
2020-06-23,23.548112869262695
2020-06-24,22.889007568359375
2020-06-25,23.205718994140625
2020-06-26,22.743488311767578
2020-06-29,23.11156463623047
2020-06-30,23.205718994140625
2020-07-01,23.188602447509766
2020-07-02,23.59947395324707
2020-07-06,24.13018226623535
2020-07-07,23.59947395324707
2020-07-08,23.93330955505371
2020-07-09,23.770671844482422
2020-07-10,24.018903732299805
2020-07-13,23.82202911376953
2020-07-14,24.28426170349121
2020-07-15,24.54961585998535
2020-07-16,24.481136322021484
2020-07-17,24.686573028564453
2020-07-20,24.97760772705078
2020-07-21,25.1488037109375
2020-07-22,25.38848304748535
2020-07-23,25.123125076293945
2020-07-24,24.8663272857666
2020-07-27,25.251523971557617
2020-07-28,24.97760772705078
2020-07-29,25.32855987548828
2020-07-30,24.66945457458496
2020-07-31,24.181541442871094
2020-08-03,24.80640983581543
2020-08-04,24.823530197143555
2020-08-05,24.926250457763672
2020-08-06,25.07176399230957
2020-08-07,24.994731903076172
2020-08-10,24.994731903076172
2020-08-11,25.097444534301758
2020-08-12,25.69662857055664
2020-08-13,25.525436401367188
2020-08-14,25.379919052124023
2020-08-17,25.61103630065918
2020-08-18,25.66239356994629
2020-08-19,25.5682373046875
2020-08-20,25.482637405395508
2020-08-21,25.225845336914062
2020-08-24,25.74799156188965
2020-08-25,25.850711822509766
2020-08-26,26.116064071655273
2020-08-27,25.756553649902344
2020-08-28,25.910629272460938
2020-08-31,25.76511573791504
2020-09-01,25.7822322845459
2020-09-02,26.29582405090332
2020-09-03,25.60247802734375
2020-09-04,25.551115036010742
2020-09-08,25.302881240844727
2020-09-09,26.039030075073242
2020-09-10,25.773672103881836
2020-09-11,25.944869995117188
2020-09-14,25.979108810424805
2020-09-15,26.02190589904785
2020-09-16,25.919189453125
2020-09-17,26.073266983032227
2020-09-18,25.910629272460938
2020-09-21,24.832094192504883
2020-09-22,24.7978515625
2020-09-23,24.429780960083008
2020-09-24,24.5924129486084
2020-09-25,24.446895599365234
2020-09-28,25.05464744567871
2020-09-29,25.140247344970703
2020-09-30,24.93480682373047
2020-10-01,25.097444534301758
2020-10-02,24.96904754638672
2020-10-05,25.49119758605957
2020-10-06,25.2172794342041
2020-10-07,25.44839859008789
2020-10-08,25.713754653930664
2020-10-09,25.850711822509766
2020-10-12,26.030467987060547
2020-10-13,25.58535385131836
2020-10-14,25.57679557800293
2020-10-15,25.05464744567871
2020-10-16,25.34568214416504
2020-10-19,25.165922164916992
2020-10-20,25.24295997619629
2020-10-21,24.93480682373047
2020-10-22,24.93480682373047
2020-10-23,25.165922164916992
2020-10-26,24.036026000976562
2020-10-27,23.693632125854492
2020-10-28,22.580854415893555
2020-10-29,22.66644859313965
2020-10-30,22.495256423950195
2020-11-02,22.803407669067383
2020-11-03,23.548112869262695
2020-11-04,23.86482810974121
2020-11-05,24.489696502685547
2020-11-06,24.515377044677734
2020-11-09,25.200164794921875
2020-11-10,25.44839859008789
2020-11-11,25.628154754638672
2020-11-12,25.234399795532227
2020-11-13,25.619596481323242
2020-11-16,25.739431381225586
2020-11-17,25.739431381225586
2020-11-18,25.66239356994629
2020-11-19,25.79935073852539
2020-11-20,25.756553649902344
2020-11-23,25.79079246520996
2020-11-24,26.1246280670166
2020-11-25,26.175983428955078
2020-11-27,26.30438232421875
2020-11-30,26.158864974975586
2020-12-01,26.681015014648438
2020-12-02,26.60397720336914
2020-12-03,26.561176300048828
2020-12-04,26.65533447265625
2020-12-07,26.595417022705078
2020-12-08,26.72381591796875
2020-12-09,26.663898468017578
2020-12-10,26.73237419128418
2020-12-11,26.449901580810547
2020-12-14,26.620664596557617
2020-12-15,27.080089569091797
2020-12-16,27.487506866455078
2020-12-17,27.834247589111328
2020-12-18,27.77356719970703
2020-12-21,27.21011734008789
2020-12-22,27.12343406677246
2020-12-23,27.539518356323242
2020-12-24,27.60019302368164
2020-12-28,27.91225814819336
2020-12-29,27.903587341308594
2020-12-30,27.886253356933594
2020-12-31,27.539518356323242
2021-01-04,27.87758445739746
2021-01-05,28.016281127929688
2021-01-06,28.267662048339844
2021-01-07,28.406356811523438
2021-01-08,28.536380767822266
2021-01-11,28.059621810913086
2021-01-12,28.128969192504883
2021-01-13,28.111631393432617
2021-01-14,28.21565055847168
2021-01-15,27.60019302368164
2021-01-19,27.920923233032227
2021-01-20,28.128969192504883
2021-01-21,28.32834243774414
2021-01-22,28.21565055847168
2021-01-25,27.851581573486328
2021-01-26,28.189645767211914
2021-01-27,27.435497283935547
2021-01-28,27.643539428710938
2021-01-29,27.270795822143555
2021-02-01,27.539518356323242
2021-02-02,27.929597854614258
2021-02-03,28.128969192504883
2021-02-04,28.14630699157715
2021-02-05,28.293664932250977
2021-02-08,28.345678329467773
2021-02-09,28.380352020263672
2021-02-10,28.224323272705078
2021-02-11,28.5103759765625
2021-02-12,28.56239128112793
2021-02-16,28.588390350341797
2021-02-17,28.172313690185547
2021-02-18,28.250328063964844
2021-02-19,28.337011337280273
2021-02-22,28.293664932250977
2021-02-23,28.059621810913086
2021-02-24,28.363019943237305
2021-02-25,27.955602645874023
2021-02-26,27.74755859375
2021-03-01,28.14630699157715
2021-03-02,28.24165916442871
2021-03-03,28.128969192504883
2021-03-04,27.851581573486328
2021-03-05,27.80824089050293
2021-03-08,28.08562469482422
2021-03-09,28.406356811523438
2021-03-10,28.66640853881836
2021-03-11,28.848445892333984
2021-03-12,28.770429611206055
2021-03-15,28.64040184020996
2021-03-16,28.675079345703125
2021-03-17,29.099830627441406
2021-03-18,28.969804763793945
2021-03-19,28.81377410888672
2021-03-22,29.013147354125977
2021-03-23,28.692413330078125
2021-03-24,28.389022827148438
2021-03-25,28.484371185302734
2021-03-26,28.78776741027832
2021-03-29,28.78776741027832
2021-03-30,28.90045738220215
2021-03-31,28.987138748168945
2021-04-01,29.429231643676758
2021-04-05,30.070688247680664
2021-04-06,29.749961853027344
2021-04-07,29.827970504760742
2021-04-08,29.923328399658203
2021-04-09,29.992671966552734
2021-04-12,29.9580078125
2021-04-13,30.09669303894043
2021-04-14,29.984006881713867
2021-04-15,30.218053817749023
2021-04-16,30.677478790283203
2021-04-19,30.564786911010742
2021-04-20,30.114030838012695
2021-04-21,30.252729415893555
2021-04-22,30.192045211791992
2021-04-23,30.460763931274414
2021-04-26,30.51278305053711
2021-04-27,30.469436645507812
2021-04-28,30.59946060180664
2021-04-29,30.400089263916016
2021-04-30,30.010011672973633
2021-05-03,30.34807586669922
2021-05-04,29.52458381652832
2021-05-05,29.966670989990234
2021-05-06,30.200721740722656
2021-05-07,30.755496978759766
2021-05-10,30.43476676940918
2021-05-11,30.062023162841797
2021-05-12,29.801971435546875
2021-05-13,30.114030838012695
2021-05-14,30.70348358154297
2021-05-17,30.70348358154297
2021-05-18,30.712156295776367
2021-05-19,30.304737091064453
2021-05-20,30.83350944519043
2021-05-21,30.83350944519043
2021-05-24,31.154237747192383
2021-05-25,31.11956787109375
2021-05-26,30.94620132446289
2021-05-27,30.894189834594727
2021-05-28,31.01554298400879
2021-06-01,31.292938232421875
2021-06-02,31.310270309448242
2021-06-03,31.17157554626465
2021-06-04,31.414295196533203
2021-06-07,31.62234115600586
2021-06-08,31.474971771240234
2021-06-09,31.292938232421875
2021-06-10,31.304391860961914
2021-06-11,31.4013729095459
2021-06-14,31.454265594482422
2021-06-15,31.507160186767578
2021-06-16,31.110450744628906
2021-06-17,30.90769386291504
2021-06-18,30.308229446411133
2021-06-21,30.784269332885742
2021-06-22,30.784269332885742
2021-06-23,30.502168655395508
2021-06-24,30.801902770996094
2021-06-25,30.872426986694336
2021-06-28,30.740190505981445
2021-06-29,30.854801177978516
2021-06-30,30.502168655395508
2021-07-01,30.57269287109375
2021-07-02,30.678483963012695
2021-07-06,30.334672927856445
2021-07-07,30.6344051361084
2021-07-08,30.22007179260254
2021-07-09,30.784269332885742
2021-07-12,30.97821807861328
2021-07-13,30.73137855529785
2021-07-14,30.863611221313477
2021-07-15,30.493356704711914
2021-07-16,30.246517181396484
2021-07-19,29.594160079956055
2021-07-20,29.73520851135254
2021-07-21,30.175992965698242
2021-07-22,30.246517181396484
2021-07-23,30.493356704711914
2021-07-26,30.484542846679688
2021-07-27,30.39638900756836
2021-07-28,30.45808982849121
2021-07-29,30.687299728393555
2021-07-30,30.431650161743164
2021-08-02,30.493356704711914
2021-08-03,30.57269287109375
2021-08-04,30.660852432250977
2021-08-05,30.810718536376953
2021-08-06,30.62558937072754
2021-08-09,30.546255111694336
2021-08-10,30.616771697998047
2021-08-11,30.749006271362305
2021-08-12,30.925329208374023
2021-08-13,31.154529571533203
2021-08-16,30.995849609375
2021-08-17,30.71375274658203
2021-08-18,30.749006271362305
2021-08-19,30.422826766967773
2021-08-20,30.510988235473633
2021-08-23,30.740190505981445
2021-08-24,30.845985412597656
2021-08-25,30.775453567504883
2021-08-26,30.57269287109375
2021-08-27,30.872426986694336
2021-08-30,30.960580825805664
2021-08-31,30.810718536376953
2021-09-01,30.890058517456055
2021-09-02,31.022294998168945
2021-09-03,30.960580825805664
2021-09-07,30.942951202392578
2021-09-08,30.510988235473633
2021-09-09,30.440462112426758
2021-09-10,30.39638900756836
2021-09-13,30.616771697998047
2021-09-14,30.57269287109375
2021-09-15,30.546255111694336
2021-09-16,30.4669132232666
2021-09-17,30.00849723815918
2021-09-20,29.23271369934082
2021-09-21,29.576528549194336
2021-09-22,29.84981346130371
2021-09-23,30.255332946777344
2021-09-24,29.946786880493164
2021-09-27,29.990861892700195
2021-09-28,29.364953994750977
2021-09-29,29.22390365600586
2021-09-30,29.02113914489746
2021-10-01,29.038768768310547
2021-10-04,28.809566497802734
2021-10-05,28.871278762817383
2021-10-06,28.54509735107422
2021-10-07,28.827198028564453
2021-10-08,28.853641510009766
2021-10-11,28.65088653564453
2021-10-12,28.668516159057617
2021-10-13,29.047590255737305
2021-10-14,29.417844772338867
2021-10-15,29.647052764892578
2021-10-18,29.48836898803711
2021-10-19,29.602977752685547
2021-10-20,29.647052764892578
2021-10-21,29.56771469116211
2021-10-22,29.779285430908203
2021-10-25,29.805736541748047
2021-10-26,29.964418411254883
2021-10-27,29.832178115844727
2021-10-28,30.043758392333984
2021-10-29,29.770475387573242
2021-11-01,30.131916046142578
2021-11-02,30.272964477539062
2021-11-03,30.57269287109375
2021-11-04,30.431650161743164
2021-11-05,30.440462112426758
2021-11-08,30.36111831665039
2021-11-09,30.369937896728516
2021-11-10,29.964418411254883
2021-11-11,30.043758392333984
2021-11-12,30.070205688476562
2021-11-15,29.937965393066406
2021-11-16,30.00849723815918
2021-11-17,30.079015731811523
2021-11-18,30.184812545776367
2021-11-19,29.788103103637695
2021-11-22,29.48836898803711
2021-11-23,29.347326278686523
2021-11-24,29.038768768310547
2021-11-26,28.18365478515625
2021-11-29,28.236547470092773
2021-11-30,28.042600631713867
2021-12-01,28.007339477539062
2021-12-02,28.2453670501709
2021-12-03,28.051416397094727
2021-12-06,28.333520889282227
2021-12-07,29.047590255737305
2021-12-08,29.05640411376953
2021-12-09,28.668516159057617
2021-12-10,28.809566497802734
2021-12-13,28.717784881591797
2021-12-14,28.46184539794922
2021-12-15,28.78838348388672
2021-12-16,28.7442569732666
2021-12-17,28.31181526184082
2021-12-20,28.170610427856445
2021-12-21,28.497150421142578
2021-12-22,28.797212600708008
2021-12-23,29.000192642211914
2021-12-27,29.256132125854492
2021-12-28,29.264955520629883
2021-12-29,29.22965431213379
2021-12-30,29.14695930480957
2021-12-31,29.14695930480957
2022-01-03,29.484846115112305
2022-01-04,29.573760986328125
2022-01-05,29.4759578704834
2022-01-06,29.369251251220703
2022-01-07,29.440387725830078
2022-01-10,29.17363739013672
2022-01-11,29.573760986328125
2022-01-12,29.796052932739258
2022-01-13,29.6448974609375
2022-01-14,29.6448974609375
2022-01-18,29.0847225189209
2022-01-19,29.182527542114258
2022-01-20,29.022476196289062
2022-01-21,28.551219940185547
2022-01-24,28.159982681274414
2022-01-25,27.928800582885742
2022-01-26,28.12441635131836
2022-01-27,27.93769073486328
2022-01-28,27.99104118347168
2022-01-31,28.462297439575195
2022-02-01,28.702375411987305
2022-02-02,28.773509979248047
2022-02-03,28.515649795532227
2022-02-04,28.435625076293945
2022-02-07,28.435625076293945
2022-02-08,28.542325973510742
2022-02-09,29.00469207763672
2022-02-10,28.675704956054688
2022-02-11,28.071067810058594
2022-02-14,27.768747329711914
2022-02-15,28.604568481445312
2022-02-16,28.64902687072754
2022-02-17,28.10663414001465
2022-02-18,27.742074966430664
2022-02-22,27.04852294921875
2022-02-23,26.666179656982422
2022-02-24,26.06154441833496
2022-02-25,26.746206283569336
2022-02-28,25.857038497924805
2022-03-01,24.92340850830078
2022-03-02,25.11013412475586
2022-03-03,24.327667236328125
2022-03-04,23.020586013793945
2022-03-07,22.095849990844727
2022-03-08,22.824968338012695
2022-03-09,24.62109375
2022-03-10,23.838621139526367
2022-03-11,23.749704360961914
2022-03-14,24.407691955566406
2022-03-15,24.656654357910156
2022-03-16,25.72365951538086
2022-03-17,25.72365951538086
2022-03-18,25.705881118774414
2022-03-21,25.287967681884766
2022-03-22,25.661418914794922
2022-03-23,25.030107498168945
2022-03-24,25.17237663269043
2022-03-25,25.17237663269043
2022-03-28,25.4569091796875
2022-03-29,26.283836364746094
2022-03-30,25.945953369140625
2022-03-31,25.243507385253906
2022-04-01,25.43912696838379
2022-04-04,25.430234909057617
2022-04-05,24.95897674560547
2022-04-06,24.532175064086914
2022-04-07,24.541067123413086
2022-04-08,24.62109375
2022-04-11,24.30988121032715
2022-04-12,24.060914993286133
2022-04-13,24.30099105834961
2022-04-14,24.158723831176758
2022-04-18,24.105371475219727
2022-04-19,24.354341506958008
2022-04-20,24.638872146606445
2022-04-21,24.57663345336914
2022-04-22,24.087589263916016
2022-04-25,23.927539825439453
2022-04-26,22.976131439208984
2022-04-27,22.958343505859375
2022-04-28,23.402929306030273
2022-04-29,23.127288818359375
2022-05-02,23.08283042907715
2022-05-03,23.207313537597656
2022-05-04,23.758596420288086
2022-05-05,22.940561294555664
2022-05-06,22.602678298950195
2022-05-09,22.149202346801758
2022-05-10,22.46040916442871
2022-05-11,22.442628860473633
2022-05-12,22.31814193725586
2022-05-13,22.92277717590332
2022-05-16,22.91388702392578
2022-05-17,23.527416229248047
2022-05-18,22.727161407470703
2022-05-19,23.073936462402344
2022-05-20,23.19841957092285
2022-05-23,23.73192024230957
2022-05-24,23.571870803833008
2022-05-25,23.55408477783203
2022-05-26,23.98088836669922
2022-05-27,24.327667236328125
2022-05-31,24.30099105834961
2022-06-01,24.016456604003906
2022-06-02,24.62109375
2022-06-03,24.336557388305664
2022-06-06,24.478824615478516
2022-06-07,24.478824615478516
2022-06-08,24.158723831176758
2022-06-09,23.455337524414062
2022-06-10,22.740964889526367
2022-06-13,21.95331573486328
2022-06-14,21.760984420776367
2022-06-15,22.264711380004883
2022-06-16,21.53201675415039
2022-06-17,21.678558349609375
2022-06-21,21.898365020751953
2022-06-22,21.760984420776367
2022-06-23,21.403797149658203
2022-06-24,21.916683197021484
2022-06-27,21.88920783996582
2022-06-28,21.660240173339844
2022-06-29,21.29389190673828
2022-06-30,21.074085235595703
2022-07-01,21.092405319213867
2022-07-05,20.240646362304688
2022-07-06,20.167375564575195
2022-07-07,20.54288101196289
2022-07-08,20.744373321533203
2022-07-11,20.158220291137695
2022-07-12,20.066631317138672
2022-07-13,20.039154052734375
2022-07-14,19.654491424560547
2022-07-15,20.176536560058594
2022-07-18,20.332233428955078
2022-07-19,21.275575637817383
2022-07-20,20.991655349731445
2022-07-21,21.092405319213867
2022-07-22,20.991655349731445
2022-07-25,21.074085235595703
2022-07-26,20.524566650390625
2022-07-27,21.074085235595703
2022-07-28,21.147356033325195
2022-07-29,21.59613037109375
2022-08-01,21.586971282958984
2022-08-02,21.284732818603516
2022-08-03,21.63276481628418
2022-08-04,21.880046844482422
2022-08-05,21.62360382080078
2022-08-08,21.660240173339844
2022-08-09,21.467906951904297
2022-08-10,22.008270263671875
2022-08-11,21.97163200378418
2022-08-12,22.163965225219727
2022-08-15,21.861730575561523
2022-08-16,22.008270263671875
2022-08-17,21.568655014038086
2022-08-18,21.42211151123047
2022-08-19,21.055767059326172
2022-08-22,20.286439895629883
2022-08-23,20.277278900146484
2022-08-24,20.359708786010742
2022-08-25,20.606992721557617
2022-08-26,19.810190200805664
2022-08-29,19.96588706970215
2022-08-30,20.084949493408203
2022-08-31,20.002521514892578
2022-09-01,19.727764129638672
2022-09-02,19.553749084472656
2022-09-06,19.681968688964844
2022-09-07,20.18569564819336
2022-09-08,19.94757080078125
2022-09-09,20.53372573852539
2022-09-12,21.110719680786133
2022-09-13,20.231487274169922
2022-09-14,20.204011917114258
2022-09-15,20.020837783813477
2022-09-16,19.791873931884766
2022-09-19,19.956727981567383
2022-09-20,19.498796463012695
2022-09-21,19.17824363708496
2022-09-22,19.141605377197266
2022-09-23,18.37228012084961
2022-09-26,18.10667610168457
2022-09-27,17.886871337890625
2022-09-28,18.4638671875
2022-09-29,18.097517013549805
2022-09-30,18.07920265197754
2022-10-03,18.518817901611328
2022-10-04,19.48963737487793
2022-10-05,19.15992546081543
2022-10-06,18.738624572753906
2022-10-07,18.308168411254883
2022-10-10,18.344802856445312
2022-10-11,18.097517013549805
2022-10-12,18.07004165649414
2022-10-13,18.637880325317383
2022-10-14,18.40891456604004
2022-10-17,19.077495574951172
2022-10-18,19.388891220092773
2022-10-19,19.06833839416504
2022-10-20,18.98590850830078
2022-10-21,19.407209396362305
2022-10-24,19.627016067504883
2022-10-25,20.04831314086914
2022-10-26,20.31391716003418
2022-10-27,20.1124267578125
2022-10-28,20.29559898376465
2022-10-31,19.984203338623047
2022-11-01,20.130741119384766
2022-11-02,19.681968688964844
2022-11-03,19.370573043823242
2022-11-04,20.43297576904297
2022-11-07,20.625308990478516
2022-11-08,20.92754554748535
2022-11-09,20.67110252380371
2022-11-10,22.090696334838867
2022-11-11,22.740964889526367
2022-11-14,22.57610511779785
2022-11-15,22.66769027709961
2022-11-16,22.676851272583008
2022-11-17,22.759281158447266
2022-11-18,22.832548141479492
2022-11-21,22.594423294067383
2022-11-22,22.79591178894043
2022-11-23,22.960769653320312
2022-11-25,23.134782791137695
2022-11-28,22.731800079345703
2022-11-29,22.814231872558594
2022-11-30,23.253847122192383
2022-12-01,23.4278621673584
2022-12-02,23.574398040771484
2022-12-05,23.253847122192383
2022-12-06,22.969926834106445
2022-12-07,23.052358627319336
2022-12-08,23.125625610351562
2022-12-09,23.134782791137695
2022-12-12,23.162260055541992
2022-12-13,23.546146392822266
2022-12-14,23.527820587158203
2022-12-15,22.77654266357422
2022-12-16,22.538331985473633
2022-12-19,22.538331985473633
2022-12-20,22.584144592285156
2022-12-21,22.83151626586914
2022-12-22,22.593305587768555
2022-12-23,22.657440185546875
2022-12-27,22.73073387145996
2022-12-28,22.529172897338867
2022-12-29,22.950618743896484
2022-12-30,22.657440185546875
2023-01-03,23.042238235473633
2023-01-04,23.701900482177734
2023-01-05,23.55530548095703
2023-01-06,24.150833129882812
2023-01-09,24.471500396728516
2023-01-10,24.718870162963867
2023-01-11,25.021215438842773
2023-01-12,25.442663192749023
2023-01-13,25.460988998413086
2023-01-17,25.479312896728516
2023-01-18,25.37853240966797
2023-01-19,25.20445442199707
2023-01-20,25.442663192749023
2023-01-23,25.534284591674805
2023-01-24,25.497634887695312
2023-01-25,25.66254997253418
2023-01-26,25.66254997253418
2023-01-27,25.64422607421875
2023-01-30,25.515958786010742
2023-01-31,25.690038681030273
2023-02-01,26.129806518554688
2023-02-02,26.450477600097656
2023-02-03,26.038190841674805
2023-02-06,25.726680755615234
2023-02-07,25.772491455078125
2023-02-08,25.76333236694336
2023-02-09,25.772491455078125
2023-02-10,25.442663192749023
2023-02-13,25.680875778198242
2023-02-14,25.772491455078125
2023-02-15,25.809141159057617
2023-02-16,25.699195861816406
2023-02-17,25.790815353393555
2023-02-21,25.360204696655273
2023-02-22,25.24110221862793
2023-02-23,25.460988998413086
2023-02-24,24.77384376525879
2023-02-27,25.17696762084961
2023-02-28,25.00289535522461
2023-03-01,25.186128616333008
2023-03-02,25.09450912475586
2023-03-03,25.59841537475586
2023-03-06,25.7358455657959
2023-03-07,25.250261306762695
2023-03-08,25.415178298950195
2023-03-09,25.2227783203125
2023-03-10,25.012052536010742
2023-03-13,24.69138526916504
2023-03-14,25.140317916870117
2023-03-15,24.24245262145996
2023-03-16,24.553956985473633
2023-03-17,24.22412872314453
2023-03-20,24.627254486083984
2023-03-21,25.17696762084961
2023-03-22,25.13115882873535
2023-03-23,25.13115882873535
2023-03-24,24.837976455688477
2023-03-27,25.167802810668945
2023-03-28,25.19529151916504
2023-03-29,25.54344367980957
2023-03-30,26.00153923034668
2023-03-31,26.0748348236084
2023-04-03,26.13897132873535
2023-04-04,26.258073806762695
2023-04-05,25.992380142211914
2023-04-06,26.184778213500977
2023-04-10,26.193941116333008
2023-04-11,26.248912811279297
2023-04-12,26.404664993286133
2023-04-13,26.725332260131836
2023-04-14,26.697847366333008
2023-04-17,26.551254272460938
2023-04-18,26.75282096862793
2023-04-19,26.7436580657959
2023-04-20,26.56041717529297
2023-04-21,26.807788848876953
2023-04-24,26.899410247802734
2023-04-25,26.56041717529297
2023-04-26,26.64287757873535
2023-04-27,26.835277557373047
2023-04-28,26.945219039916992
2023-05-01,26.96354103088379
2023-05-02,26.60622787475586
2023-05-03,26.75282096862793
2023-05-04,26.64287757873535
2023-05-05,27.02767562866211
2023-05-08,26.96354103088379
2023-05-09,26.789464950561523
2023-05-10,26.761978149414062
2023-05-11,26.532930374145508
2023-05-12,26.432151794433594
2023-05-15,26.551254272460938
2023-05-16,26.368019104003906
2023-05-17,26.532930374145508
2023-05-18,26.64287757873535
2023-05-19,26.862762451171875
2023-05-22,26.761978149414062
2023-05-23,26.413829803466797
2023-05-24,25.983219146728516
2023-05-25,25.919084548950195
2023-05-26,26.184778213500977
2023-05-30,26.04734992980957
2023-05-31,25.63506507873535
2023-06-01,26.04734992980957
2023-06-02,26.212268829345703
2023-06-05,26.038190841674805
2023-06-06,26.12064552307129
2023-06-07,26.00675392150879
2023-06-08,26.336191177368164
2023-06-09,26.12911605834961
2023-06-12,26.486791610717773
2023-06-13,26.722105026245117
2023-06-14,26.882116317749023
2023-06-15,27.23038101196289
2023-06-16,27.211557388305664
2023-06-20,26.778581619262695
2023-06-21,26.722105026245117
2023-06-22,26.68445587158203
2023-06-23,26.28912925720215
2023-06-26,26.260892868041992
2023-06-27,26.543270111083984
2023-06-28,26.55267906188965
2023-06-29,26.4209041595459
2023-06-30,26.891529083251953
2023-07-03,26.759756088256836
2023-07-05,26.317365646362305
2023-07-06,25.780853271484375
2023-07-07,26.053817749023438
2023-07-10,26.251480102539062
2023-07-11,26.533855438232422
2023-07-12,27.173906326293945
2023-07-13,27.644529342651367
2023-07-14,27.49393081665039
2023-07-17,27.55040740966797
2023-07-18,27.616291046142578
2023-07-19,27.50334358215332
2023-07-20,27.324504852294922
2023-07-21,27.39039421081543
2023-07-24,27.23979377746582
2023-07-25,27.28685760498047
2023-07-26,27.258617401123047
2023-07-27,27.33391761779785
2023-07-28,27.691593170166016
2023-07-31,27.59746742248535
2023-08-01,27.2021427154541
2023-08-02,26.656217575073242
2023-08-03,26.505617141723633
2023-08-04,26.571504592895508
2023-08-07,26.78799057006836
2023-08-08,26.430316925048828
2023-08-09,26.524442672729492
2023-08-10,26.69386863708496
2023-08-11,26.458555221557617
2023-08-14,26.467967987060547
2023-08-15,26.166767120361328
2023-08-16,26.063230514526367
2023-08-17,25.88439178466797
2023-08-18,25.827919006347656
2023-08-21,25.969104766845703
2023-08-22,25.922042846679688
2023-08-23,26.025577545166016
2023-08-24,25.60201644897461
2023-08-25,25.771442413330078
2023-08-28,25.99734115600586
2023-08-29,26.43973159790039
2023-08-30,26.392669677734375
2023-08-31,26.27971649169922
2023-09-01,25.987930297851562
2023-09-05,25.686729431152344
2023-09-06,25.6302547454834
2023-09-07,25.49847984313965
2023-09-08,25.517305374145508
2023-09-11,25.827919006347656
2023-09-12,25.61142921447754
2023-09-13,25.48906707763672
2023-09-14,25.649080276489258
2023-09-15,25.72437858581543
2023-09-18,25.536128997802734
2023-09-19,25.46082878112793
2023-09-20,25.451417922973633
2023-09-21,25.112567901611328
2023-09-22,25.14080238342285
2023-09-25,24.886667251586914
2023-09-26,24.444278717041016
2023-09-27,24.340744018554688
2023-09-28,24.585466384887695
2023-09-29,24.6607666015625
2023-10-02,24.22779083251953
2023-10-03,23.992477416992188
2023-10-04,24.18073081970215
2023-10-05,24.199552536010742
2023-10-06,24.557226181030273
2023-10-09,24.38780403137207
2023-10-10,24.77371597290039
2023-10-11,24.877254486083984
2023-10-12,24.547815322875977
2023-10-13,24.171316146850586
2023-10-16,24.41604232788086
2023-10-17,24.397214889526367
2023-10-18,23.973651885986328
2023-10-19,23.9642391204834
2023-10-20,23.710102081298828
2023-10-23,23.794815063476562
2023-10-24,23.8701171875
2023-10-25,23.65362548828125
2023-10-26,23.361839294433594
2023-10-27,23.31477928161621
2023-10-30,23.62539291381836
2023-10-31,23.70069122314453
2023-11-01,23.8701171875
2023-11-02,24.38780403137207
2023-11-03,24.613704681396484
2023-11-06,24.528987884521484
2023-11-07,24.500755310058594
2023-11-08,24.689001083374023
2023-11-09,24.698415756225586
2023-11-10,24.792543411254883
2023-11-13,24.858428955078125
2023-11-14,25.75261688232422
2023-11-15,25.8938045501709
2023-11-16,26.00675392150879
2023-11-17,26.345603942871094
2023-11-20,26.4209041595459
2023-11-21,26.260892868041992
2023-11-22,26.307954788208008
2023-11-24,26.562091827392578
2023-11-27,26.477378845214844
2023-11-28,26.580915451049805
2023-11-29,26.8538818359375
2023-11-30,26.740928649902344
2023-12-01,27.042129516601562
2023-12-04,26.95741844177246
2023-12-05,27.004480361938477
2023-12-06,27.07036781311035
2023-12-07,27.192729949951172
2023-12-08,27.296266555786133
2023-12-11,27.33391761779785
2023-12-12,27.39039421081543
2023-12-13,27.75748062133789
2023-12-14,27.842193603515625
2023-12-15,27.55040740966797
2023-12-18,27.52216911315918
2023-12-19,27.842193603515625
2023-12-20,27.46755027770996
2023-12-21,27.806425094604492
2023-12-22,27.78759765625
2023-12-26,27.947620391845703
2023-12-27,28.107643127441406
2023-12-28,27.91938018798828
2023-12-29,27.947620391845703
2024-01-02,27.618160247802734
2024-01-03,27.222806930541992
2024-01-04,27.326353073120117
2024-01-05,27.326353073120117
2024-01-08,27.684053421020508
2024-01-09,27.44872283935547
2024-01-10,27.58050537109375
2024-01-11,27.47696304321289
2024-01-12,27.50520133972168
2024-01-16,26.98748016357422
2024-01-17,26.818042755126953
2024-01-18,27.043956756591797
2024-01-19,27.19456672668457
2024-01-22,27.222806930541992
2024-01-23,27.15691566467285
2024-01-24,27.636987686157227
2024-01-25,27.58991813659668
2024-01-26,27.665225982666016
2024-01-29,27.731117248535156
2024-01-30,27.693464279174805
2024-01-31,27.36400604248047
2024-02-01,27.768770217895508
2024-02-02,27.51461410522461
2024-02-05,27.36400604248047
2024-02-06,27.56167984008789
2024-02-07,27.48637580871582
2024-02-08,27.542856216430664
2024-02-09,27.552268981933594
2024-02-12,27.618160247802734
2024-02-13,27.1192626953125
2024-02-14,27.44872283935547
2024-02-15,27.749942779541016
2024-02-16,27.77818489074707
2024-02-20,27.844074249267578
2024-02-21,27.966445922851562
2024-02-22,28.427690505981445
2024-02-23,28.446516036987305
2024-02-26,28.531232833862305
2024-02-27,28.757150650024414
2024-02-28,28.700672149658203
2024-02-29,28.841867446899414
2024-03-01,28.97365379333496
2024-03-04,28.926584243774414
2024-03-05,28.823041915893555
2024-03-06,29.00189208984375
2024-03-07,29.41607093811035
2024-03-08,29.190153121948242
2024-03-11,29.208980560302734
2024-03-12,29.576093673706055
2024-03-13,29.566680908203125
2024-03-14,29.321937561035156
2024-03-15,29.34076499938965
2024-03-18,29.171329498291016
2024-03-19,29.246633529663086
2024-03-20,29.604331970214844
2024-03-21,29.47254753112793
2024-03-22,29.45372200012207
2024-03-25,29.594919204711914
2024-03-26,29.726703643798828
2024-03-27,29.999685287475586
2024-03-28,29.88672637939453
2024-04-01,29.86789894104004
2024-04-02,29.510202407836914
2024-04-03,29.79259490966797
2024-04-04,29.529027938842773
2024-04-05,29.510202407836914
2024-04-08,29.726703643798828
2024-04-09,29.519615173339844
2024-04-10,29.152502059936523
2024-04-11,29.0395450592041
2024-04-12,28.474756240844727
2024-04-15,28.484169006347656
2024-04-16,28.239425659179688
2024-04-17,28.380624771118164
2024-04-18,28.277080535888672
2024-04-19,28.248838424682617
2024-04-22,28.597126007080078
2024-04-23,29.114850997924805
2024-04-24,28.98306655883789
2024-04-25,28.888935089111328
2024-04-26,29.143089294433594
2024-04-29,29.161914825439453
2024-04-30,28.67243194580078
2024-05-01,28.606538772583008
2024-05-02,28.907758712768555
2024-05-03,29.133676528930664
2024-05-06,29.44430923461914
2024-05-07,29.736116409301758
2024-05-08,29.80200958251953
2024-05-09,30.17853546142578
2024-05-10,30.291492462158203
2024-05-13,30.28207778930664
2024-05-14,30.46092987060547
2024-05-15,30.81863021850586
2024-05-16,30.451515197753906
2024-05-17,30.517406463623047
2024-05-20,30.47975730895996
2024-05-21,30.442102432250977
2024-05-22,30.197362899780273
2024-05-23,30.056163787841797
2024-05-24,30.385622024536133
2024-05-28,30.34797477722168
2024-05-29,29.8773136138916
2024-05-30,29.914966583251953
2024-05-31,30.17853546142578
2024-06-03,30.310319900512695
2024-06-04,30.103229522705078
2024-06-05,30.385622024536133
2024-06-06,30.442102432250977
2024-06-07,30.07499122619629
2024-06-10,29.933792114257812
2024-06-11,29.652217864990234
2024-06-12,30.230796813964844
2024-06-13,29.5172176361084
2024-06-14,28.938636779785156
2024-06-17,29.208641052246094
2024-06-18,29.208641052246094
2024-06-20,29.266498565673828
2024-06-21,29.102567672729492
2024-06-24,29.391857147216797
2024-06-25,29.35328483581543
2024-06-26,29.285785675048828
2024-06-27,29.4593563079834
2024-06-28,29.5268611907959
2024-07-01,29.661861419677734
2024-07-02,29.430429458618164
2024-07-03,29.874006271362305
2024-07-05,30.19222640991211
2024-07-08,30.04758071899414
2024-07-09,29.70043182373047
2024-07-10,30.086153030395508
2024-07-11,30.30794334411621
2024-07-12,30.78044891357422
2024-07-15,30.471874237060547
2024-07-16,30.50080108642578
2024-07-17,30.365798950195312
2024-07-18,30.06686782836914
2024-07-19,29.767934799194336
2024-07-22,30.250083923339844
2024-07-23,30.27901268005371
2024-07-24,29.931865692138672
2024-07-25,29.835433959960938
2024-07-26,30.19222640991211
2024-07-29,29.902936935424805
2024-07-30,29.94150733947754
2024-07-31,29.999366760253906
2024-08-01,29.266498565673828
2024-08-02,29.063993453979492
2024-08-05,28.504701614379883
2024-08-06,28.43720054626465
2024-08-07,28.52398681640625
2024-08-08,28.957921981811523
2024-08-09,29.083280563354492
2024-08-12,29.02542495727539
2024-08-13,29.430429458618164
2024-08-14,29.5750732421875
2024-08-15,29.95115089416504
2024-08-16,30.27901268005371
2024-08-19,30.62615966796875
2024-08-20,30.577945709228516
2024-08-21,30.89616584777832
2024-08-22,30.712947845458984
2024-08-23,31.262596130371094
2024-08-26,31.175813674926758
2024-08-27,31.35902976989746
2024-08-28,31.30116844177246
2024-08-29,31.310813903808594
2024-08-30,31.465103149414062
2024-09-03,31.021520614624023
2024-09-04,31.002239227294922
2024-09-05,31.108308792114258
2024-09-06,30.54901695251465
2024-09-09,30.79009246826172
2024-09-10,30.481515884399414
2024-09-11,30.674375534057617
2024-09-12,30.982954025268555
2024-09-13,31.243314743041992
2024-09-16,31.43617057800293
2024-09-17,31.387956619262695
2024-09-18,31.416887283325195
2024-09-19,31.908679962158203
2024-09-20,31.52295684814453
2024-09-23,31.609745025634766
2024-09-24,31.976179122924805
2024-09-25,31.725465774536133
2024-09-26,32.49690246582031
2024-09-27,32.718692779541016
2024-09-30,32.63190460205078
2024-10-01,32.17868423461914
2024-10-02,32.02439498901367
2024-10-03,31.715818405151367
2024-10-04,31.89904022216797
2024-10-07,31.58081817626953
2024-10-08,31.735105514526367
2024-10-09,31.908679962158203
2024-10-10,31.792964935302734
2024-10-11,32.00510787963867
2024-10-14,32.17868423461914
2024-10-15,31.976179122924805
2024-10-16,31.89904022216797
2024-10-17,31.91832160949707
2024-10-18,32.16904067993164
2024-10-21,31.78331756591797
2024-10-22,31.609745025634766
2024-10-23,31.387956619262695
2024-10-24,31.696531295776367
2024-10-25,31.55188751220703
2024-10-28,31.850818634033203
2024-10-29,31.706178665161133
2024-10-30,31.368671417236328
2024-10-31,31.166168212890625
2024-11-01,31.281883239746094
2024-11-04,31.262596130371094
2024-11-05,31.686891555786133
2024-11-06,30.78044891357422
2024-11-07,31.503671646118164
2024-11-08,30.954021453857422
2024-11-11,31.089027404785156
2024-11-12,30.452587127685547
2024-11-13,30.124723434448242
2024-11-14,30.414016723632812
2024-11-15,30.452587127685547
2024-11-18,30.471874237060547
2024-11-19,30.365798950195312
2024-11-20,30.221153259277344
2024-11-21,30.153654098510742
2024-11-22,30.28865623474121
2024-11-25,30.587589263916016
2024-11-26,30.433300018310547
2024-11-27,30.587589263916016
2024-11-29,31.11795425415039
2024-12-02,31.310813903808594
2024-12-03,31.43617057800293
2024-12-04,31.84117889404297
2024-12-05,32.24618148803711
2024-12-06,32.19797134399414
2024-12-09,32.01475143432617
2024-12-10,31.91832160949707
2024-12-11,31.995466232299805
2024-12-12,31.84117889404297
2024-12-13,31.93760871887207
2024-12-16,31.83153533935547
2024-12-17,31.58081817626953
2024-12-18,30.925092697143555
2024-12-19,30.809377670288086
2024-12-20,30.857593536376953
2024-12-23,30.925092697143555
2024-12-24,31.146881103515625
2024-12-26,31.25295639038086
2024-12-27,30.992595672607422
2024-12-30,30.76116180419922
2024-12-31,30.684019088745117
2025-01-02,30.452587127685547
2025-01-03,30.53937339782715
2025-01-06,31.11795425415039
2025-01-07,31.262596130371094
2025-01-08,31.224027633666992
2025-01-10,30.886520385742188
2025-01-13,30.732234954833984
2025-01-14,31.069740295410156
2025-01-15,31.61939239501953
2025-01-16,31.657960891723633
2025-01-17,31.96653938293457
2025-01-21,32.766902923583984
2025-01-22,32.863338470458984
2025-01-23,33.23941421508789
2025-01-24,33.32619857788086
2025-01-27,33.277984619140625
2025-01-28,33.32619857788086
2025-01-29,33.499778747558594
2025-01-30,33.66370391845703
2025-01-31,33.39370346069336
2025-02-03,32.72833251953125
2025-02-04,33.162269592285156
2025-02-05,33.47084426879883
2025-02-06,33.856563568115234
2025-02-07,33.403343200683594
2025-02-10,33.6540641784668
2025-02-11,34.13621139526367
2025-02-12,34.473716735839844
2025-02-13,35.11015319824219
2025-02-14,35.11979293823242
2025-02-18,35.582664489746094
2025-02-19,34.77265167236328
2025-02-20,34.898006439208984
2025-02-21,34.62800216674805
2025-02-24,34.78229522705078
2025-02-25,35.27408981323242
2025-02-26,35.39944076538086
2025-02-27,34.71479034423828
2025-02-28,34.78229522705078
2025-03-03,35.83338165283203
2025-03-04,35.7080192565918
2025-03-05,37.15446853637695
2025-03-06,37.21232604980469
2025-03-07,37.424476623535156
2025-03-10,36.440887451171875
2025-03-11,36.392677307128906
2025-03-12,36.633750915527344
2025-03-13,36.24802780151367
2025-03-14,37.24125671386719
2025-03-17,37.636619567871094
2025-03-18,37.9066276550293
2025-03-19,37.646263122558594
2025-03-20,36.99053955078125
2025-03-21,36.73017883300781
2025-03-24,36.67232131958008
2025-03-25,37.00982666015625
2025-03-26,36.21910095214844
2025-03-27,36.24802780151367
2025-03-28,36.05516815185547
2025-03-31,35.7562370300293
2025-04-01,35.958740234375
2025-04-02,36.045528411865234
2025-04-03,35.41872787475586
2025-04-04,33.09476852416992
2025-04-07,32.352256774902344
2025-04-08,32.03403854370117
2025-04-09,34.926937103271484
2025-04-10,34.52193069458008
2025-04-11,35.07158279418945
2025-04-14,35.505516052246094
2025-04-15,35.871952056884766
2025-04-16,35.8912353515625
2025-04-17,36.06481170654297
2025-04-21,35.7080192565918
2025-04-22,36.67232131958008
2025-04-23,37.06768035888672
2025-04-24,37.636619567871094
2025-04-25,37.95484161376953
2025-04-28,38.0609130859375
2025-04-29,38.25376892089844
2025-04-30,38.0802001953125
2025-05-01,38.051265716552734
2025-05-02,38.89985275268555
2025-05-05,39.26628875732422
2025-05-06,39.21807098388672
2025-05-07,38.99628448486328
2025-05-08,39.015567779541016
2025-05-09,39.31449890136719
2025-05-12,38.93842697143555
2025-05-13,39.140926361083984
2025-05-14,38.89985275268555
2025-05-15,39.40129089355469
2025-05-16,39.39164352416992
2025-05-19,40.076297760009766
2025-05-20,40.278804779052734
2025-05-21,40.1920166015625
2025-05-22,40.1534423828125
2025-05-23,39.787010192871094
2025-05-27,40.79952621459961
2025-05-28,40.278804779052734
2025-05-29,40.35594177246094
2025-05-30,40.47166442871094
2025-06-02,40.828453063964844
2025-06-03,40.616302490234375
2025-06-04,40.94416809082031
2025-06-05,41.05024337768555
2025-06-06,41.00202560424805
2025-06-09,40.79952621459961
2025-06-10,40.616302490234375
2025-06-11,40.60666275024414
2025-06-12,40.712738037109375
2025-06-13,40.02808380126953
2025-06-16,40.321205139160156
2025-06-17,39.605560302734375
2025-06-18,39.4879150390625
2025-06-20,39.54673767089844
2025-06-23,39.94867706298828
2025-06-24,40.576087951660156
2025-06-25,40.34081268310547
2025-06-26,40.82117462158203
2025-06-27,41.46819305419922
2025-06-30,41.47800064086914
2025-07-01,41.183895111083984
2025-07-02,41.34075164794922
2025-07-03,41.37996292114258
2025-07-07,41.39957046508789
2025-07-08,41.75249481201172
2025-07-09,42.40931701660156
2025-07-10,42.01718521118164
2025-07-11,41.6152458190918
2025-07-14,41.5172119140625
2025-07-15,40.99763488769531
2025-07-16,41.350555419921875
2025-07-17,41.5172119140625
2025-07-18,41.30154037475586
2025-07-21,41.58583450317383
2025-07-22,41.58583450317383
2025-07-23,42.36030197143555
2025-07-24,41.860328674316406
2025-07-25,41.96816635131836
2025-07-28,40.850582122802734
2025-07-29,41.06625747680664
2025-07-30,40.811370849609375
2025-07-31,40.34081268310547
2025-08-01,39.94867706298828
2025-08-04,40.487857818603516
2025-08-05,40.67412567138672
2025-08-06,41.017242431640625
2025-08-07,41.49760818481445
2025-08-08,41.507408142089844
2025-08-11,41.115272521972656
2025-08-12,41.32114791870117
2025-08-13,41.54662322998047
2025-08-14,41.66426086425781
2025-08-15,41.74269104003906
2025-08-18,41.6152458190918
2025-08-19,41.556427001953125
2025-08-20,41.556427001953125
2025-08-21,41.252525329589844
2025-08-22,41.82111740112305
2025-08-25,41.29173278808594
2025-08-26,41.30154037475586
2025-08-27,41.06625747680664
2025-08-28,41.193702697753906
2025-08-29,41.05645751953125
2025-09-02,40.232975006103516
2025-09-03,40.242774963378906
2025-09-04,40.52707290649414
2025-09-05,40.52707290649414
2025-09-08,40.87018966674805
2025-09-09,40.6643180847168
2025-09-10,40.26238250732422
2025-09-11,40.576087951660156
2025-09-12,40.49766540527344
2025-09-15,40.605499267578125
2025-09-16,40.34081268310547
2025-09-17,40.25258255004883
2025-09-18,40.634910583496094
2025-09-19,40.4094352722168
2025-09-22,40.42904281616211
2025-09-23,40.45845031738281
2025-09-24,40.42904281616211
2025-09-25,39.94867706298828
2025-09-26,40.389827728271484
2025-09-29,40.49766540527344
2025-09-30,40.79176330566406
2025-10-01,41.30154037475586
2025-10-02,41.63485336303711
2025-10-03,41.595638275146484
2025-10-06,41.58583450317383
2025-10-07,41.24271774291992
2025-10-08,41.507408142089844
2025-10-09,41.262325286865234
2025-10-10,40.70353317260742
2025-10-13,40.95841979980469
2025-10-14,40.850582122802734
2025-10-15,40.71333694458008
2025-10-16,40.77215576171875
2025-10-17,40.566287994384766
2025-10-20,41.05645751953125
2025-10-21,40.87018966674805
2025-10-22,40.62510681152344
2025-10-23,40.73294448852539
2025-10-24,40.77215576171875
2025-10-27,40.95841979980469
2025-10-28,40.899600982666016
2025-10-29,40.45845031738281
2025-10-30,40.19375991821289
2025-10-31,39.92906951904297
2025-11-03,40.10552978515625
2025-11-04,39.54673767089844
2025-11-05,39.92906951904297
2025-11-06,39.59575271606445
2025-11-07,39.683982849121094
2025-11-10,40.154544830322266
2025-11-11,40.41923522949219
2025-11-12,40.860389709472656
2025-11-13,40.4388427734375
2025-11-14,40.056514739990234
2025-11-17,39.22322463989258
2025-11-18,38.75266647338867
2025-11-19,38.73305892944336
2025-11-20,38.12525177001953
2025-11-21,38.62522506713867
2025-11-24,38.69384765625
2025-11-25,39.39968490600586
2025-11-26,39.8016242980957
2025-11-28,40.11532974243164
2025-12-01,39.72319793701172
2025-12-02,40.08592224121094
2025-12-03,40.144744873046875
2025-12-04,40.33100509643555
2025-12-05,40.59569549560547
2025-12-08,40.52707290649414
2025-12-09,40.71333694458008
2025-12-10,41.115272521972656
2025-12-11,41.556427001953125
2025-12-12,41.350555419921875
2025-12-15,41.272125244140625
2025-12-16,41.2035026550293
2025-12-17,40.79176330566406
2025-12-18,41.115272521972656
2025-12-19,41.272125244140625
2025-12-22,41.507408142089844
2025-12-23,41.60544204711914
2025-12-24,41.732887268066406
2025-12-26,41.81131362915039
2025-12-29,41.67406463623047
2025-12-30,41.90934753417969
2025-12-31,41.66426086425781
2026-01-02,41.72308349609375
2026-01-05,42.20344543457031
2026-01-06,42.28187561035156
2026-01-07,42.40931701660156
2026-01-08,42.458335876464844
2026-01-09,42.55636978149414
2026-01-12,42.968109130859375
2026-01-13,42.71322250366211
2026-01-14,42.634796142578125
2026-01-15,42.389713287353516
2026-01-16,42.48774337768555
2026-01-20,41.70347595214844
2026-01-21,41.977970123291016
2026-01-22,42.252464294433594
2026-01-23,42.62499237060547
2026-01-26,42.97791290283203
2026-01-27,43.42886734008789
2026-01-28,43.144569396972656
2026-01-29,42.585777282714844
2026-01-30,42.26226806640625
2026-02-02,42.62499237060547
2026-02-03,42.65439987182617
2026-02-04,42.399513244628906
2026-02-05,41.99757766723633
2026-02-06,42.674007415771484
2026-02-09,43.4484748840332
2026-02-10,43.350440979003906
2026-02-11,43.183780670166016
2026-02-12,43.095550537109375
2026-02-13,43.1053581237793
2026-02-17,43.173980712890625
2026-02-18,43.25240707397461
2026-02-19,43.017127990722656
2026-02-20,43.4484748840332
2026-02-23,43.03673553466797
2026-02-24,43.085750579833984
2026-02-25,43.477882385253906
2026-02-26,43.683753967285156
2026-02-27,43.46807861328125
2026-03-02,42.066200256347656
2026-03-03,40.7525520324707
2026-03-04,41.272125244140625
2026-03-05,40.37022018432617
2026-03-06,40.01729965209961
2026-03-09,40.28199005126953
2026-03-10,40.29179000854492
2026-03-11,39.9976921081543
2026-03-12,39.54673767089844
2026-03-13,39.05657196044922
2026-03-16,39.72319793701172
2026-03-17,39.938873291015625
2026-03-18,38.97814178466797
2026-03-19,38.90951919555664
2026-03-20,37.448822021484375
2026-03-23,38.54679489135742
2026-03-24,38.1840705871582
2026-03-25,38.69384765625
2026-03-26,37.909576416015625
2026-03-27,37.331180572509766
2026-03-30,37.615474700927734
2026-03-31,38.88991165161133
2026-04-01,39.40949249267578
2026-04-02,39.11539077758789
2026-04-06,39.41929244995117
2026-04-07,39.32126235961914
2026-04-08,40.91920852661133
2026-04-09,40.80156707763672
2026-04-10,40.781959533691406
2026-04-13,41.115272521972656
2026-04-14,41.36035919189453
2026-04-15,41.527015686035156
2026-04-16,41.527015686035156
2026-04-17,42.340694427490234
2026-04-20,42.144630432128906
2026-04-21,41.23291778564453
2026-04-22,41.48780059814453
2026-04-23,41.095664978027344
2026-04-24,41.5172119140625
2026-04-27,41.29173278808594
2026-04-28,41.06625747680664
2026-04-29,40.52707290649414
2026-04-30,41.42898178100586
2026-05-01,41.49760818481445
2026-05-04,40.6643180847168
2026-05-05,41.556427001953125
2026-05-06,42.61518859863281
2026-05-07,41.66426086425781
2026-05-08,41.81131362915039
2026-05-11,41.69367218017578
2026-05-12,41.115272521972656
2026-05-13,41.33094787597656
2026-05-14,41.4191780090332
2026-05-15,40.55648422241211
2026-05-18,41.507408142089844
2026-05-19,41.21331024169922
2026-05-20,42.03679275512695
2026-05-21,42.20344543457031
2026-05-22,42.066200256347656
2026-05-26,42.88968276977539
2026-05-27,42.83086013793945
2026-05-28,42.634796142578125
2026-05-29,42.57597351074219
2026-06-01,42.62499237060547
2026-06-02,42.71322250366211
2026-06-03,41.928955078125
2026-06-04,42.223052978515625
2026-06-05,41.28193283081055
2026-06-08,41.31134033203125
2026-06-09,41.21331024169922
2026-06-10,40.45845031738281
2026-06-11,41.438785552978516
2026-06-12,41.47800064086914
2026-06-15,41.84000015258789
2026-06-16,41.77000045776367
2026-06-17,41.36000061035156
2026-06-18,41.52000045776367
2026-06-22,41.540000915527344
2026-06-23,40.97999954223633
2026-06-24,40.54999923706055
2026-06-25,41.06999969482422
2026-06-26,40.630001068115234
2026-06-29,40.93000030517578
2026-06-30,41.369998931884766
2026-07-01,41.209999084472656
2026-07-02,42.310001373291016
2026-07-06,42.65999984741211
2026-07-07,42.04999923706055
2026-07-08,41.310001373291016
2026-07-09,41.540000915527344
2026-07-10,41.4900016784668
2026-07-13,41.22999954223633
2026-07-14,41.38999938964844
2026-07-15,41.5
2026-07-16,41.2400016784668
2026-07-17,41.15999984741211
2026-07-20,40.869998931884766
2026-07-21,41.33000183105469
2026-07-22,41.310001373291016
2026-07-23,40.59000015258789
2026-07-24,41.119998931884766
2026-07-27,41.779998779296875
2026-07-28,41.91999816894531
2026-07-29,41.939998626708984
2026-07-30,42.880001068115234
2026-07-31,42.849998474121094
2026-08-03,43.380001068115234
2026-08-04,43.84000015258789
2026-08-05,43.63999938964844
2026-08-06,43.52000045776367
2026-08-07,44.02000045776367
2026-08-10,43.869998931884766
2026-08-11,43.9900016784668
2026-08-12,43.869998931884766
2026-08-13,43.959999084472656
2026-08-14,44.15999984741211
2026-08-17,43.959999084472656
2026-08-18,43.68000030517578
2026-08-19,44.040000915527344
2026-08-20,43.91999816894531
2026-08-21,44.20000076293945
2026-08-24,44.130001068115234
2026-08-25,44.45000076293945
2026-08-26,44.31999969482422
2026-08-27,44.58000183105469
2026-08-28,44.59000015258789
2026-08-31,44.22999954223633
2026-09-01,43.439998626708984
2026-09-02,43.52000045776367
2026-09-03,43.91999816894531
2026-09-04,43.88999938964844
2026-09-08,43.56999969482422
2026-09-09,43.040000915527344
2026-09-10,42.619998931884766
2026-09-11,42.869998931884766
2026-09-14,42.709999084472656
2026-09-15,42.529998779296875
2026-09-16,42.43000030517578
2026-09-17,42.689998626708984
2026-09-18,42.150001525878906
2026-09-21,42.599998474121094
2026-09-22,42.650001525878906
2026-09-23,41.869998931884766
2026-09-24,41.869998931884766
2026-09-25,42.2599983215332
2026-09-28,42.130001068115234
2026-09-29,41.900001525878906
2026-09-30,41.310001373291016
2026-10-01,40.81999969482422
2026-10-02,41.29999923706055
2026-10-05,41.25
2026-10-06,41.4900016784668
2026-10-07,40.90999984741211
