date,adjclose
2011-10-10,30.776451110839844
2011-10-11,30.65575408935547
2011-10-12,31.259218215942383
2011-10-13,31.088838577270508
2011-10-14,31.61419677734375
2011-10-17,30.847444534301758
2011-10-18,31.450910568237305
2011-10-19,30.982330322265625
2011-10-20,30.939741134643555
2011-10-21,31.678077697753906
2011-10-24,32.16085433959961
2011-10-25,31.585796356201172
2011-10-26,32.03306198120117
2011-10-27,33.445865631103516
2011-10-28,33.33938217163086
2011-10-31,32.11115646362305
2011-11-01,31.188220977783203
2011-11-02,31.74199104309082
2011-11-03,32.388031005859375
2011-11-04,32.118255615234375
2011-11-07,32.2673454284668
2011-11-08,32.664920806884766
2011-11-09,31.159814834594727
2011-11-10,31.486385345458984
2011-11-11,32.18216323852539
2011-11-14,31.69939613342285
2011-11-15,31.71357536315918
2011-11-16,31.23081398010254
2011-11-17,30.719655990600586
2011-11-18,30.74803924560547
2011-11-21,30.04520034790039
2011-11-22,30.00259780883789
2011-11-23,29.214548110961914
2011-11-25,29.122257232666016
2011-11-28,30.215579986572266
2011-11-29,30.322072982788086
2011-11-30,31.71357536315918
2011-12-01,31.571605682373047
2011-12-02,31.557392120361328
2011-12-05,31.933677673339844
2011-12-06,31.855567932128906
2011-12-07,31.96206283569336
2011-12-08,31.09592056274414
2011-12-09,31.678077697753906
2011-12-12,30.939741134643555
2011-12-13,30.6131591796875
2011-12-14,30.23686981201172
2011-12-15,30.350475311279297
2011-12-16,30.40016746520996
2011-12-19,30.030994415283203
2011-12-20,30.996536254882812
2011-12-21,30.922393798828125
2011-12-22,31.27857208251953
2011-12-23,31.467573165893555
2011-12-27,31.423946380615234
2011-12-28,30.951467514038086
2011-12-29,31.314916610717773
2011-12-30,31.387605667114258
2012-01-03,31.976402282714844
2012-01-04,31.976402282714844
2012-01-05,31.80921173095703
2012-01-06,31.5693359375
2012-01-09,31.678373336791992
2012-01-10,32.16537857055664
2012-01-11,32.12178039550781
2012-01-12,32.22356033325195
2012-01-13,31.940052032470703
2012-01-17,32.209014892578125
2012-01-18,32.63787078857422
2012-01-19,32.92863845825195
2012-01-20,33.001319885253906
2012-01-23,33.03766632080078
2012-01-24,32.91409683227539
2012-01-25,33.313899993896484
2012-01-26,33.190303802490234
2012-01-27,33.23393249511719
2012-01-30,33.030399322509766
2012-01-31,33.103084564208984
2012-02-01,33.56104278564453
2012-02-02,33.69188690185547
2012-02-03,34.16436004638672
2012-02-06,34.07715606689453
2012-02-07,34.193450927734375
2012-02-08,34.32429504394531
2012-02-09,34.3679084777832
2012-02-10,33.90995407104492
2012-02-13,34.20799255371094
2012-02-14,34.06986999511719
2012-02-15,34.00445556640625
2012-02-16,34.46967315673828
2012-02-17,34.564144134521484
2012-02-21,34.57870864868164
2012-02-22,34.4769401550293
2012-02-23,34.60051727294922
2012-02-24,34.79677963256836
2012-02-27,34.70954132080078
2012-02-28,34.90581130981445
2012-02-29,34.68046188354492
2012-03-01,35.01484680175781
2012-03-02,34.76042556762695
2012-03-05,34.542362213134766
2012-03-06,33.69188690185547
2012-03-07,34.06260299682617
2012-03-08,34.62959671020508
2012-03-09,34.60051727294922
2012-03-12,34.542362213134766
2012-03-13,35.1529541015625
2012-03-14,35.022117614746094
2012-03-15,35.232913970947266
2012-03-16,35.34921646118164
2012-03-19,35.45098876953125
2012-03-20,35.17475509643555
2012-03-21,35.109336853027344
2012-03-22,34.695003509521484
2012-03-23,34.96396255493164
2012-03-26,35.48006057739258
2012-03-27,35.26926040649414
2012-03-28,35.00758361816406
2012-03-29,34.94940948486328
2012-03-30,35.08753204345703
2012-04-02,35.45098876953125
2012-04-03,35.11660385131836
2012-04-04,34.57870864868164
2012-04-05,34.506019592285156
2012-04-09,34.20799255371094
2012-04-10,33.52469253540039
2012-04-11,33.90995407104492
2012-04-12,34.49872970581055
2012-04-13,33.93175506591797
2012-04-16,34.04806900024414
2012-04-17,34.571441650390625
2012-04-18,34.36062240600586
2012-04-19,34.20799255371094
2012-04-20,34.31700897216797
2012-04-23,33.87360382080078
2012-04-24,33.99717712402344
2012-04-25,34.45513916015625
2012-04-26,34.745880126953125
2012-04-27,34.81858825683594
2012-04-30,34.67320251464844
2012-05-01,34.84765625
2012-05-02,34.716800689697266
2012-05-03,34.426063537597656
2012-05-04,33.81545639038086
2012-05-07,33.96083068847656
2012-05-08,33.61919403076172
2012-05-09,33.29935073852539
2012-05-10,33.3865852355957
2012-05-11,33.27754592895508
2012-05-14,32.73237228393555
2012-05-15,32.45616912841797
2012-05-16,32.20173263549805
2012-05-17,31.75832748413086
2012-05-18,31.489381790161133
2012-05-21,32.07817077636719
2012-05-22,32.02001953125
2012-05-23,31.91097640991211
2012-05-24,31.816476821899414
2012-05-25,31.75105094909668
2012-05-29,32.187191009521484
2012-05-30,31.5548038482666
2012-05-31,31.576602935791016
2012-06-01,30.856977462768555
2012-06-04,30.936920166015625
2012-06-05,31.09683609008789
2012-06-06,31.94732093811035
2012-06-07,31.94732093811035
2012-06-08,31.99093246459961
2012-06-11,31.576602935791016
2012-06-12,32.041812896728516
2012-06-13,31.780139923095703
2012-06-14,32.00547409057617
2012-06-15,32.4052734375
2012-06-18,32.434349060058594
2012-06-19,32.899559020996094
2012-06-20,32.9504508972168
2012-06-21,32.09269714355469
2012-06-22,32.39799499511719
2012-06-25,31.75832748413086
2012-06-26,31.940052032470703
2012-06-27,32.25261688232422
2012-06-28,32.158119201660156
2012-06-29,33.19759750366211
2012-07-02,33.321170806884766
2012-07-03,33.67734909057617
2012-07-05,33.357505798339844
2012-07-06,32.99406814575195
2012-07-09,32.906837463378906
2012-07-10,32.645137786865234
2012-07-11,32.7105598449707
2012-07-12,32.383453369140625
2012-07-13,32.899559020996094
2012-07-16,32.89229965209961
2012-07-17,33.095821380615234
2012-07-18,33.270286560058594
2012-07-19,33.47381591796875
2012-07-20,32.99406814575195
2012-07-23,32.52884292602539
2012-07-24,32.16537857055664
2012-07-25,32.2744255065918
2012-07-26,32.972251892089844
2012-07-27,33.64101028442383
2012-07-30,33.56104278564453
2012-07-31,33.437469482421875
2012-08-01,33.33570861816406
2012-08-02,33.001319885253906
2012-08-03,33.83000946044922
2012-08-06,33.99717712402344
2012-08-07,34.237056732177734
2012-08-08,34.20799255371094
2012-08-09,34.28068161010742
2012-08-10,34.34608459472656
2012-08-13,34.2661247253418
2012-08-14,34.28068161010742
2012-08-15,34.3024787902832
2012-08-16,34.64413833618164
2012-08-17,34.67320251464844
2012-08-20,34.62959671020508
2012-08-21,34.636844635009766
2012-08-22,34.60778045654297
2012-08-23,34.375179290771484
2012-08-24,34.433319091796875
2012-08-27,34.418792724609375
2012-08-28,34.426063537597656
2012-08-29,34.3679084777832
2012-08-30,34.0262565612793
2012-08-31,34.2661247253418
2012-09-04,34.22979736328125
2012-09-05,34.178897857666016
2012-09-06,34.96396255493164
2012-09-07,35.298336029052734
2012-09-10,35.04392623901367
2012-09-11,35.261993408203125
2012-09-12,35.40736770629883
2012-09-13,36.02523422241211
2012-09-14,36.301448822021484
2012-09-17,36.119728088378906
2012-09-18,36.0034294128418
2012-09-19,36.07612991333008
2012-09-20,35.8944091796875
2012-09-21,35.8944091796875
2012-09-24,35.80907440185547
2012-09-25,35.514827728271484
2012-09-26,35.242645263671875
2012-09-27,35.68400192260742
2012-09-28,35.33091735839844
2012-10-01,35.50746154785156
2012-10-02,35.64723587036133
2012-10-03,35.60310745239258
2012-10-04,35.919410705566406
2012-10-05,35.934120178222656
2012-10-08,35.77228546142578
2012-10-09,35.367698669433594
2012-10-10,35.183799743652344
2012-10-11,35.35298538208008
2012-10-12,35.20587921142578
2012-10-15,35.52219009399414
2012-10-16,35.978248596191406
2012-10-17,36.19156265258789
2012-10-18,36.11801528930664
2012-10-19,35.558963775634766
2012-10-22,35.706077575683594
2012-10-23,35.0808219909668
2012-10-24,35.04404067993164
2012-10-25,35.26471710205078
2012-10-26,35.15438461303711
2012-10-31,35.11760330200195
2012-11-01,35.639869689941406
2012-11-02,35.26471710205078
2012-11-05,35.31621170043945
2012-11-06,35.61045837402344
2012-11-07,34.94840621948242
2012-11-08,34.59531021118164
2012-11-09,34.61003112792969
2012-11-12,34.63945770263672
2012-11-13,34.426143646240234
2012-11-14,34.021549224853516
2012-11-15,33.97005081176758
2012-11-16,34.08039474487305
2012-11-19,34.80128479003906
2012-11-20,34.75714111328125
2012-11-21,34.874847412109375
2012-11-23,35.43391036987305
2012-11-26,35.345619201660156
2012-11-27,35.13230895996094
2012-11-28,35.43391036987305
2012-11-29,35.62517166137695
2012-11-30,35.654598236083984
2012-12-03,35.566314697265625
2012-12-04,35.61045837402344
2012-12-05,35.71343231201172
2012-12-06,35.85319137573242
2012-12-07,35.92673873901367
2012-12-10,35.941471099853516
2012-12-11,36.22100067138672
2012-12-12,36.287208557128906
2012-12-13,36.059165954589844
2012-12-14,36.08123016357422
2012-12-17,36.38283157348633
2012-12-18,36.7432746887207
2012-12-19,36.66972351074219
2012-12-20,36.9040412902832
2012-12-21,36.59161376953125
2012-12-24,36.53208541870117
2012-12-26,36.47258758544922
2012-12-27,36.50978469848633
2012-12-28,36.28660583496094
2012-12-31,36.762699127197266
2013-01-02,37.56608963012695
2013-01-03,37.35780715942383
2013-01-04,37.536338806152344
2013-01-07,37.34292221069336
2013-01-08,37.20158386230469
2013-01-09,37.3652458190918
2013-01-10,37.75951385498047
2013-01-11,37.737186431884766
2013-01-14,37.75951385498047
2013-01-15,37.7223014831543
2013-01-16,37.647926330566406
2013-01-17,37.89340591430664
2013-01-18,37.93060302734375
2013-01-22,38.079368591308594
2013-01-23,38.04962158203125
2013-01-24,38.12401580810547
2013-01-25,38.33230209350586
2013-01-28,38.18352508544922
2013-01-29,38.39178466796875
2013-01-30,38.33974075317383
2013-01-31,38.23560333251953
2013-02-01,38.59265899658203
2013-02-04,38.04962158203125
2013-02-05,38.30997848510742
2013-02-06,38.34716033935547
2013-02-07,38.146324157714844
2013-02-08,38.376922607421875
2013-02-11,38.324867248535156
2013-02-12,38.443885803222656
2013-02-13,38.51827621459961
2013-02-14,38.4587516784668
2013-02-15,38.36205291748047
2013-02-19,38.69679641723633
2013-02-20,38.257911682128906
2013-02-21,37.86365509033203
2013-02-22,38.25046920776367
2013-02-25,37.536338806152344
2013-02-26,37.77438735961914
2013-02-27,38.19096374511719
2013-02-28,38.1165771484375
2013-03-01,38.21327590942383
2013-03-04,38.30253219604492
2013-03-05,38.65961456298828
2013-03-06,38.71910858154297
2013-03-07,38.860450744628906
2013-03-08,39.01667404174805
2013-03-11,39.12826156616211
2013-03-12,38.92740249633789
2013-03-13,38.90507507324219
2013-03-14,39.18031311035156
2013-03-15,39.06874465942383
2013-03-18,38.81582260131836
2013-03-19,38.54802322387695
2013-03-20,38.882774353027344
2013-03-21,38.57779312133789
2013-03-22,38.84194564819336
2013-03-25,38.610618591308594
2013-03-26,38.90165328979492
2013-03-27,38.85688018798828
2013-03-28,39.013572692871094
2013-04-01,38.677772521972656
2013-04-02,38.90910339355469
2013-04-03,38.4837532043457
2013-04-04,38.70016860961914
2013-04-05,38.57330322265625
2013-04-08,38.759857177734375
2013-04-09,38.87926483154297
2013-04-10,39.40909957885742
2013-04-11,39.60312271118164
2013-04-12,39.431488037109375
2013-04-15,38.45391082763672
2013-04-16,39.08074188232422
2013-04-17,38.38673782348633
2013-04-18,38.207645416259766
2013-04-19,38.63299560546875
2013-04-22,38.759857177734375
2013-04-23,39.19268798828125
2013-04-24,39.356849670410156
2013-04-25,39.58072280883789
2013-04-26,39.476261138916016
2013-04-29,39.86429977416992
2013-04-30,40.058319091796875
2013-05-01,39.67026901245117
2013-05-02,39.97624588012695
2013-05-03,40.409080505371094
2013-05-06,40.45384216308594
2013-05-07,40.62546920776367
2013-05-08,40.90904235839844
2013-05-09,40.70756149291992
2013-05-10,40.72246551513672
2013-05-13,40.692630767822266
2013-05-14,40.95380401611328
2013-05-15,41.11051940917969
2013-05-16,40.89410400390625
2013-05-17,41.229923248291016
2013-05-20,41.27470397949219
2013-05-21,41.334407806396484
2013-05-22,40.916507720947266
2013-05-23,40.72993469238281
2013-05-24,40.48368835449219
2013-05-28,40.640380859375
2013-05-29,40.33443069458008
2013-05-30,40.528465270996094
2013-05-31,39.83444595336914
2013-06-03,40.08071517944336
2013-06-04,39.93146896362305
2013-06-05,39.25985336303711
2013-06-06,39.588199615478516
2013-06-07,39.94639205932617
2013-06-10,39.968772888183594
2013-06-11,39.4389533996582
2013-06-12,39.2225341796875
2013-06-13,39.80460739135742
2013-06-14,39.46131896972656
2013-06-17,39.87177276611328
2013-06-18,40.170265197753906
2013-06-19,39.46131896972656
2013-06-20,38.2598762512207
2013-06-21,38.33450698852539
2013-06-24,37.73161315917969
2013-06-25,38.23590087890625
2013-06-26,38.52943420410156
2013-06-27,38.92836380004883
2013-06-28,38.77029800415039
2013-07-01,39.09394836425781
2013-07-02,38.87567138671875
2013-07-03,38.93589401245117
2013-07-05,39.21438217163086
2013-07-08,39.36491775512695
2013-07-09,39.628353118896484
2013-07-10,39.681053161621094
2013-07-11,40.554141998291016
2013-07-12,40.456268310546875
2013-07-15,40.66704177856445
2013-07-16,40.5466194152832
2013-07-17,40.71220016479492
2013-07-18,40.92294692993164
2013-07-19,40.92294692993164
2013-07-22,41.111114501953125
2013-07-23,41.133697509765625
2013-07-24,40.99821853637695
2013-07-25,41.08100128173828
2013-07-26,40.97562789916992
2013-07-29,40.75737762451172
2013-07-30,40.727256774902344
2013-07-31,40.77241897583008
2013-08-01,41.31433868408203
2013-08-02,41.43476486206055
2013-08-05,41.34445571899414
2013-08-06,41.148746490478516
2013-08-07,40.915428161621094
2013-08-08,41.284236907958984
2013-08-09,41.25412368774414
2013-08-12,41.231536865234375
2013-08-13,41.4272346496582
2013-08-14,41.33692932128906
2013-08-15,40.8552131652832
2013-08-16,40.80252456665039
2013-08-19,40.47135543823242
2013-08-20,40.599308013916016
2013-08-21,40.17780303955078
2013-08-22,40.53908157348633
2013-08-23,40.80252456665039
2013-08-26,40.614341735839844
2013-08-27,39.89929962158203
2013-08-28,39.95952224731445
2013-08-29,39.98210144042969
2013-08-30,39.771366119384766
2013-09-03,40.132633209228516
2013-09-04,40.5466194152832
2013-09-05,40.6294059753418
2013-09-06,40.73478317260742
2013-09-09,41.2917594909668
2013-09-10,41.6906852722168
2013-09-11,41.811092376708984
2013-09-12,41.59282302856445
2013-09-13,41.72831344604492
2013-09-16,42.0218620300293
2013-09-17,42.119720458984375
2013-09-18,42.94767379760742
2013-09-19,42.812156677246094
2013-09-20,42.428306579589844
2013-09-23,42.364044189453125
2013-09-24,42.288455963134766
2013-09-25,42.25065231323242
2013-09-26,42.386722564697266
2013-09-27,42.25065231323242
2013-09-30,41.993614196777344
2013-10-01,42.32624435424805
2013-10-02,42.26578140258789
2013-10-03,42.01631164550781
2013-10-04,42.190181732177734
2013-10-07,41.84999084472656
2013-10-08,41.40398025512695
2013-10-09,41.48712158203125
2013-10-10,42.34137725830078
2013-10-11,42.636199951171875
2013-10-14,42.74201965332031
2013-10-15,42.44719314575195
2013-10-16,42.91590118408203
2013-10-17,43.339237213134766
2013-10-18,43.59627151489258
2013-10-21,43.64162826538086
2013-10-22,43.951560974121094
2013-10-23,43.56601333618164
2013-10-24,43.80037307739258
2013-10-25,43.84572982788086
2013-10-28,43.83816146850586
2013-10-29,43.944000244140625
2013-10-30,43.77768325805664
2013-10-31,43.55091094970703
2013-11-01,43.52821731567383
2013-11-04,43.77768325805664
2013-11-05,43.45262145996094
2013-11-06,43.65673065185547
2013-11-07,43.04440689086914
2013-11-08,43.422401428222656
2013-11-11,43.45262145996094
2013-11-12,43.3316764831543
2013-11-13,43.57357406616211
2013-11-14,43.77768325805664
2013-11-15,44.0952033996582
2013-11-18,44.0725212097168
2013-11-19,43.92888641357422
2013-11-20,43.71721267700195
2013-11-21,44.01203536987305
2013-11-22,44.178348541259766
2013-11-25,44.01203536987305
2013-11-26,44.027156829833984
2013-11-27,44.19346237182617
2013-11-29,44.22370910644531
2013-12-02,43.92133712768555
2013-12-03,43.68697738647461
2013-12-04,43.52821731567383
2013-12-05,43.369476318359375
2013-12-06,43.89108657836914
2013-12-09,43.92888641357422
2013-12-10,43.86084747314453
2013-12-11,43.3543586730957
2013-12-12,43.15024185180664
2013-12-13,43.13515090942383
2013-12-16,43.460201263427734
2013-12-17,43.28630065917969
2013-12-18,43.883522033691406
2013-12-19,43.89108657836914
2013-12-20,44.13760757446289
2013-12-23,44.48760223388672
2013-12-24,44.59412384033203
2013-12-26,44.753902435302734
2013-12-27,44.8908576965332
2013-12-30,45.01259231567383
2013-12-31,45.19521713256836
2014-01-02,44.525638580322266
2014-01-03,44.57130813598633
2014-01-06,44.44955825805664
2014-01-07,44.65498352050781
2014-01-08,44.662601470947266
2014-01-09,44.65498352050781
2014-01-10,44.95933151245117
2014-01-13,44.457176208496094
2014-01-14,44.86042404174805
2014-01-15,44.99737548828125
2014-01-16,45.01259231567383
2014-01-17,44.84519577026367
2014-01-21,44.966949462890625
2014-01-22,45.08107376098633
2014-01-23,44.67021179199219
2014-01-24,43.51370620727539
2014-01-27,43.285430908203125
2014-01-28,43.643043518066406
2014-01-29,43.20174026489258
2014-01-30,43.63542556762695
2014-01-31,43.18653869628906
2014-02-03,42.326759338378906
2014-02-04,42.676753997802734
2014-02-05,42.64631271362305
2014-02-06,43.30825424194336
2014-02-07,43.79520797729492
2014-02-10,43.764774322509766
2014-02-11,44.34303665161133
2014-02-12,44.42673110961914
2014-02-13,44.586509704589844
2014-02-14,44.807159423828125
2014-02-18,45.00498580932617
2014-02-19,44.71587371826172
2014-02-20,44.966949462890625
2014-02-21,44.97454833984375
2014-02-24,45.25606918334961
2014-02-25,45.14194869995117
2014-02-26,45.149559020996094
2014-02-27,45.31694793701172
2014-02-28,45.43868637084961
2014-03-03,44.82238006591797
2014-03-04,45.58323669433594
2014-03-05,45.6060676574707
2014-03-06,45.81149673461914
2014-03-07,45.66694259643555
2014-03-10,45.46149444580078
2014-03-11,45.22563934326172
2014-03-12,45.18000030517578
2014-03-13,44.57130813598633
2014-03-14,44.525638580322266
2014-03-17,44.906070709228516
2014-03-18,45.248470306396484
2014-03-19,44.807159423828125
2014-03-20,44.8908576965332
2014-03-21,44.81478500366211
2014-03-24,44.77672576904297
2014-03-25,45.05526351928711
2014-03-26,44.871612548828125
2014-03-27,44.98640823364258
2014-03-28,45.26951217651367
2014-03-31,45.65977096557617
2014-04-01,45.9964599609375
2014-04-02,46.065338134765625
2014-04-03,45.96586227416992
2014-04-04,45.567955017089844
2014-04-07,45.25420379638672
2014-04-08,45.42257308959961
2014-04-09,45.95820617675781
2014-04-10,45.108821868896484
2014-04-11,44.756832122802734
2014-04-14,45.00170135498047
2014-04-15,44.994049072265625
2014-04-16,45.46848678588867
2014-04-17,45.6521110534668
2014-04-21,45.72098159790039
2014-04-22,45.88933181762695
2014-04-23,45.797515869140625
2014-04-24,45.820465087890625
2014-04-25,45.46083068847656
2014-04-28,45.59857177734375
2014-04-29,45.828128814697266
2014-04-30,45.9964599609375
2014-05-01,46.088287353515625
2014-05-02,46.103580474853516
2014-05-05,46.11124038696289
2014-05-06,45.90464401245117
2014-05-07,46.0959358215332
2014-05-08,46.02708053588867
2014-05-09,46.0423583984375
2014-05-12,46.447940826416016
2014-05-13,46.42497634887695
2014-05-14,46.31019592285156
2014-05-15,45.981163024902344
2014-05-16,46.18776321411133
2014-05-19,46.23366928100586
2014-05-20,45.92759704589844
2014-05-21,46.24134063720703
2014-05-22,46.42497634887695
2014-05-23,46.623924255371094
2014-05-27,46.83819580078125
2014-05-28,46.75402069091797
2014-05-29,47.03715896606445
2014-05-30,46.937660217285156
2014-06-02,47.1213264465332
2014-06-03,47.05245590209961
2014-06-04,47.098365783691406
2014-06-05,47.45035171508789
2014-06-06,47.710533142089844
2014-06-09,47.764095306396484
2014-06-10,47.725826263427734
2014-06-11,47.55748748779297
2014-06-12,47.37384796142578
2014-06-13,47.50392532348633
2014-06-16,47.47330856323242
2014-06-17,47.56513595581055
2014-06-18,47.84060287475586
2014-06-19,47.92477798461914
2014-06-20,48.00130844116211
2014-06-23,47.92477798461914
2014-06-24,47.6881217956543
2014-06-25,47.772918701171875
2014-06-26,47.76520919799805
2014-06-27,47.927093505859375
2014-06-30,47.973358154296875
2014-07-01,48.38192367553711
2014-07-02,48.42047119140625
2014-07-03,48.63632583618164
2014-07-07,48.327964782714844
2014-07-08,47.9425163269043
2014-07-09,48.142948150634766
2014-07-10,47.82687759399414
2014-07-11,47.842288970947266
2014-07-14,48.1275520324707
2014-07-15,47.9810676574707
2014-07-16,48.18918991088867
2014-07-17,47.59561538696289
2014-07-18,48.096683502197266
2014-07-21,47.988765716552734
2014-07-22,48.22774887084961
2014-07-23,48.35109329223633
2014-07-24,48.38963317871094
2014-07-25,48.18918991088867
2014-07-28,48.18918991088867
2014-07-29,47.973358154296875
2014-07-30,47.99646759033203
2014-07-31,47.13306427001953
2014-08-01,46.971168518066406
2014-08-04,47.27183151245117
2014-08-05,46.79386520385742
2014-08-06,46.739898681640625
2014-08-07,46.454673767089844
2014-08-08,46.801578521728516
2014-08-11,47.02513122558594
2014-08-12,46.971168518066406
2014-08-13,47.248695373535156
2014-08-14,47.472267150878906
2014-08-15,47.44915008544922
2014-08-18,47.85771179199219
2014-08-19,47.9810676574707
2014-08-20,48.01961135864258
2014-08-21,48.11981964111328
2014-08-22,48.07358932495117
2014-08-25,48.29713439941406
2014-08-26,48.343379974365234
2014-08-27,48.428184509277344
2014-08-28,48.266292572021484
2014-08-29,48.38192367553711
2014-09-02,48.45902633666992
2014-09-03,48.559242248535156
2014-09-04,48.405059814453125
2014-09-05,48.51298522949219
2014-09-08,48.22003936767578
2014-09-09,47.96564483642578
2014-09-10,48.1275520324707
2014-09-11,48.02730941772461
2014-09-12,47.788333892822266
2014-09-15,47.6881217956543
2014-09-16,48.00419616699219
2014-09-17,47.82687759399414
2014-09-18,48.06586456298828
2014-09-19,47.87312316894531
2014-09-22,47.51852035522461
2014-09-23,47.19473648071289
2014-09-24,47.57350540161133
2014-09-25,46.79892349243164
2014-09-26,47.070045471191406
2014-09-29,46.83766555786133
2014-09-30,46.76797103881836
2014-10-01,46.07085418701172
2014-10-02,45.93143081665039
2014-10-03,46.26448440551758
2014-10-06,46.31096267700195
2014-10-07,45.66033172607422
2014-10-08,46.3729248046875
2014-10-09,45.3117790222168
2014-10-10,44.66115951538086
2014-10-13,44.3513298034668
2014-10-14,44.41328048706055
2014-10-15,44.11895751953125
2014-10-16,44.06474304199219
2014-10-17,44.614681243896484
2014-10-20,45.001956939697266
2014-10-21,45.652587890625
2014-10-22,45.24981689453125
2014-10-23,45.73004150390625
2014-10-24,45.970149993896484
2014-10-27,45.908199310302734
2014-10-28,46.504608154296875
2014-10-29,46.341957092285156
2014-10-30,46.597557067871094
2014-10-31,47.20946502685547
2014-11-03,47.03904724121094
2014-11-04,46.8686408996582
2014-11-05,46.97709274291992
2014-11-06,47.00806427001953
2014-11-07,47.03904724121094
2014-11-10,47.17847442626953
2014-11-11,47.30240249633789
2014-11-12,47.186214447021484
2014-11-13,47.170738220214844
2014-11-14,47.294654846191406
2014-11-17,47.20946502685547
2014-11-18,47.51927947998047
2014-11-19,47.472801208496094
2014-11-20,47.41084671020508
2014-11-21,47.8136100769043
2014-11-24,47.906558990478516
2014-11-25,47.953025817871094
2014-11-26,48.07695770263672
2014-11-28,47.80588150024414
2014-12-01,47.44957733154297
2014-12-02,47.6199836730957
2014-12-03,47.80588150024414
2014-12-04,47.681941986083984
2014-12-05,47.75165557861328
2014-12-08,47.348876953125
2014-12-09,47.201698303222656
2014-12-10,46.52009963989258
2014-12-11,46.52785110473633
2014-12-12,45.75327682495117
2014-12-15,45.257572174072266
2014-12-16,45.180110931396484
2014-12-17,46.047603607177734
2014-12-18,46.85315704345703
2014-12-19,47.00806427001953
2014-12-22,47.27930450439453
2014-12-23,47.255916595458984
2014-12-24,47.38842010498047
2014-12-26,47.59886932373047
2014-12-29,47.47416305541992
2014-12-30,47.22473907470703
2014-12-31,46.8584098815918
2015-01-02,46.73372268676758
2015-01-05,45.82959747314453
2015-01-06,45.36973571777344
2015-01-07,45.95429992675781
2015-01-08,46.647979736328125
2015-01-09,46.336204528808594
2015-01-12,46.09459686279297
2015-01-13,46.12576675415039
2015-01-14,45.91534423828125
2015-01-15,45.7672233581543
2015-01-16,46.328426361083984
2015-01-20,46.414154052734375
2015-01-21,46.75709915161133
2015-01-22,47.294898986816406
2015-01-23,46.94414520263672
2015-01-26,47.26369857788086
2015-01-27,46.96754455566406
2015-01-28,46.375186920166016
2015-01-29,46.764896392822266
2015-01-30,46.09459686279297
2015-02-02,46.71031951904297
2015-02-03,47.38842010498047
2015-02-04,47.17798614501953
2015-02-05,47.739158630371094
2015-02-06,47.294898986816406
2015-02-09,47.1701774597168
2015-02-10,47.56768798828125
2015-02-11,47.45856475830078
2015-02-12,48.058719635009766
2015-02-13,48.36268997192383
2015-02-17,48.41725540161133
2015-02-18,48.57313919067383
2015-02-19,48.51079177856445
2015-02-20,48.90048599243164
2015-02-23,48.775787353515625
2015-02-24,48.9472541809082
2015-02-25,48.9394645690918
2015-02-26,48.861515045166016
2015-02-27,48.838134765625
2015-03-02,49.00960922241211
2015-03-03,48.752403259277344
2015-03-04,48.47180938720703
2015-03-05,48.54195022583008
2015-03-06,47.941802978515625
2015-03-09,48.03534698486328
2015-03-10,47.16238784790039
2015-03-11,47.18578338623047
2015-03-12,47.76252746582031
2015-03-13,47.45856475830078
2015-03-16,48.03534698486328
2015-03-17,47.9573860168457
2015-03-18,48.760196685791016
2015-03-19,48.38607406616211
2015-03-20,49.05637741088867
2015-03-23,49.110923767089844
2015-03-24,48.955039978027344
2015-03-25,48.31583786010742
2015-03-26,48.10435485839844
2015-03-27,48.253173828125
2015-03-30,48.59000015258789
2015-03-31,48.24535369873047
2015-04-01,48.276695251464844
2015-04-02,48.59785461425781
2015-04-06,49.02085494995117
2015-04-07,48.926849365234375
2015-04-08,49.20884704589844
2015-04-09,49.33417510986328
2015-04-10,49.56917953491211
2015-04-13,49.318519592285156
2015-04-14,49.53001022338867
2015-04-15,49.8120231628418
2015-04-16,49.859012603759766
2015-04-17,49.2558479309082
2015-04-20,49.514347076416016
2015-04-21,49.63968276977539
2015-04-22,49.84334945678711
2015-04-23,50.054847717285156
2015-04-24,50.188018798828125
2015-04-27,50.18016815185547
2015-04-28,50.30550765991211
2015-04-29,49.9921760559082
2015-04-30,49.475181579589844
2015-05-01,49.96866989135742
2015-05-04,50.00784683227539
2015-05-05,49.42034912109375
2015-05-06,49.31068420410156
2015-05-07,49.36552429199219
2015-05-08,50.10184097290039
2015-05-11,49.804195404052734
2015-05-12,49.757179260253906
2015-05-13,49.88249969482422
2015-05-14,50.376014709472656
2015-05-15,50.47001647949219
2015-05-18,50.446502685546875
2015-05-19,50.383853912353516
2015-05-20,50.3681755065918
2015-05-21,50.556175231933594
2015-05-22,50.3603515625
2015-05-26,49.73367691040039
2015-05-27,50.16451644897461
2015-05-28,49.9921760559082
2015-05-29,49.63968276977539
2015-06-01,49.63968276977539
2015-06-02,49.7180061340332
2015-06-03,49.906005859375
2015-06-04,49.42034912109375
2015-06-05,49.114837646484375
2015-06-08,48.903358459472656
2015-06-09,48.78583908081055
2015-06-10,49.57701110839844
2015-06-11,49.66317367553711
2015-06-12,49.342018127441406
2015-06-15,49.06784439086914
2015-06-16,49.201011657714844
2015-06-17,49.201011657714844
2015-06-18,49.710174560546875
2015-06-19,49.475181579589844
2015-06-22,50.03134536743164
2015-06-23,50.109676361083984
2015-06-24,49.77285385131836
2015-06-25,49.63184356689453
2015-06-26,49.67366409301758
2015-06-29,48.41130065917969
2015-06-30,48.53754806518555
2015-07-01,48.79790496826172
2015-07-02,48.805789947509766
2015-07-06,48.28506851196289
2015-07-07,48.292964935302734
2015-07-08,47.27518844604492
2015-07-09,47.64599609375
2015-07-10,48.62434005737305
2015-07-13,48.96358108520508
2015-07-14,49.255516052246094
2015-07-15,49.113487243652344
2015-07-16,49.507972717285156
2015-07-17,49.42908477783203
2015-07-20,49.41330337524414
2015-07-21,49.27128219604492
2015-07-22,49.034603118896484
2015-07-23,48.82156753540039
2015-07-24,48.23773956298828
2015-07-27,47.84324645996094
2015-07-28,48.37186050415039
2015-07-29,48.679569244384766
2015-07-30,48.73478317260742
2015-07-31,48.78213119506836
2015-08-03,48.576995849609375
2015-08-04,48.58488845825195
2015-08-05,48.70322799682617
2015-08-06,48.39552307128906
2015-08-07,48.348182678222656
2015-08-10,48.95569610595703
2015-08-11,48.33240509033203
2015-08-12,48.21406555175781
2015-08-13,48.15094757080078
2015-08-14,48.292964935302734
2015-08-17,48.363975524902344
2015-08-18,48.11939239501953
2015-08-19,47.69333267211914
2015-08-20,46.65191650390625
2015-08-21,45.36587905883789
2015-08-24,43.574913024902344
2015-08-25,43.574913024902344
2015-08-26,44.85305404663086
2015-08-27,45.839256286621094
2015-08-28,45.839256286621094
2015-08-31,45.54734802246094
2015-09-01,44.11929702758789
2015-09-02,44.860931396484375
2015-09-03,44.92405319213867
2015-09-04,44.056182861328125
2015-09-08,45.23963165283203
2015-09-09,44.8135986328125
2015-09-10,45.09762191772461
2015-09-11,45.192291259765625
2015-09-14,44.97140121459961
2015-09-15,45.4368782043457
2015-09-16,46.01283264160156
2015-09-17,46.01283264160156
2015-09-18,45.121299743652344
2015-09-21,45.1765251159668
2015-09-22,44.39543533325195
2015-09-23,44.19819641113281
2015-09-24,44.064083099365234
2015-09-25,44.09499740600586
2015-09-28,43.07211685180664
2015-09-29,43.10383224487305
2015-09-30,43.85712814331055
2015-10-01,44.04742431640625
2015-10-02,44.77692413330078
2015-10-05,45.67293167114258
2015-10-06,45.609493255615234
2015-10-07,46.18040466308594
2015-10-08,46.576881408691406
2015-10-09,46.64824295043945
2015-10-12,46.5689582824707
2015-10-13,46.10111618041992
2015-10-14,46.07733154296875
2015-10-15,46.80683517456055
2015-10-16,46.870262145996094
2015-10-19,46.75925064086914
2015-10-20,46.70375442504883
2015-10-21,46.41828536987305
2015-10-22,47.04470443725586
2015-10-23,47.48082733154297
2015-10-26,47.338104248046875
2015-10-27,47.04470443725586
2015-10-28,47.441184997558594
2015-10-29,47.219154357910156
2015-10-30,47.05264663696289
2015-11-02,47.6473388671875
2015-11-03,47.805931091308594
2015-11-04,47.583919525146484
2015-11-05,47.52046203613281
2015-11-06,47.36187744140625
2015-11-09,46.90990447998047
2015-11-10,46.8861198425293
2015-11-11,46.85441207885742
2015-11-12,46.29934310913086
2015-11-13,45.7839469909668
2015-11-16,46.3865852355957
2015-11-17,46.37070846557617
2015-11-18,46.97335433959961
2015-11-19,47.131927490234375
2015-11-20,47.219154357910156
2015-11-23,47.028846740722656
2015-11-24,47.13986587524414
2015-11-25,47.15571975708008
2015-11-27,47.1240119934082
2015-11-30,47.01299285888672
2015-12-01,47.51253128051758
2015-12-02,47.005069732666016
2015-12-03,46.47380065917969
2015-12-04,47.15571975708008
2015-12-07,46.74338150024414
2015-12-08,46.267642974853516
2015-12-09,46.02975082397461
2015-12-10,45.97425079345703
2015-12-11,45.046531677246094
2015-12-14,45.189231872558594
2015-12-15,45.657073974609375
2015-12-16,46.378639221191406
2015-12-17,45.72842788696289
2015-12-18,45.117889404296875
2015-12-21,45.467445373535156
2015-12-22,45.86649703979492
2015-12-23,46.50497817993164
2015-12-24,46.409210205078125
2015-12-28,46.305450439453125
2015-12-29,46.72843933105469
2015-12-30,46.38525390625
2015-12-31,45.98619079589844
2016-01-04,45.212059020996094
2016-01-05,45.220035552978516
2016-01-06,44.54962921142578
2016-01-07,43.51211929321289
2016-01-08,43.001338958740234
2016-01-11,43.02528762817383
2016-01-12,43.26469802856445
2016-01-13,42.29901123046875
2016-01-14,42.98537826538086
2016-01-15,41.78025436401367
2016-01-19,41.90793228149414
2016-01-20,41.2375373840332
2016-01-21,41.476959228515625
2016-01-22,42.514503479003906
2016-01-25,41.852088928222656
2016-01-26,42.554405212402344
2016-01-27,42.171321868896484
2016-01-28,42.314971923828125
2016-01-29,43.28865051269531
2016-02-01,43.34450912475586
2016-02-02,42.314971923828125
2016-02-03,42.69805908203125
2016-02-04,42.78584671020508
2016-02-05,42.051605224609375
2016-02-08,41.37321090698242
2016-02-09,41.077911376953125
2016-02-10,41.101871490478516
2016-02-11,40.55118179321289
2016-02-12,41.26945877075195
2016-02-16,42.02765655517578
2016-02-17,42.84968566894531
2016-02-18,42.666141510009766
2016-02-19,42.610267639160156
2016-02-22,43.25672912597656
2016-02-23,42.65016174316406
2016-02-24,42.682106018066406
2016-02-25,43.144996643066406
2016-02-26,43.089134216308594
2016-02-29,42.8098030090332
2016-03-01,43.89519500732422
2016-03-02,44.18251037597656
2016-03-03,44.54962921142578
2016-03-04,44.85292053222656
2016-03-07,44.85292053222656
2016-03-08,44.270301818847656
2016-03-09,44.50975036621094
2016-03-10,44.46183776855469
2016-03-11,45.41954803466797
2016-03-14,45.3157958984375
2016-03-15,44.9728889465332
2016-03-16,45.44560623168945
2016-03-17,45.862247467041016
2016-03-18,45.94236373901367
2016-03-21,45.94236373901367
2016-03-22,45.862247467041016
2016-03-23,45.40554428100586
2016-03-24,45.30940628051758
2016-03-28,45.469642639160156
2016-03-29,45.966400146484375
2016-03-30,46.2468376159668
2016-03-31,46.22279357910156
2016-04-01,46.14268112182617
2016-04-04,45.95840072631836
2016-04-05,45.349456787109375
2016-04-06,45.87826919555664
2016-04-07,45.19723129272461
2016-04-08,45.62187957763672
2016-04-11,45.66995620727539
2016-04-12,46.214778900146484
2016-04-13,46.847755432128906
2016-04-14,46.80769348144531
2016-04-15,46.743595123291016
2016-04-18,47.05608367919922
2016-04-19,47.544822692871094
2016-04-20,47.560855865478516
2016-04-21,47.28843307495117
2016-04-22,47.264404296875
2016-04-25,47.1121711730957
2016-04-26,47.28042221069336
2016-04-27,47.33650207519531
2016-04-28,46.9759521484375
2016-04-29,46.68751525878906
2016-05-02,47.01601028442383
2016-05-03,46.407066345214844
2016-05-04,46.00646209716797
2016-05-05,45.99845504760742
2016-05-06,46.15068054199219
2016-05-09,45.974430084228516
2016-05-10,46.63943099975586
2016-05-11,46.310943603515625
2016-05-12,46.23080062866211
2016-05-13,45.78211212158203
2016-05-16,46.29490661621094
2016-05-17,45.91030502319336
2016-05-18,45.88628387451172
2016-05-19,45.63789749145508
2016-05-20,46.02248001098633
2016-05-23,45.87826919555664
2016-05-24,46.54329299926758
2016-05-25,46.89582443237305
2016-05-26,46.95191955566406
2016-05-27,47.02402114868164
2016-05-31,46.99197769165039
2016-06-01,47.08011245727539
2016-06-02,47.19228744506836
2016-06-03,47.3284912109375
2016-06-06,47.60090637207031
2016-06-07,47.89735794067383
2016-06-08,48.02556228637695
2016-06-09,47.713069915771484
2016-06-10,46.82372283935547
2016-06-13,46.36702346801758
2016-06-14,46.03261184692383
2016-06-15,46.23455810546875
2016-06-16,46.258785247802734
2016-06-17,46.3476448059082
2016-06-20,46.98573684692383
2016-06-21,47.18767547607422
2016-06-22,47.106903076171875
2016-06-23,48.05194091796875
2016-06-24,45.49953079223633
2016-06-27,44.52215576171875
2016-06-28,45.491432189941406
2016-06-29,46.31532669067383
2016-06-30,46.90495681762695
2016-07-01,47.123050689697266
2016-07-05,46.48495101928711
2016-07-06,46.606109619140625
2016-07-07,46.46879577636719
2016-07-08,47.2119140625
2016-07-11,47.63999557495117
2016-07-12,48.07616424560547
2016-07-13,48.05194091796875
2016-07-14,48.41542053222656
2016-07-15,48.31041717529297
2016-07-18,48.42349624633789
2016-07-19,48.16503143310547
2016-07-20,48.431583404541016
2016-07-21,48.27002716064453
2016-07-22,48.455814361572266
2016-07-25,48.31041717529297
2016-07-26,48.504268646240234
2016-07-27,48.52042770385742
2016-07-28,48.56889343261719
2016-07-29,48.851600646972656
2016-08-01,48.66581344604492
2016-08-02,48.3588752746582
2016-08-03,48.46389389038086
2016-08-04,48.54467010498047
2016-08-05,48.924293518066406
2016-08-08,48.98891067504883
2016-08-09,49.182769775390625
2016-08-10,49.158538818359375
2016-08-11,49.522010803222656
2016-08-12,49.41700744628906
2016-08-15,49.65126419067383
2016-08-16,49.4573974609375
2016-08-17,49.441261291503906
2016-08-18,49.643165588378906
2016-08-19,49.46548843383789
2016-08-22,49.392784118652344
2016-08-23,49.546241760253906
2016-08-24,49.279693603515625
2016-08-25,49.26354217529297
2016-08-26,49.029300689697266
2016-08-29,49.3120002746582
2016-08-30,49.215084075927734
2016-08-31,49.021236419677734
2016-09-01,49.190860748291016
2016-09-02,49.635108947753906
2016-09-06,49.942047119140625
2016-09-07,50.01472091674805
2016-09-08,49.804725646972656
2016-09-09,48.59313201904297
2016-09-12,49.16661834716797
2016-09-13,48.24188232421875
2016-09-14,48.22564697265625
2016-09-15,48.78583526611328
2016-09-16,48.38801574707031
2016-09-19,48.55851745605469
2016-09-20,48.68030548095703
2016-09-21,49.41099166870117
2016-09-22,49.74385070800781
2016-09-23,49.378517150878906
2016-09-26,48.931983947753906
2016-09-27,49.2404899597168
2016-09-28,49.56523895263672
2016-09-29,49.06187438964844
2016-09-30,49.402870178222656
2016-10-03,49.321678161621094
2016-10-04,49.126827239990234
2016-10-05,49.43535232543945
2016-10-06,49.289207458496094
2016-10-07,49.10247802734375
2016-10-10,49.313568115234375
2016-10-11,48.56663513183594
2016-10-12,48.63158416748047
2016-10-13,48.396148681640625
2016-10-14,48.428619384765625
2016-10-17,48.282474517822266
2016-10-18,48.704647064208984
2016-10-19,48.91573715209961
2016-10-20,48.891387939453125
2016-10-21,48.78583526611328
2016-10-24,48.94822692871094
2016-10-25,48.81832504272461
2016-10-26,48.60721969604492
2016-10-27,48.51792907714844
2016-10-28,48.37179183959961
2016-10-31,48.428619384765625
2016-11-01,48.13634490966797
2016-11-02,47.8034782409668
2016-11-03,47.67357635498047
2016-11-04,47.4218864440918
2016-11-07,48.37179183959961
2016-11-08,48.58287048339844
2016-11-09,48.68030548095703
2016-11-10,48.54227828979492
2016-11-11,48.274349212646484
2016-11-14,48.25811004638672
2016-11-15,48.7127799987793
2016-11-16,48.45298767089844
2016-11-17,48.72088623046875
2016-11-18,48.47733688354492
2016-11-21,48.923851013183594
2016-11-22,49.03752517700195
2016-11-23,48.996925354003906
2016-11-25,49.175540924072266
2016-11-28,48.980690002441406
2016-11-29,49.078125
2016-11-30,49.00505065917969
2016-12-01,48.78583526611328
2016-12-02,48.891387939453125
2016-12-05,49.248619079589844
2016-12-06,49.49217987060547
2016-12-07,50.174156188964844
2016-12-08,50.312171936035156
2016-12-09,50.458309173583984
2016-12-12,50.304054260253906
2016-12-13,50.70998764038086
2016-12-14,50.05238723754883
2016-12-15,50.14168930053711
2016-12-16,50.09296417236328
2016-12-19,50.13356399536133
2016-12-20,50.3274040222168
2016-12-21,50.245628356933594
2016-12-22,50.04930877685547
2016-12-23,50.13111114501953
2016-12-27,50.2292594909668
2016-12-28,49.93479537963867
2016-12-29,49.99205780029297
2016-12-30,49.8939094543457
2017-01-03,50.302879333496094
2017-01-04,50.76090621948242
2017-01-05,50.92449188232422
2017-01-06,50.93268585205078
2017-01-09,50.793636322021484
2017-01-10,50.84272766113281
2017-01-11,51.120811462402344
2017-01-12,51.02265548706055
2017-01-13,51.19442367553711
2017-01-17,51.03901672363281
2017-01-18,50.98175811767578
2017-01-19,50.85906219482422
2017-01-20,51.03083419799805
2017-01-23,51.03083419799805
2017-01-24,51.38255310058594
2017-01-25,51.84058380126953
2017-01-26,51.734256744384766
2017-01-27,51.66880798339844
2017-01-30,51.300758361816406
2017-01-31,51.39072036743164
2017-02-01,51.464332580566406
2017-02-02,51.56248474121094
2017-02-03,51.82423400878906
2017-02-06,51.644283294677734
2017-02-07,51.611568450927734
2017-02-08,51.6770133972168
2017-02-09,51.93873596191406
2017-02-10,52.20047378540039
2017-02-13,52.462215423583984
2017-02-14,52.56853103637695
2017-02-15,52.87118148803711
2017-02-16,52.887550354003906
2017-02-17,52.86300277709961
2017-02-21,53.14109802246094
2017-02-22,53.13292694091797
2017-02-23,53.13292694091797
2017-02-24,53.018409729003906
2017-02-27,52.97751998901367
2017-02-28,52.77302551269531
2017-03-01,53.41920471191406
2017-03-02,53.026607513427734
2017-03-03,53.22289276123047
2017-03-06,53.07567596435547
2017-03-07,52.90389633178711
2017-03-08,52.748497009277344
2017-03-09,52.77302551269531
2017-03-10,53.067501068115234
2017-03-13,53.27195739746094
2017-03-14,52.98570251464844
2017-03-15,53.63185501098633
2017-03-16,53.71365737915039
2017-03-17,53.73002624511719
2017-03-20,53.656402587890625
2017-03-21,53.12474060058594
2017-03-22,53.20653533935547
2017-03-23,53.17382049560547
2017-03-24,53.27195739746094
2017-03-27,53.3292236328125
2017-03-28,53.63185501098633
2017-03-29,53.708229064941406
2017-03-30,53.68359375
2017-03-31,53.55221939086914
2017-04-03,53.502960205078125
2017-04-04,53.53579330444336
2017-04-05,53.33051300048828
2017-04-06,53.412635803222656
2017-04-07,53.34694290161133
2017-04-10,53.37157440185547
2017-04-11,53.420833587646484
2017-04-12,53.29767608642578
2017-04-13,52.961021423339844
2017-04-17,53.412635803222656
2017-04-18,53.125240325927734
2017-04-19,53.01850509643555
2017-04-20,53.461883544921875
2017-04-21,53.379783630371094
2017-04-24,54.21730422973633
2017-04-25,54.54574203491211
2017-04-26,54.51289749145508
2017-04-27,54.53755187988281
2017-04-28,54.422576904296875
2017-05-01,54.53755187988281
2017-05-02,54.751014709472656
2017-05-03,54.56216049194336
2017-05-04,54.68534851074219
2017-05-05,55.07946014404297
2017-05-08,54.882408142089844
2017-05-09,54.923458099365234
2017-05-10,55.02199172973633
2017-05-11,54.939884185791016
2017-05-12,54.90702438354492
2017-05-15,55.276527404785156
2017-05-16,55.38327407836914
2017-05-17,54.529319763183594
2017-05-18,54.56216049194336
2017-05-19,55.1123046875
2017-05-22,55.33400344848633
2017-05-23,55.32579040527344
2017-05-24,55.432533264160156
2017-05-25,55.621376037597656
2017-05-26,55.56391906738281
2017-05-30,55.506446838378906
2017-05-31,55.48180389404297
2017-06-01,55.89236068725586
2017-06-02,56.22901153564453
2017-06-05,56.10584259033203
2017-06-06,55.98267364501953
2017-06-07,55.98267364501953
2017-06-08,55.96625518798828
2017-06-09,55.86772918701172
2017-06-12,55.78561019897461
2017-06-13,56.14690399169922
2017-06-14,56.00730514526367
2017-06-15,55.66244125366211
2017-06-16,55.908790588378906
2017-06-19,56.26184844970703
2017-06-20,55.769187927246094
2017-06-21,55.769187927246094
2017-06-22,55.7938232421875
2017-06-23,55.89236068725586
2017-06-26,56.064781188964844
2017-06-27,55.769187927246094
2017-06-28,56.23713302612305
2017-06-29,55.69972229003906
2017-06-30,55.83201599121094
2017-07-03,55.92295837402344
2017-07-05,55.92295837402344
2017-07-06,55.45171356201172
2017-07-07,55.69972229003906
2017-07-10,55.82374572753906
2017-07-11,55.87335968017578
2017-07-12,56.36115264892578
2017-07-13,56.526512145996094
2017-07-14,56.865482330322266
2017-07-17,56.82415008544922
2017-07-18,56.873748779296875
2017-07-19,57.17967224121094
2017-07-20,57.278873443603516
2017-07-21,57.17967224121094
2017-07-24,57.17967224121094
2017-07-25,57.2954216003418
2017-07-26,57.46904754638672
2017-07-27,57.328495025634766
2017-07-28,57.303672790527344
2017-07-31,57.31193542480469
2017-08-01,57.55998992919922
2017-08-02,57.510372161865234
2017-08-03,57.43595886230469
2017-08-04,57.543453216552734
2017-08-07,57.68399429321289
2017-08-08,57.502105712890625
2017-08-09,57.369815826416016
2017-08-10,56.49344253540039
2017-08-11,56.518245697021484
2017-08-14,57.03911209106445
2017-08-15,56.98125457763672
2017-08-16,57.2623405456543
2017-08-17,56.45210647583008
2017-08-18,56.518245697021484
2017-08-21,56.567832946777344
2017-08-22,57.02257537841797
2017-08-23,56.9564323425293
2017-08-24,56.865482330322266
2017-08-25,57.088722229003906
2017-08-28,57.080440521240234
2017-08-29,57.03084945678711
2017-08-30,57.196205139160156
2017-08-31,57.55170822143555
2017-09-01,57.725341796875
2017-09-05,57.33674240112305
2017-09-06,57.55170822143555
2017-09-07,57.77494430541992
2017-09-08,57.70880126953125
2017-09-11,58.26273727416992
2017-09-12,58.41983413696289
2017-09-13,58.27101135253906
2017-09-14,58.28754806518555
2017-09-15,58.39501953125
2017-09-18,58.59344482421875
2017-09-19,58.68439865112305
2017-09-20,58.68439865112305
2017-09-21,58.527313232421875
2017-09-22,58.56863784790039
2017-09-25,58.312339782714844
2017-09-26,58.254459381103516
2017-09-27,58.36581039428711
2017-09-28,58.44059371948242
2017-09-29,58.76466751098633
2017-10-02,58.89763641357422
2017-10-03,59.15521240234375
2017-10-04,59.18016052246094
2017-10-05,59.35466003417969
2017-10-06,59.27985763549805
2017-10-09,59.19676971435547
2017-10-10,59.52082443237305
2017-10-11,59.687034606933594
2017-10-12,59.65378189086914
2017-10-13,59.819969177246094
2017-10-16,59.844905853271484
2017-10-17,59.819969177246094
2017-10-18,59.86151885986328
2017-10-19,59.78673553466797
2017-10-20,59.928009033203125
2017-10-23,59.69534683227539
2017-10-24,59.7950325012207
2017-10-25,59.5540657043457
2017-10-26,59.570709228515625
2017-10-27,59.88644790649414
2017-10-30,59.81167984008789
2017-10-31,60.00279235839844
2017-11-01,60.135738372802734
2017-11-02,60.20222473144531
2017-11-03,60.25209045410156
2017-11-06,60.409969329833984
2017-11-07,60.28532028198242
2017-11-08,60.41825866699219
2017-11-09,60.085880279541016
2017-11-10,60.03602600097656
2017-11-13,59.944618225097656
2017-11-14,59.853206634521484
2017-11-15,59.50422286987305
2017-11-16,60.07756805419922
2017-11-17,59.99448013305664
2017-11-20,60.085880279541016
2017-11-21,60.559532165527344
2017-11-22,60.642608642578125
2017-11-24,60.86698532104492
2017-11-27,60.62600326538086
2017-11-28,61.09133529663086
2017-11-29,60.90021896362305
2017-11-30,61.14118957519531
2017-12-01,61.00822067260742
2017-12-04,60.90021896362305
2017-12-05,60.7090950012207
2017-12-06,60.51796340942383
2017-12-07,60.7090950012207
2017-12-08,61.066402435302734
2017-12-11,61.2159423828125
2017-12-12,61.23257827758789
2017-12-13,61.36555480957031
2017-12-14,61.09963607788086
2017-12-15,61.382137298583984
2017-12-18,61.95552444458008
2017-12-19,61.73970413208008
2017-12-20,61.6978759765625
2017-12-21,61.87353515625
2017-12-22,61.9822998046875
2017-12-26,61.99063491821289
2017-12-27,62.0324821472168
2017-12-28,62.216495513916016
2017-12-29,62.116111755371094
2018-01-02,62.65983200073242
2018-01-03,63.08643341064453
2018-01-04,63.46283721923828
2018-01-05,63.830867767333984
2018-01-08,63.89778518676758
2018-01-09,64.00653076171875
2018-01-10,63.79741668701172
2018-01-11,64.26582336425781
2018-01-12,64.77609252929688
2018-01-16,64.62551879882812
2018-01-17,65.13577270507812
2018-01-18,65.0019302368164
2018-01-19,65.34490203857422
2018-01-22,65.82167053222656
2018-01-23,66.00569915771484
2018-01-24,66.11444091796875
2018-01-25,66.01406860351562
2018-01-26,66.69159698486328
2018-01-29,66.1395263671875
2018-01-30,65.46199035644531
2018-01-31,65.52057647705078
2018-02-01,65.47035217285156
2018-02-02,64.04000091552734
2018-02-05,61.58078384399414
2018-02-06,62.86893844604492
2018-02-07,62.065921783447266
2018-02-08,60.100223541259766
2018-02-09,60.735939025878906
2018-02-12,61.639320373535156
2018-02-13,61.681156158447266
2018-02-14,62.65983200073242
2018-02-15,63.35407638549805
2018-02-16,63.40428924560547
2018-02-20,62.92747497558594
2018-02-21,62.69327926635742
2018-02-22,62.80202102661133
2018-02-23,63.64684295654297
2018-02-26,64.2407455444336
2018-02-27,63.345741271972656
2018-02-28,62.6096305847168
2018-03-01,61.86518859863281
2018-03-02,62.157928466796875
2018-03-05,62.65983200073242
2018-03-06,63.027862548828125
2018-03-07,62.95257568359375
2018-03-08,63.19515609741211
2018-03-09,63.989810943603516
2018-03-12,64.05671691894531
2018-03-13,63.61338424682617
2018-03-14,63.54648208618164
2018-03-15,63.446102142333984
2018-03-16,63.4544563293457
2018-03-19,62.78528594970703
2018-03-20,62.93585968017578
2018-03-21,62.98606491088867
2018-03-22,61.513877868652344
2018-03-23,60.47663879394531
2018-03-26,61.901180267333984
2018-03-27,61.07854080200195
2018-03-28,61.0533561706543
2018-03-29,61.80885314941406
2018-04-02,60.583248138427734
2018-04-03,61.22122573852539
2018-04-04,61.7081184387207
2018-04-05,62.03550720214844
2018-04-06,61.03655242919922
2018-04-09,61.405914306640625
2018-04-10,62.312530517578125
2018-04-11,62.027099609375
2018-04-12,62.39646911621094
2018-04-13,62.22857666015625
2018-04-16,62.54755401611328
2018-04-17,63.05125427246094
2018-04-18,63.2946891784668
2018-04-19,62.88333511352539
2018-04-20,62.47201919555664
2018-04-23,62.39646911621094
2018-04-24,61.884395599365234
2018-04-25,61.85920333862305
2018-04-26,62.37967300415039
2018-04-27,62.48882293701172
2018-04-30,62.069087982177734
2018-05-01,62.03550720214844
2018-05-02,61.80047607421875
2018-05-03,61.77526092529297
2018-05-04,62.30412673950195
2018-05-07,62.39646911621094
2018-05-08,62.40486145019531
2018-05-09,62.78260803222656
2018-05-10,63.36185073852539
2018-05-11,63.49614715576172
2018-05-14,63.58850860595703
2018-05-15,63.01767349243164
2018-05-16,63.33665466308594
2018-05-17,63.31987380981445
2018-05-18,63.110008239746094
2018-05-21,63.470970153808594
2018-05-22,63.412193298339844
2018-05-23,63.22753143310547
2018-05-24,63.1183967590332
2018-05-25,62.90852355957031
2018-05-29,61.93476486206055
2018-05-30,62.74065399169922
2018-05-31,62.4216423034668
2018-06-01,63.02604675292969
2018-06-04,63.34504699707031
2018-06-05,63.328243255615234
2018-06-06,63.88229751586914
2018-06-07,63.66404342651367
2018-06-08,63.8067626953125
2018-06-11,63.96623229980469
2018-06-12,63.89908981323242
2018-06-13,63.706024169921875
2018-06-14,63.773197174072266
2018-06-15,63.50457000732422
2018-06-18,63.20233917236328
2018-06-19,62.77421569824219
2018-06-20,62.992488861083984
2018-06-21,62.47201919555664
2018-06-22,62.844966888427734
2018-06-25,61.94853210449219
2018-06-26,62.016170501708984
2018-06-27,61.43265151977539
2018-06-28,61.74555969238281
2018-06-29,62.05000305175781
2018-07-02,61.83013153076172
2018-07-03,61.762451171875
2018-07-05,62.25296401977539
2018-07-06,62.650447845458984
2018-07-09,63.27629470825195
2018-07-10,63.386234283447266
2018-07-11,62.68428421020508
2018-07-12,63.17479705810547
2018-07-13,63.250911712646484
2018-07-16,63.16633987426758
2018-07-17,63.41160202026367
2018-07-18,63.45389175415039
2018-07-19,63.21711730957031
2018-07-20,63.33550262451172
2018-07-23,63.33550262451172
2018-07-24,63.614559173583984
2018-07-25,64.27422332763672
2018-07-26,64.00359344482422
2018-07-27,63.809085845947266
2018-07-30,63.589210510253906
2018-07-31,63.83447265625
2018-08-01,63.60612106323242
2018-08-02,63.614559173583984
2018-08-03,63.83447265625
2018-08-06,63.83447265625
2018-08-07,64.07971954345703
2018-08-08,64.03742980957031
2018-08-09,63.89365768432617
2018-08-10,63.17479705810547
2018-08-13,62.836524963378906
2018-08-14,63.13250732421875
2018-08-15,62.430580139160156
2018-08-16,62.9041748046875
2018-08-17,63.18326187133789
2018-08-20,63.42851638793945
2018-08-21,63.68223571777344
2018-08-22,63.85136032104492
2018-08-23,63.55537414550781
2018-08-24,64.01206970214844
2018-08-27,64.68862915039062
2018-08-28,64.63790130615234
2018-08-29,64.94236755371094
2018-08-30,64.40110778808594
2018-08-31,64.38418579101562
2018-09-04,63.9782600402832
2018-09-05,63.55537414550781
2018-09-06,63.42007827758789
2018-09-07,63.13250732421875
2018-09-10,63.28474807739258
2018-09-11,63.41160202026367
2018-09-12,63.52999496459961
2018-09-13,63.927490234375
2018-09-14,63.96977996826172
2018-09-17,63.74143600463867
2018-09-18,64.18966674804688
2018-09-19,64.35033416748047
2018-09-20,64.9508056640625
2018-09-21,64.93389892578125
2018-09-24,64.6463623046875
2018-09-25,64.73091888427734
2018-09-26,64.62214660644531
2018-09-27,64.67313385009766
2018-09-28,64.43521881103516
2018-10-01,64.63915252685547
2018-10-02,64.33325958251953
2018-10-03,64.33325958251953
2018-10-04,63.6279411315918
2018-10-05,63.2455940246582
2018-10-08,63.10962677001953
2018-10-09,62.956687927246094
2018-10-10,61.1722297668457
2018-10-11,60.10158157348633
2018-10-12,60.781375885009766
2018-10-15,60.52644348144531
2018-10-16,61.724571228027344
2018-10-17,61.478145599365234
2018-10-18,60.52644348144531
2018-10-19,60.58591842651367
2018-10-22,60.415977478027344
2018-10-23,59.99960708618164
2018-10-24,58.1641731262207
2018-10-25,59.13288879394531
2018-10-26,58.410606384277344
2018-10-29,58.0112419128418
2018-10-30,58.860965728759766
2018-10-31,59.39628982543945
2018-11-01,60.33102035522461
2018-11-02,60.20355224609375
2018-11-05,60.364994049072266
2018-11-06,60.6708984375
2018-11-07,61.716068267822266
2018-11-08,61.22322463989258
2018-11-09,60.73886489868164
2018-11-12,59.668209075927734
2018-11-13,59.76168441772461
2018-11-14,59.55774688720703
2018-11-15,60.08457946777344
2018-11-16,60.20355224609375
2018-11-19,59.37930679321289
2018-11-20,58.29163360595703
2018-11-21,58.83548355102539
2018-11-23,58.46158981323242
2018-11-26,59.31132888793945
2018-11-27,59.31982421875
2018-11-28,60.45846939086914
2018-11-29,60.305511474609375
2018-11-30,60.42448806762695
2018-12-03,61.248722076416016
2018-12-04,59.44728469848633
2018-12-06,59.14138412475586
2018-12-07,58.0537223815918
2018-12-10,57.92625045776367
2018-12-11,57.951744079589844
2018-12-12,58.58054733276367
2018-12-13,58.470088958740234
2018-12-14,57.5523681640625
2018-12-17,56.60067367553711
2018-12-18,56.67715835571289
2018-12-19,55.94638442993164
2018-12-20,55.35157012939453
2018-12-21,54.39137649536133
2018-12-24,53.37156295776367
2018-12-26,55.35810470581055
2018-12-27,55.66636276245117
2018-12-28,55.7263069152832
2018-12-31,56.05168151855469
2019-01-02,55.98318862915039
2019-01-03,55.10978698730469
2019-01-04,56.8994140625
2019-01-07,57.25046157836914
2019-01-08,57.712860107421875
2019-01-09,58.252323150634766
2019-01-10,58.51774978637695
2019-01-11,58.295127868652344
2019-01-14,57.978294372558594
2019-01-15,58.50062561035156
2019-01-16,58.69757080078125
2019-01-17,59.031524658203125
2019-01-18,59.67371368408203
2019-01-22,58.82599639892578
2019-01-23,58.963016510009766
2019-01-24,59.14282989501953
2019-01-25,59.74224090576172
2019-01-28,59.356895446777344
2019-01-29,59.39116287231445
2019-01-30,60.23030090332031
2019-01-31,60.530006408691406
2019-02-01,60.53855514526367
2019-02-04,60.85538101196289
2019-02-05,61.27494430541992
2019-02-06,61.018070220947266
2019-02-07,60.42723083496094
2019-02-08,60.31593322753906
2019-02-11,60.31593322753906
2019-02-12,61.052330017089844
2019-02-13,61.078025817871094
2019-02-14,61.06944274902344
2019-02-15,61.737342834472656
2019-02-19,61.89146041870117
2019-02-20,62.122676849365234
2019-02-21,61.89146041870117
2019-02-22,62.28535461425781
2019-02-25,62.448036193847656
2019-02-26,62.51655197143555
2019-02-27,62.43949508666992
2019-02-28,62.233985900878906
2019-03-01,62.55080032348633
2019-03-04,62.3624382019043
2019-03-05,62.448036193847656
2019-03-06,62.0712890625
2019-03-07,61.411956787109375
2019-03-08,61.249263763427734
2019-03-11,62.0712890625
2019-03-12,62.22541427612305
2019-03-13,62.585060119628906
2019-03-14,62.50801086425781
2019-03-15,62.9960823059082
2019-03-18,63.27863311767578
2019-03-19,63.28721618652344
2019-03-20,63.184444427490234
2019-03-21,63.561222076416016
2019-03-22,62.26824951171875
2019-03-25,62.25190353393555
2019-03-26,62.621524810791016
2019-03-27,62.38943862915039
2019-03-28,62.56138229370117
2019-03-29,62.89659118652344
2019-04-01,63.70460510253906
2019-04-02,63.69601058959961
2019-04-03,63.96251678466797
2019-04-04,64.0484619140625
2019-04-05,64.30635070800781
2019-04-08,64.3836898803711
2019-04-09,64.03986358642578
2019-04-10,64.30635070800781
2019-04-11,64.19458770751953
2019-04-12,64.65016174316406
2019-04-15,64.54702758789062
2019-04-16,64.69316101074219
2019-04-17,64.61579895019531
2019-04-18,64.6673812866211
2019-04-22,64.60718536376953
2019-04-23,65.01981353759766
2019-04-24,64.6673812866211
2019-04-25,64.6243896484375
2019-04-26,64.93384552001953
2019-04-29,65.01981353759766
2019-04-30,65.07997131347656
2019-05-01,64.65877532958984
2019-05-02,64.56421661376953
2019-05-03,65.1831283569336
2019-05-06,64.72755432128906
2019-05-07,63.65302276611328
2019-05-08,63.64445114135742
2019-05-09,63.27481460571289
2019-05-10,63.58428955078125
2019-05-13,61.98542785644531
2019-05-14,62.630123138427734
2019-05-15,62.92238235473633
2019-05-16,63.38657760620117
2019-05-17,62.87941360473633
2019-05-20,62.52696990966797
2019-05-21,63.07708740234375
2019-05-22,62.7934455871582
2019-05-23,62.08857727050781
2019-05-24,62.37224578857422
2019-05-28,61.882286071777344
2019-05-29,61.572818756103516
2019-05-30,61.787723541259766
2019-05-31,61.194576263427734
2019-06-03,61.289154052734375
2019-06-04,62.33784103393555
2019-06-05,62.55276107788086
2019-06-06,62.84502029418945
2019-06-07,63.48110580444336
2019-06-10,63.747615814208984
2019-06-11,63.92811584472656
2019-06-12,63.618656158447266
2019-06-13,63.79917526245117
2019-06-14,63.4983024597168
2019-06-17,63.58578872680664
2019-06-18,64.36524963378906
2019-06-19,64.66837310791016
2019-06-20,65.30057525634766
2019-06-21,65.06672668457031
2019-06-24,65.04074096679688
2019-06-25,64.47779083251953
2019-06-26,64.51246643066406
2019-06-27,64.79826354980469
2019-06-28,65.09272766113281
2019-07-01,65.65567016601562
2019-07-02,65.75093078613281
2019-07-03,66.17529296875
2019-07-05,65.91547393798828
2019-07-08,65.60369873046875
2019-07-09,65.49974822998047
2019-07-10,65.8201904296875
2019-07-11,65.85485076904297
2019-07-12,66.08003234863281
2019-07-15,66.09736633300781
2019-07-16,65.8721694946289
2019-07-17,65.56038665771484
2019-07-18,65.82887268066406
2019-07-19,65.56905364990234
2019-07-22,65.63835144042969
2019-07-23,66.06271362304688
2019-07-24,66.27924346923828
2019-07-25,65.80288696289062
2019-07-26,66.13198852539062
2019-07-29,66.07135772705078
2019-07-30,65.69029235839844
2019-07-31,65.09272766113281
2019-08-01,64.5730972290039
2019-08-02,63.97551727294922
2019-08-05,62.191436767578125
2019-08-06,62.88429260253906
2019-08-07,63.06614685058594
2019-08-08,64.04478454589844
2019-08-09,63.5511474609375
2019-08-12,62.88429260253906
2019-08-13,63.68103790283203
2019-08-14,61.819034576416016
2019-08-15,62.044219970703125
2019-08-16,62.90160369873047
2019-08-19,63.4385871887207
2019-08-20,63.092132568359375
2019-08-21,63.62041473388672
2019-08-22,63.49051284790039
2019-08-23,62.18280029296875
2019-08-26,62.78902053833008
2019-08-27,62.589813232421875
2019-08-28,62.910247802734375
2019-08-29,63.611759185791016
2019-08-30,63.72435760498047
2019-09-03,63.3866081237793
2019-09-04,64.16605377197266
2019-09-05,64.8935546875
2019-09-06,65.00611877441406
2019-09-09,65.05806732177734
2019-09-10,65.08406066894531
2019-09-11,65.54307556152344
2019-09-12,65.83753967285156
2019-09-13,65.96741485595703
2019-09-16,65.72492980957031
2019-09-17,65.85485076904297
2019-09-18,65.80288696289062
2019-09-19,65.84619903564453
2019-09-20,65.6296615600586
2019-09-23,65.61235809326172
2019-09-24,65.18120574951172
2019-09-25,65.320556640625
2019-09-26,65.3466796875
2019-09-27,64.93731689453125
2019-09-30,65.17247772216797
2019-10-01,64.47563934326172
2019-10-02,63.41292953491211
2019-10-03,63.900718688964844
2019-10-04,64.58013916015625
2019-10-07,64.37109375
2019-10-08,63.52617645263672
2019-10-09,64.05752563476562
2019-10-10,64.50173950195312
2019-10-11,65.36409759521484
2019-10-14,65.19859313964844
2019-10-15,65.87801361083984
2019-10-16,65.84318542480469
2019-10-17,66.02609252929688
2019-10-18,65.82575988769531
2019-10-21,66.28742980957031
2019-10-22,66.10449981689453
2019-10-23,66.29613494873047
2019-10-24,66.43550109863281
2019-10-25,66.68811798095703
2019-10-28,67.04525756835938
2019-10-29,66.9842758178711
2019-10-30,67.19331359863281
2019-10-31,66.99298095703125
2019-11-01,67.65498352050781
2019-11-04,67.97725677490234
2019-11-05,67.98599243164062
2019-11-06,67.97725677490234
2019-11-07,68.19506072998047
2019-11-08,68.24730682373047
2019-11-11,68.0730972290039
2019-11-12,68.12535095214844
2019-11-13,68.00338745117188
2019-11-14,68.02082824707031
2019-11-15,68.49989318847656
2019-11-18,68.52605438232422
2019-11-19,68.54347229003906
2019-11-20,68.2037582397461
2019-11-21,68.12535095214844
2019-11-22,68.27342987060547
2019-11-25,68.79607391357422
2019-11-26,68.8570327758789
2019-11-27,69.13580322265625
2019-11-29,68.7089614868164
2019-12-02,68.22117614746094
2019-12-03,67.86405181884766
2019-12-04,68.37794494628906
2019-12-05,68.4389419555664
2019-12-06,69.04866790771484
2019-12-09,68.8134765625
2019-12-10,68.75251007080078
2019-12-11,69.04866790771484
2019-12-12,69.68453979492188
2019-12-13,69.80648040771484
2019-12-16,70.3988037109375
2019-12-17,70.3726806640625
2019-12-18,70.3988037109375
2019-12-19,70.58173370361328
2019-12-20,70.79080200195312
2019-12-23,70.88822937011719
2019-12-24,70.86187744140625
2019-12-26,71.1866226196289
2019-12-27,71.27437591552734
2019-12-30,70.85308074951172
2019-12-31,71.08130645751953
2020-01-02,71.80097198486328
2020-01-03,71.15150451660156
2020-01-06,71.41481018066406
2020-01-07,71.19539642333984
2020-01-08,71.48502349853516
2020-01-09,71.8360824584961
2020-01-10,71.68687438964844
2020-01-13,72.1959228515625
2020-01-14,72.16959381103516
2020-01-15,72.17835235595703
2020-01-16,72.6961898803711
2020-01-17,72.91559600830078
2020-01-21,72.450439453125
2020-01-22,72.54698181152344
2020-01-23,72.46800231933594
2020-01-24,71.89752960205078
2020-01-27,70.56346893310547
2020-01-28,71.2568359375
2020-01-29,71.1866226196289
2020-01-30,71.1866226196289
2020-01-31,69.97545623779297
2020-02-03,70.36162567138672
2020-02-04,71.52011108398438
2020-02-05,72.16959381103516
2020-02-06,72.39776611328125
2020-02-07,71.80974578857422
2020-02-10,72.1871337890625
2020-02-11,72.54698181152344
2020-02-12,72.99457550048828
2020-02-13,72.73129272460938
2020-02-14,72.78395080566406
2020-02-18,72.46800231933594
2020-02-19,72.8541488647461
2020-02-20,72.450439453125
2020-02-21,71.86239624023438
2020-02-24,69.3962173461914
2020-02-25,67.7462158203125
2020-02-26,67.63212585449219
2020-02-27,65.13080596923828
2020-02-28,64.92015075683594
2020-03-02,66.7017822265625
2020-03-03,65.41163635253906
2020-03-04,67.59700012207031
2020-03-05,65.6661605834961
2020-03-06,64.50765991210938
2020-03-09,59.41725158691406
2020-03-10,62.11165237426758
2020-03-11,59.039852142333984
2020-03-12,53.001609802246094
2020-03-13,57.223114013671875
2020-03-16,50.56171798706055
2020-03-17,53.46675109863281
2020-03-18,50.061458587646484
2020-03-19,50.552940368652344
2020-03-20,49.17501449584961
2020-03-23,48.00398635864258
2020-03-24,52.39203643798828
2020-03-25,53.590370178222656
2020-03-26,56.30426025390625
2020-03-27,54.42744064331055
2020-03-30,55.87248992919922
2020-03-31,55.33500289916992
2020-04-01,52.89426803588867
2020-04-02,53.978065490722656
2020-04-03,53.035247802734375
2020-04-06,56.28662109375
2020-04-07,56.49809265136719
2020-04-08,57.85503387451172
2020-04-09,58.93001937866211
2020-04-13,58.401344299316406
2020-04-14,59.80235290527344
2020-04-15,58.242733001708984
2020-04-16,58.47183609008789
2020-04-17,60.0138053894043
2020-04-20,59.11505126953125
2020-04-21,57.4409065246582
2020-04-22,58.700923919677734
2020-04-23,58.656864166259766
2020-04-24,59.30009460449219
2020-04-27,60.30458068847656
2020-04-28,60.30458068847656
2020-04-29,62.02279281616211
2020-04-30,61.0711784362793
2020-05-01,59.485145568847656
2020-05-04,59.66135787963867
2020-05-05,60.084320068359375
2020-05-06,59.73185348510742
2020-05-07,60.5424919128418
2020-05-08,61.608665466308594
2020-05-11,61.59986114501953
2020-05-12,60.5424919128418
2020-05-13,59.69660186767578
2020-05-14,59.96974563598633
2020-05-15,60.084320068359375
2020-05-18,62.19901657104492
2020-05-19,61.57340621948242
2020-05-20,62.639591217041016
2020-05-21,62.102088928222656
2020-05-22,62.04042434692383
2020-05-26,63.22114944458008
2020-05-27,64.07583618164062
2020-05-28,64.11109161376953
2020-05-29,64.25203704833984
2020-06-01,65.0802993774414
2020-06-02,65.80284118652344
2020-06-03,66.97474670410156
2020-06-04,66.64872741699219
2020-06-05,68.25239562988281
2020-06-08,69.10706329345703
2020-06-09,68.38456726074219
2020-06-10,68.18189239501953
2020-06-11,64.29610443115234
2020-06-12,65.26535034179688
2020-06-15,65.661865234375
2020-06-16,66.78091430664062
2020-06-17,66.68397521972656
2020-06-18,66.62229919433594
2020-06-19,66.31391143798828
2020-06-22,66.89823913574219
2020-06-23,67.17269134521484
2020-06-24,65.56134033203125
2020-06-25,66.29618072509766
2020-06-26,65.02125549316406
2020-06-29,65.80038452148438
2020-06-30,66.22535705566406
2020-07-01,66.66807556152344
2020-07-02,67.27008056640625
2020-07-06,68.50960540771484
2020-07-07,67.70394134521484
2020-07-08,68.37678527832031
2020-07-09,67.94296264648438
2020-07-10,68.49190521240234
2020-07-13,67.94296264648438
2020-07-14,68.73979949951172
2020-07-15,69.4657974243164
2020-07-16,69.07624053955078
2020-07-17,69.32414245605469
2020-07-20,69.88191223144531
2020-07-21,70.14752960205078
2020-07-22,70.43084716796875
2020-07-23,69.68712615966797
2020-07-24,69.31529998779297
2020-07-27,70.0589828491211
2020-07-28,69.58087921142578
2020-07-29,70.46624755859375
2020-07-30,70.0058822631836
2020-07-31,69.73141479492188
2020-08-03,70.54594421386719
2020-08-04,70.90009307861328
2020-08-05,71.37818908691406
2020-08-06,71.68805694580078
2020-08-07,71.44017028808594
2020-08-10,71.63494873046875
2020-08-11,71.41360473632812
2020-08-12,72.48490142822266
2020-08-13,72.29013061523438
2020-08-14,72.15731048583984
2020-08-17,72.59998321533203
2020-08-18,72.6619644165039
2020-08-19,72.29898834228516
2020-08-20,72.3166732788086
2020-08-21,72.38750457763672
2020-08-24,73.14008331298828
2020-08-25,73.39681243896484
2020-08-26,73.97232055664062
2020-08-27,73.80409240722656
2020-08-28,74.34416961669922
2020-08-31,73.9191665649414
2020-09-01,74.47696685791016
2020-09-02,75.31807708740234
2020-09-03,73.06037139892578
2020-09-04,72.78590393066406
2020-09-08,71.10372161865234
2020-09-09,72.40518951416016
2020-09-10,71.38703155517578
2020-09-11,71.67035675048828
2020-09-14,72.57342529296875
2020-09-15,72.99842071533203
2020-09-16,72.87444305419922
2020-09-17,72.48490142822266
2020-09-18,71.847412109375
2020-09-21,70.80015563964844
2020-09-22,71.12936401367188
2020-09-23,69.75910186767578
2020-09-24,69.79469299316406
2020-09-25,70.55992126464844
2020-09-28,71.67214965820312
2020-09-29,71.41410827636719
2020-09-30,71.75224304199219
2020-10-01,72.33058166503906
2020-10-02,71.867919921875
2020-10-05,73.05130767822266
2020-10-06,72.30390930175781
2020-10-07,73.3271484375
2020-10-08,73.93218231201172
2020-10-09,74.49276733398438
2020-10-12,75.31137084960938
2020-10-13,74.82198333740234
2020-10-14,74.49276733398438
2020-10-15,74.13685607910156
2020-10-16,74.17244720458984
2020-10-19,73.4695053100586
2020-10-20,73.8165283203125
2020-10-21,73.62967681884766
2020-10-22,73.9144058227539
2020-10-23,74.25252532958984
2020-10-26,72.93563842773438
2020-10-27,72.62421417236328
2020-10-28,70.3730697631836
2020-10-29,70.98700714111328
2020-10-30,70.2840805053711
2020-11-02,71.15606689453125
2020-11-03,72.49966430664062
2020-11-04,73.86101531982422
2020-11-05,75.42703247070312
2020-11-06,75.51600646972656
2020-11-09,76.72611236572266
2020-11-10,76.77950286865234
2020-11-11,77.26888275146484
2020-11-12,76.45028686523438
2020-11-13,77.52690887451172
2020-11-16,78.51457977294922
2020-11-17,78.35444641113281
2020-11-18,77.67819213867188
2020-11-19,78.15866088867188
2020-11-20,78.03410339355469
2020-11-23,78.41670989990234
2020-11-24,79.6090316772461
2020-11-25,79.48444366455078
2020-11-27,79.87594604492188
2020-11-30,78.9772720336914
2020-12-01,80.15180206298828
2020-12-02,80.2051773071289
2020-12-03,80.47210693359375
2020-12-04,81.2462387084961
2020-12-07,80.9881820678711
2020-12-08,81.2462387084961
2020-12-09,80.7479476928711
2020-12-10,80.97928619384766
2020-12-11,80.76573944091797
2020-12-14,80.58776092529297
2020-12-15,81.62883758544922
2020-12-16,81.82457733154297
2020-12-17,82.34956359863281
2020-12-18,82.09152221679688
2020-12-21,81.50251770019531
2020-12-22,81.42195892333984
2020-12-23,81.79791259765625
2020-12-24,81.98588562011719
2020-12-28,82.36186981201172
2020-12-29,82.52297973632812
2020-12-30,82.80940246582031
2020-12-31,82.87208557128906
2021-01-04,82.39766693115234
2021-01-05,83.3017578125
2021-01-06,83.89254760742188
2021-01-07,84.74293518066406
2021-01-08,85.51274871826172
2021-01-11,84.74293518066406
2021-01-12,85.06517791748047
2021-01-13,85.13681030273438
2021-01-14,85.27999114990234
2021-01-15,84.39381408691406
2021-01-19,85.12785339355469
2021-01-20,86.1572494506836
2021-01-21,86.1841049194336
2021-01-22,85.7812728881836
2021-01-25,85.96926879882812
2021-01-26,85.71864318847656
2021-01-27,83.65982818603516
2021-01-28,84.3401107788086
2021-01-29,82.68412780761719
2021-02-01,84.09842681884766
2021-02-02,85.26210021972656
2021-02-03,85.3963851928711
2021-02-04,85.98716735839844
2021-02-05,86.51529693603516
2021-02-08,87.11502838134766
2021-02-09,87.38360595703125
2021-02-10,87.37464904785156
2021-02-11,87.82219696044922
2021-02-12,88.24293518066406
2021-02-16,88.35929107666016
2021-02-17,88.0728759765625
2021-02-18,87.59842681884766
2021-02-19,87.82219696044922
2021-02-22,86.88231658935547
2021-02-23,87.04342651367188
2021-02-24,87.59842681884766
2021-02-25,85.6022720336914
2021-02-26,84.89511108398438
2021-03-01,86.9091567993164
2021-03-02,86.34524536132812
2021-03-03,85.43218231201172
2021-03-04,84.18795013427734
2021-03-05,85.3426742553711
2021-03-08,84.7339859008789
2021-03-09,86.04981231689453
2021-03-10,86.45265197753906
2021-03-11,87.56261444091797
2021-03-12,87.57156372070312
2021-03-15,87.93856811523438
2021-03-16,87.86697387695312
2021-03-17,88.24293518066406
2021-03-18,86.95392608642578
2021-03-19,87.04342651367188
2021-03-22,87.43203735351562
2021-03-23,86.34610748291016
2021-03-24,85.65503692626953
2021-03-25,86.1486587524414
2021-03-26,87.49486541748047
2021-03-29,87.16279602050781
2021-03-30,87.14485168457031
2021-03-31,87.31538391113281
2021-04-01,88.46414184570312
2021-04-05,89.47827911376953
2021-04-06,89.28980255126953
2021-04-07,89.15519714355469
2021-04-08,89.72061920166016
2021-04-09,90.05267333984375
2021-04-12,89.86418914794922
2021-04-13,90.20525360107422
2021-04-14,90.16934204101562
2021-04-15,91.03990936279297
2021-04-16,91.38992309570312
2021-04-19,90.97708892822266
2021-04-20,89.95394897460938
2021-04-21,90.869384765625
2021-04-22,90.29499053955078
2021-04-23,91.34503936767578
2021-04-26,91.61427307128906
2021-04-27,91.51554870605469
2021-04-28,91.68608093261719
2021-04-29,91.89250183105469
2021-04-30,90.9232177734375
2021-05-03,91.34503936767578
2021-05-04,90.45652770996094
2021-05-05,90.86039733886719
2021-05-06,91.46170043945312
2021-05-07,92.32328033447266
2021-05-10,91.38992309570312
2021-05-11,90.5911636352539
2021-05-12,88.63465881347656
2021-05-13,89.4603500366211
2021-05-14,90.90528106689453
2021-05-17,90.72576141357422
2021-05-18,90.56424713134766
2021-05-19,90.08856201171875
2021-05-20,91.12067413330078
2021-05-21,90.99502563476562
2021-05-24,91.72196197509766
2021-05-25,91.73992919921875
2021-05-26,91.96428680419922
2021-05-27,92.09892272949219
2021-05-28,92.35919189453125
2021-06-01,92.70919799804688
2021-06-02,92.84381866455078
2021-06-03,92.3322525024414
2021-06-04,93.2117919921875
2021-06-07,93.27458953857422
2021-06-08,93.2476806640625
2021-06-09,93.00536346435547
2021-06-10,93.46306610107422
2021-06-11,93.63361358642578
2021-06-14,93.79513549804688
2021-06-15,93.60667419433594
2021-06-16,92.99639129638672
2021-06-17,92.75408172607422
2021-06-18,91.38093566894531
2021-06-21,92.6391372680664
2021-06-22,92.87366485595703
2021-06-23,92.73838806152344
2021-06-24,93.41484069824219
2021-06-25,93.78463745117188
2021-06-28,93.68541717529297
2021-06-29,93.70343780517578
2021-06-30,93.45091247558594
2021-07-01,93.79364013671875
2021-07-02,94.19049072265625
2021-07-06,93.71247863769531
2021-07-07,93.94699096679688
2021-07-08,92.87366485595703
2021-07-09,94.24462890625
2021-07-12,94.47010803222656
2021-07-13,94.02816772460938
2021-07-14,94.10033416748047
2021-07-15,93.69442749023438
2021-07-16,92.97288513183594
2021-07-19,91.56584167480469
2021-07-20,92.66621398925781
2021-07-21,93.6132583618164
2021-07-22,93.71247863769531
2021-07-23,94.32581329345703
2021-07-26,94.21755981445312
2021-07-27,93.60424041748047
2021-07-28,94.10033416748047
2021-07-29,94.56031036376953
2021-07-30,94.02816772460938
2021-08-02,94.10033416748047
2021-08-03,94.7947998046875
2021-08-04,94.48816680908203
2021-08-05,94.9571762084961
2021-08-06,94.87598419189453
2021-08-09,94.83089447021484
2021-08-10,94.90304565429688
2021-08-11,95.28186798095703
2021-08-12,95.28186798095703
2021-08-13,95.49833679199219
2021-08-16,95.28186798095703
2021-08-17,94.38896179199219
2021-08-18,93.75757598876953
2021-08-19,93.2705307006836
2021-08-20,93.8387451171875
2021-08-23,94.82188415527344
2021-08-24,95.33596801757812
2021-08-25,95.50733947753906
2021-08-26,94.87598419189453
2021-08-27,95.88618469238281
2021-08-30,96.11166381835938
2021-08-31,96.1567611694336
2021-09-01,96.62576293945312
2021-09-02,96.92341613769531
2021-09-03,97.09478759765625
2021-09-07,96.83321380615234
2021-09-08,96.3461685180664
2021-09-09,96.09362030029297
2021-09-10,95.6065673828125
2021-09-13,95.94931030273438
2021-09-14,95.38109588623047
2021-09-15,95.95832061767578
2021-09-16,95.74187469482422
2021-09-17,94.7947998046875
2021-09-20,93.08525085449219
2021-09-21,93.375
2021-09-22,94.27144622802734
2021-09-23,95.33088684082031
2021-09-24,94.98678588867188
2021-09-27,94.92340087890625
2021-09-28,92.94940185546875
2021-09-29,92.84072875976562
2021-09-30,92.2069091796875
2021-10-01,92.94940185546875
2021-10-04,91.8628158569336
2021-10-05,92.5781478881836
2021-10-06,92.5781478881836
2021-10-07,93.49270629882812
2021-10-08,93.40215301513672
2021-10-11,92.91319274902344
2021-10-12,92.84072875976562
2021-10-13,93.50177764892578
2021-10-14,94.796630859375
2021-10-15,95.4666976928711
2021-10-18,95.5572280883789
2021-10-19,96.24542999267578
2021-10-20,96.59856414794922
2021-10-21,96.55329895019531
2021-10-22,96.60762786865234
2021-10-25,96.9245376586914
2021-10-26,96.8792724609375
2021-10-27,96.30879974365234
2021-10-28,97.17808532714844
2021-10-29,96.95170593261719
2021-11-01,97.54934692382812
2021-11-02,97.56745910644531
2021-11-03,98.21942138671875
2021-11-04,98.38241577148438
2021-11-05,98.69932556152344
2021-11-08,98.9075927734375
2021-11-09,98.63594055175781
2021-11-10,97.6851577758789
2021-11-11,97.9930419921875
2021-11-12,98.64498901367188
2021-11-15,98.59066009521484
2021-11-16,98.76270294189453
2021-11-17,98.40052795410156
2021-11-18,98.43672180175781
2021-11-19,97.9930419921875
2021-11-22,97.43163299560547
2021-11-23,97.41351318359375
2021-11-24,97.46784973144531
2021-11-26,95.0139389038086
2021-11-29,95.85606384277344
2021-11-30,94.41630554199219
2021-12-01,93.4202651977539
2021-12-02,94.86003112792969
2021-12-03,93.98167419433594
2021-12-06,95.0139389038086
2021-12-07,96.97886657714844
2021-12-08,97.3410873413086
2021-12-09,96.47179412841797
2021-12-10,96.96076202392578
2021-12-13,95.98282623291016
2021-12-14,95.38519287109375
2021-12-15,96.58952331542969
2021-12-16,96.04621887207031
2021-12-17,95.1678695678711
2021-12-20,94.29662322998047
2021-12-21,95.8931884765625
2021-12-22,96.7780990600586
2021-12-23,97.39848327636719
2021-12-27,98.42938995361328
2021-12-28,98.3199234008789
2021-12-29,98.35641479492188
2021-12-30,98.2742919921875
2021-12-31,98.00973510742188
2022-01-03,98.57537078857422
2022-01-04,98.61185455322266
2022-01-05,96.9332046508789
2022-01-06,96.84197235107422
2022-01-07,96.70513153076172
2022-01-10,96.38581085205078
2022-01-11,97.49884033203125
2022-01-12,98.037109375
2022-01-13,96.8237533569336
2022-01-14,96.81461334228516
2022-01-18,95.1541976928711
2022-01-19,94.61593627929688
2022-01-20,93.84046936035156
2022-01-21,92.2439193725586
2022-01-24,92.12532806396484
2022-01-25,91.2130126953125
2022-01-26,90.80245971679688
2022-01-27,90.11820983886719
2022-01-28,91.60530853271484
2022-01-31,93.52115631103516
2022-02-01,94.2601318359375
2022-02-02,94.8166275024414
2022-02-03,92.98289489746094
2022-02-04,93.3934326171875
2022-02-07,93.2839584350586
2022-02-08,93.99555969238281
2022-02-09,95.52823638916016
2022-02-10,94.15065002441406
2022-02-11,92.51760864257812
2022-02-14,92.05235290527344
2022-02-15,93.6671142578125
2022-02-16,93.94994354248047
2022-02-17,92.13444519042969
2022-02-18,91.4866943359375
2022-02-22,90.40103912353516
2022-02-23,89.14205169677734
2022-02-24,89.51609802246094
2022-02-25,91.49580383300781
2022-02-28,90.9301986694336
2022-03-01,89.41575622558594
2022-03-02,90.74772644042969
2022-03-03,89.79891967773438
2022-03-04,88.48517608642578
2022-03-07,85.6661605834961
2022-03-08,85.57491302490234
2022-03-09,88.15676879882812
2022-03-10,87.47250366210938
2022-03-11,86.35950469970703
2022-03-14,85.82123565673828
2022-03-15,87.18058776855469
2022-03-16,89.94488525390625
2022-03-17,90.88455963134766
2022-03-18,91.85161590576172
2022-03-21,91.6202392578125
2022-03-22,92.66290283203125
2022-03-23,91.52875518798828
2022-03-24,92.56230926513672
2022-03-25,92.7726821899414
2022-03-28,93.07450103759766
2022-03-29,94.58367156982422
2022-03-30,94.06232452392578
2022-03-31,92.64463806152344
2022-04-01,93.23914337158203
2022-04-04,93.99828338623047
2022-04-05,92.64463806152344
2022-04-06,91.61107635498047
2022-04-07,91.8214340209961
2022-04-08,91.60193634033203
2022-04-11,90.32140350341797
2022-04-12,89.9464111328125
2022-04-13,91.0531234741211
2022-04-14,90.18421173095703
2022-04-18,89.92811584472656
2022-04-19,90.95254516601562
2022-04-20,91.02568817138672
2022-04-21,89.63542938232422
2022-04-22,87.60490417480469
2022-04-25,87.70552062988281
2022-04-26,85.30916595458984
2022-04-27,85.6292724609375
2022-04-28,87.40369415283203
2022-04-29,85.14453125
2022-05-02,85.41891479492188
2022-05-03,85.87623596191406
2022-05-04,87.93418884277344
2022-05-05,84.93413543701172
2022-05-06,84.0926742553711
2022-05-09,81.302978515625
2022-05-10,81.58651733398438
2022-05-11,80.5438461303711
2022-05-12,80.42493438720703
2022-05-13,82.64752960205078
2022-05-16,82.38229370117188
2022-05-17,84.08353424072266
2022-05-18,81.28469848632812
2022-05-19,81.49506378173828
2022-05-20,81.7237319946289
2022-05-23,83.00421905517578
2022-05-24,82.29998016357422
2022-05-25,82.88533020019531
2022-05-26,84.28474426269531
2022-05-27,85.9859848022461
2022-05-31,85.56523895263672
2022-06-01,84.92498779296875
2022-06-02,86.64454650878906
2022-06-03,85.25426483154297
2022-06-06,85.58353424072266
2022-06-07,86.21464538574219
2022-06-08,85.36404418945312
2022-06-09,83.43411254882812
2022-06-10,81.24813079833984
2022-06-13,78.22063446044922
2022-06-14,77.97368621826172
2022-06-15,79.20845794677734
2022-06-16,76.72061920166016
2022-06-17,76.80293273925781
2022-06-21,78.41320037841797
2022-06-22,77.97101593017578
2022-06-23,78.44084167480469
2022-06-24,80.79914093017578
2022-06-27,80.59646606445312
2022-06-28,79.45417022705078
2022-06-29,79.21464538574219
2022-06-30,78.6158447265625
2022-07-01,79.10411071777344
2022-07-05,78.68955993652344
2022-07-06,78.7356185913086
2022-07-07,79.98846435546875
2022-07-08,79.96083068847656
2022-07-11,78.77246856689453
2022-07-12,78.32108306884766
2022-07-13,78.04471588134766
2022-07-14,77.44593048095703
2022-07-15,78.74484252929688
2022-07-18,78.60665130615234
2022-07-19,80.61487579345703
2022-07-20,80.88204193115234
2022-07-21,81.7387466430664
2022-07-22,81.03865814208984
2022-07-25,81.34265899658203
2022-07-26,80.3569564819336
2022-07-27,82.30068969726562
2022-07-28,83.10216522216797
2022-07-29,84.10626220703125
2022-08-01,83.90359497070312
2022-08-02,83.24954223632812
2022-08-03,84.2352294921875
2022-08-04,84.37342071533203
2022-08-05,84.17996978759766
2022-08-08,84.2997055053711
2022-08-09,83.84833526611328
2022-08-10,85.69996643066406
2022-08-11,85.75523376464844
2022-08-12,86.91596984863281
2022-08-15,86.93437194824219
2022-08-16,87.03571319580078
2022-08-17,86.34480285644531
2022-08-18,86.35400390625
2022-08-19,85.14723205566406
2022-08-22,83.57196807861328
2022-08-23,83.53511047363281
2022-08-24,83.81148529052734
2022-08-25,85.02745819091797
2022-08-26,82.50335693359375
2022-08-29,82.05197143554688
2022-08-30,81.22288513183594
2022-08-31,80.69779968261719
2022-09-01,80.40299987792969
2022-09-02,79.72132110595703
2022-09-06,79.33440399169922
2022-09-07,80.48590087890625
2022-09-08,80.86361694335938
2022-09-09,82.40201568603516
2022-09-12,83.3785171508789
2022-09-13,80.10821533203125
2022-09-14,80.43987274169922
2022-09-15,79.61997985839844
2022-09-16,78.95670318603516
2022-09-19,79.44078826904297
2022-09-20,78.40415954589844
2022-09-21,77.1639175415039
2022-09-22,76.5622787475586
2022-09-23,74.81298828125
2022-09-26,73.91519165039062
2022-09-27,73.66529083251953
2022-09-28,75.20172119140625
2022-09-29,73.78561401367188
2022-09-30,73.00814819335938
2022-10-03,74.81298828125
2022-10-04,77.34901428222656
2022-10-05,76.9787826538086
2022-10-06,76.1180191040039
2022-10-07,74.27615356445312
2022-10-10,73.64678192138672
2022-10-11,72.9988784790039
2022-10-12,72.81376647949219
2022-10-13,74.37797546386719
2022-10-14,72.82302856445312
2022-10-17,74.73892974853516
2022-10-18,75.46086883544922
2022-10-19,74.6648941040039
2022-10-20,74.31318664550781
2022-10-21,75.8588638305664
2022-10-24,76.0069580078125
2022-10-25,77.40454864501953
2022-10-26,77.4230728149414
2022-10-27,76.98805236816406
2022-10-28,78.21903991699219
2022-10-31,77.66371154785156
2022-11-01,77.82105255126953
2022-11-02,76.18281555175781
2022-11-03,75.59970092773438
2022-11-04,77.3675308227539
2022-11-07,77.8765869140625
2022-11-08,78.43193054199219
2022-11-09,76.92327880859375
2022-11-10,81.08827209472656
2022-11-11,82.27298736572266
2022-11-14,81.47701263427734
2022-11-15,82.30075073242188
2022-11-16,81.6065902709961
2022-11-17,81.41220092773438
2022-11-18,81.6065902709961
2022-11-21,81.12530517578125
2022-11-22,82.17118072509766
2022-11-23,82.8005599975586
2022-11-25,82.89311981201172
2022-11-28,81.69915771484375
2022-11-29,81.86575317382812
2022-11-30,84.09635162353516
2022-12-01,84.29071807861328
2022-12-02,84.24441528320312
2022-12-05,82.79132080078125
2022-12-06,81.91201782226562
2022-12-07,81.773193359375
2022-12-08,82.39332580566406
2022-12-09,81.96754455566406
2022-12-12,82.72653198242188
2022-12-13,83.49473571777344
2022-12-14,83.15229034423828
2022-12-15,81.0975341796875
2022-12-16,80.33856964111328
2022-12-19,79.85186004638672
2022-12-20,80.03833770751953
2022-12-21,81.0826416015625
2022-12-22,80.1036148071289
2022-12-23,80.47657012939453
2022-12-27,80.46723937988281
2022-12-28,79.46024322509766
2022-12-29,80.83087921142578
2022-12-30,80.36467742919922
2023-01-03,80.41129302978516
2023-01-04,81.39967346191406
2023-01-05,80.56048583984375
2023-01-06,82.40667724609375
2023-01-09,82.60246276855469
2023-01-10,83.05001068115234
2023-01-11,83.88921356201172
2023-01-12,84.4859619140625
2023-01-13,84.9241714477539
2023-01-17,84.9055404663086
2023-01-18,83.99178314208984
2023-01-19,83.61878967285156
2023-01-20,84.91486358642578
2023-01-23,85.71674346923828
2023-01-24,85.63282012939453
2023-01-25,85.79131317138672
2023-01-26,86.51860046386719
2023-01-27,86.5745620727539
2023-01-30,85.52094268798828
2023-01-31,86.50928497314453
2023-02-01,87.4510269165039
2023-02-02,88.15966033935547
2023-02-03,87.18061828613281
2023-02-06,86.39739990234375
2023-02-07,87.32048034667969
2023-02-08,86.60250854492188
2023-02-09,86.17361450195312
2023-02-10,86.01509094238281
2023-02-13,86.96617889404297
2023-02-14,87.0221176147461
2023-02-15,87.06874084472656
2023-02-16,86.23887634277344
2023-02-17,86.04307556152344
2023-02-21,84.5885238647461
2023-02-22,84.30878448486328
2023-02-23,84.75634002685547
2023-02-24,83.65608215332031
2023-02-27,84.12229919433594
2023-02-28,83.75867462158203
2023-03-01,83.92649841308594
2023-03-02,84.36474609375
2023-03-03,85.5768814086914
2023-03-06,85.44632720947266
2023-03-07,84.14095306396484
2023-03-08,84.36474609375
2023-03-09,82.97543334960938
2023-03-10,81.82856750488281
2023-03-13,81.56748962402344
2023-03-14,82.64907836914062
2023-03-15,81.38101196289062
2023-03-16,82.73300170898438
2023-03-17,81.75399017333984
2023-03-20,82.63799285888672
2023-03-21,83.72310638427734
2023-03-22,82.75959014892578
2023-03-23,82.9560317993164
2023-03-24,83.16182708740234
2023-03-27,83.47988891601562
2023-03-28,83.56407165527344
2023-03-29,84.59307098388672
2023-03-30,85.2479019165039
2023-03-31,86.14591979980469
2023-04-03,86.54817962646484
2023-04-04,86.183349609375
2023-04-05,85.76240539550781
2023-04-06,86.04303741455078
2023-04-10,86.14591979980469
2023-04-11,86.35173797607422
2023-04-12,86.23013305664062
2023-04-13,87.36203002929688
2023-04-14,87.0907211303711
2023-04-17,87.29654693603516
2023-04-18,87.44622802734375
2023-04-19,87.24041748046875
2023-04-20,86.92234802246094
2023-04-21,86.95043182373047
2023-04-24,87.04397583007812
2023-04-25,85.62207794189453
2023-04-26,85.43499755859375
2023-04-27,86.85688018798828
2023-04-28,87.37138366699219
2023-05-01,87.26850128173828
2023-05-02,86.28624725341797
2023-05-03,85.98690795898438
2023-05-04,85.68756103515625
2023-05-05,87.1468734741211
2023-05-08,87.19363403320312
2023-05-09,86.83817291259766
2023-05-10,87.0158920288086
2023-05-11,86.81010437011719
2023-05-12,86.56688690185547
2023-05-15,87.15621185302734
2023-05-16,86.40787506103516
2023-05-17,87.2217025756836
2023-05-18,87.6894302368164
2023-05-19,87.69878387451172
2023-05-22,87.83909606933594
2023-05-23,86.73526763916016
2023-05-24,85.95883178710938
2023-05-25,86.22077941894531
2023-05-26,87.26850128173828
2023-05-30,86.95977020263672
2023-05-31,86.31430053710938
2023-06-01,87.39009857177734
2023-06-02,88.75584411621094
2023-06-05,88.45650482177734
2023-06-06,88.98035430908203
2023-06-07,88.5968246459961
2023-06-08,89.1393814086914
2023-06-09,89.24227905273438
2023-06-12,89.84097290039062
2023-06-13,90.54256439208984
2023-06-14,90.68287658691406
2023-06-15,91.7305908203125
2023-06-16,91.46867370605469
2023-06-20,90.56462097167969
2023-06-21,90.28211212158203
2023-06-22,90.24443054199219
2023-06-23,89.25563049316406
2023-06-26,89.19912719726562
2023-06-27,90.11260986328125
2023-06-28,90.1596908569336
2023-06-29,90.32919311523438
2023-06-30,91.32740783691406
2023-07-03,91.61932373046875
2023-07-05,91.10138702392578
2023-07-06,89.98075866699219
2023-07-07,90.2161865234375
2023-07-10,90.49870300292969
2023-07-11,91.28031921386719
2023-07-12,92.34445190429688
2023-07-13,93.4085922241211
2023-07-14,93.069580078125
2023-07-17,93.33326721191406
2023-07-18,93.89828491210938
2023-07-19,93.98303985595703
2023-07-20,93.34266662597656
2023-07-21,93.3803482055664
2023-07-24,93.7193603515625
2023-07-25,94.00186920166016
2023-07-26,94.17138671875
2023-07-27,93.54984283447266
2023-07-28,94.51981353759766
2023-07-31,94.72698974609375
2023-08-01,94.15254974365234
2023-08-02,92.57988739013672
2023-08-03,92.38211822509766
2023-08-04,92.21261596679688
2023-08-07,92.89065551757812
2023-08-08,92.31620025634766
2023-08-09,91.93952941894531
2023-08-10,92.08077239990234
2023-08-11,91.75119018554688
2023-08-14,91.82652282714844
2023-08-15,90.74353790283203
2023-08-16,90.05609130859375
2023-08-17,89.46282196044922
2023-08-18,89.40632629394531
2023-08-21,89.84892272949219
2023-08-22,89.66056823730469
2023-08-23,90.6870346069336
2023-08-24,89.5569839477539
2023-08-25,90.07492065429688
2023-08-28,90.81888580322266
2023-08-29,92.0431137084961
2023-08-30,92.26912689208984
2023-08-31,92.03369903564453
2023-09-01,92.35387420654297
2023-09-05,91.77000427246094
2023-09-06,91.2426528930664
2023-09-07,90.865966796875
2023-09-08,90.90364074707031
2023-09-11,91.63817596435547
2023-09-12,91.2520751953125
2023-09-13,91.14846801757812
2023-09-14,92.07135772705078
2023-09-15,91.3085708618164
2023-09-18,91.20077514648438
2023-09-19,91.03054809570312
2023-09-20,90.4063949584961
2023-09-21,88.92168426513672
2023-09-22,88.90277099609375
2023-09-25,88.99734497070312
2023-09-26,87.74906158447266
2023-09-27,87.75851440429688
2023-09-28,88.36373901367188
2023-09-29,88.11786651611328
2023-10-02,87.64502716064453
2023-10-03,86.45348358154297
2023-10-04,86.81282806396484
2023-10-05,87.02088928222656
2023-10-06,87.98548126220703
2023-10-09,88.2502670288086
2023-10-10,89.03517150878906
2023-10-11,89.44181823730469
2023-10-12,88.64745330810547
2023-10-13,88.06111907958984
2023-10-16,88.95951843261719
2023-10-17,88.95951843261719
2023-10-18,87.6072006225586
2023-10-19,86.85066223144531
2023-10-20,85.85771942138672
2023-10-23,85.69695281982422
2023-10-24,86.34944915771484
2023-10-25,85.22411346435547
2023-10-26,84.5053939819336
2023-10-27,84.13658905029297
2023-10-30,85.1295394897461
2023-10-31,85.54563903808594
2023-11-01,86.38726806640625
2023-11-02,88.14623260498047
2023-11-03,89.22430419921875
2023-11-06,89.21485900878906
2023-11-07,89.1581039428711
2023-11-08,89.10136413574219
2023-11-09,88.53396606445312
2023-11-10,89.57420349121094
2023-11-13,89.56474304199219
2023-11-14,91.63577270507812
2023-11-15,91.81543731689453
2023-11-16,91.64522552490234
2023-11-17,92.15589141845703
2023-11-20,92.7611312866211
2023-11-21,92.5152587890625
2023-11-22,92.74221801757812
2023-11-24,92.98809051513672
2023-11-27,92.80841064453125
2023-11-28,92.959716796875
2023-11-29,92.97862243652344
2023-11-30,93.25287628173828
2023-12-01,94.05669403076172
2023-12-04,93.47984313964844
2023-12-05,93.27178955078125
2023-12-06,93.1015625
2023-12-07,93.72571563720703
2023-12-08,93.9905014038086
2023-12-11,94.34040832519531
2023-12-12,94.57682800292969
2023-12-13,95.97640228271484
2023-12-14,96.72350311279297
2023-12-15,96.27904510498047
2023-12-18,96.66126251220703
2023-12-19,97.38566589355469
2023-12-20,96.05123138427734
2023-12-21,97.29034423828125
2023-12-22,97.4333267211914
2023-12-26,97.91944885253906
2023-12-27,98.20539093017578
2023-12-28,98.2721176147461
2023-12-29,98.06241607666016
2024-01-02,97.23316955566406
2024-01-03,96.39435577392578
2024-01-04,96.27999877929688
2024-01-05,96.39435577392578
2024-01-08,97.5572280883789
2024-01-09,97.08065032958984
2024-01-10,97.5572280883789
2024-01-11,97.51911163330078
2024-01-12,97.67162322998047
2024-01-16,96.72797393798828
2024-01-17,95.96543884277344
2024-01-18,96.78516387939453
2024-01-19,97.66207885742188
2024-01-22,97.89083862304688
2024-01-23,98.04335021972656
2024-01-24,98.30071258544922
2024-01-25,98.72962951660156
2024-01-26,98.7963638305664
2024-01-29,99.50170135498047
2024-01-30,99.27295684814453
2024-01-31,98.06241607666016
2024-02-01,99.20622253417969
2024-02-02,99.5779800415039
2024-02-05,99.10137176513672
2024-02-06,99.65422058105469
2024-02-07,100.15939331054688
2024-02-08,100.19751739501953
2024-02-09,100.7503662109375
2024-02-12,100.8837890625
2024-02-13,99.29200744628906
2024-02-14,100.3976821899414
2024-02-15,101.25556182861328
2024-02-16,101.01725769042969
2024-02-20,100.74083709716797
2024-02-21,100.7694320678711
2024-02-22,102.40888214111328
2024-02-23,102.48512268066406
2024-02-26,102.21826171875
2024-02-27,102.43748474121094
2024-02-28,102.04667663574219
2024-02-29,102.46607971191406
2024-03-01,103.3811264038086
2024-03-04,103.21908569335938
2024-03-05,102.42794799804688
2024-03-06,103.2476806640625
2024-03-07,104.30570220947266
2024-03-08,103.81005859375
2024-03-11,103.5717544555664
2024-03-12,104.57259368896484
2024-03-13,104.40101623535156
2024-03-14,103.9339599609375
2024-03-15,103.47563171386719
2024-03-18,103.85836791992188
2024-03-19,104.22197723388672
2024-03-20,105.2553939819336
2024-03-21,105.57115936279297
2024-03-22,105.24581146240234
2024-03-25,105.03532409667969
2024-03-26,104.91091918945312
2024-03-27,105.69554901123047
2024-03-28,105.73383331298828
2024-04-01,105.45633697509766
2024-04-02,104.84395599365234
2024-04-03,105.11186218261719
2024-04-04,104.03060150146484
2024-04-05,104.88223266601562
2024-04-08,105.11186218261719
2024-04-09,105.27452850341797
2024-04-10,104.06887817382812
2024-04-11,104.66212463378906
2024-04-12,102.96847534179688
2024-04-15,102.00203704833984
2024-04-16,101.4183578491211
2024-04-17,101.03560638427734
2024-04-18,100.88252258300781
2024-04-19,100.41363525390625
2024-04-22,101.35136413574219
2024-04-23,102.50918579101562
2024-04-24,102.48047637939453
2024-04-25,102.1551513671875
2024-04-26,103.07373046875
2024-04-29,103.52347564697266
2024-04-30,101.94464874267578
2024-05-01,101.75326538085938
2024-05-02,102.9971923828125
2024-05-03,104.09759521484375
2024-05-06,105.02574920654297
2024-05-07,105.054443359375
2024-05-08,104.98748016357422
2024-05-09,105.63813781738281
2024-05-10,105.81038665771484
2024-05-13,105.79124450683594
2024-05-14,106.44190979003906
2024-05-15,107.67626953125
2024-05-16,107.33177947998047
2024-05-17,107.62842559814453
2024-05-20,107.69541931152344
2024-05-21,107.68583679199219
2024-05-22,107.14041900634766
2024-05-23,106.37493133544922
2024-05-24,107.1595458984375
2024-05-28,107.07343292236328
2024-05-29,105.90605163574219
2024-05-30,105.83906555175781
2024-05-31,106.6332778930664
2024-06-03,106.73854064941406
2024-06-04,106.52803039550781
2024-06-05,107.62842559814453
2024-06-06,107.70496368408203
2024-06-07,107.17869567871094
2024-06-10,107.42748260498047
2024-06-11,107.24565887451172
2024-06-12,108.28866577148438
2024-06-13,107.90591430664062
2024-06-14,107.56145477294922
2024-06-17,108.25996398925781
2024-06-18,108.6139907836914
2024-06-20,108.42262268066406
2024-06-21,108.13217163085938
2024-06-24,108.24759674072266
2024-06-25,108.45917510986328
2024-06-26,108.29566192626953
2024-06-27,108.49763488769531
2024-06-28,108.32452392578125
2024-07-01,108.46878051757812
2024-07-02,108.97852325439453
2024-07-03,109.81527709960938
2024-07-05,110.32501983642578
2024-07-08,110.29615783691406
2024-07-09,110.27691650390625
2024-07-10,111.44066619873047
2024-07-11,111.21946716308594
2024-07-12,111.96965026855469
2024-07-15,111.94078826904297
2024-07-16,112.76791381835938
2024-07-17,111.37335205078125
2024-07-18,110.4308090209961
2024-07-19,109.69985961914062
2024-07-22,110.79627990722656
2024-07-23,110.45003509521484
2024-07-24,108.32452392578125
2024-07-25,107.95903778076172
2024-07-26,109.1997299194336
2024-07-29,109.05546569824219
2024-07-30,108.77655792236328
2024-07-31,110.46927642822266
2024-08-01,108.46878051757812
2024-08-02,106.47792053222656
2024-08-05,103.60221099853516
2024-08-06,104.3812484741211
2024-08-07,104.1119613647461
2024-08-08,106.33364868164062
2024-08-09,106.77606201171875
2024-08-12,106.7953109741211
2024-08-13,108.45917510986328
2024-08-14,108.72846984863281
2024-08-15,110.33463287353516
2024-08-16,110.76741790771484
2024-08-19,111.90231323242188
2024-08-20,111.59455108642578
2024-08-21,112.23893737792969
2024-08-22,111.29640197753906
2024-08-23,112.91218566894531
2024-08-26,112.392822265625
2024-08-27,112.7198257446289
2024-08-28,112.06582641601562
2024-08-29,112.22932434082031
2024-08-30,113.04683685302734
2024-09-03,110.82514190673828
2024-09-04,110.5846939086914
2024-09-05,110.39232635498047
2024-09-06,108.51688385009766
2024-09-09,109.63253021240234
2024-09-10,109.7479476928711
2024-09-11,110.64240264892578
2024-09-12,111.59455108642578
2024-09-13,112.18122863769531
2024-09-16,112.61404418945312
2024-09-17,112.54670715332031
2024-09-18,112.22932434082031
2024-09-19,114.2201919555664
2024-09-20,113.7926254272461
2024-09-23,114.15939331054688
2024-09-24,114.93153381347656
2024-09-25,114.36206817626953
2024-09-26,115.78085327148438
2024-09-27,115.44306182861328
2024-09-30,115.52991485595703
2024-10-01,114.79640197753906
2024-10-02,114.97013092041016
2024-10-03,114.33312225341797
2024-10-04,115.3465347290039
2024-10-07,114.65162658691406
2024-10-08,114.84465026855469
2024-10-09,115.29827880859375
2024-10-10,115.11489868164062
2024-10-11,115.90633392333984
2024-10-14,116.48542785644531
2024-10-15,115.28862762451172
2024-10-16,115.85808563232422
2024-10-17,115.8001708984375
2024-10-18,116.36961364746094
2024-10-21,115.77120971679688
2024-10-22,115.49131774902344
2024-10-23,114.487548828125
2024-10-24,114.7867431640625
2024-10-25,114.59371185302734
2024-10-28,115.19210052490234
2024-10-29,115.09559631347656
2024-10-30,114.6709213256836
2024-10-31,113.01084899902344
2024-11-01,113.46446228027344
2024-11-04,113.40656280517578
2024-11-05,114.77709197998047
2024-11-06,116.28274536132812
2024-11-07,117.50850677490234
2024-11-08,117.18035125732422
2024-11-11,117.31546783447266
2024-11-12,116.37926483154297
2024-11-13,116.13796997070312
2024-11-14,115.53956604003906
2024-11-15,114.39102172851562
2024-11-18,115.066650390625
2024-11-19,115.3658447265625
2024-11-20,115.33688354492188
2024-11-21,115.88703155517578
2024-11-22,116.388916015625
2024-11-25,116.88114166259766
2024-11-26,116.95835876464844
2024-11-27,116.81359100341797
2024-11-29,117.69189453125
2024-12-02,117.94281768798828
2024-12-03,118.13585662841797
2024-12-04,118.61843872070312
2024-12-05,118.63773345947266
2024-12-06,118.78250885009766
2024-12-09,118.54122161865234
2024-12-10,117.78839874267578
2024-12-11,118.68599700927734
2024-12-12,117.88491821289062
2024-12-13,117.74979400634766
2024-12-16,117.90421295166016
2024-12-17,117.41199493408203
2024-12-18,113.94705200195312
2024-12-19,113.92774963378906
2024-12-20,114.84859466552734
2024-12-23,115.48064422607422
2024-12-24,116.39468383789062
2024-12-26,116.53082275390625
2024-12-27,115.61678314208984
2024-12-30,114.49853515625
2024-12-31,114.23599243164062
2025-01-02,114.00261688232422
2025-01-03,115.17919921875
2025-01-06,115.88904571533203
2025-01-07,114.7513656616211
2025-01-08,114.7902603149414
2025-01-10,112.95244598388672
2025-01-13,112.99134063720703
2025-01-14,113.38028717041016
2025-01-15,115.11113739013672
2025-01-16,115.21810150146484
2025-01-17,116.18077850341797
2025-01-21,117.5907211303711
2025-01-22,117.89216613769531
2025-01-23,118.52422332763672
2025-01-24,118.533935546875
2025-01-27,117.18232727050781
2025-01-28,117.94078063964844
2025-01-29,117.58100128173828
2025-01-30,118.5728530883789
2025-01-31,117.72686004638672
2025-02-03,116.8031005859375
2025-02-04,117.89216613769531
2025-02-05,118.51449584960938
2025-02-06,118.9034423828125
2025-02-07,117.94078063964844
2025-02-10,118.71868133544922
2025-02-11,118.78675842285156
2025-02-12,118.67007446289062
2025-02-13,119.95362854003906
2025-02-14,120.08003234863281
2025-02-18,120.54678344726562
2025-02-19,120.40091705322266
2025-02-20,120.23563385009766
2025-02-21,118.54367065429688
2025-02-24,117.9602279663086
2025-02-25,117.82408142089844
2025-02-26,117.99913024902344
2025-02-27,116.21965789794922
2025-02-28,117.24067687988281
2025-03-03,115.99600219726562
2025-03-04,115.15003204345703
2025-03-05,117.055908203125
2025-03-06,115.3153305053711
2025-03-07,116.04463195800781
2025-03-10,113.08858489990234
2025-03-11,112.63155364990234
2025-03-12,113.24415588378906
2025-03-13,111.90226745605469
2025-03-14,114.22627258300781
2025-03-17,115.36396026611328
2025-03-18,114.53742980957031
2025-03-19,115.48064422607422
2025-03-20,114.9847412109375
2025-03-21,114.7261962890625
2025-03-24,116.1797866821289
2025-03-25,116.40416717529297
2025-03-26,115.13594055175781
2025-03-27,115.00911712646484
2025-03-28,112.98970031738281
2025-03-31,113.11651611328125
2025-04-01,113.48724365234375
2025-04-02,114.1603775024414
2025-04-03,109.65327453613281
2025-04-04,103.11699676513672
2025-04-07,101.87803649902344
2025-04-08,100.63908386230469
2025-04-09,109.24353790283203
2025-04-10,106.19978332519531
2025-04-11,108.3947982788086
2025-04-14,109.41914367675781
2025-04-15,109.52644348144531
2025-04-16,107.89725494384766
2025-04-17,108.46308898925781
2025-04-21,106.78511047363281
2025-04-22,109.1167221069336
2025-04-23,110.51177215576172
2025-04-24,112.43362426757812
2025-04-25,112.97019958496094
2025-04-28,113.29212188720703
2025-04-29,113.80917358398438
2025-04-30,113.7506332397461
2025-05-01,114.1603775024414
2025-05-02,116.15052795410156
2025-05-05,115.8968734741211
2025-05-06,115.24325561523438
2025-05-07,115.32129669189453
2025-05-08,115.72127532958984
2025-05-09,115.88712310791016
2025-05-12,118.75529479980469
2025-05-13,119.34061431884766
2025-05-14,119.34061431884766
2025-05-15,120.01374816894531
2025-05-16,120.5990982055664
2025-05-19,120.9307861328125
2025-05-20,120.803955078125
2025-05-21,119.29183197021484
2025-05-22,119.20403289794922
2025-05-23,118.9308853149414
2025-05-27,120.86248779296875
2025-05-28,120.03326416015625
2025-05-29,120.52104949951172
2025-05-30,120.35520935058594
2025-06-02,121.15516662597656
2025-06-03,121.46735382080078
2025-06-04,121.75025939941406
2025-06-05,121.41857147216797
2025-06-06,122.36486053466797
2025-06-09,122.5697250366211
2025-06-10,123.15506744384766
2025-06-11,122.92093658447266
2025-06-12,123.4477310180664
2025-06-13,121.89659118652344
2025-06-16,122.9599609375
2025-06-17,121.760009765625
2025-06-18,121.82829284667969
2025-06-20,121.2940673828125
2025-06-23,122.45074462890625
2025-06-24,123.98970794677734
2025-06-25,123.77406311035156
2025-06-26,124.93073272705078
2025-06-27,125.46986389160156
2025-06-30,125.9795913696289
2025-07-01,125.98938751220703
2025-07-02,126.55792236328125
2025-07-03,127.2244873046875
2025-07-07,126.06781005859375
2025-07-08,126.33247375488281
2025-07-09,127.08724212646484
2025-07-10,127.322509765625
2025-07-11,126.68536376953125
2025-07-14,126.91080474853516
2025-07-15,126.26384735107422
2025-07-16,126.76378631591797
2025-07-17,127.41072082519531
2025-07-18,127.30289459228516
2025-07-21,127.61659240722656
2025-07-22,127.9694595336914
2025-07-23,129.43983459472656
2025-07-24,129.0967254638672
2025-07-25,129.3711700439453
2025-07-28,128.72425842285156
2025-07-29,128.48898315429688
2025-07-30,128.0380859375
2025-07-31,127.36170196533203
2025-08-01,125.87176513671875
2025-08-04,127.63619232177734
2025-08-05,127.38130950927734
2025-08-06,128.2145233154297
2025-08-07,128.44976806640625
2025-08-08,129.20455932617188
2025-08-11,128.86148071289062
2025-08-12,130.4004364013672
2025-08-13,131.0572052001953
2025-08-14,130.7435302734375
2025-08-15,130.7435302734375
2025-08-18,130.8121337890625
2025-08-19,130.2141876220703
2025-08-20,130.0475616455078
2025-08-21,129.57704162597656
2025-08-22,131.7923583984375
2025-08-25,130.92977905273438
2025-08-26,131.27284240722656
2025-08-27,131.3316650390625
2025-08-28,131.85118103027344
2025-08-29,131.1258087158203
2025-09-02,130.18478393554688
2025-09-03,130.66510009765625
2025-09-04,131.59632873535156
2025-09-05,131.7237548828125
2025-09-08,132.43934631347656
2025-09-09,132.56675720214844
2025-09-10,132.8510284423828
2025-09-11,134.16452026367188
2025-09-12,133.89987182617188
2025-09-15,134.6546630859375
2025-09-16,134.60565185546875
2025-09-17,134.4095916748047
2025-09-18,135.03695678710938
2025-09-19,135.2218780517578
2025-09-22,135.772705078125
2025-09-23,135.26121520996094
2025-09-24,134.65133666992188
2025-09-25,133.89393615722656
2025-09-26,134.62184143066406
2025-09-29,135.1333465576172
2025-09-30,135.54647827148438
2025-10-01,136.24485778808594
2025-10-02,136.44158935546875
2025-10-03,136.80555725097656
2025-10-06,137.29737854003906
2025-10-07,136.451416015625
2025-10-08,137.1891632080078
2025-10-09,136.47109985351562
2025-10-10,132.9496612548828
2025-10-13,135.0743408203125
2025-10-14,135.00547790527344
2025-10-15,135.76287841796875
2025-10-16,135.39892578125
2025-10-17,135.8218994140625
2025-10-20,137.1694793701172
2025-10-21,136.81536865234375
2025-10-22,136.22518920898438
2025-10-23,137.12030029296875
2025-10-24,137.98593139648438
2025-10-27,139.36300659179688
2025-10-28,139.46139526367188
2025-10-29,139.2744903564453
2025-10-30,138.04493713378906
2025-10-31,138.2908477783203
2025-11-03,138.4580841064453
2025-11-04,136.71702575683594
2025-11-05,137.46458435058594
2025-11-06,136.2350311279297
2025-11-07,136.55963134765625
2025-11-10,138.46791076660156
2025-11-11,138.84169006347656
2025-11-12,139.1761474609375
2025-11-13,137.01211547851562
2025-11-14,136.9629364013672
2025-11-17,135.4579620361328
2025-11-18,134.4447784423828
2025-11-19,134.58251953125
2025-11-20,132.52667236328125
2025-11-21,133.92344665527344
2025-11-24,135.54647827148438
2025-11-25,136.80555725097656
2025-11-26,137.92691040039062
2025-11-28,138.5859375
2025-12-01,137.92691040039062
2025-12-02,138.18264770507812
2025-12-03,138.75315856933594
2025-12-04,138.9695587158203
2025-12-05,139.24497985839844
2025-12-08,138.822021484375
2025-12-09,138.66464233398438
2025-12-10,139.8450164794922
2025-12-11,140.22862243652344
2025-12-12,138.91053771972656
2025-12-15,138.91053771972656
2025-12-16,138.37936401367188
2025-12-17,137.1104736328125
2025-12-18,138.14329528808594
2025-12-19,139.30833435058594
2025-12-22,140.14120483398438
2025-12-23,140.80552673339844
2025-12-24,141.15255737304688
2025-12-26,141.29136657714844
2025-12-29,140.80552673339844
2025-12-30,140.77577209472656
2025-12-31,139.86358642578125
2026-01-02,140.894775390625
2026-01-05,142.0845947265625
2026-01-06,142.91748046875
2026-01-07,142.32254028320312
2026-01-08,142.4217071533203
2026-01-09,143.3636474609375
2026-01-12,144.0081329345703
2026-01-13,143.4727020263672
2026-01-14,143.37356567382812
2026-01-15,143.7007598876953
2026-01-16,143.7007598876953
2026-01-20,141.24179077148438
2026-01-21,142.8976287841797
2026-01-22,143.6908416748047
2026-01-23,143.96847534179688
2026-01-26,144.60304260253906
2026-01-27,145.8027801513672
2026-01-28,145.55491638183594
2026-01-29,145.4755859375
2026-01-30,144.2163543701172
2026-02-02,144.910400390625
2026-02-03,144.375
2026-02-04,143.89906311035156
2026-02-05,142.1539764404297
2026-02-06,145.21778869628906
2026-02-09,146.41751098632812
2026-02-10,146.32827758789062
2026-02-11,146.7248992919922
2026-02-12,144.72203063964844
2026-02-13,145.0988006591797
2026-02-17,145.04922485351562
2026-02-18,145.76312255859375
2026-02-19,145.4359130859375
2026-02-20,146.69515991210938
2026-02-23,145.4061737060547
2026-02-24,146.447265625
2026-02-25,147.64700317382812
2026-02-26,147.14134216308594
2026-02-27,146.58607482910156
2026-03-02,145.70364379882812
2026-03-03,142.81829833984375
2026-03-04,144.0279541015625
2026-03-05,142.35231018066406
2026-03-06,140.72621154785156
2026-03-09,142.0251007080078
2026-03-10,142.00526428222656
2026-03-11,141.8267822265625
2026-03-12,139.35791015625
2026-03-13,138.33665466308594
2026-03-16,140.28994750976562
2026-03-17,140.81546020507812
2026-03-18,138.63412475585938
2026-03-19,138.36639404296875
2026-03-20,135.48126220703125
2026-03-23,137.74722290039062
2026-03-24,137.05152893066406
2026-03-25,138.313720703125
2026-03-26,135.60052490234375
2026-03-27,133.7917022705078
2026-03-30,133.36436462402344
2026-03-31,137.46896362304688
2026-04-01,138.8305206298828
2026-04-02,138.51248168945312
2026-04-06,139.20819091796875
2026-04-07,139.267822265625
2026-04-08,143.69044494628906
2026-04-09,144.05816650390625
2026-04-10,144.0879669189453
2026-04-13,145.4992218017578
2026-04-14,147.1788330078125
2026-04-15,147.70558166503906
2026-04-16,147.87452697753906
2026-04-17,149.9119110107422
2026-04-20,149.5541229248047
2026-04-21,147.84471130371094
2026-04-22,149.17648315429688
2026-04-23,148.23231506347656
2026-04-24,149.4149932861328
2026-04-27,149.39512634277344
2026-04-28,148.54042053222656
2026-04-29,148.0236053466797
2026-04-30,150.2696990966797
2026-05-01,150.50823974609375
2026-05-04,149.63363647460938
2026-05-05,151.1840362548828
2026-05-06,154.10595703125
2026-05-07,152.77420043945312
2026-05-08,154.22520446777344
2026-05-11,154.36434936523438
2026-05-12,153.40032958984375
2026-05-13,154.44384765625
2026-05-14,155.06004333496094
2026-05-15,152.575439453125
2026-05-18,152.76426696777344
2026-05-19,151.69091796875
2026-05-20,153.67860412597656
2026-05-21,154.25503540039062
2026-05-22,154.61282348632812
2026-05-26,156.41168212890625
2026-05-27,156.1930389404297
2026-05-28,156.89866638183594
2026-05-29,157.14712524414062
2026-06-01,157.6241912841797
2026-06-02,158.36956787109375
2026-06-03,156.97816467285156
2026-06-04,157.56454467773438
2026-06-05,152.73443603515625
2026-06-08,153.52951049804688
2026-06-09,153.3506317138672
2026-06-10,150.98526000976562
2026-06-11,154.65257263183594
2026-06-12,155.328369140625
2026-06-15,157.74343872070312
2026-06-16,157.01792907714844
2026-06-17,155.44764709472656
2026-06-18,157.25601196289062
2026-06-22,157.15625
2026-06-23,153.93453979492188
2026-06-24,153.86471557617188
2026-06-25,154.4532012939453
2026-06-26,153.55551147460938
2026-06-29,155.43069458007812
2026-06-30,156.54782104492188
2026-07-01,155.71994018554688
2026-07-02,155.7698211669922
2026-07-06,157.40560913085938
2026-07-07,155.9393768310547
2026-07-08,155.41073608398438
2026-07-09,156.59768676757812
2026-07-10,157.22608947753906
2026-07-13,155.41073608398438
2026-07-14,156.3782501220703
2026-07-15,156.88694763183594
2026-07-16,155.7299346923828
2026-07-17,154.3833770751953
2026-07-20,153.89463806152344
2026-07-21,155.73989868164062
2026-07-22,155.62020874023438
2026-07-23,153.91458129882812
2026-07-24,153.80487060546875
2026-07-27,154.05422973632812
2026-07-28,153.95448303222656
2026-07-29,151.82994079589844
2026-07-30,155.05166625976562
2026-07-31,155.4606170654297
2026-08-03,157.2061309814453
2026-08-04,160.03884887695312
2026-08-05,159.7595672607422
2026-08-06,159.5102081298828
2026-08-07,160.8866729736328
2026-08-10,160.55752563476562
2026-08-11,160.4079132080078
2026-08-12,161.1160888671875
2026-08-13,161.973876953125
2026-08-14,161.83424377441406
2026-08-17,161.41531372070312
2026-08-18,159.6498565673828
2026-08-19,160.2882080078125
2026-08-20,159.52017211914062
2026-08-21,160.3580322265625
2026-08-24,159.68975830078125
2026-08-25,160.5774688720703
2026-08-26,160.45777893066406
2026-08-27,161.15599060058594
2026-08-28,160.597412109375
2026-08-31,160.1385955810547
2026-09-01,158.90176391601562
2026-09-02,159.69972229003906
2026-09-03,161.34548950195312
2026-09-04,161.31556701660156
2026-09-08,160.5076446533203
2026-09-09,159.48028564453125
2026-09-10,158.12376403808594
2026-09-11,159.53016662597656
2026-09-14,158.32325744628906
2026-09-15,157.6250457763672
2026-09-16,157.00665283203125
2026-09-17,158.81201171875
2026-09-18,158.5500030517578
2026-09-21,160.88999938964844
2026-09-22,161.24000549316406
2026-09-23,159.3300018310547
2026-09-24,159.0500030517578
2026-09-25,160.02999877929688
2026-09-28,158.80999755859375
2026-09-29,158.4499969482422
2026-09-30,157.85000610351562
2026-10-01,157.8000030517578
2026-10-02,159.1300048828125
2026-10-05,160.11000061035156
2026-10-06,160.6999969482422
2026-10-07,159.63999938964844
