date,adjclose
2011-10-10,130.65023803710938
2011-10-11,132.56593322753906
2011-10-12,135.86090087890625
2011-10-13,136.16741943359375
2011-10-14,139.1558837890625
2011-10-17,133.178955078125
2011-10-18,135.32452392578125
2011-10-19,129.34756469726562
2011-10-20,128.1215057373047
2011-10-21,130.95672607421875
2011-10-24,138.00648498535156
2011-10-25,133.3321990966797
2011-10-26,135.70767211914062
2011-10-27,147.2018280029297
2011-10-28,147.81483459472656
2011-10-31,139.99880981445312
2011-11-01,134.86474609375
2011-11-02,137.62335205078125
2011-11-03,140.9183349609375
2011-11-04,139.99880981445312
2011-11-07,142.91065979003906
2011-11-08,145.1328582763672
2011-11-09,136.70382690429688
2011-11-10,138.23635864257812
2011-11-11,139.3091583251953
2011-11-14,136.47393798828125
2011-11-15,136.0908203125
2011-11-16,132.1827850341797
2011-11-17,129.654052734375
2011-11-18,129.34756469726562
2011-11-21,122.37443542480469
2011-11-22,122.06790924072266
2011-11-23,118.00666809082031
2011-11-25,117.85340881347656
2011-11-28,124.06025695800781
2011-11-29,125.20965576171875
2011-11-30,134.02186584472656
2011-12-01,134.02186584472656
2011-12-02,131.9529266357422
2011-12-05,135.0180206298828
2011-12-06,132.9490509033203
2011-12-07,133.48545837402344
2011-12-08,129.654052734375
2011-12-09,133.5620880126953
2011-12-12,128.50465393066406
2011-12-13,124.9031753540039
2011-12-14,121.68478393554688
2011-12-15,121.60818481445312
2011-12-16,121.91468811035156
2011-12-19,118.61967468261719
2011-12-20,124.36676788330078
2011-12-21,123.983642578125
2011-12-22,123.983642578125
2011-12-23,125.71794891357422
2011-12-27,123.7637939453125
2011-12-28,119.04121398925781
2011-12-29,120.50684356689453
2011-12-30,121.48391723632812
2012-01-03,126.61360168457031
2012-01-04,127.42784118652344
2012-01-05,124.74083709716797
2012-01-06,126.28789520263672
2012-01-09,127.10213470458984
2012-01-10,130.5219268798828
2012-01-11,131.25474548339844
2012-01-12,133.69744873046875
2012-01-13,131.17332458496094
2012-01-17,132.150390625
2012-01-18,136.71014404296875
2012-01-19,139.315673828125
2012-01-20,140.78128051757812
2012-01-23,141.0255584716797
2012-01-24,139.64138793945312
2012-01-25,142.81692504882812
2012-01-26,142.7354736328125
2012-01-27,144.77102661132812
2012-01-30,142.89828491210938
2012-01-31,144.11965942382812
2012-02-01,147.13233947753906
2012-02-02,149.81930541992188
2012-02-03,151.44776916503906
2012-02-06,149.90072631835938
2012-02-07,148.35369873046875
2012-02-08,150.633544921875
2012-02-09,149.81930541992188
2012-02-10,146.2366943359375
2012-02-13,148.19082641601562
2012-02-14,144.36392211914062
2012-02-15,143.7125701904297
2012-02-16,146.07383728027344
2012-02-17,145.9923858642578
2012-02-21,148.19082641601562
2012-02-22,147.45802307128906
2012-02-23,147.70230102539062
2012-02-24,147.70230102539062
2012-02-27,144.2825164794922
2012-02-28,143.30543518066406
2012-02-29,141.0255584716797
2012-03-01,140.61843872070312
2012-03-02,139.96705627441406
2012-03-05,138.17576599121094
2012-03-06,132.8832244873047
2012-03-07,133.7788848876953
2012-03-08,136.5472869873047
2012-03-09,143.0611572265625
2012-03-12,140.21131896972656
2012-03-13,144.11965942382812
2012-03-14,143.87539672851562
2012-03-15,142.65403747558594
2012-03-16,142.65403747558594
2012-03-19,144.44534301757812
2012-03-20,143.0611572265625
2012-03-21,142.16551208496094
2012-03-22,137.28009033203125
2012-03-23,138.0128936767578
2012-03-26,140.21131896972656
2012-03-27,141.26983642578125
2012-03-28,139.64138793945312
2012-03-29,141.5141143798828
2012-03-30,139.72279357910156
2012-04-02,143.30543518066406
2012-04-03,141.1069793701172
2012-04-04,136.38442993164062
2012-04-05,135.5701904296875
2012-04-09,136.3030242919922
2012-04-10,132.47610473632812
2012-04-11,132.80177307128906
2012-04-12,137.0358123779297
2012-04-13,134.75599670410156
2012-04-16,133.9417266845703
2012-04-17,135.65164184570312
2012-04-18,135.08164978027344
2012-04-19,134.75599670410156
2012-04-20,134.34886169433594
2012-04-23,130.35906982421875
2012-04-24,130.19625854492188
2012-04-25,131.90611267089844
2012-04-26,133.4531707763672
2012-04-27,133.53460693359375
2012-04-30,131.82472229003906
2012-05-01,132.96466064453125
2012-05-02,131.66184997558594
2012-05-03,129.46343994140625
2012-05-04,126.85787200927734
2012-05-07,124.9037094116211
2012-05-08,120.343994140625
2012-05-09,118.47125244140625
2012-05-10,119.28549194335938
2012-05-11,118.95979309082031
2012-05-14,117.2498779296875
2012-05-15,113.50440979003906
2012-05-16,111.22454833984375
2012-05-17,109.59606170654297
2012-05-18,106.90909576416016
2012-05-21,111.30596160888672
2012-05-22,111.06168365478516
2012-05-23,110.00318145751953
2012-05-24,108.45616149902344
2012-05-25,108.0490493774414
2012-05-29,113.17871856689453
2012-05-30,110.32890319824219
2012-05-31,109.8403549194336
2012-06-01,107.31623840332031
2012-06-04,107.31623840332031
2012-06-05,110.24746704101562
2012-06-06,112.77159118652344
2012-06-07,112.1202163696289
2012-06-08,110.49172973632812
2012-06-11,108.5375747680664
2012-06-12,110.32890319824219
2012-06-13,109.27039337158203
2012-06-14,109.92178344726562
2012-06-15,111.95734405517578
2012-06-18,111.7945327758789
2012-06-19,115.54000091552734
2012-06-20,116.84278106689453
2012-06-21,110.98030853271484
2012-06-22,112.0387954711914
2012-06-25,108.2933120727539
2012-06-26,107.88618469238281
2012-06-27,108.0490493774414
2012-06-28,108.21186828613281
2012-06-29,111.55024719238281
2012-07-02,111.55024719238281
2012-07-03,113.01585388183594
2012-07-05,113.17871856689453
2012-07-06,111.30596160888672
2012-07-09,107.31623840332031
2012-07-10,106.33914184570312
2012-07-11,107.39764404296875
2012-07-12,105.52490997314453
2012-07-13,106.90909576416016
2012-07-16,106.74627685546875
2012-07-17,106.4205551147461
2012-07-18,105.7691650390625
2012-07-19,107.07193756103516
2012-07-20,105.1177749633789
2012-07-23,101.6165771484375
2012-07-24,100.15094757080078
2012-07-25,99.66240692138672
2012-07-26,101.2094497680664
2012-07-27,104.79207611083984
2012-07-30,104.14070129394531
2012-07-31,103.97785186767578
2012-08-01,103.48930358886719
2012-08-02,102.02368927001953
2012-08-03,102.10511779785156
2012-08-06,103.32648468017578
2012-08-07,104.46642303466797
2012-08-08,105.036376953125
2012-08-09,105.7691650390625
2012-08-10,105.68775177001953
2012-08-13,104.30355072021484
2012-08-14,103.00077056884766
2012-08-15,103.48930358886719
2012-08-16,104.30355072021484
2012-08-17,103.57071685791016
2012-08-20,103.24504852294922
2012-08-21,103.65215301513672
2012-08-22,103.65215301513672
2012-08-23,102.18653106689453
2012-08-24,101.77941131591797
2012-08-27,101.2094497680664
2012-08-28,100.7209243774414
2012-08-29,101.77941131591797
2012-08-30,99.17388916015625
2012-08-31,100.47663116455078
2012-09-04,99.41812896728516
2012-09-05,99.01101684570312
2012-09-06,101.04662322998047
2012-09-07,104.62923431396484
2012-09-10,107.07193756103516
2012-09-11,108.2933120727539
2012-09-12,108.61898040771484
2012-09-13,112.77159118652344
2012-09-14,116.67993927001953
2012-09-17,115.78427124023438
2012-09-18,115.37713623046875
2012-09-19,116.51709747314453
2012-09-20,113.17871856689453
2012-09-21,111.95734405517578
2012-09-24,109.92178344726562
2012-09-25,106.17628479003906
2012-09-26,105.9320297241211
2012-09-27,107.80474853515625
2012-09-28,105.9320297241211
2012-10-01,106.90909576416016
2012-10-02,106.58341979980469
2012-10-03,105.9320297241211
2012-10-04,106.50198364257812
2012-10-05,106.17628479003906
2012-10-08,106.17628479003906
2012-10-09,105.036376953125
2012-10-10,103.32648468017578
2012-10-11,103.73359680175781
2012-10-12,103.00077056884766
2012-10-15,102.83792877197266
2012-10-16,104.79207611083984
2012-10-17,106.74627685546875
2012-10-18,108.37474060058594
2012-10-19,106.4205551147461
2012-10-22,106.74627685546875
2012-10-23,103.73359680175781
2012-10-24,103.73359680175781
2012-10-25,104.14070129394531
2012-10-26,103.00077056884766
2012-10-31,103.65215301513672
2012-11-01,105.6063232421875
2012-11-02,103.08219146728516
2012-11-05,103.40789031982422
2012-11-06,104.38497161865234
2012-11-07,101.9422836303711
2012-11-08,100.8023452758789
2012-11-09,99.49957275390625
2012-11-12,102.26795959472656
2012-11-13,99.66240692138672
2012-11-14,97.95250701904297
2012-11-15,97.21971130371094
2012-11-16,97.21971130371094
2012-11-19,99.01101684570312
2012-11-20,99.17388916015625
2012-11-21,98.44105529785156
2012-11-23,101.2094497680664
2012-11-26,102.18653106689453
2012-11-27,102.51223754882812
2012-11-28,101.9422836303711
2012-11-29,102.59364318847656
2012-11-30,102.10511779785156
2012-12-03,101.45374298095703
2012-12-04,101.77941131591797
2012-12-05,102.34938049316406
2012-12-06,102.26795959472656
2012-12-07,101.86083221435547
2012-12-10,103.97785186767578
2012-12-11,104.46642303466797
2012-12-12,104.95492553710938
2012-12-13,103.40789031982422
2012-12-14,105.19918823242188
2012-12-17,106.50198364257812
2012-12-18,107.80474853515625
2012-12-19,108.2933120727539
2012-12-20,107.47905731201172
2012-12-21,106.17628479003906
2012-12-24,105.65422821044922
2012-12-26,105.65422821044922
2012-12-27,106.23428344726562
2012-12-28,106.31716918945312
2012-12-31,109.0517578125
2013-01-02,112.1177978515625
2013-01-03,112.20065307617188
2013-01-04,112.6978530883789
2013-01-07,114.93522644042969
2013-01-08,112.78073120117188
2013-01-09,113.52649688720703
2013-01-10,112.86358642578125
2013-01-11,110.62618255615234
2013-01-14,110.37761688232422
2013-01-15,110.54332733154297
2013-01-16,110.37761688232422
2013-01-17,111.04053497314453
2013-01-18,110.37761688232422
2013-01-22,110.4604721069336
2013-01-23,109.71466827392578
2013-01-24,107.89163208007812
2013-01-25,108.88601684570312
2013-01-28,106.98008728027344
2013-01-29,107.22867584228516
2013-01-30,106.48289489746094
2013-01-31,107.22867584228516
2013-02-01,108.05735778808594
2013-02-04,106.48289489746094
2013-02-05,106.81436157226562
2013-02-06,106.48289489746094
2013-02-07,105.48848724365234
2013-02-08,105.73710632324219
2013-02-11,105.73710632324219
2013-02-12,106.15142822265625
2013-02-13,106.40003204345703
2013-02-14,106.98008728027344
2013-02-15,106.0685806274414
2013-02-19,105.57137298583984
2013-02-20,101.59379577636719
2013-02-21,100.4336929321289
2013-02-22,100.8479995727539
2013-02-25,99.43929290771484
2013-02-26,98.94209289550781
2013-02-27,101.34518432617188
2013-02-28,100.10218811035156
2013-03-01,97.86483001708984
2013-03-04,96.95330047607422
2013-03-05,97.53336334228516
2013-03-06,99.27352905273438
2013-03-07,99.77073669433594
2013-03-08,99.60503387451172
2013-03-11,98.94209289550781
2013-03-12,98.1962890625
2013-03-13,97.0361557006836
2013-03-14,96.70468139648438
2013-03-15,97.0361557006836
2013-03-18,96.1246337890625
2013-03-19,95.1302490234375
2013-03-20,95.1302490234375
2013-03-21,93.88725280761719
2013-03-22,94.30157470703125
2013-03-25,92.89286041259766
2013-03-26,92.64425659179688
2013-03-27,92.31280517578125
2013-03-28,91.40127563476562
2013-04-01,89.0810317993164
2013-04-02,88.00377655029297
2013-04-03,85.68350219726562
2013-04-04,86.76077270507812
2013-04-05,86.59503936767578
2013-04-08,87.83802795410156
2013-04-09,90.32402038574219
2013-04-10,91.15267944335938
2013-04-11,91.6498794555664
2013-04-12,89.99254608154297
2013-04-15,83.2803955078125
2013-04-16,85.10343933105469
2013-04-17,83.11466979980469
2013-04-18,82.6174545288086
2013-04-19,84.35765838623047
2013-04-22,83.86045837402344
2013-04-23,83.6947250366211
2013-04-24,84.93772888183594
2013-04-25,87.42369842529297
2013-04-26,85.7663803100586
2013-04-29,86.67790222167969
2013-04-30,86.92650604248047
2013-05-01,85.02058410644531
2013-05-02,85.26917266845703
2013-05-03,87.58943176269531
2013-05-06,89.82682037353516
2013-05-07,90.15827941894531
2013-05-08,91.6498794555664
2013-05-09,93.88725280761719
2013-05-10,97.11903381347656
2013-05-13,94.79875946044922
2013-05-14,93.72151947021484
2013-05-15,92.31280517578125
2013-05-16,91.31839752197266
2013-05-17,91.5670166015625
2013-05-20,93.80437469482422
2013-05-21,94.88162994384766
2013-05-22,94.2187271118164
2013-05-23,93.22433471679688
2013-05-24,91.98131561279297
2013-05-28,91.5670166015625
2013-05-29,91.15267944335938
2013-05-30,92.1470718383789
2013-05-31,90.24114227294922
2013-06-03,89.66107940673828
2013-06-04,89.5782241821289
2013-06-05,88.08663177490234
2013-06-06,88.66668701171875
2013-06-07,88.16949462890625
2013-06-10,87.58943176269531
2013-06-11,85.60063934326172
2013-06-12,84.93772888183594
2013-06-13,86.26358032226562
2013-06-14,85.10343933105469
2013-06-17,85.7663803100586
2013-06-18,86.09784698486328
2013-06-19,84.1919174194336
2013-06-20,79.46855163574219
2013-06-21,79.80001831054688
2013-06-24,78.30843353271484
2013-06-25,78.47416687011719
2013-06-26,78.639892578125
2013-06-27,78.80563354492188
2013-06-28,78.639892578125
2013-07-01,80.54581451416016
2013-07-02,79.80001831054688
2013-07-03,78.24627685546875
2013-07-05,78.10128021240234
2013-07-08,78.2255630493164
2013-07-09,78.99208068847656
2013-07-10,80.15220642089844
2013-07-11,82.6174545288086
2013-07-12,81.93382263183594
2013-07-15,82.78319549560547
2013-07-16,82.51387786865234
2013-07-17,83.38397979736328
2013-07-18,83.15609741210938
2013-07-19,82.82463073730469
2013-07-22,84.83414459228516
2013-07-23,86.30500793457031
2013-07-24,84.58553314208984
2013-07-25,84.89627075195312
2013-07-26,83.61186981201172
2013-07-29,81.35375213623047
2013-07-30,80.83584594726562
2013-07-31,81.4159164428711
2013-08-01,82.01667022705078
2013-08-02,82.80390930175781
2013-08-05,81.83023834228516
2013-08-06,80.56652069091797
2013-08-07,80.13147735595703
2013-08-08,83.67401123046875
2013-08-09,82.88678741455078
2013-08-12,84.48196411132812
2013-08-13,85.37275695800781
2013-08-14,85.26917266845703
2013-08-15,85.10343933105469
2013-08-16,84.23334503173828
2013-08-19,82.86608123779297
2013-08-20,82.55530548095703
2013-08-21,81.27088928222656
2013-08-22,83.15609741210938
2013-08-23,84.52339172363281
2013-08-26,84.41980743408203
2013-08-27,81.89238739013672
2013-08-28,81.25019073486328
2013-08-29,81.43663024902344
2013-08-30,81.18801879882812
2013-09-03,83.75688171386719
2013-09-04,84.1504898071289
2013-09-05,84.54409790039062
2013-09-06,84.93772888183594
2013-09-09,86.4085922241211
2013-09-10,87.00936889648438
2013-09-11,88.06591033935547
2013-09-12,86.32572174072266
2013-09-13,86.18070983886719
2013-09-16,88.3352279663086
2013-09-17,88.35594177246094
2013-09-18,89.68180084228516
2013-09-19,90.0547103881836
2013-09-20,89.84754180908203
2013-09-23,88.95671844482422
2013-09-24,89.93038940429688
2013-09-25,88.56310272216797
2013-09-26,88.43881225585938
2013-09-27,87.4029769897461
2013-09-30,86.71935272216797
2013-10-01,86.51217651367188
2013-10-02,87.32010650634766
2013-10-03,87.1336669921875
2013-10-04,88.10733795166016
2013-10-07,86.53288269042969
2013-10-08,85.47634887695312
2013-10-09,85.14488220214844
2013-10-10,87.15438842773438
2013-10-11,87.15438842773438
2013-10-14,87.00936889648438
2013-10-15,84.91699981689453
2013-10-16,84.64768981933594
2013-10-17,85.74566650390625
2013-10-18,85.16560363769531
2013-10-21,84.81340789794922
2013-10-22,85.9942626953125
2013-10-23,85.16560363769531
2013-10-24,85.82852172851562
2013-10-25,84.7098388671875
2013-10-28,84.04691314697266
2013-10-29,84.66841125488281
2013-10-30,83.32183074951172
2013-10-31,82.86608123779297
2013-11-01,82.34815979003906
2013-11-04,83.88117980957031
2013-11-05,82.8453598022461
2013-11-06,83.44612121582031
2013-11-07,81.35375213623047
2013-11-08,81.39520263671875
2013-11-11,81.2916030883789
2013-11-12,80.09004974365234
2013-11-13,79.67572021484375
2013-11-14,79.96575927734375
2013-11-15,81.02230072021484
2013-11-18,79.94503784179688
2013-11-19,79.7793197631836
2013-11-20,78.74348449707031
2013-11-21,78.30843353271484
2013-11-22,78.43272399902344
2013-11-25,77.2311782836914
2013-11-26,76.96184539794922
2013-11-27,77.18975830078125
2013-11-29,77.97697448730469
2013-12-02,76.81683349609375
2013-12-03,75.59456634521484
2013-12-04,75.09737396240234
2013-12-05,75.1387939453125
2013-12-06,75.61528778076172
2013-12-09,74.91092681884766
2013-12-10,74.72447204589844
2013-12-11,72.83927154541016
2013-12-12,72.03133392333984
2013-12-13,71.74129486083984
2013-12-16,72.73568725585938
2013-12-17,71.78273010253906
2013-12-18,72.34207916259766
2013-12-19,71.76200866699219
2013-12-20,70.99549865722656
2013-12-23,71.64550018310547
2013-12-24,71.54166412353516
2013-12-26,73.53529357910156
2013-12-27,74.0752182006836
2013-12-30,74.38671112060547
2013-12-31,74.28288269042969
2014-01-02,74.53207397460938
2014-01-03,74.78128814697266
2014-01-06,74.65668487548828
2014-01-07,74.5528564453125
2014-01-08,72.91226959228516
2014-01-09,72.8084487915039
2014-01-10,73.45221710205078
2014-01-13,72.72537231445312
2014-01-14,73.61834716796875
2014-01-15,75.11357116699219
2014-01-16,75.15509796142578
2014-01-17,75.404296875
2014-01-21,75.19662475585938
2014-01-22,75.54966735839844
2014-01-23,75.34199523925781
2014-01-24,73.11994171142578
2014-01-27,72.53848266601562
2014-01-28,73.45221710205078
2014-01-29,72.22696685791016
2014-01-30,73.43144989013672
2014-01-31,72.64230346679688
2014-02-03,70.87712860107422
2014-02-04,71.23017120361328
2014-02-05,70.75252532958984
2014-02-06,71.85315704345703
2014-02-07,72.49694061279297
2014-02-10,72.14389038085938
2014-02-11,73.57681274414062
2014-02-12,73.86754608154297
2014-02-13,73.99215698242188
2014-02-14,75.5911865234375
2014-02-18,75.32121276855469
2014-02-19,74.03368377685547
2014-02-20,74.01292419433594
2014-02-21,74.6982421875
2014-02-24,74.92665100097656
2014-02-25,74.4282455444336
2014-02-26,74.11674499511719
2014-02-27,75.5704345703125
2014-02-28,75.09278869628906
2014-03-03,73.80525207519531
2014-03-04,74.82281494140625
2014-03-05,75.00972747802734
2014-03-06,75.7157974243164
2014-03-07,75.2381591796875
2014-03-10,73.701416015625
2014-03-11,71.97777557373047
2014-03-12,71.62474060058594
2014-03-13,71.14710235595703
2014-03-14,71.64550018310547
2014-03-17,72.1646728515625
2014-03-18,72.41387176513672
2014-03-19,71.45860290527344
2014-03-20,71.14710235595703
2014-03-21,72.1646728515625
2014-03-24,72.49694061279297
2014-03-25,72.37234497070312
2014-03-26,72.43464660644531
2014-03-27,73.43144989013672
2014-03-28,73.7221908569336
2014-03-31,73.65988159179688
2014-04-01,74.6982421875
2014-04-02,74.53207397460938
2014-04-03,74.17904663085938
2014-04-04,74.5113296508789
2014-04-07,74.15827941894531
2014-04-08,74.76052856445312
2014-04-09,76.81644439697266
2014-04-10,76.40110778808594
2014-04-11,76.69183349609375
2014-04-14,77.54326629638672
2014-04-15,77.1487045288086
2014-04-16,76.44264221191406
2014-04-17,76.87874603271484
2014-04-21,77.02410125732422
2014-04-22,77.39790344238281
2014-04-23,77.2733154296875
2014-04-24,77.50173950195312
2014-04-25,76.94103240966797
2014-04-28,76.19342803955078
2014-04-29,75.17584991455078
2014-04-30,75.69503021240234
2014-05-01,75.81962585449219
2014-05-02,75.7780990600586
2014-05-05,76.31803894042969
2014-05-06,75.30046081542969
2014-05-07,75.13432312011719
2014-05-08,72.8915023803711
2014-05-09,73.61834716796875
2014-05-12,74.57361602783203
2014-05-13,74.30365753173828
2014-05-14,73.61834716796875
2014-05-15,72.33081817626953
2014-05-16,72.49694061279297
2014-05-19,72.3100357055664
2014-05-20,71.41707611083984
2014-05-21,71.66627502441406
2014-05-22,72.20620727539062
2014-05-23,72.70462036132812
2014-05-27,73.63912200927734
2014-05-28,73.2030258178711
2014-05-29,72.70462036132812
2014-05-30,71.64550018310547
2014-06-02,71.54166412353516
2014-06-03,71.25093078613281
2014-06-04,71.7908706665039
2014-06-05,72.08159637451172
2014-06-06,71.74932861328125
2014-06-09,72.45540618896484
2014-06-10,71.68702697753906
2014-06-11,71.20939636230469
2014-06-12,71.25093078613281
2014-06-13,70.89789581298828
2014-06-16,71.33399963378906
2014-06-17,70.66946411132812
2014-06-18,71.66627502441406
2014-06-19,72.1646728515625
2014-06-20,71.83240509033203
2014-06-23,72.8915023803711
2014-06-24,72.62153625488281
2014-06-25,72.14389038085938
2014-06-26,73.74295043945312
2014-06-27,73.7221908569336
2014-06-30,73.53529357910156
2014-07-01,74.76052856445312
2014-07-02,74.94741821289062
2014-07-03,75.2589340209961
2014-07-07,74.92665100097656
2014-07-08,74.24136352539062
2014-07-09,74.09599304199219
2014-07-10,73.51451110839844
2014-07-11,73.701416015625
2014-07-14,75.03048706054688
2014-07-15,74.80205535888672
2014-07-16,75.32121276855469
2014-07-17,74.67745208740234
2014-07-18,74.80205535888672
2014-07-21,74.76052856445312
2014-07-22,76.38033294677734
2014-07-23,77.3148422241211
2014-07-24,76.54647064208984
2014-07-25,76.77490997314453
2014-07-28,78.04167175292969
2014-07-29,78.49855041503906
2014-07-30,78.08321380615234
2014-07-31,75.86116790771484
2014-08-01,75.52889251708984
2014-08-04,76.44264221191406
2014-08-05,76.17266845703125
2014-08-06,76.69183349609375
2014-08-07,76.00653076171875
2014-08-08,76.13114166259766
2014-08-11,76.25572204589844
2014-08-12,76.25572204589844
2014-08-13,76.17266845703125
2014-08-14,75.404296875
2014-08-15,75.5704345703125
2014-08-18,76.089599609375
2014-08-19,76.06883239746094
2014-08-20,75.5704345703125
2014-08-21,74.92665100097656
2014-08-22,75.2381591796875
2014-08-25,74.3451919555664
2014-08-26,73.78448486328125
2014-08-27,73.90908813476562
2014-08-28,73.14070892333984
2014-08-29,72.78767395019531
2014-09-02,73.92984771728516
2014-09-03,74.3451919555664
2014-09-04,73.2237777709961
2014-09-05,73.51451110839844
2014-09-08,72.8915023803711
2014-09-09,71.7077865600586
2014-09-10,70.83560180664062
2014-09-11,70.06722259521484
2014-09-12,69.61035919189453
2014-09-15,69.25731658935547
2014-09-16,69.34038543701172
2014-09-17,68.82121276855469
2014-09-18,67.65827178955078
2014-09-19,66.45379638671875
2014-09-22,64.87551879882812
2014-09-23,64.833984375
2014-09-24,65.49852752685547
2014-09-25,64.3563461303711
2014-09-26,64.87551879882812
2014-09-29,63.11033248901367
2014-09-30,62.25890350341797
2014-10-01,60.597557067871094
2014-10-02,60.909053802490234
2014-10-03,60.2445182800293
2014-10-06,60.9298210144043
2014-10-07,60.036861419677734
2014-10-08,60.86752700805664
2014-10-09,58.87391662597656
2014-10-10,58.14707565307617
2014-10-13,58.770084381103516
2014-10-14,58.853145599365234
2014-10-15,58.50010681152344
2014-10-16,58.45857620239258
2014-10-17,59.206180572509766
2014-10-20,58.520877838134766
2014-10-21,59.31001663208008
2014-10-22,58.20936965942383
2014-10-23,58.64548110961914
2014-10-24,57.6486701965332
2014-10-27,56.00809097290039
2014-10-28,56.693389892578125
2014-10-29,56.631099700927734
2014-10-30,56.672637939453125
2014-10-31,56.56879425048828
2014-11-03,56.319583892822266
2014-11-04,56.07039260864258
2014-11-05,55.364322662353516
2014-11-06,54.762081146240234
2014-11-07,55.69659423828125
2014-11-10,55.94579315185547
2014-11-11,56.61032485961914
2014-11-12,55.987327575683594
2014-11-13,56.02885818481445
2014-11-14,56.734928131103516
2014-11-17,56.672637939453125
2014-11-18,56.00809097290039
2014-11-19,55.198184967041016
2014-11-20,55.135887145996094
2014-11-21,56.4857292175293
2014-11-24,55.84196090698242
2014-11-25,55.80042266845703
2014-11-26,55.80042266845703
2014-11-28,54.51287841796875
2014-12-01,52.74769973754883
2014-12-02,52.95536804199219
2014-12-03,53.0384407043457
2014-12-04,52.43619918823242
2014-12-05,52.207759857177734
2014-12-08,51.314796447753906
2014-12-09,51.190185546875
2014-12-10,51.127891540527344
2014-12-11,52.95536804199219
2014-12-12,51.314796447753906
2014-12-15,50.25569152832031
2014-12-16,50.35952377319336
2014-12-17,51.5016975402832
2014-12-18,52.664634704589844
2014-12-19,52.934608459472656
2014-12-22,52.483360290527344
2014-12-23,51.80860900878906
2014-12-24,51.99838638305664
2014-12-26,52.73639678955078
2014-12-29,52.778564453125
2014-12-30,52.82073974609375
2014-12-31,53.115943908691406
2015-01-02,53.45332717895508
2015-01-05,52.420108795166016
2015-01-06,51.61883544921875
2015-01-07,52.90508270263672
2015-01-08,53.115943908691406
2015-01-09,52.63095474243164
2015-01-12,51.4923210144043
2015-01-13,50.733211517333984
2015-01-14,50.10063171386719
2015-01-15,49.953025817871094
2015-01-16,49.99519348144531
2015-01-20,50.58560562133789
2015-01-21,50.45909118652344
2015-01-22,51.61883544921875
2015-01-23,51.407962799072266
2015-01-26,51.9772834777832
2015-01-27,50.986244201660156
2015-01-28,50.48017501831055
2015-01-29,50.58560562133789
2015-01-30,50.14280319213867
2015-02-02,50.64887619018555
2015-02-03,52.947265625
2015-02-04,51.87186050415039
2015-02-05,52.37792205810547
2015-02-06,51.87186050415039
2015-02-09,51.66100311279297
2015-02-10,51.7242546081543
2015-02-11,52.39901351928711
2015-02-12,53.748531341552734
2015-02-13,54.823917388916016
2015-02-17,55.26673126220703
2015-02-18,54.887176513671875
2015-02-19,54.99261474609375
2015-02-20,55.56193923950195
2015-02-23,55.51975631713867
2015-02-24,56.44755935668945
2015-02-25,55.414337158203125
2015-02-26,55.730628967285156
2015-02-27,55.60410690307617
2015-03-02,55.83605194091797
2015-03-03,54.90827178955078
2015-03-04,54.929351806640625
2015-03-05,54.254600524902344
2015-03-06,53.47440719604492
2015-03-09,54.507633209228516
2015-03-10,53.917213439941406
2015-03-11,53.76961135864258
2015-03-12,53.95938491821289
2015-03-13,52.947265625
2015-03-16,52.84183120727539
2015-03-17,51.82969284057617
2015-03-18,51.7453498840332
2015-03-19,51.82969284057617
2015-03-20,52.483360290527344
2015-03-23,53.83287048339844
2015-03-24,53.98048400878906
2015-03-25,54.27568435668945
2015-03-26,53.49549865722656
2015-03-27,52.6098747253418
2015-03-30,53.09486389160156
2015-03-31,52.778564453125
2015-04-01,53.115943908691406
2015-04-02,53.85396194458008
2015-04-06,55.51975631713867
2015-04-07,55.66737365722656
2015-04-08,57.712711334228516
2015-04-09,57.712711334228516
2015-04-10,57.45968246459961
2015-04-13,56.42647171020508
2015-04-14,56.17344284057617
2015-04-15,57.60729217529297
2015-04-16,57.24882125854492
2015-04-17,56.531890869140625
2015-04-20,56.08909606933594
2015-04-21,55.56193923950195
2015-04-22,55.70954132080078
2015-04-23,57.480770111083984
2015-04-24,58.17661666870117
2015-04-27,58.47181701660156
2015-04-28,58.19770431518555
2015-04-29,58.767024993896484
2015-04-30,57.986839294433594
2015-05-01,58.64051818847656
2015-05-04,59.568302154541016
2015-05-05,57.75489044189453
2015-05-06,57.016883850097656
2015-05-07,55.456512451171875
2015-05-08,57.05905532836914
2015-05-11,55.54084396362305
2015-05-12,56.08909606933594
2015-05-13,56.82709884643555
2015-05-14,57.22773742675781
2015-05-15,57.10122299194336
2015-05-18,56.04692077636719
2015-05-19,55.49868392944336
2015-05-20,55.055870056152344
2015-05-21,55.51975631713867
2015-05-22,55.03477096557617
2015-05-26,55.055870056152344
2015-05-27,55.30889892578125
2015-05-28,54.71849060058594
2015-05-29,54.97153091430664
2015-06-01,54.823917388916016
2015-06-02,55.64628601074219
2015-06-03,55.87821960449219
2015-06-04,55.07695007324219
2015-06-05,55.28781509399414
2015-06-08,54.465457916259766
2015-06-09,53.83287048339844
2015-06-10,55.055870056152344
2015-06-11,54.2335090637207
2015-06-12,54.04373550415039
2015-06-15,54.52871322631836
2015-06-16,54.254600524902344
2015-06-17,54.001564025878906
2015-06-18,54.317848205566406
2015-06-19,53.53767395019531
2015-06-22,52.46227264404297
2015-06-23,52.715309143066406
2015-06-24,51.80860900878906
2015-06-25,49.76325607299805
2015-06-26,48.519168853759766
2015-06-29,46.93770980834961
2015-06-30,46.95880126953125
2015-07-01,47.23291778564453
2015-07-02,46.60033416748047
2015-07-06,44.76583480834961
2015-07-07,43.036781311035156
2015-07-08,41.2866325378418
2015-07-09,41.98247146606445
2015-07-10,43.100040435791016
2015-07-13,43.057865142822266
2015-07-14,44.006744384765625
2015-07-15,43.142215728759766
2015-07-16,42.80483627319336
2015-07-17,42.88917541503906
2015-07-20,42.193328857421875
2015-07-21,42.42528533935547
2015-07-22,41.666175842285156
2015-07-23,41.32880401611328
2015-07-24,40.84382629394531
2015-07-27,40.021461486816406
2015-07-28,40.590789794921875
2015-07-29,41.370975494384766
2015-07-30,40.75947570800781
2015-07-31,40.928165435791016
2015-08-03,40.126895904541016
2015-08-04,40.527530670166016
2015-08-05,40.211238861083984
2015-08-06,40.27449417114258
2015-08-07,39.85277557373047
2015-08-10,40.84382629394531
2015-08-11,40.31666946411133
2015-08-12,39.32562255859375
2015-08-13,39.32562255859375
2015-08-14,39.49430847167969
2015-08-17,39.747344970703125
2015-08-18,38.50326156616211
2015-08-19,37.891761779785156
2015-08-20,36.900718688964844
2015-08-21,35.066219329833984
2015-08-24,33.21064758300781
2015-08-25,33.63236618041992
2015-08-26,34.49690246582031
2015-08-27,35.024051666259766
2015-08-28,36.795284271240234
2015-08-31,36.47898864746094
2015-09-01,35.44577407836914
2015-09-02,35.17164993286133
2015-09-03,36.09944152832031
2015-09-04,35.74098205566406
2015-09-08,36.16270446777344
2015-09-09,36.26812744140625
2015-09-10,36.310306549072266
2015-09-11,36.3946418762207
2015-09-14,36.26812744140625
2015-09-15,35.88858413696289
2015-09-16,36.81637191772461
2015-09-17,36.12053680419922
2015-09-18,35.087310791015625
2015-09-21,34.728843688964844
2015-09-22,34.11735153198242
2015-09-23,33.273902893066406
2015-09-24,33.33716583251953
2015-09-25,32.97869873046875
2015-09-28,31.882217407226562
2015-09-29,31.544843673706055
2015-09-30,31.376157760620117
2015-10-01,31.460491180419922
2015-10-02,32.26176834106445
2015-10-05,33.23173141479492
2015-10-06,34.45472717285156
2015-10-07,34.79210662841797
2015-10-08,35.1927375793457
2015-10-09,35.65663146972656
2015-10-12,35.361427307128906
2015-10-13,35.21382141113281
2015-10-14,35.84640884399414
2015-10-15,36.247047424316406
2015-10-16,35.2770881652832
2015-10-19,34.81318664550781
2015-10-20,34.83427429199219
2015-10-21,35.045135498046875
2015-10-22,35.80423355102539
2015-10-23,35.65663146972656
2015-10-26,34.93970489501953
2015-10-27,34.728843688964844
2015-10-28,34.34929275512695
2015-10-29,34.05409240722656
2015-10-30,33.86431121826172
2015-11-02,33.779972076416016
2015-11-03,34.49690246582031
2015-11-04,34.328208923339844
2015-11-05,34.01192092895508
2015-11-06,33.84322738647461
2015-11-09,33.75888442993164
2015-11-10,33.779972076416016
2015-11-11,32.957611083984375
2015-11-12,32.64131164550781
2015-11-13,32.45154571533203
2015-11-16,33.14738464355469
2015-11-17,33.14738464355469
2015-11-18,32.999786376953125
2015-11-19,33.48476791381836
2015-11-20,32.999786376953125
2015-11-23,33.041954040527344
2015-11-24,33.273902893066406
2015-11-25,34.07517623901367
2015-11-27,33.65345764160156
2015-11-30,32.43046188354492
2015-12-01,33.12630081176758
2015-12-02,33.020870208740234
2015-12-03,32.40937042236328
2015-12-04,32.45154571533203
2015-12-07,31.355066299438477
2015-12-08,30.40618896484375
2015-12-09,29.85794448852539
2015-12-10,29.96338653564453
2015-12-11,29.815780639648438
2015-12-14,29.668174743652344
2015-12-15,29.22536277770996
2015-12-16,28.656044006347656
2015-12-17,27.981285095214844
2015-12-18,27.095670700073242
2015-12-21,27.404102325439453
2015-12-22,27.892274856567383
2015-12-23,29.112699508666992
2015-12-24,29.800575256347656
2015-12-28,29.60087013244629
2015-12-29,29.71181869506836
2015-12-30,30.111225128173828
2015-12-31,29.75619888305664
2016-01-04,29.334596633911133
2016-01-05,29.40116310119629
2016-01-06,28.779855728149414
2016-01-07,27.60380744934082
2016-01-08,27.404102325439453
2016-01-11,26.96031379699707
2016-01-12,26.449951171875
2016-01-13,25.961782455444336
2016-01-14,26.205869674682617
2016-01-15,25.407039642333984
2016-01-19,25.69550895690918
2016-01-20,25.207340240478516
2016-01-21,25.229528427124023
2016-01-22,26.07273292541504
2016-01-25,26.0505428314209
2016-01-26,26.09491539001465
2016-01-27,26.139301300048828
2016-01-28,26.183679580688477
2016-01-29,26.139301300048828
2016-02-01,26.339004516601562
2016-02-02,25.473613739013672
2016-02-03,25.961782455444336
2016-02-04,26.782793045043945
2016-02-05,27.026878356933594
2016-02-08,27.071258544921875
2016-02-09,26.871557235717773
2016-02-10,25.762075424194336
2016-02-11,25.540180206298828
2016-02-12,26.383384704589844
2016-02-16,26.516523361206055
2016-02-17,27.73694610595703
2016-02-18,27.62599754333496
2016-02-19,27.337535858154297
2016-02-22,27.515052795410156
2016-02-23,27.825700759887695
2016-02-24,28.447010040283203
2016-02-25,28.06978988647461
2016-02-26,28.757665634155273
2016-02-29,29.15707778930664
2016-03-01,30.444074630737305
2016-03-02,30.73253631591797
2016-03-03,32.21923828125
2016-03-04,33.018062591552734
2016-03-07,33.883460998535156
2016-03-08,33.129005432128906
2016-03-09,32.64084243774414
2016-03-10,32.862735748291016
2016-03-11,33.129005432128906
2016-03-14,32.751792907714844
2016-03-15,31.708881378173828
2016-03-16,32.55208206176758
2016-03-17,33.15120315551758
2016-03-18,32.52989196777344
2016-03-21,32.81835174560547
2016-03-22,33.17338180541992
2016-03-23,32.17485809326172
2016-03-24,31.664501190185547
2016-03-28,31.597932815551758
2016-03-29,31.93077278137207
2016-03-30,32.77397918701172
2016-03-31,32.463321685791016
2016-04-01,33.19558334350586
2016-04-04,32.751792907714844
2016-04-05,32.197052001953125
2016-04-06,32.7074089050293
2016-04-07,31.93077278137207
2016-04-08,32.3301887512207
2016-04-11,33.417476654052734
2016-04-12,33.72813034057617
2016-04-13,34.549137115478516
2016-04-14,34.83760070800781
2016-04-15,34.74885177612305
2016-04-18,34.57133483886719
2016-04-19,35.90270233154297
2016-04-20,36.590579986572266
2016-04-21,36.989990234375
2016-04-22,37.123130798339844
2016-04-25,36.745906829833984
2016-04-26,36.191165924072266
2016-04-27,35.947078704833984
2016-04-28,35.90270233154297
2016-04-29,35.769561767578125
2016-05-02,36.52401351928711
2016-05-03,35.63643264770508
2016-05-04,35.39234161376953
2016-05-05,35.325775146484375
2016-05-06,35.148258209228516
2016-05-09,33.617183685302734
2016-05-10,34.06096649169922
2016-05-11,34.46038055419922
2016-05-12,34.7932243347168
2016-05-13,34.39381408691406
2016-05-16,34.8154182434082
2016-05-17,34.61570739746094
2016-05-18,33.883460998535156
2016-05-19,33.92783737182617
2016-05-20,34.06096649169922
2016-05-23,34.08316421508789
2016-05-24,33.905643463134766
2016-05-25,33.8168830871582
2016-05-26,34.61570739746094
2016-05-27,35.28139877319336
2016-05-31,36.14678955078125
2016-06-01,36.812477111816406
2016-06-02,37.056556701660156
2016-06-03,37.455970764160156
2016-06-06,38.54325866699219
2016-06-07,38.410125732421875
2016-06-08,38.58763885498047
2016-06-09,38.09947204589844
2016-06-10,36.790287017822266
2016-06-13,36.32430648803711
2016-06-14,35.79175567626953
2016-06-15,36.612770080566406
2016-06-16,36.23554992675781
2016-06-17,36.85685729980469
2016-06-20,36.76809310913086
2016-06-21,36.723724365234375
2016-06-22,36.302120208740234
2016-06-23,37.056556701660156
2016-06-24,35.126068115234375
2016-06-27,34.549137115478516
2016-06-28,35.50328826904297
2016-06-29,36.50182342529297
2016-06-30,36.745906829833984
2016-07-01,36.94561767578125
2016-07-05,37.94414138793945
2016-07-06,38.56545639038086
2016-07-07,37.788814544677734
2016-07-08,38.72077178955078
2016-07-11,39.91901397705078
2016-07-12,40.51813507080078
2016-07-13,40.074344635009766
2016-07-14,40.540321350097656
2016-07-15,40.25185775756836
2016-07-18,40.14090347290039
2016-07-19,39.1867561340332
2016-07-20,38.876102447509766
2016-07-21,38.94266891479492
2016-07-22,38.6764030456543
2016-07-25,38.21041488647461
2016-07-26,38.60982894897461
2016-07-27,37.85538864135742
2016-07-28,38.60982894897461
2016-07-29,38.32136535644531
2016-08-01,37.988525390625
2016-08-02,37.7000617980957
2016-08-03,37.85538864135742
2016-08-04,38.410125732421875
2016-08-05,38.831722259521484
2016-08-08,38.9870491027832
2016-08-09,39.31989288330078
2016-08-10,39.14237976074219
2016-08-11,38.964866638183594
2016-08-12,38.85391616821289
2016-08-15,38.76515579223633
2016-08-16,39.00924301147461
2016-08-17,38.56545639038086
2016-08-18,39.1867561340332
2016-08-19,39.408653259277344
2016-08-22,38.63201904296875
2016-08-23,38.476688385009766
2016-08-24,38.055091857910156
2016-08-25,37.7000617980957
2016-08-26,37.7000617980957
2016-08-29,38.18822479248047
2016-08-30,38.07727813720703
2016-08-31,37.63349914550781
2016-09-01,37.47816467285156
2016-09-02,37.92195129394531
2016-09-06,37.94414138793945
2016-09-07,38.09947204589844
2016-09-08,37.811004638671875
2016-09-09,36.790287017822266
2016-09-12,35.85832595825195
2016-09-13,35.28139877319336
2016-09-14,35.68081283569336
2016-09-15,36.25774383544922
2016-09-16,36.25774383544922
2016-09-19,36.50182342529297
2016-09-20,36.102413177490234
2016-09-21,35.547672271728516
2016-09-22,35.769561767578125
2016-09-23,35.41453552246094
2016-09-26,34.926361083984375
2016-09-27,35.1926383972168
2016-09-28,35.45891189575195
2016-09-29,35.126068115234375
2016-09-30,35.88051223754883
2016-10-03,35.59204864501953
2016-10-04,35.347965240478516
2016-10-05,36.14678955078125
2016-10-06,35.41453552246094
2016-10-07,35.08169174194336
2016-10-10,35.70299530029297
2016-10-11,35.1038818359375
2016-10-12,34.74885177612305
2016-10-13,34.59352493286133
2016-10-14,34.61570739746094
2016-10-17,34.66008758544922
2016-10-18,35.37015151977539
2016-10-19,35.65861511230469
2016-10-20,35.23701477050781
2016-10-21,35.28139877319336
2016-10-24,35.48109817504883
2016-10-25,35.83613967895508
2016-10-26,36.14678955078125
2016-10-27,35.45891189575195
2016-10-28,35.03731155395508
2016-10-31,35.614234924316406
2016-11-01,35.48109817504883
2016-11-02,35.50328826904297
2016-11-03,35.37015151977539
2016-11-04,35.148258209228516
2016-11-07,35.725189208984375
2016-11-08,36.14678955078125
2016-11-09,35.48109817504883
2016-11-10,35.947078704833984
2016-11-11,37.256263732910156
2016-11-14,37.30064392089844
2016-11-15,37.23408126831055
2016-11-16,36.634952545166016
2016-11-17,37.32283020019531
2016-11-18,36.76809310913086
2016-11-21,37.47816467285156
2016-11-22,38.63201904296875
2016-11-23,38.58763885498047
2016-11-25,39.27552032470703
2016-11-28,39.78588104248047
2016-11-29,38.876102447509766
2016-11-30,38.85391616821289
2016-12-01,38.94266891479492
2016-12-02,39.20894241333008
2016-12-05,38.9870491027832
2016-12-06,39.297706604003906
2016-12-07,39.76368713378906
2016-12-08,40.407188415527344
2016-12-09,40.62907791137695
2016-12-12,40.11872100830078
2016-12-13,39.9633903503418
2016-12-14,39.20894241333008
2016-12-15,38.89829635620117
2016-12-16,38.52107238769531
2016-12-19,38.70256423950195
2016-12-20,38.384952545166016
2016-12-21,38.906734466552734
2016-12-22,38.58913040161133
2016-12-23,38.40764236450195
2016-12-27,38.22615432739258
2016-12-28,38.475704193115234
2016-12-29,38.271522521972656
2016-12-30,38.58913040161133
2017-01-03,39.088226318359375
2017-01-04,40.041046142578125
2017-01-05,40.08641052246094
2017-01-06,40.17715835571289
2017-01-09,40.76700210571289
2017-01-10,41.08460998535156
2017-01-11,41.31147003173828
2017-01-12,41.78787612915039
2017-01-13,41.76519012451172
2017-01-17,41.58369827270508
2017-01-18,41.76519012451172
2017-01-19,40.85774230957031
2017-01-20,41.651756286621094
2017-01-23,42.21891403198242
2017-01-24,42.740699768066406
2017-01-25,43.0129280090332
2017-01-26,43.625450134277344
2017-01-27,43.443965911865234
2017-01-30,42.604576110839844
2017-01-31,43.171730041503906
2017-02-01,43.512020111083984
2017-02-02,43.82963180541992
2017-02-03,44.056488037109375
2017-02-06,43.33053207397461
2017-02-07,42.967552185058594
2017-02-08,42.99024200439453
2017-02-09,42.89949417114258
2017-02-10,43.48933410644531
2017-02-13,44.578269958496094
2017-02-14,44.73707580566406
2017-02-15,44.85050582885742
2017-02-16,45.4857177734375
2017-02-17,45.28153991699219
2017-02-21,45.91675567626953
2017-02-22,45.68989181518555
2017-02-23,46.27973556518555
2017-02-24,45.168113708496094
2017-02-27,44.6236457824707
2017-02-28,44.14723587036133
2017-03-01,44.23797607421875
2017-03-02,43.55739212036133
2017-03-03,43.37590789794922
2017-03-06,43.0129280090332
2017-03-07,42.37771987915039
2017-03-08,41.31147003173828
2017-03-09,40.85774230957031
2017-03-10,40.7896842956543
2017-03-13,41.15266036987305
2017-03-14,41.22072219848633
2017-03-15,41.58369827270508
2017-03-16,41.71981430053711
2017-03-17,41.76519012451172
2017-03-20,41.56101608276367
2017-03-21,41.44758605957031
2017-03-22,41.08460998535156
2017-03-23,40.54013442993164
2017-03-24,40.35865020751953
2017-03-27,40.13179016113281
2017-03-28,40.54013442993164
2017-03-29,40.653568267822266
2017-03-30,40.404022216796875
2017-03-31,40.63088607788086
2017-04-03,40.4947624206543
2017-04-04,40.4947624206543
2017-04-05,41.061920166015625
2017-04-06,41.33415222167969
2017-04-07,40.97117233276367
2017-04-10,40.8123779296875
2017-04-11,40.653568267822266
2017-04-12,40.08641052246094
2017-04-13,39.83686065673828
2017-04-17,39.451202392578125
2017-04-18,38.70256423950195
2017-04-19,37.50019454956055
2017-04-20,38.475704193115234
2017-04-21,38.95210647583008
2017-04-24,38.70256423950195
2017-04-25,38.906734466552734
2017-04-26,38.679874420166016
2017-04-27,38.70256423950195
2017-04-28,38.725250244140625
2017-05-01,39.20165252685547
2017-05-02,39.58731460571289
2017-05-03,39.40583038330078
2017-05-04,38.793304443359375
2017-05-05,38.83867645263672
2017-05-08,38.31689453125
2017-05-09,38.906734466552734
2017-05-10,39.02016830444336
2017-05-11,38.83867645263672
2017-05-12,39.156280517578125
2017-05-15,39.65537643432617
2017-05-16,40.15447235107422
2017-05-17,39.31509017944336
2017-05-18,38.657188415527344
2017-05-19,39.700748443603516
2017-05-22,39.51926040649414
2017-05-23,39.451202392578125
2017-05-24,39.882240295410156
2017-05-25,40.01835632324219
2017-05-26,39.995670318603516
2017-05-30,39.678070068359375
2017-05-31,39.269718170166016
2017-06-01,38.793304443359375
2017-06-02,39.088226318359375
2017-06-05,39.11091232299805
2017-06-06,38.97480010986328
2017-06-07,39.042850494384766
2017-06-08,38.77062225341797
2017-06-09,38.793304443359375
2017-06-12,38.725250244140625
2017-06-13,39.042850494384766
2017-06-14,38.861366271972656
2017-06-15,38.06734848022461
2017-06-16,38.70256423950195
2017-06-19,38.81599044799805
2017-06-20,38.40764236450195
2017-06-21,38.135406494140625
2017-06-22,38.021976470947266
2017-06-23,38.248836517333984
2017-06-26,38.611820220947266
2017-06-27,38.657188415527344
2017-06-28,39.24702835083008
2017-06-29,38.97480010986328
2017-06-30,39.72343826293945
2017-07-03,39.9276123046875
2017-07-05,40.35865020751953
2017-07-06,41.061920166015625
2017-07-07,42.35503005981445
2017-07-10,43.19441223144531
2017-07-11,42.99024200439453
2017-07-12,43.35321807861328
2017-07-13,43.55739212036133
2017-07-14,44.03380584716797
2017-07-17,44.419471740722656
2017-07-18,44.69169998168945
2017-07-19,45.68989181518555
2017-07-20,45.80332565307617
2017-07-21,45.7806396484375
2017-07-24,46.075557708740234
2017-07-25,46.075557708740234
2017-07-26,46.84688949584961
2017-07-27,46.62002944946289
2017-07-28,47.93581771850586
2017-07-31,49.45579528808594
2017-08-01,48.9793815612793
2017-08-02,49.682655334472656
2017-08-03,50.113685607910156
2017-08-04,49.8868293762207
2017-08-07,51.338741302490234
2017-08-08,51.42948913574219
2017-08-09,51.13457107543945
2017-08-10,50.29518508911133
2017-08-11,48.2761116027832
2017-08-14,49.682655334472656
2017-08-15,48.820579528808594
2017-08-16,48.09461975097656
2017-08-17,48.2761116027832
2017-08-18,48.63909149169922
2017-08-21,48.93400955200195
2017-08-22,49.478477478027344
2017-08-23,49.04743957519531
2017-08-24,49.092811584472656
2017-08-25,50.00025939941406
2017-08-28,50.00025939941406
2017-08-29,49.97757339477539
2017-08-30,50.385921478271484
2017-08-31,52.90408706665039
2017-09-01,54.26525115966797
2017-09-05,53.788841247558594
2017-09-06,55.694480895996094
2017-09-07,56.4431266784668
2017-09-08,57.123714447021484
2017-09-11,59.48306655883789
2017-09-12,58.59831237792969
2017-09-13,59.346954345703125
2017-09-14,58.57561492919922
2017-09-15,58.031158447265625
2017-09-18,58.57561492919922
2017-09-19,58.41682052612305
2017-09-20,58.757102966308594
2017-09-21,57.57743835449219
2017-09-22,56.96490478515625
2017-09-25,55.762535095214844
2017-09-26,55.92134094238281
2017-09-27,56.53387451171875
2017-09-28,56.96490478515625
2017-09-29,58.59831237792969
2017-10-02,59.27889633178711
2017-10-03,60.004844665527344
2017-10-04,60.48126220703125
2017-10-05,61.2752799987793
2017-10-06,61.615570068359375
2017-10-09,61.50214767456055
2017-10-10,60.912296295166016
2017-10-11,61.00304412841797
2017-10-12,60.844234466552734
2017-10-13,61.8424186706543
2017-10-16,62.4549560546875
2017-10-17,61.774375915527344
2017-10-18,61.32063674926758
2017-10-19,61.75168228149414
2017-10-20,61.79705810546875
2017-10-23,62.046600341796875
2017-10-24,62.54569625854492
2017-10-25,62.18272399902344
2017-10-26,61.79705810546875
2017-10-27,61.75168228149414
2017-10-30,61.343326568603516
2017-10-31,61.52482604980469
2017-11-01,62.160030364990234
2017-11-02,62.0239143371582
2017-11-03,61.116477966308594
2017-11-06,62.13733673095703
2017-11-07,62.046600341796875
2017-11-08,64.0429916381836
2017-11-09,64.63282012939453
2017-11-10,65.33609771728516
2017-11-13,64.95043182373047
2017-11-14,64.51939392089844
2017-11-15,61.79705810546875
2017-11-16,62.273468017578125
2017-11-17,61.72898864746094
2017-11-20,62.34152603149414
2017-11-21,62.749881744384766
2017-11-22,63.97492218017578
2017-11-24,65.0865478515625
2017-11-27,64.97310638427734
2017-11-28,64.95043182373047
2017-11-29,64.655517578125
2017-11-30,64.6781997680664
2017-12-01,64.58744812011719
2017-12-04,64.7916259765625
2017-12-05,62.38688659667969
2017-12-06,59.57381057739258
2017-12-07,60.186336517333984
2017-12-08,61.22990417480469
2017-12-11,62.114654541015625
2017-12-12,62.4549560546875
2017-12-13,62.863304138183594
2017-12-14,63.407772064208984
2017-12-15,63.13553237915039
2017-12-18,65.36026763916016
2017-12-19,65.2900161743164
2017-12-20,66.20331573486328
2017-12-21,66.76536560058594
2017-12-22,67.81918334960938
2017-12-26,67.95968627929688
2017-12-27,69.34136962890625
2017-12-28,70.84012603759766
2017-12-29,70.4654312133789
2018-01-02,71.82369995117188
2018-01-03,72.9477767944336
2018-01-04,73.83765411376953
2018-01-05,74.61046600341797
2018-01-08,74.7743911743164
2018-01-09,75.21932983398438
2018-01-10,74.54020690917969
2018-01-11,74.7509765625
2018-01-12,76.22632598876953
2018-01-16,75.21932983398438
2018-01-17,74.89148712158203
2018-01-18,72.97119903564453
2018-01-19,72.03445434570312
2018-01-22,72.43257904052734
2018-01-23,73.69715881347656
2018-01-24,74.56362915039062
2018-01-25,74.84465026855469
2018-01-26,74.56362915039062
2018-01-29,74.2591781616211
2018-01-30,71.89395904541016
2018-01-31,71.47241973876953
2018-02-01,72.17498016357422
2018-02-02,69.85657501220703
2018-02-05,66.78878021240234
2018-02-06,67.72550964355469
2018-02-07,67.84260559082031
2018-02-08,64.75138854980469
2018-02-09,63.7912483215332
2018-02-12,66.15648651123047
2018-02-13,67.72550964355469
2018-02-14,68.89643096923828
2018-02-15,69.73947143554688
2018-02-16,69.36479187011719
2018-02-20,68.66223907470703
2018-02-21,69.08377075195312
2018-02-22,70.23126220703125
2018-02-23,71.28507232666016
2018-02-26,72.17498016357422
2018-02-27,70.37176513671875
2018-02-28,70.37176513671875
2018-03-01,69.76290130615234
2018-03-02,69.8799819946289
2018-03-05,69.83314514160156
2018-03-06,71.19139862060547
2018-03-07,70.0204849243164
2018-03-08,69.95024108886719
2018-03-09,70.4654312133789
2018-03-12,70.79330444335938
2018-03-13,70.20784759521484
2018-03-14,71.4489974975586
2018-03-15,71.37875366210938
2018-03-16,69.92681884765625
2018-03-19,69.38819122314453
2018-03-20,68.56855773925781
2018-03-21,69.01351165771484
2018-03-22,67.60841369628906
2018-03-23,64.9387435913086
2018-03-26,66.53118133544922
2018-03-27,65.99256134033203
2018-03-28,64.02542877197266
2018-03-29,65.14950561523438
2018-04-02,63.25263214111328
2018-04-03,63.86149978637695
2018-04-04,63.112117767333984
2018-04-05,62.94818878173828
2018-04-06,62.76083755493164
2018-04-09,62.99502944946289
2018-04-10,65.61785888671875
2018-04-11,65.50077819824219
2018-04-12,64.86848449707031
2018-04-13,65.24317169189453
2018-04-16,65.82864379882812
2018-04-17,64.68113708496094
2018-04-18,65.8754653930664
2018-04-19,66.34383392333984
2018-04-20,65.68812561035156
2018-04-23,65.00898742675781
2018-04-24,65.12609100341797
2018-04-25,64.4937973022461
2018-04-26,64.04884338378906
2018-04-27,64.14250946044922
2018-04-30,63.931758880615234
2018-05-01,63.369720458984375
2018-05-02,63.67416000366211
2018-05-03,63.580474853515625
2018-05-04,63.76783752441406
2018-05-07,64.44696044921875
2018-05-08,63.67416000366211
2018-05-09,63.7912483215332
2018-05-10,64.40010833740234
2018-05-11,65.50077819824219
2018-05-14,64.54063415527344
2018-05-15,63.76783752441406
2018-05-16,64.37670135498047
2018-05-17,65.31343841552734
2018-05-18,64.962158203125
2018-05-21,65.66470336914062
2018-05-22,64.72797393798828
2018-05-23,62.737430572509766
2018-05-24,62.01145935058594
2018-05-25,60.23167419433594
2018-05-29,59.622802734375
2018-05-30,59.85698318481445
2018-05-31,60.09116744995117
2018-06-01,60.55953598022461
2018-06-04,59.97407531738281
2018-06-05,59.52912521362305
2018-06-06,60.23167419433594
2018-06-07,59.41203308105469
2018-06-08,59.1778564453125
2018-06-11,59.24810791015625
2018-06-12,58.2879638671875
2018-06-13,57.53858184814453
2018-06-14,57.32781982421875
2018-06-15,56.67210388183594
2018-06-18,56.29741668701172
2018-06-19,54.16635513305664
2018-06-20,54.751808166503906
2018-06-21,53.74482727050781
2018-06-22,54.91573715209961
2018-06-25,53.51065444946289
2018-06-26,53.62773132324219
2018-06-27,52.925193786621094
2018-06-28,52.9486083984375
2018-06-29,54.1195182800293
2018-07-02,53.37013626098633
2018-07-03,52.925193786621094
2018-07-05,52.386566162109375
2018-07-06,53.13595199584961
2018-07-09,54.68156051635742
2018-07-10,55.805625915527344
2018-07-11,54.0024299621582
2018-07-12,55.149925231933594
2018-07-13,55.4777717590332
2018-07-16,54.44737243652344
2018-07-17,54.68156051635742
2018-07-18,53.95559310913086
2018-07-19,53.042274475097656
2018-07-20,52.97203063964844
2018-07-23,52.925193786621094
2018-07-24,54.04926681518555
2018-07-25,53.51065444946289
2018-07-26,52.73784255981445
2018-07-27,52.035301208496094
2018-07-30,51.59035110473633
2018-07-31,51.61376953125
2018-08-01,50.7004508972168
2018-08-02,49.59980392456055
2018-08-03,49.59980392456055
2018-08-06,48.40547180175781
2018-08-07,48.52256393432617
2018-08-08,48.4991455078125
2018-08-09,48.92067337036133
2018-08-10,47.79659652709961
2018-08-13,46.742774963378906
2018-08-14,47.140892028808594
2018-08-15,45.29084396362305
2018-08-16,45.314266204833984
2018-08-17,46.040225982666016
2018-08-20,46.461761474609375
2018-08-21,46.48517608642578
2018-08-22,46.81303405761719
2018-08-23,46.672523498535156
2018-08-24,47.07062911987305
2018-08-27,48.873836517333984
2018-08-28,49.459293365478516
2018-08-29,48.873836517333984
2018-08-30,47.67951202392578
2018-08-31,47.02379608154297
2018-09-04,46.040225982666016
2018-09-05,45.267425537109375
2018-09-06,44.190189361572266
2018-09-07,44.21360397338867
2018-09-10,43.72182846069336
2018-09-11,43.3237190246582
2018-09-12,44.119937896728516
2018-09-13,44.190189361572266
2018-09-14,44.494625091552734
2018-09-17,44.00284957885742
2018-09-18,44.84590148925781
2018-09-19,45.501609802246094
2018-09-20,46.95354080200195
2018-09-21,48.07761764526367
2018-09-24,47.63267135620117
2018-09-25,47.72633743286133
2018-09-26,47.32823181152344
2018-09-27,47.07062911987305
2018-09-28,47.234561920166016
2018-10-01,47.32823181152344
2018-10-02,47.49216079711914
2018-10-03,47.39849090576172
2018-10-04,46.41492462158203
2018-10-05,46.36809158325195
2018-10-08,45.6655387878418
2018-10-09,45.36110305786133
2018-10-10,43.792076110839844
2018-10-11,42.316734313964844
2018-10-12,43.18320846557617
2018-10-15,42.80851364135742
2018-10-16,43.37055587768555
2018-10-17,42.316734313964844
2018-10-18,41.122398376464844
2018-10-19,41.47367858886719
2018-10-22,42.15280532836914
2018-10-23,41.333168029785156
2018-10-24,39.92807388305664
2018-10-25,40.6540412902832
2018-10-26,40.419857025146484
2018-10-29,39.38945388793945
2018-10-30,40.37302017211914
2018-10-31,41.637603759765625
2018-11-01,43.48764419555664
2018-11-02,44.58829879760742
2018-11-05,44.89273452758789
2018-11-06,45.61870193481445
2018-11-07,47.117469787597656
2018-11-08,45.92314147949219
2018-11-09,45.00982666015625
2018-11-12,44.447792053222656
2018-11-13,44.28386306762695
2018-11-14,43.83891677856445
2018-11-15,44.681976318359375
2018-11-16,44.91615676879883
2018-11-19,44.494625091552734
2018-11-20,43.13636779785156
2018-11-21,43.417388916015625
2018-11-23,42.386985778808594
2018-11-26,41.91862487792969
2018-11-27,41.89520263671875
2018-11-28,42.902191162109375
2018-11-29,43.04269790649414
2018-11-30,43.27688217163086
2018-12-03,44.564884185791016
2018-12-04,42.831932067871094
2018-12-06,41.59076690673828
2018-12-07,40.700870513916016
2018-12-10,39.48312759399414
2018-12-11,39.36603927612305
2018-12-12,39.90465545654297
2018-12-13,39.78756332397461
2018-12-14,38.94450759887695
2018-12-17,38.5463981628418
2018-12-18,38.45272445678711
2018-12-19,37.492576599121094
2018-12-20,36.35405731201172
2018-12-21,35.07158660888672
2018-12-24,34.57431411743164
2018-12-26,35.07158660888672
2018-12-27,35.09776306152344
2018-12-28,35.28097915649414
2018-12-31,35.490360260009766
2019-01-02,35.85677719116211
2019-01-03,35.7520866394043
2019-01-04,37.13924789428711
2019-01-07,37.92443084716797
2019-01-08,38.526405334472656
2019-01-09,39.02368927001953
2019-01-10,38.50023651123047
2019-01-11,38.78813552856445
2019-01-14,38.343196868896484
2019-01-15,38.50023651123047
2019-01-16,38.08147048950195
2019-01-17,38.395538330078125
2019-01-18,38.55257797241211
2019-01-22,37.13924789428711
2019-01-23,37.06072235107422
2019-01-24,36.851348876953125
2019-01-25,37.7412223815918
2019-01-28,37.45332336425781
2019-01-29,37.2177619934082
2019-01-30,38.00294876098633
2019-01-31,38.238502502441406
2019-02-01,38.21233367919922
2019-02-04,38.395538330078125
2019-02-05,38.70960998535156
2019-02-06,38.5787467956543
2019-02-07,37.767391204833984
2019-02-08,37.270111083984375
2019-02-11,37.81973648071289
2019-02-12,38.63109588623047
2019-02-13,38.21233367919922
2019-02-14,38.29084777832031
2019-02-15,38.97134017944336
2019-02-19,39.416282653808594
2019-02-20,40.14912033081055
2019-02-21,39.808876037597656
2019-02-22,40.541717529296875
2019-02-25,42.66171646118164
2019-02-26,43.18517303466797
2019-02-27,42.373817443847656
2019-02-28,41.74565887451172
2019-03-01,41.876522064208984
2019-03-04,41.719486236572266
2019-03-05,41.536285400390625
2019-03-06,42.08591079711914
2019-03-07,41.92887878417969
2019-03-08,40.51553726196289
2019-03-11,41.35307693481445
2019-03-12,40.98665237426758
2019-03-13,41.117515563964844
2019-03-14,40.72492599487305
2019-03-15,41.35307693481445
2019-03-18,41.82418441772461
2019-03-19,41.7718391418457
2019-03-20,41.798011779785156
2019-03-21,41.719486236572266
2019-03-22,40.38467788696289
2019-03-25,39.835044860839844
2019-03-26,40.541717529296875
2019-03-27,40.358497619628906
2019-03-28,40.46319580078125
2019-03-29,41.1436882019043
2019-04-01,42.4261589050293
2019-04-02,42.50468063354492
2019-04-03,42.84492111206055
2019-04-04,43.106651306152344
2019-04-05,43.028133392333984
2019-04-08,43.1328239440918
2019-04-09,42.373817443847656
2019-04-10,42.53084945678711
2019-04-11,41.98121643066406
2019-04-12,42.5570182800293
2019-04-15,42.03356170654297
2019-04-16,42.5570182800293
2019-04-17,42.5570182800293
2019-04-18,41.9026985168457
2019-04-22,40.85578918457031
2019-04-23,40.8819580078125
2019-04-24,40.14912033081055
2019-04-25,39.337764739990234
2019-04-26,38.94517135620117
2019-04-29,37.898258209228516
2019-04-30,37.50566482543945
2019-05-01,37.270111083984375
2019-05-02,37.13924789428711
2019-05-03,38.15998840332031
2019-05-06,37.0345573425293
2019-05-07,36.27553939819336
2019-05-08,36.35405731201172
2019-05-09,36.27553939819336
2019-05-10,36.48492431640625
2019-05-13,35.09776306152344
2019-05-14,35.83060073852539
2019-05-15,35.673561096191406
2019-05-16,36.66813278198242
2019-05-17,35.88294982910156
2019-05-20,38.02912139892578
2019-05-21,39.91356658935547
2019-05-22,38.99751281738281
2019-05-23,38.107635498046875
2019-05-24,38.395538330078125
2019-05-28,38.840476989746094
2019-05-29,40.14912033081055
2019-05-30,38.78813552856445
2019-05-31,39.468631744384766
2019-06-03,37.976776123046875
2019-06-04,37.767391204833984
2019-06-05,37.81973648071289
2019-06-06,37.715049743652344
2019-06-07,38.68344497680664
2019-06-10,39.20690155029297
2019-06-11,39.62566375732422
2019-06-12,40.20146560668945
2019-06-13,39.70418167114258
2019-06-14,39.416282653808594
2019-06-17,38.63109588623047
2019-06-18,38.65727615356445
2019-06-19,38.55257797241211
2019-06-20,39.20690155029297
2019-06-21,38.99751281738281
2019-06-24,39.10220718383789
2019-06-25,38.474056243896484
2019-06-26,38.73579025268555
2019-06-27,38.81431198120117
2019-06-28,39.756526947021484
2019-07-01,39.416282653808594
2019-07-02,39.65183639526367
2019-07-03,40.27998352050781
2019-07-05,39.756526947021484
2019-07-08,38.89282989501953
2019-07-09,38.21233367919922
2019-07-10,38.21233367919922
2019-07-11,38.02912139892578
2019-07-12,38.107635498046875
2019-07-15,38.474056243896484
2019-07-16,38.317020416259766
2019-07-17,38.107635498046875
2019-07-18,38.00294876098633
2019-07-19,38.186161041259766
2019-07-22,37.87208557128906
2019-07-23,38.29084777832031
2019-07-24,37.55801010131836
2019-07-25,36.66813278198242
2019-07-26,36.74665069580078
2019-07-29,36.30171585083008
2019-07-30,36.144676208496094
2019-07-31,35.987640380859375
2019-08-01,36.03998947143555
2019-08-02,35.59504699707031
2019-08-05,33.84147262573242
2019-08-06,33.73677444458008
2019-08-07,34.495784759521484
2019-08-08,35.490360260009766
2019-08-09,35.46418380737305
2019-08-12,34.443450927734375
2019-08-13,34.65282440185547
2019-08-14,33.527400970458984
2019-08-15,32.951595306396484
2019-08-16,33.291839599609375
2019-08-19,33.42270278930664
2019-08-20,33.42270278930664
2019-08-21,33.16097640991211
2019-08-22,32.50665283203125
2019-08-23,31.40739631652832
2019-08-26,31.35504722595215
2019-08-27,31.276533126831055
2019-08-28,31.302703857421875
2019-08-29,31.53826332092285
2019-08-30,31.930850982666016
2019-09-03,31.957027435302734
2019-09-04,32.45431137084961
2019-09-05,32.846900939941406
2019-09-06,33.23949432373047
2019-09-09,33.9461555480957
2019-09-10,34.15554428100586
2019-09-11,35.202457427978516
2019-09-12,35.542701721191406
2019-09-13,35.80443572998047
2019-09-16,35.725914001464844
2019-09-17,34.60047912597656
2019-09-18,34.39109802246094
2019-09-19,34.33875274658203
2019-09-20,34.18171691894531
2019-09-23,34.129371643066406
2019-09-24,33.579742431640625
2019-09-25,34.05084991455078
2019-09-26,33.448875427246094
2019-09-27,33.00394058227539
2019-09-30,33.0562858581543
2019-10-01,32.45431137084961
2019-10-02,31.930850982666016
2019-10-03,32.218753814697266
2019-10-04,32.061710357666016
2019-10-07,32.218753814697266
2019-10-08,31.957027435302734
2019-10-09,32.32344436645508
2019-10-10,32.45431137084961
2019-10-11,33.10862731933594
2019-10-14,33.03010940551758
2019-10-15,32.951595306396484
2019-10-16,32.76838302612305
2019-10-17,32.58517074584961
2019-10-18,32.32344436645508
2019-10-21,32.55900192260742
2019-10-22,32.82072830200195
2019-10-23,32.716033935546875
2019-10-24,32.4019660949707
2019-10-25,32.50665283203125
2019-10-28,33.16097640991211
2019-10-29,32.82072830200195
2019-10-30,32.55900192260742
2019-10-31,32.48048400878906
2019-11-01,33.16097640991211
2019-11-04,33.8938102722168
2019-11-05,33.86764144897461
2019-11-06,33.99850845336914
2019-11-07,34.36492156982422
2019-11-08,34.129371643066406
2019-11-11,33.97233581542969
2019-11-12,33.579742431640625
2019-11-13,32.76838302612305
2019-11-14,32.663692474365234
2019-11-15,33.1871452331543
2019-11-18,32.663692474365234
2019-11-19,33.0562858581543
2019-11-20,32.76838302612305
2019-11-21,32.32344436645508
2019-11-22,32.61134719848633
2019-11-25,33.13479995727539
2019-11-26,32.89924621582031
2019-11-27,33.501224517822266
2019-11-29,32.977760314941406
2019-12-02,32.74220657348633
2019-12-03,32.140235900878906
2019-12-04,32.977760314941406
2019-12-05,32.977760314941406
2019-12-06,33.213321685791016
2019-12-09,33.03010940551758
2019-12-10,33.34418487548828
2019-12-11,33.448875427246094
2019-12-12,34.5219612121582
2019-12-13,34.783687591552734
2019-12-16,34.67900466918945
2019-12-17,34.83604049682617
2019-12-18,34.46961212158203
2019-12-19,34.5219612121582
2019-12-20,34.234066009521484
2019-12-23,33.928043365478516
2019-12-24,34.83279037475586
2019-12-26,35.019065856933594
2019-12-27,35.63109588623047
2019-12-30,35.92380905151367
2019-12-31,35.73754119873047
2020-01-02,36.66889953613281
2020-01-03,36.58906555175781
2020-01-06,36.93499755859375
2020-01-07,36.93499755859375
2020-01-08,36.77533721923828
2020-01-09,37.22771453857422
2020-01-10,37.33415222167969
2020-01-13,38.265506744384766
2020-01-14,39.223480224609375
2020-01-15,38.1590690612793
2020-01-16,37.46720886230469
2020-01-17,37.786529541015625
2020-01-21,36.66889953613281
2020-01-22,37.068050384521484
2020-01-23,36.26974105834961
2020-01-24,35.7641487121582
2020-01-27,34.540077209472656
2020-01-28,34.114315032958984
2020-01-29,34.540077209472656
2020-01-30,33.60871887207031
2020-01-31,32.86363220214844
2020-02-03,31.479904174804688
2020-02-04,33.34261703491211
2020-02-05,34.486854553222656
2020-02-06,33.981266021728516
2020-02-07,33.10312271118164
2020-02-10,33.82160186767578
2020-02-11,34.64651870727539
2020-02-12,36.40279769897461
2020-02-13,35.97703170776367
2020-02-14,36.24313735961914
2020-02-18,36.00364303588867
2020-02-19,34.67313003540039
2020-02-20,34.540077209472656
2020-02-21,34.27397537231445
2020-02-24,32.19837951660156
2020-02-25,31.958887100219727
2020-02-26,31.746004104614258
2020-02-27,30.788034439086914
2020-02-28,29.21803092956543
2020-03-02,30.814647674560547
2020-03-03,30.04294776916504
2020-03-04,31.107358932495117
2020-03-05,30.255834579467773
2020-03-06,29.69701385498047
2020-03-09,27.568199157714844
2020-03-10,29.563968658447266
2020-03-11,27.99396324157715
2020-03-12,24.667680740356445
2020-03-13,25.46599006652832
2020-03-16,21.39462661743164
2020-03-17,24.534631729125977
2020-03-18,23.576662063598633
2020-03-19,24.268529891967773
2020-03-20,23.071067810058594
2020-03-23,21.634117126464844
2020-03-24,23.949207305908203
2020-03-25,25.199888229370117
2020-03-26,25.599040985107422
2020-03-27,24.215309143066406
2020-03-30,24.96039390563965
2020-03-31,24.96039390563965
2020-04-01,24.162090301513672
2020-04-02,25.093448638916016
2020-04-03,24.401580810546875
2020-04-06,26.024805068969727
2020-04-07,25.572429656982422
2020-04-08,25.678874969482422
2020-04-09,26.690061569213867
2020-04-13,26.344127655029297
2020-04-14,27.355318069458008
2020-04-15,26.326387405395508
2020-04-16,26.095766067504883
2020-04-17,26.849721908569336
2020-04-20,26.379606246948242
2020-04-21,25.31519889831543
2020-04-22,25.92723274230957
2020-04-23,26.42395782470703
2020-04-24,26.335256576538086
2020-04-27,26.6102294921875
2020-04-28,26.947294235229492
2020-04-29,27.408536911010742
2020-04-30,27.81656265258789
2020-05-01,26.548139572143555
2020-05-04,26.51266098022461
2020-05-05,27.506107330322266
2020-05-06,27.559328079223633
2020-05-07,27.568199157714844
2020-05-08,27.81656265258789
2020-05-11,28.34876251220703
2020-05-12,27.62141990661621
2020-05-13,27.59480857849121
2020-05-14,27.381927490234375
2020-05-15,27.488365173339844
2020-05-18,28.91644859313965
2020-05-19,28.384246826171875
2020-05-20,29.111589431762695
2020-05-21,29.09385108947754
2020-05-22,28.774526596069336
2020-05-26,29.191425323486328
2020-05-27,29.830068588256836
2020-05-28,30.158260345458984
2020-05-29,29.97199058532715
2020-06-01,30.663854598999023
2020-06-02,31.04526710510254
2020-06-03,31.887922286987305
2020-06-04,32.35803985595703
2020-06-05,33.750640869140625
2020-06-08,34.27397537231445
2020-06-09,33.67081069946289
2020-06-10,33.076515197753906
2020-06-11,30.672727584838867
2020-06-12,31.11623191833496
2020-06-15,30.282440185546875
2020-06-16,31.054134368896484
2020-06-17,31.071876525878906
2020-06-18,30.796903610229492
2020-06-19,30.69046401977539
2020-06-22,30.814647674560547
2020-06-23,30.70820426940918
2020-06-24,30.61063575744629
2020-06-25,30.4332332611084
2020-06-26,29.74136734008789
2020-06-29,30.13165283203125
2020-06-30,30.27357292175293
2020-07-01,30.61063575744629
2020-07-02,31.20492935180664
2020-07-06,33.63533401489258
2020-07-07,33.48454284667969
2020-07-08,34.58443069458008
2020-07-09,34.46024703979492
2020-07-10,34.44251251220703
2020-07-13,35.498046875
2020-07-14,35.19646453857422
2020-07-15,34.859405517578125
2020-07-16,33.928043365478516
2020-07-17,34.167537689208984
2020-07-20,35.66658020019531
2020-07-21,36.092342376708984
2020-07-22,35.8439826965332
2020-07-23,36.2342643737793
2020-07-24,35.48917770385742
2020-07-27,36.3407096862793
2020-07-28,36.633419036865234
2020-07-29,36.580196380615234
2020-07-30,35.82624053955078
2020-07-31,35.533531188964844
2020-08-03,36.30522155761719
2020-08-04,37.15675354003906
2020-08-05,38.64692687988281
2020-08-06,39.21460723876953
2020-08-07,38.62918472290039
2020-08-10,38.3985595703125
2020-08-11,37.79540252685547
2020-08-12,37.58251190185547
2020-08-13,37.28980255126953
2020-08-14,37.15675354003906
2020-08-17,37.892974853515625
2020-08-18,37.662349700927734
2020-08-19,36.87290954589844
2020-08-20,37.07691955566406
2020-08-21,36.651153564453125
2020-08-24,37.17448806762695
2020-08-25,36.660030364990234
2020-08-26,36.2874870300293
2020-08-27,36.544715881347656
2020-08-28,36.899513244628906
2020-08-31,36.393924713134766
2020-09-01,36.68663787841797
2020-09-02,36.881778717041016
2020-09-03,35.99477767944336
2020-09-04,36.35844421386719
2020-09-08,35.577877044677734
2020-09-09,35.87946319580078
2020-09-10,34.779563903808594
2020-09-11,35.116634368896484
2020-09-14,35.87058639526367
2020-09-15,35.97703170776367
2020-09-16,36.039119720458984
2020-09-17,36.4471435546875
2020-09-18,37.059181213378906
2020-09-21,35.90606689453125
2020-09-22,35.364994049072266
2020-09-23,33.79499053955078
2020-09-24,33.138607025146484
2020-09-25,33.014427185058594
2020-09-28,33.22731018066406
2020-09-29,33.395835876464844
2020-09-30,33.449058532714844
2020-10-01,33.8393440246582
2020-10-02,33.262786865234375
2020-10-05,34.99245071411133
2020-10-06,34.912620544433594
2020-10-07,35.524654388427734
2020-10-08,36.065731048583984
2020-10-09,37.094661712646484
2020-10-12,36.93499755859375
2020-10-13,36.43827438354492
2020-10-14,36.51810836791992
2020-10-15,36.296348571777344
2020-10-16,36.11008071899414
2020-10-19,36.464881896972656
2020-10-20,36.76647186279297
2020-10-21,36.81081771850586
2020-10-22,36.624549865722656
2020-10-23,36.571327209472656
2020-10-26,36.039119720458984
2020-10-27,36.393924713134766
2020-10-28,35.338382720947266
2020-10-29,35.985904693603516
2020-10-30,35.73754119873047
2020-11-02,36.24313735961914
2020-11-03,37.93731689453125
2020-11-04,38.868675231933594
2020-11-05,39.98630905151367
2020-11-06,40.562862396240234
2020-11-09,41.53857421875
2020-11-10,41.281341552734375
2020-11-11,41.352298736572266
2020-11-12,41.42325973510742
2020-11-13,42.82472610473633
2020-11-16,44.980159759521484
2020-11-17,45.19303894042969
2020-11-18,44.95354461669922
2020-11-19,45.237388610839844
2020-11-20,46.186485290527344
2020-11-23,48.324180603027344
2020-11-24,49.450679779052734
2020-11-25,48.65237045288086
2020-11-27,49.76112747192383
2020-11-30,48.89186096191406
2020-12-01,49.35310745239258
2020-12-02,49.184574127197266
2020-12-03,49.37971496582031
2020-12-04,50.63926696777344
2020-12-07,51.286781311035156
2020-12-08,52.57294464111328
2020-12-09,50.985198974609375
2020-12-10,50.736839294433594
2020-12-11,50.16028594970703
2020-12-14,50.337684631347656
2020-12-15,51.26017761230469
2020-12-16,51.10938262939453
2020-12-17,52.34232711791992
2020-12-18,53.65509033203125
2020-12-21,55.503108978271484
2020-12-22,54.921409606933594
2020-12-23,55.986366271972656
2020-12-24,56.23694610595703
2020-12-28,58.510047912597656
2020-12-29,55.64630126953125
2020-12-30,57.8657112121582
2020-12-31,58.9038200378418
2021-01-04,61.427494049072266
2021-01-05,65.94685363769531
2021-01-06,65.06983184814453
2021-01-07,69.5176010131836
2021-01-08,67.49507141113281
2021-01-11,65.89315795898438
2021-01-12,66.6091079711914
2021-01-13,66.9939193725586
2021-01-14,66.87757873535156
2021-01-15,64.7745132446289
2021-01-19,67.28923797607422
2021-01-20,69.9650650024414
2021-01-21,73.96537017822266
2021-01-22,72.68562316894531
2021-01-25,74.09960174560547
2021-01-26,73.96537017822266
2021-01-27,70.58255767822266
2021-01-28,69.34756469726562
2021-01-29,66.3943099975586
2021-02-01,68.55107879638672
2021-02-02,71.28954315185547
2021-02-03,72.83776092529297
2021-02-04,71.01211547851562
2021-02-05,68.37210083007812
2021-02-08,72.95409393310547
2021-02-09,74.55601501464844
2021-02-10,75.1556167602539
2021-02-11,75.02137756347656
2021-02-12,75.95209503173828
2021-02-16,81.33952331542969
2021-02-17,82.60136413574219
2021-02-18,79.37965393066406
2021-02-19,81.2947769165039
2021-02-22,83.52313995361328
2021-02-23,80.13138580322266
2021-02-24,81.25003051757812
2021-02-25,73.83112335205078
2021-02-26,74.52916717529297
2021-03-01,78.63687133789062
2021-03-02,76.20266723632812
2021-03-03,76.40850067138672
2021-03-04,71.02107238769531
2021-03-05,68.94485473632812
2021-03-08,67.05656433105469
2021-03-09,69.34756469726562
2021-03-10,67.13709259033203
2021-03-11,72.50663757324219
2021-03-12,71.94284057617188
2021-03-15,71.99653625488281
2021-03-16,69.58024597167969
2021-03-17,71.10161590576172
2021-03-18,69.1148910522461
2021-03-19,69.04328918457031
2021-03-22,68.739013671875
2021-03-23,63.0294075012207
2021-03-24,60.96213912963867
2021-03-25,62.295570373535156
2021-03-26,65.49044799804688
2021-03-29,64.60447692871094
2021-03-30,66.501708984375
2021-03-31,67.11026000976562
2021-04-01,68.29156494140625
2021-04-05,68.58688354492188
2021-04-06,68.84640502929688
2021-04-07,69.32070922851562
2021-04-08,69.41915893554688
2021-04-09,69.29386901855469
2021-04-12,67.5666732788086
2021-04-13,68.35420227050781
2021-04-14,70.19773864746094
2021-04-15,70.09929656982422
2021-04-16,70.32303619384766
2021-04-19,72.21131896972656
2021-04-20,69.01644134521484
2021-04-21,71.06582641601562
2021-04-22,68.83745574951172
2021-04-23,71.66541290283203
2021-04-26,72.99884796142578
2021-04-27,72.24710845947266
2021-04-28,72.70352172851562
2021-04-29,72.55138397216797
2021-04-30,71.42378234863281
2021-05-03,71.86229705810547
2021-05-04,71.99653625488281
2021-05-05,73.92062377929688
2021-05-06,73.91166687011719
2021-05-07,75.62992095947266
2021-05-10,76.56958770751953
2021-05-11,74.66341400146484
2021-05-12,71.16425323486328
2021-05-13,69.66973876953125
2021-05-14,70.10824584960938
2021-05-17,70.95842742919922
2021-05-18,71.94284057617188
2021-05-19,70.60940551757812
2021-05-20,70.19773864746094
2021-05-21,69.75921630859375
2021-05-24,70.27828979492188
2021-05-25,70.41252136230469
2021-05-26,72.21131896972656
2021-05-27,73.70584106445312
2021-05-28,74.7081527709961
2021-06-01,76.64118194580078
2021-06-02,77.70614624023438
2021-06-03,76.7396240234375
2021-06-04,78.88744354248047
2021-06-07,77.87618255615234
2021-06-08,76.32796478271484
2021-06-09,75.37934875488281
2021-06-10,75.30775451660156
2021-06-11,75.54937744140625
2021-06-14,75.58517456054688
2021-06-15,73.25836944580078
2021-06-16,71.43273162841797
2021-06-17,70.26039123535156
2021-06-18,70.5736083984375
2021-06-21,70.89578247070312
2021-06-22,71.6564712524414
2021-06-23,73.24942779541016
2021-06-24,74.12644958496094
2021-06-25,74.68130493164062
2021-06-28,74.20699310302734
2021-06-29,74.11750030517578
2021-06-30,76.03263092041016
2021-07-01,75.02137756347656
2021-07-02,76.02368927001953
2021-07-06,76.96336364746094
2021-07-07,80.09558868408203
2021-07-08,80.3461685180664
2021-07-09,85.6799087524414
2021-07-12,89.12535095214844
2021-07-13,87.10282897949219
2021-07-14,85.29508209228516
2021-07-15,87.85456848144531
2021-07-16,85.42932891845703
2021-07-19,82.5924301147461
2021-07-20,85.76044464111328
2021-07-21,91.92647552490234
2021-07-22,92.35601806640625
2021-07-23,91.6221923828125
2021-07-26,93.71630859375
2021-07-27,90.35140228271484
2021-07-28,92.0517578125
2021-07-29,96.17735290527344
2021-07-30,97.31389617919922
2021-08-02,97.04542541503906
2021-08-03,94.77232360839844
2021-08-04,99.23798370361328
2021-08-05,98.18197631835938
2021-08-06,99.93602752685547
2021-08-09,98.69208526611328
2021-08-10,100.57141876220703
2021-08-11,102.00330352783203
2021-08-12,101.95854949951172
2021-08-13,101.13522338867188
2021-08-16,95.21083068847656
2021-08-17,90.76306915283203
2021-08-18,93.19725036621094
2021-08-19,92.56185913085938
2021-08-20,92.20389556884766
2021-08-23,97.31389617919922
2021-08-24,99.60490417480469
2021-08-25,100.78620147705078
2021-08-26,98.07457733154297
2021-08-27,99.57804870605469
2021-08-30,102.7729263305664
2021-08-31,105.90515899658203
2021-09-01,102.59394836425781
2021-09-02,104.02582550048828
2021-09-03,102.11067962646484
2021-09-07,103.81103515625
2021-09-08,101.64532470703125
2021-09-09,103.7483901977539
2021-09-10,105.07288360595703
2021-09-13,103.64995574951172
2021-09-14,105.12657165527344
2021-09-15,107.9187240600586
2021-09-16,102.95191192626953
2021-09-17,100.81304931640625
2021-09-20,93.5462646484375
2021-09-21,95.13923645019531
2021-09-22,98.54889678955078
2021-09-23,100.25819396972656
2021-09-24,98.2983169555664
2021-09-27,96.39212799072266
2021-09-28,92.46341705322266
2021-09-29,90.28875732421875
2021-09-30,92.37393188476562
2021-10-01,92.23968505859375
2021-10-04,87.97985076904297
2021-10-05,90.97785186767578
2021-10-06,89.94868469238281
2021-10-07,93.42098236083984
2021-10-08,91.91751098632812
2021-10-11,94.32485961914062
2021-10-12,95.01394653320312
2021-10-13,97.7882080078125
2021-10-14,99.69439697265625
2021-10-15,101.3499984741211
2021-10-18,102.2001724243164
2021-10-19,103.12195587158203
2021-10-20,104.17796325683594
2021-10-21,103.19354248046875
2021-10-22,101.4305419921875
2021-10-25,105.90515899658203
2021-10-26,105.39505004882812
2021-10-27,102.978759765625
2021-10-28,103.22933959960938
2021-10-29,105.75302124023438
2021-11-01,104.85810089111328
2021-11-02,102.58499145507812
2021-11-03,104.07951354980469
2021-11-04,105.78882598876953
2021-11-05,106.46000671386719
2021-11-08,110.28133392333984
2021-11-09,108.38409423828125
2021-11-10,103.81999206542969
2021-11-11,106.40631866455078
2021-11-12,107.25648498535156
2021-11-15,105.48455047607422
2021-11-16,102.62078857421875
2021-11-17,103.87368774414062
2021-11-18,103.73944854736328
2021-11-19,105.06393432617188
2021-11-22,107.14015197753906
2021-11-23,106.5047607421875
2021-11-24,110.9167251586914
2021-11-26,107.63236236572266
2021-11-29,111.53421783447266
2021-11-30,109.95916748046875
2021-12-01,106.85377502441406
2021-12-02,107.84713745117188
2021-12-03,102.8624267578125
2021-12-06,102.72818756103516
2021-12-07,103.13089752197266
2021-12-08,106.24523162841797
2021-12-09,103.84683227539062
2021-12-10,106.32576751708984
2021-12-13,103.03245544433594
2021-12-14,101.9227523803711
2021-12-15,102.36125946044922
2021-12-16,101.43949127197266
2021-12-17,101.314208984375
2021-12-20,97.60595703125
2021-12-21,98.79546356201172
2021-12-22,100.96678924560547
2021-12-23,101.45770263671875
2021-12-27,102.44895935058594
2021-12-28,102.39231872558594
2021-12-29,104.46924591064453
2021-12-30,105.62097930908203
2021-12-31,105.91365051269531
2022-01-03,106.75385284423828
2022-01-04,110.41679382324219
2022-01-05,105.91365051269531
2022-01-06,104.7146987915039
2022-01-07,103.62902069091797
2022-01-10,102.66609191894531
2022-01-11,106.54615783691406
2022-01-12,110.41679382324219
2022-01-13,107.6412582397461
2022-01-14,108.56644439697266
2022-01-18,105.91365051269531
2022-01-19,104.40315246582031
2022-01-20,103.79895782470703
2022-01-21,98.84266662597656
2022-01-24,97.84196472167969
2022-01-25,96.22763061523438
2022-01-26,95.60454559326172
2022-01-27,92.42308044433594
2022-01-28,91.67728424072266
2022-01-31,95.90665435791016
2022-02-01,97.96469116210938
2022-02-02,98.2007064819336
2022-02-03,93.48042297363281
2022-02-04,95.74616241455078
2022-02-07,96.93567657470703
2022-02-08,98.57832336425781
2022-02-09,102.63776397705078
2022-02-10,101.96749114990234
2022-02-11,99.28636932373047
2022-02-14,96.92623138427734
2022-02-15,100.77798461914062
2022-02-16,103.8744888305664
2022-02-17,99.89057159423828
2022-02-18,99.97553253173828
2022-02-22,97.17168426513672
2022-02-23,97.80420684814453
2022-02-24,98.38951873779297
2022-02-25,104.1388168334961
2022-02-28,104.56365203857422
2022-03-01,101.00455474853516
2022-03-02,104.40315246582031
2022-03-03,102.58113861083984
2022-03-04,99.33357238769531
2022-03-07,95.75560760498047
2022-03-08,95.24581146240234
2022-03-09,98.83322143554688
2022-03-10,98.88042449951172
2022-03-11,97.03008270263672
2022-03-14,92.23426818847656
2022-03-15,91.97937774658203
2022-03-16,97.71923828125
2022-03-17,98.9842758178711
2022-03-18,102.75105285644531
2022-03-21,104.44091796875
2022-03-22,108.12273406982422
2022-03-23,107.66014862060547
2022-03-24,110.42623901367188
2022-03-25,110.26575469970703
2022-03-28,108.38706970214844
2022-03-29,110.96434783935547
2022-03-30,111.30420684814453
2022-03-31,111.66294860839844
2022-04-01,115.15595245361328
2022-04-04,120.28218078613281
2022-04-05,113.8814697265625
2022-04-06,110.19966125488281
2022-04-07,109.50105285644531
2022-04-08,108.17938232421875
2022-04-11,103.81784057617188
2022-04-12,102.11853790283203
2022-04-13,106.41399383544922
2022-04-14,104.09162139892578
2022-04-18,102.675537109375
2022-04-19,105.17728424072266
2022-04-20,102.732177734375
2022-04-21,96.95455932617188
2022-04-22,92.79126739501953
2022-04-25,89.89302062988281
2022-04-26,86.81539154052734
2022-04-27,90.1007080078125
2022-04-28,90.0440673828125
2022-04-29,89.96855163574219
2022-05-02,89.36434936523438
2022-05-03,90.85595703125
2022-05-04,93.64092254638672
2022-05-05,89.6570053100586
2022-05-06,86.67378234863281
2022-05-09,81.82133483886719
2022-05-10,82.8786849975586
2022-05-11,82.80316162109375
2022-05-12,80.93392944335938
2022-05-13,84.82343292236328
2022-05-16,86.22063446044922
2022-05-17,91.3374252319336
2022-05-18,88.8639907836914
2022-05-19,92.13986206054688
2022-05-20,91.96049499511719
2022-05-23,94.7549057006836
2022-05-24,92.81014251708984
2022-05-25,92.0265884399414
2022-05-26,95.09476470947266
2022-05-27,97.79476165771484
2022-05-31,96.17098999023438
2022-06-01,89.60035705566406
2022-06-02,94.18846893310547
2022-06-03,93.85804748535156
2022-06-06,95.63288116455078
2022-06-07,96.8507080078125
2022-06-08,94.64161682128906
2022-06-09,90.02517700195312
2022-06-10,88.29756164550781
2022-06-13,84.86119842529297
2022-06-14,84.57797241210938
2022-06-15,85.89021301269531
2022-06-16,82.94476318359375
2022-06-17,85.3049087524414
2022-06-21,83.32239532470703
2022-06-22,79.85769653320312
2022-06-23,78.12063598632812
2022-06-24,83.07693481445312
2022-06-27,85.66364288330078
2022-06-28,84.8139877319336
2022-06-29,82.0951156616211
2022-06-30,81.9440689086914
2022-07-01,81.9440689086914
2022-07-05,78.6681900024414
2022-07-06,77.66748809814453
2022-07-07,80.14092254638672
2022-07-08,80.79231262207031
2022-07-11,76.40245056152344
2022-07-12,73.69300842285156
2022-07-13,75.64720153808594
2022-07-14,75.760498046875
2022-07-15,76.1475601196289
2022-07-18,77.68637084960938
2022-07-19,79.6216812133789
2022-07-20,80.57518005371094
2022-07-21,82.66154479980469
2022-07-22,80.72622680664062
2022-07-25,82.71819305419922
2022-07-26,81.74580383300781
2022-07-27,85.40875244140625
2022-07-28,86.30560302734375
2022-07-29,87.32518005371094
2022-08-01,87.86328887939453
2022-08-02,85.5975570678711
2022-08-03,87.0986099243164
2022-08-04,87.81608581542969
2022-08-05,89.7986068725586
2022-08-08,93.44266510009766
2022-08-09,93.92413330078125
2022-08-10,97.58706665039062
2022-08-11,98.46504974365234
2022-08-12,99.7678451538086
2022-08-15,99.55070495605469
2022-08-16,97.2094497680664
2022-08-17,94.06574249267578
2022-08-18,94.7832260131836
2022-08-19,90.78042602539062
2022-08-22,91.12027740478516
2022-08-23,94.72657775878906
2022-08-24,95.42517852783203
2022-08-25,96.08602142333984
2022-08-26,93.53707122802734
2022-08-29,92.69686126708984
2022-08-30,90.09127044677734
2022-08-31,90.82762908935547
2022-09-01,87.1835708618164
2022-09-02,87.29685974121094
2022-09-06,89.43042755126953
2022-09-07,91.84721374511719
2022-09-08,93.88636779785156
2022-09-09,97.72868347167969
2022-09-12,97.48322296142578
2022-09-13,93.78251647949219
2022-09-14,94.11295318603516
2022-09-15,89.80805206298828
2022-09-16,88.27867126464844
2022-09-19,90.4594497680664
2022-09-20,89.19441986083984
2022-09-21,88.8167953491211
2022-09-22,86.85315704345703
2022-09-23,81.04721069335938
2022-09-26,79.72552490234375
2022-09-27,80.62238311767578
2022-09-28,81.9440689086914
2022-09-29,79.31958770751953
2022-09-30,78.6681900024414
2022-10-03,80.63182830810547
2022-10-04,85.21050262451172
2022-10-05,83.4356689453125
2022-10-06,82.06678771972656
2022-10-07,79.21574401855469
2022-10-10,78.18672180175781
2022-10-11,77.9507064819336
2022-10-12,77.55420684814453
2022-10-13,78.55490112304688
2022-10-14,75.62832641601562
2022-10-17,78.82867431640625
2022-10-18,79.13076782226562
2022-10-19,79.80105590820312
2022-10-20,79.05524444580078
2022-10-21,83.35071563720703
2022-10-24,80.96224975585938
2022-10-25,83.91714477539062
2022-10-26,84.99337005615234
2022-10-27,83.36959075927734
2022-10-28,80.73567199707031
2022-10-31,80.6884765625
2022-11-01,83.78497314453125
2022-11-02,81.38706970214844
2022-11-03,81.58531951904297
2022-11-04,88.58078002929688
2022-11-07,87.75000762939453
2022-11-08,90.14790344238281
2022-11-09,86.37168884277344
2022-11-10,92.16818237304688
2022-11-11,93.35770416259766
2022-11-14,92.39476013183594
2022-11-15,89.47762298583984
2022-11-16,87.43846893310547
2022-11-17,85.53147888183594
2022-11-18,84.91783905029297
2022-11-21,85.06889343261719
2022-11-22,86.64546203613281
2022-11-23,87.78776550292969
2022-11-25,84.32308197021484
2022-11-28,82.35001373291016
2022-11-29,83.7377700805664
2022-11-30,89.27937316894531
2022-12-01,88.42029571533203
2022-12-02,90.79930877685547
2022-12-05,86.3150405883789
2022-12-06,86.44721221923828
2022-12-07,87.43846893310547
2022-12-08,86.18287658691406
2022-12-09,84.92727661132812
2022-12-12,84.19091796875
2022-12-13,85.16329193115234
2022-12-14,83.96434783935547
2022-12-15,79.81049346923828
2022-12-16,77.9412612915039
2022-12-19,76.95182800292969
2022-12-20,76.099365234375
2022-12-21,76.70279693603516
2022-12-22,73.64733123779297
2022-12-23,74.47105407714844
2022-12-27,74.40400695800781
2022-12-28,71.8370361328125
2022-12-29,72.90979766845703
2022-12-30,72.94811248779297
2023-01-03,71.54010772705078
2023-01-04,74.08792877197266
2023-01-05,74.6626205444336
2023-01-06,79.10693359375
2023-01-09,79.94025421142578
2023-01-10,80.24675750732422
2023-01-11,82.54553985595703
2023-01-12,84.72938537597656
2023-01-13,83.92481231689453
2023-01-17,83.35968780517578
2023-01-18,82.78499603271484
2023-01-19,83.2064437866211
2023-01-20,85.92666625976562
2023-01-23,88.92466735839844
2023-01-24,89.73882293701172
2023-01-25,90.98399353027344
2023-01-26,92.26748657226562
2023-01-27,91.85562133789062
2023-01-30,90.70622253417969
2023-01-31,91.24261474609375
2023-02-01,93.3689956665039
2023-02-02,92.9666976928711
2023-02-03,89.6526107788086
2023-02-06,87.25804901123047
2023-02-07,88.76183319091797
2023-02-08,88.16798400878906
2023-02-09,86.63545989990234
2023-02-10,85.11251831054688
2023-02-13,86.06076049804688
2023-02-14,86.34811401367188
2023-02-15,85.8787841796875
2023-02-16,84.49950408935547
2023-02-17,81.87506103515625
2023-02-21,81.72180938720703
2023-02-22,80.52452087402344
2023-02-23,81.63560485839844
2023-02-24,80.91724395751953
2023-02-27,81.59729766845703
2023-02-28,81.29078674316406
2023-03-01,83.45547485351562
2023-03-02,81.4153060913086
2023-03-03,83.8864974975586
2023-03-06,81.73139190673828
2023-03-07,78.52266693115234
2023-03-08,79.05905151367188
2023-03-09,77.67977905273438
2023-03-10,75.59171295166016
2023-03-13,74.46147918701172
2023-03-14,74.49978637695312
2023-03-15,70.86005401611328
2023-03-16,71.89450073242188
2023-03-17,71.56884002685547
2023-03-20,72.38298797607422
2023-03-21,73.67605590820312
2023-03-22,72.70865631103516
2023-03-23,71.59757232666016
2023-03-24,72.03816986083984
2023-03-27,72.24889373779297
2023-03-28,76.58785247802734
2023-03-29,77.75640106201172
2023-03-30,78.51309204101562
2023-03-31,78.13954162597656
2023-04-03,78.91537475585938
2023-04-04,76.58785247802734
2023-04-05,75.99400329589844
2023-04-06,75.34268188476562
2023-04-10,75.70665740966797
2023-04-11,76.81773376464844
2023-04-12,76.62616729736328
2023-04-13,78.4268798828125
2023-04-14,78.84832763671875
2023-04-17,79.518798828125
2023-04-18,79.9115219116211
2023-04-19,79.22187805175781
2023-04-20,76.75067901611328
2023-04-21,75.56298065185547
2023-04-24,76.63574981689453
2023-04-25,73.74311065673828
2023-04-26,74.04960632324219
2023-04-27,75.14153289794922
2023-04-28,76.1568374633789
2023-05-01,74.78713989257812
2023-05-02,74.19329071044922
2023-05-03,74.59557342529297
2023-05-04,74.89250183105469
2023-05-05,77.70851135253906
2023-05-08,79.20272064208984
2023-05-09,79.3559799194336
2023-05-10,80.93639373779297
2023-05-11,81.03217315673828
2023-05-12,80.73524475097656
2023-05-15,82.31566619873047
2023-05-16,80.64904022216797
2023-05-17,81.76969909667969
2023-05-18,81.64517974853516
2023-05-19,81.23331451416016
2023-05-22,81.00343322753906
2023-05-23,79.46134185791016
2023-05-24,78.04375457763672
2023-05-25,77.45948028564453
2023-05-26,77.75640106201172
2023-05-30,76.44418334960938
2023-05-31,75.8694839477539
2023-06-01,77.35411834716797
2023-06-02,80.6298828125
2023-06-05,79.98814392089844
2023-06-06,81.3291015625
2023-06-07,80.5915756225586
2023-06-08,80.96512603759766
2023-06-09,80.53410339355469
2023-06-12,80.48621368408203
2023-06-13,82.12409210205078
2023-06-14,81.6834945678711
2023-06-15,82.7945785522461
2023-06-16,82.8903579711914
2023-06-20,81.08964538574219
2023-06-21,80.7160873413086
2023-06-22,79.57627868652344
2023-06-23,77.94796752929688
2023-06-26,78.4268798828125
2023-06-27,79.1260986328125
2023-06-28,77.81387329101562
2023-06-29,78.15869140625
2023-06-30,79.65290069580078
2023-07-03,81.02259063720703
2023-07-05,81.6834945678711
2023-07-06,79.32723999023438
2023-07-07,80.94596862792969
2023-07-10,81.79843139648438
2023-07-11,82.46891021728516
2023-07-12,83.24475860595703
2023-07-13,84.63360595703125
2023-07-14,83.05319213867188
2023-07-17,82.42102813720703
2023-07-18,82.78499603271484
2023-07-19,81.44403839111328
2023-07-20,81.25247955322266
2023-07-21,79.18356323242188
2023-07-24,77.6606216430664
2023-07-25,79.49964904785156
2023-07-26,79.518798828125
2023-07-27,76.37712860107422
2023-07-28,77.96712493896484
2023-07-31,78.22573852539062
2023-08-01,76.54954528808594
2023-08-02,75.18942260742188
2023-08-03,75.69707489013672
2023-08-04,76.54954528808594
2023-08-07,76.10894012451172
2023-08-08,75.68749237060547
2023-08-09,75.4576187133789
2023-08-10,75.6300277709961
2023-08-11,74.37527465820312
2023-08-14,72.91937255859375
2023-08-15,70.87920379638672
2023-08-16,70.24703216552734
2023-08-17,69.79685974121094
2023-08-18,69.25090026855469
2023-08-21,69.8351821899414
2023-08-22,69.25090026855469
2023-08-23,69.50951385498047
2023-08-24,68.3601303100586
2023-08-25,67.83331298828125
2023-08-28,66.98085021972656
2023-08-29,69.24131774902344
2023-08-30,68.30265045166016
2023-08-31,67.66090393066406
2023-09-01,68.80072021484375
2023-09-05,69.97884368896484
2023-09-06,68.88692474365234
2023-09-07,68.04403686523438
2023-09-08,67.45977020263672
2023-09-11,68.55168151855469
2023-09-12,68.31222534179688
2023-09-13,68.52294921875
2023-09-14,69.24131774902344
2023-09-15,68.80072021484375
2023-09-18,67.71837615966797
2023-09-19,66.61687469482422
2023-09-20,65.4962158203125
2023-09-21,63.494361877441406
2023-09-22,64.3180923461914
2023-09-25,63.896644592285156
2023-09-26,62.21086502075195
2023-09-27,61.70322036743164
2023-09-28,63.61887741088867
2023-09-29,63.53267288208008
2023-10-02,61.60744094848633
2023-10-03,59.567264556884766
2023-10-04,59.596004486083984
2023-10-05,58.48492431640625
2023-10-06,60.0174446105957
2023-10-09,59.931243896484375
2023-10-10,61.913944244384766
2023-10-11,61.32966995239258
2023-10-12,61.23388671875
2023-10-13,60.496360778808594
2023-10-16,60.58256149291992
2023-10-17,60.66876983642578
2023-10-18,57.82402038574219
2023-10-19,55.85089874267578
2023-10-20,55.41029739379883
2023-10-23,54.165122985839844
2023-10-24,56.416019439697266
2023-10-25,55.57312774658203
2023-10-26,55.55397415161133
2023-10-27,55.812583923339844
2023-10-30,55.094215393066406
2023-10-31,54.81644821166992
2023-11-01,54.50994110107422
2023-11-02,55.37198257446289
2023-11-03,56.9332389831543
2023-11-06,56.138248443603516
2023-11-07,55.534812927246094
2023-11-08,54.78771209716797
2023-11-09,54.15554428100586
2023-11-10,53.542537689208984
2023-11-13,53.97355651855469
2023-11-14,56.10951614379883
2023-11-15,56.75125503540039
2023-11-16,54.145965576171875
2023-11-17,56.32981491088867
2023-11-20,56.61716079711914
2023-11-21,56.23402786254883
2023-11-22,55.362403869628906
2023-11-24,55.61144256591797
2023-11-27,54.04060363769531
2023-11-28,54.720664978027344
2023-11-29,54.73981857299805
2023-11-30,54.404579162597656
2023-12-01,55.582706451416016
2023-12-04,53.98313903808594
2023-12-05,51.732242584228516
2023-12-06,53.25518798828125
2023-12-07,54.28963851928711
2023-12-08,54.9313850402832
2023-12-11,53.85861587524414
2023-12-12,52.43145751953125
2023-12-13,54.548255920410156
2023-12-14,56.5596923828125
2023-12-15,56.4351692199707
2023-12-18,56.79914855957031
2023-12-19,57.986854553222656
2023-12-20,55.994571685791016
2023-12-21,57.431312561035156
2023-12-22,58.44660949707031
2023-12-26,59.07877731323242
2023-12-27,59.164981842041016
2023-12-28,59.95039749145508
2023-12-29,58.95425796508789
2024-01-02,58.65733337402344
2024-01-03,56.86619186401367
2024-01-04,55.994571685791016
2024-01-05,55.62102127075195
2024-01-08,55.61144256591797
2024-01-09,53.954402923583984
2024-01-10,52.690067291259766
2024-01-11,52.32609558105469
2024-01-12,51.91423034667969
2024-01-16,49.92194747924805
2024-01-17,48.51394271850586
2024-01-18,48.5714111328125
2024-01-19,47.68062973022461
2024-01-22,46.89521408081055
2024-01-23,46.837745666503906
2024-01-24,47.7476806640625
2024-01-25,47.57526779174805
2024-01-26,47.53696060180664
2024-01-29,48.23617172241211
2024-01-30,46.86648178100586
2024-01-31,45.40100860595703
2024-02-01,45.37226867675781
2024-02-02,43.99300003051758
2024-02-05,42.36469268798828
2024-02-06,44.20372009277344
2024-02-07,44.950828552246094
2024-02-08,45.44889831542969
2024-02-09,46.06190490722656
2024-02-12,46.789852142333984
2024-02-13,44.222877502441406
2024-02-14,45.41058349609375
2024-02-15,46.234317779541016
2024-02-16,48.12123489379883
2024-02-20,46.08106231689453
2024-02-21,46.66533660888672
2024-02-22,46.25347137451172
2024-02-23,46.30136489868164
2024-02-26,46.7802734375
2024-02-27,47.59442901611328
2024-02-28,48.60972595214844
2024-02-29,50.32423400878906
2024-03-01,52.02916717529297
2024-03-04,50.61158752441406
2024-03-05,46.97184371948242
2024-03-06,48.99285888671875
2024-03-07,49.64418029785156
2024-03-08,48.68635177612305
2024-03-11,50.19013977050781
2024-03-12,49.76869583129883
2024-03-13,50.39128494262695
2024-03-14,49.10779571533203
2024-03-15,49.46219253540039
2024-03-18,49.4334602355957
2024-03-19,48.667198181152344
2024-03-20,50.448753356933594
2024-03-21,50.02730941772461
2024-03-22,48.53310012817383
2024-03-25,48.06376266479492
2024-03-26,47.22087478637695
2024-03-27,48.5714111328125
2024-03-28,49.194000244140625
2024-04-01,49.8070068359375
2024-04-02,49.76869583129883
2024-04-03,51.10965347290039
2024-04-04,50.32423400878906
2024-04-05,50.017730712890625
2024-04-08,51.20543670654297
2024-04-09,52.709224700927734
2024-04-10,51.58856964111328
2024-04-11,52.25904846191406
2024-04-12,49.9698371887207
2024-04-15,49.44303512573242
2024-04-16,47.98713684082031
2024-04-17,48.83960723876953
2024-04-18,48.17870330810547
2024-04-19,47.98713684082031
2024-04-22,47.55611801147461
2024-04-23,47.489070892333984
2024-04-24,47.16340637207031
2024-04-25,47.70936965942383
2024-04-26,48.226593017578125
2024-04-29,50.352970123291016
2024-04-30,48.82044982910156
2024-05-01,48.801292419433594
2024-05-02,50.238033294677734
2024-05-03,50.85103988647461
2024-05-06,51.195858001708984
2024-05-07,51.75139617919922
2024-05-08,51.531097412109375
2024-05-09,52.91037368774414
2024-05-10,52.26862335205078
2024-05-13,52.45060729980469
2024-05-14,53.59042739868164
2024-05-15,52.32609558105469
2024-05-16,52.44103240966797
2024-05-17,54.45246887207031
2024-05-20,54.05976104736328
2024-05-21,52.967838287353516
2024-05-22,51.55983352661133
2024-05-23,50.31465530395508
2024-05-24,51.07134246826172
2024-05-28,50.860618591308594
2024-05-29,50.27634811401367
2024-05-30,49.8453254699707
2024-05-31,49.51966094970703
2024-06-03,49.069480895996094
2024-06-04,48.226593017578125
2024-06-05,48.36069107055664
2024-06-06,48.025447845458984
2024-06-07,46.69407272338867
2024-06-10,46.82816696166992
2024-06-11,45.87991714477539
2024-06-12,46.07148361206055
2024-06-13,44.5581169128418
2024-06-14,43.33209991455078
2024-06-17,43.15011215209961
2024-06-18,43.140533447265625
2024-06-20,42.29764175415039
2024-06-21,41.58885192871094
2024-06-24,41.59843063354492
2024-06-25,40.81301498413086
2024-06-26,42.00071716308594
2024-06-27,41.31108474731445
2024-06-28,40.726806640625
2024-07-01,41.157833099365234
2024-07-02,40.994998931884766
2024-07-03,42.38385009765625
2024-07-05,42.163551330566406
2024-07-08,41.751686096191406
2024-07-09,40.83216857910156
2024-07-10,41.45475387573242
2024-07-11,42.8244514465332
2024-07-12,43.3799934387207
2024-07-15,42.652042388916016
2024-07-16,43.16926956176758
2024-07-17,42.249752044677734
2024-07-18,41.272769927978516
2024-07-19,41.157833099365234
2024-07-22,41.08120346069336
2024-07-23,40.180850982666016
2024-07-24,39.05060958862305
2024-07-25,39.37627029418945
2024-07-26,40.21916198730469
2024-07-29,39.46247863769531
2024-07-30,39.136817932128906
2024-07-31,40.094642639160156
2024-08-01,38.76326370239258
2024-08-02,37.479774475097656
2024-08-05,36.35911560058594
2024-08-06,36.34953689575195
2024-08-07,36.36869812011719
2024-08-08,37.25947570800781
2024-08-09,37.02959442138672
2024-08-12,36.454898834228516
2024-08-13,36.876346588134766
2024-08-14,36.148399353027344
2024-08-15,37.202003479003906
2024-08-16,37.33610153198242
2024-08-19,37.95869064331055
2024-08-20,37.62344741821289
2024-08-21,39.539100646972656
2024-08-22,38.533382415771484
2024-08-23,38.82072830200195
2024-08-26,38.83988952636719
2024-08-27,38.380130767822266
2024-08-28,38.07362747192383
2024-08-29,38.66748046875
2024-08-30,38.20772171020508
2024-09-03,36.44532012939453
2024-09-04,36.50279235839844
2024-09-05,36.35911560058594
2024-09-06,34.807437896728516
2024-09-09,35.372554779052734
2024-09-10,34.91279983520508
2024-09-11,37.41272735595703
2024-09-12,37.48935317993164
2024-09-13,37.202003479003906
2024-09-16,37.41272735595703
2024-09-17,37.479774475097656
2024-09-18,37.0391731262207
2024-09-19,38.35139846801758
2024-09-20,37.41272735595703
2024-09-23,38.14067459106445
2024-09-24,40.7076530456543
2024-09-25,39.625308990478516
2024-09-26,42.728668212890625
2024-09-27,43.56197738647461
2024-09-30,44.174983978271484
2024-10-01,44.395286560058594
2024-10-02,45.52552032470703
2024-10-03,44.24203109741211
2024-10-04,45.65003967285156
2024-10-07,48.619300842285156
2024-10-08,45.77455520629883
2024-10-09,45.87991714477539
2024-10-10,46.148109436035156
2024-10-11,46.425880432128906
2024-10-14,45.65961456298828
2024-10-15,44.36655044555664
2024-10-16,44.941246032714844
2024-10-17,44.03131103515625
2024-10-18,44.778419494628906
2024-10-21,44.27076721191406
2024-10-22,45.30522155761719
2024-10-23,44.4144401550293
2024-10-24,44.49106979370117
2024-10-25,45.190284729003906
2024-10-28,46.291786193847656
2024-10-29,45.78413391113281
2024-10-30,44.673057556152344
2024-10-31,44.62516403198242
2024-11-01,46.186424255371094
2024-11-04,46.46419143676758
2024-11-05,47.469913482666016
2024-11-06,46.2630500793457
2024-11-07,47.43159866333008
2024-11-08,45.86076354980469
2024-11-11,46.97184371948242
2024-11-12,45.71708679199219
2024-11-13,46.004432678222656
2024-11-14,44.222877502441406
2024-11-15,43.65776443481445
2024-11-18,43.93553161621094
2024-11-19,44.36655044555664
2024-11-20,44.35697555541992
2024-11-21,44.596431732177734
2024-11-22,44.155826568603516
2024-11-25,44.40486526489258
2024-11-26,43.18842315673828
2024-11-27,43.9163703918457
2024-11-29,44.01215744018555
2024-12-02,44.0600471496582
2024-12-03,44.433597564697266
2024-12-04,42.920230865478516
2024-12-05,42.029457092285156
2024-12-06,41.93367004394531
2024-12-09,43.33209991455078
2024-12-10,42.326377868652344
2024-12-11,42.039031982421875
2024-12-12,41.80915451049805
2024-12-13,40.937530517578125
2024-12-16,40.28620910644531
2024-12-17,40.06591033935547
2024-12-18,38.87820053100586
2024-12-19,38.677059173583984
2024-12-20,38.677059173583984
2024-12-23,39.047298431396484
2024-12-24,39.607086181640625
2024-12-26,39.57762145996094
2024-12-27,39.22407150268555
2024-12-30,38.65447235107422
2024-12-31,38.31074142456055
2025-01-02,38.68393325805664
2025-01-03,39.302642822265625
2025-01-06,40.471309661865234
2025-01-07,40.707008361816406
2025-01-08,40.08829879760742
2025-01-10,39.56780242919922
2025-01-13,40.314178466796875
2025-01-14,40.88378143310547
2025-01-15,41.82657241821289
2025-01-16,41.63998031616211
2025-01-17,42.07209396362305
2025-01-21,41.76764678955078
2025-01-22,41.031089782714844
2025-01-23,40.85431671142578
2025-01-24,40.97216796875
2025-01-27,40.72665023803711
2025-01-28,40.14722442626953
2025-01-29,40.215972900390625
2025-01-30,40.32400131225586
2025-01-31,39.88206481933594
2025-02-03,39.489234924316406
2025-02-04,40.48113250732422
2025-02-05,40.36328125
2025-02-06,40.84449768066406
2025-02-07,40.716827392578125
2025-02-10,40.6873664855957
2025-02-11,40.20615005493164
2025-02-12,40.59897994995117
2025-02-13,41.315895080566406
2025-02-14,40.471309661865234
2025-02-18,40.48113250732422
2025-02-19,40.18650436401367
2025-02-20,41.2569694519043
2025-02-21,40.49095153808594
2025-02-24,40.098121643066406
2025-02-25,39.82313919067383
2025-02-26,39.83296203613281
2025-02-27,39.607086181640625
2025-02-28,39.096405029296875
2025-03-03,38.56608581542969
2025-03-04,38.890167236328125
2025-03-05,40.775753021240234
2025-03-06,40.9525260925293
2025-03-07,41.119476318359375
2025-03-10,40.049015045166016
2025-03-11,40.36328125
2025-03-12,40.15704345703125
2025-03-13,40.54005432128906
2025-03-14,42.032806396484375
2025-03-17,43.32914733886719
2025-03-18,43.702335357666016
2025-03-19,43.48627853393555
2025-03-20,42.297969818115234
2025-03-21,41.81675338745117
2025-03-24,41.689083099365234
2025-03-25,41.67926025390625
2025-03-26,41.17840576171875
2025-03-27,41.06055450439453
2025-03-28,40.14722442626953
2025-03-31,38.8214225769043
2025-04-01,38.8214225769043
2025-04-02,38.271461486816406
2025-04-03,36.88673782348633
2025-04-04,34.038719177246094
2025-04-07,33.41019058227539
2025-04-08,32.06475067138672
2025-04-09,36.07161331176758
2025-04-10,34.86366271972656
2025-04-11,35.84573745727539
2025-04-14,36.94565963745117
2025-04-15,36.18946075439453
2025-04-16,36.31713104248047
2025-04-17,36.49390411376953
2025-04-21,36.06179428100586
2025-04-22,36.4251594543457
2025-04-23,36.562652587890625
2025-04-24,38.065223693847656
2025-04-25,37.721500396728516
2025-04-28,37.358131408691406
2025-04-29,37.65275573730469
2025-04-30,37.13225555419922
2025-05-01,36.778709411621094
2025-05-02,37.51526641845703
2025-05-05,37.210819244384766
2025-05-06,37.74114227294922
2025-05-07,37.633113861083984
2025-05-08,37.9080924987793
2025-05-09,38.222354888916016
2025-05-12,38.95891189575195
2025-05-13,39.21425247192383
2025-05-14,39.05712127685547
2025-05-15,38.95891189575195
2025-05-16,38.605369567871094
2025-05-19,37.466163635253906
2025-05-20,37.426876068115234
2025-05-21,36.25820541381836
2025-05-22,36.60193634033203
2025-05-23,36.876914978027344
2025-05-27,36.37605667114258
2025-05-28,35.87519836425781
2025-05-29,36.169822692871094
2025-05-30,35.81627655029297
2025-06-02,35.39398193359375
2025-06-03,36.10107421875
2025-06-04,37.269744873046875
2025-06-05,38.42859649658203
2025-06-06,38.07504653930664
2025-06-09,39.135684967041016
2025-06-10,39.391029357910156
2025-06-11,39.15532684326172
2025-06-12,39.037479400634766
2025-06-13,38.92945098876953
2025-06-16,39.52851867675781
2025-06-17,39.489234924316406
2025-06-18,39.459774017333984
2025-06-20,38.04558563232422
2025-06-23,38.340206146240234
2025-06-24,39.08658218383789
2025-06-25,39.253536224365234
2025-06-26,40.79539489746094
2025-06-27,40.49095153808594
2025-06-30,39.852603912353516
2025-07-01,39.607086181640625
2025-07-02,40.932884216308594
2025-07-03,41.109657287597656
2025-07-07,39.88206481933594
2025-07-08,41.80693054199219
2025-07-09,41.18822479248047
2025-07-10,44.762977600097656
2025-07-11,45.50935363769531
2025-07-14,46.27537155151367
2025-07-15,46.511070251464844
2025-07-16,46.63874053955078
2025-07-17,48.35737228393555
2025-07-18,49.89923095703125
2025-07-21,50.59650421142578
2025-07-22,52.226749420166016
2025-07-23,51.627681732177734
2025-07-24,53.89627456665039
2025-07-25,53.93555450439453
2025-07-28,52.42316436767578
2025-07-29,51.15628433227539
2025-07-30,49.643890380859375
2025-07-31,48.337730407714844
2025-08-01,48.4752197265625
2025-08-04,50.0170783996582
2025-08-05,50.66524887084961
2025-08-06,50.17420959472656
2025-08-07,51.657142639160156
2025-08-08,53.80788803100586
2025-08-11,56.45949172973633
2025-08-12,56.11576461791992
2025-08-13,56.51841354370117
2025-08-14,55.772037506103516
2025-08-15,57.25497055053711
2025-08-18,58.50220489501953
2025-08-19,57.038917541503906
2025-08-20,55.58544158935547
2025-08-21,56.33182144165039
2025-08-22,57.82457733154297
2025-08-25,60.132450103759766
2025-08-26,58.53166580200195
2025-08-27,60.81990432739258
2025-08-28,60.59402847290039
2025-08-29,61.93946838378906
2025-09-02,59.81818771362305
2025-09-03,59.494102478027344
2025-09-04,58.364715576171875
2025-09-05,59.828006744384766
2025-09-08,60.810081481933594
2025-09-09,58.787010192871094
2025-09-10,56.321998596191406
2025-09-11,57.82457733154297
2025-09-12,58.119197845458984
2025-09-15,59.85747146606445
2025-09-16,59.50392150878906
2025-09-17,59.98514175415039
2025-09-18,60.18155288696289
2025-09-19,60.93775177001953
2025-09-22,60.67259216308594
2025-09-23,60.06370544433594
2025-09-24,63.942901611328125
2025-09-25,65.76956176757812
2025-09-26,64.66963195800781
2025-09-29,64.36519622802734
2025-09-30,64.64017486572266
2025-10-01,66.75164031982422
2025-10-02,68.10689544677734
2025-10-03,72.03519439697266
2025-10-06,72.73246765136719
2025-10-07,72.42803192138672
2025-10-08,73.21369171142578
2025-10-09,73.43956756591797
2025-10-10,68.22474670410156
2025-10-13,77.79998016357422
2025-10-14,78.291015625
2025-10-15,76.49382019042969
2025-10-16,71.54415893554688
2025-10-17,70.18889617919922
2025-10-20,71.200439453125
2025-10-21,68.36223602294922
2025-10-22,67.48819732666016
2025-10-23,69.02022552490234
2025-10-24,72.16287231445312
2025-10-27,68.40151977539062
2025-10-28,67.1739273071289
2025-10-29,68.1952896118164
2025-10-30,70.27728271484375
2025-10-31,69.23628234863281
2025-11-03,65.01335906982422
2025-11-04,62.882259368896484
2025-11-05,62.636741638183594
2025-11-06,62.42068862915039
2025-11-07,64.04110717773438
2025-11-10,67.90066528320312
2025-11-11,67.07572174072266
2025-11-12,67.18375396728516
2025-11-13,68.1952896118164
2025-11-14,68.95148468017578
2025-11-17,70.7879638671875
2025-11-18,70.39513397216797
2025-11-19,72.35928344726562
2025-11-20,69.1184310913086
2025-11-21,67.72389221191406
2025-11-24,67.93994903564453
2025-11-25,70.14961242675781
2025-11-26,72.21197509765625
2025-11-28,73.46902465820312
2025-12-01,71.9369888305664
2025-12-02,71.8584213256836
2025-12-03,71.69147491455078
2025-12-04,69.69786071777344
2025-12-05,70.8567123413086
2025-12-08,72.09412384033203
2025-12-09,72.79139709472656
2025-12-10,73.09584045410156
2025-12-11,73.64579772949219
2025-12-12,71.16114807128906
2025-12-15,69.36395263671875
2025-12-16,68.81399536132812
2025-12-17,70.36567687988281
2025-12-18,70.79778289794922
2025-12-19,71.27900695800781
2025-12-22,74.30999755859375
2025-12-23,74.88999938964844
2025-12-24,76.12999725341797
2025-12-26,76.73999786376953
2025-12-29,74.01000213623047
2025-12-30,74.0
2025-12-31,73.91999816894531
2026-01-02,76.77999877929688
2026-01-05,79.70999908447266
2026-01-06,83.88999938964844
2026-01-07,85.01000213623047
2026-01-08,82.44999694824219
2026-01-09,84.9800033569336
2026-01-12,88.83999633789062
2026-01-13,89.19999694824219
2026-01-14,91.31999969482422
2026-01-15,90.54000091552734
2026-01-16,89.18000030517578
2026-01-20,89.51000213623047
2026-01-21,92.83999633789062
2026-01-22,95.58000183105469
2026-01-23,98.45999908447266
2026-01-26,96.91000366210938
2026-01-27,97.61000061035156
2026-01-28,97.5199966430664
2026-01-29,93.52999877929688
2026-01-30,85.62999725341797
2026-02-02,84.80999755859375
2026-02-03,90.19999694824219
2026-02-04,87.05999755859375
2026-02-05,81.66000366210938
2026-02-06,86.62999725341797
2026-02-09,88.73999786376953
2026-02-10,88.73999786376953
2026-02-11,91.91999816894531
2026-02-12,87.19999694824219
2026-02-13,89.69999694824219
2026-02-17,88.98999786376953
2026-02-18,91.44999694824219
2026-02-19,90.08999633789062
2026-02-20,89.0
2026-02-23,91.31999969482422
2026-02-24,94.69000244140625
2026-02-25,98.19999694824219
2026-02-26,97.55999755859375
2026-02-27,99.86000061035156
2026-03-02,103.19999694824219
2026-03-03,94.93000030517578
2026-03-04,97.86000061035156
2026-03-05,93.4000015258789
2026-03-06,92.52999877929688
2026-03-09,94.69999694824219
2026-03-10,96.48999786376953
2026-03-11,96.91999816894531
2026-03-12,93.80999755859375
2026-03-13,89.51000213623047
2026-03-16,90.0999984741211
2026-03-17,90.12000274658203
2026-03-18,86.66999816894531
2026-03-19,82.94999694824219
2026-03-20,79.0999984741211
2026-03-23,83.62999725341797
2026-03-24,84.62000274658203
2026-03-25,89.1500015258789
2026-03-26,84.5999984741211
2026-03-27,86.0999984741211
2026-03-30,85.4800033569336
2026-03-31,88.0
2026-04-01,88.52999877929688
2026-04-02,88.9000015258789
2026-04-06,88.44000244140625
2026-04-07,89.08999633789062
2026-04-08,93.5999984741211
2026-04-09,93.19999694824219
2026-04-10,94.5
2026-04-13,99.01000213623047
2026-04-14,98.80000305175781
2026-04-15,97.44000244140625
2026-04-16,103.05000305175781
2026-04-17,101.62999725341797
2026-04-20,103.12000274658203
2026-04-21,100.5999984741211
2026-04-22,103.80000305175781
2026-04-23,98.23999786376953
2026-04-24,98.55999755859375
2026-04-27,100.94999694824219
2026-04-28,97.91000366210938
2026-04-29,101.04000091552734
2026-04-30,105.43000030517578
2026-05-01,106.5199966430664
2026-05-04,102.12000274658203
2026-05-05,103.83000183105469
2026-05-06,109.04000091552734
2026-05-07,106.55999755859375
2026-05-08,106.37999725341797
2026-05-11,109.52999877929688
2026-05-12,108.02999877929688
2026-05-13,106.26000213623047
2026-05-14,99.8499984741211
2026-05-15,96.56999969482422
2026-05-18,94.69000244140625
2026-05-19,92.12999725341797
2026-05-20,95.18000030517578
2026-05-21,95.69999694824219
2026-05-22,96.81999969482422
2026-05-26,98.95999908447266
2026-05-27,98.02999877929688
2026-05-28,101.5
2026-05-29,99.62999725341797
2026-06-01,99.44999694824219
2026-06-02,102.18000030517578
2026-06-03,98.31999969482422
2026-06-04,97.0
2026-06-05,88.58999633789062
2026-06-08,87.41999816894531
2026-06-09,88.02999877929688
2026-06-10,85.12999725341797
2026-06-11,92.95999908447266
2026-06-12,95.5
2026-06-15,96.88999938964844
2026-06-16,96.77999877929688
2026-06-17,96.04000091552734
2026-06-18,95.55000305175781
2026-06-22,97.29000091552734
2026-06-23,91.81999969482422
2026-06-24,90.66999816894531
2026-06-25,89.20999908447266
2026-06-26,86.52999877929688
2026-06-29,86.37999725341797
2026-06-30,88.5
2026-07-01,87.66000366210938
2026-07-02,86.72000122070312
2026-07-06,85.33999633789062
2026-07-07,81.05999755859375
2026-07-08,79.6500015258789
2026-07-09,80.02999877929688
2026-07-10,79.76000213623047
2026-07-13,76.2699966430664
2026-07-14,79.13999938964844
2026-07-15,76.6500015258789
2026-07-16,73.2300033569336
2026-07-17,72.66999816894531
2026-07-20,69.8499984741211
2026-07-21,71.94999694824219
2026-07-22,70.95999908447266
2026-07-23,69.52999877929688
2026-07-24,67.51000213623047
2026-07-27,68.72000122070312
2026-07-28,66.08999633789062
2026-07-29,64.58999633789062
2026-07-30,66.44999694824219
2026-07-31,65.97000122070312
2026-08-03,67.62999725341797
2026-08-04,71.5199966430664
2026-08-05,72.45999908447266
2026-08-06,73.41999816894531
2026-08-07,77.04000091552734
2026-08-10,78.44999694824219
2026-08-11,76.72000122070312
2026-08-12,77.02999877929688
2026-08-13,76.12999725341797
2026-08-14,78.55000305175781
2026-08-17,78.93000030517578
2026-08-18,76.55000305175781
2026-08-19,75.98999786376953
2026-08-20,75.69000244140625
2026-08-21,80.75
2026-08-24,79.75
2026-08-25,79.12000274658203
2026-08-26,78.06999969482422
2026-08-27,79.25
2026-08-28,77.41999816894531
2026-08-31,77.5199966430664
2026-09-01,76.19000244140625
2026-09-02,76.29000091552734
2026-09-03,76.02999877929688
2026-09-04,75.66000366210938
2026-09-08,76.7300033569336
2026-09-09,76.33999633789062
2026-09-10,72.41999816894531
2026-09-11,70.55999755859375
2026-09-14,68.93000030517578
2026-09-15,68.30000305175781
2026-09-16,67.61000061035156
2026-09-17,69.0999984741211
2026-09-18,69.05999755859375
2026-09-21,70.2699966430664
2026-09-22,70.97000122070312
2026-09-23,68.76000213623047
2026-09-24,66.93000030517578
2026-09-25,66.66000366210938
2026-09-28,64.47000122070312
2026-09-29,64.79000091552734
2026-09-30,64.26000213623047
2026-10-01,62.95000076293945
2026-10-02,63.209999084472656
2026-10-05,63.540000915527344
2026-10-06,63.790000915527344
2026-10-07,61.880001068115234
