date,adjclose
2011-10-10,20.056676864624023
2011-10-11,19.97555160522461
2011-10-12,20.337491989135742
2011-10-13,20.31878089904785
2011-10-14,20.562149047851562
2011-10-17,20.08787727355957
2011-10-18,20.33125114440918
2011-10-19,20.019237518310547
2011-10-20,20.031715393066406
2011-10-21,20.549673080444336
2011-10-24,20.855449676513672
2011-10-25,20.524707794189453
2011-10-26,20.79928207397461
2011-10-27,21.947519302368164
2011-10-28,21.766555786132812
2011-10-31,20.637039184570312
2011-11-01,19.950593948364258
2011-11-02,20.20020866394043
2011-11-03,20.705678939819336
2011-11-04,20.424863815307617
2011-11-07,20.518470764160156
2011-11-08,20.774324417114258
2011-11-09,19.700977325439453
2011-11-10,19.96306800842285
2011-11-11,20.449827194213867
2011-11-14,20.075401306152344
2011-11-15,20.00676155090332
2011-11-16,19.607372283935547
2011-11-17,19.413909912109375
2011-11-18,19.470075607299805
2011-11-21,18.995805740356445
2011-11-22,18.93964385986328
2011-11-23,18.402965545654297
2011-11-25,18.33431625366211
2011-11-28,19.101898193359375
2011-11-29,19.22670555114746
2011-11-30,20.206451416015625
2011-12-01,20.000505447387695
2011-12-02,20.06915855407715
2011-12-05,20.281335830688477
2011-12-06,20.20020866394043
2011-12-07,20.33125114440918
2011-12-08,19.694738388061523
2011-12-09,20.12531852722168
2011-12-12,19.544960021972656
2011-12-13,19.301584243774414
2011-12-14,19.064455032348633
2011-12-15,19.1705379486084
2011-12-16,19.08941650390625
2011-12-19,18.91468048095703
2011-12-20,19.55120086669922
2011-12-21,19.477603912353516
2011-12-22,19.632553100585938
2011-12-23,19.793947219848633
2011-12-27,19.69065284729004
2011-12-28,19.361398696899414
2011-12-29,19.697101593017578
2011-12-30,19.774574279785156
2012-01-03,20.303972244262695
2012-01-04,20.187761306762695
2012-01-05,19.897241592407227
2012-01-06,19.66482925415039
2012-01-09,19.710023880004883
2012-01-10,20.032819747924805
2012-01-11,19.9682559967041
2012-01-12,20.026355743408203
2012-01-13,19.83268165588379
2012-01-17,20.026355743408203
2012-01-18,20.387893676757812
2012-01-19,20.62676429748535
2012-01-20,20.72360610961914
2012-01-23,20.8268985748291
2012-01-24,20.72360610961914
2012-01-25,20.930191040039062
2012-01-26,20.981847763061523
2012-01-27,21.001203536987305
2012-01-30,20.755884170532227
2012-01-31,20.8850040435791
2012-02-01,21.20134735107422
2012-02-02,21.246536254882812
2012-02-03,21.54996681213379
2012-02-06,21.453123092651367
2012-02-07,21.60161590576172
2012-02-08,21.685544967651367
2012-02-09,21.724279403686523
2012-02-10,21.324005126953125
2012-02-13,21.5693359375
2012-02-14,21.420848846435547
2012-02-15,21.440217971801758
2012-02-16,21.724279403686523
2012-02-17,21.81466293334961
2012-02-21,21.82756233215332
2012-02-22,21.775930404663086
2012-02-23,21.950241088867188
2012-02-24,22.09872817993164
2012-02-27,21.956689834594727
2012-02-28,22.176191329956055
2012-02-29,21.905046463012695
2012-03-01,22.137454986572266
2012-03-02,21.917959213256836
2012-03-05,21.795289993286133
2012-03-06,21.110963821411133
2012-03-07,21.36920166015625
2012-03-08,21.82756233215332
2012-03-09,21.743642807006836
2012-03-12,21.698453903198242
2012-03-13,22.05353355407715
2012-03-14,21.853391647338867
2012-03-15,22.06644630432129
2012-03-16,22.22138214111328
2012-03-19,22.33113670349121
2012-03-20,22.059978485107422
2012-03-21,21.930866241455078
2012-03-22,21.77652359008789
2012-03-23,21.912139892578125
2012-03-26,22.20920753479004
2012-03-27,22.086505889892578
2012-03-28,21.944429397583008
2012-03-29,21.7958927154541
2012-03-30,21.976722717285156
2012-04-02,22.228580474853516
2012-04-03,21.828187942504883
2012-04-04,21.350292205810547
2012-04-05,21.221128463745117
2012-04-09,21.104883193969727
2012-04-10,20.68511390686035
2012-04-11,20.936969757080078
2012-04-12,21.34383201599121
2012-04-13,20.924060821533203
2012-04-16,21.05321502685547
2012-04-17,21.395503997802734
2012-04-18,21.272783279418945
2012-04-19,21.15654754638672
2012-04-20,21.369667053222656
2012-04-23,20.94344139099121
2012-04-24,21.117801666259766
2012-04-25,21.389036178588867
2012-04-26,21.524654388427734
2012-04-27,21.576326370239258
2012-04-30,21.45362663269043
2012-05-01,21.563405990600586
2012-05-02,21.395503997802734
2012-05-03,21.208215713500977
2012-05-04,20.865934371948242
2012-05-07,21.00800895690918
2012-05-08,20.7109432220459
2012-05-09,20.45907974243164
2012-05-10,20.55595588684082
2012-05-11,20.41387367248535
2012-05-14,20.052221298217773
2012-05-15,19.787443161010742
2012-05-16,19.593698501586914
2012-05-17,19.354751586914062
2012-05-18,19.193302154541016
2012-05-21,19.632448196411133
2012-05-22,19.5614070892334
2012-05-23,19.39350700378418
2012-05-24,19.257883071899414
2012-05-25,19.19975471496582
2012-05-29,19.425792694091797
2012-05-30,18.980194091796875
2012-05-31,19.057682037353516
2012-06-01,18.579792022705078
2012-06-04,18.728317260742188
2012-06-05,18.8251895904541
2012-06-06,19.3676700592041
2012-06-07,19.40641975402832
2012-06-08,19.335384368896484
2012-06-11,19.1610107421875
2012-06-12,19.496828079223633
2012-06-13,19.34829330444336
2012-06-14,19.451627731323242
2012-06-15,19.75515365600586
2012-06-18,19.709945678710938
2012-06-19,20.019927978515625
2012-06-20,20.162010192871094
2012-06-21,19.632448196411133
2012-06-22,19.826187133789062
2012-06-25,19.374130249023438
2012-06-26,19.48391342163086
2012-06-27,19.67119789123535
2012-06-28,19.690574645996094
2012-06-29,20.38804054260254
2012-07-02,20.530118942260742
2012-07-03,20.74323272705078
2012-07-05,20.426790237426758
2012-07-06,20.207218170166016
2012-07-09,20.16846466064453
2012-07-10,20.00701904296875
2012-07-11,20.09096908569336
2012-07-12,19.864946365356445
2012-07-13,20.155550003051758
2012-07-16,20.149091720581055
2012-07-17,20.220129013061523
2012-07-18,20.36867332458496
2012-07-19,20.536584854125977
2012-07-20,20.084516525268555
2012-07-23,19.66473960876465
2012-07-24,19.43870735168457
2012-07-25,19.554950714111328
2012-07-26,20.149091720581055
2012-07-27,20.594696044921875
2012-07-30,20.543031692504883
2012-07-31,20.43971061706543
2012-08-01,20.452625274658203
2012-08-02,20.16846466064453
2012-08-03,20.846559524536133
2012-08-06,20.97572135925293
2012-08-07,21.163009643554688
2012-08-08,21.169469833374023
2012-08-09,21.15654754638672
2012-08-10,21.195297241210938
2012-08-13,21.09842300415039
2012-08-14,21.143632888793945
2012-08-15,21.072599411010742
2012-08-16,21.311542510986328
2012-08-17,21.382583618164062
2012-08-20,21.311542510986328
2012-08-21,21.434246063232422
2012-08-22,21.408409118652344
2012-08-23,21.29216957092285
2012-08-24,21.266338348388672
2012-08-27,21.29216957092285
2012-08-28,21.266338348388672
2012-08-29,21.208215713500977
2012-08-30,20.91114616394043
2012-08-31,21.111339569091797
2012-09-04,20.9821834564209
2012-09-05,20.936969757080078
2012-09-06,21.45362663269043
2012-09-07,21.77006721496582
2012-09-10,21.595699310302734
2012-09-11,21.84756088256836
2012-09-12,21.963802337646484
2012-09-13,22.33837127685547
2012-09-14,22.538578033447266
2012-09-17,22.409414291381836
2012-09-18,22.33837127685547
2012-09-19,22.390033721923828
2012-09-20,22.24796485900879
2012-09-21,22.286705017089844
2012-09-24,22.233335494995117
2012-09-25,22.06199836730957
2012-09-26,21.837955474853516
2012-09-27,22.088359832763672
2012-09-28,21.666624069213867
2012-10-01,21.837955474853516
2012-10-02,21.91702651977539
2012-10-03,21.831371307373047
2012-10-04,22.075178146362305
2012-10-05,22.121309280395508
2012-10-08,21.9763240814209
2012-10-09,21.6600341796875
2012-10-10,21.587549209594727
2012-10-11,21.725934982299805
2012-10-12,21.732524871826172
2012-10-15,21.923616409301758
2012-10-16,22.292638778686523
2012-10-17,22.50350570678711
2012-10-18,22.43102264404297
2012-10-19,22.12789535522461
2012-10-22,22.266279220581055
2012-10-23,21.80500602722168
2012-10-24,21.831371307373047
2012-10-25,21.95656967163086
2012-10-26,21.93021011352539
2012-10-31,21.89725685119629
2012-11-01,22.154247283935547
2012-11-02,21.943391799926758
2012-11-05,21.870901107788086
2012-11-06,22.10154151916504
2012-11-07,21.758880615234375
2012-11-08,21.548011779785156
2012-11-09,21.55459976196289
2012-11-12,21.541418075561523
2012-11-13,21.42940330505371
2012-11-14,21.21194076538086
2012-11-15,21.277833938598633
2012-11-16,21.264671325683594
2012-11-19,21.725934982299805
2012-11-20,21.752288818359375
2012-11-21,21.798416137695312
2012-11-23,22.266279220581055
2012-11-26,22.21356201171875
2012-11-27,22.08176612854004
2012-11-28,22.259689331054688
2012-11-29,22.457380294799805
2012-11-30,22.490325927734375
2012-12-03,22.51667594909668
2012-12-04,22.575992584228516
2012-12-05,22.62212371826172
2012-12-06,22.655071258544922
2012-12-07,22.655071258544922
2012-12-10,22.668245315551758
2012-12-11,22.793445587158203
2012-12-12,22.87911033630371
2012-12-13,22.806631088256836
2012-12-14,22.892297744750977
2012-12-17,23.004316329956055
2012-12-18,23.21518325805664
2012-12-19,23.274492263793945
2012-12-20,23.478132247924805
2012-12-21,23.33171844482422
2012-12-24,23.26516342163086
2012-12-26,23.25185203552246
2012-12-27,23.338369369506836
2012-12-28,23.10546112060547
2012-12-31,23.444852828979492
2013-01-02,23.830825805664062
2013-01-03,23.59125518798828
2013-01-04,23.724349975585938
2013-01-07,23.604572296142578
2013-01-08,23.478132247924805
2013-01-09,23.59125518798828
2013-01-10,23.917339324951172
2013-01-11,23.957263946533203
2013-01-14,23.99054527282715
2013-01-15,23.957263946533203
2013-01-16,23.81085968017578
2013-01-17,24.010509490966797
2013-01-18,23.99720001220703
2013-01-22,24.010509490966797
2013-01-23,23.963918685913086
2013-01-24,24.103673934936523
2013-01-25,24.36986541748047
2013-01-28,24.230119705200195
2013-01-29,24.409793853759766
2013-01-30,24.436416625976562
2013-01-31,24.34324073791504
2013-02-01,24.536239624023438
2013-02-04,24.090362548828125
2013-02-05,24.196836471557617
2013-02-06,24.196836471557617
2013-02-07,24.010509490966797
2013-02-08,24.176877975463867
2013-02-11,24.15691566467285
2013-02-12,24.256738662719727
2013-02-13,24.34324073791504
2013-02-14,24.2034912109375
2013-02-15,24.116985321044922
2013-02-19,24.41645050048828
2013-02-20,24.190187454223633
2013-02-21,23.817516326904297
2013-02-22,24.170225143432617
2013-02-25,23.604572296142578
2013-02-26,23.777584075927734
2013-02-27,24.077058792114258
2013-02-28,24.063751220703125
2013-03-01,24.010509490966797
2013-03-04,24.116985321044922
2013-03-05,24.34990692138672
2013-03-06,24.409793853759766
2013-03-07,24.48300552368164
2013-03-08,24.536239624023438
2013-03-11,24.602792739868164
2013-03-12,24.496309280395508
2013-03-13,24.44306755065918
2013-03-14,24.709266662597656
2013-03-15,24.72923469543457
2013-03-18,24.456378936767578
2013-03-19,24.3831787109375
2013-03-20,24.54954719543457
2013-03-21,24.34324073791504
2013-03-22,24.564495086669922
2013-03-25,24.2436466217041
2013-03-26,24.38401985168457
2013-03-27,24.263708114624023
2013-03-28,24.35059928894043
2013-04-01,24.063180923461914
2013-04-02,24.317176818847656
2013-04-03,24.203548431396484
2013-04-04,24.417444229125977
2013-04-05,24.31049156188965
2013-04-08,24.39070701599121
2013-04-09,24.490978240966797
2013-04-10,24.83854866027832
2013-04-11,25.03239631652832
2013-04-12,24.998966217041016
2013-04-15,24.477596282958984
2013-04-16,24.83186912536621
2013-04-17,24.323862075805664
2013-04-18,24.263708114624023
2013-04-19,24.430814743041992
2013-04-22,24.551118850708008
2013-04-23,24.892026901245117
2013-04-24,25.105918884277344
2013-04-25,25.246292114257812
2013-04-26,25.2596492767334
2013-04-29,25.553756713867188
2013-04-30,25.620615005493164
2013-05-01,25.4267578125
2013-05-02,25.50697135925293
2013-05-03,25.814449310302734
2013-05-06,25.794387817382812
2013-05-07,25.861230850219727
2013-05-08,26.128610610961914
2013-05-09,25.88129234313965
2013-05-10,25.894655227661133
2013-05-13,25.894655227661133
2013-05-14,25.988231658935547
2013-05-15,26.07512092590332
2013-05-16,25.861230850219727
2013-05-17,26.07512092590332
2013-05-20,26.208812713623047
2013-05-21,26.248926162719727
2013-05-22,26.01496696472168
2013-05-23,25.620615005493164
2013-05-24,25.420066833496094
2013-05-28,25.46685791015625
2013-05-29,25.246292114257812
2013-05-30,25.366601943969727
2013-05-31,24.858604431152344
2013-06-03,25.025711059570312
2013-06-04,25.07917594909668
2013-06-05,24.5177059173584
2013-06-06,24.658071517944336
2013-06-07,24.945493698120117
2013-06-10,24.9588680267334
2013-06-11,24.644702911376953
2013-06-12,24.631336212158203
2013-06-13,25.0123348236084
2013-06-14,24.718233108520508
2013-06-17,25.072490692138672
2013-06-18,25.22623634338379
2013-06-19,24.765016555786133
2013-06-20,23.842601776123047
2013-06-21,23.922809600830078
2013-06-24,23.512165069580078
2013-06-25,23.851543426513672
2013-06-26,23.96013832092285
2013-06-27,24.21807289123535
2013-06-28,24.16377067565918
2013-07-01,24.40812110900879
2013-07-02,24.28594207763672
2013-07-03,24.279157638549805
2013-07-05,24.3809757232666
2013-07-08,24.509931564331055
2013-07-09,24.659265518188477
2013-07-10,24.706769943237305
2013-07-11,25.38553237915039
2013-07-12,25.242998123168945
2013-07-15,25.392314910888672
2013-07-16,25.358379364013672
2013-07-17,25.453397750854492
2013-07-18,25.602733612060547
2013-07-19,25.575590133666992
2013-07-22,25.71134376525879
2013-07-23,25.745281219482422
2013-07-24,25.718135833740234
2013-07-25,25.745281219482422
2013-07-26,25.602733612060547
2013-07-29,25.378746032714844
2013-07-30,25.37195587158203
2013-07-31,25.419475555419922
2013-08-01,25.772432327270508
2013-08-02,25.97604751586914
2013-08-05,25.948898315429688
2013-08-06,25.894603729248047
2013-08-07,25.745281219482422
2013-08-08,25.97604751586914
2013-08-09,25.9896297454834
2013-08-12,25.948898315429688
2013-08-13,26.1457462310791
2013-08-14,26.152528762817383
2013-08-15,25.928537368774414
2013-08-16,25.97604751586914
2013-08-19,25.792787551879883
2013-08-20,25.75206756591797
2013-08-21,25.446626663208008
2013-08-22,25.71134376525879
2013-08-23,25.935327529907227
2013-08-26,25.765644073486328
2013-08-27,25.33123207092285
2013-08-28,25.304086685180664
2013-08-29,25.304086685180664
2013-08-30,25.0122127532959
2013-09-03,25.480552673339844
2013-09-04,25.71134376525879
2013-09-05,25.704545974731445
2013-09-06,25.85386848449707
2013-09-09,26.22040367126465
2013-09-10,26.505489349365234
2013-09-11,26.580148696899414
2013-09-12,26.451183319091797
2013-09-13,26.54621696472168
2013-09-16,26.783777236938477
2013-09-17,26.797340393066406
2013-09-18,27.503257751464844
2013-09-19,27.38108253479004
2013-09-20,27.157094955444336
2013-09-23,27.17344856262207
2013-09-24,27.118919372558594
2013-09-25,27.132566452026367
2013-09-26,27.234792709350586
2013-09-27,27.18026351928711
2013-09-30,26.975801467895508
2013-10-01,27.132566452026367
2013-10-02,27.10529899597168
2013-10-03,26.934906005859375
2013-10-04,27.009878158569336
2013-10-07,26.73726463317871
2013-10-08,26.560054779052734
2013-10-09,26.648645401000977
2013-10-10,27.146183013916016
2013-10-11,27.29613494873047
2013-10-14,27.37790870666504
2013-10-15,27.234792709350586
2013-10-16,27.466520309448242
2013-10-17,27.800474166870117
2013-10-18,27.964052200317383
2013-10-21,28.00494384765625
2013-10-22,28.270742416381836
2013-10-23,27.964052200317383
2013-10-24,28.154888153076172
2013-10-25,28.07990074157715
2013-10-28,28.039012908935547
2013-10-29,28.08673095703125
2013-10-30,28.025394439697266
2013-10-31,27.841354370117188
2013-11-01,27.70505714416504
2013-11-04,27.827735900878906
2013-11-05,27.589197158813477
2013-11-06,27.854999542236328
2013-11-07,27.38472557067871
2013-11-08,27.54829978942871
2013-11-11,27.582382202148438
2013-11-12,27.521038055419922
2013-11-13,27.596006393432617
2013-11-14,27.725505828857422
2013-11-15,27.977676391601562
2013-11-18,27.99812126159668
2013-11-19,27.916330337524414
2013-11-20,27.725505828857422
2013-11-21,27.889074325561523
2013-11-22,27.970867156982422
2013-11-25,27.889074325561523
2013-11-26,27.882259368896484
2013-11-27,27.977676391601562
2013-11-29,28.025394439697266
2013-12-02,27.834562301635742
2013-12-03,27.609638214111328
2013-12-04,27.452884674072266
2013-12-05,27.302942276000977
2013-12-06,27.636899948120117
2013-12-09,27.643714904785156
2013-12-10,27.55511474609375
2013-12-11,27.330209732055664
2013-12-12,27.125732421875
2013-12-13,27.098480224609375
2013-12-16,27.29613494873047
2013-12-17,27.193899154663086
2013-12-18,27.596006393432617
2013-12-19,27.582382202148438
2013-12-20,27.728321075439453
2013-12-23,28.00238037109375
2013-12-24,28.050350189208984
2013-12-26,28.21478271484375
2013-12-27,28.358667373657227
2013-12-30,28.5094051361084
2013-12-31,28.55735969543457
2014-01-02,28.077743530273438
2014-01-03,28.084598541259766
2014-01-06,28.029783248901367
2014-01-07,28.1942195892334
2014-01-08,28.187366485595703
2014-01-09,28.153114318847656
2014-01-10,28.406627655029297
2014-01-13,28.166828155517578
2014-01-14,28.37921905517578
2014-01-15,28.516239166259766
2014-01-16,28.468278884887695
2014-01-17,28.399768829345703
2014-01-21,28.516239166259766
2014-01-22,28.54365348815918
2014-01-23,28.331256866455078
2014-01-24,27.550172805786133
2014-01-27,27.420000076293945
2014-01-28,27.69405746459961
2014-01-29,27.365182876586914
2014-01-30,27.50906753540039
2014-01-31,27.070554733276367
2014-02-03,26.549842834472656
2014-02-04,26.823911666870117
2014-02-05,26.851308822631836
2014-02-06,27.378896713256836
2014-02-07,27.680356979370117
2014-02-10,27.557022094726562
2014-02-11,28.00922966003418
2014-02-12,28.077743530273438
2014-02-13,28.12571144104004
2014-02-14,28.24903106689453
2014-02-18,28.481990814208984
2014-02-19,28.26274299621582
2014-02-20,28.36551284790039
2014-02-21,28.43402862548828
2014-02-24,28.673830032348633
2014-02-25,28.619020462036133
2014-02-26,28.529953002929688
2014-02-27,28.646434783935547
2014-02-28,28.680681228637695
2014-03-03,28.098295211791992
2014-03-04,28.65328025817871
2014-03-05,28.591617584228516
2014-03-06,28.913644790649414
2014-03-07,28.762908935546875
2014-03-10,28.571063995361328
2014-03-11,28.37236785888672
2014-03-12,28.24903106689453
2014-03-13,27.74886131286621
2014-03-14,27.680356979370117
2014-03-17,28.01608657836914
2014-03-18,28.1942195892334
2014-03-19,27.844791412353516
2014-03-20,27.73517608642578
2014-03-21,27.687213897705078
2014-03-24,27.73517608642578
2014-03-25,28.053020477294922
2014-03-26,28.059947967529297
2014-03-27,28.219223022460938
2014-03-28,28.4200496673584
2014-03-31,28.579317092895508
2014-04-01,28.787071228027344
2014-04-02,28.835540771484375
2014-04-03,28.738595962524414
2014-04-04,28.662431716918945
2014-04-07,28.530838012695312
2014-04-08,28.510074615478516
2014-04-09,28.904796600341797
2014-04-10,28.385421752929688
2014-04-11,28.226152420043945
2014-04-14,28.385421752929688
2014-04-15,28.246919631958008
2014-04-16,28.620874404907227
2014-04-17,28.72474479675293
2014-04-21,28.773212432861328
2014-04-22,28.890939712524414
2014-04-23,28.814777374267578
2014-04-24,28.807846069335938
2014-04-25,28.669347763061523
2014-04-28,28.75244140625
2014-04-29,28.93941307067871
2014-04-30,29.029443740844727
2014-05-01,29.126394271850586
2014-05-02,29.084848403930664
2014-05-05,29.05022430419922
2014-05-06,29.0086727142334
2014-05-07,29.036373138427734
2014-05-08,29.029443740844727
2014-05-09,28.987886428833008
2014-05-12,29.209489822387695
2014-05-13,29.25105094909668
2014-05-14,29.209489822387695
2014-05-15,29.077913284301758
2014-05-16,29.126394271850586
2014-05-19,29.077913284301758
2014-05-20,28.884017944335938
2014-05-21,29.119474411010742
2014-05-22,29.18871307373047
2014-05-23,29.257957458496094
2014-05-27,29.438018798828125
2014-05-28,29.34798812866211
2014-05-29,29.541889190673828
2014-05-30,29.541889190673828
2014-06-02,29.590370178222656
2014-06-03,29.52804183959961
2014-06-04,29.541889190673828
2014-06-05,29.74272346496582
2014-06-06,29.895065307617188
2014-06-09,29.860435485839844
2014-06-10,29.805055618286133
2014-06-11,29.666532516479492
2014-06-12,29.673471450805664
2014-06-13,29.666532516479492
2014-06-16,29.687314987182617
2014-06-17,29.652694702148438
2014-06-18,29.908903121948242
2014-06-19,30.054338455200195
2014-06-20,29.992013931274414
2014-06-23,29.91583824157715
2014-06-24,29.742738723754883
2014-06-25,29.770763397216797
2014-06-26,29.756759643554688
2014-06-27,29.812820434570312
2014-06-30,29.847862243652344
2014-07-01,30.114173889160156
2014-07-02,30.149206161499023
2014-07-03,30.198259353637695
2014-07-07,29.966995239257812
2014-07-08,29.665651321411133
2014-07-09,29.77777099609375
2014-07-10,29.4273681640625
2014-07-11,29.462404251098633
2014-07-14,29.672651290893555
2014-07-15,29.5815486907959
2014-07-16,29.79880142211914
2014-07-17,29.406339645385742
2014-07-18,29.65162467956543
2014-07-21,29.53249740600586
2014-07-22,29.686670303344727
2014-07-23,29.749744415283203
2014-07-24,29.79880142211914
2014-07-25,29.693668365478516
2014-07-28,29.707691192626953
2014-07-29,29.679672241210938
2014-07-30,29.65162467956543
2014-07-31,29.140033721923828
2014-08-01,28.978839874267578
2014-08-04,29.07695960998535
2014-08-05,28.71953582763672
2014-08-06,28.656475067138672
2014-08-07,28.418190002441406
2014-08-08,28.600404739379883
2014-08-11,28.67047691345215
2014-08-12,28.67047691345215
2014-08-13,28.866714477539062
2014-08-14,28.999881744384766
2014-08-15,28.985855102539062
2014-08-18,29.147037506103516
2014-08-19,29.217134475708008
2014-08-20,29.119001388549805
2014-08-21,29.231138229370117
2014-08-22,29.104991912841797
2014-08-25,29.301219940185547
2014-08-26,29.294206619262695
2014-08-27,29.378313064575195
2014-08-28,29.238143920898438
2014-08-29,29.217134475708008
2014-09-02,29.245153427124023
2014-09-03,29.434377670288086
2014-09-04,29.308231353759766
2014-09-05,29.301219940185547
2014-09-08,29.006881713867188
2014-09-09,28.894744873046875
2014-09-10,29.06293487548828
2014-09-11,28.901752471923828
2014-09-12,28.845691680908203
2014-09-15,28.80364990234375
2014-09-16,28.922773361206055
2014-09-17,28.7125301361084
2014-09-18,28.90875816345215
2014-09-19,28.80364990234375
2014-09-22,28.70551872253418
2014-09-23,28.446224212646484
2014-09-24,28.60262680053711
2014-09-25,28.201053619384766
2014-09-26,28.306734085083008
2014-09-29,28.060163497924805
2014-09-30,28.003793716430664
2014-10-01,27.658588409423828
2014-10-02,27.35565948486328
2014-10-03,27.390892028808594
2014-10-06,27.545869827270508
2014-10-07,27.102041244506836
2014-10-08,27.517698287963867
2014-10-09,26.77796745300293
2014-10-10,26.376415252685547
2014-10-13,26.362314224243164
2014-10-14,26.404584884643555
2014-10-15,26.256641387939453
2014-10-16,26.04528045654297
2014-10-17,26.468000411987305
2014-10-20,26.693431854248047
2014-10-21,26.982275009155273
2014-10-22,26.792057037353516
2014-10-23,27.0738582611084
2014-10-24,27.186582565307617
2014-10-27,27.102041244506836
2014-10-28,27.433147430419922
2014-10-29,27.27112579345703
2014-10-30,27.461332321166992
2014-10-31,27.905162811279297
2014-11-03,27.707901000976562
2014-11-04,27.531789779663086
2014-11-05,27.538827896118164
2014-11-06,27.42611312866211
2014-11-07,27.433147430419922
2014-11-10,27.559967041015625
2014-11-11,27.721996307373047
2014-11-12,27.48950958251953
2014-11-13,27.60222816467285
2014-11-14,27.64451026916504
2014-11-17,27.52473258972168
2014-11-18,27.820627212524414
2014-11-19,27.729042053222656
2014-11-20,27.5881404876709
2014-11-21,27.820627212524414
2014-11-24,27.954484939575195
2014-11-25,28.01788902282715
2014-11-26,28.130611419677734
2014-11-28,27.905162811279297
2014-12-01,27.862890243530273
2014-12-02,27.94039535522461
2014-12-03,27.898120880126953
2014-12-04,27.855854034423828
2014-12-05,27.912216186523438
2014-12-08,27.665637969970703
2014-12-09,27.510656356811523
2014-12-10,27.151357650756836
2014-12-11,27.123170852661133
2014-12-12,26.622982025146484
2014-12-15,26.214370727539062
2014-12-16,26.41163444519043
2014-12-17,26.67934226989746
2014-12-18,27.15839958190918
2014-12-19,27.214757919311523
2014-12-22,27.356538772583008
2014-12-23,27.22894287109375
2014-12-24,27.349451065063477
2014-12-26,27.434518814086914
2014-12-29,27.25728988647461
2014-12-30,27.016263961791992
2014-12-31,26.853225708007812
2015-01-02,26.71853256225586
2015-01-05,26.123046875
2015-01-06,25.8323974609375
2015-01-07,26.10887336730957
2015-01-08,26.505857467651367
2015-01-09,26.37825584411621
2015-01-12,26.349895477294922
2015-01-13,26.47749900817871
2015-01-14,26.40660285949707
2015-01-15,26.55548095703125
2015-01-16,26.84613037109375
2015-01-20,26.96664047241211
2015-01-21,27.165138244628906
2015-01-22,27.264385223388672
2015-01-23,27.101333618164062
2015-01-26,27.462881088256836
2015-01-27,27.484134674072266
2015-01-28,27.12260627746582
2015-01-29,27.49123764038086
2015-01-30,27.044620513916016
2015-02-02,27.399080276489258
2015-02-03,27.788972854614258
2015-02-04,27.590484619140625
2015-02-05,27.881128311157227
2015-02-06,27.547943115234375
2015-02-09,27.42034149169922
2015-02-10,27.654277801513672
2015-02-11,27.505403518676758
2015-02-12,27.93075942993164
2015-02-13,28.129240036010742
2015-02-17,28.193050384521484
2015-02-18,28.38445472717285
2015-02-19,28.39862823486328
2015-02-20,28.682188034057617
2015-02-23,28.568767547607422
2015-02-24,28.738901138305664
2015-02-25,28.767255783081055
2015-02-26,28.68927764892578
2015-02-27,28.710548400878906
2015-03-02,28.753070831298828
2015-03-03,28.59002685546875
2015-03-04,28.462425231933594
2015-03-05,28.55459213256836
2015-03-06,28.171783447265625
2015-03-09,28.185951232910156
2015-03-10,27.597570419311523
2015-03-11,27.6684513092041
2015-03-12,28.00872802734375
2015-03-13,27.838590621948242
2015-03-16,28.1505184173584
2015-03-17,28.122154235839844
2015-03-18,28.703454971313477
2015-03-19,28.356090545654297
2015-03-20,28.965742111206055
2015-03-23,29.100433349609375
2015-03-24,29.072078704833984
2015-03-25,28.9161434173584
2015-03-26,28.681175231933594
2015-03-27,28.745256423950195
2015-03-30,28.76662254333496
2015-03-31,28.360759735107422
2015-04-01,28.560121536254883
2015-04-02,28.77373695373535
2015-04-06,29.051433563232422
2015-04-07,29.051433563232422
2015-04-08,29.186721801757812
2015-04-09,29.22943687438965
2015-04-10,29.28641128540039
2015-04-13,29.1297664642334
2015-04-14,29.350494384765625
2015-04-15,29.48579216003418
2015-04-16,29.55698013305664
2015-04-17,29.20096778869629
2015-04-20,29.250808715820312
2015-04-21,29.500019073486328
2015-04-22,29.56411361694336
2015-04-23,29.6922664642334
2015-04-24,29.856054306030273
2015-04-27,29.969970703125
2015-04-28,30.01980972290039
2015-04-29,29.75634765625
2015-04-30,29.45729637145996
2015-05-01,29.70651626586914
2015-05-04,29.734996795654297
2015-05-05,29.28641128540039
2015-05-06,29.350494384765625
2015-05-07,29.250808715820312
2015-05-08,29.884532928466797
2015-05-11,29.621076583862305
2015-05-12,29.621076583862305
2015-05-13,29.834692001342773
2015-05-14,30.190704345703125
2015-05-15,30.226306915283203
2015-05-18,30.126625061035156
2015-05-19,30.012699127197266
2015-05-20,30.06966781616211
2015-05-21,30.233430862426758
2015-05-22,30.04829978942871
2015-05-26,29.542747497558594
2015-05-27,29.791959762573242
2015-05-28,29.727863311767578
2015-05-29,29.443056106567383
2015-06-01,29.371845245361328
2015-06-02,29.471542358398438
2015-06-03,29.642431259155273
2015-06-04,29.300642013549805
2015-06-05,28.980228424072266
2015-06-08,28.951751708984375
2015-06-09,28.787975311279297
2015-06-10,29.386093139648438
2015-06-11,29.471542358398438
2015-06-12,29.236568450927734
2015-06-15,29.051433563232422
2015-06-16,29.044309616088867
2015-06-17,28.965988159179688
2015-06-18,29.24367904663086
2015-06-19,29.17960548400879
2015-06-22,29.685152053833008
2015-06-23,29.791959762573242
2015-06-24,29.54986000061035
2015-06-25,29.542747497558594
2015-06-26,29.516071319580078
2015-06-29,28.62928581237793
2015-06-30,28.586034774780273
2015-07-01,28.773483276367188
2015-07-02,28.845569610595703
2015-07-06,28.254396438598633
2015-07-07,28.247180938720703
2015-07-08,27.56226348876953
2015-07-09,28.009260177612305
2015-07-10,28.859996795654297
2015-07-13,28.982559204101562
2015-07-14,29.184423446655273
2015-07-15,29.06908416748047
2015-07-16,29.31419563293457
2015-07-17,29.270952224731445
2015-07-20,29.3358211517334
2015-07-21,29.25652503967285
2015-07-22,29.011394500732422
2015-07-23,28.917665481567383
2015-07-24,28.60765838623047
2015-07-27,28.42741584777832
2015-07-28,28.780698776245117
2015-07-29,28.881622314453125
2015-07-30,28.867216110229492
2015-07-31,29.00419044494629
2015-08-03,28.917665481567383
2015-08-04,28.94651222229004
2015-08-05,29.09790802001953
2015-08-06,28.968135833740234
2015-08-07,28.939313888549805
2015-08-10,29.292579650878906
2015-08-11,28.831151962280273
2015-08-12,28.643709182739258
2015-08-13,28.636507034301758
2015-08-14,28.686979293823242
2015-08-17,28.62928581237793
2015-08-18,28.405786514282227
2015-08-19,28.175094604492188
2015-08-20,27.48296356201172
2015-08-21,26.790847778320312
2015-08-24,25.889644622802734
2015-08-25,26.149192810058594
2015-08-26,26.826892852783203
2015-08-27,27.180166244506836
2015-08-28,27.108076095581055
2015-08-31,26.90619468688965
2015-09-01,26.026620864868164
2015-09-02,26.43036651611328
2015-09-03,26.466405868530273
2015-09-04,25.875225067138672
2015-09-08,26.625022888183594
2015-09-09,26.524089813232422
2015-09-10,26.697126388549805
2015-09-11,26.689899444580078
2015-09-14,26.495256423950195
2015-09-15,26.689899444580078
2015-09-16,27.072017669677734
2015-09-17,27.08643913269043
2015-09-18,26.437572479248047
2015-09-21,26.437572479248047
2015-09-22,25.81755256652832
2015-09-23,25.694982528686523
2015-09-24,25.608482360839844
2015-09-25,25.844539642333984
2015-09-28,25.34488296508789
2015-09-29,25.2941951751709
2015-09-30,25.80833625793457
2015-10-01,25.880746841430664
2015-10-02,26.307994842529297
2015-10-05,26.83661651611328
2015-10-06,26.865585327148438
2015-10-07,27.184200286865234
2015-10-08,27.408687591552734
2015-10-09,27.466615676879883
2015-10-12,27.415918350219727
2015-10-13,27.09005355834961
2015-10-14,27.133512496948242
2015-10-15,27.63315773010254
2015-10-16,27.61867904663086
2015-10-19,27.502817153930664
2015-10-20,27.408687591552734
2015-10-21,27.386959075927734
2015-10-22,27.712820053100586
2015-10-23,27.966272354125977
2015-10-26,27.864885330200195
2015-10-27,27.61867904663086
2015-10-28,27.770753860473633
2015-10-29,27.5679874420166
2015-10-30,27.5462703704834
2015-11-02,27.814193725585938
2015-11-03,27.814193725585938
2015-11-04,27.63315773010254
2015-11-05,27.596954345703125
2015-11-06,27.466615676879883
2015-11-09,27.176963806152344
2015-11-10,27.169721603393555
2015-11-11,27.300064086914062
2015-11-12,26.97418975830078
2015-11-13,26.764192581176758
2015-11-16,27.082822799682617
2015-11-17,27.119029998779297
2015-11-18,27.379711151123047
2015-11-19,27.524551391601562
2015-11-20,27.466615676879883
2015-11-23,27.300064086914062
2015-11-24,27.336278915405273
2015-11-25,27.379711151123047
2015-11-27,27.37247657775879
2015-11-30,27.336278915405273
2015-12-01,27.63315773010254
2015-12-02,27.343505859375
2015-12-03,27.213171005249023
2015-12-04,27.408687591552734
2015-12-07,27.184200286865234
2015-12-08,26.771438598632812
2015-12-09,26.713510513305664
2015-12-10,26.706274032592773
2015-12-11,26.22833824157715
2015-12-14,26.286264419555664
2015-12-15,26.38763427734375
2015-12-16,26.92350959777832
2015-12-17,26.612133026123047
2015-12-18,26.329715728759766
2015-12-21,26.498016357421875
2015-12-22,26.694725036621094
2015-12-23,27.131866455078125
2015-12-24,27.059009552001953
2015-12-28,26.978878021240234
2015-12-29,27.263017654418945
2015-12-30,27.095436096191406
2015-12-31,26.75301170349121
2016-01-04,26.352304458618164
2016-01-05,26.323165893554688
2016-01-06,25.842309951782227
2016-01-07,25.354158401489258
2016-01-08,25.040876388549805
2016-01-11,25.15015983581543
2016-01-12,25.252166748046875
2016-01-13,24.873308181762695
2016-01-14,25.164735794067383
2016-01-15,24.29045295715332
2016-01-19,24.501739501953125
2016-01-20,23.94074249267578
2016-01-21,24.122886657714844
2016-01-22,24.822307586669922
2016-01-25,24.465307235717773
2016-01-26,24.90973472595215
2016-01-27,24.74945640563965
2016-01-28,24.844152450561523
2016-01-29,25.27402114868164
2016-02-01,25.223020553588867
2016-02-02,24.65473747253418
2016-02-03,24.873308181762695
2016-02-04,24.924312591552734
2016-02-05,24.55274200439453
2016-02-08,24.108306884765625
2016-02-09,23.846031188964844
2016-02-10,23.795026779174805
2016-02-11,23.481740951538086
2016-02-12,23.853315353393555
2016-02-16,24.312314987182617
2016-02-17,24.74945640563965
2016-02-18,24.632884979248047
2016-02-19,24.589160919189453
2016-02-22,24.88788414001465
2016-02-23,24.472599029541016
2016-02-24,24.39974021911621
2016-02-25,24.691162109375
2016-02-26,24.603740692138672
2016-02-29,24.49445915222168
2016-03-01,25.128307342529297
2016-03-02,25.303165435791016
2016-03-03,25.572734832763672
2016-03-04,25.769447326660156
2016-03-07,25.747587203979492
2016-03-08,25.46344757080078
2016-03-09,25.572734832763672
2016-03-10,25.55087661743164
2016-03-11,26.2138729095459
2016-03-14,26.15558624267578
2016-03-15,25.889955520629883
2016-03-16,26.16071128845215
2016-03-17,26.402191162109375
2016-03-18,26.358291625976562
2016-03-21,26.307065963745117
2016-03-22,26.277788162231445
2016-03-23,25.99240493774414
2016-03-24,25.8240966796875
2016-03-28,25.98508071899414
2016-03-29,26.292428970336914
2016-03-30,26.490001678466797
2016-03-31,26.255842208862305
2016-04-01,25.963132858276367
2016-04-04,25.904598236083984
2016-04-05,25.4216251373291
2016-04-06,25.83141326904297
2016-04-07,25.465526580810547
2016-04-08,25.948503494262695
2016-04-11,25.9704532623291
2016-04-12,26.365598678588867
2016-04-13,26.782705307006836
2016-04-14,26.81197738647461
2016-04-15,26.738815307617188
2016-04-18,26.98029327392578
2016-04-19,27.44861602783203
2016-04-20,27.455944061279297
2016-04-21,27.294950485229492
2016-04-22,27.272994995117188
2016-04-25,27.15591049194336
2016-04-26,27.258352279663086
2016-04-27,27.302265167236328
2016-04-28,26.951026916503906
2016-04-29,26.86320686340332
2016-05-02,27.090051651000977
2016-05-03,26.6363582611084
2016-05-04,26.314380645751953
2016-05-05,26.292428970336914
2016-05-06,26.350967407226562
2016-05-09,26.263154983520508
2016-05-10,26.650997161865234
2016-05-11,26.460739135742188
2016-05-12,26.438785552978516
2016-05-13,26.146074295043945
2016-05-16,26.468055725097656
2016-05-17,26.314380645751953
2016-05-18,26.292428970336914
2016-05-19,26.11680030822754
2016-05-20,26.358291625976562
2016-05-23,26.270471572875977
2016-05-24,26.592458724975586
2016-05-25,26.855894088745117
2016-05-26,26.9144344329834
2016-05-27,26.877838134765625
2016-05-31,26.782705307006836
2016-06-01,26.76807975769043
2016-06-02,26.775390625
2016-06-03,26.987611770629883
2016-06-06,27.170547485351562
2016-06-07,27.375436782836914
2016-06-08,27.4632625579834
2016-06-09,27.11932945251465
2016-06-10,26.387556076049805
2016-06-13,26.007034301757812
2016-06-14,25.637605667114258
2016-06-15,25.808229446411133
2016-06-16,25.815641403198242
2016-06-17,26.060455322265625
2016-06-20,26.66875457763672
2016-06-21,26.87646484375
2016-06-22,26.83195686340332
2016-06-23,27.536685943603516
2016-06-24,25.281536102294922
2016-06-27,24.79192352294922
2016-06-28,25.45215606689453
2016-06-29,25.912086486816406
2016-06-30,26.23107147216797
2016-07-01,26.290420532226562
2016-07-05,25.77114486694336
2016-07-06,25.778554916381836
2016-07-07,25.667278289794922
2016-07-08,26.023361206054688
2016-07-11,26.379440307617188
2016-07-12,26.75034523010254
2016-07-13,26.728090286254883
2016-07-14,26.958066940307617
2016-07-15,26.824535369873047
2016-07-18,26.883886337280273
2016-07-19,26.66875457763672
2016-07-20,26.861623764038086
2016-07-21,26.794862747192383
2016-07-22,26.8096923828125
2016-07-25,26.765186309814453
2016-07-26,26.89129638671875
2016-07-27,27.00998878479004
2016-07-28,27.00998878479004
2016-07-29,27.321569442749023
2016-08-01,27.165775299072266
2016-08-02,27.032236099243164
2016-08-03,26.928390502929688
2016-08-04,27.084177017211914
2016-08-05,27.18060302734375
2016-08-08,27.269620895385742
2016-08-09,27.4921817779541
2016-08-10,27.588611602783203
2016-08-11,27.796337127685547
2016-08-12,27.722148895263672
2016-08-15,27.840845108032227
2016-08-16,27.774066925048828
2016-08-17,27.774066925048828
2016-08-18,27.9150333404541
2016-08-19,27.707307815551758
2016-08-22,27.72956085205078
2016-08-23,27.84825897216797
2016-08-24,27.76666259765625
2016-08-25,27.677642822265625
2016-08-26,27.484766006469727
2016-08-29,27.588611602783203
2016-08-30,27.529272079467773
2016-08-31,27.432838439941406
2016-09-01,27.662805557250977
2016-09-02,27.944692611694336
2016-09-06,28.21175765991211
2016-09-07,28.21175765991211
2016-09-08,28.152414321899414
2016-09-09,27.5589599609375
2016-09-12,27.774066925048828
2016-09-13,27.189010620117188
2016-09-14,27.174089431762695
2016-09-15,27.41259765625
2016-09-16,27.077211380004883
2016-09-19,27.25608253479004
2016-09-20,27.375343322753906
2016-09-21,27.897056579589844
2016-09-22,28.172815322875977
2016-09-23,27.904497146606445
2016-09-26,27.658554077148438
2016-09-27,27.792713165283203
2016-09-28,28.03866195678711
2016-09-29,27.69581413269043
2016-09-30,27.882144927978516
2016-10-03,27.829967498779297
2016-10-04,27.747987747192383
2016-10-05,27.897056579589844
2016-10-06,27.747987747192383
2016-10-07,27.569114685058594
2016-10-10,27.680912017822266
2016-10-11,27.2784366607666
2016-10-12,27.241172790527344
2016-10-13,27.166656494140625
2016-10-14,27.189010620117188
2016-10-17,27.144287109375
2016-10-18,27.43494987487793
2016-10-19,27.531856536865234
2016-10-20,27.531856536865234
2016-10-21,27.47222900390625
2016-10-24,27.43494987487793
2016-10-25,27.41259765625
2016-10-26,27.2784366607666
2016-10-27,27.248624801635742
2016-10-28,27.233728408813477
2016-10-31,27.211368560791016
2016-11-01,27.136829376220703
2016-11-02,26.935598373413086
2016-11-03,26.920703887939453
2016-11-04,26.697099685668945
2016-11-07,27.062301635742188
2016-11-08,27.129383087158203
2016-11-09,27.084657669067383
2016-11-10,26.995223999023438
2016-11-11,26.77908706665039
2016-11-14,26.65983772277832
2016-11-15,26.82380485534668
2016-11-16,26.57784080505371
2016-11-17,26.756729125976562
2016-11-18,26.518230438232422
2016-11-21,26.749267578125
2016-11-22,26.831260681152344
2016-11-23,26.734365463256836
2016-11-25,26.786531448364258
2016-11-28,26.68964958190918
2016-11-29,26.838706970214844
2016-11-30,26.80144691467285
2016-12-01,26.734365463256836
2016-12-02,26.80889320373535
2016-12-05,27.017578125
2016-12-06,27.203914642333984
2016-12-07,27.561660766601562
2016-12-08,27.584014892578125
2016-12-09,27.666000366210938
2016-12-12,27.576560974121094
2016-12-13,27.867237091064453
2016-12-14,27.41259765625
2016-12-15,27.36787986755371
2016-12-16,27.375343322753906
2016-12-19,27.35297966003418
2016-12-20,27.41259765625
2016-12-21,27.41259765625
2016-12-22,27.33745765686035
2016-12-23,27.397558212280273
2016-12-27,27.35999298095703
2016-12-28,27.307392120361328
2016-12-29,27.40507698059082
2016-12-30,27.457691192626953
2017-01-03,27.63051414489746
2017-01-04,27.96866226196289
2017-01-05,28.21664047241211
2017-01-06,28.103925704956055
2017-01-09,28.036291122436523
2017-01-10,28.06635284423828
2017-01-11,28.261730194091797
2017-01-12,28.284271240234375
2017-01-13,28.38947296142578
2017-01-17,28.314332962036133
2017-01-18,28.186582565307617
2017-01-19,28.133974075317383
2017-01-20,28.269245147705078
2017-01-23,28.329362869262695
2017-01-24,28.44959259033203
2017-01-25,28.727630615234375
2017-01-26,28.637449264526367
2017-01-27,28.5698184967041
2017-01-30,28.366931915283203
2017-01-31,28.464616775512695
2017-02-01,28.562299728393555
2017-02-02,28.607389450073242
2017-02-03,28.727630615234375
2017-02-06,28.517223358154297
2017-02-07,28.494672775268555
2017-02-08,28.539758682250977
2017-02-09,28.644954681396484
2017-02-10,28.75016212463379
2017-02-13,28.855371475219727
2017-02-14,28.84033966064453
2017-02-15,28.945545196533203
2017-02-16,29.00564956665039
2017-02-17,28.90796661376953
2017-02-21,29.035717010498047
2017-02-22,29.013172149658203
2017-02-23,29.06578254699707
2017-02-24,28.81778907775879
2017-02-27,28.832820892333984
2017-02-28,28.76518440246582
2017-03-01,29.04323387145996
2017-03-02,28.862876892089844
2017-03-03,29.00564956665039
2017-03-06,28.90796661376953
2017-03-07,28.832820892333984
2017-03-08,28.682544708251953
2017-03-09,28.802772521972656
2017-03-10,29.0281925201416
2017-03-13,29.163454055786133
2017-03-14,28.945545196533203
2017-03-15,29.39640998840332
2017-03-16,29.516645431518555
2017-03-17,29.561723709106445
2017-03-20,29.546695709228516
2017-03-21,29.373863220214844
2017-03-22,29.411439895629883
2017-03-23,29.494098663330078
2017-03-24,29.569528579711914
2017-03-27,29.637418746948242
2017-03-28,29.7731990814209
2017-03-29,29.8033504486084
2017-03-30,29.69020652770996
2017-03-31,29.64495277404785
2017-04-03,29.614784240722656
2017-04-04,29.599702835083008
2017-04-05,29.441287994384766
2017-04-06,29.46392250061035
2017-04-07,29.42619514465332
2017-04-10,29.42619514465332
2017-04-11,29.546890258789062
2017-04-12,29.52427101135254
2017-04-13,29.335678100585938
2017-04-17,29.57706069946289
2017-04-18,29.403573989868164
2017-04-19,29.267789840698242
2017-04-20,29.53180694580078
2017-04-21,29.546890258789062
2017-04-24,30.19561004638672
2017-04-25,30.39173698425293
2017-04-26,30.278594970703125
2017-04-27,30.323843002319336
2017-04-28,30.301212310791016
2017-05-01,30.384197235107422
2017-05-02,30.565227508544922
2017-05-03,30.46717643737793
2017-05-04,30.685928344726562
2017-05-05,30.995201110839844
2017-05-08,30.85188102722168
2017-05-09,30.799074172973633
2017-05-10,30.84433364868164
2017-05-11,30.78398895263672
2017-05-12,30.919769287109375
2017-05-15,31.100812911987305
2017-05-16,31.259212493896484
2017-05-17,30.882051467895508
2017-05-18,30.942401885986328
2017-05-19,31.29691505432129
2017-05-22,31.37990379333496
2017-05-23,31.349733352661133
2017-05-24,31.417617797851562
2017-05-25,31.410083770751953
2017-05-26,31.327091217041016
2017-05-30,31.2742919921875
2017-05-31,31.334640502929688
2017-06-01,31.545852661132812
2017-06-02,31.847599029541016
2017-06-05,31.711793899536133
2017-06-06,31.63636589050293
2017-06-07,31.61374282836914
2017-06-08,31.568485260009766
2017-06-09,31.45534324645996
2017-06-12,31.357271194458008
2017-06-13,31.628833770751953
2017-06-14,31.591114044189453
2017-06-15,31.251678466796875
2017-06-16,31.530763626098633
2017-06-19,31.643918991088867
2017-06-20,31.357271194458008
2017-06-21,31.328277587890625
2017-06-22,31.38932228088379
2017-06-23,31.458005905151367
2017-06-26,31.519073486328125
2017-06-27,31.51144027709961
2017-06-28,31.793806076049805
2017-06-29,31.473278045654297
2017-06-30,31.534334182739258
2017-07-03,31.473278045654297
2017-07-05,31.488542556762695
2017-07-06,31.29774284362793
2017-07-07,31.35116958618164
2017-07-10,31.404584884643555
2017-07-11,31.503808975219727
2017-07-12,31.786178588867188
2017-07-13,31.877761840820312
2017-07-14,32.10670471191406
2017-07-17,32.053287506103516
2017-07-18,32.12197494506836
2017-07-19,32.27460861206055
2017-07-20,32.38145446777344
2017-07-21,32.29749298095703
2017-07-24,32.23644256591797
2017-07-25,32.259342193603516
2017-07-26,32.46540069580078
2017-07-27,32.343299865722656
2017-07-28,32.373817443847656
2017-07-31,32.4425048828125
2017-08-01,32.625675201416016
2017-08-02,32.61040115356445
2017-08-03,32.56462097167969
2017-08-04,32.61040115356445
2017-08-07,32.63330078125
2017-08-08,32.46540069580078
2017-08-09,32.38145446777344
2017-08-10,31.91591453552246
2017-08-11,31.908283233642578
2017-08-14,32.129608154296875
2017-08-15,32.09907531738281
2017-08-16,32.29749298095703
2017-08-17,31.93117332458496
2017-08-18,32.02276611328125
2017-08-21,32.030399322509766
2017-08-22,32.19065475463867
2017-08-23,32.205928802490234
2017-08-24,32.16777420043945
2017-08-25,32.35856246948242
2017-08-28,32.35856246948242
2017-08-29,32.221187591552734
2017-08-30,32.1754035949707
2017-08-31,32.450138092041016
2017-09-01,32.51119613647461
2017-09-05,32.27460861206055
2017-09-06,32.51119613647461
2017-09-07,32.77830123901367
2017-09-08,32.77068328857422
2017-09-11,33.01488494873047
2017-09-12,33.08356857299805
2017-09-13,32.93094253540039
2017-09-14,33.022518157958984
2017-09-15,33.037776947021484
2017-09-18,33.091209411621094
2017-09-19,33.2514762878418
2017-09-20,33.16640853881836
2017-09-21,33.11275863647461
2017-09-22,33.18940353393555
2017-09-25,33.04378890991211
2017-09-26,32.92118453979492
2017-09-27,32.967166900634766
2017-09-28,33.07445526123047
2017-09-29,33.26602554321289
2017-10-02,33.227718353271484
2017-10-03,33.357994079589844
2017-10-04,33.29668045043945
2017-10-05,33.26602554321289
2017-10-06,33.227718353271484
2017-10-09,33.243038177490234
2017-10-10,33.5495719909668
2017-10-11,33.664512634277344
2017-10-12,33.664512634277344
2017-10-13,33.83311462402344
2017-10-16,33.80245590209961
2017-10-17,33.72582244873047
2017-10-18,33.78712844848633
2017-10-19,33.72582244873047
2017-10-20,33.679847717285156
2017-10-23,33.595542907714844
2017-10-24,33.67218017578125
2017-10-25,33.53424072265625
2017-10-26,33.495914459228516
2017-10-27,33.62620162963867
2017-10-30,33.70283889770508
2017-10-31,33.85610580444336
2017-11-01,33.9327278137207
2017-11-02,34.0016975402832
2017-11-03,33.9710578918457
2017-11-06,34.0323486328125
2017-11-07,33.91740036010742
2017-11-08,34.06300735473633
2017-11-09,33.83311462402344
2017-11-10,33.748809814453125
2017-11-13,33.6185302734375
2017-11-14,33.587890625
2017-11-15,33.42695236206055
2017-11-16,33.748809814453125
2017-11-17,33.6185302734375
2017-11-20,33.679847717285156
2017-11-21,33.940391540527344
2017-11-22,34.05533981323242
2017-11-24,34.26991653442383
2017-11-27,34.05533981323242
2017-11-28,34.22393798828125
2017-11-29,34.07832717895508
2017-11-30,34.147308349609375
2017-12-01,34.04767608642578
2017-12-04,33.90973663330078
2017-12-05,33.8637580871582
2017-12-06,33.71050262451172
2017-12-07,33.810115814208984
2017-12-08,34.0016975402832
2017-12-11,34.07065200805664
2017-12-12,34.093650817871094
2017-12-13,34.239261627197266
2017-12-14,34.07832717895508
2017-12-15,34.05533981323242
2017-12-18,34.438499450683594
2017-12-19,34.33122253417969
2017-12-20,34.30823516845703
2017-12-21,34.41810607910156
2017-12-22,34.50321960449219
2017-12-26,34.51095962524414
2017-12-27,34.59607696533203
2017-12-28,34.70439910888672
2017-12-29,34.712154388427734
2018-01-02,35.0139274597168
2018-01-03,35.23058319091797
2018-01-04,35.54783630371094
2018-01-05,35.718082427978516
2018-01-08,35.702598571777344
2018-01-09,35.73354721069336
2018-01-10,35.64070510864258
2018-01-11,35.87283706665039
2018-01-12,36.213287353515625
2018-01-16,36.17460632324219
2018-01-17,36.36804962158203
2018-01-18,36.28294372558594
2018-01-19,36.445438385009766
2018-01-22,36.638877868652344
2018-01-23,36.75495529174805
2018-01-24,36.87101745605469
2018-01-25,36.73946762084961
2018-01-26,37.04899215698242
2018-01-29,36.70851516723633
2018-01-30,36.42995834350586
2018-01-31,36.360313415527344
2018-02-01,36.45317077636719
2018-02-02,35.66390609741211
2018-02-05,34.20918655395508
2018-02-06,34.87464141845703
2018-02-07,34.402618408203125
2018-02-08,33.55146789550781
2018-02-09,33.78360366821289
2018-02-12,34.232398986816406
2018-02-13,34.10084915161133
2018-02-14,34.7740478515625
2018-02-15,34.99844741821289
2018-02-16,35.122257232666016
2018-02-20,34.76631164550781
2018-02-21,34.63477325439453
2018-02-22,34.78178405761719
2018-02-23,35.12998962402344
2018-02-26,35.40855026245117
2018-02-27,34.86689376831055
2018-02-28,34.50321960449219
2018-03-01,34.05442428588867
2018-03-02,34.155025482177734
2018-03-05,34.2943000793457
2018-03-06,34.58060073852539
2018-03-07,34.541908264160156
2018-03-08,34.64250946044922
2018-03-09,34.89785385131836
2018-03-12,34.952022552490234
2018-03-13,34.73537063598633
2018-03-14,34.78951644897461
2018-03-15,34.78178405761719
2018-03-16,34.73537063598633
2018-03-19,34.44905471801758
2018-03-20,34.480018615722656
2018-03-21,34.565120697021484
2018-03-22,33.93062210083008
2018-03-23,33.51277542114258
2018-03-26,34.11237716674805
2018-03-27,33.832763671875
2018-03-28,33.99588394165039
2018-03-29,34.36868667602539
2018-04-02,33.85607147216797
2018-04-03,34.120147705078125
2018-04-04,34.19781494140625
2018-04-05,34.454124450683594
2018-04-06,34.17450714111328
2018-04-09,34.46966552734375
2018-04-10,34.850242614746094
2018-04-11,34.687137603759766
2018-04-12,34.81917953491211
2018-04-13,34.850242614746094
2018-04-16,34.91237258911133
2018-04-17,35.09102249145508
2018-04-18,35.300724029541016
2018-04-19,35.13762283325195
2018-04-20,34.966739654541016
2018-04-23,34.927913665771484
2018-04-24,34.77257537841797
2018-04-25,34.69489669799805
2018-04-26,34.951210021972656
2018-04-27,34.99003982543945
2018-04-30,34.80363464355469
2018-05-01,34.77257537841797
2018-05-02,34.72596740722656
2018-05-03,34.79587936401367
2018-05-04,34.927913665771484
2018-05-07,34.92013931274414
2018-05-08,34.92013931274414
2018-05-09,35.02888488769531
2018-05-10,35.27742385864258
2018-05-11,35.34732437133789
2018-05-14,35.409461975097656
2018-05-15,35.11431884765625
2018-05-16,35.22306442260742
2018-05-17,35.2696533203125
2018-05-18,35.145389556884766
2018-05-21,35.37063217163086
2018-05-22,35.34732437133789
2018-05-23,35.01334762573242
2018-05-24,34.89684295654297
2018-05-25,34.70267105102539
2018-05-29,34.00364303588867
2018-05-30,34.492958068847656
2018-05-31,34.30656051635742
2018-06-01,34.5628662109375
2018-06-04,34.71820831298828
2018-06-05,34.67936706542969
2018-06-06,34.974517822265625
2018-06-07,34.77257537841797
2018-06-08,34.83470153808594
2018-06-11,35.0599479675293
2018-06-12,34.84248352050781
2018-06-13,34.85801315307617
2018-06-14,34.77257537841797
2018-06-15,34.531795501708984
2018-06-18,34.2910270690918
2018-06-19,33.9182014465332
2018-06-20,33.98810577392578
2018-06-21,33.755096435546875
2018-06-22,34.116878509521484
2018-06-25,33.637142181396484
2018-06-26,33.67646408081055
2018-06-27,33.36973571777344
2018-06-28,33.487701416015625
2018-06-29,33.7393798828125
2018-07-02,33.37759780883789
2018-07-03,33.44838333129883
2018-07-05,33.66071701049805
2018-07-06,33.8887939453125
2018-07-09,34.19552230834961
2018-07-10,34.23484802246094
2018-07-11,33.637142181396484
2018-07-12,33.920265197753906
2018-07-13,34.0146484375
2018-07-16,34.02250671386719
2018-07-17,34.06182861328125
2018-07-18,34.077552795410156
2018-07-19,33.93598175048828
2018-07-20,34.14047622680664
2018-07-23,34.08543014526367
2018-07-24,34.297760009765625
2018-07-25,34.55730438232422
2018-07-26,34.415733337402344
2018-07-27,34.50225067138672
2018-07-30,34.4786491394043
2018-07-31,34.510108947753906
2018-08-01,34.392147064208984
2018-08-02,34.132606506347656
2018-08-03,34.17978286743164
2018-08-06,34.0146484375
2018-08-07,34.22697830200195
2018-08-08,34.219112396240234
2018-08-09,34.15620422363281
2018-08-10,33.511295318603516
2018-08-13,33.34614181518555
2018-08-14,33.393333435058594
2018-08-15,32.88212585449219
2018-08-16,33.110198974609375
2018-08-17,33.330406188964844
2018-08-20,33.47198486328125
2018-08-21,33.69219207763672
2018-08-22,33.85734558105469
2018-08-23,33.605682373046875
2018-08-24,33.85734558105469
2018-08-27,34.32135009765625
2018-08-28,34.242713928222656
2018-08-29,34.431461334228516
2018-08-30,34.12474060058594
2018-08-31,33.91238784790039
2018-09-04,33.574214935302734
2018-09-05,33.322547912597656
2018-09-06,33.2045783996582
2018-09-07,32.93717956542969
2018-09-10,33.11805725097656
2018-09-11,33.165245056152344
2018-09-12,33.306819915771484
2018-09-13,33.5191535949707
2018-09-14,33.589942932128906
2018-09-17,33.621402740478516
2018-09-18,33.96745300292969
2018-09-19,34.08543014526367
2018-09-20,34.45505905151367
2018-09-21,34.46292495727539
2018-09-24,34.31349182128906
2018-09-25,34.4786491394043
2018-09-26,34.49285888671875
2018-09-27,34.39814758300781
2018-09-28,34.15345764160156
2018-10-01,34.24028396606445
2018-10-02,34.019264221191406
2018-10-03,33.96401596069336
2018-10-04,33.52989959716797
2018-10-05,33.36415481567383
2018-10-08,33.1826057434082
2018-10-09,33.064212799072266
2018-10-10,32.31435775756836
2018-10-11,31.864459991455078
2018-10-12,32.02231216430664
2018-10-15,31.96706771850586
2018-10-16,32.51957702636719
2018-10-17,32.3222541809082
2018-10-18,31.809207916259766
2018-10-19,31.974952697753906
2018-10-22,31.824995040893555
2018-10-23,31.501380920410156
2018-10-24,30.633134841918945
2018-10-25,30.972536087036133
2018-10-26,30.71206283569336
2018-10-29,30.585773468017578
2018-10-30,30.964649200439453
2018-10-31,31.217226028442383
2018-11-01,31.62766456604004
2018-11-02,31.71449089050293
2018-11-05,31.698699951171875
2018-11-06,31.864459991455078
2018-11-07,32.25910949707031
2018-11-08,31.93549156188965
2018-11-09,31.70658302307129
2018-11-12,31.161964416503906
2018-11-13,31.280364990234375
2018-11-14,31.31194496154785
2018-11-15,31.414552688598633
2018-11-16,31.446125030517578
2018-11-19,31.185657501220703
2018-11-20,30.609455108642578
2018-11-21,31.059358596801758
2018-11-23,30.85415267944336
2018-11-26,31.272472381591797
2018-11-27,31.17776107788086
2018-11-28,31.635555267333984
2018-11-29,31.485578536987305
2018-11-30,31.375083923339844
2018-12-03,31.793413162231445
2018-12-04,30.988323211669922
2018-12-06,30.696285247802734
2018-12-07,30.372665405273438
2018-12-10,30.1121883392334
2018-12-11,30.143753051757812
2018-12-12,30.61734962463379
2018-12-13,30.562088012695312
2018-12-14,30.143753051757812
2018-12-17,29.883289337158203
2018-12-18,29.914859771728516
2018-12-19,29.591249465942383
2018-12-20,29.480741500854492
2018-12-21,28.904544830322266
2018-12-24,28.588668823242188
2018-12-26,29.314546585083008
2018-12-27,29.338476181030273
2018-12-28,29.529926300048828
2018-12-31,29.593734741210938
2019-01-02,29.553850173950195
2019-01-03,29.314546585083008
2019-01-04,30.215919494628906
2019-01-07,30.311641693115234
2019-01-08,30.52701187133789
2019-01-09,30.901926040649414
2019-01-10,31.02954864501953
2019-01-11,30.83810806274414
2019-01-14,30.678573608398438
2019-01-15,30.870006561279297
2019-01-16,30.965728759765625
2019-01-17,31.069435119628906
2019-01-18,31.404460906982422
2019-01-22,30.91786003112793
2019-01-23,31.077409744262695
2019-01-24,31.117286682128906
2019-01-25,31.508142471313477
2019-01-28,31.356595993041992
2019-01-29,31.444337844848633
2019-01-30,31.795316696166992
2019-01-31,31.803295135498047
2019-02-01,31.787338256835938
2019-02-04,31.899003982543945
2019-02-05,32.154273986816406
2019-02-06,31.946863174438477
2019-02-07,31.540054321289062
2019-02-08,31.42838478088379
2019-02-11,31.36457633972168
2019-02-12,31.77936363220215
2019-02-13,31.787338256835938
2019-02-14,31.787338256835938
2019-02-15,32.21809005737305
2019-02-19,32.377620697021484
2019-02-20,32.5052490234375
2019-02-21,32.42548370361328
2019-02-22,32.545127868652344
2019-02-25,32.64883041381836
2019-02-26,32.78443145751953
2019-02-27,32.68074035644531
2019-02-28,32.545127868652344
2019-03-01,32.74455261230469
2019-03-04,32.6169319152832
2019-03-05,32.64085006713867
2019-03-06,32.545127868652344
2019-03-07,32.130340576171875
2019-03-08,32.0904541015625
2019-03-11,32.38560485839844
2019-03-12,32.40155029296875
2019-03-13,32.64085006713867
2019-03-14,32.60894775390625
2019-03-15,32.93598937988281
2019-03-18,33.047664642333984
2019-03-19,33.135406494140625
2019-03-20,33.103492736816406
2019-03-21,33.135406494140625
2019-03-22,32.49726867675781
2019-03-25,32.49726867675781
2019-03-26,32.696693420410156
2019-03-27,32.64883041381836
2019-03-28,32.62879180908203
2019-03-29,32.74095916748047
2019-04-01,33.1655387878418
2019-04-02,33.18956756591797
2019-04-03,33.4459228515625
2019-04-04,33.381839752197266
2019-04-05,33.45393371582031
2019-04-08,33.477970123291016
2019-04-09,33.277687072753906
2019-04-10,33.41388702392578
2019-04-11,33.349796295166016
2019-04-12,33.59812927246094
2019-04-15,33.61415100097656
2019-04-16,33.670230865478516
2019-04-17,33.7263069152832
2019-04-18,33.662227630615234
2019-04-22,33.63016891479492
2019-04-23,33.71028518676758
2019-04-24,33.41388702392578
2019-04-25,33.38984680175781
2019-04-26,33.51801681518555
2019-04-29,33.64619827270508
2019-04-30,33.670230865478516
2019-05-01,33.4459228515625
2019-05-02,33.381839752197266
2019-05-03,33.71028518676758
2019-05-06,33.38984680175781
2019-05-07,32.82908248901367
2019-05-08,32.87714385986328
2019-05-09,32.63681411743164
2019-05-10,32.85310745239258
2019-05-13,32.11609649658203
2019-05-14,32.420509338378906
2019-05-15,32.564720153808594
2019-05-16,32.76499938964844
2019-05-17,32.58073806762695
2019-05-20,32.43653869628906
2019-05-21,32.660850524902344
2019-05-22,32.53267288208008
2019-05-23,32.2042121887207
2019-05-24,32.54068374633789
2019-05-28,32.26029586791992
2019-05-29,32.04399490356445
2019-05-30,32.16417694091797
2019-05-31,31.91582489013672
2019-06-03,32.04399490356445
2019-06-04,32.460567474365234
2019-06-05,32.444541931152344
2019-06-06,32.58073806762695
2019-06-07,32.965274810791016
2019-06-10,33.05338668823242
2019-06-11,33.21360397338867
2019-06-12,32.949249267578125
2019-06-13,32.965274810791016
2019-06-14,32.74095916748047
2019-06-17,32.76525115966797
2019-06-18,33.218868255615234
2019-06-19,33.40516662597656
2019-06-20,33.72917938232422
2019-06-21,33.60767364501953
2019-06-24,33.65626907348633
2019-06-25,33.47808074951172
2019-06-26,33.51858139038086
2019-06-27,33.59957504272461
2019-06-28,33.78588104248047
2019-07-01,33.93978500366211
2019-07-02,34.045082092285156
2019-07-03,34.22330093383789
2019-07-05,33.98838424682617
2019-07-08,33.78588104248047
2019-07-09,33.623878479003906
2019-07-10,33.769676208496094
2019-07-11,33.77777862548828
2019-07-12,33.81827926635742
2019-07-15,33.850677490234375
2019-07-16,33.696773529052734
2019-07-17,33.63196563720703
2019-07-18,33.72917938232422
2019-07-19,33.68057632446289
2019-07-22,33.71297073364258
2019-07-23,33.907379150390625
2019-07-24,33.91548538208008
2019-07-25,33.575279235839844
2019-07-26,33.6724739074707
2019-07-29,33.66437911987305
2019-07-30,33.30797576904297
2019-07-31,33.09736633300781
2019-08-01,32.9677619934082
2019-08-02,32.70855712890625
2019-08-05,31.874229431152344
2019-08-06,32.09294509887695
2019-08-07,32.22254180908203
2019-08-08,32.55465316772461
2019-08-09,32.31975173950195
2019-08-12,32.044334411621094
2019-08-13,32.36024856567383
2019-08-14,31.48542594909668
2019-08-15,31.55022621154785
2019-08-16,31.922834396362305
2019-08-19,32.11724090576172
2019-08-20,32.028141021728516
2019-08-21,32.295433044433594
2019-08-22,32.18204879760742
2019-08-23,31.785137176513672
2019-08-26,32.06053924560547
2019-08-27,32.05244064331055
2019-08-28,32.06053924560547
2019-08-29,32.31163787841797
2019-08-30,32.47365188598633
2019-09-03,32.34404373168945
2019-09-04,32.79764938354492
2019-09-05,33.0649528503418
2019-09-06,33.13787078857422
2019-09-09,33.202674865722656
2019-09-10,33.299869537353516
2019-09-11,33.50237274169922
2019-09-12,33.68057632446289
2019-09-13,33.834476470947266
2019-09-16,33.59147262573242
2019-09-17,33.72107696533203
2019-09-18,33.63196563720703
2019-09-19,33.769676208496094
2019-09-20,33.696773529052734
2019-09-23,33.64817810058594
2019-09-24,33.50547790527344
2019-09-25,33.44839096069336
2019-09-26,33.52178192138672
2019-09-27,33.37500762939453
2019-09-30,33.4973258972168
2019-10-01,33.19562530517578
2019-10-02,32.535133361816406
2019-10-03,32.763450622558594
2019-10-04,33.0162239074707
2019-10-07,32.9754524230957
2019-10-08,32.66559600830078
2019-10-09,32.92652893066406
2019-10-10,33.1385383605957
2019-10-11,33.70117950439453
2019-10-14,33.5788688659668
2019-10-15,33.953956604003906
2019-10-16,33.9784049987793
2019-10-17,34.068115234375
2019-10-18,34.02734375
2019-10-21,34.239349365234375
2019-10-22,34.157814025878906
2019-10-23,34.32088851928711
2019-10-24,34.377967834472656
2019-10-25,34.40243148803711
2019-10-28,34.5573616027832
2019-10-29,34.51659393310547
2019-10-30,34.65522003173828
2019-10-31,34.57366943359375
2019-11-01,34.88353729248047
2019-11-04,35.071083068847656
2019-11-05,35.062923431396484
2019-11-06,35.030311584472656
2019-11-07,35.185237884521484
2019-11-08,35.111846923828125
2019-11-11,35.079227447509766
2019-11-12,35.08738327026367
2019-11-13,34.97322082519531
2019-11-14,34.94876480102539
2019-11-15,35.1607666015625
2019-11-18,35.20154571533203
2019-11-19,35.136314392089844
2019-11-20,34.924293518066406
2019-11-21,34.8753776550293
2019-11-22,34.9161491394043
2019-11-25,35.185237884521484
2019-11-26,35.2097053527832
2019-11-27,35.30755615234375
2019-11-29,35.03845977783203
2019-12-02,34.88353729248047
2019-12-03,34.75307083129883
2019-12-04,35.05476760864258
2019-12-05,35.02214813232422
2019-12-06,35.323856353759766
2019-12-09,35.136314392089844
2019-12-10,35.16891860961914
2019-12-11,35.3646240234375
2019-12-12,35.641868591308594
2019-12-13,35.845726013183594
2019-12-16,36.20450973510742
2019-12-17,36.07404327392578
2019-12-18,35.98434829711914
2019-12-19,36.0169563293457
2019-12-20,36.07404327392578
2019-12-23,36.123443603515625
2019-12-24,36.09050750732422
2019-12-26,36.255245208740234
2019-12-27,36.354068756103516
2019-12-30,36.09050750732422
2019-12-31,36.28818130493164
2020-01-02,36.58467483520508
2020-01-03,36.13994216918945
2020-01-06,36.26347351074219
2020-01-07,36.2058219909668
2020-01-08,36.255245208740234
2020-01-09,36.40348434448242
2020-01-10,36.27994155883789
2020-01-13,36.49407196044922
2020-01-14,36.5187873840332
2020-01-15,36.49407196044922
2020-01-16,36.691749572753906
2020-01-17,36.78234100341797
2020-01-21,36.48584747314453
2020-01-22,36.57644271850586
2020-01-23,36.48584747314453
2020-01-24,36.34583282470703
2020-01-27,35.579872131347656
2020-01-28,35.88459396362305
2020-01-29,35.89285659790039
2020-01-30,35.810482025146484
2020-01-31,35.20101547241211
2020-02-03,35.32455062866211
2020-02-04,35.89285659790039
2020-02-05,36.2387580871582
2020-02-06,36.3623046875
2020-02-07,36.00815200805664
2020-02-10,36.09050750732422
2020-02-11,36.33759689331055
2020-02-12,36.48584747314453
2020-02-13,36.222286224365234
2020-02-14,36.19758224487305
2020-02-18,35.95050048828125
2020-02-19,36.0987548828125
2020-02-20,35.8351936340332
2020-02-21,35.670475006103516
2020-02-24,34.27857208251953
2020-02-25,33.69380569458008
2020-02-26,33.71852493286133
2020-02-27,32.68901443481445
2020-02-28,32.507808685302734
2020-03-02,32.93608474731445
2020-03-03,32.672542572021484
2020-03-04,33.570274353027344
2020-03-05,32.68901443481445
2020-03-06,32.21131896972656
2020-03-09,29.592241287231445
2020-03-10,30.69586944580078
2020-03-11,29.098073959350586
2020-03-12,25.844829559326172
2020-03-13,27.475566864013672
2020-03-16,24.502342224121094
2020-03-17,25.61421775817871
2020-03-18,24.09054183959961
2020-03-19,24.444690704345703
2020-03-20,24.22231674194336
2020-03-23,23.80949592590332
2020-03-24,25.927370071411133
2020-03-25,26.862211227416992
2020-03-26,28.003875732421875
2020-03-27,27.143489837646484
2020-03-30,27.697776794433594
2020-03-31,27.581960678100586
2020-04-01,26.357563018798828
2020-04-02,26.862211227416992
2020-04-03,26.332740783691406
2020-04-06,27.74741554260254
2020-04-07,27.904598236083984
2020-04-08,28.169334411621094
2020-04-09,28.773252487182617
2020-04-13,28.541614532470703
2020-04-14,29.054546356201172
2020-04-15,28.11142349243164
2020-04-16,28.144519805908203
2020-04-17,28.938716888427734
2020-04-20,28.516799926757812
2020-04-21,27.92941665649414
2020-04-22,28.45060920715332
2020-04-23,28.400972366333008
2020-04-24,28.707082748413086
2020-04-27,29.104175567626953
2020-04-28,29.335813522338867
2020-04-29,30.11347007751465
2020-04-30,29.5178165435791
2020-05-01,28.8642578125
2020-05-04,28.88907241821289
2020-05-05,28.963537216186523
2020-05-06,28.789806365966797
2020-05-07,29.22826385498047
2020-05-08,29.699825286865234
2020-05-11,29.691545486450195
2020-05-12,29.294445037841797
2020-05-13,29.0462646484375
2020-05-14,28.83116912841797
2020-05-15,28.839439392089844
2020-05-18,29.989377975463867
2020-05-19,29.666736602783203
2020-05-20,30.20447540283203
2020-05-21,29.87356185913086
2020-05-22,29.790830612182617
2020-05-26,30.676040649414062
2020-05-27,30.998668670654297
2020-05-28,31.205501556396484
2020-05-29,31.16413116455078
2020-06-01,31.842519760131836
2020-06-02,32.18997573852539
2020-06-03,32.93454360961914
2020-06-04,32.75254821777344
2020-06-05,33.397830963134766
2020-06-08,33.79492950439453
2020-06-09,33.356468200683594
2020-06-10,33.29854965209961
2020-06-11,31.470239639282227
2020-06-12,32.00796890258789
2020-06-15,32.10725021362305
2020-06-16,32.537445068359375
2020-06-17,32.611900329589844
2020-06-18,32.46298599243164
2020-06-19,32.3140754699707
2020-06-22,32.68659591674805
2020-06-23,32.844573974609375
2020-06-24,32.03800964355469
2020-06-25,32.46208953857422
2020-06-26,31.97148323059082
2020-06-29,32.26252365112305
2020-06-30,32.25420379638672
2020-07-01,32.3622932434082
2020-07-02,32.68659591674805
2020-07-06,33.235382080078125
2020-07-07,32.77805709838867
2020-07-08,33.044132232666016
2020-07-09,32.66164016723633
2020-07-10,32.96930694580078
2020-07-13,32.79469299316406
2020-07-14,33.252010345458984
2020-07-15,33.626190185546875
2020-07-16,33.418312072753906
2020-07-17,33.58462142944336
2020-07-20,33.77585983276367
2020-07-21,33.90890121459961
2020-07-22,34.00037384033203
2020-07-23,33.717655181884766
2020-07-24,33.55134963989258
2020-07-27,34.016998291015625
2020-07-28,33.85902786254883
2020-07-29,34.21656036376953
2020-07-30,33.75923156738281
2020-07-31,33.10234832763672
2020-08-03,33.67608642578125
2020-08-04,33.94216537475586
2020-08-05,34.125099182128906
2020-08-06,34.19993591308594
2020-08-07,34.058570861816406
2020-08-10,34.19162368774414
2020-08-11,34.33297348022461
2020-08-12,35.01480484008789
2020-08-13,34.865150451660156
2020-08-14,34.64895248413086
2020-08-17,34.9150276184082
2020-08-18,34.906707763671875
2020-08-19,34.7154655456543
2020-08-20,34.60737228393555
2020-08-21,34.424434661865234
2020-08-24,34.84019470214844
2020-08-25,34.9150276184082
2020-08-26,35.172794342041016
2020-08-27,34.81525421142578
2020-08-28,35.0563850402832
2020-08-31,34.81525421142578
2020-09-01,34.865150451660156
2020-09-02,35.28919982910156
2020-09-03,34.490966796875
2020-09-04,34.55747604370117
2020-09-08,34.133419036865234
2020-09-09,34.723785400390625
2020-09-10,34.34129333496094
2020-09-11,34.657264709472656
2020-09-14,34.89007568359375
2020-09-15,35.10627746582031
2020-09-16,35.10627746582031
2020-09-17,35.156166076660156
2020-09-18,34.906707763671875
2020-09-21,34.05492401123047
2020-09-22,34.04656982421875
2020-09-23,33.69547653198242
2020-09-24,33.64533615112305
2020-09-25,33.77070999145508
2020-09-28,34.32242202758789
2020-09-29,34.272254943847656
2020-09-30,34.18867492675781
2020-10-01,34.389286041259766
2020-10-02,34.31406021118164
2020-10-05,34.84903335571289
2020-10-06,34.489593505859375
2020-10-07,34.81560134887695
2020-10-08,35.07472610473633
2020-10-09,35.30879211425781
2020-10-12,35.48432540893555
2020-10-13,35.0914421081543
2020-10-14,35.01622009277344
2020-10-15,34.63169860839844
2020-10-16,34.74036407470703
2020-10-19,34.58990478515625
2020-10-20,34.782161712646484
2020-10-21,34.665138244628906
2020-10-22,34.69857406616211
2020-10-23,34.890838623046875
2020-10-26,34.23882293701172
2020-10-27,33.97969055175781
2020-10-28,32.98495864868164
2020-10-29,33.1437873840332
2020-10-30,32.97660446166992
2020-11-02,33.377845764160156
2020-11-03,34.23046875
2020-11-04,34.58154296875
2020-11-05,35.41744613647461
2020-11-06,35.4926872253418
2020-11-09,36.46234130859375
2020-11-10,36.729835510253906
2020-11-11,37.03911590576172
2020-11-12,36.50413131713867
2020-11-13,37.02239990234375
2020-11-16,37.498870849609375
2020-11-17,37.48215866088867
2020-11-18,37.281524658203125
2020-11-19,37.50722122192383
2020-11-20,37.63261795043945
2020-11-23,37.65768814086914
2020-11-24,38.25954055786133
2020-11-25,38.1843147277832
2020-11-27,38.45180130004883
2020-11-30,37.691123962402344
2020-12-01,38.5019645690918
2020-12-02,38.56047439575195
2020-12-03,38.69422149658203
2020-12-04,39.070377349853516
2020-12-07,38.78615951538086
2020-12-08,38.878108978271484
2020-12-09,38.92826843261719
2020-12-10,39.011863708496094
2020-12-11,38.878108978271484
2020-12-14,38.886478424072266
2020-12-15,39.31279373168945
2020-12-16,39.446529388427734
2020-12-17,39.70566177368164
2020-12-18,39.47161102294922
2020-12-21,39.028873443603516
2020-12-22,38.90237808227539
2020-12-23,39.34089660644531
2020-12-24,39.442100524902344
2020-12-28,39.6866569519043
2020-12-29,39.99869155883789
2020-12-30,40.0830192565918
2020-12-31,39.81315612792969
2021-01-04,40.04085922241211
2021-01-05,40.496246337890625
2021-01-06,40.934776306152344
2021-01-07,41.05283737182617
2021-01-08,41.440765380859375
2021-01-11,40.90104293823242
2021-01-12,41.095008850097656
2021-01-13,41.01911163330078
2021-01-14,41.33113479614258
2021-01-15,40.6649169921875
2021-01-19,40.95164108276367
2021-01-20,41.2636833190918
2021-01-21,41.356441497802734
2021-01-22,41.06970977783203
2021-01-25,41.044403076171875
2021-01-26,41.061279296875
2021-01-27,40.099884033203125
2021-01-28,40.41191101074219
2021-01-29,39.526432037353516
2021-02-01,40.0830192565918
2021-02-02,40.52998733520508
2021-02-03,40.639617919921875
2021-02-04,40.656471252441406
2021-02-05,40.96007537841797
2021-02-08,41.22150421142578
2021-02-09,41.45763397216797
2021-02-10,41.364864349365234
2021-02-11,41.634727478027344
2021-02-12,41.82868957519531
2021-02-16,42.08169174194336
2021-02-17,41.820255279541016
2021-02-18,41.5504035949707
2021-02-19,41.74436569213867
2021-02-22,41.617862701416016
2021-02-23,41.634727478027344
2021-02-24,41.786529541015625
2021-02-25,41.078147888183594
2021-02-26,40.48780822753906
2021-03-01,41.27210235595703
2021-03-02,41.25524139404297
2021-03-03,41.002235412597656
2021-03-04,40.589012145996094
2021-03-05,40.917903900146484
2021-03-08,40.715511322021484
2021-03-09,41.23836898803711
2021-03-10,41.41546630859375
2021-03-11,41.71906661987305
2021-03-12,41.820255279541016
2021-03-15,41.92145538330078
2021-03-16,41.988922119140625
2021-03-17,42.208187103271484
2021-03-18,41.803401947021484
2021-03-19,41.94676208496094
2021-03-22,41.96455001831055
2021-03-23,41.329105377197266
2021-03-24,41.15119171142578
2021-03-25,41.41383361816406
2021-03-26,41.98149871826172
2021-03-29,41.77814865112305
2021-03-30,41.72732162475586
2021-03-31,41.608707427978516
2021-04-01,42.15094757080078
2021-04-05,42.786399841308594
2021-04-06,42.41359329223633
2021-04-07,42.489845275878906
2021-04-08,42.73554992675781
2021-04-09,42.837223052978516
2021-04-12,42.60847091674805
2021-04-13,42.89653778076172
2021-04-14,42.93889236450195
2021-04-15,43.269317626953125
2021-04-16,43.523494720458984
2021-04-19,43.396419525146484
2021-04-20,42.67625427246094
2021-04-21,43.06598663330078
2021-04-22,42.8880615234375
2021-04-23,43.37946319580078
2021-04-26,43.44724655151367
2021-04-27,43.31168746948242
2021-04-28,43.4303092956543
2021-04-29,43.4726676940918
2021-04-30,42.87958908081055
2021-05-03,43.328636169433594
2021-05-04,42.8033332824707
2021-05-05,43.31168746948242
2021-05-06,43.66753005981445
2021-05-07,44.17588806152344
2021-05-10,43.94713592529297
2021-05-11,43.42182922363281
2021-05-12,42.659297943115234
2021-05-13,42.955848693847656
2021-05-14,43.642112731933594
2021-05-17,43.5743408203125
2021-05-18,43.726844787597656
2021-05-19,43.33710479736328
2021-05-20,43.93865203857422
2021-05-21,43.930179595947266
2021-05-24,44.20130920410156
2021-05-25,44.20130920410156
2021-05-26,44.20130920410156
2021-05-27,44.28602981567383
2021-05-28,44.41312026977539
2021-06-01,44.650352478027344
2021-06-02,44.77743911743164
2021-06-03,44.54021072387695
2021-06-04,44.963836669921875
2021-06-07,45.06549835205078
2021-06-08,45.04008865356445
2021-06-09,44.86215591430664
2021-06-10,45.006195068359375
2021-06-11,45.082454681396484
2021-06-14,45.15022659301758
2021-06-15,45.15871047973633
2021-06-16,44.86215591430664
2021-06-17,44.53173828125
2021-06-18,43.68448257446289
2021-06-21,44.2857666015625
2021-06-22,44.32847595214844
2021-06-23,44.08932113647461
2021-06-24,44.45660400390625
2021-06-25,44.601806640625
2021-06-28,44.3114013671875
2021-06-29,44.302860260009766
2021-06-30,44.0039176940918
2021-07-01,44.13203430175781
2021-07-02,44.2943115234375
2021-07-06,44.029544830322266
2021-07-07,44.18328094482422
2021-07-08,43.542701721191406
2021-07-09,44.2943115234375
2021-07-12,44.45660400390625
2021-07-13,44.20890426635742
2021-07-14,44.31993865966797
2021-07-15,43.961212158203125
2021-07-16,43.61955261230469
2021-07-19,42.765445709228516
2021-07-20,43.149803161621094
2021-07-21,43.77330017089844
2021-07-22,43.83309555053711
2021-07-23,44.097869873046875
2021-07-26,44.14911651611328
2021-07-27,43.98683547973633
2021-07-28,44.18328094482422
2021-07-29,44.51637649536133
2021-07-30,44.22598648071289
2021-08-02,44.439517974853516
2021-08-03,44.75553512573242
2021-08-04,44.62742233276367
2021-08-05,44.858036041259766
2021-08-06,44.678672790527344
2021-08-09,44.62742233276367
2021-08-10,44.72138595581055
2021-08-11,45.00322723388672
2021-08-12,44.9007453918457
2021-08-13,45.13134765625
2021-08-16,44.875125885009766
2021-08-17,44.37972640991211
2021-08-18,44.26869201660156
2021-08-19,43.78185272216797
2021-08-20,43.92705154418945
2021-08-23,44.388275146484375
2021-08-24,44.601806640625
2021-08-25,44.63595962524414
2021-08-26,44.354103088378906
2021-08-27,44.81532669067383
2021-08-30,44.80678176879883
2021-08-31,44.80678176879883
2021-09-01,45.199668884277344
2021-09-02,45.41319274902344
2021-09-03,45.63528060913086
2021-09-07,45.52423858642578
2021-09-08,45.191139221191406
2021-09-09,45.139888763427734
2021-09-10,45.01177215576172
2021-09-13,45.35342025756836
2021-09-14,45.156978607177734
2021-09-15,45.336341857910156
2021-09-16,45.208213806152344
2021-09-17,44.64450454711914
2021-09-20,43.795692443847656
2021-09-21,44.172935485839844
2021-09-22,44.41299819946289
2021-09-23,44.95315933227539
2021-09-24,44.54161834716797
2021-09-27,44.54161834716797
2021-09-28,43.55561828613281
2021-09-29,43.418426513671875
2021-09-30,43.289817810058594
2021-10-01,43.418426513671875
2021-10-04,43.015445709228516
2021-10-05,43.26409149169922
2021-10-06,42.946861267089844
2021-10-07,43.30696487426758
2021-10-08,43.3155403137207
2021-10-11,43.18693542480469
2021-10-12,43.1697883605957
2021-10-13,43.64992141723633
2021-10-14,44.121490478515625
2021-10-15,44.4730224609375
2021-10-18,44.310115814208984
2021-10-19,44.6187744140625
2021-10-20,44.77310562133789
2021-10-21,44.5501823425293
2021-10-22,44.75596237182617
2021-10-25,44.72166442871094
2021-10-26,44.80740737915039
2021-10-27,44.56733703613281
2021-10-28,45.021751403808594
2021-10-29,44.6873664855957
2021-11-01,45.10749435424805
2021-11-02,45.00461196899414
2021-11-03,45.313270568847656
2021-11-04,45.27898025512695
2021-11-05,45.3732795715332
2021-11-08,45.39900588989258
2021-11-09,45.287540435791016
2021-11-10,44.71308517456055
2021-11-11,44.86742401123047
2021-11-12,45.176090240478516
2021-11-15,45.09891891479492
2021-11-16,44.996036529541016
2021-11-17,44.88456726074219
2021-11-18,44.91886520385742
2021-11-19,44.5759162902832
2021-11-22,44.335838317871094
2021-11-23,44.2586784362793
2021-11-24,44.02717208862305
2021-11-26,42.82682418823242
2021-11-29,43.0325927734375
2021-11-30,42.61248016357422
2021-12-01,42.38956069946289
2021-12-02,42.98115921020508
2021-12-03,42.76679992675781
2021-12-06,43.17835998535156
2021-12-07,44.104339599609375
2021-12-08,44.16435241699219
2021-12-09,43.778526306152344
2021-12-10,43.83855056762695
2021-12-13,43.39270782470703
2021-12-14,43.1697883605957
2021-12-15,43.70136642456055
2021-12-16,43.70994567871094
2021-12-17,43.20408248901367
2021-12-20,42.99424362182617
2021-12-21,43.53406524658203
2021-12-22,43.978111267089844
2021-12-23,44.24802017211914
2021-12-27,44.587589263916016
2021-12-28,44.587589263916016
2021-12-29,44.57888412475586
2021-12-30,44.47440719604492
2021-12-31,44.45698165893555
2022-01-03,44.726898193359375
2022-01-04,44.892333984375
2022-01-05,44.50053405761719
2022-01-06,44.2567253112793
2022-01-07,44.4395751953125
2022-01-10,44.03034973144531
2022-01-11,44.55276107788086
2022-01-12,45.03163528442383
2022-01-13,44.70948028564453
2022-01-14,44.60500717163086
2022-01-18,43.951995849609375
2022-01-19,43.94328308105469
2022-01-20,43.664669036865234
2022-01-21,43.063907623291016
2022-01-24,42.585018157958984
2022-01-25,42.35865020751953
2022-01-26,42.158382415771484
2022-01-27,41.8797721862793
2022-01-28,42.071319580078125
2022-01-31,42.74174118041992
2022-02-01,43.16837692260742
2022-02-02,43.51665115356445
2022-02-03,42.82011032104492
2022-02-04,42.93329620361328
2022-02-07,43.01165008544922
2022-02-08,43.220619201660156
2022-02-09,43.90846633911133
2022-02-10,43.39476013183594
2022-02-11,42.793983459472656
2022-02-14,42.54148864746094
2022-02-15,43.24673080444336
2022-02-16,43.4295768737793
2022-02-17,42.767860412597656
2022-02-18,42.54148864746094
2022-02-22,42.09743881225586
2022-02-23,41.70563888549805
2022-02-24,41.16581344604492
2022-02-25,42.201927185058594
2022-02-28,41.60986328125
2022-03-01,40.791412353515625
2022-03-02,41.28770065307617
2022-03-03,40.634700775146484
2022-03-04,39.589874267578125
2022-03-07,38.42316818237305
2022-03-08,38.65825271606445
2022-03-09,40.13841247558594
2022-03-10,39.6856575012207
2022-03-11,39.31126403808594
2022-03-14,39.56376266479492
2022-03-15,39.91203689575195
2022-03-16,41.2615852355957
2022-03-17,41.635986328125
2022-03-18,41.99296188354492
2022-03-21,41.7688102722168
2022-03-22,42.15257263183594
2022-03-23,41.62054443359375
2022-03-24,41.951969146728516
2022-03-25,42.013023376464844
2022-03-28,41.88218307495117
2022-03-29,42.70204544067383
2022-03-30,42.5450439453125
2022-03-31,41.89091110229492
2022-04-01,42.25722885131836
2022-04-04,42.440391540527344
2022-04-05,41.93452072143555
2022-04-06,41.393768310546875
2022-04-07,41.43737030029297
2022-04-08,41.42865753173828
2022-04-11,40.99256896972656
2022-04-12,40.72218704223633
2022-04-13,41.20188903808594
2022-04-14,41.001285552978516
2022-04-18,40.82685470581055
2022-04-19,41.010005950927734
2022-04-20,41.31527328491211
2022-04-21,40.82685470581055
2022-04-22,40.07677459716797
2022-04-25,39.841285705566406
2022-04-26,38.7597770690918
2022-04-27,38.93421173095703
2022-04-28,39.54473876953125
2022-04-29,39.0475959777832
2022-05-02,38.916770935058594
2022-05-03,39.23075866699219
2022-05-04,39.90233612060547
2022-05-05,38.62895202636719
2022-05-06,38.28007888793945
2022-05-09,37.09391403198242
2022-05-10,37.277069091796875
2022-05-11,37.08518981933594
2022-05-12,36.94564437866211
2022-05-13,37.9835319519043
2022-05-16,38.035858154296875
2022-05-17,38.76850128173828
2022-05-18,37.84398651123047
2022-05-19,38.236473083496094
2022-05-20,38.45450973510742
2022-05-23,39.11737823486328
2022-05-24,38.97782516479492
2022-05-25,38.96037673950195
2022-05-26,39.38774871826172
2022-05-27,39.87617874145508
2022-05-31,39.69300842285156
2022-06-01,39.335418701171875
2022-06-02,40.16398620605469
2022-06-03,39.54473876953125
2022-06-06,39.69300842285156
2022-06-07,39.78895568847656
2022-06-08,39.29180908203125
2022-06-09,38.47196578979492
2022-06-10,37.582332611083984
2022-06-13,36.30022430419922
2022-06-14,35.96879196166992
2022-06-15,36.60548782348633
2022-06-16,35.724586486816406
2022-06-17,35.602474212646484
2022-06-21,36.15034484863281
2022-06-22,35.81456756591797
2022-06-23,35.68201446533203
2022-06-24,36.74240493774414
2022-06-27,36.67170715332031
2022-06-28,36.477298736572266
2022-06-29,36.25637435913086
2022-06-30,36.05315017700195
2022-07-01,36.1326789855957
2022-07-05,35.35506057739258
2022-07-06,35.35506057739258
2022-07-07,35.92942810058594
2022-07-08,36.01779556274414
2022-07-11,35.41691589355469
2022-07-12,35.38157272338867
2022-07-13,35.33738327026367
2022-07-14,34.8160285949707
2022-07-15,35.34622573852539
2022-07-18,35.567138671875
2022-07-19,36.48613357543945
2022-07-20,36.30940628051758
2022-07-21,36.71588897705078
2022-07-22,36.59217834472656
2022-07-25,36.89262008666992
2022-07-26,36.38893508911133
2022-07-27,37.219566345214844
2022-07-28,37.458152770996094
2022-07-29,37.96184158325195
2022-08-01,37.96184158325195
2022-08-02,37.36979293823242
2022-08-03,37.634883880615234
2022-08-04,37.82045364379883
2022-08-05,37.555362701416016
2022-08-08,37.67023849487305
2022-08-09,37.44048309326172
2022-08-10,38.332969665527344
2022-08-11,38.332969665527344
2022-08-12,38.65109634399414
2022-08-15,38.37715530395508
2022-08-16,38.412506103515625
2022-08-17,38.085540771484375
2022-08-18,37.96184158325195
2022-08-19,37.396297454833984
2022-08-22,36.79541778564453
2022-08-23,36.86610794067383
2022-08-24,36.9102897644043
2022-08-25,37.34328079223633
2022-08-26,36.35358428955078
2022-08-29,36.265228271484375
2022-08-30,35.96478271484375
2022-08-31,35.75270080566406
2022-09-01,35.27552795410156
2022-09-02,35.05461883544922
2022-09-06,34.90439224243164
2022-09-07,35.204837799072266
2022-09-08,35.25785827636719
2022-09-09,36.16801834106445
2022-09-12,36.627525329589844
2022-09-13,35.372737884521484
2022-09-14,35.531795501708984
2022-09-15,35.187164306640625
2022-09-16,34.95741271972656
2022-09-19,35.090362548828125
2022-09-20,34.5053825378418
2022-09-21,34.06221389770508
2022-09-22,33.90266418457031
2022-09-23,32.79473114013672
2022-09-26,32.271785736083984
2022-09-27,32.076786041259766
2022-09-28,32.79473114013672
2022-09-29,32.38701629638672
2022-09-30,32.22746658325195
2022-10-03,32.945404052734375
2022-10-04,34.2572021484375
2022-10-05,33.84947967529297
2022-10-06,33.2822265625
2022-10-07,32.759273529052734
2022-10-10,32.53769302368164
2022-10-11,32.15656280517578
2022-10-12,32.076786041259766
2022-10-13,32.741546630859375
2022-10-14,32.18315887451172
2022-10-17,33.0340461730957
2022-10-18,33.25563049316406
2022-10-19,32.87449645996094
2022-10-20,32.78586959838867
2022-10-21,33.3974494934082
2022-10-24,33.34425735473633
2022-10-25,34.08879089355469
2022-10-26,34.43446350097656
2022-10-27,34.20402526855469
2022-10-28,34.46992492675781
2022-10-31,34.18629455566406
2022-11-01,34.478790283203125
2022-11-02,33.955841064453125
2022-11-03,33.68108367919922
2022-11-04,34.966285705566406
2022-11-07,35.1169548034668
2022-11-08,35.542396545410156
2022-11-09,35.04604721069336
2022-11-10,36.996002197265625
2022-11-11,37.687347412109375
2022-11-14,37.2530403137207
2022-11-15,37.48348617553711
2022-11-16,37.341678619384766
2022-11-17,37.297367095947266
2022-11-18,37.359405517578125
2022-11-21,37.058048248291016
2022-11-22,37.607582092285156
2022-11-23,38.0418815612793
2022-11-25,38.2014274597168
2022-11-28,37.66962814331055
2022-11-29,37.76711654663086
2022-11-30,38.4761962890625
2022-12-01,38.80413818359375
2022-12-02,38.76869201660156
2022-12-05,38.1837043762207
2022-12-06,37.926666259765625
2022-12-07,37.926666259765625
2022-12-08,38.13938903808594
2022-12-09,38.165977478027344
2022-12-12,38.26346969604492
2022-12-13,38.759830474853516
2022-12-14,38.742095947265625
2022-12-15,37.73167419433594
2022-12-16,37.43918228149414
2022-12-19,37.35847091674805
2022-12-20,37.537818908691406
2022-12-21,37.914451599121094
2022-12-22,37.58265686035156
2022-12-23,37.770965576171875
2022-12-27,37.84271240234375
2022-12-28,37.412269592285156
2022-12-29,38.00413131713867
2022-12-30,37.63646697998047
2023-01-03,37.84271240234375
2023-01-04,38.40766525268555
2023-01-05,37.97722244262695
2023-01-06,39.02642059326172
2023-01-09,39.19679260253906
2023-01-10,39.29544448852539
2023-01-11,39.59136199951172
2023-01-12,40.165287017822266
2023-01-13,40.37154006958008
2023-01-17,40.48811340332031
2023-01-18,40.30876541137695
2023-01-19,40.2639274597168
2023-01-20,40.67643356323242
2023-01-23,40.8468132019043
2023-01-24,40.83784866333008
2023-01-25,41.04410171508789
2023-01-26,41.16964340209961
2023-01-27,41.124813079833984
2023-01-30,40.7840461730957
2023-01-31,41.03512954711914
2023-02-01,41.402793884277344
2023-02-02,41.393829345703125
2023-02-03,40.92751693725586
2023-02-06,40.48811340332031
2023-02-07,40.864742279052734
2023-02-08,40.62263107299805
2023-02-09,40.65849685668945
2023-02-10,40.54192352294922
2023-02-13,40.891639709472656
2023-02-14,40.92751693725586
2023-02-15,40.72126388549805
2023-02-16,40.532955169677734
2023-02-17,40.59572982788086
2023-02-21,40.08458709716797
2023-02-22,39.85142517089844
2023-02-23,40.08458709716797
2023-02-24,39.45685577392578
2023-02-27,39.896263122558594
2023-02-28,39.60930252075195
2023-03-01,39.86039352416992
2023-03-02,39.923160552978516
2023-03-03,40.50604248046875
2023-03-06,40.407405853271484
2023-03-07,39.67207336425781
2023-03-08,39.87832260131836
2023-03-09,39.483760833740234
2023-03-10,39.09815216064453
2023-03-13,38.87397384643555
2023-03-14,39.33131790161133
2023-03-15,38.15657043457031
2023-03-16,38.74842071533203
2023-03-17,38.300048828125
2023-03-20,38.885128021240234
2023-03-21,39.38919448852539
2023-03-22,39.23617935180664
2023-03-23,39.26317596435547
2023-03-24,39.128170013427734
2023-03-27,39.470211029052734
2023-03-28,39.524208068847656
2023-03-29,39.974273681640625
2023-03-30,40.46934509277344
2023-03-31,40.65835952758789
2023-04-03,40.99141311645508
2023-04-04,40.98240280151367
2023-04-05,40.6673698425293
2023-04-06,40.80238723754883
2023-04-10,40.8383903503418
2023-04-11,41.01840591430664
2023-04-12,41.25244140625
2023-04-13,41.85551834106445
2023-04-14,41.64849090576172
2023-04-17,41.612491607666016
2023-04-18,41.77450942993164
2023-04-19,41.612491607666016
2023-04-20,41.630496978759766
2023-04-21,41.76551818847656
2023-04-24,41.846519470214844
2023-04-25,41.18943405151367
2023-04-26,41.19844436645508
2023-04-27,41.72050476074219
2023-04-28,41.7295036315918
2023-05-01,41.693504333496094
2023-05-02,41.25244140625
2023-05-03,41.33344268798828
2023-05-04,41.27044677734375
2023-05-05,41.936527252197266
2023-05-08,41.954532623291016
2023-05-09,41.792510986328125
2023-05-10,41.7295036315918
2023-05-11,41.54048538208008
2023-05-12,41.45046615600586
2023-05-15,41.81051254272461
2023-05-16,41.37845993041992
2023-05-17,41.594486236572266
2023-05-18,41.51347732543945
2023-05-19,41.76551818847656
2023-05-22,41.80150604248047
2023-05-23,41.2164421081543
2023-05-24,40.63135528564453
2023-05-25,40.541358947753906
2023-05-26,40.91939926147461
2023-05-30,40.56834411621094
2023-05-31,40.172298431396484
2023-06-01,40.79338455200195
2023-06-02,41.39645767211914
2023-06-05,41.13542938232422
2023-06-06,41.49547576904297
2023-06-07,41.09941864013672
2023-06-08,41.5224723815918
2023-06-09,41.50448226928711
2023-06-12,41.693504333496094
2023-06-13,42.09855270385742
2023-06-14,42.20656204223633
2023-06-15,42.602622985839844
2023-06-16,42.47660827636719
2023-06-20,41.90610885620117
2023-06-21,41.969696044921875
2023-06-22,41.71533203125
2023-06-23,41.0430908203125
2023-06-26,41.17027282714844
2023-06-27,41.50638961791992
2023-06-28,41.51548385620117
2023-06-29,41.46097183227539
2023-06-30,41.951534271240234
2023-07-03,42.024200439453125
2023-07-05,41.569984436035156
2023-07-06,40.83415985107422
2023-07-07,41.17936706542969
2023-07-10,41.288368225097656
2023-07-11,41.68808364868164
2023-07-12,42.48749923706055
2023-07-13,43.14158630371094
2023-07-14,42.87813186645508
2023-07-17,42.85996627807617
2023-07-18,43.168827056884766
2023-07-19,43.15974807739258
2023-07-20,42.90538787841797
2023-07-21,42.95989227294922
2023-07-24,42.91447448730469
2023-07-25,43.041648864746094
2023-07-26,43.096160888671875
2023-07-27,42.91447448730469
2023-07-28,43.268760681152344
2023-07-31,43.268760681152344
2023-08-01,42.787288665771484
2023-08-02,41.960609436035156
2023-08-03,41.83343505859375
2023-08-04,41.951534271240234
2023-08-07,42.28764343261719
2023-08-08,41.969696044921875
2023-08-09,42.00603485107422
2023-08-10,42.13322067260742
2023-08-11,41.89702606201172
2023-08-14,41.72442626953125
2023-08-15,41.14302062988281
2023-08-16,40.81599044799805
2023-08-17,40.54345703125
2023-08-18,40.54345703125
2023-08-21,40.67063522338867
2023-08-22,40.579795837402344
2023-08-23,41.015838623046875
2023-08-24,40.49803161621094
2023-08-25,40.75239181518555
2023-08-28,41.17936706542969
2023-08-29,41.70624923706055
2023-08-30,41.69716262817383
2023-08-31,41.56090545654297
2023-09-01,41.62449645996094
2023-09-05,41.25202941894531
2023-09-06,41.08851623535156
2023-09-07,40.924991607666016
2023-09-08,40.87049102783203
2023-09-11,41.333797454833984
2023-09-12,41.152103424072266
2023-09-13,41.07034683227539
2023-09-14,41.62449645996094
2023-09-15,41.53364944458008
2023-09-18,41.3781623840332
2023-09-19,41.38730239868164
2023-09-20,41.2501106262207
2023-09-21,40.56413269042969
2023-09-22,40.609867095947266
2023-09-25,40.45438003540039
2023-09-26,39.87815475463867
2023-09-27,39.78669357299805
2023-09-28,40.115962982177734
2023-09-29,39.98790740966797
2023-10-02,39.36595916748047
2023-10-03,38.87205505371094
2023-10-04,38.89035415649414
2023-10-05,39.2470588684082
2023-10-06,39.65864562988281
2023-10-09,39.63120651245117
2023-10-10,40.13425064086914
2023-10-11,40.30803298950195
2023-10-12,39.96047592163086
2023-10-13,39.60376739501953
2023-10-16,39.914737701416016
2023-10-17,39.92388916015625
2023-10-18,39.2470588684082
2023-10-19,38.926937103271484
2023-10-20,38.56107711791992
2023-10-23,38.579368591308594
2023-10-24,38.77144241333008
2023-10-25,38.43302536010742
2023-10-26,38.14948654174805
2023-10-27,38.03059387207031
2023-10-30,38.55194091796875
2023-10-31,38.634254455566406
2023-11-01,39.02754211425781
2023-11-02,39.90559387207031
2023-11-03,40.41779327392578
2023-11-06,40.289737701416016
2023-11-07,39.98790740966797
2023-11-08,39.896446228027344
2023-11-09,39.87815475463867
2023-11-10,40.088523864746094
2023-11-13,40.14340591430664
2023-11-14,41.23181915283203
2023-11-15,41.19523620605469
2023-11-16,41.1037712097168
2023-11-17,41.615970611572266
2023-11-20,41.798892974853516
2023-11-21,41.63425827026367
2023-11-22,41.71657943725586
2023-11-24,41.990962982177734
2023-11-27,41.8812141418457
2023-11-28,41.954376220703125
2023-11-29,42.05499267578125
2023-11-30,42.03670120239258
2023-12-01,42.466575622558594
2023-12-04,42.091575622558594
2023-12-05,41.954376220703125
2023-12-06,42.03670120239258
2023-12-07,42.23792266845703
2023-12-08,42.338523864746094
2023-12-11,42.45743179321289
2023-12-12,42.466575622558594
2023-12-13,43.15256118774414
2023-12-14,43.52755355834961
2023-12-15,43.07938003540039
2023-12-18,43.22765350341797
2023-12-19,43.64463424682617
2023-12-20,43.19057846069336
2023-12-21,43.92262649536133
2023-12-22,44.02455139160156
2023-12-26,44.21915054321289
2023-12-27,44.46934127807617
2023-12-28,44.39521026611328
2023-12-29,44.38595199584961
2024-01-02,43.89482116699219
2024-01-03,43.54270553588867
2024-01-04,43.64463424682617
2024-01-05,43.67243194580078
2024-01-08,44.12648391723633
2024-01-09,43.72803497314453
2024-01-10,43.968955993652344
2024-01-11,43.92262649536133
2024-01-12,44.08015060424805
2024-01-16,43.29251480102539
2024-01-17,42.81992721557617
2024-01-18,43.2091178894043
2024-01-19,43.34811019897461
2024-01-22,43.45930862426758
2024-01-23,43.385169982910156
2024-01-24,43.653892517089844
2024-01-25,43.76509475708008
2024-01-26,43.95042419433594
2024-01-29,44.20988082885742
2024-01-30,44.1542854309082
2024-01-31,43.904090881347656
2024-02-01,44.367408752441406
2024-02-02,44.0523567199707
2024-02-05,43.76509475708008
2024-02-06,44.03382110595703
2024-02-07,44.06161880493164
2024-02-08,43.98749542236328
2024-02-09,44.145015716552734
2024-02-12,44.2562141418457
2024-02-13,43.46858215332031
2024-02-14,44.00602722167969
2024-02-15,44.49713897705078
2024-02-16,44.534202575683594
2024-02-20,44.691734313964844
2024-02-21,44.71953201293945
2024-02-22,45.19211959838867
2024-02-23,45.2662467956543
2024-02-26,45.1643180847168
2024-02-27,45.24772262573242
2024-02-28,45.00679397583008
2024-02-29,45.10872268676758
2024-03-01,45.590576171875
2024-03-04,45.47010803222656
2024-03-05,45.35891342163086
2024-03-06,45.90563201904297
2024-03-07,46.433815002441406
2024-03-08,46.3040885925293
2024-03-11,46.07242965698242
2024-03-12,46.42454528808594
2024-03-13,46.433815002441406
2024-03-14,46.128028869628906
2024-03-15,46.087955474853516
2024-03-18,46.097259521484375
2024-03-19,46.17183303833008
2024-03-20,46.67511749267578
2024-03-21,46.70307540893555
2024-03-22,46.54463577270508
2024-03-25,46.47938919067383
2024-03-26,46.54463577270508
2024-03-27,46.85219955444336
2024-03-28,46.75899124145508
2024-04-01,46.57259750366211
2024-04-02,46.283668518066406
2024-04-03,46.53532028198242
2024-04-04,46.16250228881836
2024-04-05,46.33027267456055
2024-04-08,46.553951263427734
2024-04-09,46.56326675415039
2024-04-10,45.864261627197266
2024-04-11,46.03202438354492
2024-04-12,45.230499267578125
2024-04-15,45.072052001953125
2024-04-16,44.59672546386719
2024-04-17,44.62468719482422
2024-04-18,44.578094482421875
2024-04-19,44.606048583984375
2024-04-22,45.090694427490234
2024-04-23,45.54737854003906
2024-04-24,45.41689682006836
2024-04-25,45.221168518066406
2024-04-26,45.556705474853516
2024-04-29,45.80834197998047
2024-04-30,45.165252685546875
2024-05-01,45.10934066772461
2024-05-02,45.77106857299805
2024-05-03,46.190467834472656
2024-05-06,46.553951263427734
2024-05-07,46.61919021606445
2024-05-08,46.57259750366211
2024-05-09,46.91743469238281
2024-05-10,46.936073303222656
2024-05-13,46.926753997802734
2024-05-14,47.252967834472656
2024-05-15,47.72827911376953
2024-05-16,47.458003997802734
2024-05-17,47.62575912475586
2024-05-20,47.6444091796875
2024-05-21,47.569847106933594
2024-05-22,47.12248229980469
2024-05-23,46.861515045166016
2024-05-24,47.2436408996582
2024-05-28,47.252967834472656
2024-05-29,46.442115783691406
2024-05-30,46.861515045166016
2024-05-31,47.271602630615234
2024-06-03,47.392765045166016
2024-06-04,47.252967834472656
2024-06-05,47.579166412353516
2024-06-06,47.70032501220703
2024-06-07,47.113155364990234
2024-06-10,47.17839813232422
2024-06-11,46.64715576171875
2024-06-12,47.215675354003906
2024-06-13,46.553951263427734
2024-06-14,46.134544372558594
2024-06-17,46.30230712890625
2024-06-18,46.488712310791016
2024-06-20,46.488712310791016
2024-06-21,46.17921829223633
2024-06-24,46.58372497558594
2024-06-25,46.649574279785156
2024-06-26,46.33913803100586
2024-06-27,46.4520263671875
2024-06-28,46.489646911621094
2024-07-01,46.527278900146484
2024-07-02,46.63075637817383
2024-07-03,47.18576431274414
2024-07-05,47.48680114746094
2024-07-08,47.27984619140625
2024-07-09,47.11991882324219
2024-07-10,47.778419494628906
2024-07-11,47.96656036376953
2024-07-12,48.446311950683594
2024-07-15,48.07944107055664
2024-07-16,48.36165237426758
2024-07-17,48.08885192871094
2024-07-18,47.618492126464844
2024-07-19,47.336280822753906
2024-07-22,47.7972297668457
2024-07-23,47.552642822265625
2024-07-24,46.96000671386719
2024-07-25,46.66838836669922
2024-07-26,47.27984619140625
2024-07-29,47.09170150756836
2024-07-30,47.19517517089844
2024-07-31,47.891300201416016
2024-08-01,46.66838836669922
2024-08-02,45.849971771240234
2024-08-05,44.777565002441406
2024-08-06,44.85282897949219
2024-08-07,45.06918716430664
2024-08-08,45.8405647277832
2024-08-09,46.000484466552734
2024-08-12,46.0192985534668
2024-08-13,46.77186584472656
2024-08-14,46.950599670410156
2024-08-15,47.5244255065918
2024-08-16,47.806636810302734
2024-08-19,48.36165237426758
2024-08-20,48.22996139526367
2024-08-21,48.65327835083008
2024-08-22,48.31462097167969
2024-08-23,49.24592208862305
2024-08-26,49.04836654663086
2024-08-27,49.236507415771484
2024-08-28,48.99192810058594
2024-08-29,49.12363052368164
2024-08-30,49.28355026245117
2024-09-03,48.42750930786133
2024-09-04,48.2769889831543
2024-09-05,48.28640365600586
2024-09-06,47.38331985473633
2024-09-09,47.891300201416016
2024-09-10,47.70316696166992
2024-09-11,47.97596740722656
2024-09-12,48.408695220947266
2024-09-13,48.54039001464844
2024-09-16,48.92607116699219
2024-09-17,48.69090270996094
2024-09-18,48.521575927734375
2024-09-19,49.4528694152832
2024-09-20,49.003868103027344
2024-09-23,49.20195388793945
2024-09-24,49.50381088256836
2024-09-25,49.19252395629883
2024-09-26,50.2867431640625
2024-09-27,49.97545623779297
2024-09-30,49.81509780883789
2024-10-01,49.46607971191406
2024-10-02,49.38118362426758
2024-10-03,48.918975830078125
2024-10-04,49.211387634277344
2024-10-07,48.937835693359375
2024-10-08,48.86237335205078
2024-10-09,48.8812370300293
2024-10-10,48.79634094238281
2024-10-11,49.041603088378906
2024-10-14,49.14535903930664
2024-10-15,48.44732666015625
2024-10-16,48.635982513427734
2024-10-17,48.61711502075195
2024-10-18,48.89067077636719
2024-10-21,48.334129333496094
2024-10-22,48.08887481689453
2024-10-23,47.62666702270508
2024-10-24,47.79645538330078
2024-10-25,47.645530700683594
2024-10-28,47.994544982910156
2024-10-29,47.834190368652344
2024-10-30,47.59836196899414
2024-10-31,47.258785247802734
2024-11-01,47.362545013427734
2024-11-04,47.428565979003906
2024-11-05,47.92851638793945
2024-11-06,47.31537628173828
2024-11-07,48.03227615356445
2024-11-08,47.40027618408203
2024-11-11,47.381412506103516
2024-11-12,46.607913970947266
2024-11-13,46.34379577636719
2024-11-14,46.38151931762695
2024-11-15,46.24945831298828
2024-11-18,46.56074905395508
2024-11-19,46.504150390625
2024-11-20,46.37208938598633
2024-11-21,46.48528289794922
2024-11-22,46.692806243896484
2024-11-25,46.9192008972168
2024-11-26,46.63621139526367
2024-11-27,46.88146209716797
2024-11-29,47.44743728637695
2024-12-02,47.494598388671875
2024-12-03,47.69269943237305
2024-12-04,47.70212936401367
2024-12-05,47.91908645629883
2024-12-06,47.853057861328125
2024-12-09,47.739864349365234
2024-12-10,47.39084243774414
2024-12-11,47.73042678833008
2024-12-12,47.268218994140625
2024-12-13,47.14558792114258
2024-12-16,46.94749450683594
2024-12-17,46.83430099487305
2024-12-18,45.674049377441406
2024-12-19,45.56085968017578
2024-12-20,45.54458236694336
2024-12-23,45.81266784667969
2024-12-24,45.99457550048828
2024-12-26,46.17648696899414
2024-12-27,46.06160354614258
2024-12-30,45.77436828613281
2024-12-31,45.783935546875
2025-01-02,45.688201904296875
2025-01-03,45.95627975463867
2025-01-06,46.40626907348633
2025-01-07,46.253082275390625
2025-01-08,46.19563293457031
2025-01-10,45.50628662109375
2025-01-13,45.38182830810547
2025-01-14,45.55416488647461
2025-01-15,46.11903762817383
2025-01-16,46.2722282409668
2025-01-17,46.502010345458984
2025-01-21,47.401981353759766
2025-01-22,47.29667282104492
2025-01-23,47.622196197509766
2025-01-24,47.8902702331543
2025-01-27,47.80410385131836
2025-01-28,47.75623321533203
2025-01-29,47.75623321533203
2025-01-30,48.27323532104492
2025-01-31,47.81367874145508
2025-02-03,47.22007751464844
2025-02-04,47.79452896118164
2025-02-05,48.25409698486328
2025-02-06,48.45515441894531
2025-02-07,48.07217788696289
2025-02-10,48.37855911254883
2025-02-11,48.57004165649414
2025-02-12,48.66578674316406
2025-02-13,49.29767990112305
2025-02-14,49.316829681396484
2025-02-18,49.65193557739258
2025-02-19,49.22108459472656
2025-02-20,49.412574768066406
2025-02-21,49.058326721191406
2025-02-24,49.01045608520508
2025-02-25,49.36470413208008
2025-02-26,49.4412956237793
2025-02-27,48.85726547241211
2025-02-28,48.895565032958984
2025-03-03,49.25938415527344
2025-03-04,49.12535095214844
2025-03-05,50.28383255004883
2025-03-06,49.8146858215332
2025-03-07,50.341270446777344
2025-03-10,49.18278503417969
2025-03-11,49.04875183105469
2025-03-12,49.412574768066406
2025-03-13,49.039180755615234
2025-03-14,49.97745132446289
2025-03-17,50.571048736572266
2025-03-18,50.5040283203125
2025-03-19,50.73381805419922
2025-03-20,50.341270446777344
2025-03-21,50.06425857543945
2025-03-24,50.131587982177734
2025-03-25,50.40090560913086
2025-03-26,49.79494094848633
2025-03-27,49.85265350341797
2025-03-28,49.28516387939453
2025-03-31,48.89080810546875
2025-04-01,49.063934326171875
2025-04-02,49.1985969543457
2025-04-03,48.16941833496094
2025-04-04,45.12035369873047
2025-04-07,44.13926696777344
2025-04-08,43.90842819213867
2025-04-09,47.188331604003906
2025-04-10,46.255332946777344
2025-04-11,47.52497482299805
2025-04-14,48.07322692871094
2025-04-15,48.40026092529297
2025-04-16,48.294456481933594
2025-04-17,48.81385803222656
2025-04-21,48.5830078125
2025-04-22,49.53524398803711
2025-04-23,49.67952346801758
2025-04-24,50.31434631347656
2025-04-25,50.42976379394531
2025-04-28,50.77602767944336
2025-04-29,50.92992401123047
2025-04-30,50.85297775268555
2025-05-01,50.64137268066406
2025-05-02,51.56474685668945
2025-05-05,51.66092300415039
2025-05-06,51.65131378173828
2025-05-07,51.46855926513672
2025-05-08,51.29542922973633
2025-05-09,51.6320686340332
2025-05-12,51.88215255737305
2025-05-13,51.96872329711914
2025-05-14,51.75711441040039
2025-05-15,52.30536651611328
2025-05-16,52.42079162597656
2025-05-19,52.8440055847168
2025-05-20,53.094085693359375
2025-05-21,52.80553436279297
2025-05-22,52.74782180786133
2025-05-23,52.930572509765625
2025-05-27,53.67119598388672
2025-05-28,53.18065643310547
2025-05-29,53.39226150512695
2025-05-30,53.4595947265625
2025-06-02,54.07516860961914
2025-06-03,53.68081283569336
2025-06-04,53.959747314453125
2025-06-05,53.959747314453125
2025-06-06,54.13288497924805
2025-06-09,54.15211868286133
2025-06-10,54.27716064453125
2025-06-11,54.267539978027344
2025-06-12,54.69075393676758
2025-06-13,54.02708435058594
2025-06-16,54.29640197753906
2025-06-17,53.613487243652344
2025-06-18,53.75776290893555
2025-06-20,53.322452545166016
2025-06-23,53.729644775390625
2025-06-24,54.437381744384766
2025-06-25,54.16592025756836
2025-06-26,54.75731658935547
2025-06-27,55.09664535522461
2025-06-30,55.271148681640625
2025-07-01,55.23236846923828
2025-07-02,55.40687942504883
2025-07-03,55.47474670410156
2025-07-07,54.786399841308594
2025-07-08,55.183895111083984
2025-07-09,55.562007904052734
2025-07-10,55.60077667236328
2025-07-11,55.13542175292969
2025-07-14,55.203285217285156
2025-07-15,54.65066909790039
2025-07-16,54.912437438964844
2025-07-17,55.03847122192383
2025-07-18,54.912437438964844
2025-07-21,55.271148681640625
2025-07-22,55.53291702270508
2025-07-23,56.7157096862793
2025-07-24,56.31821060180664
2025-07-25,56.250343322753906
2025-07-28,55.41657257080078
2025-07-29,55.397186279296875
2025-07-30,54.98029708862305
2025-07-31,54.505245208740234
2025-08-01,54.31134796142578
2025-08-04,55.06755828857422
2025-08-05,55.16450881958008
2025-08-06,55.59109115600586
2025-08-07,55.988582611083984
2025-08-08,56.250343322753906
2025-08-11,56.02735900878906
2025-08-12,56.65753173828125
2025-08-13,56.9193000793457
2025-08-14,56.82235336303711
2025-08-15,57.07442092895508
2025-08-18,57.01625442504883
2025-08-19,56.948387145996094
2025-08-20,57.093807220458984
2025-08-21,56.82235336303711
2025-08-22,57.74337387084961
2025-08-25,57.025943756103516
2025-08-26,57.04533767700195
2025-08-27,56.97747039794922
2025-08-28,57.21014404296875
2025-08-29,56.9193000793457
2025-09-02,56.4151611328125
2025-09-03,56.541194915771484
2025-09-04,56.89021682739258
2025-09-05,57.16166687011719
2025-09-08,57.71428680419922
2025-09-09,57.55916976928711
2025-09-10,57.59794998168945
2025-09-11,58.23781967163086
2025-09-12,57.99544906616211
2025-09-15,58.46080017089844
2025-09-16,58.39293670654297
2025-09-17,58.18933868408203
2025-09-18,58.3735466003418
2025-09-19,58.107608795166016
2025-09-22,58.41933059692383
2025-09-23,58.331661224365234
2025-09-24,57.92251968383789
2025-09-25,57.53286361694336
2025-09-26,57.87381362915039
2025-09-29,58.16604995727539
2025-09-30,58.37062072753906
2025-10-01,58.80898666381836
2025-10-02,58.935630798339844
2025-10-03,59.48114776611328
2025-10-06,59.598045349121094
2025-10-07,59.08175277709961
2025-10-08,59.26683807373047
2025-10-09,58.760284423828125
2025-10-10,57.64976119995117
2025-10-13,58.25373077392578
2025-10-14,58.4290771484375
2025-10-15,58.83821487426758
2025-10-16,59.09149169921875
2025-10-17,59.14019775390625
2025-10-20,59.656494140625
2025-10-21,59.12071228027344
2025-10-22,59.14019775390625
2025-10-23,59.44218444824219
2025-10-24,59.63701629638672
2025-10-27,60.075374603271484
2025-10-28,60.06563186645508
2025-10-29,59.72468566894531
2025-10-30,59.45191955566406
2025-10-31,59.40321350097656
2025-11-03,59.549339294433594
2025-11-04,58.760284423828125
2025-11-05,59.13045883178711
2025-11-06,58.857696533203125
2025-11-07,59.04278564453125
2025-11-10,59.763648986816406
2025-11-11,60.133819580078125
2025-11-12,60.52348327636719
2025-11-13,59.81236267089844
2025-11-14,59.73442077636719
2025-11-17,58.96485137939453
2025-11-18,58.36088562011719
2025-11-19,58.16604995727539
2025-11-20,57.37700271606445
2025-11-21,58.22450637817383
2025-11-24,58.50700759887695
2025-11-25,59.0622673034668
2025-11-26,59.695457458496094
2025-11-28,59.97795867919922
2025-12-01,59.67597198486328
2025-12-02,59.87080383300781
2025-12-03,60.19227600097656
2025-12-04,60.34813690185547
2025-12-05,60.43581008911133
2025-12-08,60.309165954589844
2025-12-09,60.2409782409668
2025-12-10,60.92288589477539
2025-12-11,61.1761589050293
2025-12-12,60.86442947387695
2025-12-15,61.215118408203125
2025-12-16,60.84495162963867
2025-12-17,60.416324615478516
2025-12-18,60.893653869628906
2025-12-19,61.26018524169922
2025-12-22,61.54747009277344
2025-12-23,61.95362091064453
2025-12-24,62.09231185913086
2025-12-26,62.221092224121094
2025-12-29,62.131935119628906
2025-12-30,62.2012825012207
2025-12-31,61.88427734375
2026-01-02,62.6074333190918
2026-01-05,63.35040283203125
2026-01-06,63.53861999511719
2026-01-07,63.28105926513672
2026-01-08,63.34049606323242
2026-01-09,63.924964904785156
2026-01-12,64.31130981445312
2026-01-13,63.95467758178711
2026-01-14,64.26177978515625
2026-01-15,64.3509292602539
2026-01-16,64.52924346923828
2026-01-20,63.667396545410156
2026-01-21,64.40046691894531
2026-01-22,64.74718475341797
2026-01-23,65.16324615478516
2026-01-26,65.46043395996094
2026-01-27,66.53031158447266
2026-01-28,66.09442901611328
2026-01-29,66.44114685058594
2026-01-30,65.57929992675781
2026-02-02,65.83686828613281
2026-02-03,66.09442901611328
2026-02-04,66.17369079589844
2026-02-05,65.28211975097656
2026-02-06,66.73834228515625
2026-02-09,67.72896575927734
2026-02-10,67.8973617553711
2026-02-11,68.402587890625
2026-02-12,67.85774230957031
2026-02-13,68.11530303955078
2026-02-17,67.9369888305664
2026-02-18,68.16483306884766
2026-02-19,68.14501953125
2026-02-20,68.86817932128906
2026-02-23,68.53136444091797
2026-02-24,68.8087387084961
2026-02-25,69.60124206542969
2026-02-26,69.65077209472656
2026-02-27,69.58142852783203
2026-03-02,68.36295318603516
2026-03-03,65.98545837402344
2026-03-04,66.74823760986328
2026-03-05,65.17314910888672
2026-03-06,64.66792297363281
2026-03-09,65.29203033447266
2026-03-10,65.3514633178711
2026-03-11,65.24249267578125
2026-03-12,63.9645881652832
2026-03-13,63.221622467041016
2026-03-16,64.57878112792969
2026-03-17,64.79671478271484
2026-03-18,63.67730712890625
2026-03-19,63.558433532714844
2026-03-20,61.562896728515625
2026-03-23,63.17043685913086
2026-03-24,62.664363861083984
2026-03-25,63.47805404663086
2026-03-26,61.99951171875
2026-03-27,61.572818756103516
2026-03-30,61.55297088623047
2026-03-31,63.58720779418945
2026-04-01,64.63905334472656
2026-04-02,64.14290618896484
2026-04-06,64.61920928955078
2026-04-07,64.58943939208984
2026-04-08,67.29844665527344
2026-04-09,67.03052520751953
2026-04-10,67.21905517578125
2026-04-13,67.6854476928711
2026-04-14,68.36021423339844
2026-04-15,68.17167663574219
2026-04-16,68.10221099853516
2026-04-17,69.09452819824219
2026-04-20,68.79683685302734
2026-04-21,67.29844665527344
2026-04-22,67.82437133789062
2026-04-23,67.16944885253906
2026-04-24,67.6159896850586
2026-04-27,67.54651641845703
2026-04-28,67.20913696289062
2026-04-29,66.56414031982422
2026-04-30,68.27091217041016
2026-05-01,68.19152069091797
2026-05-04,67.38775634765625
2026-05-05,68.44952392578125
2026-05-06,70.32499694824219
2026-05-07,69.13421630859375
2026-05-08,70.2853012084961
2026-05-11,70.27537536621094
2026-05-12,69.43191528320312
2026-05-13,70.08683776855469
2026-05-14,70.01737213134766
2026-05-15,68.54875946044922
2026-05-18,68.9853744506836
2026-05-19,68.4594497680664
2026-05-20,69.66014099121094
2026-05-21,70.14637756347656
2026-05-22,69.91814422607422
2026-05-26,71.22799682617188
2026-05-27,70.86083984375
2026-05-28,71.10892486572266
2026-05-29,71.21806335449219
2026-06-01,71.31730651855469
2026-06-02,71.76383972167969
2026-06-03,71.11883544921875
2026-06-04,71.28752899169922
2026-06-05,68.6380615234375
2026-06-08,69.32276153564453
2026-06-09,69.30290985107422
2026-06-10,68.28083038330078
2026-06-11,70.76160430908203
2026-06-12,70.99976348876953
2026-06-15,71.83329772949219
2026-06-16,71.76383972167969
2026-06-17,71.44630432128906
2026-06-18,72.13159942626953
2026-06-22,72.2114028930664
2026-06-23,69.99687957763672
2026-06-24,70.10661315917969
2026-06-25,70.98444366455078
2026-06-26,70.38591766357422
2026-06-29,70.74503326416016
2026-06-30,71.07421875
2026-07-01,70.18641662597656
2026-07-02,70.63529968261719
2026-07-06,71.71263885498047
2026-07-07,70.60537719726562
2026-07-08,70.16645812988281
2026-07-09,70.55550384521484
2026-07-10,70.81485748291016
2026-07-13,69.58789825439453
2026-07-14,70.42581939697266
2026-07-15,70.64527893066406
2026-07-16,69.85723114013672
2026-07-17,69.52803802490234
2026-07-20,69.0592041015625
2026-07-21,70.296142578125
2026-07-22,70.31609344482422
2026-07-23,69.60784149169922
2026-07-24,69.53801727294922
2026-07-27,69.82730102539062
2026-07-28,69.42829132080078
2026-07-29,68.77989196777344
2026-07-30,70.91461181640625
2026-07-31,70.4457778930664
2026-08-03,70.86473846435547
2026-08-04,72.04182434082031
2026-08-05,72.17150115966797
2026-08-06,71.94207763671875
2026-08-07,72.71017456054688
2026-08-10,72.32113647460938
2026-08-11,72.51066589355469
2026-08-12,73.1191635131836
2026-08-13,73.35857391357422
2026-08-14,73.39847564697266
2026-08-17,73.5082015991211
2026-08-18,72.2114028930664
2026-08-19,72.65032196044922
2026-08-20,72.66029357910156
2026-08-21,73.23886108398438
2026-08-24,72.87975311279297
2026-08-25,73.60795593261719
2026-08-26,73.26879119873047
2026-08-27,73.23886108398438
2026-08-28,72.87975311279297
2026-08-31,72.74009704589844
2026-09-01,71.93209838867188
2026-09-02,72.4109115600586
2026-09-03,73.25881958007812
2026-09-04,73.5780258178711
2026-09-08,73.26879119873047
2026-09-09,72.64034271240234
2026-09-10,71.74256134033203
2026-09-11,72.51066589355469
2026-09-14,71.54306030273438
2026-09-15,71.35353088378906
2026-09-16,71.08419799804688
2026-09-17,71.97200012207031
2026-09-18,71.37999725341797
2026-09-21,72.30000305175781
2026-09-22,72.70999908447266
2026-09-23,71.41999816894531
2026-09-24,71.05000305175781
2026-09-25,71.83999633789062
2026-09-28,71.30999755859375
2026-09-29,71.18000030517578
2026-09-30,70.61000061035156
2026-10-01,70.20999908447266
2026-10-02,71.12999725341797
2026-10-05,71.12999725341797
2026-10-06,71.11000061035156
2026-10-07,70.26000213623047
