date,adjclose
2011-10-10,25.817119598388672
2011-10-11,25.75824546813965
2011-10-12,26.37657356262207
2011-10-13,26.241140365600586
2011-10-14,26.69458770751953
2011-10-17,25.77001190185547
2011-10-18,26.31767463684082
2011-10-19,25.722909927368164
2011-10-20,25.846561431884766
2011-10-21,26.71224021911621
2011-10-24,27.08325958251953
2011-10-25,26.62979507446289
2011-10-26,27.11858367919922
2011-10-27,28.690935134887695
2011-10-28,28.319934844970703
2011-10-31,26.918363571166992
2011-11-01,25.79946517944336
2011-11-02,26.229352951049805
2011-11-03,27.089134216308594
2011-11-04,26.547348022460938
2011-11-07,26.62391471862793
2011-11-08,27.15392303466797
2011-11-09,25.32834243774414
2011-11-10,25.80534553527832
2011-11-11,26.55913543701172
2011-11-14,25.83478355407715
2011-11-15,25.83478355407715
2011-11-16,25.293012619018555
2011-11-17,24.992671966552734
2011-11-18,25.110456466674805
2011-11-21,24.409669876098633
2011-11-22,24.238895416259766
2011-11-23,23.496889114379883
2011-11-25,23.379108428955078
2011-11-28,24.633447647094727
2011-11-29,24.80422592163086
2011-11-30,26.14691162109375
2011-12-01,25.864238739013672
2011-12-02,25.840686798095703
2011-12-05,26.141008377075195
2011-12-06,26.152803421020508
2011-12-07,26.3059139251709
2011-12-08,25.310672760009766
2011-12-09,26.040912628173828
2011-12-12,25.01622772216797
2011-12-13,24.651119232177734
2011-12-14,24.297773361206055
2011-12-15,24.545124053955078
2011-12-16,24.321340560913086
2011-12-19,24.221221923828125
2011-12-20,25.222347259521484
2011-12-21,25.06086540222168
2011-12-22,25.36287498474121
2011-12-23,25.584754943847656
2011-12-27,25.418346405029297
2011-12-28,24.949913024902344
2011-12-29,25.45532989501953
2011-12-30,25.53544807434082
2012-01-03,26.386016845703125
2012-01-04,26.06551170349121
2012-01-05,25.590919494628906
2012-01-06,25.23960304260254
2012-01-09,25.430662155151367
2012-01-10,25.818979263305664
2012-01-11,25.609411239624023
2012-01-12,25.86210823059082
2012-01-13,25.350543975830078
2012-01-17,25.82513999938965
2012-01-18,26.379852294921875
2012-01-19,26.761993408203125
2012-01-20,26.792816162109375
2012-01-23,26.983877182006836
2012-01-24,26.817462921142578
2012-01-25,27.08249282836914
2012-01-26,27.16261863708496
2012-01-27,27.187271118164062
2012-01-30,26.755828857421875
2012-01-31,26.92841148376465
2012-02-01,27.489290237426758
2012-02-02,27.532434463500977
2012-02-03,28.07481575012207
2012-02-06,27.859094619750977
2012-02-07,28.11796760559082
2012-02-08,28.21658706665039
2012-02-09,28.23506736755371
2012-02-10,27.655698776245117
2012-02-13,28.007015228271484
2012-02-14,27.711164474487305
2012-02-15,27.618715286254883
2012-02-16,28.105636596679688
2012-02-17,28.25356674194336
2012-02-21,28.247398376464844
2012-02-22,28.142616271972656
2012-02-23,28.42613983154297
2012-02-24,28.672685623168945
2012-02-27,28.43231201171875
2012-02-28,28.685007095336914
2012-02-29,28.38916015625
2012-03-01,28.76512908935547
2012-03-02,28.395313262939453
2012-03-05,28.28438377380371
2012-03-06,27.12564468383789
2012-03-07,27.557083129882812
2012-03-08,28.302865982055664
2012-03-09,28.019350051879883
2012-03-12,28.124128341674805
2012-03-13,28.62336540222168
2012-03-14,28.370670318603516
2012-03-15,28.691158294677734
2012-03-16,28.987001419067383
2012-03-19,29.116455078125
2012-03-20,28.758968353271484
2012-03-21,28.58639144897461
2012-03-22,28.259721755981445
2012-03-23,28.475444793701172
2012-03-26,28.987001419067383
2012-03-27,28.61720848083496
2012-03-28,28.315195083618164
2012-03-29,28.099472045898438
2012-03-30,28.40765380859375
2012-04-02,28.86375617980957
2012-04-03,28.23506736755371
2012-04-04,27.520103454589844
2012-04-05,27.24890899658203
2012-04-09,27.113313674926758
2012-04-10,26.398365020751953
2012-04-11,26.879104614257812
2012-04-12,27.439971923828125
2012-04-13,26.688032150268555
2012-04-16,26.990041732788086
2012-04-17,27.557083129882812
2012-04-18,27.29203987121582
2012-04-19,27.14413833618164
2012-04-20,27.489290237426758
2012-04-23,26.885265350341797
2012-04-24,27.13180923461914
2012-04-25,27.57556915283203
2012-04-26,27.711164474487305
2012-04-27,27.871417999267578
2012-04-30,27.698863983154297
2012-05-01,27.945383071899414
2012-05-02,27.600223541259766
2012-05-03,27.37833595275879
2012-05-04,26.897579193115234
2012-05-07,27.174938201904297
2012-05-08,26.731168746948242
2012-05-09,26.32437515258789
2012-05-10,26.496957778930664
2012-05-11,26.349035263061523
2012-05-14,25.76966667175293
2012-05-15,25.393688201904297
2012-05-16,25.214948654174805
2012-05-17,24.80199432373047
2012-05-18,24.70954132080078
2012-05-21,25.350543975830078
2012-05-22,25.202617645263672
2012-05-23,24.949913024902344
2012-05-24,24.80199432373047
2012-05-25,24.795833587646484
2012-05-29,25.02387809753418
2012-05-30,24.302751541137695
2012-05-31,24.382871627807617
2012-06-01,23.815832138061523
2012-06-04,24.04387855529785
2012-06-05,24.117843627929688
2012-06-06,24.949913024902344
2012-06-07,24.993061065673828
2012-06-08,25.048534393310547
2012-06-11,24.703384399414062
2012-06-12,25.221099853515625
2012-06-13,24.962247848510742
2012-06-14,25.214948654174805
2012-06-15,25.584754943847656
2012-06-18,25.344377517700195
2012-06-19,25.98538589477539
2012-06-20,26.114810943603516
2012-06-21,25.37520408630371
2012-06-22,25.63406753540039
2012-06-25,24.925254821777344
2012-06-26,25.097843170166016
2012-06-27,25.319719314575195
2012-06-28,25.227277755737305
2012-06-29,26.398365020751953
2012-07-02,26.583250045776367
2012-07-03,26.81128692626953
2012-07-05,26.20110511779785
2012-07-06,25.868276596069336
2012-07-09,25.874439239501953
2012-07-10,25.751169204711914
2012-07-11,25.84978675842285
2012-07-12,25.566261291503906
2012-07-13,26.016202926635742
2012-07-16,26.010047912597656
2012-07-17,26.14565086364746
2012-07-18,26.336715698242188
2012-07-19,26.589414596557617
2012-07-20,25.88060760498047
2012-07-23,25.245765686035156
2012-07-24,24.875953674316406
2012-07-25,25.1163330078125
2012-07-26,26.090167999267578
2012-07-27,26.731168746948242
2012-07-30,26.706512451171875
2012-07-31,26.484638214111328
2012-08-01,26.533939361572266
2012-08-02,26.003868103027344
2012-08-03,27.174938201904297
2012-08-06,27.353687286376953
2012-08-07,27.569408416748047
2012-08-08,27.550920486450195
2012-08-09,27.50778579711914
2012-08-10,27.587892532348633
2012-08-13,27.458478927612305
2012-08-14,27.557083129882812
2012-08-15,27.550920486450195
2012-08-16,27.859094619750977
2012-08-17,27.883752822875977
2012-08-20,27.82211685180664
2012-08-21,28.031675338745117
2012-08-22,28.007015228271484
2012-08-23,27.791296005249023
2012-08-24,27.748136520385742
2012-08-27,27.84677505493164
2012-08-28,27.82211685180664
2012-08-29,27.705001831054688
2012-08-30,27.39682960510254
2012-08-31,27.723501205444336
2012-09-04,27.643367767333984
2012-09-05,27.661869049072266
2012-09-06,28.500093460083008
2012-09-07,28.900718688964844
2012-09-10,28.604877471923828
2012-09-11,29.02400779724121
2012-09-12,29.122623443603516
2012-09-13,29.60953140258789
2012-09-14,29.91771697998047
2012-09-17,29.751296997070312
2012-09-18,29.584888458251953
2012-09-19,29.701982498168945
2012-09-20,29.47393798828125
2012-09-21,29.591041564941406
2012-09-24,29.45737648010254
2012-09-25,29.19256019592285
2012-09-26,28.776430130004883
2012-09-27,29.167348861694336
2012-09-28,28.53682518005371
2012-10-01,28.858388900756836
2012-10-02,29.053855895996094
2012-10-03,28.908830642700195
2012-10-04,29.32495880126953
2012-10-05,29.388025283813477
2012-10-08,29.161041259765625
2012-10-09,28.644025802612305
2012-10-10,28.63770866394043
2012-10-11,28.871017456054688
2012-10-12,28.84576988220215
2012-10-15,29.15473175048828
2012-10-16,29.684354782104492
2012-10-17,29.955476760864258
2012-10-18,29.760007858276367
2012-10-19,29.37541389465332
2012-10-22,29.564565658569336
2012-10-23,28.814258575439453
2012-10-24,28.807950973510742
2012-10-25,28.9844913482666
2012-10-26,29.00341033935547
2012-10-31,29.04124641418457
2012-11-01,29.356494903564453
2012-11-02,29.047544479370117
2012-11-05,28.934049606323242
2012-11-06,29.255615234375
2012-11-07,28.751201629638672
2012-11-08,28.4422550201416
2012-11-09,28.398122787475586
2012-11-12,28.454870223999023
2012-11-13,28.30984878540039
2012-11-14,28.05763816833496
2012-11-15,28.04503059387207
2012-11-16,27.868492126464844
2012-11-19,28.568361282348633
2012-11-20,28.66925048828125
2012-11-21,28.751201629638672
2012-11-23,29.46998405456543
2012-11-26,29.356494903564453
2012-11-27,29.19256019592285
2012-11-28,29.463687896728516
2012-11-29,29.747407913208008
2012-11-30,29.760007858276367
2012-12-03,29.87351417541504
2012-12-04,30.024831771850586
2012-12-05,30.094196319580078
2012-12-06,30.075273513793945
2012-12-07,29.9617919921875
2012-12-10,30.043746948242188
2012-12-11,30.25811195373535
2012-12-12,30.38422203063965
2012-12-13,30.283353805541992
2012-12-14,30.46619415283203
2012-12-17,30.573373794555664
2012-12-18,30.888633728027344
2012-12-19,30.932758331298828
2012-12-20,31.06686782836914
2012-12-21,30.787220001220703
2012-12-24,30.704605102539062
2012-12-26,30.73636817932129
2012-12-27,30.85079002380371
2012-12-28,30.444007873535156
2012-12-31,31.04145622253418
2013-01-02,31.41643524169922
2013-01-03,31.04781150817871
2013-01-04,31.308401107788086
2013-01-07,31.1812744140625
2013-01-08,31.07957649230957
2013-01-09,31.17493438720703
2013-01-10,31.677019119262695
2013-01-11,31.810489654541016
2013-01-14,31.785076141357422
2013-01-15,31.67066192626953
2013-01-16,31.524478912353516
2013-01-17,31.861347198486328
2013-01-18,31.791439056396484
2013-01-22,31.861347198486328
2013-01-23,31.87406349182129
2013-01-24,32.05836486816406
2013-01-25,32.49055480957031
2013-01-28,32.36344909667969
2013-01-29,32.547767639160156
2013-01-30,32.53505325317383
2013-01-31,32.36980438232422
2013-02-01,32.70665740966797
2013-02-04,31.810489654541016
2013-02-05,32.07107925415039
2013-02-06,31.937610626220703
2013-02-07,31.58168601989746
2013-02-08,31.823213577270508
2013-02-11,31.638887405395508
2013-02-12,31.950319290161133
2013-02-13,32.10921096801758
2013-02-14,31.8422794342041
2013-02-15,31.74693489074707
2013-02-19,32.134647369384766
2013-02-20,31.696096420288086
2013-02-21,31.213058471679688
2013-02-22,31.677019119262695
2013-02-25,30.672822952270508
2013-02-26,30.971538543701172
2013-02-27,31.435503005981445
2013-02-28,31.270263671875
2013-03-01,31.1876277923584
2013-03-04,31.37195587158203
2013-03-05,31.740585327148438
2013-03-06,31.677019119262695
2013-03-07,31.924894332885742
2013-03-08,31.905838012695312
2013-03-11,32.01388168334961
2013-03-12,31.918542861938477
2013-03-13,31.810489654541016
2013-03-14,32.27445983886719
2013-03-15,32.242679595947266
2013-03-18,31.772367477416992
2013-03-19,31.63253402709961
2013-03-20,31.89312171936035
2013-03-21,31.473642349243164
2013-03-22,31.804468154907227
2013-03-25,31.293540954589844
2013-03-26,31.446828842163086
2013-03-27,31.08917999267578
2013-03-28,31.376562118530273
2013-04-01,31.19775390625
2013-04-02,31.600093841552734
2013-04-03,31.41489028930664
2013-04-04,31.395729064941406
2013-04-05,31.204130172729492
2013-04-08,31.267988204956055
2013-04-09,31.41489028930664
2013-04-10,31.944961547851562
2013-04-11,32.12377166748047
2013-04-12,32.027984619140625
2013-04-15,31.293540954589844
2013-04-16,31.79807472229004
2013-04-17,30.86565589904785
2013-04-18,30.872041702270508
2013-04-19,31.08917999267578
2013-04-22,31.24244499206543
2013-04-23,31.79807472229004
2013-04-24,32.11740493774414
2013-04-25,32.20680618286133
2013-04-26,32.3026008605957
2013-04-29,32.7879638671875
2013-04-30,32.800758361816406
2013-05-01,32.58999252319336
2013-05-02,32.756046295166016
2013-05-03,33.15836715698242
2013-05-06,33.120052337646484
2013-05-07,33.222267150878906
2013-05-08,33.6501350402832
2013-05-09,33.28610610961914
2013-05-10,33.42023468017578
2013-05-13,33.24140167236328
2013-05-14,33.34358215332031
2013-05-15,33.43938446044922
2013-05-16,33.292510986328125
2013-05-17,33.53518295288086
2013-05-20,33.637359619140625
2013-05-21,33.73317337036133
2013-05-22,33.42023468017578
2013-05-23,33.24140167236328
2013-05-24,33.2094841003418
2013-05-28,33.40107345581055
2013-05-29,33.17753601074219
2013-05-30,33.45215606689453
2013-05-31,32.807132720947266
2013-06-03,33.132835388183594
2013-06-04,32.97317123413086
2013-06-05,32.500579833984375
2013-06-06,32.768798828125
2013-06-07,33.00511932373047
2013-06-10,32.99233627319336
2013-06-11,32.64108657836914
2013-06-12,32.634700775146484
2013-06-13,33.01787567138672
2013-06-14,32.74326705932617
2013-06-17,33.09451675415039
2013-06-18,33.25418472290039
2013-06-19,32.55805969238281
2013-06-20,31.52984046936035
2013-06-21,31.25522232055664
2013-06-24,30.77326774597168
2013-06-25,31.111949920654297
2013-06-26,31.333377838134766
2013-06-27,31.554813385009766
2013-06-28,31.34641456604004
2013-07-01,31.73065948486328
2013-07-02,31.40502166748047
2013-07-03,31.43758201599121
2013-07-05,31.51573944091797
2013-07-08,31.880462646484375
2013-07-09,31.94559097290039
2013-07-10,32.167030334472656
2013-07-11,33.0267333984375
2013-07-12,32.727134704589844
2013-07-15,32.92251968383789
2013-07-16,32.94205856323242
2013-07-17,32.97462463378906
2013-07-18,33.24816131591797
2013-07-19,33.36538314819336
2013-07-22,33.528202056884766
2013-07-23,33.580322265625
2013-07-24,33.66498947143555
2013-07-25,33.87339401245117
2013-07-26,33.7496452331543
2013-07-29,33.63241958618164
2013-07-30,33.528202056884766
2013-07-31,33.73662567138672
2013-08-01,34.068782806396484
2013-08-02,34.231624603271484
2013-08-05,34.17948532104492
2013-08-06,34.075286865234375
2013-08-07,34.127403259277344
2013-08-08,34.49211502075195
2013-08-09,34.57677459716797
2013-08-12,34.40093231201172
2013-08-13,34.61586380004883
2013-08-14,34.66145324707031
2013-08-15,34.4856071472168
2013-08-16,34.57677459716797
2013-08-19,34.27067947387695
2013-08-20,34.37489700317383
2013-08-21,34.02320098876953
2013-08-22,34.453041076660156
2013-08-23,34.62888717651367
2013-08-26,34.459564208984375
2013-08-27,33.723594665527344
2013-08-28,33.68452835083008
2013-08-29,33.586830139160156
2013-08-30,33.24164581298828
2013-09-03,33.723594665527344
2013-09-04,33.912471771240234
2013-09-05,33.89293670654297
2013-09-06,34.11436080932617
2013-09-09,34.459564208984375
2013-09-10,34.889400482177734
2013-09-11,35.13688659667969
2013-09-12,34.980594635009766
2013-09-13,35.14340591430664
2013-09-16,35.40391159057617
2013-09-17,35.423465728759766
2013-09-18,36.31572341918945
2013-09-19,36.13986587524414
2013-09-20,35.905418395996094
2013-09-23,35.85572052001953
2013-09-24,35.7576789855957
2013-09-25,35.85572052001953
2013-09-26,35.8426513671875
2013-09-27,35.83611297607422
2013-09-30,35.62692642211914
2013-10-01,35.86225891113281
2013-10-02,35.86878967285156
2013-10-03,35.67924499511719
2013-10-04,35.659610748291016
2013-10-07,35.48965072631836
2013-10-08,35.11704635620117
2013-10-09,35.00590896606445
2013-10-10,35.74459457397461
2013-10-11,35.94724655151367
2013-10-14,36.03223419189453
2013-10-15,35.9014892578125
2013-10-16,36.1498908996582
2013-10-17,36.75128936767578
2013-10-18,36.9801025390625
2013-10-21,37.078155517578125
2013-10-22,37.49000930786133
2013-10-23,37.32002258300781
2013-10-24,37.56189727783203
2013-10-25,37.56843185424805
2013-10-28,37.391929626464844
2013-10-29,37.457298278808594
2013-10-30,37.3134880065918
2013-10-31,37.11737060546875
2013-11-01,36.88203430175781
2013-11-04,37.10429382324219
2013-11-05,36.76437759399414
2013-11-06,37.11737060546875
2013-11-07,36.52904510498047
2013-11-08,36.72514724731445
2013-11-11,36.836280822753906
2013-11-12,36.62056350708008
2013-11-13,36.77744674682617
2013-11-14,36.87550735473633
2013-11-15,37.07162094116211
2013-11-18,37.1239128112793
2013-11-19,37.04548645019531
2013-11-20,36.70553207397461
2013-11-21,37.0258674621582
2013-11-22,37.228515625
2013-11-25,37.15660858154297
2013-11-26,37.163124084472656
2013-11-27,37.35272216796875
2013-11-29,37.496517181396484
2013-12-02,37.15660858154297
2013-12-03,36.829742431640625
2013-12-04,36.62710189819336
2013-12-05,36.47021484375
2013-12-06,36.96049499511719
2013-12-09,36.99972915649414
2013-12-10,36.87550735473633
2013-12-11,36.600948333740234
2013-12-12,36.21526336669922
2013-12-13,36.18911361694336
2013-12-16,36.66632080078125
2013-12-17,36.45714569091797
2013-12-18,37.0258674621582
2013-12-19,37.13698959350586
2013-12-20,37.32537841796875
2013-12-23,37.67987060546875
2013-12-24,37.94244384765625
2013-12-26,38.09999084472656
2013-12-27,38.303489685058594
2013-12-30,38.46760559082031
2013-12-31,38.59889221191406
2014-01-02,37.77832794189453
2014-01-03,37.78489685058594
2014-01-06,37.817718505859375
2014-01-07,38.073726654052734
2014-01-08,38.054039001464844
2014-01-09,38.086856842041016
2014-01-10,38.46103286743164
2014-01-13,38.14594268798828
2014-01-14,38.59232711791992
2014-01-15,38.74330520629883
2014-01-16,38.776123046875
2014-01-17,38.52668380737305
2014-01-21,38.78269577026367
2014-01-22,38.78926086425781
2014-01-23,38.776123046875
2014-01-24,37.54201126098633
2014-01-27,37.36476516723633
2014-01-28,37.71925354003906
2014-01-29,37.253173828125
2014-01-30,37.35821533203125
2014-01-31,36.833045959472656
2014-02-03,36.11096954345703
2014-02-04,36.49826431274414
2014-02-05,36.62299728393555
2014-02-06,37.36476516723633
2014-02-07,37.84398651123047
2014-02-10,37.73237609863281
2014-02-11,38.33631896972656
2014-02-12,38.39539337158203
2014-02-13,38.65140914916992
2014-02-14,38.82863998413086
2014-02-18,39.09121322631836
2014-02-19,38.82863998413086
2014-02-20,39.0715217590332
2014-02-21,39.09779357910156
2014-02-24,39.39975357055664
2014-02-25,39.35379409790039
2014-02-26,39.19625473022461
2014-02-27,39.37348937988281
2014-02-28,39.537601470947266
2014-03-03,38.52668380737305
2014-03-04,39.31441116333008
2014-03-05,39.30784606933594
2014-03-06,39.71484375
2014-03-07,39.44569778442383
2014-03-10,39.163429260253906
2014-03-11,38.95994186401367
2014-03-12,38.86146545410156
2014-03-13,38.014644622802734
2014-03-14,38.073726654052734
2014-03-17,38.58574676513672
2014-03-18,38.900856018066406
2014-03-19,38.33631896972656
2014-03-20,38.37569808959961
2014-03-21,38.244407653808594
2014-03-24,38.27723693847656
2014-03-25,38.75577163696289
2014-03-26,38.68911361694336
2014-03-27,38.79576110839844
2014-03-28,39.05568313598633
2014-03-31,39.2889518737793
2014-04-01,39.60886001586914
2014-04-02,39.58218765258789
2014-04-03,39.52887725830078
2014-04-04,39.36891555786133
2014-04-07,39.19563674926758
2014-04-08,39.31559753417969
2014-04-09,39.8021240234375
2014-04-10,39.0890007019043
2014-04-11,38.79576110839844
2014-04-14,38.962364196777344
2014-04-15,38.79576110839844
2014-04-16,39.24230194091797
2014-04-17,39.48222351074219
2014-04-21,39.58218765258789
2014-04-22,39.835472106933594
2014-04-23,39.708824157714844
2014-04-24,39.75548553466797
2014-04-25,39.58218765258789
2014-04-28,39.67550277709961
2014-04-29,40.002079010009766
2014-04-30,40.32865524291992
2014-05-01,40.368648529052734
2014-05-02,40.27533721923828
2014-05-05,40.24201965332031
2014-05-06,40.18202209472656
2014-05-07,40.301979064941406
2014-05-08,40.32865524291992
2014-05-09,40.162025451660156
2014-05-12,40.50859832763672
2014-05-13,40.415287017822266
2014-05-14,40.36197280883789
2014-05-15,40.18869400024414
2014-05-16,40.21535110473633
2014-05-19,40.21535110473633
2014-05-20,40.00874328613281
2014-05-21,40.30866241455078
2014-05-22,40.26199722290039
2014-05-23,40.26866912841797
2014-05-27,40.59526062011719
2014-05-28,40.428627014160156
2014-05-29,40.6152458190918
2014-05-30,40.64189910888672
2014-06-02,40.6152458190918
2014-06-03,40.49526596069336
2014-06-04,40.45528793334961
2014-06-05,40.828521728515625
2014-06-06,41.135101318359375
2014-06-09,41.041786193847656
2014-06-10,41.01512908935547
2014-06-11,40.74853515625
2014-06-12,40.721885681152344
2014-06-13,40.66189193725586
2014-06-16,40.68853759765625
2014-06-17,40.68853759765625
2014-06-18,41.03511428833008
2014-06-19,41.088443756103516
2014-06-20,41.01512908935547
2014-06-23,40.94181442260742
2014-06-24,40.626182556152344
2014-06-25,40.524574279785156
2014-06-26,40.50425720214844
2014-06-27,40.605857849121094
2014-06-30,40.605857849121094
2014-07-01,40.93775939941406
2014-07-02,40.985164642333984
2014-07-03,41.188358306884766
2014-07-07,40.7548713684082
2014-07-08,40.15883255004883
2014-07-09,40.30107116699219
2014-07-10,39.81338882446289
2014-07-11,39.806617736816406
2014-07-14,40.084320068359375
2014-07-15,39.91497802734375
2014-07-16,40.2536506652832
2014-07-17,39.63728332519531
2014-07-18,39.942073822021484
2014-07-21,39.745643615722656
2014-07-22,39.95561599731445
2014-07-23,40.016578674316406
2014-07-24,40.1859130859375
2014-07-25,39.91497802734375
2014-07-28,39.84048080444336
2014-07-29,39.732112884521484
2014-07-30,39.63051223754883
2014-07-31,38.85157775878906
2014-08-01,38.512916564941406
2014-08-04,38.756752014160156
2014-08-05,38.26230239868164
2014-08-06,38.20135498046875
2014-08-07,37.78817367553711
2014-08-08,38.1268310546875
2014-08-11,38.20135498046875
2014-08-12,38.19457244873047
2014-08-13,38.343570709228516
2014-08-14,38.57386779785156
2014-08-15,38.546775817871094
2014-08-18,38.84479904174805
2014-08-19,38.90576171875
2014-08-20,38.74996566772461
2014-08-21,38.9870491027832
2014-08-22,38.77029037475586
2014-08-25,39.183467864990234
2014-08-26,39.23765563964844
2014-08-27,39.3798942565918
2014-08-28,39.115745544433594
2014-08-29,39.13604736328125
2014-09-02,39.08863830566406
2014-09-03,39.44085693359375
2014-09-04,39.21733093261719
2014-09-05,39.312156677246094
2014-09-08,38.76353454589844
2014-09-09,38.74996566772461
2014-09-10,38.91253662109375
2014-09-11,38.74320602416992
2014-09-12,38.756752014160156
2014-09-15,38.73644256591797
2014-09-16,38.87867736816406
2014-09-17,38.7093391418457
2014-09-18,39.06155776977539
2014-09-19,38.90576171875
2014-09-22,38.76353454589844
2014-09-23,38.25552749633789
2014-09-24,38.41751480102539
2014-09-25,37.77778244018555
2014-09-26,37.9275016784668
2014-09-29,37.64167022705078
2014-09-30,37.580406188964844
2014-10-01,37.172080993652344
2014-10-02,36.73652267456055
2014-10-03,36.5868034362793
2014-10-06,36.899864196777344
2014-10-07,36.130836486816406
2014-10-08,36.79096603393555
2014-10-09,35.681663513183594
2014-10-10,35.1984748840332
2014-10-13,35.191654205322266
2014-10-14,35.246097564697266
2014-10-15,34.864994049072266
2014-10-16,34.497474670410156
2014-10-17,35.28013229370117
2014-10-20,35.42985534667969
2014-10-21,35.99470901489258
2014-10-22,35.59998321533203
2014-10-23,36.08319091796875
2014-10-24,36.23291015625
2014-10-27,36.0423583984375
2014-10-28,36.60721969604492
2014-10-29,36.21928405761719
2014-10-30,36.457489013671875
2014-10-31,36.86581802368164
2014-11-03,36.3690185546875
2014-11-04,36.307777404785156
2014-11-05,36.5595817565918
2014-11-06,36.40985870361328
2014-11-07,36.43707275390625
2014-11-10,36.60040283203125
2014-11-11,36.845420837402344
2014-11-12,36.40985870361328
2014-11-13,36.56638717651367
2014-11-14,36.573177337646484
2014-11-17,36.675270080566406
2014-11-18,37.192501068115234
2014-11-19,37.17889404296875
2014-11-20,37.02236557006836
2014-11-21,37.308204650878906
2014-11-24,37.6280517578125
2014-11-25,37.77096939086914
2014-11-26,37.92069625854492
2014-11-28,37.6280517578125
2014-12-01,37.60763931274414
2014-12-02,37.621246337890625
2014-12-03,37.54637908935547
2014-12-04,37.4102668762207
2014-12-05,37.594024658203125
2014-12-08,37.3013801574707
2014-12-09,36.954307556152344
2014-12-10,36.539146423339844
2014-12-11,36.37583541870117
2014-12-12,35.56596374511719
2014-12-15,34.96706771850586
2014-12-16,35.3549919128418
2014-12-17,35.74971389770508
2014-12-18,36.50513458251953
2014-12-19,36.3690185546875
2014-12-22,36.60921096801758
2014-12-23,36.47235870361328
2014-12-24,36.73237991333008
2014-12-26,36.75973892211914
2014-12-29,36.44498062133789
2014-12-30,36.13020324707031
2014-12-31,35.86332702636719
2015-01-02,35.6785774230957
2015-01-05,34.63846206665039
2015-01-06,34.2484130859375
2015-01-07,34.604251861572266
2015-01-08,35.10377883911133
2015-01-09,34.898494720458984
2015-01-12,34.89165496826172
2015-01-13,35.04903030395508
2015-01-14,35.00798797607422
2015-01-15,35.2064208984375
2015-01-16,35.69910430908203
2015-01-20,35.94544219970703
2015-01-21,36.23969268798828
2015-01-22,36.34232711791992
2015-01-23,36.137054443359375
2015-01-26,36.718685150146484
2015-01-27,36.73237991333008
2015-01-28,36.02071762084961
2015-01-29,36.67079162597656
2015-01-30,36.0480842590332
2015-02-02,36.465511322021484
2015-02-03,37.28664779663086
2015-02-04,36.787113189697266
2015-02-05,37.30033493041992
2015-02-06,36.739227294921875
2015-02-09,36.59551239013672
2015-02-10,36.95817947387695
2015-02-11,36.698158264160156
2015-02-12,37.48508834838867
2015-02-13,37.60826110839844
2015-02-17,37.71773910522461
2015-02-18,37.847755432128906
2015-02-19,37.79302215576172
2015-02-20,38.27886199951172
2015-02-23,38.09408950805664
2015-02-24,38.3541259765625
2015-02-25,38.388343811035156
2015-02-26,38.18990707397461
2015-02-27,38.24464416503906
2015-03-02,38.29938888549805
2015-03-03,37.97777557373047
2015-03-04,37.840919494628906
2015-03-05,37.957252502441406
2015-03-06,37.238739013671875
2015-03-09,37.38929748535156
2015-03-10,36.47918701171875
2015-03-11,36.49972915649414
2015-03-12,36.807655334472656
2015-03-13,36.547611236572266
2015-03-16,37.03346633911133
2015-03-17,36.930824279785156
2015-03-18,37.78618240356445
2015-03-19,37.266117095947266
2015-03-20,38.23094940185547
2015-03-23,38.402034759521484
2015-03-24,38.3541259765625
2015-03-25,38.11739730834961
2015-03-26,37.738914489746094
2015-03-27,37.84901809692383
2015-03-30,37.93159484863281
2015-03-31,37.312255859375
2015-04-01,37.67696762084961
2015-04-02,38.02106475830078
2015-04-06,38.35824966430664
2015-04-07,38.255035400390625
2015-04-08,38.35824966430664
2015-04-09,38.351375579833984
2015-04-10,38.461483001708984
2015-04-13,38.26879119873047
2015-04-14,38.59223175048828
2015-04-15,38.791805267333984
2015-04-16,38.84685516357422
2015-04-17,38.2894287109375
2015-04-20,38.365135192871094
2015-04-21,38.67481231689453
2015-04-22,38.66794204711914
2015-04-23,38.88127136230469
2015-04-24,39.03266906738281
2015-04-27,39.369869232177734
2015-04-28,39.31481170654297
2015-04-29,38.99137496948242
2015-04-30,38.89501953125
2015-05-01,39.20470428466797
2015-05-04,39.20470428466797
2015-05-05,38.564697265625
2015-05-06,38.82621383666992
2015-05-07,38.68169403076172
2015-05-08,39.6107177734375
2015-05-11,39.45932388305664
2015-05-12,39.31481170654297
2015-05-13,39.59006881713867
2015-05-14,40.250709533691406
2015-05-15,40.20253372192383
2015-05-18,39.961673736572266
2015-05-19,39.82406234741211
2015-05-20,39.961673736572266
2015-05-21,40.18877029418945
2015-05-22,39.7758903503418
2015-05-26,38.93631362915039
2015-05-27,39.45932388305664
2015-05-28,39.43179702758789
2015-05-29,39.0051383972168
2015-06-01,38.764286041259766
2015-06-02,39.10835647583008
2015-06-03,39.418033599853516
2015-06-04,38.92943572998047
2015-06-05,38.39267349243164
2015-06-08,38.37201690673828
2015-06-09,38.22750473022461
2015-06-10,39.170291900634766
2015-06-11,39.24598693847656
2015-06-12,38.84685516357422
2015-06-15,38.44084167480469
2015-06-16,38.46837615966797
2015-06-17,38.42707061767578
2015-06-18,38.90879821777344
2015-06-19,38.73674774169922
2015-06-22,39.638240814208984
2015-06-23,39.583194732666016
2015-06-24,39.259761810302734
2015-06-25,39.24598693847656
2015-06-26,39.32916259765625
2015-06-29,37.95225524902344
2015-06-30,37.72859191894531
2015-07-01,37.91032791137695
2015-07-02,37.931297302246094
2015-07-06,37.050621032714844
2015-07-07,37.01567840576172
2015-07-08,36.484493255615234
2015-07-09,37.12751770019531
2015-07-10,38.67216873168945
2015-07-13,38.68614959716797
2015-07-14,39.014644622802734
2015-07-15,38.83292007446289
2015-07-16,39.17539978027344
2015-07-17,39.06356430053711
2015-07-20,39.16841125488281
2015-07-21,39.035621643066406
2015-07-22,38.75603103637695
2015-07-23,38.63022994995117
2015-07-24,38.1968994140625
2015-07-27,37.9033317565918
2015-07-28,38.40656280517578
2015-07-29,38.51139831542969
2015-07-30,38.4974365234375
2015-07-31,38.735069274902344
2015-08-03,38.7420539855957
2015-08-04,38.67216873168945
2015-08-05,38.930763244628906
2015-08-06,38.860877990722656
2015-08-07,38.72808074951172
2015-08-10,39.14743423461914
2015-08-11,38.64421081542969
2015-08-12,38.40656280517578
2015-08-13,38.29472351074219
2015-08-14,38.378604888916016
2015-08-17,38.22483444213867
2015-08-18,38.02216339111328
2015-08-19,37.658714294433594
2015-08-20,36.819984436035156
2015-08-21,36.016204833984375
2015-08-24,35.0726318359375
2015-08-25,35.30329132080078
2015-08-26,35.90436935424805
2015-08-27,36.28180694580078
2015-08-28,36.14899826049805
2015-08-31,36.016204833984375
2015-09-01,35.01673889160156
2015-09-02,35.51996612548828
2015-09-03,35.54093551635742
2015-09-04,34.84899139404297
2015-09-08,35.86942672729492
2015-09-09,35.65974044799805
2015-09-10,36.023193359375
2015-09-11,35.96728515625
2015-09-14,35.582855224609375
2015-09-15,35.84147262573242
2015-09-16,36.37964630126953
2015-09-17,36.512454986572266
2015-09-18,35.582855224609375
2015-09-21,35.512977600097656
2015-09-22,34.45058059692383
2015-09-23,34.31079864501953
2015-09-24,34.22690963745117
2015-09-25,34.45512390136719
2015-09-28,33.78105163574219
2015-09-29,33.89339065551758
2015-09-30,34.5323600769043
2015-10-01,34.525352478027344
2015-10-02,35.17835998535156
2015-10-05,35.79625701904297
2015-10-06,35.95072555541992
2015-10-07,36.259681701660156
2015-10-08,36.59672164916992
2015-10-09,36.603755950927734
2015-10-12,36.46331787109375
2015-10-13,36.04905319213867
2015-10-14,36.2667121887207
2015-10-15,36.75822067260742
2015-10-16,36.65289306640625
2015-10-19,36.56863784790039
2015-10-20,36.512474060058594
2015-10-21,36.322879791259766
2015-10-22,36.673954010009766
2015-10-23,36.98994064331055
2015-10-26,36.828433990478516
2015-10-27,36.47032165527344
2015-10-28,36.73716354370117
2015-10-29,36.57566452026367
2015-10-30,36.56863784790039
2015-11-02,36.99695587158203
2015-11-03,36.87757873535156
2015-11-04,36.624813079833984
2015-11-05,36.51949691772461
2015-11-06,36.31586456298828
2015-11-09,35.96477508544922
2015-11-10,35.8383903503418
2015-11-11,36.01393508911133
2015-11-12,35.45921325683594
2015-11-13,35.16432571411133
2015-11-16,35.64178466796875
2015-11-17,35.697959899902344
2015-11-18,36.09819412231445
2015-11-19,36.28776931762695
2015-11-20,36.02798080444336
2015-11-23,35.76114273071289
2015-11-24,35.64881134033203
2015-11-25,35.880516052246094
2015-11-27,36.077125549316406
2015-11-30,36.11222839355469
2015-12-01,36.400108337402344
2015-12-02,35.957759857177734
2015-12-03,35.85243606567383
2015-12-04,36.245643615722656
2015-12-07,35.978824615478516
2015-12-08,35.39603805541992
2015-12-09,35.36091613769531
2015-12-10,35.234527587890625
2015-12-11,34.60258483886719
2015-12-14,34.623653411865234
2015-12-15,34.883453369140625
2015-12-16,35.53646469116211
2015-12-17,35.05196762084961
2015-12-18,34.637691497802734
2015-12-21,34.82241439819336
2015-12-22,35.076236724853516
2015-12-23,35.73193359375
2015-12-24,35.73899459838867
2015-12-28,35.633216857910156
2015-12-29,35.95755386352539
2015-12-30,35.67552947998047
2015-12-31,35.16789245605469
2016-01-04,34.65320587158203
2016-01-05,34.4487419128418
2016-01-06,33.87764358520508
2016-01-07,33.250152587890625
2016-01-08,32.96107864379883
2016-01-11,33.05977249145508
2016-01-12,33.334754943847656
2016-01-13,32.700218200683594
2016-01-14,33.12324523925781
2016-01-15,31.910547256469727
2016-01-19,32.1220817565918
2016-01-20,31.45932388305664
2016-01-21,31.783649444580078
2016-01-22,32.622650146484375
2016-01-25,32.199623107910156
2016-01-26,32.89762878417969
2016-01-27,32.601505279541016
2016-01-28,32.69316482543945
2016-01-29,33.21490478515625
2016-02-01,33.18669509887695
2016-02-02,32.277183532714844
2016-02-03,32.791873931884766
2016-02-04,32.777774810791016
2016-02-05,32.305389404296875
2016-02-08,31.431114196777344
2016-02-09,31.15615463256836
2016-02-10,31.332416534423828
2016-02-11,30.91642951965332
2016-02-12,31.46637535095215
2016-02-16,32.00222396850586
2016-02-17,32.6720085144043
2016-02-18,32.48165512084961
2016-02-19,32.474609375
2016-02-22,32.643802642822266
2016-02-23,32.07271194458008
2016-02-24,31.931713104248047
2016-02-25,32.36884307861328
2016-02-26,32.26307678222656
2016-02-29,32.14323043823242
2016-03-01,33.038639068603516
2016-03-02,33.073883056640625
2016-03-03,33.41936111450195
2016-03-04,33.57447052001953
2016-03-07,33.59562683105469
2016-03-08,33.21490478515625
2016-03-09,33.362953186035156
2016-03-10,33.384117126464844
2016-03-11,34.28657913208008
2016-03-14,34.194915771484375
2016-03-15,33.891456604003906
2016-03-16,34.30269241333008
2016-03-17,34.60756301879883
2016-03-18,34.57212448120117
2016-03-21,34.41613006591797
2016-03-22,34.23178482055664
2016-03-23,33.94816589355469
2016-03-24,33.714195251464844
2016-03-28,33.891456604003906
2016-03-29,34.33815002441406
2016-03-30,34.67848205566406
2016-03-31,34.40195846557617
2016-04-01,34.160884857177734
2016-04-04,34.1537971496582
2016-04-05,33.522762298583984
2016-04-06,34.05452346801758
2016-04-07,33.430599212646484
2016-04-08,34.019081115722656
2016-04-11,34.06871032714844
2016-04-12,34.45867156982422
2016-04-13,34.862831115722656
2016-04-14,34.86991500854492
2016-04-15,34.77773666381836
2016-04-18,35.110992431640625
2016-04-19,35.75619888305664
2016-04-20,35.685298919677734
2016-04-21,35.40877151489258
2016-04-22,35.33787155151367
2016-04-25,35.21733856201172
2016-04-26,35.4300422668457
2016-04-27,35.62147903442383
2016-04-28,35.44422149658203
2016-04-29,35.352054595947266
2016-05-02,35.64274597167969
2016-05-03,34.9266357421875
2016-05-04,34.522491455078125
2016-05-05,34.35233688354492
2016-05-06,34.48703384399414
2016-05-09,34.4090576171875
2016-05-10,34.74937438964844
2016-05-11,34.565025329589844
2016-05-12,34.45867156982422
2016-05-13,34.10417175292969
2016-05-16,34.522491455078125
2016-05-17,34.245975494384766
2016-05-18,34.35940933227539
2016-05-19,34.14670944213867
2016-05-20,34.45867156982422
2016-05-23,34.37358856201172
2016-05-24,35.01172637939453
2016-05-25,35.401695251464844
2016-05-26,35.522220611572266
2016-05-27,35.4300422668457
2016-05-31,35.17481231689453
2016-06-01,35.12515640258789
2016-06-02,35.22442626953125
2016-06-03,35.458412170410156
2016-06-06,35.55058670043945
2016-06-07,35.798744201660156
2016-06-08,35.84837341308594
2016-06-09,35.33077621459961
2016-06-10,34.13253402709961
2016-06-13,33.57949447631836
2016-06-14,32.95325469970703
2016-06-15,33.162960052490234
2016-06-16,33.322059631347656
2016-06-17,33.89332580566406
2016-06-20,34.811710357666016
2016-06-21,35.144344329833984
2016-06-22,35.158809661865234
2016-06-23,36.25798416137695
2016-06-24,32.1650276184082
2016-06-27,31.326189041137695
2016-06-28,32.353050231933594
2016-06-29,33.011104583740234
2016-06-30,33.7414665222168
2016-07-01,33.78486633300781
2016-07-05,32.72184753417969
2016-07-06,32.620609283447266
2016-07-07,32.48321533203125
2016-07-08,33.01833724975586
2016-07-11,33.51006317138672
2016-07-12,34.00178909301758
2016-07-13,34.00178909301758
2016-07-14,34.35613250732422
2016-07-15,34.146427154541016
2016-07-18,34.21149826049805
2016-07-19,33.951175689697266
2016-07-20,34.27658462524414
2016-07-21,34.17535400390625
2016-07-22,34.197044372558594
2016-07-25,34.23319625854492
2016-07-26,34.34889602661133
2016-07-27,34.5875358581543
2016-07-28,34.59475326538086
2016-07-29,34.91294860839844
2016-08-01,34.53691482543945
2016-08-02,34.515228271484375
2016-08-03,34.34166717529297
2016-08-04,34.50075912475586
2016-08-05,34.630924224853516
2016-08-08,34.659854888916016
2016-08-09,35.0069580078125
2016-08-10,35.158809661865234
2016-08-11,35.43360137939453
2016-08-12,35.390220642089844
2016-08-15,35.498695373535156
2016-08-16,35.48422622680664
2016-08-17,35.42637252807617
2016-08-18,35.70840072631836
2016-08-19,35.39744567871094
2016-08-22,35.42637252807617
2016-08-23,35.59269714355469
2016-08-24,35.491451263427734
2016-08-25,35.33959197998047
2016-08-26,35.144344329833984
2016-08-29,35.3106803894043
2016-08-30,35.22389602661133
2016-08-31,35.151580810546875
2016-09-01,35.43360137939453
2016-09-02,35.9181022644043
2016-09-06,36.12057113647461
2016-09-07,36.0988883972168
2016-09-08,36.10612869262695
2016-09-09,35.33236312866211
2016-09-12,35.65053939819336
2016-09-13,34.93440246582031
2016-09-14,34.94167709350586
2016-09-15,35.23250198364258
2016-09-16,34.6145133972168
2016-09-19,34.8980598449707
2016-09-20,34.97076416015625
2016-09-21,35.406986236572266
2016-09-22,35.79960250854492
2016-09-23,35.52330780029297
2016-09-26,35.1598014831543
2016-09-27,35.167057037353516
2016-09-28,35.56693649291992
2016-09-29,35.02165222167969
2016-09-30,35.42879867553711
2016-10-03,35.35609436035156
2016-10-04,35.39244079589844
2016-10-05,35.52330780029297
2016-10-06,35.254310607910156
2016-10-07,34.94895553588867
2016-10-10,35.02165222167969
2016-10-11,34.490901947021484
2016-10-12,34.38185501098633
2016-10-13,34.25825500488281
2016-10-14,34.301876068115234
2016-10-17,34.17100143432617
2016-10-18,34.607234954833984
2016-10-19,34.650856018066406
2016-10-20,34.650856018066406
2016-10-21,34.549076080322266
2016-10-24,34.50544738769531
2016-10-25,34.37458038330078
2016-10-26,34.207366943359375
2016-10-27,34.243709564208984
2016-10-28,34.21463394165039
2016-10-31,34.17828369140625
2016-11-01,34.04014587402344
2016-11-02,33.81476974487305
2016-11-03,33.800228118896484
2016-11-04,33.46578598022461
2016-11-07,33.99652862548828
2016-11-08,34.098304748535156
2016-11-09,34.272789001464844
2016-11-10,34.098304748535156
2016-11-11,33.76386260986328
2016-11-14,33.47304916381836
2016-11-15,33.705718994140625
2016-11-16,33.33491134643555
2016-11-17,33.49485778808594
2016-11-18,33.15315246582031
2016-11-21,33.43669509887695
2016-11-22,33.46578598022461
2016-11-23,33.22585678100586
2016-11-25,33.50212860107422
2016-11-28,33.10953140258789
2016-11-29,33.40034484863281
2016-11-30,33.37853240966797
2016-12-01,33.32764434814453
2016-12-02,33.43669509887695
2016-12-05,33.938350677490234
2016-12-06,34.25099182128906
2016-12-07,34.716304779052734
2016-12-08,34.51271438598633
2016-12-09,34.70176315307617
2016-12-12,34.650856018066406
2016-12-13,35.02165222167969
2016-12-14,34.47636032104492
2016-12-15,34.454551696777344
2016-12-16,34.629058837890625
2016-12-19,34.50544738769531
2016-12-20,34.59749984741211
2016-12-21,34.68516159057617
2016-12-22,34.619407653808594
2016-12-23,34.758209228515625
2016-12-27,34.809349060058594
2016-12-28,34.59019088745117
2016-12-29,34.83127975463867
2016-12-30,35.02119445800781
2017-01-03,35.138092041015625
2017-01-04,35.430294036865234
2017-01-05,35.75171661376953
2017-01-06,35.57639694213867
2017-01-09,35.45221710205078
2017-01-10,35.44489669799805
2017-01-11,35.62753677368164
2017-01-12,35.664058685302734
2017-01-13,35.81747055053711
2017-01-17,35.81747055053711
2017-01-18,35.6713752746582
2017-01-19,35.59831619262695
2017-01-20,35.79554748535156
2017-01-23,35.91244125366211
2017-01-24,35.9927978515625
2017-01-25,36.423805236816406
2017-01-26,36.19002914428711
2017-01-27,36.18273162841797
2017-01-30,35.88322830200195
2017-01-31,36.05854797363281
2017-02-01,36.16812515258789
2017-02-02,36.13889694213867
2017-02-03,36.2703971862793
2017-02-06,35.927059173583984
2017-02-07,35.9416618347168
2017-02-08,36.00740051269531
2017-02-09,36.131595611572266
2017-02-10,36.13889694213867
2017-02-13,36.2703971862793
2017-02-14,36.2776985168457
2017-02-15,36.44571304321289
2017-02-16,36.59181594848633
2017-02-17,36.460323333740234
2017-02-21,36.46763610839844
2017-02-22,36.460323333740234
2017-02-23,36.5479850769043
2017-02-24,36.21925354003906
2017-02-27,36.306922912597656
2017-02-28,36.2703971862793
2017-03-01,36.650264739990234
2017-03-02,36.5114631652832
2017-03-03,36.803672790527344
2017-03-06,36.62834548950195
2017-03-07,36.44571304321289
2017-03-08,36.299617767333984
2017-03-09,36.57720184326172
2017-03-10,36.90595245361328
2017-03-13,37.037437438964844
2017-03-14,36.73793029785156
2017-03-15,37.278507232666016
2017-03-16,37.66569519042969
2017-03-17,37.71682357788086
2017-03-20,37.62916946411133
2017-03-21,37.51958084106445
2017-03-22,37.5394172668457
2017-03-23,37.664276123046875
2017-03-24,37.730377197265625
2017-03-27,37.891963958740234
2017-03-28,37.92869567871094
2017-03-29,37.884620666503906
2017-03-30,37.78178787231445
2017-03-31,37.877281188964844
2017-04-03,37.72303771972656
2017-04-04,37.75241470336914
2017-04-05,37.55411148071289
2017-04-06,37.6789665222168
2017-04-07,37.620208740234375
2017-04-10,37.56879806518555
2017-04-11,37.825870513916016
2017-04-12,37.847900390625
2017-04-13,37.576148986816406
2017-04-17,37.833221435546875
2017-04-18,37.65694046020508
2017-04-19,37.56145477294922
2017-04-20,37.825870513916016
2017-04-21,37.78178787231445
2017-04-24,39.16261672973633
2017-04-25,39.493133544921875
2017-04-26,39.35359573364258
2017-04-27,39.42704391479492
2017-04-28,39.35359573364258
2017-05-01,39.50782775878906
2017-05-02,39.8530387878418
2017-05-03,39.72817611694336
2017-05-04,40.30842208862305
2017-05-05,40.82989501953125
2017-05-08,40.359825134277344
2017-05-09,40.330448150634766
2017-05-10,40.42593002319336
2017-05-11,40.330448150634766
2017-05-12,40.63157653808594
2017-05-15,40.85194396972656
2017-05-16,41.2412109375
2017-05-17,40.683006286621094
2017-05-18,40.69769287109375
2017-05-19,41.27058029174805
2017-05-22,41.38811492919922
2017-05-23,41.351383209228516
2017-05-24,41.41014862060547
2017-05-25,41.40279769897461
2017-05-26,41.21917724609375
2017-05-30,41.145721435546875
2017-05-31,41.28527069091797
2017-06-01,41.57173156738281
2017-06-02,41.8434944152832
2017-06-05,41.56438064575195
2017-06-06,41.40279769897461
2017-06-07,41.42485046386719
2017-06-08,41.27793884277344
2017-06-09,41.13102722167969
2017-06-12,40.895999908447266
2017-06-13,41.23387145996094
2017-06-14,41.18980026245117
2017-06-15,40.63893127441406
2017-06-16,41.167762756347656
2017-06-19,41.31465148925781
2017-06-20,40.84458541870117
2017-06-21,40.87959671020508
2017-06-22,40.82745361328125
2017-06-23,40.96898651123047
2017-06-26,41.06582260131836
2017-06-27,41.17010498046875
2017-06-28,41.52020263671875
2017-06-29,41.021141052246094
2017-06-30,41.073272705078125
2017-07-03,41.06582260131836
2017-07-05,41.06582260131836
2017-07-06,40.91683578491211
2017-07-07,41.028587341308594
2017-07-10,41.11796569824219
2017-07-11,41.14776611328125
2017-07-12,41.497859954833984
2017-07-13,41.6691780090332
2017-07-14,41.9894905090332
2017-07-17,41.91499710083008
2017-07-18,41.900089263916016
2017-07-19,41.9894905090332
2017-07-20,42.212955474853516
2017-07-21,41.996944427490234
2017-07-24,41.840492248535156
2017-07-25,41.937347412109375
2017-07-26,42.250205993652344
2017-07-27,42.07141876220703
2017-07-28,42.116127014160156
2017-07-31,42.23529815673828
2017-08-01,42.48112487792969
2017-08-02,42.518367767333984
2017-08-03,42.555606842041016
2017-08-04,42.64500427246094
2017-08-07,42.6747932434082
2017-08-08,42.3917236328125
2017-08-09,42.369384765625
2017-08-10,41.7064208984375
2017-08-11,41.63194274902344
2017-08-14,41.96714401245117
2017-08-15,41.900089263916016
2017-08-16,42.153358459472656
2017-08-17,41.6468391418457
2017-08-18,41.684078216552734
2017-08-21,41.7064208984375
2017-08-22,41.92243194580078
2017-08-23,41.937347412109375
2017-08-24,41.86286926269531
2017-08-25,42.20549774169922
2017-08-28,42.18316650390625
2017-08-29,41.996944427490234
2017-08-30,41.929893493652344
2017-08-31,42.265098571777344
2017-09-01,42.34703826904297
2017-09-05,42.101219177246094
2017-09-06,42.42897415161133
2017-09-07,42.823768615722656
2017-09-08,42.80141067504883
2017-09-11,43.15151596069336
2017-09-12,43.315391540527344
2017-09-13,43.0323371887207
2017-09-14,43.20365524291992
2017-09-15,43.24089813232422
2017-09-18,43.30794143676758
2017-09-19,43.523956298828125
2017-09-20,43.40504837036133
2017-09-21,43.3975830078125
2017-09-22,43.524715423583984
2017-09-25,43.195648193359375
2017-09-26,43.038612365722656
2017-09-27,43.09096145629883
2017-09-28,43.27791976928711
2017-09-29,43.6219367980957
2017-10-02,43.49479293823242
2017-10-03,43.66679763793945
2017-10-04,43.58454895019531
2017-10-05,43.53217697143555
2017-10-06,43.47983169555664
2017-10-09,43.4573974609375
2017-10-10,43.92854309082031
2017-10-11,44.02576446533203
2017-10-12,43.965938568115234
2017-10-13,44.01081848144531
2017-10-16,43.891143798828125
2017-10-17,43.69671630859375
2017-10-18,43.92106246948242
2017-10-19,43.78647232055664
2017-10-20,43.681758880615234
2017-10-23,43.53217697143555
2017-10-24,43.53217697143555
2017-10-25,43.50226593017578
2017-10-26,43.40504837036133
2017-10-27,43.34523391723633
2017-10-30,43.60698318481445
2017-10-31,43.8238525390625
2017-11-01,43.77898406982422
2017-11-02,43.891143798828125
2017-11-03,43.80888748168945
2017-11-06,43.876197814941406
2017-11-07,43.50226593017578
2017-11-08,43.524715423583984
2017-11-09,43.21060562133789
2017-11-10,43.135826110839844
2017-11-13,42.903987884521484
2017-11-14,43.05356979370117
2017-11-15,42.829219818115234
2017-11-16,43.15825653076172
2017-11-17,43.023643493652344
2017-11-20,43.09096145629883
2017-11-21,43.36018753051758
2017-11-22,43.50226593017578
2017-11-24,43.89863967895508
2017-11-27,43.59200668334961
2017-11-28,43.86124038696289
2017-11-29,43.704193115234375
2017-11-30,43.80141067504883
2017-12-01,43.6219367980957
2017-12-04,43.569580078125
2017-12-05,43.41253662109375
2017-12-06,43.31531524658203
2017-12-07,43.43496322631836
2017-12-08,43.689231872558594
2017-12-11,43.72662353515625
2017-12-12,43.76401138305664
2017-12-13,43.8238525390625
2017-12-14,43.60698318481445
2017-12-15,43.57706832885742
2017-12-18,44.145423889160156
2017-12-19,44.11835861206055
2017-12-20,43.967994689941406
2017-12-21,44.170982360839844
2017-12-22,44.21609878540039
2017-12-26,44.19352722167969
2017-12-27,44.343902587890625
2017-12-28,44.449161529541016
2017-12-29,44.471717834472656
2018-01-02,44.764949798583984
2018-01-03,44.922828674316406
2018-01-04,45.44913101196289
2018-01-05,45.757389068603516
2018-01-08,45.629573822021484
2018-01-09,45.704750061035156
2018-01-10,45.53182601928711
2018-01-11,45.85512161254883
2018-01-12,46.441558837890625
2018-01-16,46.45661544799805
2018-01-17,46.65208053588867
2018-01-18,46.712223052978516
2018-01-19,46.9453010559082
2018-01-22,47.24604415893555
2018-01-23,47.35129928588867
2018-01-24,47.51671600341797
2018-01-25,47.32122039794922
2018-01-26,47.7347412109375
2018-01-29,47.26107406616211
2018-01-30,46.9453010559082
2018-01-31,46.97537612915039
2018-02-01,47.050559997558594
2018-02-02,45.88519287109375
2018-02-05,43.95294952392578
2018-02-06,44.96794128417969
2018-02-07,44.39653778076172
2018-02-08,43.32140350341797
2018-02-09,43.49432373046875
2018-02-12,44.06573486328125
2018-02-13,43.960472106933594
2018-02-14,44.862693786621094
2018-02-15,45.170928955078125
2018-02-16,45.21604919433594
2018-02-20,44.772464752197266
2018-02-21,44.546905517578125
2018-02-22,44.734867095947266
2018-02-23,45.058170318603516
2018-02-26,45.32884216308594
2018-02-27,44.57699966430664
2018-02-28,44.088279724121094
2018-03-01,43.60709762573242
2018-03-02,43.65221405029297
2018-03-05,43.95294952392578
2018-03-06,44.29128646850586
2018-03-07,44.4040641784668
2018-03-08,44.46420669555664
2018-03-09,44.71231460571289
2018-03-12,44.772464752197266
2018-03-13,44.38903045654297
2018-03-14,44.47924041748047
2018-03-15,44.486751556396484
2018-03-16,44.486751556396484
2018-03-19,44.261207580566406
2018-03-20,44.18601989746094
2018-03-21,44.261207580566406
2018-03-22,43.268760681152344
2018-03-23,43.00563049316406
2018-03-26,43.87296676635742
2018-03-27,43.35165023803711
2018-03-28,43.631195068359375
2018-03-29,43.93341064453125
2018-04-02,43.35165023803711
2018-04-03,43.66141128540039
2018-04-04,43.7445182800293
2018-04-05,44.15250778198242
2018-04-06,44.008949279785156
2018-04-09,44.34893035888672
2018-04-10,44.90800857543945
2018-04-11,44.67380905151367
2018-04-12,44.97602081298828
2018-04-13,45.0137939453125
2018-04-16,45.08933639526367
2018-04-17,45.399105072021484
2018-04-18,45.54265213012695
2018-04-19,45.41421127319336
2018-04-20,45.21778106689453
2018-04-23,45.225341796875
2018-04-24,44.98357391357422
2018-04-25,44.80225372314453
2018-04-26,45.05157470703125
2018-04-27,45.09690475463867
2018-04-30,44.87779998779297
2018-05-01,44.62847900390625
2018-05-02,44.658695220947266
2018-05-03,44.84001922607422
2018-05-04,45.33110427856445
2018-05-07,44.953338623046875
2018-05-08,44.91558074951172
2018-05-09,45.202659606933594
2018-05-10,45.436885833740234
2018-05-11,45.51998519897461
2018-05-14,45.49732208251953
2018-05-15,45.202659606933594
2018-05-16,45.27067947387695
2018-05-17,45.42177200317383
2018-05-18,45.21778106689453
2018-05-21,45.53510284423828
2018-05-22,45.54265213012695
2018-05-23,44.90047073364258
2018-05-24,44.79470443725586
2018-05-25,44.40938186645508
2018-05-29,43.15521240234375
2018-05-30,43.93341064453125
2018-05-31,43.78984451293945
2018-06-01,44.160064697265625
2018-06-04,44.258277893066406
2018-06-05,44.175167083740234
2018-06-06,44.598262786865234
2018-06-07,44.31116485595703
2018-06-08,44.36404800415039
2018-06-11,44.80225372314453
2018-06-12,44.53025817871094
2018-06-13,44.63603973388672
2018-06-14,44.598262786865234
2018-06-15,44.26582717895508
2018-06-18,43.8880729675293
2018-06-19,43.52542495727539
2018-06-20,43.53297424316406
2018-06-21,43.16276550292969
2018-06-22,43.748348236083984
2018-06-25,43.116546630859375
2018-06-26,43.07801818847656
2018-06-27,42.70817947387695
2018-06-28,42.792938232421875
2018-06-29,43.247520446777344
2018-07-02,42.90080261230469
2018-07-03,43.10113525390625
2018-07-05,43.678993225097656
2018-07-06,43.90244674682617
2018-07-09,44.19524002075195
2018-07-10,44.31850814819336
2018-07-11,43.49407958984375
2018-07-12,43.910152435302734
2018-07-13,43.9794921875
2018-07-16,44.01802062988281
2018-07-17,43.9794921875
2018-07-18,44.01802062988281
2018-07-19,43.894744873046875
2018-07-20,44.148990631103516
2018-07-23,44.064247131347656
2018-07-24,44.31850814819336
2018-07-25,44.65751647949219
2018-07-26,44.372440338134766
2018-07-27,44.464900970458984
2018-07-30,44.59587860107422
2018-07-31,44.71916961669922
2018-08-01,44.41096496582031
2018-08-02,44.02571487426758
2018-08-03,44.11818313598633
2018-08-06,43.87931823730469
2018-08-07,44.19524002075195
2018-08-08,44.16440200805664
2018-08-09,44.01802062988281
2018-08-10,43.031795501708984
2018-08-13,42.90080261230469
2018-08-14,42.792938232421875
2018-08-15,42.06868362426758
2018-08-16,42.39228439331055
2018-08-17,42.63113784790039
2018-08-20,42.94703674316406
2018-08-21,43.41703796386719
2018-08-22,43.563419342041016
2018-08-23,43.2706413269043
2018-08-24,43.64817810058594
2018-08-27,44.19524002075195
2018-08-28,44.13359451293945
2018-08-29,44.357025146484375
2018-08-30,43.92555618286133
2018-08-31,43.4555549621582
2018-09-04,43.10113525390625
2018-09-05,42.83146286010742
2018-09-06,42.638832092285156
2018-09-07,42.31523513793945
2018-09-10,42.70048522949219
2018-09-11,42.70817947387695
2018-09-12,42.90080261230469
2018-09-13,43.2089958190918
2018-09-14,43.10884094238281
2018-09-17,43.201290130615234
2018-09-18,43.43244934082031
2018-09-19,43.532596588134766
2018-09-20,44.249168395996094
2018-09-21,44.21064376831055
2018-09-24,44.03342819213867
2018-09-25,44.249168395996094
2018-09-26,44.196563720703125
2018-09-27,44.01093673706055
2018-09-28,43.48496627807617
2018-10-01,43.51590347290039
2018-10-02,43.23746109008789
2018-10-03,43.376678466796875
2018-10-04,42.82750701904297
2018-10-05,42.49490737915039
2018-10-08,42.06950759887695
2018-10-09,42.03083038330078
2018-10-10,41.17225646972656
2018-10-11,40.66950225830078
2018-10-12,40.80872344970703
2018-10-15,40.77779006958008
2018-10-16,41.54352569580078
2018-10-17,41.13359451293945
2018-10-18,40.46066665649414
2018-10-19,40.73912048339844
2018-10-22,40.4451904296875
2018-10-23,40.12806701660156
2018-10-24,38.99105453491211
2018-10-25,39.524757385253906
2018-10-26,39.33138656616211
2018-10-29,39.370079040527344
2018-10-30,39.725860595703125
2018-10-31,40.05071258544922
2018-11-01,40.700439453125
2018-11-02,40.73912048339844
2018-11-05,40.73137664794922
2018-11-06,40.816471099853516
2018-11-07,41.36563491821289
2018-11-08,40.86288833618164
2018-11-09,40.67723846435547
2018-11-12,39.81867599487305
2018-11-13,40.1048583984375
2018-11-14,40.19768524169922
2018-11-15,40.12033462524414
2018-11-16,40.1048583984375
2018-11-19,39.74905776977539
2018-11-20,39.014251708984375
2018-11-21,39.58663558959961
2018-11-23,39.25403594970703
2018-11-26,39.8882942199707
2018-11-27,39.663978576660156
2018-11-28,40.22861862182617
2018-11-29,40.03524398803711
2018-11-30,39.780006408691406
2018-12-03,40.2518310546875
2018-12-04,39.277244567871094
2018-12-06,38.78996276855469
2018-12-07,38.41094970703125
2018-12-10,38.07835006713867
2018-12-11,38.217567443847656
2018-12-12,38.921443939208984
2018-12-13,38.82862854003906
2018-12-14,38.24851608276367
2018-12-17,37.884979248046875
2018-12-18,37.90817642211914
2018-12-19,37.64521026611328
2018-12-20,37.475032806396484
2018-12-21,37.02642059326172
2018-12-24,36.583431243896484
2018-12-26,37.494319915771484
2018-12-27,37.32304000854492
2018-12-28,37.68117141723633
2018-12-31,37.852455139160156
2019-01-02,37.64224624633789
2019-01-03,37.361976623535156
2019-01-04,38.483055114746094
2019-01-07,38.65435028076172
2019-01-08,38.96575927734375
2019-01-09,39.456233978271484
2019-01-10,39.50294494628906
2019-01-11,39.33945846557617
2019-01-14,39.14480972290039
2019-01-15,39.191524505615234
2019-01-16,39.2616081237793
2019-01-17,39.42509841918945
2019-01-18,39.892215728759766
2019-01-22,39.37059783935547
2019-01-23,39.674224853515625
2019-01-24,39.61972427368164
2019-01-25,40.04792404174805
2019-01-28,39.8610725402832
2019-01-29,40.0634880065918
2019-01-30,40.429412841796875
2019-01-31,40.3826904296875
2019-02-01,40.429412841796875
2019-02-04,40.538394927978516
2019-02-05,40.896522521972656
2019-02-06,40.74859619140625
2019-02-07,40.14134979248047
2019-02-08,39.99342727661133
2019-02-11,39.923343658447266
2019-02-12,40.367122650146484
2019-02-13,40.35154724121094
2019-02-14,40.35154724121094
2019-02-15,40.9743766784668
2019-02-19,41.20016098022461
2019-02-20,41.40258026123047
2019-02-21,41.21572494506836
2019-02-22,41.363643646240234
2019-02-25,41.44928741455078
2019-02-26,41.76069259643555
2019-02-27,41.58942413330078
2019-02-28,41.65948486328125
2019-03-01,41.95533752441406
2019-03-04,41.7840461730957
2019-03-05,41.838558197021484
2019-03-06,41.7529182434082
2019-03-07,41.09115982055664
2019-03-08,41.11452102661133
2019-03-11,41.457069396972656
2019-03-12,41.44149398803711
2019-03-13,41.93198776245117
2019-03-14,42.095462799072266
2019-03-15,42.554813385009766
2019-03-18,42.73387145996094
2019-03-19,42.87400817871094
2019-03-20,42.92073059082031
2019-03-21,42.741661071777344
2019-03-22,41.74513244628906
2019-03-25,41.74982833862305
2019-03-26,41.890777587890625
2019-03-27,41.99256896972656
2019-03-28,41.781158447265625
2019-03-29,41.97690200805664
2019-04-01,42.52500915527344
2019-04-02,42.7050895690918
2019-04-03,43.09659957885742
2019-04-04,42.979148864746094
2019-04-05,43.09659957885742
2019-04-08,43.14357376098633
2019-04-09,42.89301681518555
2019-04-10,43.07310104370117
2019-04-11,43.08877182006836
2019-04-12,43.37065124511719
2019-04-15,43.448944091796875
2019-04-16,43.48027801513672
2019-04-17,43.62904357910156
2019-04-18,43.5115852355957
2019-04-22,43.55073547363281
2019-04-23,43.50376510620117
2019-04-24,43.229705810546875
2019-04-25,43.15924072265625
2019-04-26,43.25320816040039
2019-04-29,43.43330001831055
2019-04-30,43.621212005615234
2019-05-01,43.26885223388672
2019-05-02,43.12009048461914
2019-05-03,43.55855941772461
2019-05-06,43.15140914916992
2019-05-07,42.35273742675781
2019-05-08,42.56415557861328
2019-05-09,42.305763244628906
2019-05-10,42.63462829589844
2019-05-13,41.616722106933594
2019-05-14,42.01604461669922
2019-05-15,42.2039794921875
2019-05-16,42.56415557861328
2019-05-17,42.290096282958984
2019-05-20,42.00038146972656
2019-05-21,42.305763244628906
2019-05-22,42.156986236572266
2019-05-23,41.65587615966797
2019-05-24,42.14134216308594
2019-05-28,41.67152786254883
2019-05-29,41.30352783203125
2019-05-30,41.522762298583984
2019-05-31,41.14691162109375
2019-06-03,41.43662643432617
2019-06-04,41.96123504638672
2019-06-05,41.94558334350586
2019-06-06,42.16482925415039
2019-06-07,42.72074508666992
2019-06-10,42.78338623046875
2019-06-11,43.05744934082031
2019-06-12,42.77557373046875
2019-06-13,42.822547912597656
2019-06-14,42.47018051147461
2019-06-17,42.422367095947266
2019-06-18,43.07600021362305
2019-06-19,43.251373291015625
2019-06-20,43.64992141723633
2019-06-21,43.6180419921875
2019-06-24,43.713687896728516
2019-06-25,43.386878967285156
2019-06-26,43.4586067199707
2019-06-27,43.46657943725586
2019-06-28,43.76152420043945
2019-07-01,43.920936584472656
2019-07-02,44.00861358642578
2019-07-03,44.35137939453125
2019-07-05,43.904991149902344
2019-07-08,43.697750091552734
2019-07-09,43.51441955566406
2019-07-10,43.64992141723633
2019-07-11,43.626014709472656
2019-07-12,43.641944885253906
2019-07-15,43.705726623535156
2019-07-16,43.56224060058594
2019-07-17,43.4586067199707
2019-07-18,43.64992141723633
2019-07-19,43.40281295776367
2019-07-22,43.49847412109375
2019-07-23,43.76152420043945
2019-07-24,43.74557876586914
2019-07-25,43.331077575683594
2019-07-26,43.49847412109375
2019-07-29,43.56224060058594
2019-07-30,42.876731872558594
2019-07-31,42.621646881103516
2019-08-01,42.45425033569336
2019-08-02,42.06367492675781
2019-08-05,41.170902252197266
2019-08-06,41.39410400390625
2019-08-07,41.55352020263672
2019-08-08,41.92815399169922
2019-08-09,41.72887420654297
2019-08-12,41.425987243652344
2019-08-13,41.76076126098633
2019-08-14,40.57307052612305
2019-08-15,40.565086364746094
2019-08-16,41.0911865234375
2019-08-19,41.39410400390625
2019-08-20,41.18684005737305
2019-08-21,41.6730842590332
2019-08-22,41.593360900878906
2019-08-23,41.09917068481445
2019-08-26,41.370174407958984
2019-08-27,41.39410400390625
2019-08-28,41.32235336303711
2019-08-29,41.72887420654297
2019-08-30,41.92018508911133
2019-09-03,41.75279235839844
2019-09-04,42.4462776184082
2019-09-05,42.653533935546875
2019-09-06,42.77310562133789
2019-09-09,42.78904342651367
2019-09-10,42.836856842041016
2019-09-11,43.068031311035156
2019-09-12,43.34701919555664
2019-09-13,43.48252868652344
2019-09-16,43.07600021362305
2019-09-17,43.25933837890625
2019-09-18,43.235416412353516
2019-09-19,43.37092971801758
2019-09-20,43.219482421875
2019-09-23,43.10789489746094
2019-09-24,42.86892318725586
2019-09-25,42.620338439941406
2019-09-26,42.83685302734375
2019-09-27,42.83685302734375
2019-09-30,42.98920440673828
2019-10-01,42.516090393066406
2019-10-02,41.45759963989258
2019-10-03,41.7623176574707
2019-10-04,42.09911346435547
2019-10-07,42.09911346435547
2019-10-08,41.61797332763672
2019-10-09,41.97882843017578
2019-10-10,42.37175369262695
2019-10-11,43.28590393066406
2019-10-14,43.125518798828125
2019-10-15,43.678836822509766
2019-10-16,43.73497009277344
2019-10-17,43.94344711303711
2019-10-18,43.99156188964844
2019-10-21,44.19203186035156
2019-10-22,44.00760269165039
2019-10-23,44.26420974731445
2019-10-24,44.37647247314453
2019-10-25,44.36845397949219
2019-10-28,44.59298324584961
2019-10-29,44.5368537902832
2019-10-30,44.77742004394531
2019-10-31,44.641082763671875
2019-11-01,44.9778938293457
2019-11-04,45.20241928100586
2019-11-05,45.10619354248047
2019-11-06,45.08213424682617
2019-11-07,45.178348541259766
2019-11-08,45.130245208740234
2019-11-11,45.12222671508789
2019-11-12,45.090152740478516
2019-11-13,45.00996017456055
2019-11-14,44.9778938293457
2019-11-15,45.258544921875
2019-11-18,45.33071517944336
2019-11-19,45.258544921875
2019-11-20,44.969871520996094
2019-11-21,44.913734436035156
2019-11-22,44.98590850830078
2019-11-25,45.35478210449219
2019-11-26,45.41090774536133
2019-11-27,45.491092681884766
2019-11-29,45.21846008300781
2019-12-02,44.953834533691406
2019-12-03,44.74534606933594
2019-12-04,45.14628982543945
2019-12-05,45.15431594848633
2019-12-06,45.51515579223633
2019-12-09,45.31467819213867
2019-12-10,45.35478210449219
2019-12-11,45.5953483581543
2019-12-12,45.94816970825195
2019-12-13,46.42128372192383
2019-12-16,47.022701263427734
2019-12-17,46.68590545654297
2019-12-18,46.597694396972656
2019-12-19,46.65382766723633
2019-12-20,46.70195007324219
2019-12-23,46.87210464477539
2019-12-24,46.84793472290039
2019-12-26,47.08180236816406
2019-12-27,47.2995491027832
2019-12-30,46.92856216430664
2019-12-31,47.25922393798828
2020-01-02,47.654388427734375
2020-01-03,47.05759048461914
2020-01-06,47.235015869140625
2020-01-07,47.00114440917969
2020-01-08,47.12211990356445
2020-01-09,47.17050552368164
2020-01-10,46.944698333740234
2020-01-13,47.17857360839844
2020-01-14,47.21083450317383
2020-01-15,47.22695541381836
2020-01-16,47.45277404785156
2020-01-17,47.63825607299805
2020-01-21,47.29146957397461
2020-01-22,47.33986282348633
2020-01-23,47.14630889892578
2020-01-24,46.976951599121094
2020-01-27,46.00918197631836
2020-01-28,46.485008239746094
2020-01-29,46.541465759277344
2020-01-30,46.51726531982422
2020-01-31,45.79951095581055
2020-02-03,45.815635681152344
2020-02-04,46.5817756652832
2020-02-05,47.041473388671875
2020-02-06,47.12211990356445
2020-02-07,46.67049789428711
2020-02-10,46.81566619873047
2020-02-11,47.162452697753906
2020-02-12,47.45277404785156
2020-02-13,47.13825225830078
2020-02-14,47.14630889892578
2020-02-18,46.944698333740234
2020-02-19,47.25115203857422
2020-02-20,46.96888732910156
2020-02-21,46.81566619873047
2020-02-24,44.79947280883789
2020-02-25,43.78331756591797
2020-02-26,43.823646545410156
2020-02-27,42.460716247558594
2020-02-28,42.15425491333008
2020-03-02,42.855873107910156
2020-03-03,42.49297332763672
2020-03-04,43.96074676513672
2020-03-05,42.47684097290039
2020-03-06,41.89619064331055
2020-03-09,38.2831916809082
2020-03-10,39.638065338134766
2020-03-11,37.36382293701172
2020-03-12,33.12984085083008
2020-03-13,35.19440460205078
2020-03-16,31.049148559570312
2020-03-17,32.347564697265625
2020-03-18,29.960403442382812
2020-03-19,30.694297790527344
2020-03-20,30.274930953979492
2020-03-23,30.117450714111328
2020-03-24,32.84505844116211
2020-03-25,34.08710479736328
2020-03-26,35.75939178466797
2020-03-27,34.57416915893555
2020-03-30,35.15053939819336
2020-03-31,35.13431167602539
2020-04-01,33.591922760009766
2020-04-02,34.233219146728516
2020-04-03,33.51885223388672
2020-04-06,35.174903869628906
2020-04-07,35.38595962524414
2020-04-08,35.9217529296875
2020-04-09,36.82283020019531
2020-04-13,36.319522857666016
2020-04-14,36.936485290527344
2020-04-15,35.42655563354492
2020-04-16,35.5320930480957
2020-04-17,36.73353576660156
2020-04-20,36.20587921142578
2020-04-21,35.46714401245117
2020-04-22,36.035400390625
2020-04-23,35.81620788574219
2020-04-24,36.319522857666016
2020-04-27,36.798492431640625
2020-04-28,36.977081298828125
2020-04-29,38.097347259521484
2020-04-30,37.39921188354492
2020-05-01,36.61989212036133
2020-05-04,36.60365295410156
2020-05-05,36.47376251220703
2020-05-06,36.23834228515625
2020-05-07,36.871543884277344
2020-05-08,37.49662780761719
2020-05-11,37.293678283691406
2020-05-12,36.82283020019531
2020-05-13,36.360103607177734
2020-05-14,36.035400390625
2020-05-15,36.100341796875
2020-05-18,37.7320442199707
2020-05-19,37.17190170288086
2020-05-20,38.040523529052734
2020-05-21,37.69957733154297
2020-05-22,37.6508674621582
2020-05-26,38.66560363769531
2020-05-27,39.136444091796875
2020-05-28,39.542335510253906
2020-05-29,39.58293533325195
2020-06-01,40.47589874267578
2020-06-02,40.92237854003906
2020-06-03,42.05889129638672
2020-06-04,42.0507698059082
2020-06-05,42.80573654174805
2020-06-08,43.32527542114258
2020-06-09,42.5540885925293
2020-06-10,42.36737823486328
2020-06-11,39.8832893371582
2020-06-12,40.63826370239258
2020-06-15,41.02791213989258
2020-06-16,41.47439193725586
2020-06-17,41.604286193847656
2020-06-18,41.303932189941406
2020-06-19,41.08475112915039
2020-06-22,41.67082214355469
2020-06-23,41.92421340942383
2020-06-24,40.74715042114258
2020-06-25,41.38472366333008
2020-06-26,40.68993377685547
2020-06-29,41.15584945678711
2020-06-30,41.13949966430664
2020-07-01,41.45011520385742
2020-07-02,41.84245681762695
2020-07-06,42.5863037109375
2020-07-07,41.93238067626953
2020-07-08,42.47186279296875
2020-07-09,41.85881423950195
2020-07-10,42.259334564208984
2020-07-13,42.01412582397461
2020-07-14,42.717071533203125
2020-07-15,43.2238655090332
2020-07-16,43.08491134643555
2020-07-17,43.34646987915039
2020-07-20,43.697959899902344
2020-07-21,43.80421829223633
2020-07-22,44.07395553588867
2020-07-23,43.6570930480957
2020-07-24,43.33830261230469
2020-07-27,43.82875061035156
2020-07-28,43.6080436706543
2020-07-29,44.180213928222656
2020-07-30,43.56716537475586
2020-07-31,42.64352035522461
2020-08-03,43.48542404174805
2020-08-04,43.632564544677734
2020-08-05,43.91047668457031
2020-08-06,43.95952224731445
2020-08-07,43.73882293701172
2020-08-10,43.81239318847656
2020-08-11,43.984046936035156
2020-08-12,44.940399169921875
2020-08-13,44.72787094116211
2020-08-14,44.27013397216797
2020-08-17,44.6624755859375
2020-08-18,44.613441467285156
2020-08-19,44.40908432006836
2020-08-20,44.319175720214844
2020-08-21,43.97587585449219
2020-08-24,44.629783630371094
2020-08-25,44.6706657409668
2020-08-26,45.0711784362793
2020-08-27,44.53987121582031
2020-08-28,44.891357421875
2020-08-31,44.48265075683594
2020-09-01,44.433597564697266
2020-09-02,45.103878021240234
2020-09-03,43.943180084228516
2020-09-04,44.13117218017578
2020-09-08,43.47724914550781
2020-09-09,44.515350341796875
2020-09-10,43.90230178833008
2020-09-11,44.29465103149414
2020-09-14,44.4417839050293
2020-09-15,44.76055908203125
2020-09-16,44.71970748901367
2020-09-17,44.809608459472656
2020-09-18,44.44995880126953
2020-09-21,43.06328201293945
2020-09-22,42.96464920043945
2020-09-23,42.33995056152344
2020-09-24,42.36460876464844
2020-09-25,42.4879035949707
2020-09-28,43.27699661254883
2020-09-29,43.23590850830078
2020-09-30,43.096160888671875
2020-10-01,43.43317794799805
2020-10-02,43.4167366027832
2020-10-05,44.19761657714844
2020-10-06,43.58934783935547
2020-10-07,43.95923614501953
2020-10-08,44.37023162841797
2020-10-09,44.797664642333984
2020-10-12,45.101783752441406
2020-10-13,44.38666534423828
2020-10-14,44.263370513916016
2020-10-15,43.58113098144531
2020-10-16,43.901702880859375
2020-10-19,43.696205139160156
2020-10-20,44.04143524169922
2020-10-21,43.564693450927734
2020-10-22,43.58113098144531
2020-10-23,43.98389434814453
2020-10-26,42.93998718261719
2020-10-27,42.38925552368164
2020-10-28,40.7535400390625
2020-10-29,40.89326858520508
2020-10-30,40.76174545288086
2020-11-02,41.34535598754883
2020-11-03,42.57010269165039
2020-11-04,43.16192626953125
2020-11-05,44.21405029296875
2020-11-06,44.36201095581055
2020-11-09,45.66073226928711
2020-11-10,46.326515197753906
2020-11-11,46.72928237915039
2020-11-12,46.09638595581055
2020-11-13,46.81971740722656
2020-11-16,47.312896728515625
2020-11-17,47.30466842651367
2020-11-18,47.04164505004883
2020-11-19,47.37044143676758
2020-11-20,47.34577941894531
2020-11-23,47.29646682739258
2020-11-24,48.028018951416016
2020-11-25,48.0362434387207
2020-11-27,48.2581672668457
2020-11-30,47.44441604614258
2020-12-01,48.644500732421875
2020-12-02,48.60340118408203
2020-12-03,48.7513542175293
2020-12-04,49.1870002746582
2020-12-07,48.89932632446289
2020-12-08,49.07191848754883
2020-12-09,49.047264099121094
2020-12-10,48.997955322265625
2020-12-11,48.66914749145508
2020-12-14,48.726688385009766
2020-12-15,49.39250183105469
2020-12-16,49.6308708190918
2020-12-17,50.0418586730957
2020-12-18,50.08982849121094
2020-12-21,49.40567398071289
2020-12-22,49.31411361694336
2020-12-23,49.971649169921875
2020-12-24,50.09648513793945
2020-12-28,50.43772888183594
2020-12-29,50.8039436340332
2020-12-30,50.737361907958984
2020-12-31,50.13810348510742
2021-01-04,50.78730392456055
2021-01-05,51.24507522583008
2021-01-06,51.85264587402344
2021-01-07,52.01079177856445
2021-01-08,52.252166748046875
2021-01-11,51.42818069458008
2021-01-12,51.66954803466797
2021-01-13,51.511409759521484
2021-01-14,51.87761688232422
2021-01-15,50.97874450683594
2021-01-19,51.43650436401367
2021-01-20,51.7610969543457
2021-01-21,51.95252227783203
2021-01-22,51.577999114990234
2021-01-25,51.24507522583008
2021-01-26,51.453147888183594
2021-01-27,50.22964859008789
2021-01-28,50.66246032714844
2021-01-29,49.688655853271484
2021-02-01,50.337852478027344
2021-02-02,50.87052917480469
2021-02-03,50.92047119140625
2021-02-04,50.96207809448242
2021-02-05,51.295005798339844
2021-02-08,51.43650436401367
2021-02-09,51.73613357543945
2021-02-10,51.50309371948242
2021-02-11,51.910926818847656
2021-02-12,52.22719192504883
2021-02-16,52.72657012939453
2021-02-17,52.1772575378418
2021-02-18,52.02743148803711
2021-02-19,52.13563919067383
2021-02-22,51.97749710083008
2021-02-23,52.002464294433594
2021-02-24,52.42694854736328
2021-02-25,51.553016662597656
2021-02-26,50.97040557861328
2021-03-01,51.86097717285156
2021-03-02,52.03575897216797
2021-03-03,51.68619155883789
2021-03-04,51.07860565185547
2021-03-05,51.43650436401367
2021-03-08,51.36991500854492
2021-03-09,52.16893005371094
2021-03-10,52.518497467041016
2021-03-11,53.0012321472168
2021-03-12,52.96794128417969
2021-03-15,52.89302444458008
2021-03-16,52.959625244140625
2021-03-17,53.23427963256836
2021-03-18,52.576759338378906
2021-03-19,52.61005783081055
2021-03-22,52.79478073120117
2021-03-23,52.025760650634766
2021-03-24,51.933815002441406
2021-03-25,52.201297760009766
2021-03-26,52.895084381103516
2021-03-29,52.6944694519043
2021-03-30,52.74462890625
2021-03-31,52.661041259765625
2021-04-01,53.50529098510742
2021-04-05,54.42477035522461
2021-04-06,53.93158721923828
2021-04-07,54.04861831665039
2021-04-08,54.42477035522461
2021-04-09,54.49163055419922
2021-04-12,54.240867614746094
2021-04-13,54.57522201538086
2021-04-14,54.600303649902344
2021-04-15,55.07677459716797
2021-04-16,55.72875213623047
2021-04-19,55.76219940185547
2021-04-20,54.784202575683594
2021-04-21,55.285743713378906
2021-04-22,55.09347915649414
2021-04-23,55.636802673339844
2021-04-26,55.803985595703125
2021-04-27,55.820701599121094
2021-04-28,55.996238708496094
2021-04-29,56.01296615600586
2021-04-30,55.17707824707031
2021-05-03,55.887577056884766
2021-05-04,54.95138931274414
2021-05-05,55.7454833984375
2021-05-06,56.163429260253906
2021-05-07,57.01601791381836
2021-05-10,56.58136749267578
2021-05-11,55.92936706542969
2021-05-12,55.30245590209961
2021-05-13,55.753822326660156
2021-05-14,56.7819709777832
2021-05-17,56.75690460205078
2021-05-18,56.80705261230469
2021-05-19,56.188499450683594
2021-05-20,57.057823181152344
2021-05-21,57.09126663208008
2021-05-24,57.459049224853516
2021-05-25,57.4841194152832
2021-05-26,57.31695556640625
2021-05-27,57.49247741699219
2021-05-28,57.63457107543945
2021-06-01,58.07761001586914
2021-06-02,58.161190032958984
2021-06-03,57.75160598754883
2021-06-04,58.22807693481445
2021-06-07,58.495548248291016
2021-06-08,58.4871711730957
2021-06-09,58.386871337890625
2021-06-10,58.462127685546875
2021-06-11,58.65436553955078
2021-06-14,58.80482482910156
2021-06-15,58.81317901611328
2021-06-16,58.23642349243164
2021-06-17,57.70145797729492
2021-06-18,56.5730094909668
2021-06-21,57.41814041137695
2021-06-22,57.435035705566406
2021-06-23,57.080081939697266
2021-06-24,57.629417419433594
2021-06-25,57.74773025512695
2021-06-28,57.29982376098633
2021-06-29,57.3336296081543
2021-06-30,56.84345626831055
2021-07-01,57.1815071105957
2021-07-02,57.342071533203125
2021-07-06,56.97865676879883
2021-07-07,57.3336296081543
2021-07-08,56.598358154296875
2021-07-09,57.49419021606445
2021-07-12,57.77309036254883
2021-07-13,57.4096794128418
2021-07-14,57.502655029296875
2021-07-15,56.88570022583008
2021-07-16,56.50539016723633
2021-07-19,55.35602951049805
2021-07-20,55.68562698364258
2021-07-21,56.75048828125
2021-07-22,56.84345626831055
2021-07-23,57.3336296081543
2021-07-26,57.55335235595703
2021-07-27,57.426578521728516
2021-07-28,57.722381591796875
2021-07-29,58.17030715942383
2021-07-30,57.89986801147461
2021-08-02,58.17030715942383
2021-08-03,58.5928840637207
2021-08-04,58.54216003417969
2021-08-05,58.84640121459961
2021-08-06,58.52526092529297
2021-08-09,58.48299026489258
2021-08-10,58.64356231689453
2021-08-11,59.049224853515625
2021-08-12,59.03232955932617
2021-08-13,59.480247497558594
2021-08-16,59.15910720825195
2021-08-17,58.68583679199219
2021-08-18,58.52526092529297
2021-08-19,57.8406982421875
2021-08-20,58.17030715942383
2021-08-23,58.677371978759766
2021-08-24,58.71964645385742
2021-08-25,58.79568862915039
2021-08-26,58.44919967651367
2021-08-27,59.1083869934082
2021-08-30,59.1083869934082
2021-08-31,58.947811126708984
2021-09-01,59.3619384765625
2021-09-02,59.666175842285156
2021-09-03,59.45490646362305
2021-09-07,59.22670364379883
2021-09-08,58.60977554321289
2021-09-09,58.432281494140625
2021-09-10,58.26326370239258
2021-09-13,58.60131072998047
2021-09-14,58.44919967651367
2021-09-15,58.457637786865234
2021-09-16,58.432281494140625
2021-09-17,57.502655029296875
2021-09-20,56.38231658935547
2021-09-21,56.96883010864258
2021-09-22,57.512855529785156
2021-09-23,58.286380767822266
2021-09-24,57.59785842895508
2021-09-27,57.512855529785156
2021-09-28,56.161293029785156
2021-09-29,55.965797424316406
2021-09-30,55.77029037475586
2021-10-01,56.11880111694336
2021-10-04,55.82979202270508
2021-10-05,56.101806640625
2021-10-06,55.73628616333008
2021-10-07,56.15280532836914
2021-10-08,56.18680191040039
2021-10-11,55.85529327392578
2021-10-12,56.07630920410156
2021-10-13,56.909332275390625
2021-10-14,57.53834915161133
2021-10-15,57.971866607666016
2021-10-18,57.70834732055664
2021-10-19,58.031368255615234
2021-10-20,58.269378662109375
2021-10-21,58.26088333129883
2021-10-22,58.54138946533203
2021-10-25,58.32887649536133
2021-10-26,58.54987335205078
2021-10-27,58.362876892089844
2021-10-28,59.00888442993164
2021-10-29,58.575382232666016
2021-11-01,59.093910217285156
2021-11-02,58.94940185546875
2021-11-03,59.5189094543457
2021-11-04,59.33191680908203
2021-11-05,59.442405700683594
2021-11-08,59.5189094543457
2021-11-09,59.450904846191406
2021-11-10,58.76239013671875
2021-11-11,58.97489929199219
2021-11-12,59.12791061401367
2021-11-15,58.932411193847656
2021-11-16,58.80488204956055
2021-11-17,58.88139724731445
2021-11-18,58.940887451171875
2021-11-19,58.15885925292969
2021-11-22,57.69135284423828
2021-11-23,57.48734664916992
2021-11-24,57.12181854248047
2021-11-26,55.7277946472168
2021-11-29,56.11880111694336
2021-11-30,55.71079635620117
2021-12-01,55.38779067993164
2021-12-02,56.025299072265625
2021-12-03,55.600284576416016
2021-12-06,56.24629592895508
2021-12-07,57.385337829589844
2021-12-08,57.58084487915039
2021-12-09,57.04534149169922
2021-12-10,57.181331634521484
2021-12-13,56.57781219482422
2021-12-14,56.22080612182617
2021-12-15,56.96883010864258
2021-12-16,57.03683090209961
2021-12-17,56.20381164550781
2021-12-20,56.26220703125
2021-12-21,56.983642578125
2021-12-22,57.6878776550293
2021-12-23,58.08293533325195
2021-12-27,58.718467712402344
2021-12-28,58.74423599243164
2021-12-29,58.838722229003906
2021-12-30,58.6068229675293
2021-12-31,58.6068229675293
2022-01-03,59.165077209472656
2022-01-04,59.24236297607422
2022-01-05,58.70988082885742
2022-01-06,58.49517059326172
2022-01-07,58.78718185424805
2022-01-10,57.98846435546875
2022-01-11,58.70988082885742
2022-01-12,59.25095748901367
2022-01-13,58.81294250488281
2022-01-14,58.64976501464844
2022-01-18,57.80810546875
2022-01-19,57.971282958984375
2022-01-20,57.54186248779297
2022-01-21,56.70021057128906
2022-01-24,55.82420349121094
2022-01-25,55.42913818359375
2022-01-26,55.557952880859375
2022-01-27,55.472076416015625
2022-01-28,55.635250091552734
2022-01-31,56.51127243041992
2022-02-01,57.198333740234375
2022-02-02,57.53326416015625
2022-02-03,56.73456573486328
2022-02-04,56.58857345581055
2022-02-07,56.62291717529297
2022-02-08,56.82045364379883
2022-02-09,57.7823371887207
2022-02-10,57.04374313354492
2022-02-11,55.97879409790039
2022-02-14,55.42913818359375
2022-02-15,56.70879364013672
2022-02-16,56.897743225097656
2022-02-17,55.90149688720703
2022-02-18,55.575138092041016
2022-02-22,54.70772171020508
2022-02-23,54.286888122558594
2022-02-24,53.2219352722168
2022-02-25,54.827945709228516
2022-02-28,53.522518157958984
2022-03-01,52.105445861816406
2022-03-02,52.91275405883789
2022-03-03,51.392616271972656
2022-03-04,49.21977233886719
2022-03-07,47.59657287597656
2022-03-08,48.72164535522461
2022-03-09,51.32390594482422
2022-03-10,50.181663513183594
2022-03-11,49.87248229980469
2022-03-14,50.757080078125
2022-03-15,51.13496017456055
2022-03-16,53.14464569091797
2022-03-17,53.4881706237793
2022-03-18,53.92618179321289
2022-03-21,53.39166259765625
2022-03-22,54.09746551513672
2022-03-23,53.09040069580078
2022-03-24,53.4002685546875
2022-03-25,53.4346923828125
2022-03-28,53.55520248413086
2022-03-29,54.91516876220703
2022-03-30,54.682769775390625
2022-03-31,53.60684585571289
2022-04-01,54.23518753051758
2022-04-04,54.26961898803711
2022-04-05,53.7187385559082
2022-04-06,53.11621856689453
2022-04-07,53.38304901123047
2022-04-08,53.4346923828125
2022-04-11,52.96989440917969
2022-04-12,52.59116744995117
2022-04-13,53.21090316772461
2022-04-14,52.96989440917969
2022-04-18,52.77193069458008
2022-04-19,53.00432586669922
2022-04-20,53.443302154541016
2022-04-21,52.94407272338867
2022-04-22,52.126373291015625
2022-04-25,51.70460891723633
2022-04-26,50.00895309448242
2022-04-27,50.241355895996094
2022-04-28,50.88691329956055
2022-04-29,50.25857162475586
2022-05-02,50.0692024230957
2022-05-03,50.47374725341797
2022-05-04,51.265628814697266
2022-05-05,49.58719253540039
2022-05-06,48.829734802246094
2022-05-09,47.357872009277344
2022-05-10,47.83988952636719
2022-05-11,47.573055267333984
2022-05-12,47.34066390991211
2022-05-13,48.71784591674805
2022-05-16,48.898597717285156
2022-05-17,50.0692024230957
2022-05-18,48.59733963012695
2022-05-19,49.105186462402344
2022-05-20,49.31175231933594
2022-05-23,50.36185836791992
2022-05-24,50.35325241088867
2022-05-25,50.310211181640625
2022-05-26,50.990203857421875
2022-05-27,51.61853790283203
2022-05-31,51.47220230102539
2022-06-01,50.620079040527344
2022-06-02,51.876766204833984
2022-06-03,51.170955657958984
2022-06-06,51.420562744140625
2022-06-07,51.54967498779297
2022-06-08,50.80944061279297
2022-06-09,49.544158935546875
2022-06-10,48.21000671386719
2022-06-13,46.479923248291016
2022-06-14,45.894615173339844
2022-06-15,47.01357650756836
2022-06-16,45.799930572509766
2022-06-17,45.80855178833008
2022-06-21,46.5619010925293
2022-06-22,46.254581451416016
2022-06-23,45.97361755371094
2022-06-24,47.51016616821289
2022-06-27,47.387245178222656
2022-06-28,46.921878814697266
2022-06-29,46.649696350097656
2022-06-30,46.37751388549805
2022-07-01,46.41262435913086
2022-07-05,45.078025817871094
2022-07-06,45.17460632324219
2022-07-07,45.87702941894531
2022-07-08,45.91215133666992
2022-07-11,45.16582107543945
2022-07-12,45.139488220214844
2022-07-13,45.15705108642578
2022-07-14,44.41072082519531
2022-07-15,45.26240921020508
2022-07-18,45.534610748291016
2022-07-19,47.018470764160156
2022-07-20,46.465301513671875
2022-07-21,47.053592681884766
2022-07-22,46.84286117553711
2022-07-25,47.29065704345703
2022-07-26,46.52678298950195
2022-07-27,47.65064239501953
2022-07-28,47.914058685302734
2022-07-29,48.69550323486328
2022-08-01,48.61648178100586
2022-08-02,47.826263427734375
2022-08-03,48.317955017089844
2022-08-04,48.68673324584961
2022-08-05,48.19501876831055
2022-08-08,48.370635986328125
2022-08-09,48.14234161376953
2022-08-10,49.257442474365234
2022-08-11,49.17841720581055
2022-08-12,49.468177795410156
2022-08-15,48.96769332885742
2022-08-16,49.037940979003906
2022-08-17,48.53745651245117
2022-08-18,48.30038833618164
2022-08-19,47.64187240600586
2022-08-22,46.54433059692383
2022-08-23,46.57946014404297
2022-08-24,46.676029205322266
2022-08-25,47.12382888793945
2022-08-26,45.71898651123047
2022-08-29,45.77166748046875
2022-08-30,45.4555778503418
2022-08-31,45.060462951660156
2022-09-01,44.34048843383789
2022-09-02,44.04195022583008
2022-09-06,44.27024459838867
2022-09-07,44.88485336303711
2022-09-08,44.700469970703125
2022-09-09,46.017513275146484
2022-09-12,46.851646423339844
2022-09-13,45.16582107543945
2022-09-14,45.218509674072266
2022-09-15,44.77949905395508
2022-09-16,44.419498443603516
2022-09-19,44.514739990234375
2022-09-20,43.51826858520508
2022-09-21,42.96272277832031
2022-09-22,42.7158088684082
2022-09-23,41.01386260986328
2022-09-26,40.326053619384766
2022-09-27,40.13204574584961
2022-09-28,41.24315643310547
2022-09-29,40.64350509643555
2022-09-30,40.69642639160156
2022-10-03,41.622344970703125
2022-10-04,43.553550720214844
2022-10-05,42.874542236328125
2022-10-06,41.93980407714844
2022-10-07,41.15496826171875
2022-10-10,40.978607177734375
2022-10-11,40.44069290161133
2022-10-12,40.38777542114258
2022-10-13,41.52534484863281
2022-10-14,40.90806198120117
2022-10-17,42.2748908996582
2022-10-18,42.78635787963867
2022-10-19,42.01034164428711
2022-10-20,41.975067138671875
2022-10-21,42.72462463378906
2022-10-24,43.024444580078125
2022-10-25,44.0826530456543
2022-10-26,44.55883026123047
2022-10-27,44.179649353027344
2022-10-28,44.66465759277344
2022-10-31,44.126739501953125
2022-11-01,44.46183395385742
2022-11-02,43.659366607666016
2022-11-03,43.2008171081543
2022-11-04,45.184940338134766
2022-11-07,45.42302703857422
2022-11-08,45.93449401855469
2022-11-09,45.326026916503906
2022-11-10,47.97150802612305
2022-11-11,48.923892974853516
2022-11-14,48.359519958496094
2022-11-15,48.562339782714844
2022-11-16,48.474151611328125
2022-11-17,48.41242599487305
2022-11-18,48.61524963378906
2022-11-21,48.26252365112305
2022-11-22,48.91506576538086
2022-11-23,49.47062301635742
2022-11-25,49.805721282958984
2022-11-28,49.00325393676758
2022-11-29,49.117889404296875
2022-11-30,50.07908248901367
2022-12-01,50.65226745605469
2022-12-02,50.758094787597656
2022-12-05,50.167259216308594
2022-12-06,49.84098815917969
2022-12-07,49.79689407348633
2022-12-08,49.99089813232422
2022-12-09,49.99089813232422
2022-12-12,50.202537536621094
2022-12-13,50.9344596862793
2022-12-14,50.987369537353516
2022-12-15,49.60289764404297
2022-12-16,48.97679901123047
2022-12-19,48.9128532409668
2022-12-20,49.001670837402344
2022-12-21,49.685577392578125
2022-12-22,49.2503662109375
2022-12-23,49.41024398803711
2022-12-27,49.50794219970703
2022-12-28,49.054962158203125
2022-12-29,49.8454475402832
2022-12-30,49.24148178100586
2023-01-03,49.86322021484375
2023-01-04,50.8135871887207
2023-01-05,50.35171890258789
2023-01-06,51.69289016723633
2023-01-09,52.02153015136719
2023-01-10,52.27022171020508
2023-01-11,52.64326095581055
2023-01-12,53.29164123535156
2023-01-13,53.54033660888672
2023-01-17,53.67356872558594
2023-01-18,53.51369857788086
2023-01-19,53.247230529785156
2023-01-20,53.700218200683594
2023-01-23,53.948909759521484
2023-01-24,53.79792022705078
2023-01-25,54.011077880859375
2023-01-26,54.07324981689453
2023-01-27,53.89561462402344
2023-01-30,53.566993713378906
2023-01-31,53.948909759521484
2023-02-01,54.570640563964844
2023-02-02,54.66834259033203
2023-02-03,54.12654495239258
2023-02-06,53.54033660888672
2023-02-07,53.931156158447266
2023-02-08,53.70909881591797
2023-02-09,53.79792022705078
2023-02-10,53.362701416015625
2023-02-13,54.11766052246094
2023-02-14,54.375240325927734
2023-02-15,54.32194900512695
2023-02-16,54.011077880859375
2023-02-17,54.313072204589844
2023-02-21,53.69132995605469
2023-02-22,53.362701416015625
2023-02-23,53.700218200683594
2023-02-24,52.7764892578125
2023-02-27,53.55809783935547
2023-02-28,53.02518844604492
2023-03-01,53.362701416015625
2023-03-02,53.39822769165039
2023-03-03,54.08213806152344
2023-03-06,53.98442840576172
2023-03-07,52.85643005371094
2023-03-08,53.0340690612793
2023-03-09,52.52779769897461
2023-03-10,52.110347747802734
2023-03-13,51.7373046875
2023-03-14,52.6965446472168
2023-03-15,50.707000732421875
2023-03-16,51.47085189819336
2023-03-17,50.698116302490234
2023-03-20,51.69037628173828
2023-03-21,52.679969787597656
2023-03-22,52.37685775756836
2023-03-23,52.385765075683594
2023-03-24,51.97566604614258
2023-03-27,52.58190155029297
2023-03-28,52.537330627441406
2023-03-29,53.3842658996582
2023-03-30,54.195556640625
2023-03-31,54.33820343017578
2023-04-03,54.721553802490234
2023-04-04,54.730464935302734
2023-04-05,54.42734909057617
2023-04-06,54.89094161987305
2023-04-10,54.89094161987305
2023-04-11,55.10490417480469
2023-04-12,55.541748046875
2023-04-13,56.29063415527344
2023-04-14,56.20147705078125
2023-04-17,55.934024810791016
2023-04-18,56.31737518310547
2023-04-19,56.19255828857422
2023-04-20,56.112327575683594
2023-04-21,56.53133773803711
2023-04-24,56.76313400268555
2023-04-25,55.809207916259766
2023-04-26,55.85378646850586
2023-04-27,56.50459289550781
2023-04-28,56.58483123779297
2023-05-01,56.59375
2023-05-02,55.934024810791016
2023-05-03,56.112327575683594
2023-05-04,55.82704162597656
2023-05-05,56.665069580078125
2023-05-08,56.67398452758789
2023-05-09,56.22822570800781
2023-05-10,56.156898498535156
2023-05-11,55.916194915771484
2023-05-12,55.764625549316406
2023-05-15,56.18364715576172
2023-05-16,55.595237731933594
2023-05-17,55.83595657348633
2023-05-18,55.728965759277344
2023-05-19,56.139068603515625
2023-05-22,56.067745208740234
2023-05-23,55.24755096435547
2023-05-24,54.382774353027344
2023-05-25,54.24013900756836
2023-05-26,54.837440490722656
2023-05-30,54.26688003540039
2023-05-31,53.68738555908203
2023-06-01,54.320369720458984
2023-06-02,54.96226501464844
2023-06-05,54.56999969482422
2023-06-06,54.77504348754883
2023-06-07,54.534332275390625
2023-06-08,55.16731643676758
2023-06-09,54.837440490722656
2023-06-12,55.078163146972656
2023-06-13,55.5060920715332
2023-06-14,55.70222854614258
2023-06-15,56.46002197265625
2023-06-16,56.41543960571289
2023-06-20,55.61613082885742
2023-06-21,55.507259368896484
2023-06-22,55.28950881958008
2023-06-23,54.618133544921875
2023-06-26,54.69070816040039
2023-06-27,55.244140625
2023-06-28,55.198787689208984
2023-06-29,55.117122650146484
2023-06-30,55.97903823852539
2023-07-03,55.815731048583984
2023-07-05,55.08991241455078
2023-07-06,54.110050201416016
2023-07-07,54.46388626098633
2023-07-10,54.79051208496094
2023-07-11,55.3802375793457
2023-07-12,56.6957893371582
2023-07-13,57.584922790527344
2023-07-14,57.312744140625
2023-07-17,57.231075286865234
2023-07-18,57.566768646240234
2023-07-19,57.557701110839844
2023-07-20,57.339962005615234
2023-07-21,57.539554595947266
2023-07-24,57.249229431152344
2023-07-25,57.358097076416016
2023-07-26,57.46696853637695
2023-07-27,57.13128662109375
2023-07-28,57.62120819091797
2023-07-31,57.60307312011719
2023-08-01,56.96796798706055
2023-08-02,55.933677673339844
2023-08-03,55.77943420410156
2023-08-04,55.87923812866211
2023-08-07,56.41453170776367
2023-08-08,56.11513137817383
2023-08-09,56.24215316772461
2023-08-10,56.459896087646484
2023-08-11,55.97903823852539
2023-08-14,55.87016677856445
2023-08-15,55.153419494628906
2023-08-16,54.81772232055664
2023-08-17,54.345943450927734
2023-08-18,54.255210876464844
2023-08-21,54.563690185546875
2023-08-22,54.36408615112305
2023-08-23,54.81772232055664
2023-08-24,54.05561065673828
2023-08-25,54.445743560791016
2023-08-28,55.0173225402832
2023-08-29,55.797584533691406
2023-08-30,55.77036666870117
2023-08-31,55.271358489990234
2023-09-01,55.080833435058594
2023-09-05,54.41852569580078
2023-09-06,54.21892166137695
2023-09-07,53.98302459716797
2023-09-08,54.0646858215332
2023-09-11,54.62720489501953
2023-09-12,54.27336120605469
2023-09-13,54.04654312133789
2023-09-14,54.69070816040039
2023-09-15,54.60904312133789
2023-09-18,54.22725296020508
2023-09-19,54.263694763183594
2023-09-20,54.363929748535156
2023-09-21,53.58027648925781
2023-09-22,53.461814880371094
2023-09-25,53.097328186035156
2023-09-26,52.43212890625
2023-09-27,52.204315185546875
2023-09-28,52.714603424072266
2023-09-29,52.787513732910156
2023-10-02,51.8853874206543
2023-10-03,51.32954406738281
2023-10-04,51.58468246459961
2023-10-05,51.8853874206543
2023-10-06,52.5597038269043
2023-10-09,52.39567947387695
2023-10-10,53.21578598022461
2023-10-11,53.5711669921875
2023-10-12,52.960636138916016
2023-10-13,52.47768783569336
2023-10-16,52.960636138916016
2023-10-17,52.90596389770508
2023-10-18,51.930946350097656
2023-10-19,51.5026741027832
2023-10-20,51.01061248779297
2023-10-23,51.11996078491211
2023-10-24,51.311317443847656
2023-10-25,50.8557014465332
2023-10-26,50.63700866699219
2023-10-27,50.2816276550293
2023-10-30,51.06528854370117
2023-10-31,51.156402587890625
2023-11-01,51.5026741027832
2023-11-02,52.63259506225586
2023-11-03,53.06999206542969
2023-11-06,52.896854400634766
2023-11-07,52.659934997558594
2023-11-08,52.91508102416992
2023-11-09,52.90596389770508
2023-11-10,53.152000427246094
2023-11-13,53.2886848449707
2023-11-14,54.86510467529297
2023-11-15,54.85599899291992
2023-11-16,54.73752975463867
2023-11-17,55.493858337402344
2023-11-20,55.74899673461914
2023-11-21,55.512081146240234
2023-11-22,55.60320281982422
2023-11-24,56.19549560546875
2023-11-27,56.022369384765625
2023-11-28,56.022369384765625
2023-11-29,56.27751159667969
2023-11-30,56.14993667602539
2023-12-01,56.68756866455078
2023-12-04,56.37774658203125
2023-12-05,56.32307815551758
2023-12-06,56.332183837890625
2023-12-07,56.53265380859375
2023-12-08,56.84247970581055
2023-12-11,56.92448043823242
2023-12-12,57.02472686767578
2023-12-13,57.826602935791016
2023-12-14,58.49180221557617
2023-12-15,57.844825744628906
2023-12-18,58.01646423339844
2023-12-19,58.62223434448242
2023-12-20,57.93385696411133
2023-12-21,58.7966194152832
2023-12-22,58.833335876464844
2023-12-26,59.200469970703125
2023-12-27,59.5308952331543
2023-12-28,59.127044677734375
2023-12-29,59.18211364746094
2024-01-02,58.43867492675781
2024-01-03,57.94304275512695
2024-01-04,58.27345657348633
2024-01-05,58.16331481933594
2024-01-08,58.824153900146484
2024-01-09,58.23674392700195
2024-01-10,58.484561920166016
2024-01-11,58.22757339477539
2024-01-12,58.39277267456055
2024-01-16,57.28219223022461
2024-01-17,56.83245086669922
2024-01-18,57.33726501464844
2024-01-19,57.35561752319336
2024-01-22,57.45658493041992
2024-01-23,57.31890869140625
2024-01-24,57.88797378540039
2024-01-25,58.154136657714844
2024-01-26,58.677310943603516
2024-01-29,58.870052337646484
2024-01-30,58.89759063720703
2024-01-31,58.4570198059082
2024-02-01,59.03526306152344
2024-02-02,58.46620559692383
2024-02-05,58.12660217285156
2024-02-06,58.594703674316406
2024-02-07,58.401954650878906
2024-02-08,58.401954650878906
2024-02-09,58.60387420654297
2024-02-12,58.64977264404297
2024-02-13,57.511653900146484
2024-02-14,58.31935501098633
2024-02-15,58.961830139160156
2024-02-16,59.05361557006836
2024-02-20,59.35650634765625
2024-02-21,59.429931640625
2024-02-22,60.026527404785156
2024-02-23,60.09995651245117
2024-02-26,60.03570556640625
2024-02-27,60.136661529541016
2024-02-28,59.83378601074219
2024-02-29,59.86131286621094
2024-03-01,60.366127014160156
2024-03-04,60.28351593017578
2024-03-05,60.03570556640625
2024-03-06,60.678192138671875
2024-03-07,61.623565673828125
2024-03-08,61.34820556640625
2024-03-11,61.35737609863281
2024-03-12,61.953983306884766
2024-03-13,62.06412124633789
2024-03-14,61.6052131652832
2024-03-15,61.54983901977539
2024-03-18,61.18989181518555
2024-03-19,61.29140853881836
2024-03-20,62.029762268066406
2024-03-21,61.87284851074219
2024-03-22,61.72518539428711
2024-03-25,61.78977966308594
2024-03-26,61.882083892822266
2024-03-27,62.26047134399414
2024-03-28,62.14973068237305
2024-04-01,62.03898239135742
2024-04-02,61.50368118286133
2024-04-03,61.93745803833008
2024-04-04,61.457542419433594
2024-04-05,61.61442565917969
2024-04-08,61.9282341003418
2024-04-09,61.799015045166016
2024-04-10,61.06990051269531
2024-04-11,61.10682678222656
2024-04-12,60.0546989440918
2024-04-15,59.962398529052734
2024-04-16,59.48247146606445
2024-04-17,59.68552017211914
2024-04-18,59.547080993652344
2024-04-19,59.69475555419922
2024-04-22,60.3592643737793
2024-04-23,61.20835494995117
2024-04-24,60.92225646972656
2024-04-25,60.811485290527344
2024-04-26,61.27295684814453
2024-04-29,61.466766357421875
2024-04-30,60.56230545043945
2024-05-01,60.48847198486328
2024-05-02,61.08837127685547
2024-05-03,61.64213180541992
2024-05-06,62.14049530029297
2024-05-07,62.54657745361328
2024-05-08,62.77731704711914
2024-05-09,63.3310661315918
2024-05-10,63.61717224121094
2024-05-13,63.65409469604492
2024-05-14,64.18939208984375
2024-05-15,64.89081573486328
2024-05-16,64.5124282836914
2024-05-17,64.6877670288086
2024-05-20,64.66008758544922
2024-05-21,64.65084838867188
2024-05-22,64.14324188232422
2024-05-23,63.8479118347168
2024-05-24,64.3462905883789
2024-05-28,64.226318359375
2024-05-29,63.275691986083984
2024-05-30,63.87560272216797
2024-05-31,64.46626281738281
2024-06-03,64.54934692382812
2024-06-04,64.3462905883789
2024-06-05,64.96464538574219
2024-06-06,65.22305297851562
2024-06-07,64.37398529052734
2024-06-10,64.1801528930664
2024-06-11,63.40491485595703
2024-06-12,64.40165710449219
2024-06-13,63.41413497924805
2024-06-14,62.380455017089844
2024-06-17,62.87884521484375
2024-06-18,63.1926383972168
2024-06-20,63.34953689575195
2024-06-21,62.8360481262207
2024-06-24,63.39826202392578
2024-06-25,63.276451110839844
2024-06-26,62.71424102783203
2024-06-27,62.64864730834961
2024-06-28,62.56431579589844
2024-07-01,62.93912124633789
2024-07-02,62.77044677734375
2024-07-03,63.557552337646484
2024-07-05,64.08228302001953
2024-07-08,63.763702392578125
2024-07-09,63.25770950317383
2024-07-10,64.04479217529297
2024-07-11,64.35401153564453
2024-07-12,65.12235260009766
2024-07-15,64.41959381103516
2024-07-16,64.66322326660156
2024-07-17,64.31653594970703
2024-07-18,63.791812896728516
2024-07-19,63.407630920410156
2024-07-22,64.29778289794922
2024-07-23,63.74494934082031
2024-07-24,63.154640197753906
2024-07-25,62.93912124633789
2024-07-26,63.829280853271484
2024-07-29,63.35140609741211
2024-07-30,63.58566665649414
2024-07-31,64.14787292480469
2024-08-01,62.81730651855469
2024-08-02,62.33943176269531
2024-08-05,60.96201705932617
2024-08-06,61.12133026123047
2024-08-07,61.215023040771484
2024-08-08,62.06769561767578
2024-08-09,62.46125030517578
2024-08-12,62.311317443847656
2024-08-13,63.145259857177734
2024-08-14,63.49195861816406
2024-08-15,64.13849639892578
2024-08-16,64.48519897460938
2024-08-19,65.20669555664062
2024-08-20,65.02865600585938
2024-08-21,65.58150482177734
2024-08-22,65.19731903076172
2024-08-23,66.31237030029297
2024-08-26,66.1062240600586
2024-08-27,66.3873291015625
2024-08-28,66.1062240600586
2024-08-29,66.31237030029297
2024-08-30,66.4622802734375
2024-09-03,65.21607208251953
2024-09-04,65.04739379882812
2024-09-05,64.89746856689453
2024-09-06,64.04479217529297
2024-09-09,64.46646118164062
2024-09-10,64.15724182128906
2024-09-11,64.50393676757812
2024-09-12,64.95370483398438
2024-09-13,65.35662078857422
2024-09-16,65.83450317382812
2024-09-17,65.59086608886719
2024-09-18,65.43157958984375
2024-09-19,66.56536102294922
2024-09-20,65.57066345214844
2024-09-23,65.7773208618164
2024-09-24,66.4066162109375
2024-09-25,66.02152252197266
2024-09-26,67.36467742919922
2024-09-27,67.32710266113281
2024-09-30,66.78233337402344
2024-10-01,66.0403060913086
2024-10-02,65.83366394042969
2024-10-03,65.0822525024414
2024-10-04,65.43917083740234
2024-10-07,65.05406188964844
2024-10-08,64.98831176757812
2024-10-09,65.22314453125
2024-10-10,65.03528594970703
2024-10-11,65.43917083740234
2024-10-14,65.65521240234375
2024-10-15,64.68775939941406
2024-10-16,64.77227783203125
2024-10-17,64.8474349975586
2024-10-18,65.33584594726562
2024-10-21,64.65018463134766
2024-10-22,64.39657592773438
2024-10-23,63.983299255371094
2024-10-24,64.28385925292969
2024-10-25,63.983299255371094
2024-10-28,64.58443450927734
2024-10-29,64.03965759277344
2024-10-30,63.53244400024414
2024-10-31,63.10039138793945
2024-11-01,63.2882194519043
2024-11-04,63.32579803466797
2024-11-05,63.76726531982422
2024-11-06,62.40531921386719
2024-11-07,63.40093994140625
2024-11-08,62.42409896850586
2024-11-11,62.44288635253906
2024-11-12,61.17486572265625
2024-11-13,60.82734680175781
2024-11-14,61.00579833984375
2024-11-15,60.82734680175781
2024-11-18,61.07154846191406
2024-11-19,60.88369369506836
2024-11-20,60.761592864990234
2024-11-21,60.64887237548828
2024-11-22,60.87429428100586
2024-11-25,61.212440490722656
2024-11-26,60.85551834106445
2024-11-27,61.353328704833984
2024-11-29,61.992042541503906
2024-12-02,62.001441955566406
2024-12-03,62.21745681762695
2024-12-04,62.42409896850586
2024-12-05,63.044029235839844
2024-12-06,63.10039138793945
2024-12-09,62.9970588684082
2024-12-10,62.499237060546875
2024-12-11,62.7810173034668
2024-12-12,62.28321075439453
2024-12-13,62.28321075439453
2024-12-16,62.1423225402832
2024-12-17,61.86053466796875
2024-12-18,60.423458099365234
2024-12-19,60.24498748779297
2024-12-20,60.10154724121094
2024-12-23,60.38652801513672
2024-12-24,60.718994140625
2024-12-26,60.8804817199707
2024-12-27,60.68100357055664
2024-12-30,60.28203201293945
2024-12-31,60.29153060913086
2025-01-02,60.02555465698242
2025-01-03,60.27253341674805
2025-01-06,61.0894660949707
2025-01-07,61.0894660949707
2025-01-08,60.851985931396484
2025-01-10,60.225040435791016
2025-01-13,59.91156768798828
2025-01-14,60.187042236328125
2025-01-15,60.96597671508789
2025-01-16,61.488433837890625
2025-01-17,61.8114128112793
2025-01-21,63.23628234863281
2025-01-22,63.09380340576172
2025-01-23,63.72074508666992
2025-01-24,63.8442497253418
2025-01-27,64.19571685791016
2025-01-28,63.929744720458984
2025-01-29,63.99623107910156
2025-01-30,64.6136703491211
2025-01-31,64.11971282958984
2025-02-03,63.179298400878906
2025-02-04,63.977230072021484
2025-02-05,64.63268280029297
2025-02-06,64.99364471435547
2025-02-07,64.35719299316406
2025-02-10,64.8321533203125
2025-02-11,65.37361907958984
2025-02-12,65.83907318115234
2025-02-13,66.5610122680664
2025-02-14,66.68450164794922
2025-02-18,67.14997100830078
2025-02-19,66.2950439453125
2025-02-20,66.7035140991211
2025-02-21,66.42802429199219
2025-02-24,66.42802429199219
2025-02-25,67.17845916748047
2025-02-26,67.25446319580078
2025-02-27,66.32353973388672
2025-02-28,66.68450164794922
2025-03-03,67.57743072509766
2025-03-04,67.68193054199219
2025-03-05,69.42977905273438
2025-03-06,68.66984558105469
2025-03-07,69.66725158691406
2025-03-10,67.92890930175781
2025-03-11,67.77691650390625
2025-03-12,67.99539184570312
2025-03-13,67.43494415283203
2025-03-14,68.8313217163086
2025-03-17,69.54376983642578
2025-03-18,69.81925201416016
2025-03-19,69.79075622558594
2025-03-20,69.06880950927734
2025-03-21,68.46221160888672
2025-03-24,68.41452026367188
2025-03-25,68.82464599609375
2025-03-26,67.8517837524414
2025-03-27,67.9948501586914
2025-03-28,67.69918823242188
2025-03-31,66.96476745605469
2025-04-01,67.1364517211914
2025-04-02,67.3558349609375
2025-04-03,66.39250183105469
2025-04-04,62.01466751098633
2025-04-07,60.088035583496094
2025-04-08,59.83051681518555
2025-04-09,64.28466796875
2025-04-10,63.4358024597168
2025-04-11,65.13352966308594
2025-04-14,65.61994934082031
2025-04-15,66.2780532836914
2025-04-16,66.01100158691406
2025-04-17,66.69771575927734
2025-04-21,66.24944305419922
2025-04-22,67.61334991455078
2025-04-23,67.84225463867188
2025-04-24,68.72926330566406
2025-04-25,69.0154037475586
2025-04-28,69.46367645263672
2025-04-29,69.60674285888672
2025-04-30,69.53998565673828
2025-05-01,69.29200744628906
2025-05-02,70.75127410888672
2025-05-05,70.8466567993164
2025-05-06,70.66543579101562
2025-05-07,70.45560455322266
2025-05-08,70.19808197021484
2025-05-09,70.66543579101562
2025-05-12,70.81804656982422
2025-05-13,71.10417938232422
2025-05-14,70.94202423095703
2025-05-15,71.64783477783203
2025-05-16,71.81951141357422
2025-05-19,72.74467468261719
2025-05-20,73.22154998779297
2025-05-21,72.84004974365234
2025-05-22,72.74467468261719
2025-05-23,72.6302261352539
2025-05-27,73.49815368652344
2025-05-28,72.78282165527344
2025-05-29,73.15479278564453
2025-05-30,73.21202087402344
2025-06-02,73.92736053466797
2025-06-03,73.29785919189453
2025-06-04,73.78429412841797
2025-06-05,73.860595703125
2025-06-06,74.0608901977539
2025-06-09,74.0608901977539
2025-06-10,74.19441986083984
2025-06-11,74.10856628417969
2025-06-12,74.7952880859375
2025-06-13,73.66030883789062
2025-06-16,73.92736053466797
2025-06-17,72.85912322998047
2025-06-18,72.81143188476562
2025-06-20,72.37301635742188
2025-06-23,73.0020980834961
2025-06-24,73.96990966796875
2025-06-25,73.5150375366211
2025-06-26,74.14411163330078
2025-06-27,74.83126068115234
2025-06-30,75.0054702758789
2025-07-01,75.06352996826172
2025-07-02,75.2861328125
2025-07-03,75.24742126464844
2025-07-07,74.71512603759766
2025-07-08,75.43130493164062
2025-07-09,76.15716552734375
2025-07-10,76.14749145507812
2025-07-11,75.2861328125
2025-07-14,75.24742126464844
2025-07-15,74.37638092041016
2025-07-16,74.7054443359375
2025-07-17,74.77320098876953
2025-07-18,74.68609619140625
2025-07-21,75.03450012207031
2025-07-22,75.47969055175781
2025-07-23,77.00884246826172
2025-07-24,76.1668472290039
2025-07-25,76.33136749267578
2025-07-28,74.95708465576172
2025-07-29,74.85062408447266
2025-07-30,74.03765869140625
2025-07-31,73.21501159667969
2025-08-01,72.83757019042969
2025-08-04,73.67957305908203
2025-08-05,73.75699615478516
2025-08-06,74.10540008544922
2025-08-07,74.88933563232422
2025-08-08,75.13127899169922
2025-08-11,74.7441635131836
2025-08-12,75.50872039794922
2025-08-13,76.06038665771484
2025-08-14,76.20555114746094
2025-08-15,76.40878295898438
2025-08-18,76.26362609863281
2025-08-19,76.42814636230469
2025-08-20,76.84432220458984
2025-08-21,76.37975311279297
2025-08-22,77.60888671875
2025-08-25,76.4571762084961
2025-08-26,76.3410415649414
2025-08-27,76.12813568115234
2025-08-28,76.31201171875
2025-08-29,75.97328186035156
2025-09-02,74.91837310791016
2025-09-03,75.22807312011719
2025-09-04,75.67327117919922
2025-09-05,76.04103088378906
2025-09-08,76.58299255371094
2025-09-09,76.44750213623047
2025-09-10,76.24427032470703
2025-09-11,77.06690979003906
2025-09-12,76.80561065673828
2025-09-15,77.37660217285156
2025-09-16,77.13465881347656
2025-09-17,76.83463287353516
2025-09-18,77.14433288574219
2025-09-19,76.78433227539062
2025-09-22,77.10454559326172
2025-09-23,77.05603790283203
2025-09-24,76.55145263671875
2025-09-25,75.82366943359375
2025-09-26,76.61936950683594
2025-09-29,76.86196899414062
2025-09-30,77.4344711303711
2025-10-01,78.32720184326172
2025-10-02,78.5115737915039
2025-10-03,78.93852233886719
2025-10-06,78.69593048095703
2025-10-07,78.10401916503906
2025-10-08,78.56008911132812
2025-10-09,77.72557830810547
2025-10-10,76.83284759521484
2025-10-13,77.36654663085938
2025-10-14,77.66735076904297
2025-10-15,77.84202575683594
2025-10-16,78.38542175292969
2025-10-17,78.40483093261719
2025-10-20,78.74444580078125
2025-10-21,78.2786865234375
2025-10-22,78.30779266357422
2025-10-23,78.76385498046875
2025-10-24,78.88029479980469
2025-10-27,79.26844787597656
2025-10-28,79.0646743774414
2025-10-29,78.63771057128906
2025-10-30,78.26898956298828
2025-10-31,77.9196548461914
2025-11-03,77.79350280761719
2025-11-04,76.95899963378906
2025-11-05,77.59942626953125
2025-11-06,77.2306900024414
2025-11-07,77.60913848876953
2025-11-10,78.5309829711914
2025-11-11,79.36548614501953
2025-11-12,79.83125305175781
2025-11-13,79.25874328613281
2025-11-14,78.65711212158203
2025-11-17,77.69647216796875
2025-11-18,76.9395980834961
2025-11-19,76.63878631591797
2025-11-20,75.5907974243164
2025-11-21,76.74551391601562
2025-11-24,76.55145263671875
2025-11-25,77.86141967773438
2025-11-26,78.59890747070312
2025-11-28,79.11318969726562
2025-12-01,78.71534729003906
2025-12-02,79.07437133789062
2025-12-03,79.60807037353516
2025-12-04,79.55955505371094
2025-12-05,79.58866119384766
2025-12-08,79.40430450439453
2025-12-09,79.19081115722656
2025-12-10,80.16117095947266
2025-12-11,80.76280212402344
2025-12-12,80.23880767822266
2025-12-15,80.76280212402344
2025-12-16,80.58812713623047
2025-12-17,80.1514663696289
2025-12-18,80.72398376464844
2025-12-19,81.09522247314453
2025-12-22,81.5262222290039
2025-12-23,81.8984375
2025-12-24,82.0159912109375
2025-12-26,82.25106811523438
2025-12-29,81.95721435546875
2025-12-30,82.2314682006836
2025-12-31,81.8984375
2026-01-02,82.82898712158203
2026-01-05,83.48528289794922
2026-01-06,83.69097137451172
2026-01-07,83.44609832763672
2026-01-08,83.4363021850586
2026-01-09,84.01422119140625
2026-01-12,84.47460174560547
2026-01-13,84.03380584716797
2026-01-14,84.35706329345703
2026-01-15,84.15135955810547
2026-01-16,84.40603637695312
2026-01-20,83.22080993652344
2026-01-21,84.05339813232422
2026-01-22,84.55296325683594
2026-01-23,85.15047454833984
2026-01-26,85.7186050415039
2026-01-27,87.0899429321289
2026-01-28,86.05164337158203
2026-01-29,86.51201629638672
2026-01-30,85.70880889892578
2026-02-02,86.39447784423828
2026-02-03,86.07123565673828
2026-02-04,86.18877410888672
2026-02-05,84.9937515258789
2026-02-06,86.67853546142578
2026-02-09,87.63848114013672
2026-02-10,87.39360046386719
2026-02-11,87.61888885498047
2026-02-12,86.93321990966797
2026-02-13,86.88423919677734
2026-02-17,87.40339660644531
2026-02-18,87.69725799560547
2026-02-19,87.31523895263672
2026-02-20,88.16741943359375
2026-02-23,87.65807342529297
2026-02-24,87.89315795898438
2026-02-25,88.6375961303711
2026-02-26,88.5788345336914
2026-02-27,88.32414245605469
2026-03-02,86.46304321289062
2026-03-03,83.85749816894531
2026-03-04,84.81743621826172
2026-03-05,83.11305236816406
2026-03-06,82.52533721923828
2026-03-09,82.90735626220703
2026-03-10,82.93673706054688
2026-03-11,82.79960632324219
2026-03-12,81.59478759765625
2026-03-13,80.4781265258789
2026-03-16,81.82007598876953
2026-03-17,82.18251037597656
2026-03-18,80.57608032226562
2026-03-19,80.35078430175781
2026-03-20,77.92198944091797
2026-03-23,79.75244140625
2026-03-24,79.29975891113281
2026-03-25,80.46100616455078
2026-03-26,78.88642883300781
2026-03-27,78.18770599365234
2026-03-30,78.60103607177734
2026-03-31,81.12035369873047
2026-04-01,82.29145812988281
2026-04-02,81.89781188964844
2026-04-06,82.44891357421875
2026-04-07,82.202880859375
2026-04-08,85.36187744140625
2026-04-09,85.38156127929688
2026-04-10,85.67679595947266
2026-04-13,86.2475814819336
2026-04-14,86.96598815917969
2026-04-15,86.63138580322266
2026-04-16,86.31646728515625
2026-04-17,87.65486145019531
2026-04-20,87.42851257324219
2026-04-21,85.51934051513672
2026-04-22,85.75553131103516
2026-04-23,85.09617614746094
2026-04-24,85.66696166992188
2026-04-27,85.1749038696289
2026-04-28,84.79109954833984
2026-04-29,83.78730010986328
2026-04-30,85.75553131103516
2026-05-01,85.76537322998047
2026-05-04,84.15142059326172
2026-05-05,85.48982238769531
2026-05-06,87.81232452392578
2026-05-07,85.89330291748047
2026-05-08,86.71996307373047
2026-05-11,86.42472076416016
2026-05-12,85.72600555419922
2026-05-13,86.20821380615234
2026-05-14,86.08028411865234
2026-05-15,84.42697143554688
2026-05-18,85.72600555419922
2026-05-19,85.03712463378906
2026-05-20,86.83805084228516
2026-05-21,87.34978485107422
2026-05-22,87.05455780029297
2026-05-26,88.05835723876953
2026-05-27,87.90089416503906
2026-05-28,87.61549377441406
2026-05-29,87.59581756591797
2026-06-01,87.11359405517578
2026-06-02,87.5466079711914
2026-06-03,86.50344848632812
2026-06-04,87.47772216796875
2026-06-05,85.74568176269531
2026-06-08,86.12948608398438
2026-06-09,86.48377227783203
2026-06-10,85.31267547607422
2026-06-11,88.03866577148438
2026-06-12,88.19612884521484
2026-06-15,88.44215393066406
2026-06-16,88.57992553710938
2026-06-17,87.81232452392578
2026-06-18,88.05072784423828
2026-06-22,88.03077697753906
2026-06-23,86.94348907470703
2026-06-24,86.7340087890625
2026-06-25,87.61182403564453
2026-06-26,86.91355895996094
2026-06-29,87.85122680664062
2026-06-30,88.32006072998047
2026-07-01,87.55197143554688
2026-07-02,89.12804412841797
2026-07-06,89.74650573730469
2026-07-07,88.81881713867188
2026-07-08,87.96095275878906
2026-07-09,88.19038391113281
2026-07-10,88.34998321533203
2026-07-13,87.6417465209961
2026-07-14,88.08065795898438
2026-07-15,88.89862060546875
2026-07-16,88.56944274902344
2026-07-17,88.36993408203125
2026-07-20,87.47217559814453
2026-07-21,88.53951263427734
2026-07-22,88.86869049072266
2026-07-23,87.61182403564453
2026-07-24,88.19038391113281
2026-07-27,88.61930847167969
2026-07-28,89.00834655761719
2026-07-29,88.63926696777344
2026-07-30,90.76396942138672
2026-07-31,90.36495971679688
2026-08-03,90.7041244506836
2026-08-04,91.61185455322266
2026-08-05,91.62183380126953
2026-08-06,91.60189056396484
2026-08-07,92.3699722290039
2026-08-10,92.03082275390625
2026-08-11,92.07072448730469
2026-08-12,92.02084350585938
2026-08-13,92.15052032470703
2026-08-14,92.14054870605469
2026-08-17,91.8712158203125
2026-08-18,91.32258605957031
2026-08-19,92.00089263916016
2026-08-20,91.78144073486328
2026-08-21,92.48967742919922
2026-08-24,92.37995147705078
2026-08-25,92.95851135253906
2026-08-26,92.46971893310547
2026-08-27,92.05076599121094
2026-08-28,91.75151824951172
2026-08-31,91.43231201171875
2026-09-01,90.49464416503906
2026-09-02,90.73404693603516
2026-09-03,91.5121078491211
2026-09-04,91.5121078491211
2026-09-08,90.9634780883789
2026-09-09,89.98590850830078
2026-09-10,89.19786834716797
2026-09-11,89.79637908935547
2026-09-14,89.00834655761719
2026-09-15,88.739013671875
2026-09-16,88.40983581542969
2026-09-17,89.14800262451172
2026-09-18,88.20999908447266
2026-09-21,89.23999786376953
2026-09-22,89.43000030517578
2026-09-23,88.01000213623047
2026-09-24,88.06999969482422
2026-09-25,88.62999725341797
2026-09-28,88.37999725341797
2026-09-29,87.8499984741211
2026-09-30,86.80000305175781
2026-10-01,85.48999786376953
2026-10-02,86.37999725341797
2026-10-05,86.27999877929688
2026-10-06,86.58000183105469
2026-10-07,85.55999755859375
