date,adjclose
2011-10-10,17.752824783325195
2011-10-11,17.619762420654297
2011-10-12,17.86371421813965
2011-10-13,17.90806770324707
2011-10-14,18.19637107849121
2011-10-17,17.830448150634766
2011-10-18,18.04113006591797
2011-10-19,17.797182083129883
2011-10-20,17.930246353149414
2011-10-21,18.351608276367188
2011-10-24,18.606643676757812
2011-10-25,18.37378692626953
2011-10-26,18.67317771911621
2011-10-27,19.405029296875
2011-10-28,19.23870086669922
2011-10-31,18.495759963989258
2011-11-01,18.030044555664062
2011-11-02,18.285078048706055
2011-11-03,18.75080108642578
2011-11-04,18.67317771911621
2011-11-07,18.662090301513672
2011-11-08,19.028018951416016
2011-11-09,17.952425003051758
2011-11-10,18.21854591369629
2011-11-11,18.617738723754883
2011-11-14,18.329437255859375
2011-11-15,18.351608276367188
2011-11-16,17.99677085876465
2011-11-17,17.719560623168945
2011-11-18,17.70847511291504
2011-11-21,17.187307357788086
2011-11-22,17.109689712524414
2011-11-23,16.67723846435547
2011-11-25,16.63288116455078
2011-11-28,17.242753982543945
2011-11-29,17.386905670166016
2011-11-30,18.19637107849121
2011-12-01,18.085481643676758
2011-12-02,18.074392318725586
2011-12-05,18.251811981201172
2011-12-06,18.262901306152344
2011-12-07,18.41814613342285
2011-12-08,17.930246353149414
2011-12-09,18.285078048706055
2011-12-12,17.852622985839844
2011-12-13,17.719560623168945
2011-12-14,17.486703872680664
2011-12-15,17.619762420654297
2011-12-16,17.497791290283203
2011-12-19,17.364728927612305
2011-12-20,17.894819259643555
2011-12-21,17.838544845581055
2011-12-22,18.05238151550293
2011-12-23,18.187437057495117
2011-12-27,18.176179885864258
2011-12-28,17.84979820251465
2011-12-29,18.13116455078125
2011-12-30,18.187437057495117
2012-01-03,18.727659225463867
2012-01-04,18.693897247314453
2012-01-05,18.41253089904785
2012-01-06,18.29998779296875
2012-01-09,18.322494506835938
2012-01-10,18.53632926940918
2012-01-11,18.333751678466797
2012-01-12,18.345003128051758
2012-01-13,18.119909286499023
2012-01-17,18.209949493408203
2012-01-18,18.480060577392578
2012-01-19,18.63762092590332
2012-01-20,18.727659225463867
2012-01-23,18.851463317871094
2012-01-24,18.795188903808594
2012-01-25,18.930246353149414
2012-01-26,19.020273208618164
2012-01-27,18.8964786529541
2012-01-30,18.64887809753418
2012-01-31,18.772680282592773
2012-02-01,19.087804794311523
2012-02-02,19.11031723022461
2012-02-03,19.65053367614746
2012-02-06,19.571752548217773
2012-02-07,19.65053367614746
2012-02-08,19.616777420043945
2012-02-09,19.65053367614746
2012-02-10,19.369173049926758
2012-02-13,19.59425926208496
2012-02-14,19.470460891723633
2012-02-15,19.436702728271484
2012-02-16,19.684303283691406
2012-02-17,19.774337768554688
2012-02-21,19.66179084777832
2012-02-22,19.537986755371094
2012-02-23,19.71806526184082
2012-02-24,19.875629425048828
2012-02-27,19.729320526123047
2012-02-28,19.864376068115234
2012-02-29,19.729320526123047
2012-03-01,20.010684967041016
2012-03-02,19.774337768554688
2012-03-05,19.695556640625
2012-03-06,19.04279136657715
2012-03-07,19.245370864868164
2012-03-08,19.492969512939453
2012-03-09,19.436702728271484
2012-03-12,19.436702728271484
2012-03-13,19.830604553222656
2012-03-14,19.66179084777832
2012-03-15,19.706811904907227
2012-03-16,19.909391403198242
2012-03-19,19.95441246032715
2012-03-20,19.706811904907227
2012-03-21,19.65053367614746
2012-03-22,19.470460891723633
2012-03-23,19.59425926208496
2012-03-26,19.875629425048828
2012-03-27,19.695556640625
2012-03-28,19.425445556640625
2012-03-29,19.3579158782959
2012-03-30,19.470460891723633
2012-04-02,19.909391403198242
2012-04-03,19.60551643371582
2012-04-04,19.189102172851562
2012-04-05,19.065296173095703
2012-04-09,19.03153419494629
2012-04-10,18.558839797973633
2012-04-11,18.851463317871094
2012-04-12,19.25662612915039
2012-04-13,18.851463317871094
2012-04-16,19.03153419494629
2012-04-17,19.38042640686035
2012-04-18,19.447956085205078
2012-04-19,19.459213256835938
2012-04-20,19.59425926208496
2012-04-23,19.32415008544922
2012-04-24,19.414188385009766
2012-04-25,19.571752548217773
2012-04-26,19.706811904907227
2012-04-27,19.864376068115234
2012-04-30,19.751829147338867
2012-05-01,19.909391403198242
2012-05-02,19.8080997467041
2012-05-03,19.639278411865234
2012-05-04,19.290388107299805
2012-05-07,19.481718063354492
2012-05-08,19.14407730102539
2012-05-09,18.930246353149414
2012-05-10,18.997770309448242
2012-05-11,18.87397003173828
2012-05-14,18.58135223388672
2012-05-15,18.345003128051758
2012-05-16,18.176179885864258
2012-05-17,17.782270431518555
2012-05-18,17.613449096679688
2012-05-21,17.996109008789062
2012-05-22,17.962343215942383
2012-05-23,17.804779052734375
2012-05-24,17.81603240966797
2012-05-25,17.771015167236328
2012-05-29,17.92858123779297
2012-05-30,17.433382034301758
2012-05-31,17.500904083251953
2012-06-01,17.19703483581543
2012-06-04,17.309579849243164
2012-06-05,17.365854263305664
2012-06-06,17.906070709228516
2012-06-07,18.041128158569336
2012-06-08,18.018619537353516
2012-06-11,17.861051559448242
2012-06-12,18.288728713989258
2012-06-13,18.07489013671875
2012-06-14,18.187437057495117
2012-06-15,18.43503761291504
2012-06-18,18.390018463134766
2012-06-19,18.73891258239746
2012-06-20,18.862716674804688
2012-06-21,18.307388305664062
2012-06-22,18.44564437866211
2012-06-25,18.111522674560547
2012-06-26,18.295866012573242
2012-06-27,18.457162857055664
2012-06-28,18.353473663330078
2012-06-29,18.768239974975586
2012-07-02,19.03322982788086
2012-07-03,19.090839385986328
2012-07-05,18.929534912109375
2012-07-06,18.848886489868164
2012-07-09,18.82584571838379
2012-07-10,18.745197296142578
2012-07-11,18.837364196777344
2012-07-12,18.61846351623535
2012-07-13,18.95258331298828
2012-07-16,18.964099884033203
2012-07-17,18.964099884033203
2012-07-18,19.07931900024414
2012-07-19,19.298221588134766
2012-07-20,18.906492233276367
2012-07-23,18.480209350585938
2012-07-24,18.261302947998047
2012-07-25,18.2728214263916
2012-07-26,18.779756546020508
2012-07-27,19.07931900024414
2012-07-30,19.12540054321289
2012-07-31,18.929534912109375
2012-08-01,19.044755935668945
2012-08-02,18.837364196777344
2012-08-03,19.413436889648438
2012-08-06,19.482563018798828
2012-08-07,19.574731826782227
2012-08-08,19.724512100219727
2012-08-09,19.67842674255371
2012-08-10,19.816682815551758
2012-08-13,19.73602867126465
2012-08-14,19.805164337158203
2012-08-15,19.805164337158203
2012-08-16,19.90885353088379
2012-08-17,19.88581085205078
2012-08-20,19.816682815551758
2012-08-21,19.86276626586914
2012-08-22,19.8397216796875
2012-08-23,19.759075164794922
2012-08-24,19.666906356811523
2012-08-27,19.73602867126465
2012-08-28,19.701465606689453
2012-08-29,19.64385986328125
2012-08-30,19.471036911010742
2012-08-31,19.55168914794922
2012-09-04,19.45952033996582
2012-09-05,19.42495346069336
2012-09-06,19.86276626586914
2012-09-07,20.07015037536621
2012-09-10,19.954938888549805
2012-09-11,20.07015037536621
2012-09-12,20.11623191833496
2012-09-13,20.496440887451172
2012-09-14,20.680784225463867
2012-09-17,20.60013198852539
2012-09-18,20.577091217041016
2012-09-19,20.66925621032715
2012-09-20,20.531002044677734
2012-09-21,20.50795555114746
2012-09-24,20.473390579223633
2012-09-25,20.33513832092285
2012-09-26,20.1392765045166
2012-09-27,20.346662521362305
2012-09-28,20.047103881835938
2012-10-01,20.173843383789062
2012-10-02,20.185361862182617
2012-10-03,20.1392765045166
2012-10-04,20.427309036254883
2012-10-05,20.358182907104492
2012-10-08,20.231447219848633
2012-10-09,20.01254653930664
2012-10-10,19.943418502807617
2012-10-11,20.093191146850586
2012-10-12,20.081674575805664
2012-10-15,20.185361862182617
2012-10-16,20.438831329345703
2012-10-17,20.60013198852539
2012-10-18,20.438831329345703
2012-10-19,20.254487991333008
2012-10-22,20.346662521362305
2012-10-23,19.931894302368164
2012-10-24,20.001018524169922
2012-10-25,20.19688606262207
2012-10-26,20.173843383789062
2012-10-31,20.1392765045166
2012-11-01,20.404266357421875
2012-11-02,20.173843383789062
2012-11-05,20.1392765045166
2012-11-06,20.36970329284668
2012-11-07,20.047103881835938
2012-11-08,19.828203201293945
2012-11-09,19.78211212158203
2012-11-12,19.770597457885742
2012-11-13,19.666906356811523
2012-11-14,19.42495346069336
2012-11-15,19.447996139526367
2012-11-16,19.367345809936523
2012-11-19,19.724512100219727
2012-11-20,19.816682815551758
2012-11-21,19.87428855895996
2012-11-23,20.208404541015625
2012-11-26,20.1392765045166
2012-11-27,20.047103881835938
2012-11-28,20.19688606262207
2012-11-29,20.358182907104492
2012-11-30,20.36970329284668
2012-12-03,20.415786743164062
2012-12-04,20.450347900390625
2012-12-05,20.542524337768555
2012-12-06,20.542524337768555
2012-12-07,20.565567016601562
2012-12-10,20.611650466918945
2012-12-11,20.66925621032715
2012-12-12,20.738386154174805
2012-12-13,20.65774154663086
2012-12-14,20.70382308959961
2012-12-17,20.784473419189453
2012-12-18,20.951574325561523
2012-12-19,20.974943161010742
2012-12-20,21.068424224853516
2012-12-21,20.846399307250977
2012-12-24,20.85808753967285
2012-12-26,20.799657821655273
2012-12-27,20.82303237915039
2012-12-28,20.636070251464844
2012-12-31,20.963253021240234
2013-01-02,21.278749465942383
2013-01-03,21.09178924560547
2013-01-04,21.243703842163086
2013-01-07,21.19695472717285
2013-01-08,21.103477478027344
2013-01-09,21.138534545898438
2013-01-10,21.360551834106445
2013-01-11,21.34886360168457
2013-01-14,21.290441513061523
2013-01-15,21.32549476623535
2013-01-16,21.17359161376953
2013-01-17,21.243703842163086
2013-01-18,21.20863914489746
2013-01-22,21.255382537841797
2013-01-23,21.31380844116211
2013-01-24,21.360551834106445
2013-01-25,21.5592041015625
2013-01-28,21.430665969848633
2013-01-29,21.62931251525879
2013-01-30,21.61762809753418
2013-01-31,21.582569122314453
2013-02-01,21.582569122314453
2013-02-04,21.32549476623535
2013-02-05,21.278749465942383
2013-02-06,21.383922576904297
2013-02-07,21.255382537841797
2013-02-08,21.430665969848633
2013-02-11,21.31380844116211
2013-02-12,21.454036712646484
2013-02-13,21.46571922302246
2013-02-14,21.337182998657227
2013-02-15,21.3021297454834
2013-02-19,21.383922576904297
2013-02-20,21.09178924560547
2013-02-21,20.928203582763672
2013-02-22,21.115161895751953
2013-02-25,20.61269187927246
2013-02-26,20.68280792236328
2013-02-27,20.974943161010742
2013-02-28,20.99831199645996
2013-03-01,20.893144607543945
2013-03-04,20.974943161010742
2013-03-05,21.20863914489746
2013-03-06,21.126850128173828
2013-03-07,21.185270309448242
2013-03-08,21.126850128173828
2013-03-11,21.20863914489746
2013-03-12,21.103477478027344
2013-03-13,21.138534545898438
2013-03-14,21.547508239746094
2013-03-15,21.383922576904297
2013-03-18,21.255382537841797
2013-03-19,21.32549476623535
2013-03-20,21.267074584960938
2013-03-21,21.16190528869629
2013-03-22,21.337182998657227
2013-03-25,21.17359161376953
2013-03-26,21.267074584960938
2013-03-27,21.185270309448242
2013-03-28,21.34886360168457
2013-04-01,21.220333099365234
2013-04-02,21.372236251831055
2013-04-03,21.243703842163086
2013-04-04,21.243703842163086
2013-04-05,21.138534545898438
2013-04-08,21.080106735229492
2013-04-09,21.19695472717285
2013-04-10,21.44234848022461
2013-04-11,21.53583335876465
2013-04-12,21.53583335876465
2013-04-15,21.080106735229492
2013-04-16,21.290441513061523
2013-04-17,20.904827117919922
2013-04-18,20.928203582763672
2013-04-19,21.021682739257812
2013-04-22,21.080106735229492
2013-04-23,21.430665969848633
2013-04-24,21.524147033691406
2013-04-25,21.722801208496094
2013-04-26,21.83964729309082
2013-04-29,22.003236770629883
2013-04-30,21.956497192382812
2013-05-01,21.92144203186035
2013-05-02,21.99155044555664
2013-05-03,22.27199935913086
2013-05-06,22.295372009277344
2013-05-07,22.318740844726562
2013-05-08,22.517391204833984
2013-05-09,22.412216186523438
2013-05-10,22.458967208862305
2013-05-13,22.365482330322266
2013-05-14,22.412216186523438
2013-05-15,22.470645904541016
2013-05-16,22.470645904541016
2013-05-17,22.564130783081055
2013-05-20,22.692668914794922
2013-05-21,22.692668914794922
2013-05-22,22.505706787109375
2013-05-23,22.353790283203125
2013-05-24,22.307052612304688
2013-05-28,22.365482330322266
2013-05-29,22.17851448059082
2013-05-30,22.318740844726562
2013-05-31,21.93312644958496
2013-06-03,22.13177490234375
2013-06-04,22.073352813720703
2013-06-05,21.73448371887207
2013-06-06,21.79290771484375
2013-06-07,21.99155044555664
2013-06-10,21.944812774658203
2013-06-11,21.73448371887207
2013-06-12,21.73448371887207
2013-06-13,22.003236770629883
2013-06-14,21.85133171081543
2013-06-17,21.96817970275879
2013-06-18,22.06165885925293
2013-06-19,21.640995025634766
2013-06-20,20.986623764038086
2013-06-21,20.928203582763672
2013-06-24,20.659439086914062
2013-06-25,20.904827117919922
2013-06-26,20.963253021240234
2013-06-27,21.00119972229004
2013-06-28,20.941905975341797
2013-07-01,21.19093894958496
2013-07-02,21.072349548339844
2013-07-03,21.107925415039062
2013-07-05,21.22650909423828
2013-07-08,21.356950759887695
2013-07-09,21.475540161132812
2013-07-10,21.53483009338379
2013-07-11,22.06845474243164
2013-07-12,21.926158905029297
2013-07-15,22.032878875732422
2013-07-16,22.00916290283203
2013-07-17,22.115888595581055
2013-07-18,22.34119987487793
2013-07-19,22.37677574157715
2013-07-22,22.483495712280273
2013-07-23,22.50721549987793
2013-07-24,22.43606185913086
2013-07-25,22.50721549987793
2013-07-26,22.447919845581055
2013-07-29,22.329341888427734
2013-07-30,22.187040328979492
2013-07-31,22.281909942626953
2013-08-01,22.45978355407715
2013-08-02,22.578371047973633
2013-08-05,22.495357513427734
2013-08-06,22.424209594726562
2013-08-07,22.36491584777832
2013-08-08,22.578371047973633
2013-08-09,22.685091018676758
2013-08-12,22.530935287475586
2013-08-13,22.732524871826172
2013-08-14,22.79182243347168
2013-08-15,22.530935287475586
2013-08-16,22.590221405029297
2013-08-19,22.447919845581055
2013-08-20,22.51906967163086
2013-08-21,22.329341888427734
2013-08-22,22.424209594726562
2013-08-23,22.578371047973633
2013-08-26,22.530935287475586
2013-08-27,22.151464462280273
2013-08-28,22.23447036743164
2013-08-29,22.329341888427734
2013-08-30,22.115888595581055
2013-09-03,22.471635818481445
2013-09-04,22.590221405029297
2013-09-05,22.720670700073242
2013-09-06,22.768110275268555
2013-09-09,22.95783233642578
2013-09-10,23.159425735473633
2013-09-11,23.278011322021484
2013-09-12,23.23058319091797
2013-09-13,23.36102294921875
2013-09-16,23.503320693969727
2013-09-17,23.384735107421875
2013-09-18,23.823497772216797
2013-09-19,23.71677017211914
2013-09-20,23.479604721069336
2013-09-23,23.479604721069336
2013-09-24,23.4084529876709
2013-09-25,23.46774673461914
2013-09-26,23.515180587768555
2013-09-27,23.384735107421875
2013-09-30,23.26615333557129
2013-10-01,23.25429916381836
2013-10-02,23.325441360473633
2013-10-03,23.147567749023438
2013-10-04,23.100135803222656
2013-10-07,22.993406295776367
2013-10-08,22.661375045776367
2013-10-09,22.54279327392578
2013-10-10,22.98155403137207
2013-10-11,23.19499969482422
2013-10-14,23.325441360473633
2013-10-15,23.278011322021484
2013-10-16,23.36102294921875
2013-10-17,23.787918090820312
2013-10-18,23.87093162536621
2013-10-21,23.977651596069336
2013-10-22,24.26225471496582
2013-10-23,24.10809326171875
2013-10-24,24.33340835571289
2013-10-25,24.309694290161133
2013-10-28,24.297826766967773
2013-10-29,24.32154655456543
2013-10-30,24.238548278808594
2013-10-31,24.131813049316406
2013-11-01,24.013229370117188
2013-11-04,24.226680755615234
2013-11-05,24.143674850463867
2013-11-06,24.226680755615234
2013-11-07,23.882781982421875
2013-11-08,24.084386825561523
2013-11-11,24.001375198364258
2013-11-12,23.859073638916016
2013-11-13,23.859073638916016
2013-11-14,23.95393943786621
2013-11-15,24.119958877563477
2013-11-18,24.10809326171875
2013-11-19,24.10809326171875
2013-11-20,23.989513397216797
2013-11-21,24.250402450561523
2013-11-22,24.26225471496582
2013-11-25,24.167387008666992
2013-11-26,24.06066131591797
2013-11-27,24.17924690246582
2013-11-29,24.32154655456543
2013-12-02,24.084386825561523
2013-12-03,23.965797424316406
2013-12-04,23.823497772216797
2013-12-05,23.71677017211914
2013-12-06,24.013229370117188
2013-12-09,24.06066131591797
2013-12-10,24.013229370117188
2013-12-11,23.77606773376465
2013-12-12,23.538890838623047
2013-12-13,23.444032669067383
2013-12-16,23.76420021057129
2013-12-17,23.657474517822266
2013-12-18,24.09791374206543
2013-12-19,24.121915817260742
2013-12-20,24.145917892456055
2013-12-23,24.421934127807617
2013-12-24,24.7099609375
2013-12-26,24.745967864990234
2013-12-27,24.889976501464844
2013-12-30,24.937976837158203
2013-12-31,25.05799102783203
2014-01-02,24.745967864990234
2014-01-03,24.75796890258789
2014-01-06,24.69796371459961
2014-01-07,24.79397964477539
2014-01-08,24.745967864990234
2014-01-09,24.7099609375
2014-01-10,24.925981521606445
2014-01-13,24.613954544067383
2014-01-14,24.96198272705078
2014-01-15,25.033987045288086
2014-01-16,25.045991897583008
2014-01-17,25.045991897583008
2014-01-21,25.274011611938477
2014-01-22,25.394014358520508
2014-01-23,25.262008666992188
2014-01-24,24.433944702148438
2014-01-27,24.25392723083496
2014-01-28,24.421934127807617
2014-01-29,24.109914779663086
2014-01-30,24.169912338256836
2014-01-31,23.893898010253906
2014-02-03,23.365854263305664
2014-02-04,23.605873107910156
2014-02-05,23.67787742614746
2014-02-06,24.03791046142578
2014-02-07,24.26592445373535
2014-02-10,24.20592498779297
2014-02-11,24.589950561523438
2014-02-12,24.781967163085938
2014-02-13,24.86597442626953
2014-02-14,24.985986709594727
2014-02-18,25.358009338378906
2014-02-19,25.2860050201416
2014-02-20,25.478017807006836
2014-02-21,25.478017807006836
2014-02-24,25.634035110473633
2014-02-25,25.394014358520508
2014-02-26,25.32201385498047
2014-02-27,25.502029418945312
2014-02-28,25.5140323638916
2014-03-03,25.045991897583008
2014-03-04,25.418018341064453
2014-03-05,25.37002182006836
2014-03-06,25.40601921081543
2014-03-07,25.22600555419922
2014-03-10,24.925981521606445
2014-03-11,24.80596923828125
2014-03-12,24.661958694458008
2014-03-13,24.26592445373535
2014-03-14,24.289928436279297
2014-03-17,24.469942092895508
2014-03-18,24.577951431274414
2014-03-19,24.289928436279297
2014-03-20,24.241928100585938
2014-03-21,24.20592498779297
2014-03-24,24.169912338256836
2014-03-25,24.54195213317871
2014-03-26,24.421934127807617
2014-03-27,24.517946243286133
2014-03-28,24.625957489013672
2014-03-31,24.7099609375
2014-04-01,24.79397964477539
2014-04-02,24.85396957397461
2014-04-03,24.781967163085938
2014-04-04,24.69796371459961
2014-04-07,24.54195213317871
2014-04-08,24.745967864990234
2014-04-09,25.081989288330078
2014-04-10,24.75796890258789
2014-04-11,24.54195213317871
2014-04-14,24.69796371459961
2014-04-15,24.64995574951172
2014-04-16,24.925981521606445
2014-04-17,25.081989288330078
2014-04-21,25.202001571655273
2014-04-22,25.274011611938477
2014-04-23,25.250009536743164
2014-04-24,25.334009170532227
2014-04-25,25.29800796508789
2014-04-28,25.32201385498047
2014-04-29,25.658039093017578
2014-04-30,25.8260498046875
2014-05-01,25.898056030273438
2014-05-02,25.922060012817383
2014-05-05,25.946062088012695
2014-05-06,25.982070922851562
2014-05-07,26.018068313598633
2014-05-08,26.126073837280273
2014-05-09,26.006067276000977
2014-05-12,26.198074340820312
2014-05-13,26.186080932617188
2014-05-14,26.126073837280273
2014-05-15,26.102069854736328
2014-05-16,26.234081268310547
2014-05-19,26.17407989501953
2014-05-20,25.95806121826172
2014-05-21,26.210086822509766
2014-05-22,26.15007209777832
2014-05-23,26.05406951904297
2014-05-27,26.126073837280273
2014-05-28,25.970060348510742
2014-05-29,26.114078521728516
2014-05-30,26.078075408935547
2014-06-02,26.090068817138672
2014-06-03,26.042070388793945
2014-06-04,25.970060348510742
2014-06-05,26.030073165893555
2014-06-06,26.222082138061523
2014-06-09,26.186080932617188
2014-06-10,26.186080932617188
2014-06-11,26.126073837280273
2014-06-12,26.114078521728516
2014-06-13,26.13807487487793
2014-06-16,26.13807487487793
2014-06-17,26.162076950073242
2014-06-18,26.318092346191406
2014-06-19,26.42609214782715
2014-06-20,26.414104461669922
2014-06-23,26.42609214782715
2014-06-24,26.126073837280273
2014-06-25,26.08704376220703
2014-06-26,26.17517852783203
2014-06-27,26.250722885131836
2014-06-30,26.28849220275879
2014-07-01,26.54029655456543
2014-07-02,26.666200637817383
2014-07-03,26.8046932220459
2014-07-07,26.64101791381836
2014-07-08,26.2633113861084
2014-07-09,26.275896072387695
2014-07-10,26.08704376220703
2014-07-11,26.074453353881836
2014-07-14,26.18777084350586
2014-07-15,26.23813247680664
2014-07-16,26.439573287963867
2014-07-17,26.09963607788086
2014-07-18,26.2633113861084
2014-07-21,26.149995803833008
2014-07-22,26.301074981689453
2014-07-23,26.326265335083008
2014-07-24,26.275896072387695
2014-07-25,26.250722885131836
2014-07-28,26.250722885131836
2014-07-29,26.17517852783203
2014-07-30,26.09963607788086
2014-07-31,25.658977508544922
2014-08-01,25.4575252532959
2014-08-04,25.646394729614258
2014-08-05,25.44493865966797
2014-08-06,25.394582748413086
2014-08-07,25.180551528930664
2014-08-08,25.167949676513672
2014-08-11,25.293859481811523
2014-08-12,25.3568115234375
2014-08-13,25.34421730041504
2014-08-14,25.470121383666992
2014-08-15,25.5330753326416
2014-08-18,25.759695053100586
2014-08-19,25.734525680541992
2014-08-20,25.658977508544922
2014-08-21,25.646394729614258
2014-08-22,25.60861587524414
2014-08-25,25.860422134399414
2014-08-26,25.70933723449707
2014-08-27,25.873004913330078
2014-08-28,25.78487777709961
2014-08-29,25.860422134399414
2014-09-02,25.721925735473633
2014-09-03,25.898193359375
2014-09-04,25.68415641784668
2014-09-05,25.63379669189453
2014-09-08,25.092411041259766
2014-09-09,25.10500717163086
2014-09-10,25.369400024414062
2014-09-11,25.20572280883789
2014-09-12,25.218313217163086
2014-09-15,25.268672943115234
2014-09-16,25.331636428833008
2014-09-17,25.24350357055664
2014-09-18,25.48271369934082
2014-09-19,25.495304107666016
2014-09-22,25.3568115234375
2014-09-23,24.90355682373047
2014-09-24,25.054643630981445
2014-09-25,24.689525604248047
2014-09-26,24.702119827270508
2014-09-29,24.61397361755371
2014-09-30,24.399948120117188
2014-10-01,24.11037254333496
2014-10-02,23.820798873901367
2014-10-03,23.79561996459961
2014-10-06,24.085187911987305
2014-10-07,23.66971206665039
2014-10-08,24.14813995361328
2014-10-09,23.417909622192383
2014-10-10,23.128332138061523
2014-10-13,23.128332138061523
2014-10-14,23.115737915039062
2014-10-15,22.78839683532715
2014-10-16,22.687673568725586
2014-10-17,23.140918731689453
2014-10-20,23.15351104736328
2014-10-21,23.51862907409668
2014-10-22,23.279417037963867
2014-10-23,23.430496215820312
2014-10-24,23.5564022064209
2014-10-27,23.468265533447266
2014-10-28,23.69489097595215
2014-10-29,23.581581115722656
2014-10-30,23.657121658325195
2014-10-31,23.93410873413086
2014-11-03,23.61935043334961
2014-11-04,23.6445369720459
2014-11-05,23.833383560180664
2014-11-06,23.74526023864746
2014-11-07,23.88374900817871
2014-11-10,23.95928955078125
2014-11-11,24.122966766357422
2014-11-12,23.896339416503906
2014-11-13,23.896339416503906
2014-11-14,23.845977783203125
2014-11-17,23.90892791748047
2014-11-18,24.047426223754883
2014-11-19,24.03483009338379
2014-11-20,23.984468460083008
2014-11-21,24.14813995361328
2014-11-24,24.23628044128418
2014-11-25,24.1859130859375
2014-11-26,24.374771118164062
2014-11-28,23.95928955078125
2014-12-01,23.971885681152344
2014-12-02,24.13555335998535
2014-12-03,24.14813995361328
2014-12-04,23.984468460083008
2014-12-05,24.03483009338379
2014-12-08,23.820798873901367
2014-12-09,23.51862907409668
2014-12-10,23.266822814941406
2014-12-11,23.090559005737305
2014-12-12,22.39809799194336
2014-12-15,22.108518600463867
2014-12-16,22.48623275756836
2014-12-17,22.781591415405273
2014-12-18,23.3081111907959
2014-12-19,23.539268493652344
2014-12-22,23.629159927368164
2014-12-23,23.423688888549805
2014-12-24,23.61631965637207
2014-12-26,23.642004013061523
2014-12-29,23.436532974243164
2014-12-30,23.28242301940918
2014-12-31,23.154008865356445
2015-01-02,22.935699462890625
2015-01-05,22.357807159423828
2015-01-06,22.100975036621094
2015-01-07,22.293596267700195
2015-01-08,22.691699981689453
2015-01-09,22.588964462280273
2015-01-12,22.499069213867188
2015-01-13,22.56328010559082
2015-01-14,22.357807159423828
2015-01-15,22.48622703552246
2015-01-16,22.84580421447754
2015-01-20,23.05127716064453
2015-01-21,23.28242301940918
2015-01-22,23.487897872924805
2015-01-23,23.37232780456543
2015-01-26,23.71905517578125
2015-01-27,23.731897354125977
2015-01-28,23.436532974243164
2015-01-29,23.590635299682617
2015-01-30,23.166851043701172
2015-02-02,23.37232780456543
2015-02-03,23.95020866394043
2015-02-04,23.731897354125977
2015-02-05,24.091466903686523
2015-02-06,23.834625244140625
2015-02-09,23.770416259765625
2015-02-10,23.86031150817871
2015-02-11,23.744739532470703
2015-02-12,24.168519973754883
2015-02-13,24.28409767150879
2015-02-17,24.27126121520996
2015-02-18,24.386837005615234
2015-02-19,24.36115264892578
2015-02-20,24.515254974365234
2015-02-23,24.463882446289062
2015-02-24,24.63082504272461
2015-02-25,24.643672943115234
2015-02-26,24.553775787353516
2015-02-27,24.52809715270996
2015-03-02,24.56661605834961
2015-03-03,24.33546257019043
2015-03-04,24.219894409179688
2015-03-05,24.348308563232422
2015-03-06,23.808950424194336
2015-03-09,23.924524307250977
2015-03-10,23.26958656311035
2015-03-11,23.08979606628418
2015-03-12,23.218215942382812
2015-03-13,22.974224090576172
2015-03-16,23.218215942382812
2015-03-17,23.256742477416992
2015-03-18,23.93736457824707
2015-03-19,23.61631965637207
2015-03-20,24.168519973754883
2015-03-23,24.207050323486328
2015-03-24,23.975894927978516
2015-03-25,23.886001586914062
2015-03-26,23.603471755981445
2015-03-27,23.552106857299805
2015-03-30,23.52642250061035
2015-03-31,23.128326416015625
2015-04-01,23.28242301940918
2015-04-02,23.397998809814453
2015-04-06,23.603471755981445
2015-04-07,23.69336700439453
2015-04-08,23.87316131591797
2015-04-09,23.86031150817871
2015-04-10,23.924524307250977
2015-04-13,23.84747314453125
2015-04-14,24.129995346069336
2015-04-15,24.322628021240234
2015-04-16,24.438199996948242
2015-04-17,24.19420623779297
2015-04-20,24.24557113647461
2015-04-21,24.36115264892578
2015-04-22,24.451047897338867
2015-04-23,24.617990493774414
2015-04-24,24.797773361206055
2015-04-27,24.9005069732666
2015-04-28,25.016090393066406
2015-04-29,24.939041137695312
2015-04-30,24.669355392456055
2015-05-01,24.68219566345215
2015-05-04,24.74640655517578
2015-05-05,24.348308563232422
2015-05-06,24.438199996948242
2015-05-07,24.373991012573242
2015-05-08,25.23440170288086
2015-05-11,25.388507843017578
2015-05-12,25.18303680419922
2015-05-13,25.311458587646484
2015-05-14,25.555452346801758
2015-05-15,25.4783992767334
2015-05-18,25.337141036987305
2015-05-19,25.14451026916504
2015-05-20,25.298614501953125
2015-05-21,25.555452346801758
2015-05-22,25.298614501953125
2015-05-26,24.861984252929688
2015-05-27,25.054611206054688
2015-05-28,25.028932571411133
2015-05-29,24.82345962524414
2015-06-01,24.56661605834961
2015-06-02,24.669355392456055
2015-06-03,24.68219566345215
2015-06-04,24.438199996948242
2015-06-05,24.219894409179688
2015-06-08,24.181360244750977
2015-06-09,24.052947998046875
2015-06-10,24.65652084350586
2015-06-11,24.707887649536133
2015-06-12,24.56661605834961
2015-06-15,24.42535400390625
2015-06-16,24.438199996948242
2015-06-17,24.592302322387695
2015-06-18,24.836301803588867
2015-06-19,24.707887649536133
2015-06-22,24.990402221679688
2015-06-23,25.00324058532715
2015-06-24,24.887666702270508
2015-06-25,24.87066650390625
2015-06-26,24.713762283325195
2015-06-29,23.99457550048828
2015-06-30,23.86381721496582
2015-07-01,23.916120529174805
2015-07-02,24.033802032470703
2015-07-06,23.667673110961914
2015-07-07,23.471534729003906
2015-07-08,23.0531005859375
2015-07-09,23.393077850341797
2015-07-10,24.086105346679688
2015-07-13,24.229944229125977
2015-07-14,24.517614364624023
2015-07-15,24.465312957763672
2015-07-16,24.609146118164062
2015-07-17,24.556852340698242
2015-07-20,24.569921493530273
2015-07-21,24.413013458251953
2015-07-22,24.216867446899414
2015-07-23,23.903043746948242
2015-07-24,23.576143264770508
2015-07-27,23.471534729003906
2015-07-28,23.85073471069336
2015-07-29,24.033802032470703
2015-07-30,24.177640914916992
2015-07-31,24.243022918701172
2015-08-03,24.099185943603516
2015-08-04,24.20378875732422
2015-08-05,24.373779296875
2015-08-06,24.308399200439453
2015-08-07,24.243022918701172
2015-08-10,24.426082611083984
2015-08-11,24.138410568237305
2015-08-12,24.046878814697266
2015-08-13,23.9291934967041
2015-08-14,24.033802032470703
2015-08-17,23.889965057373047
2015-08-18,23.824583053588867
2015-08-19,23.44538116455078
2015-08-20,23.105403900146484
2015-08-21,22.464677810668945
2015-08-24,21.627811431884766
2015-08-25,21.706262588500977
2015-08-26,21.96778106689453
2015-08-27,22.320838928222656
2015-08-28,22.425447463989258
2015-08-31,22.30776023864746
2015-09-01,21.470895767211914
2015-09-02,21.87624740600586
2015-09-03,21.889328002929688
2015-09-04,21.379362106323242
2015-09-08,22.137773513793945
2015-09-09,22.033166885375977
2015-09-10,22.229307174682617
2015-09-11,22.163928985595703
2015-09-14,21.91547966003418
2015-09-15,22.085472106933594
2015-09-16,22.59543800354004
2015-09-17,22.464677810668945
2015-09-18,22.07239532470703
2015-09-21,22.085472106933594
2015-09-22,21.392436981201172
2015-09-23,21.392436981201172
2015-09-24,21.405513763427734
2015-09-25,21.5231990814209
2015-09-28,20.960927963256836
2015-09-29,20.947851181030273
2015-09-30,21.431663513183594
2015-10-01,21.510122299194336
2015-10-02,22.085472106933594
2015-10-05,22.43852424621582
2015-10-06,22.47775650024414
2015-10-07,22.856956481933594
2015-10-08,23.105403900146484
2015-10-09,22.98771858215332
2015-10-12,22.896188735961914
2015-10-13,22.490825653076172
2015-10-14,22.686965942382812
2015-10-15,23.118478775024414
2015-10-16,23.066173553466797
2015-10-19,22.98771858215332
2015-10-20,22.935415267944336
2015-10-21,22.791580200195312
2015-10-22,23.013872146606445
2015-10-23,23.14462661743164
2015-10-26,23.040019989013672
2015-10-27,22.80465316772461
2015-10-28,23.040019989013672
2015-10-29,22.896188735961914
2015-10-30,22.843881607055664
2015-11-02,23.066173553466797
2015-11-03,23.066173553466797
2015-11-04,23.079248428344727
2015-11-05,22.700042724609375
2015-11-06,22.45159339904785
2015-11-09,22.281612396240234
2015-11-10,22.24238395690918
2015-11-11,22.360069274902344
2015-11-12,21.902408599853516
2015-11-13,21.732418060302734
2015-11-16,22.163928985595703
2015-11-17,22.255460739135742
2015-11-18,22.50390625
2015-11-19,22.686965942382812
2015-11-20,22.464677810668945
2015-11-23,22.281612396240234
2015-11-24,22.294689178466797
2015-11-25,22.45159339904785
2015-11-27,22.464677810668945
2015-11-30,22.464677810668945
2015-12-01,22.686965942382812
2015-12-02,22.360069274902344
2015-12-03,22.085472106933594
2015-12-04,22.24238395690918
2015-12-07,21.993938446044922
2015-12-08,21.58858299255371
2015-12-09,21.61473274230957
2015-12-10,21.54935073852539
2015-12-11,21.157068252563477
2015-12-14,21.09168815612793
2015-12-15,21.19629669189453
2015-12-16,21.54935073852539
2015-12-17,21.261676788330078
2015-12-18,20.974002838134766
2015-12-21,21.115394592285156
2015-12-22,21.262121200561523
2015-12-23,21.82235336303711
2015-12-24,21.862369537353516
2015-12-28,21.755659103393555
2015-12-29,21.889047622680664
2015-12-30,21.742319107055664
2015-12-31,21.528900146484375
2016-01-04,21.182090759277344
2016-01-05,21.128738403320312
2016-01-06,20.74190902709961
2016-01-07,20.1683349609375
2016-01-08,20.034950256347656
2016-01-11,20.088302612304688
2016-01-12,20.10164451599121
2016-01-13,19.768169403076172
2016-01-14,20.141658782958984
2016-01-15,19.341331481933594
2016-01-19,19.421358108520508
2016-01-20,19.007854461669922
2016-01-21,19.27463722229004
2016-01-22,19.848203659057617
2016-01-25,19.48805809020996
2016-01-26,19.954917907714844
2016-01-27,19.794851303100586
2016-01-28,20.048288345336914
2016-01-29,20.488468170166016
2016-02-01,20.51515007019043
2016-02-02,19.901559829711914
2016-02-03,20.18167495727539
2016-02-04,20.23503303527832
2016-02-05,19.91490364074707
2016-02-08,19.394681930541992
2016-02-09,19.20793914794922
2016-02-10,19.194599151611328
2016-02-11,18.941158294677734
2016-02-12,19.528076171875
2016-02-16,19.808189392089844
2016-02-17,20.261707305908203
2016-02-18,20.154998779296875
2016-02-19,20.12832260131836
2016-02-22,20.141658782958984
2016-02-23,19.661468505859375
2016-02-24,19.55474853515625
2016-02-25,19.901559829711914
2016-02-26,19.888219833374023
2016-02-29,19.848203659057617
2016-03-01,20.35508155822754
2016-03-02,20.461790084838867
2016-03-03,20.635196685791016
2016-03-04,20.76858901977539
2016-03-07,20.83527946472168
2016-03-08,20.555164337158203
2016-03-09,20.66187286376953
2016-03-10,20.501808166503906
2016-03-11,20.928651809692383
2016-03-14,20.84861946105957
2016-03-15,20.595178604125977
2016-03-16,20.84861946105957
2016-03-17,21.275463104248047
2016-03-18,21.19542694091797
2016-03-21,21.07537841796875
2016-03-22,20.821941375732422
2016-03-23,20.595178604125977
2016-03-24,20.52849006652832
2016-03-28,20.675212860107422
2016-03-29,20.915311813354492
2016-03-30,21.088722229003906
2016-03-31,20.915311813354492
2016-04-01,20.715229034423828
2016-04-04,20.781925201416016
2016-04-05,20.36842155456543
2016-04-06,20.66187286376953
2016-04-07,20.35508155822754
2016-04-08,20.715229034423828
2016-04-11,20.821941375732422
2016-04-12,21.155412673950195
2016-04-13,21.42218589782715
2016-04-14,21.395511627197266
2016-04-15,21.32881736755371
2016-04-18,21.51555824279785
2016-04-19,21.90239143371582
2016-04-20,21.835693359375
2016-04-21,21.675621032714844
2016-04-22,21.702306747436523
2016-04-25,21.622276306152344
2016-04-26,21.809019088745117
2016-04-27,21.862369537353516
2016-04-28,21.78234100341797
2016-04-29,21.755659103393555
2016-05-02,21.87571144104004
2016-05-03,21.408851623535156
2016-05-04,21.07537841796875
2016-05-05,21.06203842163086
2016-05-06,21.115394592285156
2016-05-09,20.96866798400879
2016-05-10,21.155412673950195
2016-05-11,21.102054595947266
2016-05-12,21.06203842163086
2016-05-13,20.861957550048828
2016-05-16,21.142078399658203
2016-05-17,21.115394592285156
2016-05-18,21.342159271240234
2016-05-19,21.182090759277344
2016-05-20,21.275463104248047
2016-05-23,21.20876693725586
2016-05-24,21.768997192382812
2016-05-25,22.035778045654297
2016-05-26,21.96908187866211
2016-05-27,21.889047622680664
2016-05-31,21.502225875854492
2016-06-01,21.382171630859375
2016-06-02,21.475540161132812
2016-06-03,21.702306747436523
2016-06-06,21.68896484375
2016-06-07,21.809019088745117
2016-06-08,21.862369537353516
2016-06-09,21.635608673095703
2016-06-10,20.84861946105957
2016-06-13,20.58184242248535
2016-06-14,20.10164451599121
2016-06-15,20.221694946289062
2016-06-16,20.36842155456543
2016-06-17,20.808605194091797
2016-06-20,21.64894676208496
2016-06-21,21.862369537353516
2016-06-22,22.0236873626709
2016-06-23,22.625202178955078
2016-06-24,19.91838264465332
2016-06-27,19.12547492980957
2016-06-28,19.945722579956055
2016-06-29,20.4652156829834
2016-06-30,21.012046813964844
2016-07-01,21.012046813964844
2016-07-05,20.5198974609375
2016-07-06,20.342174530029297
2016-07-07,20.232812881469727
2016-07-08,20.4652156829834
2016-07-11,20.75229835510254
2016-07-12,21.148754119873047
2016-07-13,21.10774040222168
2016-07-14,21.285465240478516
2016-07-15,21.148754119873047
2016-07-18,21.271793365478516
2016-07-19,21.039392471313477
2016-07-20,21.217113494873047
2016-07-21,21.16242790222168
2016-07-22,21.12141227722168
2016-07-25,21.148754119873047
2016-07-26,21.17609405517578
2016-07-27,21.31280517578125
2016-07-28,21.24445152282715
2016-07-29,21.326478958129883
2016-08-01,21.094072341918945
2016-08-02,21.271793365478516
2016-08-03,21.203439712524414
2016-08-04,21.285465240478516
2016-08-05,21.299135208129883
2016-08-08,21.326478958129883
2016-08-09,21.353816986083984
2016-08-10,21.38115692138672
2016-08-11,21.57254981994629
2016-08-12,21.531539916992188
2016-08-15,21.558879852294922
2016-08-16,21.668249130249023
2016-08-17,21.668249130249023
2016-08-18,21.87331199645996
2016-08-19,21.695587158203125
2016-08-22,21.709257125854492
2016-08-23,21.859636306762695
2016-08-24,21.791282653808594
2016-08-25,21.722929000854492
2016-08-26,21.586219787597656
2016-08-29,21.668249130249023
2016-08-30,21.599889755249023
2016-08-31,21.558879852294922
2016-09-01,21.695587158203125
2016-09-02,22.146724700927734
2016-09-06,22.187734603881836
2016-09-07,22.051025390625
2016-09-08,22.0236873626709
2016-09-09,21.613567352294922
2016-09-12,21.75027084350586
2016-09-13,21.25812339782715
2016-09-14,21.285465240478516
2016-09-15,21.517864227294922
2016-09-16,21.18976593017578
2016-09-19,21.353816986083984
2016-09-20,21.367488861083984
2016-09-21,21.599889755249023
2016-09-22,21.791282653808594
2016-09-23,21.599889755249023
2016-09-26,21.38115692138672
2016-09-27,21.435840606689453
2016-09-28,21.681915283203125
2016-09-29,21.517864227294922
2016-09-30,21.654577255249023
2016-10-03,21.64090347290039
2016-10-04,21.709257125854492
2016-10-05,21.722929000854492
2016-10-06,21.504194259643555
2016-10-07,21.25812339782715
2016-10-10,21.23077964782715
2016-10-11,20.77964210510254
2016-10-12,20.77964210510254
2016-10-13,20.711288452148438
2016-10-14,20.642932891845703
2016-10-17,20.4925537109375
2016-10-18,20.77964210510254
2016-10-19,20.847997665405273
2016-10-20,20.820655822753906
2016-10-21,20.793310165405273
2016-10-24,20.68394660949707
2016-10-25,20.656606674194336
2016-10-26,20.547237396240234
2016-10-27,20.5335693359375
2016-10-28,20.5198974609375
2016-10-31,20.5062255859375
2016-11-01,20.4378719329834
2016-11-02,20.32850456237793
2016-11-03,20.342174530029297
2016-11-04,20.137113571166992
2016-11-07,20.4378719329834
2016-11-08,20.513065338134766
2016-11-09,20.772809982299805
2016-11-10,20.772809982299805
2016-11-11,20.5745792388916
2016-11-14,20.478883743286133
2016-11-15,20.5882511138916
2016-11-16,20.376354217529297
2016-11-17,20.5062255859375
2016-11-18,20.28749656677246
2016-11-21,20.560911178588867
2016-11-22,20.622426986694336
2016-11-23,20.615596771240234
2016-11-25,20.70445442199707
2016-11-28,20.4447078704834
2016-11-29,20.540403366088867
2016-11-30,20.547237396240234
2016-12-01,20.5745792388916
2016-12-02,20.745464324951172
2016-12-05,20.895845413208008
2016-12-06,20.964197158813477
2016-12-07,21.25128746032715
2016-12-08,21.21027183532715
2016-12-09,21.31280517578125
2016-12-12,21.22394561767578
2016-12-13,21.42217254638672
2016-12-14,21.17609405517578
2016-12-15,21.14192008972168
2016-12-16,21.217113494873047
2016-12-19,21.087238311767578
2016-12-20,21.12141227722168
2016-12-21,21.115867614746094
2016-12-22,21.03963851928711
2016-12-23,21.074291229248047
2016-12-27,21.095081329345703
2016-12-28,21.011920928955078
2016-12-29,21.129730224609375
2016-12-30,21.268333435058594
2017-01-03,21.351490020751953
2017-01-04,21.55939292907715
2017-01-05,21.704919815063477
2017-01-06,21.566322326660156
2017-01-09,21.39307403564453
2017-01-10,21.462373733520508
2017-01-11,21.621768951416016
2017-01-12,21.663341522216797
2017-01-13,21.711856842041016
2017-01-17,21.73957633972168
2017-01-18,21.642553329467773
2017-01-19,21.58018684387207
2017-01-20,21.600976943969727
2017-01-23,21.79501724243164
2017-01-24,21.79501724243164
2017-01-25,22.01677703857422
2017-01-26,21.919757843017578
2017-01-27,21.885103225708008
2017-01-30,21.663341522216797
2017-01-31,21.79501724243164
2017-02-01,21.898963928222656
2017-02-02,21.808876037597656
2017-02-03,21.829668045043945
2017-02-06,21.73957633972168
2017-02-07,21.829668045043945
2017-02-08,21.89203643798828
2017-02-09,21.995986938476562
2017-02-10,22.0583553314209
2017-02-13,22.176170349121094
2017-02-14,22.1207275390625
2017-02-15,22.176170349121094
2017-02-16,22.203887939453125
2017-02-17,22.141517639160156
2017-02-21,22.196958541870117
2017-02-22,22.2108211517334
2017-02-23,22.349422454833984
2017-02-24,22.162307739257812
2017-02-27,22.162307739257812
2017-02-28,22.113798141479492
2017-03-01,22.217748641967773
2017-03-02,22.169239044189453
2017-03-03,22.196958541870117
2017-03-06,22.05142593383789
2017-03-07,21.898963928222656
2017-03-08,21.79501724243164
2017-03-09,21.829668045043945
2017-03-10,21.940542221069336
2017-03-13,22.169239044189453
2017-03-14,21.97519874572754
2017-03-15,22.32169532775879
2017-03-16,22.536529541015625
2017-03-17,22.6335506439209
2017-03-20,22.564252853393555
2017-03-21,22.536529541015625
2017-03-22,22.522666931152344
2017-03-23,22.557323455810547
2017-03-24,22.501882553100586
2017-03-27,22.5434627532959
2017-03-28,22.522666931152344
2017-03-29,22.550392150878906
2017-03-30,22.550392150878906
2017-03-31,22.557323455810547
2017-04-03,22.418718338012695
2017-04-04,22.453369140625
2017-04-05,22.38407325744629
2017-04-06,22.391000747680664
2017-04-07,22.38407325744629
2017-04-10,22.425649642944336
2017-04-11,22.688989639282227
2017-04-12,22.619691848754883
2017-04-13,22.46723175048828
2017-04-17,22.640480041503906
2017-04-18,22.550392150878906
2017-04-19,22.377140045166016
2017-04-20,22.453369140625
2017-04-21,22.432579040527344
2017-04-24,22.869169235229492
2017-04-25,22.973129272460938
2017-04-26,22.938474655151367
2017-04-27,23.01470184326172
2017-04-28,22.938474655151367
2017-05-01,22.959266662597656
2017-05-02,23.125585556030273
2017-05-03,22.96619415283203
2017-05-04,23.063213348388672
2017-05-05,23.361207962036133
2017-05-08,23.264184951782227
2017-05-09,23.388925552368164
2017-05-10,23.53445816040039
2017-05-11,23.49980926513672
2017-05-12,23.610689163208008
2017-05-15,23.742359161376953
2017-05-16,23.971050262451172
2017-05-17,23.818588256835938
2017-05-18,23.89482307434082
2017-05-19,24.137372970581055
2017-05-22,24.144304275512695
2017-05-23,24.068073272705078
2017-05-24,24.095792770385742
2017-05-25,24.07500648498535
2017-05-26,23.89482307434082
2017-05-30,23.936403274536133
2017-05-31,23.984914779663086
2017-06-01,24.151233673095703
2017-06-02,24.11658477783203
2017-06-05,24.07500648498535
2017-06-06,24.01262855529785
2017-06-07,24.0264892578125
2017-06-08,23.936403274536133
2017-06-09,23.693849563598633
2017-06-12,23.582969665527344
2017-06-13,23.721569061279297
2017-06-14,23.65920066833496
2017-06-15,23.465158462524414
2017-06-16,23.721569061279297
2017-06-19,23.763153076171875
2017-06-20,23.373586654663086
2017-06-21,23.352346420288086
2017-06-22,23.331090927124023
2017-06-23,23.40192222595215
2017-06-26,23.479839324951172
2017-06-27,23.49399757385254
2017-06-28,23.70648765563965
2017-06-29,23.59316062927246
2017-06-30,23.607330322265625
2017-07-03,23.607330322265625
2017-07-05,23.614410400390625
2017-07-06,23.508167266845703
2017-07-07,23.508167266845703
2017-07-10,23.49399757385254
2017-07-11,23.40192222595215
2017-07-12,23.66398811340332
2017-07-13,23.798561096191406
2017-07-14,24.01105308532715
2017-07-17,23.933143615722656
2017-07-18,23.933143615722656
2017-07-19,24.003965377807617
2017-07-20,24.110212326049805
2017-07-21,24.03230094909668
2017-07-24,23.89772605895996
2017-07-25,24.046466827392578
2017-07-26,24.188121795654297
2017-07-27,24.08188247680664
2017-07-28,24.05354881286621
2017-07-31,24.1668701171875
2017-08-01,24.329782485961914
2017-08-02,24.351036071777344
2017-08-03,24.35811424255371
2017-08-04,24.351036071777344
2017-08-07,24.386445999145508
2017-08-08,24.237707138061523
2017-08-09,24.258956909179688
2017-08-10,23.812728881835938
2017-08-11,23.69940185546875
2017-08-14,23.805648803710938
2017-08-15,23.727737426757812
2017-08-16,23.855226516723633
2017-08-17,23.571910858154297
2017-08-18,23.508167266845703
2017-08-21,23.564828872680664
2017-08-22,23.635658264160156
2017-08-23,23.65690803527832
2017-08-24,23.66398811340332
2017-08-25,23.78440284729004
2017-08-28,23.819814682006836
2017-08-29,23.763147354125977
2017-08-30,23.78440284729004
2017-08-31,23.96855354309082
2017-09-01,24.074798583984375
2017-09-05,23.883560180664062
2017-09-06,23.97563934326172
2017-09-07,24.188121795654297
2017-09-08,24.251874923706055
2017-09-11,24.407691955566406
2017-09-12,24.528108596801758
2017-09-13,24.336870193481445
2017-09-14,24.44310760498047
2017-09-15,24.457277297973633
2017-09-18,24.464359283447266
2017-09-19,24.591846466064453
2017-09-20,24.556432723999023
2017-09-21,24.58476448059082
2017-09-22,24.67684555053711
2017-09-25,24.528108596801758
2017-09-26,24.457277297973633
2017-09-27,24.478525161743164
2017-09-28,24.556432723999023
2017-09-29,24.683927536010742
2017-10-02,24.620176315307617
2017-10-03,24.683927536010742
2017-10-04,24.705175399780273
2017-10-05,24.58476448059082
2017-10-06,24.549348831176758
2017-10-09,24.598934173583984
2017-10-10,24.903501510620117
2017-10-11,24.903501510620117
2017-10-12,24.960159301757812
2017-10-13,25.038074493408203
2017-10-16,24.95307731628418
2017-10-17,24.832674026489258
2017-10-18,24.868080139160156
2017-10-19,24.754758834838867
2017-10-20,24.776002883911133
2017-10-23,24.712255477905273
2017-10-24,24.648513793945312
2017-10-25,24.662675857543945
2017-10-26,24.542264938354492
2017-10-27,24.563522338867188
2017-10-30,24.64143180847168
2017-10-31,24.832674026489258
2017-11-01,24.698091506958008
2017-11-02,24.67684555053711
2017-11-03,24.683927536010742
2017-11-06,24.839750289916992
2017-11-07,24.65559959411621
2017-11-08,24.64143180847168
2017-11-09,24.58476448059082
2017-11-10,24.535184860229492
2017-11-13,24.351036071777344
2017-11-14,24.372278213500977
2017-11-15,24.251874923706055
2017-11-16,24.372278213500977
2017-11-17,24.393526077270508
2017-11-20,24.436025619506836
2017-11-21,24.528108596801758
2017-11-22,24.712255477905273
2017-11-24,24.761838912963867
2017-11-27,24.620176315307617
2017-11-28,24.868080139160156
2017-11-29,24.811416625976562
2017-11-30,24.804336547851562
2017-12-01,24.740591049194336
2017-12-04,24.662675857543945
2017-12-05,24.620176315307617
2017-12-06,24.58476448059082
2017-12-07,24.648513793945312
2017-12-08,24.825590133666992
2017-12-11,24.91057777404785
2017-12-12,24.981407165527344
2017-12-13,25.123071670532227
2017-12-14,25.059326171875
2017-12-15,25.01682472229004
2017-12-18,25.29305648803711
2017-12-19,25.2504825592041
2017-12-20,25.24325942993164
2017-12-21,25.409244537353516
2017-12-22,25.49584197998047
2017-12-26,25.488622665405273
2017-12-27,25.58965301513672
2017-12-28,25.697904586791992
2017-12-29,25.849449157714844
2018-01-02,26.087596893310547
2018-01-03,26.044296264648438
2018-01-04,26.145320892333984
2018-01-05,26.26078224182129
2018-01-08,26.23192596435547
2018-01-09,26.253568649291992
2018-01-10,26.224708557128906
2018-01-11,26.390684127807617
2018-01-12,26.780378341674805
2018-01-16,26.74429702758789
2018-01-17,26.874191284179688
2018-01-18,26.874191284179688
2018-01-19,26.91027069091797
2018-01-22,27.141197204589844
2018-01-23,27.170066833496094
2018-01-24,27.292743682861328
2018-01-25,27.112327575683594
2018-01-26,27.336048126220703
2018-01-29,27.04738426208496
2018-01-30,26.91748809814453
2018-01-31,26.81645393371582
2018-02-01,26.81645393371582
2018-02-02,26.17418670654297
2018-02-05,24.925739288330078
2018-02-06,25.474191665649414
2018-02-07,25.21439552307129
2018-02-08,24.74532699584961
2018-02-09,24.738109588623047
2018-02-12,25.019550323486328
2018-02-13,25.06285285949707
2018-02-14,25.488622665405273
2018-02-15,25.726768493652344
2018-02-16,25.705114364624023
2018-02-20,25.430889129638672
2018-02-21,25.358728408813477
2018-02-22,25.409244537353516
2018-02-23,25.6257381439209
2018-02-26,25.784502029418945
2018-02-27,25.39480972290039
2018-02-28,25.019550323486328
2018-03-01,24.74532699584961
2018-03-02,24.803058624267578
2018-03-05,24.969032287597656
2018-03-06,25.091716766357422
2018-03-07,25.08449363708496
2018-03-08,25.127798080444336
2018-03-09,25.308212280273438
2018-03-12,25.27212905883789
2018-03-13,25.06285285949707
2018-03-14,25.12058448791504
2018-03-15,25.098936080932617
2018-03-16,25.156665802001953
2018-03-19,24.990692138671875
2018-03-20,24.954608917236328
2018-03-21,25.026771545410156
2018-03-22,24.572132110595703
2018-03-23,24.478315353393555
2018-03-26,24.98347282409668
2018-03-27,24.788625717163086
2018-03-28,24.969032287597656
2018-03-29,25.077285766601562
2018-04-02,24.810277938842773
2018-04-03,25.012331008911133
2018-04-04,25.279342651367188
2018-04-05,25.524709701538086
2018-04-06,25.452539443969727
2018-04-09,25.632953643798828
2018-04-10,26.022647857666016
2018-04-11,25.979345321655273
2018-04-12,26.159761428833008
2018-04-13,26.181406021118164
2018-04-16,26.116455078125
2018-04-17,26.166967391967773
2018-04-18,26.347389221191406
2018-04-19,26.246355056762695
2018-04-20,26.17418670654297
2018-04-23,26.159761428833008
2018-04-24,26.109243392944336
2018-04-25,26.044296264648438
2018-04-26,26.246355056762695
2018-04-27,26.224708557128906
2018-04-30,26.159761428833008
2018-05-01,26.029855728149414
2018-05-02,25.892749786376953
2018-05-03,25.96491241455078
2018-05-04,26.029855728149414
2018-05-07,26.0515079498291
2018-05-08,26.037078857421875
2018-05-09,26.448413848876953
2018-05-10,26.498929977416992
2018-05-11,26.535015106201172
2018-05-14,26.585529327392578
2018-05-15,26.51336669921875
2018-05-16,26.614397048950195
2018-05-17,26.758729934692383
2018-05-18,26.657691955566406
2018-05-21,26.866971969604492
2018-05-22,26.888620376586914
2018-05-23,26.52779197692871
2018-05-24,26.369037628173828
2018-05-25,26.130887985229492
2018-05-29,25.690683364868164
2018-05-30,26.094806671142578
2018-05-31,26.000993728637695
2018-06-01,26.17418670654297
2018-06-04,26.159761428833008
2018-06-05,26.145320892333984
2018-06-06,26.390684127807617
2018-06-07,26.253568649291992
2018-06-08,26.289653778076172
2018-06-11,26.433982849121094
2018-06-12,26.246355056762695
2018-06-13,26.217493057250977
2018-06-14,26.2968692779541
2018-06-15,25.95047378540039
2018-06-18,25.820585250854492
2018-06-19,25.647722244262695
2018-06-20,25.662504196166992
2018-06-21,25.492595672607422
2018-06-22,25.913660049438477
2018-06-25,25.381797790527344
2018-06-26,25.47043800354004
2018-06-27,25.30792236328125
2018-06-28,25.485212326049805
2018-06-29,25.69205093383789
2018-07-02,25.38918113708496
2018-07-03,25.47043800354004
2018-07-05,25.743755340576172
2018-07-06,25.817630767822266
2018-07-09,26.03923988342285
2018-07-10,26.076173782348633
2018-07-11,25.5738582611084
2018-07-12,25.861948013305664
2018-07-13,25.891502380371094
2018-07-16,25.728984832763672
2018-07-17,25.6033992767334
2018-07-18,25.588626861572266
2018-07-19,25.47783088684082
2018-07-20,25.699434280395508
2018-07-23,25.59601593017578
2018-07-24,25.84718132019043
2018-07-25,25.88410758972168
2018-07-26,25.640336990356445
2018-07-27,25.69205093383789
2018-07-30,25.75114631652832
2018-07-31,25.935815811157227
2018-08-01,25.61079216003418
2018-08-02,25.33008575439453
2018-08-03,25.47783088684082
2018-08-06,25.29315185546875
2018-08-07,25.492595672607422
2018-08-08,25.544309616088867
2018-08-09,25.492595672607422
2018-08-10,25.093700408935547
2018-08-13,25.01244354248047
2018-08-14,24.90163803100586
2018-08-15,24.451030731201172
2018-08-16,24.643091201782227
2018-08-17,24.753894805908203
2018-08-20,24.931184768676758
2018-08-21,25.01244354248047
2018-08-22,25.130634307861328
2018-08-23,24.827770233154297
2018-08-24,24.990283966064453
2018-08-27,25.30792236328125
2018-08-28,25.18234634399414
2018-08-29,25.344860076904297
2018-08-30,25.086315155029297
2018-08-31,24.798219680786133
2018-09-04,24.628318786621094
2018-09-05,24.554447174072266
2018-09-06,24.391935348510742
2018-09-07,24.22203254699707
2018-09-10,24.391935348510742
2018-09-11,24.38454818725586
2018-09-12,24.502735137939453
2018-09-13,24.583995819091797
2018-09-14,24.583995819091797
2018-09-17,24.613542556762695
2018-09-18,24.724349975585938
2018-09-19,24.849929809570312
2018-09-20,25.248825073242188
2018-09-21,25.226665496826172
2018-09-24,25.189735412597656
2018-09-25,25.426116943359375
2018-09-26,25.426116943359375
2018-09-27,25.448274612426758
2018-09-28,25.20450210571289
2018-10-01,25.18234634399414
2018-10-02,25.04937744140625
2018-10-03,25.152795791625977
2018-10-04,24.931184768676758
2018-10-05,24.76866912841797
2018-10-08,24.554447174072266
2018-10-09,24.554447174072266
2018-10-10,24.199872970581055
2018-10-11,23.823135375976562
2018-10-12,23.87483787536621
2018-10-15,23.87483787536621
2018-10-16,24.12599754333496
2018-10-17,23.963489532470703
2018-10-18,23.594135284423828
2018-10-19,23.80097198486328
2018-10-22,23.660619735717773
2018-10-23,23.557199478149414
2018-10-24,23.003173828125
2018-10-25,23.19523811340332
2018-10-26,23.047502517700195
2018-10-29,23.06226921081543
2018-10-30,23.246946334838867
2018-10-31,23.498104095458984
2018-11-01,23.963489532470703
2018-11-02,23.830516815185547
2018-11-05,23.963489532470703
2018-11-06,23.948713302612305
2018-11-07,24.303293228149414
2018-11-08,24.111225128173828
2018-11-09,23.91916847229004
2018-11-12,23.483333587646484
2018-11-13,23.63106918334961
2018-11-14,23.682781219482422
2018-11-15,23.54242706298828
2018-11-16,23.42423439025879
2018-11-19,23.342975616455078
2018-11-20,23.01055908203125
2018-11-21,23.394689559936523
2018-11-23,23.106592178344727
2018-11-26,23.483333587646484
2018-11-27,23.298660278320312
2018-11-28,23.601520538330078
2018-11-29,23.402074813842773
2018-11-30,23.21739959716797
2018-12-03,23.439010620117188
2018-12-04,22.936689376831055
2018-12-06,22.567338943481445
2018-12-07,22.382665634155273
2018-12-10,22.116735458374023
2018-12-11,22.183218002319336
2018-12-12,22.567338943481445
2018-12-13,22.559951782226562
2018-12-14,22.2570858001709
2018-12-17,22.050249099731445
2018-12-18,22.002695083618164
2018-12-19,21.919668197631836
2018-12-20,21.934764862060547
2018-12-21,21.75360679626465
2018-12-24,21.557355880737305
2018-12-26,22.09327507019043
2018-12-27,21.88947296142578
2018-12-28,22.176298141479492
2018-12-31,22.153661727905273
2019-01-02,22.13855743408203
2019-01-03,22.002695083618164
2019-01-04,22.614091873168945
2019-01-07,22.614091873168945
2019-01-08,22.749958038330078
2019-01-09,22.968849182128906
2019-01-10,23.06697654724121
2019-01-11,23.074525833129883
2019-01-14,22.923564910888672
2019-01-15,23.036785125732422
2019-01-16,22.968849182128906
2019-01-17,23.157554626464844
2019-01-18,23.368900299072266
2019-01-22,23.097169876098633
2019-01-23,23.263227462768555
2019-01-24,23.16510009765625
2019-01-25,23.323612213134766
2019-01-28,23.157554626464844
2019-01-29,23.31606674194336
2019-01-30,23.625534057617188
2019-01-31,23.768949508666992
2019-02-01,23.851978302001953
2019-02-04,23.919912338256836
2019-02-05,24.131256103515625
2019-02-06,24.04068374633789
2019-02-07,23.93501091003418
2019-02-08,23.919912338256836
2019-02-11,23.776498794555664
2019-02-12,23.950103759765625
2019-02-13,24.00293731689453
2019-02-14,24.00293731689453
2019-02-15,24.319963455200195
2019-02-19,24.44827651977539
2019-02-20,24.584142684936523
2019-02-21,24.425634384155273
2019-02-22,24.501113891601562
2019-02-25,24.51620864868164
2019-02-26,24.727558135986328
2019-02-27,24.69736671447754
2019-02-28,24.584142684936523
2019-03-01,24.629436492919922
2019-03-04,24.569047927856445
2019-03-05,24.704912185668945
2019-03-06,24.735105514526367
2019-03-07,24.470924377441406
2019-03-08,24.37279510498047
2019-03-11,24.584142684936523
2019-03-12,24.53885841369629
2019-03-13,24.878520965576172
2019-03-14,24.961549758911133
2019-03-15,25.225725173950195
2019-03-18,25.361597061157227
2019-03-19,25.4144287109375
2019-03-20,25.31631088256836
2019-03-21,25.27102279663086
2019-03-22,24.878520965576172
2019-03-25,24.840776443481445
2019-03-26,24.954002380371094
2019-03-27,25.02193832397461
2019-03-28,24.86342430114746
2019-03-29,24.916257858276367
2019-04-01,25.24837875366211
2019-04-02,25.39179229736328
2019-04-03,25.54275131225586
2019-04-04,25.452173233032227
2019-04-05,25.51255989074707
2019-04-08,25.55784797668457
2019-04-09,25.4144287109375
2019-04-10,25.49746322631836
2019-04-11,25.46727180480957
2019-04-12,25.61823081970215
2019-04-15,25.60313606262207
2019-04-16,25.56539535522461
2019-04-17,25.61068344116211
2019-04-18,25.520111083984375
2019-04-22,25.5502986907959
2019-04-23,25.55784797668457
2019-04-24,25.35405158996582
2019-04-25,25.26347541809082
2019-04-26,25.301210403442383
2019-04-29,25.35405158996582
2019-04-30,25.48236656188965
2019-05-01,25.195539474487305
2019-05-02,25.165348052978516
2019-05-03,25.56539535522461
2019-05-06,25.35405158996582
2019-05-07,24.855876922607422
2019-05-08,24.870973587036133
2019-05-09,24.818134307861328
2019-05-10,24.908710479736328
2019-05-13,24.425634384155273
2019-05-14,24.644529342651367
2019-05-15,24.69736671447754
2019-05-16,24.833232879638672
2019-05-17,24.667171478271484
2019-05-20,24.553951263427734
2019-05-21,24.689817428588867
2019-05-22,24.49357032775879
2019-05-23,24.184097290039062
2019-05-24,24.455825805664062
2019-05-28,24.214284896850586
2019-05-29,24.018037796020508
2019-05-30,24.1010684967041
2019-05-31,23.919912338256836
2019-06-03,23.972747802734375
2019-06-04,24.25202751159668
2019-06-05,24.229385375976562
2019-06-06,24.425634384155273
2019-06-07,24.720008850097656
2019-06-10,24.75775146484375
2019-06-11,24.886070251464844
2019-06-12,24.69736671447754
2019-06-13,24.727558135986328
2019-06-14,24.51620864868164
2019-06-17,24.4465389251709
2019-06-18,24.740703582763672
2019-06-19,24.818113327026367
2019-06-20,24.99616050720215
2019-06-21,24.88778305053711
2019-06-24,24.96519660949707
2019-06-25,24.864561080932617
2019-06-26,24.88778305053711
2019-06-27,24.841337203979492
2019-06-28,25.019384384155273
2019-07-01,25.14324378967285
2019-07-02,25.236135482788086
2019-07-03,25.37547492980957
2019-07-05,25.096797943115234
2019-07-08,25.027128219604492
2019-07-09,24.895526885986328
2019-07-10,24.972938537597656
2019-07-11,24.98067855834961
2019-07-12,24.972938537597656
2019-07-15,24.95745849609375
2019-07-16,24.818113327026367
2019-07-17,24.77166748046875
2019-07-18,24.895526885986328
2019-07-19,24.85682487487793
2019-07-22,24.849079132080078
2019-07-23,24.941972732543945
2019-07-24,24.849079132080078
2019-07-25,24.632328033447266
2019-07-26,24.80263328552246
2019-07-29,24.880046844482422
2019-07-30,24.60136604309082
2019-07-31,24.415576934814453
2019-08-01,24.129154205322266
2019-08-02,23.773059844970703
2019-08-05,23.130544662475586
2019-08-06,23.192476272583008
2019-08-07,23.269886016845703
2019-08-08,23.49437713623047
2019-08-09,23.293107986450195
2019-08-12,23.130544662475586
2019-08-13,23.300846099853516
2019-08-14,22.758968353271484
2019-08-15,22.84412384033203
2019-08-16,23.068614959716797
2019-08-19,23.231178283691406
2019-08-20,23.076358795166016
2019-08-21,23.262147903442383
2019-08-22,23.324073791503906
2019-08-23,23.060876846313477
2019-08-26,23.091838836669922
2019-08-27,23.161508560180664
2019-08-28,23.192476272583008
2019-08-29,23.355037689208984
2019-08-30,23.48663902282715
2019-09-03,23.47115707397461
2019-09-04,23.865955352783203
2019-09-05,23.927886962890625
2019-09-06,23.98206901550293
2019-09-09,23.920143127441406
2019-09-10,24.067222595214844
2019-09-11,24.245267868041992
2019-09-12,24.26075553894043
2019-09-13,24.485246658325195
2019-09-16,24.330425262451172
2019-09-17,24.462020874023438
2019-09-18,24.400096893310547
2019-09-19,24.53169059753418
2019-09-20,24.431055068969727
2019-09-23,24.39235496520996
2019-09-24,24.206565856933594
2019-09-25,24.113672256469727
2019-09-26,24.30719757080078
2019-09-27,24.299455642700195
2019-09-30,24.330425262451172
2019-10-01,24.059484481811523
2019-10-02,23.37052345275879
2019-10-03,23.502119064331055
2019-10-04,23.680166244506836
2019-10-07,23.65694236755371
2019-10-08,23.355037689208984
2019-10-09,23.447933197021484
2019-10-10,23.788543701171875
2019-10-11,24.492990493774414
2019-10-14,24.291715621948242
2019-10-15,24.64006805419922
2019-10-16,24.60910415649414
2019-10-17,24.779409408569336
2019-10-18,24.77166748046875
2019-10-21,24.880046844482422
2019-10-22,24.849079132080078
2019-10-23,25.081314086914062
2019-10-24,25.174205780029297
2019-10-25,25.127758026123047
2019-10-28,25.236135482788086
2019-10-29,25.150983810424805
2019-10-30,25.329030990600586
2019-10-31,25.181947708129883
2019-11-01,25.298065185546875
2019-11-04,25.40644073486328
2019-11-05,25.452890396118164
2019-11-06,25.429662704467773
2019-11-07,25.383216857910156
2019-11-08,25.236135482788086
2019-11-11,25.236135482788086
2019-11-12,25.28257942199707
2019-11-13,25.25162124633789
2019-11-14,25.205177307128906
2019-11-15,25.267101287841797
2019-11-18,25.34451675415039
2019-11-19,25.367734909057617
2019-11-20,25.112279891967773
2019-11-21,25.089052200317383
2019-11-22,25.236135482788086
2019-11-25,25.58448600769043
2019-11-26,25.522563934326172
2019-11-27,25.6928653717041
2019-11-29,25.491594314575195
2019-12-02,25.313549041748047
2019-12-03,25.011646270751953
2019-12-04,25.267101287841797
2019-12-05,25.174205780029297
2019-12-06,25.468374252319336
2019-12-09,25.483848571777344
2019-12-10,25.491594314575195
2019-12-11,25.538043975830078
2019-12-12,25.700603485107422
2019-12-13,26.39731216430664
2019-12-16,26.948087692260742
2019-12-17,26.475317001342773
2019-12-18,26.506834030151367
2019-12-19,26.42803955078125
2019-12-20,26.412277221679688
2019-12-23,26.475317001342773
2019-12-24,26.538352966308594
2019-12-26,26.680185317993164
2019-12-27,26.77474021911621
2019-12-30,26.640789031982422
2019-12-31,26.86929702758789
2020-01-02,26.908689498901367
2020-01-03,26.664426803588867
2020-01-06,26.82989501953125
2020-01-07,26.65654754638672
2020-01-08,26.680185317993164
2020-01-09,26.695941925048828
2020-01-10,26.49895477294922
2020-01-13,26.56987190246582
2020-01-14,26.664426803588867
2020-01-15,26.664426803588867
2020-01-16,26.75897979736328
2020-01-17,26.86141586303711
2020-01-21,26.57775115966797
2020-01-22,26.68806266784668
2020-01-23,26.57775115966797
2020-01-24,26.522592544555664
2020-01-27,25.963146209716797
2020-01-28,26.144372940063477
2020-01-29,26.128616333007812
2020-01-30,26.112855911254883
2020-01-31,25.71887969970703
2020-02-03,25.521886825561523
2020-02-04,25.923749923706055
2020-02-05,26.081336975097656
2020-02-06,26.010421752929688
2020-02-07,25.711000442504883
2020-02-10,25.805553436279297
2020-02-11,26.01830291748047
2020-02-12,26.21529197692871
2020-02-13,26.05769920349121
2020-02-14,25.93950080871582
2020-02-18,25.813434600830078
2020-02-19,25.900110244750977
2020-02-20,25.79767608642578
2020-02-21,25.766159057617188
2020-02-24,24.72605323791504
2020-02-25,24.198123931884766
2020-02-26,24.135087966918945
2020-02-27,23.221057891845703
2020-02-28,23.08710479736328
2020-03-02,23.26833724975586
2020-03-03,22.976791381835938
2020-03-04,23.898698806762695
2020-03-05,23.205303192138672
2020-03-06,22.803443908691406
2020-03-09,20.652318954467773
2020-03-10,21.440279006958008
2020-03-11,20.171669006347656
2020-03-12,18.15450096130371
2020-03-13,18.926698684692383
2020-03-16,16.65738868713379
2020-03-17,17.37442398071289
2020-03-18,15.948225975036621
2020-03-19,16.239768981933594
2020-03-20,15.806394577026367
2020-03-23,15.49121379852295
2020-03-24,17.27987289428711
2020-03-25,17.996910095214844
2020-03-26,19.115806579589844
2020-03-27,18.39876937866211
2020-03-30,18.72970962524414
2020-03-31,18.816387176513672
2020-04-01,17.91023826599121
2020-04-02,18.319974899291992
2020-04-03,17.768402099609375
2020-04-06,18.564237594604492
2020-04-07,18.690311431884766
2020-04-08,19.005496978759766
2020-04-09,19.691015243530273
2020-04-13,19.470388412475586
2020-04-14,19.643741607666016
2020-04-15,18.816387176513672
2020-04-16,18.934579849243164
2020-04-17,19.580705642700195
2020-04-20,19.17884635925293
2020-04-21,18.650917053222656
2020-04-22,19.100051879882812
2020-04-23,19.163082122802734
2020-04-24,19.289159774780273
2020-04-27,19.604341506958008
2020-04-28,19.80921173095703
2020-04-29,20.486852645874023
2020-04-30,19.895885467529297
2020-05-01,19.375835418701172
2020-05-04,19.470388412475586
2020-05-05,19.49402618408203
2020-05-06,19.352197647094727
2020-05-07,19.627981185913086
2020-05-08,19.97467803955078
2020-05-11,19.801332473754883
2020-05-12,19.588581085205078
2020-05-13,19.297039031982422
2020-05-14,19.06852912902832
2020-05-15,19.04489517211914
2020-05-18,19.919523239135742
2020-05-19,19.572824478149414
2020-05-20,19.97467803955078
2020-05-21,19.832847595214844
2020-05-22,19.70677375793457
2020-05-26,20.100753784179688
2020-05-27,20.352901458740234
2020-05-28,20.5104923248291
2020-05-29,20.27410316467285
2020-06-01,20.833553314208984
2020-06-02,21.077817916870117
2020-06-03,21.629390716552734
2020-06-04,21.48755645751953
2020-06-05,21.968212127685547
2020-06-08,22.307031631469727
2020-06-09,21.676664352416992
2020-06-10,21.660907745361328
2020-06-11,20.242586135864258
2020-06-12,20.675960540771484
2020-06-15,20.831960678100586
2020-06-16,21.103960037231445
2020-06-17,21.015960693359375
2020-06-18,20.775959014892578
2020-06-19,20.711959838867188
2020-06-22,20.983957290649414
2020-06-23,21.13595962524414
2020-06-24,20.399959564208984
2020-06-25,20.767961502075195
2020-06-26,20.383960723876953
2020-06-29,20.607959747314453
2020-06-30,20.607959747314453
2020-07-01,20.751962661743164
2020-07-02,20.911956787109375
2020-07-06,21.127962112426758
2020-07-07,20.743961334228516
2020-07-08,21.007959365844727
2020-07-09,20.599960327148438
2020-07-10,20.83995819091797
2020-07-13,20.599960327148438
2020-07-14,20.943958282470703
2020-07-15,21.319957733154297
2020-07-16,21.151958465576172
2020-07-17,21.27996063232422
2020-07-20,21.295961380004883
2020-07-21,21.351961135864258
2020-07-22,21.263957977294922
2020-07-23,21.095962524414062
2020-07-24,21.015960693359375
2020-07-27,21.199960708618164
2020-07-28,21.191959381103516
2020-07-29,21.479961395263672
2020-07-30,21.17595863342285
2020-07-31,20.743961334228516
2020-08-03,21.11996078491211
2020-08-04,21.207962036132812
2020-08-05,21.367958068847656
2020-08-06,21.351961135864258
2020-08-07,21.207962036132812
2020-08-10,21.327957153320312
2020-08-11,21.46396255493164
2020-08-12,21.927959442138672
2020-08-13,21.70395851135254
2020-08-14,21.447954177856445
2020-08-17,21.607959747314453
2020-08-18,21.61595916748047
2020-08-19,21.46396255493164
2020-08-20,21.423961639404297
2020-08-21,21.207962036132812
2020-08-24,21.54395866394043
2020-08-25,21.43195915222168
2020-08-26,21.551959991455078
2020-08-27,21.367958068847656
2020-08-28,21.535961151123047
2020-08-31,21.311960220336914
2020-09-01,21.14396095275879
2020-09-02,21.46396255493164
2020-09-03,20.855958938598633
2020-09-04,20.927959442138672
2020-09-08,20.679960250854492
2020-09-09,21.095962524414062
2020-09-10,20.583961486816406
2020-09-11,20.791959762573242
2020-09-14,20.879962921142578
2020-09-15,21.11996078491211
2020-09-16,21.223960876464844
2020-09-17,21.14396095275879
2020-09-18,20.887958526611328
2020-09-21,20.167959213256836
2020-09-22,20.23196029663086
2020-09-23,20.079965591430664
2020-09-24,20.055959701538086
2020-09-25,20.17595863342285
2020-09-28,20.559961318969727
2020-09-29,20.43195915222168
2020-09-30,20.391963958740234
2020-10-01,20.43195915222168
2020-10-02,20.591960906982422
2020-10-05,20.855958938598633
2020-10-06,20.543960571289062
2020-10-07,20.679960250854492
2020-10-08,20.90395736694336
2020-10-09,21.095962524414062
2020-10-12,21.167959213256836
2020-10-13,20.791959762573242
2020-10-14,20.695960998535156
2020-10-15,20.335966110229492
2020-10-16,20.535959243774414
2020-10-19,20.335966110229492
2020-10-20,20.455963134765625
2020-10-21,20.35996437072754
2020-10-22,20.407962799072266
2020-10-23,20.6159610748291
2020-10-26,20.303958892822266
2020-10-27,20.103960037231445
2020-10-28,19.32796287536621
2020-10-29,19.51996612548828
2020-10-30,19.471961975097656
2020-11-02,19.695964813232422
2020-11-03,20.247961044311523
2020-11-04,20.43195915222168
2020-11-05,20.82396125793457
2020-11-06,20.879962921142578
2020-11-09,21.86396026611328
2020-11-10,22.50395393371582
2020-11-11,22.767959594726562
2020-11-12,22.303956985473633
2020-11-13,22.6479549407959
2020-11-16,22.96795654296875
2020-11-17,22.823959350585938
2020-11-18,22.687957763671875
2020-11-19,22.87995719909668
2020-11-20,22.863956451416016
2020-11-23,22.90395736694336
2020-11-24,23.34395408630371
2020-11-25,23.17595672607422
2020-11-27,23.15195655822754
2020-11-30,22.607955932617188
2020-12-01,23.271957397460938
2020-12-02,23.34395408630371
2020-12-03,23.631956100463867
2020-12-04,23.879955291748047
2020-12-07,23.64795684814453
2020-12-08,23.751953125
2020-12-09,23.839956283569336
2020-12-10,23.75995635986328
2020-12-11,23.49595832824707
2020-12-14,23.440933227539062
2020-12-15,23.78077507019043
2020-12-16,23.983060836791992
2020-12-17,24.04779052734375
2020-12-18,23.772682189941406
2020-12-21,23.36811065673828
2020-12-22,23.319561004638672
2020-12-23,23.764591217041016
2020-12-24,23.813138961791992
2020-12-28,23.78077507019043
2020-12-29,24.015424728393555
2020-12-30,23.96687889099121
2020-12-31,23.699857711791992
2021-01-04,24.015424728393555
2021-01-05,24.38763427734375
2021-01-06,25.123952865600586
2021-01-07,25.123952865600586
2021-01-08,25.293874740600586
2021-01-11,24.840755462646484
2021-01-12,24.978309631347656
2021-01-13,24.856935501098633
2021-01-14,25.164413452148438
2021-01-15,24.719383239746094
2021-01-19,24.840755462646484
2021-01-20,25.002580642700195
2021-01-21,25.018768310546875
2021-01-22,24.77602195739746
2021-01-25,24.703203201293945
2021-01-26,24.759841918945312
2021-01-27,24.1772518157959
2021-01-28,24.258169174194336
2021-01-29,23.643218994140625
2021-02-01,23.94260025024414
2021-02-02,24.08824920654297
2021-02-03,24.04779052734375
2021-02-04,23.999242782592773
2021-02-05,24.11252212524414
2021-02-08,24.233896255493164
2021-02-09,24.411903381347656
2021-02-10,24.330989837646484
2021-02-11,24.363359451293945
2021-02-12,24.71129035949707
2021-02-16,25.326242446899414
2021-02-17,25.229141235351562
2021-02-18,25.08349609375
2021-02-19,25.059219360351562
2021-02-22,25.099679946899414
2021-02-23,25.37479019165039
2021-02-24,25.5932559967041
2021-02-25,25.08349609375
2021-02-26,24.57373809814453
2021-03-01,24.978309631347656
2021-03-02,25.132043838500977
2021-03-03,25.164413452148438
2021-03-04,24.986398696899414
2021-03-05,25.31005859375
2021-03-08,25.245328903198242
2021-03-09,25.43952178955078
2021-03-10,25.560895919799805
2021-03-11,25.60944366455078
2021-03-12,25.78745460510254
2021-03-15,25.65799331665039
2021-03-16,25.722721099853516
2021-03-17,25.779361724853516
2021-03-18,25.512346267700195
2021-03-19,25.399063110351562
2021-03-22,25.35860824584961
2021-03-23,24.978309631347656
2021-03-24,24.95403289794922
2021-03-25,25.148229598999023
2021-03-26,25.536619186401367
2021-03-29,25.47998046875
2021-03-30,25.431432723999023
2021-03-31,25.334333419799805
2021-04-01,25.625625610351562
2021-04-05,25.97355842590332
2021-04-06,25.78745460510254
2021-04-07,25.90073585510254
2021-04-08,26.06256103515625
2021-04-09,25.981647491455078
2021-04-12,25.908823013305664
2021-04-13,25.908823013305664
2021-04-14,26.10301971435547
2021-04-15,26.37812614440918
2021-04-16,26.548051834106445
2021-04-19,26.72606086730957
2021-04-20,26.2163028717041
2021-04-21,26.418590545654297
2021-04-22,26.10301971435547
2021-04-23,26.264848709106445
2021-04-26,26.410493850708008
2021-04-27,26.40240478515625
2021-04-28,26.539960861206055
2021-04-29,26.5885066986084
2021-04-30,26.321489334106445
2021-05-03,26.701786041259766
2021-05-04,26.42667579650879
2021-05-05,26.839338302612305
2021-05-06,27.049720764160156
2021-05-07,27.42192268371582
2021-05-10,27.44620132446289
2021-05-11,27.033538818359375
2021-05-12,26.952625274658203
2021-05-13,26.9849853515625
2021-05-14,27.381467819213867
2021-05-17,27.486658096313477
2021-05-18,27.36528778076172
2021-05-19,27.114450454711914
2021-05-20,27.454294204711914
2021-05-21,27.349103927612305
2021-05-24,27.462379455566406
2021-05-25,27.276283264160156
2021-05-26,27.260095596313477
2021-05-27,27.41383171081543
2021-05-28,27.341018676757812
2021-06-01,27.543298721313477
2021-06-02,27.672760009765625
2021-06-03,27.4381103515625
2021-06-04,27.599945068359375
2021-06-07,27.608028411865234
2021-06-08,27.656579971313477
2021-06-09,27.470476150512695
2021-06-10,27.582387924194336
2021-06-11,27.76341438293457
2021-06-14,27.78809928894043
2021-06-15,27.837474822998047
2021-06-16,27.656444549560547
2021-06-17,27.417814254760742
2021-06-18,26.65254783630371
2021-06-21,27.146270751953125
2021-06-22,27.1627254486084
2021-06-23,27.1627254486084
2021-06-24,27.286155700683594
2021-06-25,27.351985931396484
2021-06-28,27.03106689453125
2021-06-29,26.98992347717285
2021-06-30,26.907638549804688
2021-07-01,27.08043670654297
2021-07-02,27.18741226196289
2021-07-06,27.01461410522461
2021-07-07,27.195640563964844
2021-07-08,26.759521484375
2021-07-09,27.29438018798828
2021-07-12,27.31907081604004
2021-07-13,27.212093353271484
2021-07-14,27.138038635253906
2021-07-15,26.82535171508789
2021-07-16,26.586721420288086
2021-07-19,25.870830535888672
2021-07-20,26.010717391967773
2021-07-21,26.52912139892578
2021-07-22,26.46329116821289
2021-07-23,26.693695068359375
2021-07-26,26.841808319091797
2021-07-27,26.87472152709961
2021-07-28,26.891178131103516
2021-07-29,27.212093353271484
2021-07-30,26.98169708251953
2021-08-02,27.072214126586914
2021-08-03,27.393129348754883
2021-08-04,27.31907081604004
2021-08-05,27.426042556762695
2021-08-06,27.351985931396484
2021-08-09,27.327295303344727
2021-08-10,27.46718406677246
2021-08-11,27.72226905822754
2021-08-12,27.59884262084961
2021-08-13,27.74696159362793
2021-08-16,27.516555786132812
2021-08-17,27.351985931396484
2021-08-18,27.20387077331543
2021-08-19,26.784204483032227
2021-08-20,26.907638549804688
2021-08-23,27.088665008544922
2021-08-24,27.121580123901367
2021-08-25,27.245010375976562
2021-08-26,27.08043670654297
2021-08-27,27.31907081604004
2021-08-30,27.302610397338867
2021-08-31,27.1627254486084
2021-09-01,27.327295303344727
2021-09-02,27.516555786132812
2021-09-03,27.541244506835938
2021-09-07,27.27792739868164
2021-09-08,27.121580123901367
2021-09-09,26.92409324645996
2021-09-10,26.9405517578125
2021-09-13,27.17095375061035
2021-09-14,26.9405517578125
2021-09-15,27.138038635253906
2021-09-16,27.072214126586914
2021-09-17,26.62786293029785
2021-09-20,26.208202362060547
2021-09-21,26.422147750854492
2021-09-22,26.726606369018555
2021-09-23,27.039297103881836
2021-09-24,26.8006649017334
2021-09-27,26.9405517578125
2021-09-28,26.44683265686035
2021-09-29,26.49620819091797
2021-09-30,26.5373477935791
2021-10-01,26.65254783630371
2021-10-04,26.701921463012695
2021-10-05,26.882951736450195
2021-10-06,26.71014976501465
2021-10-07,26.858264923095703
2021-10-08,26.98169708251953
2021-10-11,26.973464965820312
2021-10-12,27.047523498535156
2021-10-13,27.3437557220459
2021-10-14,27.541244506835938
2021-10-15,27.77164649963379
2021-10-18,27.59884262084961
2021-10-19,27.82101821899414
2021-10-20,27.862159729003906
2021-10-21,27.74696159362793
2021-10-22,27.76341438293457
2021-10-25,27.77987289428711
2021-10-26,27.952672958374023
2021-10-27,27.804563522338867
2021-10-28,27.952672958374023
2021-10-29,27.714046478271484
2021-11-01,27.8868465423584
2021-11-02,27.672897338867188
2021-11-03,27.804563522338867
2021-11-04,27.475412368774414
2021-11-05,27.590612411499023
2021-11-08,27.6646728515625
2021-11-09,27.590612411499023
2021-11-10,27.450729370117188
2021-11-11,27.59884262084961
2021-11-12,27.574155807495117
2021-11-15,27.549467086791992
2021-11-16,27.483638763427734
2021-11-17,27.500097274780273
2021-11-18,27.442495346069336
2021-11-19,27.154497146606445
2021-11-22,27.138038635253906
2021-11-23,27.3437557220459
2021-11-24,27.253238677978516
2021-11-26,26.397462844848633
2021-11-29,26.603181838989258
2021-11-30,26.364547729492188
2021-12-01,26.175291061401367
2021-12-02,26.726606369018555
2021-12-03,26.5373477935791
2021-12-06,26.932323455810547
2021-12-07,27.27792739868164
2021-12-08,27.310842514038086
2021-12-09,27.17095375061035
2021-12-10,27.20387077331543
2021-12-13,26.88774299621582
2021-12-14,26.86238670349121
2021-12-15,26.9807186126709
2021-12-16,27.183584213256836
2021-12-17,26.921550750732422
2021-12-20,26.88774299621582
2021-12-21,27.251203536987305
2021-12-22,27.640024185180664
2021-12-23,27.809078216552734
2021-12-27,28.164085388183594
2021-12-28,28.113367080688477
2021-12-29,28.138729095458984
2021-12-30,28.011938095092773
2021-12-31,28.011938095092773
2022-01-03,28.34158706665039
2022-01-04,28.527549743652344
2022-01-05,28.409212112426758
2022-01-06,28.38385581970215
2022-01-07,28.721952438354492
2022-01-10,28.63743019104004
2022-01-11,28.916366577148438
2022-01-12,29.18684959411621
2022-01-13,29.153043746948242
2022-01-14,29.22911262512207
2022-01-18,29.076967239379883
2022-01-19,29.22911262512207
2022-01-20,28.924821853637695
2022-01-21,28.48528289794922
2022-01-24,28.240161895751953
2022-01-25,28.392305374145508
2022-01-26,28.299325942993164
2022-01-27,28.561363220214844
2022-01-28,28.519094467163086
2022-01-31,28.645883560180664
2022-02-01,28.975534439086914
2022-02-02,29.237567901611328
2022-02-03,28.941726684570312
2022-02-04,28.86565399169922
2022-02-07,29.0262508392334
2022-02-08,29.153043746948242
2022-02-09,29.381254196166992
2022-02-10,29.262922286987305
2022-02-11,29.1276798248291
2022-02-14,28.823392868041992
2022-02-15,29.144588470458984
2022-02-16,29.296733856201172
2022-02-17,28.99243927001953
2022-02-18,28.967086791992188
2022-02-22,28.8149356842041
2022-02-23,28.823392868041992
2022-02-24,27.842884063720703
2022-02-25,28.924821853637695
2022-02-28,28.307781219482422
2022-03-01,27.902053833007812
2022-03-02,28.51064109802246
2022-03-03,27.716100692749023
2022-03-04,26.549636840820312
2022-03-07,26.017122268676758
2022-03-08,26.346773147583008
2022-03-09,27.166677474975586
2022-03-10,26.803213119506836
2022-03-11,26.62571144104004
2022-03-14,26.78631019592285
2022-03-15,26.989173889160156
2022-03-16,27.716100692749023
2022-03-17,27.961223602294922
2022-03-18,28.18099021911621
2022-03-21,28.18943977355957
2022-03-22,28.544450759887695
2022-03-23,28.282419204711914
2022-03-24,28.47682762145996
2022-03-25,28.620527267456055
2022-03-28,28.35004234313965
2022-03-29,28.578264236450195
2022-03-30,28.696598052978516
2022-03-31,28.4345703125
2022-04-01,28.679697036743164
2022-04-04,28.654338836669922
2022-04-05,28.696598052978516
2022-04-06,28.73040771484375
2022-04-07,28.857200622558594
2022-04-08,28.907915115356445
2022-04-11,28.603620529174805
2022-04-12,28.459924697875977
2022-04-13,28.806486129760742
2022-04-14,28.823392868041992
2022-04-18,28.688142776489258
2022-04-19,28.755767822265625
2022-04-20,28.882558822631836
2022-04-21,28.51064109802246
2022-04-22,27.87669563293457
2022-04-25,27.538593292236328
2022-04-26,26.837024688720703
2022-04-27,27.065248489379883
2022-04-28,27.43716049194336
2022-04-29,27.30191993713379
2022-05-02,27.15822410583496
2022-05-03,27.54704475402832
2022-05-04,27.92741584777832
2022-05-05,27.082151412963867
2022-05-06,26.701784133911133
2022-05-09,25.95795249938965
2022-05-10,26.160816192626953
2022-05-11,25.95795249938965
2022-05-12,25.831165313720703
2022-05-13,26.651071548461914
2022-05-16,26.96381187438965
2022-05-17,27.504783630371094
2022-05-18,26.744047164916992
2022-05-19,26.845478057861328
2022-05-20,27.115962982177734
2022-05-23,27.648475646972656
2022-05-24,27.69919204711914
2022-05-25,27.842884063720703
2022-05-26,27.93586540222168
2022-05-27,28.071104049682617
2022-05-31,28.037294387817383
2022-06-01,27.648475646972656
2022-06-02,28.172536849975586
2022-06-03,27.792171478271484
2022-06-06,27.952768325805664
2022-06-07,28.18943977355957
2022-06-08,27.792171478271484
2022-06-09,27.198467254638672
2022-06-10,26.570344924926758
2022-06-13,25.770139694213867
2022-06-14,25.37433624267578
2022-06-15,26.04547882080078
2022-06-16,25.494800567626953
2022-06-17,25.107601165771484
2022-06-21,25.770139694213867
2022-06-22,25.486194610595703
2022-06-23,25.331314086914062
2022-06-24,26.140127182006836
2022-06-27,26.105709075927734
2022-06-28,26.036874771118164
2022-06-29,25.97664451599121
2022-06-30,25.77873992919922
2022-07-01,25.718509674072266
2022-07-05,24.961326599121094
2022-07-06,25.073183059692383
2022-07-07,25.46898651123047
2022-07-08,25.37433624267578
2022-07-11,25.081785202026367
2022-07-12,25.098995208740234
2022-07-13,25.04737091064453
2022-07-14,24.531108856201172
2022-07-15,24.987140655517578
2022-07-18,25.167831420898438
2022-07-19,25.718509674072266
2022-07-20,25.460378646850586
2022-07-21,25.56363296508789
2022-07-22,25.503402709960938
2022-07-25,25.86478614807129
2022-07-26,25.70990753173828
2022-07-27,26.329425811767578
2022-07-28,26.243379592895508
2022-07-29,26.596160888671875
2022-08-01,26.587556838989258
2022-08-02,26.35523796081543
2022-08-03,26.510114669799805
2022-08-04,26.510114669799805
2022-08-05,26.363840103149414
2022-08-08,26.441280364990234
2022-08-09,26.475698471069336
2022-08-10,26.905920028686523
2022-08-11,26.7596435546875
2022-08-12,26.905920028686523
2022-08-15,26.682207107543945
2022-08-16,26.83708381652832
2022-08-17,26.664993286132812
2022-08-18,26.604764938354492
2022-08-19,26.286401748657227
2022-08-22,26.071292877197266
2022-08-23,26.105709075927734
2022-08-24,25.96803855895996
2022-08-25,26.19175148010254
2022-08-26,25.606653213500977
2022-08-29,25.580841064453125
2022-08-30,25.20224952697754
2022-08-31,24.87528419494629
2022-09-01,24.45366859436035
2022-09-02,24.445064544677734
2022-09-06,24.660173416137695
2022-09-07,24.634361267089844
2022-09-08,24.617155075073242
2022-09-09,25.22806167602539
2022-09-12,25.64107322692871
2022-09-13,24.840866088867188
2022-09-14,24.849468231201172
2022-09-15,24.58272933959961
2022-09-16,24.41064453125
2022-09-19,24.513898849487305
2022-09-20,24.169723510742188
2022-09-21,23.928800582885742
2022-09-22,23.868568420410156
2022-09-23,22.586515426635742
2022-09-26,22.182109832763672
2022-09-27,22.061647415161133
2022-09-28,22.586515426635742
2022-09-29,22.526283264160156
2022-09-30,22.55209732055664
2022-10-03,23.1199893951416
2022-10-04,23.997636795043945
2022-10-05,23.63625144958496
2022-10-06,23.0511531829834
2022-10-07,22.922086715698242
2022-10-10,22.767208099365234
2022-10-11,22.328384399414062
2022-10-12,22.37140655517578
2022-10-13,23.11138153076172
2022-10-14,22.60372543334961
2022-10-17,23.223237991333008
2022-10-18,23.292076110839844
2022-10-19,23.04254913330078
2022-10-20,23.04254913330078
2022-10-21,23.395328521728516
2022-10-24,23.45555877685547
2022-10-25,23.799734115600586
2022-10-26,24.161117553710938
2022-10-27,24.12670135498047
2022-10-28,24.37622833251953
2022-10-31,24.12670135498047
2022-11-01,24.402040481567383
2022-11-02,23.971824645996094
2022-11-03,23.78252601623535
2022-11-04,24.78923797607422
2022-11-07,24.737611770629883
2022-11-08,24.918302536010742
2022-11-09,24.41064453125
2022-11-10,25.632471084594727
2022-11-11,25.701303482055664
2022-11-14,25.56363296508789
2022-11-15,25.744325637817383
2022-11-16,25.87339210510254
2022-11-17,25.916410446166992
2022-11-18,26.04547882080078
2022-11-21,25.925016403198242
2022-11-22,26.32082176208496
2022-11-23,26.699413299560547
2022-11-25,26.794057846069336
2022-11-28,26.4584903717041
2022-11-29,26.656391143798828
2022-11-30,27.1296329498291
2022-12-01,27.379161834716797
2022-12-02,27.44799041748047
2022-12-05,27.23288345336914
2022-12-06,27.181257247924805
2022-12-07,27.11241912841797
2022-12-08,27.14683723449707
2022-12-09,27.11241912841797
2022-12-12,27.12102699279785
2022-12-13,27.46167755126953
2022-12-14,27.496614456176758
2022-12-15,26.998743057250977
2022-12-16,26.562009811401367
2022-12-19,26.54454231262207
2022-12-20,26.666828155517578
2022-12-21,26.990009307861328
2022-12-22,26.745439529418945
2022-12-23,26.911396026611328
2022-12-27,26.928865432739258
2022-12-28,26.684295654296875
2022-12-29,26.911396026611328
2022-12-30,26.780378341674805
2023-01-03,26.87645721435547
2023-01-04,27.182170867919922
2023-01-05,27.059885025024414
2023-01-06,27.680044174194336
2023-01-09,27.767393112182617
2023-01-10,27.828535079956055
2023-01-11,27.950817108154297
2023-01-12,28.273998260498047
2023-01-13,28.49236297607422
2023-01-17,28.544771194458008
2023-01-18,28.48362922668457
2023-01-19,28.553508758544922
2023-01-20,28.61465072631836
2023-01-23,28.61465072631836
2023-01-24,28.35260772705078
2023-01-25,28.49236297607422
2023-01-26,28.597179412841797
2023-01-27,28.457426071166992
2023-01-30,28.405017852783203
2023-01-31,28.448692321777344
2023-02-01,28.544771194458008
2023-02-02,28.273998260498047
2023-02-03,28.14297866821289
2023-02-06,27.889673233032227
2023-02-07,28.160451889038086
2023-02-08,28.177915573120117
2023-02-09,28.378816604614258
2023-02-10,28.273998260498047
2023-02-13,28.675796508789062
2023-02-14,28.86795425415039
2023-02-15,28.649587631225586
2023-02-16,28.518569946289062
2023-02-17,28.658323287963867
2023-02-21,28.640853881835938
2023-02-22,28.35260772705078
2023-02-23,28.422489166259766
2023-02-24,28.16918182373047
2023-02-27,28.501100540161133
2023-02-28,28.19538688659668
2023-03-01,28.370079040527344
2023-03-02,28.387550354003906
2023-03-03,28.579710006713867
2023-03-06,28.396282196044922
2023-03-07,27.83726692199707
2023-03-08,27.994491577148438
2023-03-09,27.767393112182617
2023-03-10,27.57522964477539
2023-03-13,27.400537490844727
2023-03-14,27.680044174194336
2023-03-15,26.640623092651367
2023-03-16,26.990009307861328
2023-03-17,26.579483032226562
2023-03-20,27.147233963012695
2023-03-21,27.54029083251953
2023-03-22,27.487884521484375
2023-03-23,27.295719146728516
2023-03-24,27.173437118530273
2023-03-27,27.53155517578125
2023-03-28,27.522817611694336
2023-03-29,27.84600067138672
2023-03-30,28.20412254333496
2023-03-31,28.177915573120117
2023-04-03,28.58844566345215
2023-04-04,28.553508758544922
2023-04-05,28.623384475708008
2023-04-06,28.876691818237305
2023-04-10,28.885419845581055
2023-04-11,28.955303192138672
2023-04-12,29.20860481262207
2023-04-13,29.50558090209961
2023-04-14,29.322153091430664
2023-04-17,29.269746780395508
2023-04-18,29.444440841674805
2023-04-19,29.40949821472168
2023-04-20,29.45317268371582
2023-04-21,29.514320373535156
2023-04-24,29.57546043395996
2023-04-25,29.191133499145508
2023-04-26,29.20860481262207
2023-04-27,29.47064208984375
2023-04-28,29.63660430908203
2023-05-01,29.5405216217041
2023-05-02,29.16493034362793
2023-05-03,29.19986915588379
2023-05-04,29.095054626464844
2023-05-05,29.592927932739258
2023-05-08,29.57546043395996
2023-05-09,29.383298873901367
2023-05-10,29.34835433959961
2023-05-11,29.086318969726562
2023-05-12,29.01644515991211
2023-05-15,29.295949935913086
2023-05-16,28.964035034179688
2023-05-17,29.095054626464844
2023-05-18,28.911623001098633
2023-05-19,29.103788375854492
2023-05-22,29.025177001953125
2023-05-23,28.815549850463867
2023-05-24,28.317670822143555
2023-05-25,28.09930419921875
2023-05-26,28.335142135620117
2023-05-30,28.073102951049805
2023-05-31,27.863468170166016
2023-06-01,28.221593856811523
2023-06-02,28.501100540161133
2023-06-05,28.326406478881836
2023-06-06,28.527301788330078
2023-06-07,28.529085159301758
2023-06-08,28.751689910888672
2023-06-09,28.635934829711914
2023-06-12,28.502370834350586
2023-06-13,28.787309646606445
2023-06-14,28.894155502319336
2023-06-15,29.33936882019043
2023-06-16,29.357179641723633
2023-06-20,28.974294662475586
2023-06-21,28.92977523803711
2023-06-22,28.760591506958008
2023-06-23,28.484561920166016
2023-06-26,28.493467330932617
2023-06-27,28.653743743896484
2023-06-28,28.466753005981445
2023-06-29,28.4044246673584
2023-06-30,28.805112838745117
2023-07-03,28.68045425415039
2023-07-05,28.359905242919922
2023-07-06,27.879077911376953
2023-07-07,27.994831085205078
2023-07-10,28.030447006225586
2023-07-11,28.279766082763672
2023-07-12,28.885250091552734
2023-07-13,29.330463409423828
2023-07-14,29.143476486206055
2023-07-17,29.09895133972168
2023-07-18,29.2058048248291
2023-07-19,29.47292709350586
2023-07-20,29.57087516784668
2023-07-21,29.633203506469727
2023-07-24,29.58868408203125
2023-07-25,29.775672912597656
2023-07-26,29.90033531188965
2023-07-27,29.41950798034668
2023-07-28,29.633203506469727
2023-07-31,29.651012420654297
2023-08-01,29.392793655395508
2023-08-02,28.83182716369629
2023-08-03,28.822921752929688
2023-08-04,28.805112838745117
2023-08-07,29.08114242553711
2023-08-08,28.95648765563965
2023-08-09,29.072242736816406
2023-08-10,29.072242736816406
2023-08-11,28.938678741455078
2023-08-14,28.83182716369629
2023-08-15,28.377714157104492
2023-08-16,28.208532333374023
2023-08-17,28.110586166381836
2023-08-18,28.021543502807617
2023-08-21,28.092775344848633
2023-08-22,27.977022171020508
2023-08-23,28.128393173217773
2023-08-24,27.879077911376953
2023-08-25,28.030447006225586
2023-08-28,28.333192825317383
2023-08-29,28.635934829711914
2023-08-30,28.74278450012207
2023-08-31,28.493467330932617
2023-09-01,28.546892166137695
2023-09-05,28.253055572509766
2023-09-06,28.119489669799805
2023-09-07,28.119489669799805
2023-09-08,28.27086067199707
2023-09-11,28.493467330932617
2023-09-12,28.502370834350586
2023-09-13,28.502370834350586
2023-09-14,29.001007080078125
2023-09-15,28.92977523803711
2023-09-18,28.787309646606445
2023-09-19,28.822921752929688
2023-09-20,28.858539581298828
2023-09-21,28.537988662719727
2023-09-22,28.502370834350586
2023-09-25,28.359905242919922
2023-09-26,28.092775344848633
2023-09-27,28.04825782775879
2023-09-28,28.253055572509766
2023-09-29,28.172914505004883
2023-10-02,27.63866424560547
2023-10-03,27.48729133605957
2023-10-04,27.47838592529297
2023-10-05,27.692087173461914
2023-10-06,28.030447006225586
2023-10-09,28.066064834594727
2023-10-10,28.493467330932617
2023-10-11,28.644838333129883
2023-10-12,28.368810653686523
2023-10-13,28.199626922607422
2023-10-16,28.493467330932617
2023-10-17,28.573604583740234
2023-10-18,28.057159423828125
2023-10-19,27.754419326782227
2023-10-20,27.433862686157227
2023-10-23,27.451675415039062
2023-10-24,27.46057891845703
2023-10-25,27.37153434753418
2023-10-26,27.184551239013672
2023-10-27,26.899612426757812
2023-10-30,27.237974166870117
2023-10-31,27.1578369140625
2023-11-01,27.28249168395996
2023-11-02,27.7900333404541
2023-11-03,27.89688491821289
2023-11-06,27.94140625
2023-11-07,27.727705001831055
2023-11-08,27.674280166625977
2023-11-09,27.709896087646484
2023-11-10,27.63866424560547
2023-11-13,27.843460083007812
2023-11-14,28.333192825317383
2023-11-15,28.31538200378418
2023-11-16,28.155107498168945
2023-11-17,28.582508087158203
2023-11-20,28.618125915527344
2023-11-21,28.671550750732422
2023-11-22,28.56470489501953
2023-11-24,28.92977523803711
2023-11-27,28.81401824951172
2023-11-28,28.885250091552734
2023-11-29,28.822921752929688
2023-11-30,28.840730667114258
2023-12-01,29.277036666870117
2023-12-04,29.036623001098633
2023-12-05,28.81401824951172
2023-12-06,28.778400421142578
2023-12-07,28.938678741455078
2023-12-08,29.009912490844727
2023-12-11,28.99210548400879
2023-12-12,29.02771759033203
2023-12-13,29.366079330444336
2023-12-14,29.846906661987305
2023-12-15,29.26813316345215
2023-12-18,29.455123901367188
2023-12-19,29.775672912597656
2023-12-20,29.554357528686523
2023-12-21,29.882234573364258
2023-12-22,29.98241424560547
2023-12-26,30.13724708557129
2023-12-27,30.255647659301758
2023-12-28,30.100814819335938
2023-12-29,30.100814819335938
2024-01-02,29.8184814453125
2024-01-03,29.8184814453125
2024-01-04,29.909557342529297
2024-01-05,29.891338348388672
2024-01-08,30.164569854736328
2024-01-09,29.873125076293945
2024-01-10,29.891338348388672
2024-01-11,29.73651123046875
2024-01-12,29.836694717407227
2024-01-16,29.19005012512207
2024-01-17,28.925928115844727
2024-01-18,29.098974227905273
2024-01-19,29.10807991027832
2024-01-22,29.15361976623535
2024-01-23,29.14451026916504
2024-01-24,29.23558807373047
2024-01-25,29.390419006347656
2024-01-26,29.727399826049805
2024-01-29,29.78204917907715
2024-01-30,29.845800399780273
2024-01-31,29.53614044189453
2024-02-01,29.854907989501953
2024-02-02,29.563465118408203
2024-02-05,29.30845069885254
2024-02-06,29.73651123046875
2024-02-07,29.554357528686523
2024-02-08,29.435955047607422
2024-02-09,29.372201919555664
2024-02-12,29.3266658782959
2024-02-13,28.85306739807129
2024-02-14,29.17183494567871
2024-02-15,29.481494903564453
2024-02-16,29.763832092285156
2024-02-20,29.927770614624023
2024-02-21,29.73651123046875
2024-02-22,29.955093383789062
2024-02-23,30.06438636779785
2024-02-26,29.973310470581055
2024-02-27,29.99152374267578
2024-02-28,29.67275619506836
2024-02-29,29.827585220336914
2024-03-01,29.98241424560547
2024-03-04,29.891338348388672
2024-03-05,29.882234573364258
2024-03-06,30.10992431640625
2024-03-07,30.428691864013672
2024-03-08,30.355833053588867
2024-03-11,30.41047477722168
2024-03-12,30.63817024230957
2024-03-13,30.747459411621094
2024-03-14,30.510662078857422
2024-03-15,30.437795639038086
2024-03-18,30.355833053588867
2024-03-19,30.401371002197266
2024-03-20,30.720136642456055
2024-03-21,30.85675048828125
2024-03-22,30.874969482421875
2024-03-25,30.85675048828125
2024-03-26,30.884075164794922
2024-03-27,31.04801368713379
2024-03-28,31.157302856445312
2024-04-01,31.0571231842041
2024-04-02,30.9842586517334
2024-04-03,31.129981994628906
2024-04-04,30.993366241455078
2024-04-05,31.111766815185547
2024-04-08,31.221059799194336
2024-04-09,31.27570343017578
2024-04-10,31.04801368713379
2024-04-11,31.04801368713379
2024-04-12,30.711029052734375
2024-04-15,30.619951248168945
2024-04-16,30.246538162231445
2024-04-17,30.428691864013672
2024-04-18,30.355833053588867
2024-04-19,30.501556396484375
2024-04-22,30.893177032470703
2024-04-23,31.211952209472656
2024-04-24,31.175518035888672
2024-04-25,31.476076126098633
2024-04-26,31.721981048583984
2024-04-29,31.858592987060547
2024-04-30,31.60358238220215
2024-05-01,31.503395080566406
2024-05-02,31.922346115112305
2024-05-03,32.18647003173828
2024-05-06,32.386837005615234
2024-05-07,32.487022399902344
2024-05-08,32.568992614746094
2024-05-09,32.842220306396484
2024-05-10,32.9241943359375
2024-05-13,32.94240188598633
2024-05-14,33.17009353637695
2024-05-15,33.41600036621094
2024-05-16,33.38867950439453
2024-05-17,33.461544036865234
2024-05-20,33.35224914550781
2024-05-21,33.47065353393555
2024-05-22,33.215633392333984
2024-05-23,32.87865447998047
2024-05-24,33.09723663330078
2024-05-28,32.887760162353516
2024-05-29,32.45970153808594
2024-05-30,32.73292922973633
2024-05-31,33.07902145385742
2024-06-03,32.987945556640625
2024-06-04,32.905975341796875
2024-06-05,32.99705123901367
2024-06-06,33.151885986328125
2024-06-07,32.72382736206055
2024-06-10,32.805789947509766
2024-06-11,32.381526947021484
2024-06-12,32.84571075439453
2024-06-13,32.57648468017578
2024-06-14,32.40938186645508
2024-06-17,32.474365234375
2024-06-18,32.54863357543945
2024-06-20,32.8178596496582
2024-06-21,32.595054626464844
2024-06-24,32.919979095458984
2024-06-25,32.734310150146484
2024-06-26,32.530067443847656
2024-06-27,32.41865921020508
2024-06-28,32.381526947021484
2024-07-01,32.32582473754883
2024-07-02,32.37223815917969
2024-07-03,32.69717025756836
2024-07-05,32.929264068603516
2024-07-08,32.85499572753906
2024-07-09,32.6414680480957
2024-07-10,32.984962463378906
2024-07-11,33.21705627441406
2024-07-12,33.44914627075195
2024-07-15,33.16136169433594
2024-07-16,33.254188537597656
2024-07-17,33.374881744384766
2024-07-18,33.05923843383789
2024-07-19,32.96639633178711
2024-07-22,33.2077751159668
2024-07-23,32.93854904174805
2024-07-24,32.790008544921875
2024-07-25,32.96639633178711
2024-07-26,33.43986511230469
2024-07-29,33.31917190551758
2024-07-30,33.30060958862305
2024-07-31,33.66267395019531
2024-08-01,33.10565185546875
2024-08-02,32.929264068603516
2024-08-05,32.01017761230469
2024-08-06,32.11229705810547
2024-08-07,32.23298645019531
2024-08-08,32.66931915283203
2024-08-09,32.864280700683594
2024-08-12,32.96639633178711
2024-08-13,33.39345169067383
2024-08-14,33.52342224121094
2024-08-15,33.83906555175781
2024-08-16,33.87620162963867
2024-08-19,34.15471267700195
2024-08-20,33.86691665649414
2024-08-21,34.21041488647461
2024-08-22,34.14542770385742
2024-08-23,34.72101593017578
2024-08-26,34.702449798583984
2024-08-27,34.91597366333008
2024-08-28,34.702449798583984
2024-08-29,34.87883758544922
2024-08-30,34.84170150756836
2024-09-03,34.173274993896484
2024-09-04,34.23826599121094
2024-09-05,34.23826599121094
2024-09-06,33.87620162963867
2024-09-09,34.09900665283203
2024-09-10,33.89476776123047
2024-09-11,34.00617218017578
2024-09-12,34.15471267700195
2024-09-13,34.2568359375
2024-09-16,34.628177642822266
2024-09-17,34.37751770019531
2024-09-18,34.340389251708984
2024-09-19,34.80457305908203
2024-09-20,34.386802673339844
2024-09-23,34.702449798583984
2024-09-24,34.84170150756836
2024-09-25,34.6374626159668
2024-09-26,34.96239471435547
2024-09-27,34.971675872802734
2024-09-30,34.73030471801758
2024-10-01,34.665321350097656
2024-10-02,34.572479248046875
2024-10-03,34.19184875488281
2024-10-04,34.32181930541992
2024-10-07,34.14542770385742
2024-10-08,33.82978057861328
2024-10-09,33.996891021728516
2024-10-10,33.959754943847656
2024-10-11,33.93190383911133
2024-10-14,34.173274993896484
2024-10-15,33.89476776123047
2024-10-16,34.173274993896484
2024-10-17,34.23826599121094
2024-10-18,34.358951568603516
2024-10-21,34.03402328491211
2024-10-22,33.94118881225586
2024-10-23,33.62554168701172
2024-10-24,33.783363342285156
2024-10-25,33.541988372802734
2024-10-28,33.87620162963867
2024-10-29,33.58840560913086
2024-10-30,33.30060958862305
2024-10-31,33.003536224365234
2024-11-01,33.189208984375
2024-11-04,33.244911193847656
2024-11-05,33.44914627075195
2024-11-06,33.096370697021484
2024-11-07,33.365596771240234
2024-11-08,32.799293518066406
2024-11-11,32.76215744018555
2024-11-12,32.149436950683594
2024-11-13,32.121585845947266
2024-11-14,32.084449768066406
2024-11-15,32.01946258544922
2024-11-18,32.353675842285156
2024-11-19,32.26083755493164
2024-11-20,32.26083755493164
2024-11-21,32.446510314941406
2024-11-22,32.650753021240234
2024-11-25,32.80857467651367
2024-11-26,32.660037994384766
2024-11-27,33.022098541259766
2024-11-29,33.23562240600586
2024-12-02,33.17992401123047
2024-12-03,33.30989456176758
2024-12-04,33.30989456176758
2024-12-05,33.541988372802734
2024-12-06,33.328468322753906
2024-12-09,33.48628616333008
2024-12-10,33.189208984375
2024-12-11,33.39345169067383
2024-12-12,33.04066848754883
2024-12-13,32.96639633178711
2024-12-16,32.892127990722656
2024-12-17,32.803035736083984
2024-12-18,32.073238372802734
2024-12-19,31.912113189697266
2024-12-20,31.931068420410156
2024-12-23,32.08271408081055
2024-12-24,32.291229248046875
2024-12-26,32.319664001464844
2024-12-27,32.186973571777344
2024-12-30,32.08271408081055
2024-12-31,32.13010787963867
2025-01-02,32.054283142089844
2025-01-03,32.19645309448242
2025-01-06,32.34809875488281
2025-01-07,32.376529693603516
2025-01-08,32.19645309448242
2025-01-10,31.741514205932617
2025-01-13,31.6467342376709
2025-01-14,31.627777099609375
2025-01-15,32.13010787963867
2025-01-16,32.490264892578125
2025-01-17,32.585044860839844
2025-01-21,33.34327697753906
2025-01-22,33.07789611816406
2025-01-23,33.324317932128906
2025-01-24,33.33380126953125
2025-01-27,33.5612678527832
2025-01-28,33.48544692993164
2025-01-29,33.42858123779297
2025-01-30,33.92143249511719
2025-01-31,33.75082778930664
2025-02-03,33.438053131103516
2025-02-04,33.684486389160156
2025-02-05,34.15837860107422
2025-02-06,34.17733383178711
2025-02-07,34.01620864868164
2025-02-10,34.281593322753906
2025-02-11,34.55644607543945
2025-02-12,34.660709381103516
2025-02-13,34.73653030395508
2025-02-14,34.64175033569336
2025-02-18,34.92608642578125
2025-02-19,34.72705078125
2025-02-20,34.64175033569336
2025-02-21,34.461669921875
2025-02-24,34.49010467529297
2025-02-25,34.802879333496094
2025-02-26,34.8313102722168
2025-02-27,34.78392028808594
2025-02-28,35.10616683959961
2025-03-03,35.466331481933594
2025-03-04,35.589542388916016
2025-03-05,35.940223693847656
2025-03-06,35.305206298828125
2025-03-07,35.85492706298828
2025-03-10,35.11564636230469
2025-03-11,35.03034210205078
2025-03-12,35.18199157714844
2025-03-13,35.191471099853516
2025-03-14,35.741188049316406
2025-03-17,35.98761749267578
2025-03-18,35.968658447265625
2025-03-19,36.006568908691406
2025-03-20,35.90231704711914
2025-03-21,35.57058334350586
2025-03-24,35.57058334350586
2025-03-25,35.674842834472656
2025-03-26,35.5516242980957
2025-03-27,35.69379806518555
2025-03-28,35.6274528503418
2025-03-31,35.51372146606445
2025-04-01,35.48528289794922
2025-04-02,35.64641189575195
2025-04-03,35.33363723754883
2025-04-04,32.81251525878906
2025-04-07,31.55195426940918
2025-04-08,31.45717430114746
2025-04-09,33.27693176269531
2025-04-10,32.859901428222656
2025-04-11,33.71291732788086
2025-04-14,34.262638092041016
2025-04-15,34.73653030395508
2025-04-16,34.64175033569336
2025-04-17,35.039825439453125
2025-04-21,34.89765548706055
2025-04-22,35.617977142333984
2025-04-23,35.589542388916016
2025-04-24,35.91178894042969
2025-04-25,35.95917892456055
2025-04-28,36.19612503051758
2025-04-29,36.347774505615234
2025-04-30,36.1108283996582
2025-05-01,35.90231704711914
2025-05-02,36.584720611572266
2025-05-05,36.62263107299805
2025-05-06,36.55628967285156
2025-05-07,36.42359924316406
2025-05-08,36.120304107666016
2025-05-09,36.2909049987793
2025-05-12,36.24351501464844
2025-05-13,36.414119720458984
2025-05-14,36.25299835205078
2025-05-15,36.7742805480957
2025-05-16,36.86906051635742
2025-05-19,37.276611328125
2025-05-20,37.5419921875
2025-05-21,37.37138748168945
2025-05-22,37.46616744995117
2025-05-23,37.79789733886719
2025-05-27,37.977970123291016
2025-05-28,37.598854064941406
2025-05-29,37.71259307861328
2025-05-30,37.83580017089844
2025-06-02,38.186485290527344
2025-06-03,37.96849822998047
2025-06-04,38.091705322265625
2025-06-05,38.12014389038086
2025-06-06,38.24335479736328
2025-06-09,38.2338752746582
2025-06-10,38.2054443359375
2025-06-11,38.30022048950195
2025-06-12,38.65090560913086
2025-06-13,38.30970001220703
2025-06-16,38.320343017578125
2025-06-17,37.914119720458984
2025-06-18,37.93346405029297
2025-06-20,37.62396240234375
2025-06-23,37.885101318359375
2025-06-24,38.11722946166992
2025-06-25,37.991493225097656
2025-06-26,38.38804626464844
2025-06-27,38.41706466674805
2025-06-30,38.41706466674805
2025-07-01,38.54279327392578
2025-07-02,38.3106689453125
2025-07-03,38.51377868652344
2025-07-07,38.12689971923828
2025-07-08,38.484764099121094
2025-07-09,38.69754409790039
2025-07-10,38.94902038574219
2025-07-11,38.610496520996094
2025-07-14,38.71689224243164
2025-07-15,38.29132843017578
2025-07-16,38.54279327392578
2025-07-17,38.52345275878906
2025-07-18,38.49443435668945
2025-07-21,38.69754409790039
2025-07-22,39.1037712097168
2025-07-23,39.558353424072266
2025-07-24,39.4326171875
2025-07-25,39.306880950927734
2025-07-28,38.80393981933594
2025-07-29,39.06508255004883
2025-07-30,38.7265625
2025-07-31,38.504112243652344
2025-08-01,38.629844665527344
2025-08-04,38.890987396240234
2025-08-05,38.91033172607422
2025-08-06,39.05541229248047
2025-08-07,39.16180419921875
2025-08-08,39.20048904418945
2025-08-11,39.306880950927734
2025-08-12,39.68408966064453
2025-08-13,40.003265380859375
2025-08-14,40.138671875
2025-08-15,39.91621780395508
2025-08-18,39.93556213378906
2025-08-19,39.93556213378906
2025-08-20,40.35145568847656
2025-08-21,40.29342269897461
2025-08-22,40.69964599609375
2025-08-25,40.41916275024414
2025-08-26,40.37080001831055
2025-08-27,40.29342269897461
2025-08-28,40.20637512207031
2025-08-29,40.09998321533203
2025-09-02,39.558353424072266
2025-09-03,39.82917022705078
2025-09-04,40.03227996826172
2025-09-05,40.18703079223633
2025-09-08,40.34178161621094
2025-09-09,40.380470275878906
2025-09-10,40.37080001831055
2025-09-11,40.80603790283203
2025-09-12,40.564239501953125
2025-09-15,40.70931625366211
2025-09-16,40.51587677001953
2025-09-17,40.41916275024414
2025-09-18,40.29342269897461
2025-09-19,40.003265380859375
2025-09-22,40.24506378173828
2025-09-23,40.109657287597656
2025-09-24,39.99359130859375
2025-09-25,39.693763732910156
2025-09-26,40.21604919433594
2025-09-29,40.264408111572266
2025-09-30,40.593257904052734
2025-10-01,41.10586929321289
2025-10-02,40.873741149902344
2025-10-03,41.241275787353516
2025-10-06,41.18324279785156
2025-10-07,41.05751037597656
2025-10-08,41.279964447021484
2025-10-09,40.68997573852539
2025-10-10,40.36112976074219
2025-10-13,40.61259841918945
2025-10-14,40.680301666259766
2025-10-15,40.6416130065918
2025-10-16,40.61259841918945
2025-10-17,40.68997573852539
2025-10-20,40.77702331542969
2025-10-21,40.583580017089844
2025-10-22,41.018821716308594
2025-10-23,41.20258712768555
2025-10-24,41.37668228149414
2025-10-27,41.570125579833984
2025-10-28,41.51209259033203
2025-10-29,41.425045013427734
2025-10-30,41.3476676940918
2025-10-31,41.27029037475586
2025-11-03,41.134883880615234
2025-11-04,40.796363830566406
2025-11-05,41.212257385253906
2025-11-06,41.22193145751953
2025-11-07,41.46372985839844
2025-11-10,42.01503372192383
2025-11-11,42.21814727783203
2025-11-12,42.08273696899414
2025-11-13,41.62815856933594
2025-11-14,41.36701202392578
2025-11-17,41.04783630371094
2025-11-18,40.80603790283203
2025-11-19,40.36112976074219
2025-11-20,39.98392105102539
2025-11-21,40.680301666259766
2025-11-24,40.544891357421875
2025-11-25,41.125213623046875
2025-11-26,41.579795837402344
2025-11-28,41.73454666137695
2025-12-01,41.52176284790039
2025-12-02,41.59914016723633
2025-12-03,42.03437423706055
2025-12-04,41.995689392089844
2025-12-05,41.802249908447266
2025-12-08,41.66684341430664
2025-12-09,41.47340393066406
2025-12-10,42.03437423706055
2025-12-11,42.21814727783203
2025-12-12,41.86027908325195
2025-12-15,42.31486511230469
2025-12-16,42.12656021118164
2025-12-17,42.333595275878906
2025-12-18,42.520912170410156
2025-12-19,42.92512512207031
2025-12-22,43.171592712402344
2025-12-23,43.358909606933594
2025-12-24,43.457496643066406
2025-12-26,43.615238189697266
2025-12-29,43.398345947265625
2025-12-30,43.59552001953125
2025-12-31,43.358909606933594
2026-01-02,43.832130432128906
2026-01-05,44.177188873291016
2026-01-06,44.413795471191406
2026-01-07,43.86170959472656
2026-01-08,43.970149993896484
2026-01-09,44.157470703125
2026-01-12,44.45323181152344
2026-01-13,44.34478759765625
2026-01-14,44.64054870605469
2026-01-15,44.45323181152344
2026-01-16,44.541961669921875
2026-01-20,44.06874084472656
2026-01-21,44.52224349975586
2026-01-22,44.43351364135742
2026-01-23,44.92645263671875
2026-01-26,45.18278503417969
2026-01-27,45.84332275390625
2026-01-28,45.58699417114258
2026-01-29,45.7841682434082
2026-01-30,45.508121490478516
2026-02-02,45.882755279541016
2026-02-03,45.81374740600586
2026-02-04,46.38555145263672
2026-02-05,45.291229248046875
2026-02-06,46.237674713134766
2026-02-09,46.35597610473633
2026-02-10,46.079933166503906
2026-02-11,46.760189056396484
2026-02-12,46.34611892700195
2026-02-13,46.58272933959961
2026-02-17,46.750328063964844
2026-02-18,47.203834533691406
2026-02-19,47.006656646728516
2026-02-20,47.361572265625
2026-02-23,47.21369171142578
2026-02-24,47.30242156982422
2026-02-25,47.972816467285156
2026-02-26,47.92352294921875
2026-02-27,47.99253463745117
2026-03-02,47.4404411315918
2026-03-03,46.099647521972656
2026-03-04,46.572872161865234
2026-03-05,45.58699417114258
2026-03-06,45.37010192871094
2026-03-09,45.636287689208984
2026-03-10,45.75459289550781
2026-03-11,45.656005859375
2026-03-12,45.232078552246094
2026-03-13,44.68984603881836
2026-03-16,45.45882797241211
2026-03-17,45.64614486694336
2026-03-18,44.739139556884766
2026-03-19,44.47294998168945
2026-03-20,43.230743408203125
2026-03-23,43.93071746826172
2026-03-24,43.772979736328125
2026-03-25,44.502525329589844
2026-03-26,43.59552001953125
2026-03-27,43.49692916870117
2026-03-30,43.81241226196289
2026-03-31,44.916595458984375
2026-04-01,45.695438385009766
2026-04-02,45.57713317871094
2026-04-06,45.76445007324219
2026-04-07,45.665863037109375
2026-04-08,47.14468002319336
2026-04-09,46.967220306396484
2026-04-10,46.996795654296875
2026-04-13,47.18411636352539
2026-04-14,47.39114761352539
2026-04-15,47.124961853027344
2026-04-16,47.164398193359375
2026-04-17,47.568607330322266
2026-04-20,47.32213592529297
2026-04-21,46.27710723876953
2026-04-22,46.4841423034668
2026-04-23,46.13908386230469
2026-04-24,46.3264045715332
2026-04-27,45.95176696777344
2026-04-28,45.89261245727539
2026-04-29,45.34052658081055
2026-04-30,46.4841423034668
2026-05-01,46.35597610473633
2026-05-04,45.76445007324219
2026-05-05,45.794029235839844
2026-05-06,46.77004623413086
2026-05-07,45.61656951904297
2026-05-08,46.040496826171875
2026-05-11,45.99120330810547
2026-05-12,45.9419059753418
2026-05-13,46.237674713134766
2026-05-14,45.97148513793945
2026-05-15,44.92645263671875
2026-05-18,45.97148513793945
2026-05-19,45.636287689208984
2026-05-20,46.39541244506836
2026-05-21,46.67145919799805
2026-05-22,46.42498779296875
2026-05-26,46.750328063964844
2026-05-27,46.563011169433594
2026-05-28,46.33626174926758
2026-05-29,46.267250061035156
2026-06-01,46.030635833740234
2026-06-02,46.267250061035156
2026-06-03,45.76445007324219
2026-06-04,46.21795654296875
2026-06-05,45.72501754760742
2026-06-08,45.77431106567383
2026-06-09,45.626426696777344
2026-06-10,45.16306686401367
2026-06-11,46.237674713134766
2026-06-12,46.49399948120117
2026-06-15,46.209999084472656
2026-06-16,46.5099983215332
2026-06-17,45.91999816894531
2026-06-18,45.459999084472656
2026-06-22,45.689998626708984
2026-06-23,45.56999969482422
2026-06-24,45.45000076293945
2026-06-25,45.880001068115234
2026-06-26,45.7599983215332
2026-06-29,46.150001525878906
2026-06-30,46.13999938964844
2026-07-01,45.939998626708984
2026-07-02,47.15999984741211
2026-07-06,47.220001220703125
2026-07-07,47.130001068115234
2026-07-08,46.4900016784668
2026-07-09,46.40999984741211
2026-07-10,46.599998474121094
2026-07-13,46.36000061035156
2026-07-14,46.310001373291016
2026-07-15,46.77000045776367
2026-07-16,46.970001220703125
2026-07-17,46.939998626708984
2026-07-20,46.38999938964844
2026-07-21,46.77000045776367
2026-07-22,47.2400016784668
2026-07-23,46.70000076293945
2026-07-24,47.22999954223633
2026-07-27,47.369998931884766
2026-07-28,47.81999969482422
2026-07-29,47.900001525878906
2026-07-30,48.68000030517578
2026-07-31,48.40999984741211
2026-08-03,48.22999954223633
2026-08-04,48.34000015258789
2026-08-05,48.369998931884766
2026-08-06,48.29999923706055
2026-08-07,48.63999938964844
2026-08-10,48.4900016784668
2026-08-11,48.29999923706055
2026-08-12,48.369998931884766
2026-08-13,48.2599983215332
2026-08-14,48.2599983215332
2026-08-17,48.15999984741211
2026-08-18,48.15999984741211
2026-08-19,48.56999969482422
2026-08-20,48.540000915527344
2026-08-21,48.939998626708984
2026-08-24,49.099998474121094
2026-08-25,49.38999938964844
2026-08-26,48.86000061035156
2026-08-27,48.630001068115234
2026-08-28,48.54999923706055
2026-08-31,48.369998931884766
2026-09-01,48.189998626708984
2026-09-02,48.220001220703125
2026-09-03,48.68000030517578
2026-09-04,48.59000015258789
2026-09-08,48.349998474121094
2026-09-09,47.83000183105469
2026-09-10,47.529998779296875
2026-09-11,47.939998626708984
2026-09-14,47.90999984741211
2026-09-15,47.79999923706055
2026-09-16,47.459999084472656
2026-09-17,47.95000076293945
2026-09-18,47.27000045776367
2026-09-21,47.689998626708984
2026-09-22,47.66999816894531
2026-09-23,47.09000015258789
2026-09-24,47.15999984741211
2026-09-25,47.31999969482422
2026-09-28,47.27000045776367
2026-09-29,46.849998474121094
2026-09-30,46.529998779296875
2026-10-01,45.88999938964844
2026-10-02,46.18000030517578
2026-10-05,46.189998626708984
2026-10-06,46.369998931884766
2026-10-07,45.93000030517578
