date,adjclose
2011-10-10,9.440070152282715
2011-10-11,9.482732772827148
2011-10-12,9.74478530883789
2011-10-13,9.677746772766113
2011-10-14,9.781352996826172
2011-10-17,9.525388717651367
2011-10-18,9.519296646118164
2011-10-19,9.385221481323242
2011-10-20,9.29990291595459
2011-10-21,9.574145317077637
2011-10-24,9.811820030212402
2011-10-25,9.641181945800781
2011-10-26,9.817916870117188
2011-10-27,10.220142364501953
2011-10-28,10.27499008178711
2011-10-31,9.866670608520508
2011-11-01,9.964180946350098
2011-11-02,10.2079496383667
2011-11-03,10.201857566833496
2011-11-04,10.043405532836914
2011-11-07,10.2079496383667
2011-11-08,10.281084060668945
2011-11-09,9.738692283630371
2011-11-10,9.79963493347168
2011-11-11,9.842290878295898
2011-11-14,9.726503372192383
2011-11-15,9.817916870117188
2011-11-16,9.531485557556152
2011-11-17,9.366936683654785
2011-11-18,9.42788028717041
2011-11-21,9.196296691894531
2011-11-22,9.27552318572998
2011-11-23,9.147542953491211
2011-11-25,9.147542953491211
2011-11-28,9.397408485412598
2011-11-29,9.360845565795898
2011-11-30,9.74478530883789
2011-12-01,9.726503372192383
2011-12-02,9.622899055480957
2011-12-05,9.738692283630371
2011-12-06,9.635087966918945
2011-12-07,9.671651840209961
2011-12-08,9.488825798034668
2011-12-09,9.586332321166992
2011-12-12,9.336465835571289
2011-12-13,9.312090873718262
2011-12-14,9.269428253173828
2011-12-15,9.202393531799316
2011-12-16,9.29990291595459
2011-12-19,9.147542953491211
2011-12-20,9.458298683166504
2011-12-21,9.402806282043457
2011-12-22,9.501460075378418
2011-12-23,9.538454055786133
2011-12-27,9.489127159118652
2011-12-28,9.433635711669922
2011-12-29,9.513792037963867
2011-12-30,9.538454055786133
2012-01-03,9.754254341125488
2012-01-04,9.692599296569824
2012-01-05,9.686432838439941
2012-01-06,9.58778190612793
2012-01-09,9.618611335754395
2012-01-10,9.748089790344238
2012-01-11,9.71726131439209
2012-01-12,9.772753715515137
2012-01-13,9.698761940002441
2012-01-17,9.846741676330566
2012-01-18,10.007050514221191
2012-01-19,10.241352081298828
2012-01-20,10.358502388000488
2012-01-23,10.407828330993652
2012-01-24,10.463318824768066
2012-01-25,10.512643814086914
2012-01-26,10.512643814086914
2012-01-27,10.555805206298828
2012-01-30,10.401663780212402
2012-01-31,10.420159339904785
2012-02-01,10.487983703613281
2012-02-02,10.487983703613281
2012-02-03,10.617464065551758
2012-02-06,10.555805206298828
2012-02-07,10.537308692932129
2012-02-08,10.69762134552002
2012-02-09,10.70378303527832
2012-02-10,10.605132102966309
2012-02-13,10.660623550415039
2012-02-14,10.7716064453125
2012-02-15,10.931921005249023
2012-02-16,11.036739349365234
2012-02-17,11.073731422424316
2012-02-21,11.073731422424316
2012-02-22,11.079896926879883
2012-02-23,11.036739349365234
2012-02-24,11.104561805725098
2012-02-27,11.073731422424316
2012-02-28,11.215546607971191
2012-02-29,11.25253677368164
2012-03-01,11.283368110656738
2012-03-02,11.24020767211914
2012-03-05,11.092228889465332
2012-03-06,10.765442848205566
2012-03-07,10.857929229736328
2012-03-08,11.012075424194336
2012-03-09,11.012075424194336
2012-03-12,11.005908966064453
2012-03-13,11.271035194396973
2012-03-14,11.160052299499512
2012-03-15,11.178549766540527
2012-03-16,11.209379196166992
2012-03-19,11.135392189025879
2012-03-20,10.975080490112305
2012-03-21,10.907255172729492
2012-03-22,10.839433670043945
2012-03-23,10.81477165222168
2012-03-26,11.005908966064453
2012-03-27,11.04906940460205
2012-03-28,10.944252014160156
2012-03-29,10.71611499786377
2012-03-30,10.75927448272705
2012-04-02,10.864094734191895
2012-04-03,10.864094734191895
2012-04-04,10.728447914123535
2012-04-05,10.82710075378418
2012-04-09,10.71611499786377
2012-04-10,10.531143188476562
2012-04-11,10.57430362701416
2012-04-12,10.81477165222168
2012-04-13,10.71611499786377
2012-04-16,10.691452980041504
2012-04-17,10.790105819702148
2012-04-18,10.82710075378418
2012-04-19,10.833266258239746
2012-04-20,10.870260238647461
2012-04-23,10.691452980041504
2012-04-24,10.728447914123535
2012-04-25,10.796271324157715
2012-04-26,10.839433670043945
2012-04-27,10.796271324157715
2012-04-30,10.820935249328613
2012-05-01,10.913419723510742
2012-05-02,10.981245040893555
2012-05-03,10.944252014160156
2012-05-04,10.820935249328613
2012-05-07,10.728447914123535
2012-05-08,10.63596248626709
2012-05-09,10.50648021697998
2012-05-10,10.420159339904785
2012-05-11,10.358502388000488
2012-05-14,10.161197662353516
2012-05-15,10.142698287963867
2012-05-16,9.988557815551758
2012-05-17,9.815913200378418
2012-05-18,9.797417640686035
2012-05-21,10.019383430480957
2012-05-22,9.926895141601562
2012-05-23,9.8220796585083
2012-05-24,9.748089790344238
2012-05-25,9.723426818847656
2012-05-29,9.982388496398926
2012-05-30,9.82824420928955
2012-05-31,9.815913200378418
2012-06-01,9.624774932861328
2012-06-04,9.606276512145996
2012-06-05,9.692599296569824
2012-06-06,9.908401489257812
2012-06-07,10.007050514221191
2012-06-08,9.82824420928955
2012-06-11,9.834410667419434
2012-06-12,10.044047355651855
2012-06-13,9.97005844116211
2012-06-14,9.97005844116211
2012-06-15,10.093374252319336
2012-06-18,10.124202728271484
2012-06-19,10.229018211364746
2012-06-20,10.241352081298828
2012-06-21,9.970796585083008
2012-06-22,10.046477317810059
2012-06-25,9.907730102539062
2012-06-26,9.970796585083008
2012-06-27,10.103238105773926
2012-06-28,10.065399169921875
2012-06-29,10.342886924743652
2012-07-02,10.374423027038574
2012-07-03,10.513165473937988
2012-07-05,10.54470157623291
2012-07-06,10.513165473937988
2012-07-09,10.462715148925781
2012-07-10,10.361810684204102
2012-07-11,10.469019889831543
2012-07-12,10.311356544494629
2012-07-13,10.41856861114502
2012-07-16,10.374423027038574
2012-07-17,10.563620567321777
2012-07-18,10.538395881652832
2012-07-19,10.601458549499512
2012-07-20,10.487939834594727
2012-07-23,10.305048942565918
2012-07-24,10.298742294311523
2012-07-25,10.260903358459473
2012-07-26,10.35550308227539
2012-07-27,10.54470157623291
2012-07-30,10.5762357711792
2012-07-31,10.563620567321777
2012-08-01,10.557318687438965
2012-08-02,10.519476890563965
2012-08-03,10.708674430847168
2012-08-06,10.752819061279297
2012-08-07,10.834810256958008
2012-08-08,10.841113090515137
2012-08-09,10.897872924804688
2012-08-10,10.796969413757324
2012-08-13,10.771739959716797
2012-08-14,10.815884590148926
2012-08-15,10.796969413757324
2012-08-16,10.79065990447998
2012-08-17,10.841113090515137
2012-08-20,10.872647285461426
2012-08-21,10.847420692443848
2012-08-22,10.771739959716797
2012-08-23,10.759126663208008
2012-08-24,10.778048515319824
2012-08-27,10.740208625793457
2012-08-28,10.778048515319824
2012-08-29,10.778048515319824
2012-08-30,10.5951566696167
2012-08-31,10.714980125427246
2012-09-04,10.601458549499512
2012-09-05,10.54470157623291
2012-09-06,10.702367782592773
2012-09-07,10.967246055603027
2012-09-10,10.94832706451416
2012-09-11,11.055537223815918
2012-09-12,11.15644645690918
2012-09-13,11.320419311523438
2012-09-14,11.490694999694824
2012-09-17,11.427630424499512
2012-09-18,11.471780776977539
2012-09-19,11.52854061126709
2012-09-20,11.421326637268066
2012-09-21,11.3834867477417
2012-09-24,11.427630424499512
2012-09-25,11.288886070251465
2012-09-26,11.269968032836914
2012-09-27,11.484392166137695
2012-09-28,11.478083610534668
2012-10-01,11.566377639770508
2012-10-02,11.553765296936035
2012-10-03,11.59791088104248
2012-10-04,11.604216575622559
2012-10-05,11.635753631591797
2012-10-08,11.56006908416748
2012-10-09,11.515925407409668
2012-10-10,11.484392166137695
2012-10-11,11.446551322937012
2012-10-12,11.402403831481934
2012-10-15,11.490694999694824
2012-10-16,11.642057418823242
2012-10-17,11.686205863952637
2012-10-18,11.660977363586426
2012-10-19,11.497004508972168
2012-10-22,11.654671669006348
2012-10-23,11.566377639770508
2012-10-24,11.8060302734375
2012-10-25,11.919548988342285
2012-10-26,11.749271392822266
2012-10-31,11.667285919189453
2012-11-01,11.919548988342285
2012-11-02,11.894325256347656
2012-11-05,11.982614517211914
2012-11-06,12.11505126953125
2012-11-07,11.862787246704102
2012-11-08,11.679895401000977
2012-11-09,11.686205863952637
2012-11-12,11.768189430236816
2012-11-13,11.667285919189453
2012-11-14,11.585298538208008
2012-11-15,11.623138427734375
2012-11-16,11.635753631591797
2012-11-19,11.824951171875
2012-11-20,11.761885643005371
2012-11-21,11.843865394592285
2012-11-23,12.083523750305176
2012-11-26,12.070905685424805
2012-11-27,11.988922119140625
2012-11-28,12.058294296264648
2012-11-29,12.083523750305176
2012-11-30,12.051992416381836
2012-12-03,11.969999313354492
2012-12-04,11.913239479064941
2012-12-05,12.096134185791016
2012-12-06,12.140281677246094
2012-12-07,12.159202575683594
2012-12-10,12.146587371826172
2012-12-11,12.197039604187012
2012-12-12,12.2096529006958
2012-12-13,12.127669334411621
2012-12-14,12.241188049316406
2012-12-17,12.197039604187012
2012-12-18,12.185614585876465
2012-12-19,12.153857231140137
2012-12-20,12.23641300201416
2012-12-21,12.14751148223877
2012-12-24,12.14751148223877
2012-12-26,12.198308944702148
2012-12-27,12.21101188659668
2012-12-28,12.185614585876465
2012-12-31,12.331660270690918
2013-01-02,12.61740779876709
2013-01-03,12.43960952758789
2013-01-04,12.5221586227417
2013-01-07,12.547558784484863
2013-01-08,12.47770881652832
2013-01-09,12.64281177520752
2013-01-10,12.725359916687012
2013-01-11,12.655510902404785
2013-01-14,12.636458396911621
2013-01-15,12.64281177520752
2013-01-16,12.687259674072266
2013-01-17,12.750758171081543
2013-01-18,12.776156425476074
2013-01-22,12.807907104492188
2013-01-23,12.788857460021973
2013-01-24,12.884110450744629
2013-01-25,12.896806716918945
2013-01-28,12.820609092712402
2013-01-29,12.922207832336426
2013-01-30,12.915857315063477
2013-01-31,12.884110450744629
2013-02-01,12.909504890441895
2013-02-04,12.693611145019531
2013-02-05,12.655510902404785
2013-02-06,12.71900749206543
2013-02-07,12.636458396911621
2013-02-08,12.776156425476074
2013-02-11,12.807907104492188
2013-02-12,12.833309173583984
2013-02-13,12.8523588180542
2013-02-14,12.826956748962402
2013-02-15,12.839655876159668
2013-02-19,12.795210838317871
2013-02-20,12.71265697479248
2013-02-21,12.566607475280762
2013-02-22,12.458659172058105
2013-02-25,12.43960952758789
2013-02-26,12.465008735656738
2013-02-27,12.706305503845215
2013-02-28,12.776156425476074
2013-03-01,12.776156425476074
2013-03-04,12.649158477783203
2013-03-05,12.674560546875
2013-03-06,12.693611145019531
2013-03-07,12.782509803771973
2013-03-08,12.884110450744629
2013-03-11,12.858711242675781
2013-03-12,12.738059997558594
2013-03-13,12.598361015319824
2013-03-14,12.592008590698242
2013-03-15,12.433260917663574
2013-03-18,12.280858039855957
2013-03-19,12.26816177368164
2013-03-20,12.388811111450195
2013-03-21,12.34436321258545
2013-03-22,12.407861709594727
2013-03-25,12.312609672546387
2013-03-26,12.515809059143066
2013-03-27,12.553910255432129
2013-03-28,12.598361015319824
2013-04-01,12.484061241149902
2013-04-02,12.687259674072266
2013-04-03,12.572957992553711
2013-04-04,12.592008590698242
2013-04-05,12.357059478759766
2013-04-08,12.3380126953125
2013-04-09,12.357059478759766
2013-04-10,12.528509140014648
2013-04-11,12.528509140014648
2013-04-12,12.515809059143066
2013-04-15,12.255459785461426
2013-04-16,12.376110076904297
2013-04-17,12.293560981750488
2013-04-18,12.299910545349121
2013-04-19,12.5348539352417
2013-04-22,12.636458396911621
2013-04-23,12.61106014251709
2013-04-24,12.71900749206543
2013-04-25,12.896806716918945
2013-04-26,12.871408462524414
2013-04-29,12.947606086730957
2013-04-30,12.992059707641602
2013-05-01,12.8523588180542
2013-05-02,12.896806716918945
2013-05-03,13.011107444763184
2013-05-06,13.07460880279541
2013-05-07,13.1889066696167
2013-05-08,13.201608657836914
2013-05-09,13.131757736206055
2013-05-10,13.195259094238281
2013-05-13,13.100008964538574
2013-05-14,13.087309837341309
2013-05-15,13.157155990600586
2013-05-16,13.11270809173584
2013-05-17,13.207953453063965
2013-05-20,13.328609466552734
2013-05-21,13.334957122802734
2013-05-22,13.195259094238281
2013-05-23,12.953957557678223
2013-05-24,12.865059852600098
2013-05-28,13.011107444763184
2013-05-29,12.757107734680176
2013-05-30,12.649158477783203
2013-05-31,12.50946044921875
2013-06-03,12.636458396911621
2013-06-04,12.566607475280762
2013-06-05,12.185614585876465
2013-06-06,12.230057716369629
2013-06-07,12.191964149475098
2013-06-10,12.096713066101074
2013-06-11,11.912562370300293
2013-06-12,11.931610107421875
2013-06-13,12.14751148223877
2013-06-14,12.020511627197266
2013-06-17,12.255459785461426
2013-06-18,12.376110076904297
2013-06-19,12.122111320495605
2013-06-20,11.607765197753906
2013-06-21,11.626811981201172
2013-06-24,11.449012756347656
2013-06-25,11.658563613891602
2013-06-26,11.842716217041016
2013-06-27,11.899248123168945
2013-06-28,11.912250518798828
2013-07-01,11.87975788116455
2013-07-02,11.892754554748535
2013-07-03,11.795268058776855
2013-07-05,11.866755485534668
2013-07-08,11.827764511108398
2013-07-09,11.970735549926758
2013-07-10,11.996733665466309
2013-07-11,12.406153678894043
2013-07-12,12.230688095092773
2013-07-15,12.230688095092773
2013-07-16,12.237187385559082
2013-07-17,12.178698539733887
2013-07-18,12.133207321166992
2013-07-19,12.165696144104004
2013-07-22,12.269680976867676
2013-07-23,12.451648712158203
2013-07-24,12.497140884399414
2013-07-25,12.516634941101074
2013-07-26,12.5231351852417
2013-07-29,12.43864917755127
2013-07-30,12.471144676208496
2013-07-31,12.43864917755127
2013-08-01,12.685601234436035
2013-08-02,12.757085800170898
2013-08-05,12.67910385131836
2013-08-06,12.5231351852417
2013-08-07,12.354166030883789
2013-08-08,12.54262924194336
2013-08-09,12.516634941101074
2013-08-12,12.69860553741455
2013-08-13,12.828573226928711
2013-08-14,12.835071563720703
2013-08-15,12.685601234436035
2013-08-16,12.692098617553711
2013-08-19,12.562129020690918
2013-08-20,12.399659156799316
2013-08-21,12.178698539733887
2013-08-22,12.328166961669922
2013-08-23,12.315173149108887
2013-08-26,12.26318073272705
2013-08-27,12.11370849609375
2013-08-28,12.087716102600098
2013-08-29,12.152704238891602
2013-08-30,12.224189758300781
2013-09-03,12.510136604309082
2013-09-04,12.607616424560547
2013-09-05,12.718094825744629
2013-09-06,12.737594604492188
2013-09-09,12.835071563720703
2013-09-10,12.822077751159668
2013-09-11,12.841574668884277
2013-09-12,12.67260456085205
2013-09-13,12.750593185424805
2013-09-16,12.90006160736084
2013-09-17,12.893566131591797
2013-09-18,13.244497299194336
2013-09-19,13.30948257446289
2013-09-20,13.179509162902832
2013-09-23,13.192508697509766
2013-09-24,13.108024597167969
2013-09-25,13.069032669067383
2013-09-26,13.114518165588379
2013-09-27,13.147010803222656
2013-09-30,13.01703929901123
2013-10-01,13.147010803222656
2013-10-02,13.225003242492676
2013-10-03,13.179509162902832
2013-10-04,13.27049446105957
2013-10-07,13.095024108886719
2013-10-08,13.075532913208008
2013-10-09,13.088525772094727
2013-10-10,13.276989936828613
2013-10-11,13.348482131958008
2013-10-14,13.380974769592285
2013-10-15,13.263993263244629
2013-10-16,13.302983283996582
2013-10-17,13.289986610412598
2013-10-18,13.471957206726074
2013-10-21,13.471957206726074
2013-10-22,13.432961463928223
2013-10-23,13.283493041992188
2013-10-24,13.179509162902832
2013-10-25,13.199007034301758
2013-10-28,13.147010803222656
2013-10-29,13.134018898010254
2013-10-30,13.250994682312012
2013-10-31,13.231501579284668
2013-11-01,13.348482131958008
2013-11-04,13.32248306274414
2013-11-05,13.114518165588379
2013-11-06,13.147010803222656
2013-11-07,12.952048301696777
2013-11-08,13.01703929901123
2013-11-11,13.075532913208008
2013-11-12,12.958552360534668
2013-11-13,12.96505069732666
2013-11-14,13.010540962219238
2013-11-15,13.237998962402344
2013-11-18,13.471957206726074
2013-11-19,13.348482131958008
2013-11-20,13.30948257446289
2013-11-21,13.374473571777344
2013-11-22,13.413464546203613
2013-11-25,13.27049446105957
2013-11-26,13.374473571777344
2013-11-27,13.510948181152344
2013-11-29,13.484949111938477
2013-12-02,13.406966209411621
2013-12-03,13.439458847045898
2013-12-04,13.426460266113281
2013-12-05,13.374473571777344
2013-12-06,13.465453147888184
2013-12-09,13.426460266113281
2013-12-10,13.406966209411621
2013-12-11,13.12102222442627
2013-12-12,13.15351390838623
2013-12-13,13.231501579284668
2013-12-16,13.257493019104004
2013-12-17,13.237998962402344
2013-12-18,13.406978607177734
2013-12-19,13.164645195007324
2013-12-20,13.164645195007324
2013-12-23,13.236689567565918
2013-12-24,13.393880844116211
2013-12-26,13.321830749511719
2013-12-27,13.390029907226562
2013-12-30,13.422815322875977
2013-12-31,13.508063316345215
2014-01-02,13.363799095153809
2014-01-03,13.180196762084961
2014-01-06,13.199865341186523
2014-01-07,13.304780006408691
2014-01-08,13.37691593170166
2014-01-09,13.298226356506348
2014-01-10,13.403144836425781
2014-01-13,13.206422805786133
2014-01-14,13.363799095153809
2014-01-15,13.298226356506348
2014-01-16,13.311344146728516
2014-01-17,13.514617919921875
2014-01-21,13.416259765625
2014-01-22,13.383474349975586
2014-01-23,13.035935401916504
2014-01-24,12.760526657104492
2014-01-27,12.714625358581543
2014-01-28,12.7539701461792
2014-01-29,12.524460792541504
2014-01-30,12.576920509338379
2014-01-31,12.537575721740723
2014-02-03,12.321187973022461
2014-02-04,12.504790306091309
2014-02-05,12.308074951171875
2014-02-06,12.531022071838379
2014-02-07,12.576920509338379
2014-02-10,12.458890914916992
2014-02-11,12.767084121704102
2014-02-12,12.917902946472168
2014-02-13,12.931018829345703
2014-02-14,12.97036075592041
2014-02-18,12.976916313171387
2014-02-19,12.97036075592041
2014-02-20,12.97036075592041
2014-02-21,13.02282428741455
2014-02-24,12.963801383972168
2014-02-25,12.957247734069824
2014-02-26,12.996589660644531
2014-02-27,13.199865341186523
2014-02-28,13.232651710510254
2014-03-03,13.121182441711426
2014-03-04,13.278554916381836
2014-03-05,13.252327919006348
2014-03-06,13.324455261230469
2014-03-07,13.140852928161621
2014-03-10,13.062167167663574
2014-03-11,13.009706497192383
2014-03-12,12.957247734069824
2014-03-13,12.70806884765625
2014-03-14,12.642496109008789
2014-03-17,12.760526657104492
2014-03-18,12.839216232299805
2014-03-19,12.727742195129395
2014-03-20,12.570363998413086
2014-03-21,12.694952011108398
2014-03-24,12.681839942932129
2014-03-25,12.826099395751953
2014-03-26,12.780198097229004
2014-03-27,12.793314933776855
2014-03-28,12.950685501098633
2014-03-31,12.97036075592041
2014-04-01,13.278554916381836
2014-04-02,13.42937183380127
2014-04-03,13.442489624023438
2014-04-04,13.416259765625
2014-04-07,13.324455261230469
2014-04-08,13.403144836425781
2014-04-09,13.547404289245605
2014-04-10,13.698225021362305
2014-04-11,13.790027618408203
2014-04-14,13.914612770080566
2014-04-15,13.652321815490723
2014-04-16,13.717894554138184
2014-04-17,13.75723648071289
2014-04-21,13.711338996887207
2014-04-22,13.639206886291504
2014-04-23,13.567076683044434
2014-04-24,13.527731895446777
2014-04-25,13.357237815856934
2014-04-28,13.37691593170166
2014-04-29,13.547404289245605
2014-04-30,13.298226356506348
2014-05-01,13.344131469726562
2014-05-02,13.449043273925781
2014-05-05,13.285110473632812
2014-05-06,13.265437126159668
2014-05-07,13.206422805786133
2014-05-08,13.029377937316895
2014-05-09,13.153966903686523
2014-05-12,13.462160110473633
2014-05-13,13.494946479797363
2014-05-14,13.494946479797363
2014-05-15,13.494946479797363
2014-05-16,13.645761489868164
2014-05-19,13.639206886291504
2014-05-20,13.619534492492676
2014-05-21,13.731009483337402
2014-05-22,13.744122505187988
2014-05-23,13.803144454956055
2014-05-27,13.803144454956055
2014-05-28,13.803144454956055
2014-05-29,13.881828308105469
2014-05-30,13.921167373657227
2014-06-02,13.999859809875488
2014-06-03,14.065436363220215
2014-06-04,13.999859809875488
2014-06-05,14.045761108398438
2014-06-06,13.881828308105469
2014-06-09,13.986745834350586
2014-06-10,13.947402000427246
2014-06-11,13.881828308105469
2014-06-12,13.835926055908203
2014-06-13,13.960514068603516
2014-06-16,13.921167373657227
2014-06-17,13.875271797180176
2014-06-18,13.888383865356445
2014-06-19,13.894942283630371
2014-06-20,13.875271797180176
2014-06-23,13.711338996887207
2014-06-24,13.711338996887207
2014-06-25,13.864794731140137
2014-06-26,14.012863159179688
2014-06-27,14.100358963012695
2014-06-30,14.053242683410645
2014-07-01,14.093628883361816
2014-07-02,14.329195022583008
2014-07-03,14.342658996582031
2014-07-07,14.322463989257812
2014-07-08,14.234969139099121
2014-07-09,14.147473335266113
2014-07-10,14.154205322265625
2014-07-11,14.194585800170898
2014-07-14,14.187857627868652
2014-07-15,14.187857627868652
2014-07-16,14.288808822631836
2014-07-17,14.107088088989258
2014-07-18,14.221510887145996
2014-07-21,14.261890411376953
2014-07-22,14.436887741088867
2014-07-23,14.504190444946289
2014-07-24,14.564762115478516
2014-07-25,14.571491241455078
2014-07-28,14.638799667358398
2014-07-29,14.786870002746582
2014-07-30,14.833980560302734
2014-07-31,14.807062149047852
2014-08-01,14.793598175048828
2014-08-04,14.840713500976562
2014-08-05,14.618603706359863
2014-08-06,14.632067680358887
2014-08-07,14.564762115478516
2014-08-08,14.665719985961914
2014-08-11,14.786870002746582
2014-08-12,14.753215789794922
2014-08-13,14.87436294555664
2014-08-14,14.908018112182617
2014-08-15,14.827254295349121
2014-08-18,14.87436294555664
2014-08-19,15.109930992126465
2014-08-20,15.258003234863281
2014-08-21,15.0560884475708
2014-08-22,15.076276779174805
2014-08-25,15.163777351379395
2014-08-26,15.109930992126465
2014-08-27,15.002246856689453
2014-08-28,14.813789367675781
2014-08-29,14.699370384216309
2014-09-02,14.753215789794922
2014-09-03,15.089739799499512
2014-09-04,15.00897216796875
2014-09-05,15.035895347595215
2014-09-08,14.901288986206055
2014-09-09,14.827254295349121
2014-09-10,14.773408889770508
2014-09-11,14.773408889770508
2014-09-12,14.685907363891602
2014-09-15,14.517647743225098
2014-09-16,14.591681480407715
2014-09-17,14.44361400604248
2014-09-18,14.389769554138184
2014-09-19,14.37630844116211
2014-09-22,14.22823715209961
2014-09-23,14.181122779846191
2014-09-24,14.275350570678711
2014-09-25,14.039786338806152
2014-09-26,14.187857627868652
2014-09-29,13.656144142150879
2014-09-30,13.683067321777344
2014-10-01,13.501347541809082
2014-10-02,13.494613647460938
2014-10-03,13.736915588378906
2014-10-06,14.033053398132324
2014-10-07,13.992669105529785
2014-10-08,14.107088088989258
2014-10-09,14.073437690734863
2014-10-10,13.858062744140625
2014-10-13,14.033053398132324
2014-10-14,14.053242683410645
2014-10-15,14.059979438781738
2014-10-16,13.999401092529297
2014-10-17,14.167668342590332
2014-10-20,14.100358963012695
2014-10-21,14.187857627868652
2014-10-22,14.214776992797852
2014-10-23,14.302274703979492
2014-10-24,14.302274703979492
2014-10-27,14.127279281616211
2014-10-28,14.362848281860352
2014-10-29,14.383037567138672
2014-10-30,14.389769554138184
2014-10-31,14.544572830200195
2014-11-03,14.470538139343262
2014-11-04,14.423419952392578
2014-11-05,14.362848281860352
2014-11-06,14.335925102233887
2014-11-07,14.295541763305664
2014-11-10,14.44361400604248
2014-11-11,14.517647743225098
2014-11-12,14.584956169128418
2014-11-13,14.773408889770508
2014-11-14,14.995512008666992
2014-11-17,14.739752769470215
2014-11-18,14.497456550598145
2014-11-19,14.450347900390625
2014-11-20,14.356119155883789
2014-11-21,14.645527839660645
2014-11-24,14.645527839660645
2014-11-25,14.618603706359863
2014-11-26,14.820520401000977
2014-11-28,14.591681480407715
2014-12-01,14.221510887145996
2014-12-02,14.416692733764648
2014-12-03,14.302274703979492
2014-12-04,14.275350570678711
2014-12-05,14.463805198669434
2014-12-08,14.174393653869629
2014-12-09,14.080167770385742
2014-12-10,14.006129264831543
2014-12-11,14.012863159179688
2014-12-12,13.952286720275879
2014-12-15,13.784025192260742
2014-12-16,13.649415969848633
2014-12-17,13.659605026245117
2014-12-18,13.741113662719727
2014-12-19,13.843001365661621
2014-12-22,13.843001365661621
2014-12-23,13.829418182373047
2014-12-24,13.938096046447754
2014-12-26,14.087528228759766
2014-12-29,14.101116180419922
2014-12-30,13.94488525390625
2014-12-31,13.951681137084961
2015-01-02,13.938096046447754
2015-01-05,13.83620548248291
2015-01-06,13.625643730163574
2015-01-07,13.883756637573242
2015-01-08,13.938096046447754
2015-01-09,13.985644340515137
2015-01-12,14.114700317382812
2015-01-13,14.366020202636719
2015-01-14,14.291301727294922
2015-01-15,14.399981498718262
2015-01-16,14.440735816955566
2015-01-20,14.298095703125
2015-01-21,14.427152633666992
2015-01-22,14.569795608520508
2015-01-23,14.644508361816406
2015-01-26,14.746397972106934
2015-01-27,14.814323425292969
2015-01-28,14.787153244018555
2015-01-29,14.90262508392334
2015-01-30,14.719223976135254
2015-02-02,14.916207313537598
2015-02-03,14.834698677062988
2015-02-04,14.82790470123291
2015-02-05,14.780359268188477
2015-02-06,14.75998306274414
2015-02-09,14.70564079284668
2015-02-10,14.814323425292969
2015-02-11,14.780359268188477
2015-02-12,14.726018905639648
2015-02-13,14.793946266174316
2015-02-17,14.834698677062988
2015-02-18,14.861867904663086
2015-02-19,14.80752944946289
2015-02-20,14.848285675048828
2015-02-23,14.766777992248535
2015-02-24,14.814323425292969
2015-02-25,14.746397972106934
2015-02-26,14.766777992248535
2015-02-27,14.746397972106934
2015-03-02,14.861867904663086
2015-03-03,14.875452041625977
2015-03-04,14.793946266174316
2015-03-05,14.610548973083496
2015-03-06,14.556206703186035
2015-03-09,14.5358304977417
2015-03-10,14.284513473510742
2015-03-11,14.318471908569336
2015-03-12,14.352436065673828
2015-03-13,14.243753433227539
2015-03-16,14.352436065673828
2015-03-17,14.26413345336914
2015-03-18,14.386398315429688
2015-03-19,14.58337688446045
2015-03-20,14.569795608520508
2015-03-23,14.522244453430176
2015-03-24,14.630925178527832
2015-03-25,14.698850631713867
2015-03-26,14.732813835144043
2015-03-27,14.85507869720459
2015-03-30,15.004510879516602
2015-03-31,14.895828247070312
2015-04-01,15.113187789916992
2015-04-02,15.072434425354004
2015-04-06,15.181116104125977
2015-04-07,15.22866153717041
2015-04-08,15.731300354003906
2015-04-09,16.546396255493164
2015-04-10,16.342622756958008
2015-04-13,16.322242736816406
2015-04-14,16.33582878112793
2015-04-15,16.152433395385742
2015-04-16,16.111679077148438
2015-04-17,15.846778869628906
2015-04-20,15.867149353027344
2015-04-21,16.050546646118164
2015-04-22,16.07771873474121
2015-04-23,16.111679077148438
2015-04-24,16.247528076171875
2015-04-27,16.288284301757812
2015-04-28,16.31545066833496
2015-04-29,16.240734100341797
2015-04-30,16.159223556518555
2015-05-01,16.31545066833496
2015-05-04,16.51243019104004
2015-05-05,16.19997787475586
2015-05-06,16.009788513183594
2015-05-07,16.00299835205078
2015-05-08,16.206769943237305
2015-05-11,16.064128875732422
2015-05-12,16.02338218688965
2015-05-13,15.928284645080566
2015-05-14,16.036962509155273
2015-05-15,16.444507598876953
2015-05-18,16.329036712646484
2015-05-19,16.342622756958008
2015-05-20,16.2611141204834
2015-05-21,16.362998962402344
2015-05-22,16.65507698059082
2015-05-26,16.63469886779785
2015-05-27,16.519222259521484
2015-05-28,16.22715187072754
2015-05-29,16.08450698852539
2015-06-01,16.08450698852539
2015-06-02,16.111679077148438
2015-06-03,16.410547256469727
2015-06-04,16.281490325927734
2015-06-05,16.152433395385742
2015-06-08,15.969037055969238
2015-06-09,15.806020736694336
2015-06-10,15.744889259338379
2015-06-11,15.83997631072998
2015-06-12,15.962241172790527
2015-06-15,15.724505424499512
2015-06-16,15.744889259338379
2015-06-17,15.83997631072998
2015-06-18,15.962241172790527
2015-06-19,16.070919036865234
2015-06-22,16.186397552490234
2015-06-23,16.240734100341797
2015-06-24,16.064128875732422
2015-06-25,16.02696990966797
2015-06-26,15.841174125671387
2015-06-29,15.366347312927246
2015-06-30,15.524622917175293
2015-07-01,15.545269012451172
2015-07-02,15.772356986999512
2015-07-06,15.159907341003418
2015-07-07,14.974103927612305
2015-07-08,14.189614295959473
2015-07-09,14.802067756652832
2015-07-10,15.153022766113281
2015-07-13,15.386994361877441
2015-07-14,15.400755882263184
2015-07-15,15.304413795471191
2015-07-16,15.442045211791992
2015-07-17,15.600321769714355
2015-07-20,15.565911293029785
2015-07-21,15.503978729248047
2015-07-22,15.400755882263184
2015-07-23,15.469572067260742
2015-07-24,15.352584838867188
2015-07-27,14.939698219299316
2015-07-28,15.201193809509277
2015-07-29,15.352584838867188
2015-07-30,15.214957237243652
2015-07-31,15.297531127929688
2015-08-03,15.04292106628418
2015-08-04,15.146143913269043
2015-08-05,15.208077430725098
2015-08-06,15.049803733825684
2015-08-07,15.146143913269043
2015-08-10,15.283774375915527
2015-08-11,15.077324867248535
2015-08-12,14.65067195892334
2015-08-13,14.657557487487793
2015-08-14,14.774539947509766
2015-08-17,14.657557487487793
2015-08-18,14.375417709350586
2015-08-19,14.079510688781738
2015-08-20,13.707913398742676
2015-08-21,13.391364097595215
2015-08-24,12.565583229064941
2015-08-25,13.026646614074707
2015-08-26,13.239972114562988
2015-08-27,13.563401222229004
2015-08-28,13.405126571655273
2015-08-31,13.267497062683105
2015-09-01,12.882131576538086
2015-09-02,12.944066047668457
2015-09-03,13.0128812789917
2015-09-04,12.799551963806152
2015-09-08,13.494587898254395
2015-09-09,13.584043502807617
2015-09-10,13.515231132507324
2015-09-11,13.528995513916016
2015-09-14,13.480823516845703
2015-09-15,13.50146770477295
2015-09-16,13.831777572631836
2015-09-17,13.570281028747559
2015-09-18,13.570281028747559
2015-09-21,13.666626930236816
2015-09-22,13.522112846374512
2015-09-23,13.398244857788086
2015-09-24,13.239972114562988
2015-09-25,13.233092308044434
2015-09-28,13.026646614074707
2015-09-29,12.930306434631348
2015-09-30,13.157392501831055
2015-10-01,13.219324111938477
2015-10-02,13.604689598083496
2015-10-05,13.783604621887207
2015-10-06,13.604689598083496
2015-10-07,13.797369956970215
2015-10-08,13.976287841796875
2015-10-09,13.879949569702148
2015-10-12,13.85930347442627
2015-10-13,13.769845008850098
2015-10-14,13.831777572631836
2015-10-15,14.251551628112793
2015-10-16,14.382296562194824
2015-10-19,14.196496963500977
2015-10-20,14.182729721069336
2015-10-21,14.05198860168457
2015-10-22,14.361655235290527
2015-10-23,14.609381675720215
2015-10-26,14.375417709350586
2015-10-27,14.327245712280273
2015-10-28,14.313481330871582
2015-10-29,14.251551628112793
2015-10-30,14.113920211791992
2015-11-02,14.09327507019043
2015-11-03,14.182729721069336
2015-11-04,14.347888946533203
2015-11-05,14.285957336425781
2015-11-06,14.196496963500977
2015-11-09,14.024458885192871
2015-11-10,13.879949569702148
2015-11-11,13.921236038208008
2015-11-12,14.079510688781738
2015-11-13,13.85930347442627
2015-11-16,13.955644607543945
2015-11-17,13.962523460388184
2015-11-18,13.976287841796875
2015-11-19,14.038219451904297
2015-11-20,14.224020957946777
2015-11-23,14.148327827453613
2015-11-24,14.107036590576172
2015-11-25,14.05198860168457
2015-11-27,13.76296329498291
2015-11-30,13.824895858764648
2015-12-01,14.003815650939941
2015-12-02,13.96940803527832
2015-12-03,13.879949569702148
2015-12-04,14.05198860168457
2015-12-07,13.948763847351074
2015-12-08,13.742318153381348
2015-12-09,13.694147109985352
2015-12-10,13.659741401672363
2015-12-11,13.42577075958252
2015-12-14,13.480823516845703
2015-12-15,13.542757987976074
2015-12-16,13.707913398742676
2015-12-17,13.625335693359375
2015-12-18,13.659741401672363
2015-12-21,13.683393478393555
2015-12-22,13.787739753723145
2015-12-23,13.933823585510254
2015-12-24,13.933823585510254
2015-12-28,13.794695854187012
2015-12-29,13.892086029052734
2015-12-30,13.850345611572266
2015-12-31,13.787739753723145
2016-01-04,13.488612174987793
2016-01-05,13.537307739257812
2016-01-06,13.293829917907715
2016-01-07,13.0364408493042
2016-01-08,12.820792198181152
2016-01-11,12.751226425170898
2016-01-12,12.75818157196045
2016-01-13,12.681661605834961
2016-01-14,12.76513957977295
2016-01-15,12.347749710083008
2016-01-19,12.410358428955078
2016-01-20,11.999923706054688
2016-01-21,11.986010551452637
2016-01-22,12.229491233825684
2016-01-25,12.069490432739258
2016-01-26,12.222533226013184
2016-01-27,12.097314834594727
2016-01-28,12.187751770019531
2016-01-29,12.500792503356934
2016-02-01,12.39644718170166
2016-02-02,12.152969360351562
2016-02-03,12.159923553466797
2016-02-04,12.069490432739258
2016-02-05,12.027751922607422
2016-02-08,11.839926719665527
2016-02-09,11.735580444335938
2016-02-10,11.812100410461426
2016-02-11,11.812100410461426
2016-02-12,12.062531471252441
2016-02-16,12.187751770019531
2016-02-17,12.375575065612793
2016-02-18,12.312966346740723
2016-02-19,12.389486312866211
2016-02-22,12.730355262756348
2016-02-23,12.54948902130127
2016-02-24,12.528618812561035
2016-02-25,12.5147066116333
2016-02-26,12.605138778686523
2016-02-29,12.584269523620605
2016-03-01,12.820792198181152
2016-03-02,13.064266204833984
2016-03-03,13.085135459899902
2016-03-04,13.300786018371582
2016-03-07,13.106003761291504
2016-03-08,12.939046859741211
2016-03-09,13.00861644744873
2016-03-10,12.987744331359863
2016-03-11,13.266006469726562
2016-03-14,13.252092361450195
2016-03-15,13.27991771697998
2016-03-16,13.432963371276855
2016-03-17,13.460785865783691
2016-03-18,13.551220893859863
2016-03-21,13.613829612731934
2016-03-22,13.599915504455566
2016-03-23,13.446876525878906
2016-03-24,13.356439590454102
2016-03-28,13.412092208862305
2016-03-29,13.579048156738281
2016-03-30,13.822521209716797
2016-03-31,13.752958297729492
2016-04-01,13.662525177001953
2016-04-04,13.54426383972168
2016-04-05,13.349481582641602
2016-04-06,13.551220893859863
2016-04-07,13.405133247375488
2016-04-08,13.551220893859863
2016-04-11,13.620784759521484
2016-04-12,13.739042282104492
2016-04-13,14.017302513122559
2016-04-14,14.031218528747559
2016-04-15,13.947736740112305
2016-04-18,14.017302513122559
2016-04-19,14.121652603149414
2016-04-20,14.072955131530762
2016-04-21,14.031218528747559
2016-04-22,14.024262428283691
2016-04-25,14.05904483795166
2016-04-26,14.10078239440918
2016-04-27,14.079916000366211
2016-04-28,13.996434211730957
2016-04-29,13.759913444519043
2016-05-02,13.773829460144043
2016-05-03,13.509481430053711
2016-05-04,13.405133247375488
2016-05-05,13.516438484191895
2016-05-06,13.412092208862305
2016-05-09,13.342525482177734
2016-05-10,13.55817699432373
2016-05-11,13.335569381713867
2016-05-12,13.238179206848145
2016-05-13,13.078179359436035
2016-05-16,13.238179206848145
2016-05-17,13.168615341186523
2016-05-18,13.112963676452637
2016-05-19,13.0364408493042
2016-05-20,13.217308044433594
2016-05-23,13.15470027923584
2016-05-24,13.321657180786133
2016-05-25,13.495569229125977
2016-05-26,13.50252628326416
2016-05-27,13.530349731445312
2016-05-31,13.739042282104492
2016-06-01,13.697307586669922
2016-06-02,13.801653861999512
2016-06-03,13.878178596496582
2016-06-06,14.024262428283691
2016-06-07,14.086872100830078
2016-06-08,14.052088737487793
2016-06-09,13.982522010803223
2016-06-10,13.912956237792969
2016-06-13,13.648612022399902
2016-06-14,13.55817699432373
2016-06-15,13.54426383972168
2016-06-16,13.453829765319824
2016-06-17,13.426005363464355
2016-06-20,13.634700775146484
2016-06-21,13.648612022399902
2016-06-22,13.669189453125
2016-06-23,13.974372863769531
2016-06-24,13.356915473937988
2016-06-27,13.243359565734863
2016-06-28,13.43498706817627
2016-06-29,13.676287651062012
2016-06-30,13.896306037902832
2016-07-01,14.00275993347168
2016-07-05,13.7685546875
2016-07-06,13.782745361328125
2016-07-07,13.747262954711914
2016-07-08,13.917593002319336
2016-07-11,13.98147201538086
2016-07-12,14.222773551940918
2016-07-13,14.194385528564453
2016-07-14,14.343426704406738
2016-07-15,14.364718437194824
2016-07-18,14.51375961303711
2016-07-19,14.456979751586914
2016-07-20,14.676992416381836
2016-07-21,14.66989517211914
2016-07-22,14.747965812683105
2016-07-25,14.705379486083984
2016-07-26,14.967981338500977
2016-07-27,14.89700698852539
2016-07-28,14.89700698852539
2016-07-29,14.83313274383545
2016-08-01,14.797647476196289
2016-08-02,14.740867614746094
2016-08-03,14.662797927856445
2016-08-04,14.66989517211914
2016-08-05,14.925399780273438
2016-08-08,14.98927116394043
2016-08-09,15.010562896728516
2016-08-10,14.946685791015625
2016-08-11,15.102824211120605
2016-08-12,15.053144454956055
2016-08-15,15.138311386108398
2016-08-16,15.038955688476562
2016-08-17,14.967981338500977
2016-08-18,15.024759292602539
2016-08-19,14.904104232788086
2016-08-22,14.854421615600586
2016-08-23,14.982176780700684
2016-08-24,14.868620872497559
2016-08-25,14.911199569702148
2016-08-26,14.86152172088623
2016-08-29,14.868620872497559
2016-08-30,14.996368408203125
2016-08-31,14.925399780273438
2016-09-01,15.102824211120605
2016-09-02,15.358322143554688
2016-09-06,15.514466285705566
2016-09-07,15.542848587036133
2016-09-08,15.684798240661621
2016-09-09,15.578339576721191
2016-09-12,15.6422119140625
2016-09-13,15.273160934448242
2016-09-14,15.358322143554688
2016-09-15,15.599629402160645
2016-09-16,15.528654098510742
2016-09-19,15.521561622619629
2016-09-20,15.507362365722656
2016-09-21,15.684798240661621
2016-09-22,15.748668670654297
2016-09-23,15.628015518188477
2016-09-26,15.436392784118652
2016-09-27,15.599629402160645
2016-09-28,15.7202787399292
2016-09-29,15.564140319824219
2016-09-30,15.620923042297363
2016-10-03,15.649311065673828
2016-10-04,15.57123851776123
2016-10-05,15.73447322845459
2016-10-06,15.71318531036377
2016-10-07,15.684798240661621
2016-10-10,15.791248321533203
2016-10-11,15.329935073852539
2016-10-12,15.429299354553223
2016-10-13,15.251867294311523
2016-10-14,15.344132423400879
2016-10-17,15.266061782836914
2016-10-18,15.429299354553223
2016-10-19,15.478981018066406
2016-10-20,15.50026798248291
2016-10-21,15.493170738220215
2016-10-24,15.656408309936523
2016-10-25,15.628015518188477
2016-10-26,15.578339576721191
2016-10-27,15.443493843078613
2016-10-28,15.329935073852539
2016-10-31,15.308648109436035
2016-11-01,15.37252426147461
2016-11-02,15.244770050048828
2016-11-03,15.18799114227295
2016-11-04,14.996368408203125
2016-11-07,15.031848907470703
2016-11-08,15.13121223449707
2016-11-09,14.911199569702148
2016-11-10,14.875715255737305
2016-11-11,14.769259452819824
2016-11-14,14.613121032714844
2016-11-15,14.747965812683105
2016-11-16,14.535050392150879
2016-11-17,14.698287963867188
2016-11-18,14.740867614746094
2016-11-21,14.804743766784668
2016-11-22,14.918299674987793
2016-11-23,14.86152172088623
2016-11-25,14.89700698852539
2016-11-28,14.83313274383545
2016-11-29,14.918299674987793
2016-11-30,15.024759292602539
2016-12-01,14.889906883239746
2016-12-02,14.719573974609375
2016-12-05,14.77635669708252
2016-12-06,14.78345012664795
2016-12-07,14.882810592651367
2016-12-08,14.719573974609375
2016-12-09,14.62021541595459
2016-12-12,14.400202751159668
2016-12-13,14.570534706115723
2016-12-14,14.322136878967285
2016-12-15,14.236968994140625
2016-12-16,14.158900260925293
2016-12-19,14.038246154785156
2016-12-20,14.038246154785156
2016-12-21,14.009553909301758
2016-12-22,13.98803424835205
2016-12-23,13.937819480895996
2016-12-27,13.937819480895996
2016-12-28,13.851739883422852
2016-12-29,13.937819480895996
2016-12-30,13.973685264587402
2017-01-03,14.20323371887207
2017-01-04,14.296489715576172
2017-01-05,14.561902046203613
2017-01-06,14.504515647888184
2017-01-09,14.569070816040039
2017-01-10,14.84166145324707
2017-01-11,14.906221389770508
2017-01-12,14.698196411132812
2017-01-13,14.777099609375
2017-01-17,14.79862117767334
2017-01-18,14.899046897888184
2017-01-19,14.870357513427734
2017-01-20,14.870357513427734
2017-01-23,14.899046897888184
2017-01-24,14.970785140991211
2017-01-25,15.042512893676758
2017-01-26,15.078384399414062
2017-01-27,15.099907875061035
2017-01-30,15.078384399414062
2017-01-31,15.085559844970703
2017-02-01,15.128599166870117
2017-02-02,15.071208000183105
2017-02-03,15.071208000183105
2017-02-06,15.049686431884766
2017-02-07,15.049686431884766
2017-02-08,15.178812026977539
2017-02-09,15.19315242767334
2017-02-10,15.250543594360352
2017-02-13,15.250543594360352
2017-02-14,15.350969314575195
2017-02-15,15.437052726745605
2017-02-16,15.350969314575195
2017-02-17,15.394011497497559
2017-02-21,15.458568572998047
2017-02-22,15.472918510437012
2017-02-23,15.537483215332031
2017-02-24,15.458568572998047
2017-02-27,15.573343276977539
2017-02-28,15.501609802246094
2017-03-01,15.731155395507812
2017-03-02,15.54465103149414
2017-03-03,15.55899715423584
2017-03-06,15.508785247802734
2017-03-07,15.494436264038086
2017-03-08,15.537483215332031
2017-03-09,15.472918510437012
2017-03-10,15.623558044433594
2017-03-13,15.609212875366211
2017-03-14,15.54465103149414
2017-03-15,15.745506286621094
2017-03-16,15.903314590454102
2017-03-17,15.91766357421875
2017-03-20,15.996572494506836
2017-03-21,15.896145820617676
2017-03-22,15.967878341674805
2017-03-23,16.082653045654297
2017-03-24,16.053958892822266
2017-03-27,16.003742218017578
2017-03-28,16.061128616333008
2017-03-29,16.075475692749023
2017-03-30,16.053958892822266
2017-03-31,15.960700988769531
2017-04-03,16.097000122070312
2017-04-04,16.132863998413086
2017-04-05,16.197425842285156
2017-04-06,16.218942642211914
2017-04-07,16.21177101135254
2017-04-10,16.226118087768555
2017-04-11,16.140037536621094
2017-04-12,16.21177101135254
2017-04-13,16.168731689453125
2017-04-17,16.204599380493164
2017-04-18,15.989399909973145
2017-04-19,15.860280990600586
2017-04-20,16.075475692749023
2017-04-21,15.98222541809082
2017-04-24,16.061128616333008
2017-04-25,16.197425842285156
2017-04-26,16.297849655151367
2017-04-27,16.4197998046875
2017-04-28,16.426971435546875
2017-05-01,16.46283721923828
2017-05-02,16.5130558013916
2017-05-03,16.477190017700195
2017-05-04,16.477190017700195
2017-05-05,16.448497772216797
2017-05-08,16.434144973754883
2017-05-09,16.642169952392578
2017-05-10,16.699562072753906
2017-05-11,16.71390724182129
2017-05-12,16.749774932861328
2017-05-15,16.850196838378906
2017-05-16,16.792810440063477
2017-05-17,16.606304168701172
2017-05-18,16.699562072753906
2017-05-19,16.71390724182129
2017-05-22,16.699562072753906
2017-05-23,16.721078872680664
2017-05-24,16.799983978271484
2017-05-25,16.84302520751953
2017-05-26,16.82868194580078
2017-05-30,16.914758682250977
2017-05-31,16.9649715423584
2017-06-01,17.14430809020996
2017-06-02,17.22321319580078
2017-06-05,17.094097137451172
2017-06-06,17.28777313232422
2017-06-07,17.251907348632812
2017-06-08,17.345165252685547
2017-06-09,17.309293746948242
2017-06-12,17.14430809020996
2017-06-13,17.28777313232422
2017-06-14,17.194520950317383
2017-06-15,17.108440399169922
2017-06-16,17.101266860961914
2017-06-19,17.31646728515625
2017-06-20,17.163291931152344
2017-06-21,17.119524002075195
2017-06-22,17.192466735839844
2017-06-23,17.14870262145996
2017-06-26,17.279996871948242
2017-06-27,17.192466735839844
2017-06-28,17.18517303466797
2017-06-29,17.112228393554688
2017-06-30,17.090349197387695
2017-07-03,17.024700164794922
2017-07-05,16.922578811645508
2017-07-06,16.813167572021484
2017-07-07,16.886106491088867
2017-07-10,16.995521545410156
2017-07-11,17.119524002075195
2017-07-12,17.265409469604492
2017-07-13,17.352941513061523
2017-07-14,17.41858673095703
2017-07-17,17.3310546875
2017-07-18,17.352941513061523
2017-07-19,17.3894100189209
2017-07-20,17.433176040649414
2017-07-21,17.469646453857422
2017-07-24,17.549882888793945
2017-07-25,17.557178497314453
2017-07-26,17.571767807006836
2017-07-27,17.549882888793945
2017-07-28,17.630117416381836
2017-07-31,17.71035385131836
2017-08-01,17.870830535888672
2017-08-02,17.892709732055664
2017-08-03,17.95836067199707
2017-08-04,17.943769454956055
2017-08-07,17.929180145263672
2017-08-08,17.980241775512695
2017-08-09,18.03859519958496
2017-08-10,17.630117416381836
2017-08-11,17.60823631286621
2017-08-14,17.76141357421875
2017-08-15,17.666593551635742
2017-08-16,17.812475204467773
2017-08-17,17.513410568237305
2017-08-18,17.52800178527832
2017-08-21,17.58635711669922
2017-08-22,17.76141357421875
2017-08-23,17.739532470703125
2017-08-24,17.724943161010742
2017-08-25,17.841651916503906
2017-08-28,17.812475204467773
2017-08-29,17.79788589477539
2017-08-30,17.870830535888672
2017-08-31,18.00942039489746
2017-09-01,18.11883544921875
2017-09-05,17.943769454956055
2017-09-06,18.016714096069336
2017-09-07,17.95836067199707
2017-09-08,18.03130340576172
2017-09-11,18.264719009399414
2017-09-12,18.16989517211914
2017-09-13,18.11153793334961
2017-09-14,18.05318260192871
2017-09-15,18.1334228515625
2017-09-18,18.2793025970459
2017-09-19,18.264719009399414
2017-09-20,18.242834091186523
2017-09-21,18.184476852416992
2017-09-22,18.067771911621094
2017-09-25,17.841651916503906
2017-09-26,17.83435821533203
2017-09-27,17.84894371032715
2017-09-28,17.870830535888672
2017-09-29,18.00942039489746
2017-10-02,18.045886993408203
2017-10-03,18.15530014038086
2017-10-04,18.184476852416992
2017-10-05,18.37413215637207
2017-10-06,18.25012969970703
2017-10-09,18.199068069458008
2017-10-10,18.359540939331055
2017-10-11,18.25012969970703
2017-10-12,18.25741958618164
2017-10-13,18.396011352539062
2017-10-16,18.46895408630371
2017-10-17,18.46895408630371
2017-10-18,18.520017623901367
2017-10-19,18.35224723815918
2017-10-20,18.315773010253906
2017-10-23,18.184476852416992
2017-10-24,18.140710830688477
2017-10-25,18.06047821044922
2017-10-26,18.11883544921875
2017-10-27,18.1917781829834
2017-10-30,17.98753547668457
2017-10-31,18.002124786376953
2017-11-01,18.184476852416992
2017-11-02,18.308483123779297
2017-11-03,18.25741958618164
2017-11-06,18.242834091186523
2017-11-07,18.323074340820312
2017-11-08,18.490835189819336
2017-11-09,18.44707489013672
2017-11-10,18.563779830932617
2017-11-13,18.70966339111328
2017-11-14,18.70236587524414
2017-11-15,18.57107162475586
2017-11-16,18.67319107055664
2017-11-17,18.5491943359375
2017-11-20,18.651308059692383
2017-11-21,18.964962005615234
2017-11-22,18.979551315307617
2017-11-24,19.067081451416016
2017-11-27,18.964962005615234
2017-11-28,18.964962005615234
2017-11-29,18.826372146606445
2017-11-30,18.716957092285156
2017-12-01,18.651308059692383
2017-12-04,18.556486129760742
2017-12-05,18.476247787475586
2017-12-06,18.315773010253906
2017-12-07,18.293895721435547
2017-12-08,18.41060447692871
2017-12-11,18.432483673095703
2017-12-12,18.454364776611328
2017-12-13,18.68048858642578
2017-12-14,18.461660385131836
2017-12-15,18.512720108032227
2017-12-18,18.658601760864258
2017-12-19,18.588842391967773
2017-12-20,18.63385009765625
2017-12-21,18.73887062072754
2017-12-22,18.851394653320312
2017-12-26,18.836387634277344
2017-12-27,18.88140106201172
2017-12-28,18.971420288085938
2017-12-29,19.068937301635742
2018-01-02,19.28648567199707
2018-01-03,19.399009704589844
2018-01-04,19.40650749206543
2018-01-05,19.459016799926758
2018-01-08,19.45151710510254
2018-01-09,19.511531829833984
2018-01-10,19.459016799926758
2018-01-11,19.571544647216797
2018-01-12,19.69907569885254
2018-01-16,19.714073181152344
2018-01-17,19.924118041992188
2018-01-18,19.789087295532227
2018-01-19,19.879104614257812
2018-01-22,20.05164337158203
2018-01-23,20.089149475097656
2018-01-24,20.0666446685791
2018-01-25,20.0666446685791
2018-01-26,20.179166793823242
2018-01-29,19.886606216430664
2018-01-30,19.841596603393555
2018-01-31,19.954124450683594
2018-02-01,19.781591415405273
2018-02-02,19.47402000427246
2018-02-05,18.85889434814453
2018-02-06,19.12144660949707
2018-02-07,18.671358108520508
2018-02-08,18.393800735473633
2018-02-09,18.258771896362305
2018-02-12,18.4088077545166
2018-02-13,18.528831481933594
2018-02-14,18.8739013671875
2018-02-15,19.09144401550293
2018-02-16,19.068937301635742
2018-02-20,18.986419677734375
2018-02-21,19.031431198120117
2018-02-22,18.986419677734375
2018-02-23,19.218971252441406
2018-02-26,19.481523513793945
2018-02-27,19.37650489807129
2018-02-28,19.18895721435547
2018-03-01,19.203968048095703
2018-03-02,19.218971252441406
2018-03-05,19.00142478942871
2018-03-06,19.113948822021484
2018-03-07,18.971420288085938
2018-03-08,19.28648567199707
2018-03-09,19.609050750732422
2018-03-12,19.736576080322266
2018-03-13,19.556541442871094
2018-03-14,19.511531829833984
2018-03-15,19.549036026000977
2018-03-16,19.511531829833984
2018-03-19,19.43651580810547
2018-03-20,19.496530532836914
2018-03-21,19.44401741027832
2018-03-22,18.941415786743164
2018-03-23,18.641353607177734
2018-03-26,19.13645362854004
2018-03-27,18.88890266418457
2018-03-28,18.776378631591797
2018-03-29,18.986419677734375
2018-04-02,18.746376037597656
2018-04-03,18.926408767700195
2018-04-04,18.933910369873047
2018-04-05,18.948917388916016
2018-04-06,18.70136260986328
2018-04-09,18.88890266418457
2018-04-10,19.15145492553711
2018-04-11,19.346498489379883
2018-04-12,19.39150619506836
2018-04-13,19.241474151611328
2018-04-16,19.053937911987305
2018-04-17,19.053937911987305
2018-04-18,19.18895721435547
2018-04-19,19.13645362854004
2018-04-20,19.031431198120117
2018-04-23,19.00142478942871
2018-04-24,19.046436309814453
2018-04-25,19.00142478942871
2018-04-26,19.0239315032959
2018-04-27,19.09894371032715
2018-04-30,19.28648567199707
2018-05-01,19.27898406982422
2018-05-02,19.28648567199707
2018-05-03,19.226472854614258
2018-05-04,19.18895721435547
2018-05-07,18.963916778564453
2018-05-08,19.241474151611328
2018-05-09,19.3389949798584
2018-05-10,19.56403923034668
2018-05-11,19.781591415405273
2018-05-14,19.886606216430664
2018-05-15,19.654062271118164
2018-05-16,19.69156837463379
2018-05-17,19.421510696411133
2018-05-18,19.40650749206543
2018-05-21,19.83409881591797
2018-05-22,19.819095611572266
2018-05-23,19.594045639038086
2018-05-24,19.526535034179688
2018-05-25,19.556541442871094
2018-05-29,19.346498489379883
2018-05-30,19.40650749206543
2018-05-31,19.496530532836914
2018-06-01,19.504026412963867
2018-06-04,19.601547241210938
2018-06-05,19.70656967163086
2018-06-06,19.89411163330078
2018-06-07,19.774085998535156
2018-06-08,19.676563262939453
2018-06-11,19.69907569885254
2018-06-12,19.57904624938965
2018-06-13,19.399009704589844
2018-06-14,19.316492080688477
2018-06-15,19.271482467651367
2018-06-18,19.13645362854004
2018-06-19,18.82636260986328
2018-06-20,18.94064712524414
2018-06-21,18.582555770874023
2018-06-22,18.765409469604492
2018-06-25,18.51398468017578
2018-06-26,18.574939727783203
2018-06-27,18.254941940307617
2018-06-28,18.43779945373535
2018-06-29,18.445417404174805
2018-07-02,18.186372756958008
2018-07-03,18.20161247253418
2018-07-05,18.22446632385254
2018-07-06,18.422563552856445
2018-07-09,18.70446014404297
2018-07-10,18.635889053344727
2018-07-11,18.407323837280273
2018-07-12,18.59017562866211
2018-07-13,18.613033294677734
2018-07-16,18.59779167175293
2018-07-17,18.559701919555664
2018-07-18,18.49112892150879
2018-07-19,18.392086029052734
2018-07-20,18.582555770874023
2018-07-23,18.582555770874023
2018-07-24,18.811126708984375
2018-07-25,19.009218215942383
2018-07-26,18.811126708984375
2018-07-27,18.750173568725586
2018-07-30,18.7806453704834
2018-07-31,18.864456176757812
2018-08-01,18.552080154418945
2018-08-02,18.270179748535156
2018-08-03,18.254941940307617
2018-08-06,18.3387508392334
2018-08-07,18.66636848449707
2018-08-08,18.68922233581543
2018-08-09,18.757793426513672
2018-08-10,18.49112892150879
2018-08-13,18.384464263916016
2018-08-14,18.430179595947266
2018-08-15,18.018754959106445
2018-08-16,18.094947814941406
2018-08-17,18.22446632385254
2018-08-20,18.270179748535156
2018-08-21,18.3387508392334
2018-08-22,18.399703979492188
2018-08-23,18.1711368560791
2018-08-24,18.24732780456543
2018-08-27,18.521602630615234
2018-08-28,18.460655212402344
2018-08-29,18.7425537109375
2018-08-30,18.369232177734375
2018-08-31,18.399703979492188
2018-09-04,18.392086029052734
2018-09-05,17.927331924438477
2018-09-06,17.752094268798828
2018-09-07,17.554004669189453
2018-09-10,17.424484252929688
2018-09-11,17.386384963989258
2018-09-12,17.653047561645508
2018-09-13,17.95780372619629
2018-09-14,17.980663299560547
2018-09-17,17.912092208862305
2018-09-18,18.14827537536621
2018-09-19,18.262563705444336
2018-09-20,18.300657272338867
2018-09-21,18.460655212402344
2018-09-24,18.232086181640625
2018-09-25,18.29303550720215
2018-09-26,18.35399055480957
2018-09-27,18.392086029052734
2018-09-28,18.22446632385254
2018-10-01,18.323511123657227
2018-10-02,17.88923454284668
2018-10-03,17.79018783569336
2018-10-04,17.394004821777344
2018-10-05,17.416860580444336
2018-10-08,17.287338256835938
2018-10-09,17.302576065063477
2018-10-10,16.959726333618164
2018-10-11,16.78449249267578
2018-10-12,16.98258399963379
2018-10-15,16.88353729248047
2018-10-16,16.952104568481445
2018-10-17,16.875917434692383
2018-10-18,16.677824020385742
2018-10-19,16.875917434692383
2018-10-22,17.188297271728516
2018-10-23,16.830204010009766
2018-10-24,16.43402099609375
2018-10-25,16.54068374633789
2018-10-26,16.380687713623047
2018-10-29,16.197834014892578
2018-10-30,16.228307723999023
2018-10-31,16.281641006469727
2018-11-01,16.754013061523438
2018-11-02,17.035917282104492
2018-11-05,16.959726333618164
2018-11-06,16.929250717163086
2018-11-07,17.2721004486084
2018-11-08,16.88353729248047
2018-11-09,16.67020606994629
2018-11-12,16.61687660217285
2018-11-13,16.997817993164062
2018-11-14,16.97496223449707
2018-11-15,17.363529205322266
2018-11-16,17.424484252929688
2018-11-19,17.35590934753418
2018-11-20,16.944488525390625
2018-11-21,17.211151123046875
2018-11-23,17.2340087890625
2018-11-26,17.630191802978516
2018-11-27,17.554004669189453
2018-11-28,17.81304168701172
2018-11-29,17.599716186523438
2018-11-30,17.5844783782959
2018-12-03,18.056852340698242
2018-12-04,17.88923454284668
2018-12-06,17.6759033203125
2018-12-07,17.462575912475586
2018-12-10,17.31781578063965
2018-12-11,17.416860580444336
2018-12-12,17.668289184570312
2018-12-13,17.75971031188965
2018-12-14,17.744478225708008
2018-12-17,17.5844783782959
2018-12-18,17.55364227294922
2018-12-19,17.491966247558594
2018-12-20,17.438005447387695
2018-12-21,17.330080032348633
2018-12-24,17.21443748474121
2018-12-26,17.522804260253906
2018-12-27,17.35320472717285
2018-12-28,17.438005447387695
2018-12-31,17.399459838867188
2019-01-02,17.21443748474121
2019-01-03,16.967750549316406
2019-01-04,17.576766967773438
2019-01-07,17.630735397338867
2019-01-08,17.808042526245117
2019-01-09,18.077861785888672
2019-01-10,18.20891761779785
2019-01-11,18.10869598388672
2019-01-14,18.016191482543945
2019-01-15,18.154953002929688
2019-01-16,18.401643753051758
2019-01-17,18.355388641357422
2019-01-18,18.51728057861328
2019-01-22,18.278297424316406
2019-01-23,18.42477035522461
2019-01-24,18.524993896484375
2019-01-25,18.779390335083008
2019-01-28,18.663753509521484
2019-01-29,18.663753509521484
2019-01-30,18.871898651123047
2019-01-31,19.064626693725586
2019-02-01,18.81793212890625
2019-02-04,19.087753295898438
2019-02-05,19.280481338500977
2019-02-06,19.110883712768555
2019-02-07,18.91815757751465
2019-02-08,19.157136917114258
2019-02-11,19.21109962463379
2019-02-12,19.257352828979492
2019-02-13,19.504043579101562
2019-02-14,19.51175308227539
2019-02-15,19.40382957458496
2019-02-19,19.665939331054688
2019-02-20,19.796993255615234
2019-02-21,19.866374969482422
2019-02-22,20.059104919433594
2019-02-25,20.035974502563477
2019-02-26,19.951173782348633
2019-02-27,19.943462371826172
2019-02-28,19.935754776000977
2019-03-01,19.98200798034668
2019-03-04,19.951173782348633
2019-03-05,19.951173782348633
2019-03-06,19.889497756958008
2019-03-07,19.627389907836914
2019-03-08,19.47321128845215
2019-03-11,19.820119857788086
2019-03-12,19.92804718017578
2019-03-13,19.912630081176758
2019-03-14,19.812410354614258
2019-03-15,19.92033576965332
2019-03-18,20.082231521606445
2019-03-19,20.0976505279541
2019-03-20,19.989717483520508
2019-03-21,19.98200798034668
2019-03-22,19.689064025878906
2019-03-25,19.758445739746094
2019-03-26,19.82782745361328
2019-03-27,19.82782745361328
2019-03-28,19.951173782348633
2019-03-29,20.20557403564453
2019-04-01,20.54477310180664
2019-04-02,20.698955535888672
2019-04-03,20.72979164123535
2019-04-04,20.791465759277344
2019-04-05,20.922521591186523
2019-04-08,20.73750114440918
2019-04-09,20.637283325195312
2019-04-10,20.714378356933594
2019-04-11,20.475393295288086
2019-04-12,20.637283325195312
2019-04-15,20.421428680419922
2019-04-16,20.490814208984375
2019-04-17,20.390592575073242
2019-04-18,20.421428680419922
2019-04-22,20.367464065551758
2019-04-23,20.52935791015625
2019-04-24,20.305795669555664
2019-04-25,20.390592575073242
2019-04-26,20.498519897460938
2019-04-29,20.552486419677734
2019-04-30,20.41371726989746
2019-05-01,20.336627960205078
2019-05-02,20.61415672302246
2019-05-03,20.907102584838867
2019-05-06,20.34433937072754
2019-05-07,20.082231521606445
2019-05-08,20.012845993041992
2019-05-09,19.611970901489258
2019-05-10,19.781570434570312
2019-05-13,19.20339012145996
2019-05-14,19.44236946105957
2019-05-15,19.5965518951416
2019-05-16,19.650516510009766
2019-05-17,19.34986686706543
2019-05-20,19.303611755371094
2019-05-21,19.36528778076172
2019-05-22,19.465497970581055
2019-05-23,19.288192749023438
2019-05-24,19.303611755371094
2019-05-28,19.388410568237305
2019-05-29,19.480920791625977
2019-05-30,19.164846420288086
2019-05-31,19.010662078857422
2019-06-03,18.964406967163086
2019-06-04,19.095462799072266
2019-06-05,19.095462799072266
2019-06-06,19.1956787109375
2019-06-07,19.31902503967285
2019-06-10,19.64280891418457
2019-06-11,19.743032455444336
2019-06-12,19.295900344848633
2019-06-13,19.34986686706543
2019-06-14,19.18026351928711
2019-06-17,19.352985382080078
2019-06-18,19.879009246826172
2019-06-19,20.145946502685547
2019-06-20,20.40503692626953
2019-06-21,20.2558650970459
2019-06-24,20.279417037963867
2019-06-25,20.075286865234375
2019-06-26,20.200910568237305
2019-06-27,20.41288948059082
2019-06-28,20.31867218017578
2019-07-01,20.514951705932617
2019-07-02,20.70338249206543
2019-07-03,20.828996658325195
2019-07-05,20.70338249206543
2019-07-08,20.58561134338379
2019-07-09,20.373632431030273
2019-07-10,20.39718246459961
2019-07-11,20.40503692626953
2019-07-12,20.554210662841797
2019-07-15,20.538503646850586
2019-07-16,20.56205940246582
2019-07-17,20.530654907226562
2019-07-18,20.624866485595703
2019-07-19,20.7504825592041
2019-07-22,20.507099151611328
2019-07-23,20.593461990356445
2019-07-24,20.58561134338379
2019-07-25,20.34222984313965
2019-07-26,20.24801254272461
2019-07-29,19.99677848815918
2019-07-30,19.839757919311523
2019-07-31,19.510009765625
2019-08-01,18.99968719482422
2019-08-02,18.905475616455078
2019-08-05,17.97904396057129
2019-08-06,18.21457290649414
2019-08-07,18.340192794799805
2019-08-08,18.567873001098633
2019-08-09,18.238130569458008
2019-08-12,17.664997100830078
2019-08-13,17.79846954345703
2019-08-14,17.374507904052734
2019-08-15,17.814167022705078
2019-08-16,18.25383186340332
2019-08-19,18.73274803161621
2019-08-20,18.614980697631836
2019-08-21,18.7406005859375
2019-08-22,18.418704986572266
2019-08-23,18.104660034179688
2019-08-26,18.167469024658203
2019-08-27,18.136064529418945
2019-08-28,18.151765823364258
2019-08-29,18.25383186340332
2019-08-30,17.93193817138672
2019-09-03,17.814167022705078
2019-09-04,18.614980697631836
2019-09-05,18.567873001098633
2019-09-06,18.7406005859375
2019-09-09,18.68564224243164
2019-09-10,18.756305694580078
2019-09-11,18.94472885131836
2019-09-12,18.897621154785156
2019-09-13,19.070348739624023
2019-09-16,18.842666625976562
2019-09-17,18.73274803161621
2019-09-18,18.560026168823242
2019-09-19,18.355892181396484
2019-09-20,18.277385711669922
2019-09-23,18.096811294555664
2019-09-24,18.041851043701172
2019-09-25,17.96333885192871
2019-09-26,17.861278533935547
2019-09-27,17.77491569519043
2019-09-30,17.822021484375
2019-10-01,17.586488723754883
2019-10-02,17.79061508178711
2019-10-03,18.010446548461914
2019-10-04,17.688549041748047
2019-10-07,17.680700302124023
2019-10-08,17.507976531982422
2019-10-09,17.507976531982422
2019-10-10,17.56293487548828
2019-10-11,18.00259780883789
2019-10-14,18.00259780883789
2019-10-15,18.03400230407715
2019-10-16,18.222427368164062
2019-10-17,18.293088912963867
2019-10-18,18.15962028503418
2019-10-21,18.31664276123047
2019-10-22,18.363746643066406
2019-10-23,18.28523826599121
2019-10-24,18.387298583984375
2019-10-25,18.442256927490234
2019-10-28,18.709199905395508
2019-10-29,18.575727462768555
2019-10-30,18.646387100219727
2019-10-31,18.669940948486328
2019-11-01,19.086044311523438
2019-11-04,19.26662826538086
2019-11-05,19.31372833251953
2019-11-06,19.37653923034668
2019-11-07,19.510009765625
2019-11-08,19.360836029052734
2019-11-11,18.99183464050293
2019-11-12,18.795562744140625
2019-11-13,18.473665237426758
2019-11-14,18.33234214782715
2019-11-15,18.371599197387695
2019-11-18,18.481517791748047
2019-11-19,18.693492889404297
2019-11-20,18.560026168823242
2019-11-21,18.48936653137207
2019-11-22,18.512916564941406
2019-11-25,18.897621154785156
2019-11-26,18.826961517333984
2019-11-27,18.850513458251953
2019-11-29,18.481517791748047
2019-12-02,18.37944793701172
2019-12-03,18.2695369720459
2019-12-04,18.308792114257812
2019-12-05,18.277385711669922
2019-12-06,18.45796012878418
2019-12-09,18.300935745239258
2019-12-10,18.28523826599121
2019-12-11,18.45010757446289
2019-12-12,18.905475616455078
2019-12-13,19.02324104309082
2019-12-16,19.132524490356445
2019-12-17,19.19587516784668
2019-12-18,19.132524490356445
2019-12-19,19.00581932067871
2019-12-20,19.07708740234375
2019-12-23,19.045412063598633
2019-12-24,19.061254501342773
2019-12-26,19.132524490356445
2019-12-27,19.211715698242188
2019-12-30,19.235471725463867
2019-12-31,19.267148971557617
2020-01-02,19.734373092651367
2020-01-03,19.465126037597656
2020-01-06,19.520557403564453
2020-01-07,19.51264190673828
2020-01-08,19.544315338134766
2020-01-09,19.78188705444336
2020-01-10,19.82148551940918
2020-01-13,20.162006378173828
2020-01-14,20.12240982055664
2020-01-15,20.066978454589844
2020-01-16,20.225360870361328
2020-01-17,20.288713455200195
2020-01-21,19.45720672607422
2020-01-22,19.44928550720215
2020-01-23,19.29090690612793
2020-01-24,19.132524490356445
2020-01-27,18.435644149780273
2020-01-28,18.51483154296875
2020-01-29,18.681137084960938
2020-01-30,18.51483154296875
2020-01-31,18.14263916015625
2020-02-03,18.3010196685791
2020-02-04,18.601943969726562
2020-02-05,18.633621215820312
2020-02-06,18.87911033630371
2020-02-07,18.704893112182617
2020-02-10,18.752408981323242
2020-02-11,18.934545516967773
2020-02-12,19.219636917114258
2020-02-13,19.02165985107422
2020-02-14,19.124608993530273
2020-02-18,19.00581932067871
2020-02-19,19.069169998168945
2020-02-20,18.768247604370117
2020-02-21,18.76032829284668
2020-02-24,18.229747772216797
2020-02-25,18.03177261352539
2020-02-26,18.221830368041992
2020-02-27,18.110963821411133
2020-02-28,18.19015121459961
2020-03-02,18.02385139465332
2020-03-03,17.889223098754883
2020-03-04,18.039691925048828
2020-03-05,18.05552864074707
2020-03-06,17.84963035583496
2020-03-09,17.07356071472168
2020-03-10,17.63581657409668
2020-03-11,17.16067123413086
2020-03-12,15.78275203704834
2020-03-13,16.661767959594727
2020-03-16,15.10170841217041
2020-03-17,16.09159278869629
2020-03-18,15.363039016723633
2020-03-19,14.74534797668457
2020-03-20,14.864136695861816
2020-03-23,14.420660972595215
2020-03-24,15.21257495880127
2020-03-25,15.608527183532715
2020-03-26,16.162866592407227
2020-03-27,15.363039016723633
2020-03-30,15.671879768371582
2020-03-31,15.790665626525879
2020-04-01,15.268007278442383
2020-04-02,15.846100807189941
2020-04-03,15.78275203704834
2020-04-06,16.52713966369629
2020-04-07,16.709280014038086
2020-04-08,16.788471221923828
2020-04-09,16.77263069152832
2020-04-13,16.77263069152832
2020-04-14,17.13691520690918
2020-04-15,16.867666244506836
2020-04-16,16.77263069152832
2020-04-17,17.16067123413086
2020-04-20,16.899341583251953
2020-04-21,16.416275024414062
2020-04-22,16.685523986816406
2020-04-23,16.685523986816406
2020-04-24,16.701364517211914
2020-04-27,16.938936233520508
2020-04-28,16.994369506835938
2020-04-29,17.168590545654297
2020-04-30,16.74887466430664
2020-05-01,16.273731231689453
2020-05-04,16.432113647460938
2020-05-05,16.56673812866211
2020-05-06,16.59049415588379
2020-05-07,16.606334686279297
2020-05-08,16.851825714111328
2020-05-11,16.883499145507812
2020-05-12,16.685523986816406
2020-05-13,16.511308670043945
2020-05-14,16.447954177856445
2020-05-15,16.273731231689453
2020-05-18,16.867666244506836
2020-05-19,16.84390640258789
2020-05-20,17.049806594848633
2020-05-21,16.408353805541992
2020-05-22,15.568933486938477
2020-05-26,15.790665626525879
2020-05-27,15.568933486938477
2020-05-28,15.632287979125977
2020-05-29,15.71147632598877
2020-06-01,16.218297958374023
2020-06-02,16.74887466430664
2020-06-03,17.081480026245117
2020-06-04,16.938936233520508
2020-06-05,17.49327278137207
2020-06-08,17.59621810913086
2020-06-09,17.675411224365234
2020-06-10,17.66749382019043
2020-06-11,16.828065872192383
2020-06-12,17.200267791748047
2020-06-15,17.023494720458984
2020-06-16,17.03156280517578
2020-06-17,17.241432189941406
2020-06-18,17.28179168701172
2020-06-19,17.24949836730957
2020-06-22,17.515871047973633
2020-06-23,17.596593856811523
2020-06-24,17.44322967529297
2020-06-25,17.499731063842773
2020-06-26,17.354440689086914
2020-06-29,17.273717880249023
2020-06-30,17.24949836730957
2020-07-01,17.354440689086914
2020-07-02,17.806461334228516
2020-07-06,18.476421356201172
2020-07-07,18.032470703125
2020-07-08,18.201976776123047
2020-07-09,17.86296272277832
2020-07-10,17.66923713684082
2020-07-13,17.725740432739258
2020-07-14,17.838747024536133
2020-07-15,17.66923713684082
2020-07-16,17.44322967529297
2020-07-17,17.49165916442871
2020-07-20,17.475515365600586
2020-07-21,17.540088653564453
2020-07-22,17.338293075561523
2020-07-23,17.20914077758789
2020-07-24,17.160709381103516
2020-07-27,17.12842559814453
2020-07-28,17.07192039489746
2020-07-29,17.17685890197754
2020-07-30,17.13649559020996
2020-07-31,17.03963851928711
2020-08-03,17.08806800842285
2020-08-04,17.49165916442871
2020-08-05,17.435155868530273
2020-08-06,17.37865447998047
2020-08-07,17.193004608154297
2020-08-10,17.37865447998047
2020-08-11,17.523942947387695
2020-08-12,17.943683624267578
2020-08-13,17.984041213989258
2020-08-14,17.984041213989258
2020-08-17,18.113187789916992
2020-08-18,18.040546417236328
2020-08-19,17.895252227783203
2020-08-20,17.733814239501953
2020-08-21,17.975969314575195
2020-08-24,18.290769577026367
2020-08-25,18.37148666381836
2020-08-26,18.306913375854492
2020-08-27,18.129329681396484
2020-08-28,18.492565155029297
2020-08-31,18.323057174682617
2020-09-01,18.419918060302734
2020-09-02,18.492565155029297
2020-09-03,18.274627685546875
2020-09-04,18.177764892578125
2020-09-08,17.975969314575195
2020-09-09,18.24233627319336
2020-09-10,17.911394119262695
2020-09-11,18.0970458984375
2020-09-14,18.24233627319336
2020-09-15,18.427989959716797
2020-09-16,18.355344772338867
2020-09-17,18.28269386291504
2020-09-18,18.210052490234375
2020-09-21,17.879104614257812
2020-09-22,17.636951446533203
2020-09-23,17.580448150634766
2020-09-24,17.523942947387695
2020-09-25,17.56430435180664
2020-09-28,17.612733840942383
2020-09-29,17.580448150634766
2020-09-30,17.693452835083008
2020-10-01,17.887176513671875
2020-10-02,17.790315628051758
2020-10-05,18.00018310546875
2020-10-06,17.967893600463867
2020-10-07,18.13740348815918
2020-10-08,18.161623001098633
2020-10-09,18.080904006958008
2020-10-12,18.129329681396484
2020-10-13,18.080904006958008
2020-10-14,17.984041213989258
2020-10-15,17.709596633911133
2020-10-16,17.677310943603516
2020-10-19,17.65309715270996
2020-10-20,17.741886138916016
2020-10-21,17.733814239501953
2020-10-22,17.85489273071289
2020-10-23,17.935609817504883
2020-10-26,17.86296272277832
2020-10-27,17.709596633911133
2020-10-28,17.499731063842773
2020-10-29,17.580448150634766
2020-10-30,17.354440689086914
2020-11-02,17.548160552978516
2020-11-03,17.895252227783203
2020-11-04,18.38763427734375
2020-11-05,18.613643646240234
2020-11-06,18.444135665893555
2020-11-09,18.86387062072754
2020-11-10,19.275531768798828
2020-11-11,19.315893173217773
2020-11-12,19.009164810180664
2020-11-13,19.243244171142578
2020-11-16,19.517688751220703
2020-11-17,19.630695343017578
2020-11-18,19.598405838012695
2020-11-19,19.630695343017578
2020-11-20,19.735628128051758
2020-11-23,19.412750244140625
2020-11-24,19.75177001953125
2020-11-25,19.775985717773438
2020-11-27,19.792131423950195
2020-11-30,19.2028865814209
2020-12-01,19.509614944458008
2020-12-02,19.485401153564453
2020-12-03,19.533832550048828
2020-12-04,19.735628128051758
2020-12-07,19.57419204711914
2020-12-08,19.509614944458008
2020-12-09,19.469257354736328
2020-12-10,19.695270538330078
2020-12-11,19.558048248291016
2020-12-14,19.597959518432617
2020-12-15,19.565380096435547
2020-12-16,19.61425018310547
2020-12-17,19.663124084472656
2020-12-18,19.565380096435547
2020-12-21,19.402467727661133
2020-12-22,19.24770736694336
2020-12-23,19.467634201049805
2020-12-24,19.638690948486328
2020-12-28,19.79344940185547
2020-12-29,19.769014358520508
2020-12-30,20.20886993408203
2020-12-31,20.070396423339844
2021-01-04,20.274030685424805
2021-01-05,20.811628341674805
2021-01-06,20.526540756225586
2021-01-07,20.65686798095703
2021-01-08,20.811628341674805
2021-01-11,20.583560943603516
2021-01-12,20.86865234375
2021-01-13,20.844213485717773
2021-01-14,20.811628341674805
2021-01-15,20.941957473754883
2021-01-19,21.438833236694336
2021-01-20,21.577302932739258
2021-01-21,21.52028465270996
2021-01-22,21.218904495239258
2021-01-25,21.56101417541504
2021-01-26,21.300357818603516
2021-01-27,20.88494110107422
2021-01-28,20.827922821044922
2021-01-29,20.412504196166992
2021-02-01,20.616140365600586
2021-02-02,20.97454071044922
2021-02-03,20.941957473754883
2021-02-04,20.998979568481445
2021-02-05,21.235197067260742
2021-02-08,21.20261573791504
2021-02-09,21.292213439941406
2021-02-10,21.414398193359375
2021-02-11,21.7646484375
2021-02-12,21.797231674194336
2021-02-16,21.927560806274414
2021-02-17,22.180068969726562
2021-02-18,21.919416427612305
2021-02-19,22.0660343170166
2021-02-22,21.84610366821289
2021-02-23,22.644357681274414
2021-02-24,22.20450782775879
2021-02-25,21.927560806274414
2021-02-26,21.43068504333496
2021-03-01,21.75650405883789
2021-03-02,21.43068504333496
2021-03-03,21.634319305419922
2021-03-04,21.54472541809082
2021-03-05,21.634319305419922
2021-03-08,21.47141456604004
2021-03-09,21.683195114135742
2021-03-10,21.935701370239258
2021-03-11,22.041595458984375
2021-03-12,21.813526153564453
2021-03-15,21.976430892944336
2021-03-16,21.919416427612305
2021-03-17,22.009014129638672
2021-03-18,22.00086784362793
2021-03-19,21.951993942260742
2021-03-22,21.82981300354004
2021-03-23,21.463266372680664
2021-03-24,21.072290420532227
2021-03-25,21.47141456604004
2021-03-26,21.821672439575195
2021-03-29,21.84610366821289
2021-03-30,21.935701370239258
2021-03-31,21.65061378479004
2021-04-01,21.797231674194336
2021-04-05,21.960140228271484
2021-04-06,21.870540618896484
2021-04-07,21.52028465270996
2021-04-08,21.984577178955078
2021-04-09,22.033451080322266
2021-04-12,21.73206901550293
2021-04-13,21.894977569580078
2021-04-14,22.16377830505371
2021-04-15,22.155630111694336
2021-04-16,22.16377830505371
2021-04-19,22.123046875
2021-04-20,22.106760025024414
2021-04-21,22.188213348388672
2021-04-22,22.09861183166504
2021-04-23,22.39185333251953
2021-04-26,22.4244327545166
2021-04-27,22.383705139160156
2021-04-28,22.408138275146484
2021-04-29,22.70137596130371
2021-04-30,22.212650299072266
2021-05-03,22.131196975708008
2021-05-04,22.123046875
2021-05-05,22.171920776367188
2021-05-06,22.39185333251953
2021-05-07,22.546613693237305
2021-05-10,22.62806510925293
2021-05-11,22.09861183166504
2021-05-12,21.90312385559082
2021-05-13,21.88683319091797
2021-05-14,22.0660343170166
2021-05-17,22.08232307434082
2021-05-18,22.180068969726562
2021-05-19,22.25337791442871
2021-05-20,22.188213348388672
2021-05-21,22.20450782775879
2021-05-24,22.16377830505371
2021-05-25,22.5710506439209
2021-05-26,22.82356071472168
2021-05-27,22.839853286743164
2021-05-28,22.888723373413086
2021-06-01,22.685087203979492
2021-06-02,22.58734130859375
2021-06-03,22.383705139160156
2021-06-04,22.399995803833008
2021-06-07,22.302249908447266
2021-06-08,22.318540573120117
2021-06-09,22.277814865112305
2021-06-10,22.2877254486084
2021-06-11,22.27120590209961
2021-06-14,22.329030990600586
2021-06-15,22.006860733032227
2021-06-16,21.965551376342773
2021-06-17,21.97381591796875
2021-06-18,22.07294464111328
2021-06-21,21.99033546447754
2021-06-22,21.965551376342773
2021-06-23,22.105989456176758
2021-06-24,22.205121994018555
2021-06-25,22.329030990600586
2021-06-28,22.196857452392578
2021-06-29,22.130775451660156
2021-06-30,22.07294464111328
2021-07-01,22.114248275756836
2021-07-02,22.056425094604492
2021-07-06,21.924251556396484
2021-07-07,22.1638126373291
2021-07-08,21.858165740966797
2021-07-09,21.89946937561035
2021-07-12,22.039899826049805
2021-07-13,22.1390323638916
2021-07-14,22.006860733032227
2021-07-15,22.122512817382812
2021-07-16,22.1885986328125
2021-07-19,21.76729393005371
2021-07-20,21.849903106689453
2021-07-21,22.130775451660156
2021-07-22,22.27120590209961
2021-07-23,22.031641006469727
2021-07-26,21.734249114990234
2021-07-27,21.08164405822754
2021-07-28,21.271644592285156
2021-07-29,21.3790340423584
2021-07-30,21.544252395629883
2021-08-02,21.53598976135254
2021-08-03,21.626859664916992
2021-08-04,21.527727127075195
2021-08-05,21.42860221862793
2021-08-06,21.387298583984375
2021-08-09,21.469905853271484
2021-08-10,21.403820037841797
2021-08-11,21.453384399414062
2021-08-12,21.2799072265625
2021-08-13,21.478164672851562
2021-08-16,21.610342025756836
2021-08-17,21.370773315429688
2021-08-18,21.321208953857422
2021-08-19,21.321208953857422
2021-08-20,21.222082138061523
2021-08-23,21.345989227294922
2021-08-24,21.288169860839844
2021-08-25,21.29642677307129
2021-08-26,21.213817596435547
2021-08-27,21.3046875
2021-08-30,21.288169860839844
2021-08-31,21.288169860839844
2021-09-01,21.42860221862793
2021-09-02,21.39555549621582
2021-09-03,21.288169860839844
2021-09-07,21.42860221862793
2021-09-08,21.436864852905273
2021-09-09,21.26338005065918
2021-09-10,21.387298583984375
2021-09-13,21.387298583984375
2021-09-14,21.06512451171875
2021-09-15,20.643815994262695
2021-09-16,20.338171005249023
2021-09-17,20.205995559692383
2021-09-20,19.462522506713867
2021-09-21,19.75165367126465
2021-09-22,20.10686683654785
2021-09-23,20.007740020751953
2021-09-24,19.4873046875
2021-09-27,19.627737045288086
2021-09-28,19.429479598999023
2021-09-29,19.735130310058594
2021-09-30,19.809478759765625
2021-10-01,19.726869583129883
2021-10-04,19.60295867919922
2021-10-05,19.834260940551758
2021-10-06,19.825998306274414
2021-10-07,20.024255752563477
2021-10-08,20.073822021484375
2021-10-11,19.883821487426758
2021-10-12,19.784698486328125
2021-10-13,19.974693298339844
2021-10-14,19.900346755981445
2021-10-15,20.214258193969727
2021-10-18,20.181211471557617
2021-10-19,20.404258728027344
2021-10-20,20.528173446655273
2021-10-21,20.296865463256836
2021-10-22,20.38773536682129
2021-10-25,20.453824996948242
2021-10-26,20.404258728027344
2021-10-27,20.22252082824707
2021-10-28,20.3216495513916
2021-10-29,20.2720890045166
2021-11-01,20.354694366455078
2021-11-02,20.205995559692383
2021-11-03,20.11512565612793
2021-11-04,20.098604202270508
2021-11-05,20.255563735961914
2021-11-08,20.313385009765625
2021-11-09,20.12339210510254
2021-11-10,20.08208465576172
2021-11-11,20.214258193969727
2021-11-12,20.073822021484375
2021-11-15,20.263824462890625
2021-11-16,20.296865463256836
2021-11-17,20.181211471557617
2021-11-18,20.164691925048828
2021-11-19,20.205995559692383
2021-11-22,20.263824462890625
2021-11-23,20.23077964782715
2021-11-24,20.24730110168457
2021-11-26,19.594696044921875
2021-11-29,19.594696044921875
2021-11-30,19.239479064941406
2021-12-01,19.165132522583008
2021-12-02,19.379911422729492
2021-12-03,19.503826141357422
2021-12-06,19.594696044921875
2021-12-07,19.79295539855957
2021-12-08,19.743391036987305
2021-12-09,19.75165367126465
2021-12-10,19.77643585205078
2021-12-13,19.47919464111328
2021-12-14,19.37065315246582
2021-12-15,19.353952407836914
2021-12-16,19.404048919677734
2021-12-17,19.15357208251953
2021-12-20,19.061721801757812
2021-12-21,19.14521598815918
2021-12-22,19.228713989257812
2021-12-23,19.287155151367188
2021-12-27,19.445798873901367
2021-12-28,19.445798873901367
2021-12-29,19.404048919677734
2021-12-30,19.42743492126465
2021-12-31,19.368968963623047
2022-01-03,19.435787200927734
2022-01-04,19.56107521057129
2022-01-05,19.26038932800293
2022-01-06,19.268741607666016
2022-01-07,19.56107521057129
2022-01-10,19.48590087890625
2022-01-11,19.51095962524414
2022-01-12,19.8116397857666
2022-01-13,19.66965103149414
2022-01-14,19.98703956604004
2022-01-18,19.703062057495117
2022-01-19,19.88681411743164
2022-01-20,20.287723541259766
2022-01-21,20.354541778564453
2022-01-24,20.329483032226562
2022-01-25,20.237607955932617
2022-01-26,19.96198081970215
2022-01-27,19.936925888061523
2022-01-28,19.602832794189453
2022-01-31,19.80328941345215
2022-02-01,19.911869049072266
2022-02-02,19.928571701049805
2022-02-03,19.83669662475586
2022-02-04,20.103971481323242
2022-02-07,20.15408706665039
2022-02-08,20.329483032226562
2022-02-09,20.52158546447754
2022-02-10,20.43806266784668
2022-02-11,20.304424285888672
2022-02-14,20.17914390563965
2022-02-15,20.454769134521484
2022-02-16,20.588403701782227
2022-02-17,20.4464168548584
2022-02-18,20.354541778564453
2022-02-22,19.819995880126953
2022-02-23,19.519311904907227
2022-02-24,19.42743492126465
2022-02-25,19.343910217285156
2022-02-28,18.943002700805664
2022-03-01,18.817718505859375
2022-03-02,18.675731658935547
2022-03-03,18.700782775878906
2022-03-04,18.45021629333496
2022-03-07,17.865554809570312
2022-03-08,17.924022674560547
2022-03-09,17.865554809570312
2022-03-10,17.915672302246094
2022-03-11,18.015901565551758
2022-03-14,17.823795318603516
2022-03-15,17.50640869140625
2022-03-16,18.667377471923828
2022-03-17,18.85112762451172
2022-03-18,19.3773250579834
2022-03-21,19.11840057373047
2022-03-22,19.09334373474121
2022-03-23,19.009822845458984
2022-03-24,19.143455505371094
2022-03-25,18.959707260131836
2022-03-28,18.943002700805664
2022-03-29,19.151811599731445
2022-03-30,19.218629837036133
2022-03-31,18.85112762451172
2022-04-01,19.143455505371094
2022-04-04,19.28544807434082
2022-04-05,19.084993362426758
2022-04-06,18.8427734375
2022-04-07,18.709136962890625
2022-04-08,18.89289093017578
2022-04-11,18.45021629333496
2022-04-12,18.400102615356445
2022-04-13,18.43351173400879
2022-04-14,18.45021629333496
2022-04-18,18.366695404052734
2022-04-19,18.383399963378906
2022-04-20,18.324934005737305
2022-04-21,18.09942054748535
2022-04-22,18.09942054748535
2022-04-25,17.865554809570312
2022-04-26,17.640045166015625
2022-04-27,17.840499877929688
2022-04-28,17.982492446899414
2022-04-29,17.848852157592773
2022-05-02,17.807090759277344
2022-05-03,18.09942054748535
2022-05-04,18.19965171813965
2022-05-05,17.731918334960938
2022-05-06,17.464645385742188
2022-05-09,17.13055419921875
2022-05-10,17.264190673828125
2022-05-11,17.1806697845459
2022-05-12,17.27254295349121
2022-05-13,17.640045166015625
2022-05-16,17.656747817993164
2022-05-17,18.040956497192383
2022-05-18,17.865554809570312
2022-05-19,17.999191284179688
2022-05-20,18.19129753112793
2022-05-23,18.19129753112793
2022-05-24,17.957433700561523
2022-05-25,17.982492446899414
2022-05-26,18.157888412475586
2022-05-27,18.483627319335938
2022-05-31,18.51703453063965
2022-06-01,18.441862106323242
2022-06-02,18.650671005249023
2022-06-03,18.500329971313477
2022-06-06,18.717493057250977
2022-06-07,18.750898361206055
2022-06-08,18.633968353271484
2022-06-09,18.422025680541992
2022-06-10,18.277904510498047
2022-06-13,17.938796997070312
2022-06-14,17.972707748413086
2022-06-15,18.074440002441406
2022-06-16,17.72685432434082
2022-06-17,17.769245147705078
2022-06-21,18.065961837768555
2022-06-22,17.87945556640625
2022-06-23,17.904888153076172
2022-06-24,18.2100830078125
2022-06-27,18.540714263916016
2022-06-28,18.667877197265625
2022-06-29,18.7187442779541
2022-06-30,18.820478439331055
2022-07-01,18.78656578063965
2022-07-05,18.57462501525879
2022-07-06,18.422025680541992
2022-07-07,18.71026611328125
2022-07-08,18.667877197265625
2022-07-11,18.21855926513672
2022-07-12,18.252471923828125
2022-07-13,18.286380767822266
2022-07-14,18.12530517578125
2022-07-15,17.989662170410156
2022-07-18,18.14225959777832
2022-07-19,18.260950088500977
2022-07-20,18.20160675048828
2022-07-21,17.989662170410156
2022-07-22,17.862497329711914
2022-07-25,18.065961837768555
2022-07-26,18.099872589111328
2022-07-27,18.243993759155273
2022-07-28,18.21855926513672
2022-07-29,18.015094757080078
2022-08-01,17.87945556640625
2022-08-02,17.608165740966797
2022-08-03,17.65903091430664
2022-08-04,17.828590393066406
2022-08-05,17.862497329711914
2022-08-08,17.887929916381836
2022-08-09,17.811630249023438
2022-08-10,17.794677734375
2022-08-11,17.92184066772461
2022-08-12,18.04052734375
2022-08-15,17.947275161743164
2022-08-16,17.91336441040039
2022-08-17,17.93031883239746
2022-08-18,17.752288818359375
2022-08-19,17.64207649230957
2022-08-22,17.591211318969727
2022-08-23,17.489477157592773
2022-08-24,17.311445236206055
2022-08-25,17.72685432434082
2022-08-26,17.591211318969727
2022-08-29,17.489477157592773
2022-08-30,17.26058006286621
2022-08-31,17.32840347290039
2022-09-01,17.23514747619629
2022-09-02,17.057119369506836
2022-09-06,16.904518127441406
2022-09-07,16.989295959472656
2022-09-08,16.853652954101562
2022-09-09,17.175804138183594
2022-09-12,17.34535789489746
2022-09-13,16.86212921142578
2022-09-14,16.82822036743164
2022-09-15,16.785829544067383
2022-09-16,16.887563705444336
2022-09-19,16.92995262145996
2022-09-20,16.904518127441406
2022-09-21,16.73496437072754
2022-09-22,16.53997802734375
2022-09-23,16.37042236328125
2022-09-26,16.24325942993164
2022-09-27,15.98892879486084
2022-09-28,15.819374084472656
2022-09-29,15.463310241699219
2022-09-30,15.463310241699219
2022-10-03,15.69221019744873
2022-10-04,15.997406005859375
2022-10-05,16.2093505859375
2022-10-06,16.124570846557617
2022-10-07,15.946538925170898
2022-10-10,15.69221019744873
2022-10-11,15.522653579711914
2022-10-12,15.38701057434082
2022-10-13,15.437874794006348
2022-10-14,15.039426803588867
2022-10-17,15.310711860656738
2022-10-18,15.208980560302734
2022-10-19,15.073335647583008
2022-10-20,15.090291023254395
2022-10-21,14.980083465576172
2022-10-24,14.123835563659668
2022-10-25,13.954279899597168
2022-10-26,14.16622257232666
2022-10-27,14.098401069641113
2022-10-28,13.877981185913086
2022-10-31,13.64908504486084
2022-11-01,14.157748222351074
2022-11-02,14.301867485046387
2022-11-03,14.25100040435791
2022-11-04,14.980083465576172
2022-11-07,15.141159057617188
2022-11-08,15.242892265319824
2022-11-09,14.9546480178833
2022-11-10,15.505698204040527
2022-11-11,16.285646438598633
2022-11-14,16.421289443969727
2022-11-15,16.74344253540039
2022-11-16,16.573888778686523
2022-11-17,16.76039695739746
2022-11-18,16.489112854003906
2022-11-21,16.285646438598633
2022-11-22,16.285646438598633
2022-11-23,16.29412269592285
2022-11-25,16.150005340576172
2022-11-28,16.082183837890625
2022-11-29,16.55693244934082
2022-11-30,16.9638614654541
2022-12-01,17.192760467529297
2022-12-02,17.294492721557617
2022-12-05,17.32840347290039
2022-12-06,17.684467315673828
2022-12-07,17.26058006286621
2022-12-08,17.820110321044922
2022-12-09,17.972707748413086
2022-12-12,17.989662170410156
2022-12-13,18.428688049316406
2022-12-14,18.256858825683594
2022-12-15,18.02488899230957
2022-12-16,17.97334098815918
2022-12-19,17.84446907043457
2022-12-20,17.887426376342773
2022-12-21,17.999113082885742
2022-12-22,17.853059768676758
2022-12-23,18.09362030029297
2022-12-27,18.497419357299805
2022-12-28,18.09362030029297
2022-12-29,18.33418083190918
2022-12-30,18.0506649017334
2023-01-03,18.488826751708984
2023-01-04,19.055864334106445
2023-01-05,18.884033203125
2023-01-06,18.961355209350586
2023-01-09,18.866851806640625
2023-01-10,18.909807205200195
2023-01-11,18.841079711914062
2023-01-12,19.004316329956055
2023-01-13,18.969947814941406
2023-01-17,18.76375389099121
2023-01-18,18.69502067565918
2023-01-19,18.935585021972656
2023-01-20,19.15036964416504
2023-01-23,19.408111572265625
2023-01-24,19.365158081054688
2023-01-25,19.399520874023438
2023-01-26,19.399520874023438
2023-01-27,19.28783416748047
2023-01-30,19.184734344482422
2023-01-31,18.94417381286621
2023-02-01,19.116003036499023
2023-02-02,18.918399810791016
2023-02-03,18.76375389099121
2023-02-06,18.643474578857422
2023-02-07,18.557559967041016
2023-02-08,18.45446014404297
2023-02-09,18.737979888916016
2023-02-10,18.46305274963379
2023-02-13,18.506010055541992
2023-02-14,18.531784057617188
2023-02-15,18.239673614501953
2023-02-16,18.239673614501953
2023-02-17,17.981929779052734
2023-02-21,17.878833770751953
2023-02-22,17.861650466918945
2023-02-23,17.595314025878906
2023-02-24,17.371936798095703
2023-02-27,17.595314025878906
2023-02-28,17.509401321411133
2023-03-01,17.921791076660156
2023-03-02,18.153759002685547
2023-03-03,18.127986907958984
2023-03-06,18.153759002685547
2023-03-07,17.91320037841797
2023-03-08,17.767147064208984
2023-03-09,17.629680633544922
2023-03-10,17.225881576538086
2023-03-13,17.41489601135254
2023-03-14,17.560949325561523
2023-03-15,17.251657485961914
2023-03-16,17.251657485961914
2023-03-17,17.174333572387695
2023-03-20,17.122787475585938
2023-03-21,17.182924270629883
2023-03-22,17.38052749633789
2023-03-23,17.50080680847168
2023-03-24,17.52658462524414
2023-03-27,17.466440200805664
2023-03-28,17.517990112304688
2023-03-29,17.621089935302734
2023-03-30,17.741369247436523
2023-03-31,17.655454635620117
2023-04-03,17.91320037841797
2023-04-04,17.878833770751953
2023-04-05,17.77573585510254
2023-04-06,17.938976287841797
2023-04-10,17.95615577697754
2023-04-11,17.999113082885742
2023-04-12,17.835878372192383
2023-04-13,18.01629638671875
2023-04-14,17.82728385925293
2023-04-17,18.059253692626953
2023-04-18,18.0506649017334
2023-04-19,17.861650466918945
2023-04-20,17.8015079498291
2023-04-21,17.707002639770508
2023-04-24,17.56954002380371
2023-04-25,17.303205490112305
2023-04-26,17.543764114379883
2023-04-27,17.8015079498291
2023-04-28,17.896015167236328
2023-05-01,17.878833770751953
2023-05-02,17.56954002380371
2023-05-03,17.560949325561523
2023-05-04,17.707002639770508
2023-05-05,17.715595245361328
2023-05-08,17.715595245361328
2023-05-09,17.440671920776367
2023-05-10,17.440671920776367
2023-05-11,17.38912010192871
2023-05-12,17.08841896057129
2023-05-15,17.56954002380371
2023-05-16,17.26024627685547
2023-05-17,17.07982635498047
2023-05-18,17.002504348754883
2023-05-19,17.08841896057129
2023-05-22,17.174333572387695
2023-05-23,16.873632431030273
2023-05-24,16.736169815063477
2023-05-25,16.469831466674805
2023-05-26,16.727577209472656
2023-05-30,16.35814666748047
2023-05-31,16.28082275390625
2023-06-01,16.409692764282227
2023-06-02,16.8994083404541
2023-06-05,16.950956344604492
2023-06-06,17.08841896057129
2023-06-07,16.960105895996094
2023-06-08,17.16959571838379
2023-06-09,17.117223739624023
2023-06-12,17.187057495117188
2023-06-13,17.30925750732422
2023-06-14,17.32671546936035
2023-06-15,17.352903366088867
2023-06-16,17.422731399536133
2023-06-20,17.134679794311523
2023-06-21,17.047393798828125
2023-06-22,17.064851760864258
2023-06-23,16.689512252807617
2023-06-26,16.698240280151367
2023-06-27,16.92519187927246
2023-06-28,16.97756576538086
2023-06-29,16.811716079711914
2023-06-30,16.872817993164062
2023-07-03,16.986289978027344
2023-07-05,16.92519187927246
2023-07-06,16.43637466430664
2023-07-07,16.43637466430664
2023-07-10,16.401460647583008
2023-07-11,16.58476448059082
2023-07-12,16.741884231567383
2023-07-13,17.09103775024414
2023-07-14,16.960105895996094
2023-07-17,16.933921813964844
2023-07-18,16.75934410095215
2023-07-19,16.750614166259766
2023-07-20,16.741884231567383
2023-07-21,16.80298614501953
2023-07-24,16.820444107055664
2023-07-25,16.846630096435547
2023-07-26,17.082307815551758
2023-07-27,17.073579788208008
2023-07-28,17.44892120361328
2023-07-31,17.46637725830078
2023-08-01,17.195785522460938
2023-08-02,16.899003982543945
2023-08-03,17.064851760864258
2023-08-04,16.680782318115234
2023-08-07,16.724428176879883
2023-08-08,16.445104598999023
2023-08-09,16.43637466430664
2023-08-10,16.497478485107422
2023-08-11,16.235614776611328
2023-08-14,16.12213897705078
2023-08-15,15.860272407531738
2023-08-16,15.676968574523926
2023-08-17,15.642053604125977
2023-08-18,15.441290855407715
2023-08-21,15.223069190979004
2023-08-22,15.196883201599121
2023-08-23,15.432559967041016
2023-08-24,15.380189895629883
2023-08-25,15.371460914611816
2023-08-28,15.607137680053711
2023-08-29,16.0086612701416
2023-08-30,15.99120807647705
2023-08-31,15.842817306518555
2023-09-01,16.087223052978516
2023-09-05,15.799173355102539
2023-09-06,15.790441513061523
2023-09-07,15.493661880493164
2023-09-08,15.493661880493164
2023-09-11,15.3627290725708
2023-09-12,15.441290855407715
2023-09-13,15.432559967041016
2023-09-14,15.388916015625
2023-09-15,15.310359001159668
2023-09-18,15.24052619934082
2023-09-19,15.24925708770752
2023-09-20,15.196883201599121
2023-09-21,14.952475547790527
2023-09-22,15.266712188720703
2023-09-25,14.987393379211426
2023-09-26,14.75171184539795
2023-09-27,14.891376495361328
2023-09-28,14.821542739868164
2023-09-29,14.969932556152344
2023-10-02,14.908831596374512
2023-10-03,14.708067893981934
2023-10-04,14.777900695800781
2023-10-05,14.873917579650879
2023-10-06,15.135781288146973
2023-10-09,15.07468032836914
2023-10-10,15.284170150756836
2023-10-11,15.371460914611816
2023-10-12,15.301630020141602
2023-10-13,15.07468032836914
2023-10-16,15.170697212219238
2023-10-17,15.153240203857422
2023-10-18,14.917560577392578
2023-10-19,14.673152923583984
2023-10-20,14.620780944824219
2023-10-23,14.646968841552734
2023-10-24,14.891376495361328
2023-10-25,14.612051963806152
2023-10-26,14.550950050354004
2023-10-27,14.673152923583984
2023-10-30,14.795356750488281
2023-10-31,14.646968841552734
2023-11-01,14.664422988891602
2023-11-02,14.952475547790527
2023-11-03,15.310359001159668
2023-11-06,15.3627290725708
2023-11-07,15.135781288146973
2023-11-08,14.961204528808594
2023-11-09,14.865187644958496
2023-11-10,14.80408763885498
2023-11-13,14.99612045288086
2023-11-14,15.319085121154785
2023-11-15,15.624595642089844
2023-11-16,15.319085121154785
2023-11-17,15.388916015625
2023-11-20,15.589682579040527
2023-11-21,15.423834800720215
2023-11-22,15.458746910095215
2023-11-24,15.388916015625
2023-11-27,15.196883201599121
2023-11-28,15.10086441040039
2023-11-29,14.812813758850098
2023-11-30,14.673152923583984
2023-12-01,14.716798782348633
2023-12-04,14.577136993408203
2023-12-05,14.254169464111328
2023-12-06,14.324000358581543
2023-12-07,14.358918190002441
2023-12-08,14.367643356323242
2023-12-11,14.446203231811523
2023-12-12,14.420019149780273
2023-12-13,14.524763107299805
2023-12-14,14.94374942779541
2023-12-15,15.07468032836914
2023-12-18,15.039764404296875
2023-12-19,15.153240203857422
2023-12-20,14.82206916809082
2023-12-21,15.242745399475098
2023-12-22,15.189041137695312
2023-12-26,15.224843978881836
2023-12-27,15.323299407958984
2023-12-28,15.52916145324707
2023-12-29,15.547062873840332
2024-01-02,15.153240203857422
2024-01-03,15.117436408996582
2024-01-04,14.911574363708496
2024-01-05,14.920525550842285
2024-01-08,14.831021308898926
2024-01-09,14.643059730529785
2024-01-10,14.625158309936523
2024-01-11,14.705713272094727
2024-01-12,14.777316093444824
2024-01-16,14.329791069030762
2024-01-17,13.91806697845459
2024-01-18,13.998620986938477
2024-01-19,14.10602855682373
2024-01-22,13.748005867004395
2024-01-23,14.141830444335938
2024-01-24,14.464048385620117
2024-01-25,14.455098152160645
2024-01-26,14.553553581237793
2024-01-29,14.464048385620117
2024-01-30,14.168681144714355
2024-01-31,14.034423828125
2024-02-01,14.204484939575195
2024-02-02,13.980720520019531
2024-02-05,14.043373107910156
2024-02-06,14.481949806213379
2024-02-07,14.437195777893066
2024-02-08,14.285038948059082
2024-02-09,14.34769344329834
2024-02-12,14.499852180480957
2024-02-13,14.249236106872559
2024-02-14,14.374542236328125
2024-02-15,14.455098152160645
2024-02-16,14.616207122802734
2024-02-20,14.481949806213379
2024-02-21,14.875773429870605
2024-02-22,14.911574363708496
2024-02-23,14.866822242736816
2024-02-26,14.795218467712402
2024-02-27,14.795218467712402
2024-02-28,14.607256889343262
2024-02-29,14.616207122802734
2024-03-01,14.553553581237793
2024-03-04,14.526701927185059
2024-03-05,14.24028491973877
2024-03-06,14.392444610595703
2024-03-07,14.437195777893066
2024-03-08,14.490900993347168
2024-03-11,14.768367767333984
2024-03-12,15.027934074401855
2024-03-13,15.072684288024902
2024-03-14,14.795218467712402
2024-03-15,14.669909477233887
2024-03-18,14.455098152160645
2024-03-19,14.383493423461914
2024-03-20,14.356643676757812
2024-03-21,14.428247451782227
2024-03-22,14.195531845092773
2024-03-25,14.097077369689941
2024-03-26,14.025473594665527
2024-03-27,14.007572174072266
2024-03-28,13.91806697845459
2024-04-01,14.007572174072266
2024-04-02,14.150781631469727
2024-04-03,13.998620986938477
2024-04-04,13.900165557861328
2024-04-05,13.980720520019531
2024-04-08,13.953868865966797
2024-04-09,14.10602855682373
2024-04-10,13.944918632507324
2024-04-11,14.034423828125
2024-04-12,13.56899642944336
2024-04-15,13.381035804748535
2024-04-16,13.130420684814453
2024-04-17,13.112520217895508
2024-04-18,13.193074226379395
2024-04-19,13.157271385192871
2024-04-22,13.416837692260742
2024-04-23,13.649550437927246
2024-04-24,13.873313903808594
2024-04-25,14.061274528503418
2024-04-26,14.302939414978027
2024-04-29,14.535653114318848
2024-04-30,14.356643676757812
2024-05-01,14.437195777893066
2024-05-02,15.027934074401855
2024-05-03,15.126387596130371
2024-05-06,15.21589183807373
2024-05-07,15.189041137695312
2024-05-08,14.965277671813965
2024-05-09,15.278547286987305
2024-05-10,15.582863807678223
2024-05-13,15.8245267868042
2024-05-14,15.690272331237793
2024-05-15,15.833478927612305
2024-05-16,15.967737197875977
2024-05-17,16.164649963378906
2024-05-20,16.10199546813965
2024-05-21,15.797676086425781
2024-05-22,15.654468536376953
2024-05-23,15.359102249145508
2024-05-24,15.305398941040039
2024-05-28,15.359102249145508
2024-05-29,15.117436408996582
2024-05-30,15.018982887268066
2024-05-31,14.965277671813965
2024-06-03,14.920525550842285
2024-06-04,15.036880493164062
2024-06-05,15.10848617553711
2024-06-06,15.10848617553711
2024-06-07,14.768367767333984
2024-06-10,14.848921775817871
2024-06-11,14.612091064453125
2024-06-12,14.575515747070312
2024-06-13,14.529796600341797
2024-06-14,14.401779174804688
2024-06-17,14.465788841247559
2024-06-18,14.456645011901855
2024-06-20,14.374348640441895
2024-06-21,14.237188339233398
2024-06-24,14.301196098327637
2024-06-25,14.109173774719238
2024-06-26,14.081740379333496
2024-06-27,13.926292419433594
2024-06-28,13.990301132202148
2024-07-01,13.972013473510742
2024-07-02,14.026877403259277
2024-07-03,14.209756851196289
2024-07-05,13.880573272705078
2024-07-08,13.661116600036621
2024-07-09,13.779989242553711
2024-07-10,13.871428489685059
2024-07-11,14.18232536315918
2024-07-12,14.511507987976074
2024-07-15,14.26462173461914
2024-07-16,14.28290843963623
2024-07-17,14.31948471069336
2024-07-18,14.17318058013916
2024-07-19,14.17318058013916
2024-07-22,14.28290843963623
2024-07-23,14.136604309082031
2024-07-24,13.908005714416504
2024-07-25,13.880573272705078
2024-07-26,13.972013473510742
2024-07-29,14.054309844970703
2024-07-30,13.935436248779297
2024-07-31,13.944581031799316
2024-08-01,13.935436248779297
2024-08-02,13.853140830993652
2024-08-05,13.944581031799316
2024-08-06,13.807421684265137
2024-08-07,13.8988618850708
2024-08-08,14.228044509887695
2024-08-09,14.136604309082031
2024-08-12,14.109173774719238
2024-08-13,14.28290843963623
2024-08-14,14.100028038024902
2024-08-15,14.246332168579102
2024-08-16,14.31948471069336
2024-08-19,14.465788841247559
2024-08-20,14.255477905273438
2024-08-21,14.273764610290527
2024-08-22,14.328628540039062
2024-08-23,14.5389404296875
2024-08-26,14.639524459838867
2024-08-27,14.740108489990234
2024-08-28,14.602948188781738
2024-08-29,14.776683807373047
2024-08-30,14.79497241973877
2024-09-03,14.456645011901855
2024-09-04,14.474932670593262
2024-09-05,14.621236801147461
2024-09-06,14.465788841247559
2024-09-09,14.557229042053223
2024-09-10,14.374348640441895
2024-09-11,14.41092586517334
2024-09-12,14.557229042053223
2024-09-13,14.593803405761719
2024-09-16,14.67609977722168
2024-09-17,14.88641357421875
2024-09-18,14.79497241973877
2024-09-19,15.261317253112793
2024-09-20,15.325323104858398
2024-09-23,15.480772018432617
2024-09-24,16.20314598083496
2024-09-25,15.965400695800781
2024-09-26,16.68777847290039
2024-09-27,17.12668800354004
2024-09-30,17.062679290771484
2024-10-01,17.446727752685547
2024-10-02,18.315406799316406
2024-10-03,17.812488555908203
2024-10-04,18.315406799316406
2024-10-07,18.608015060424805
2024-10-08,17.15412139892578
2024-10-09,17.108400344848633
2024-10-10,17.080968856811523
2024-10-11,17.22727394104004
2024-10-14,16.98952865600586
2024-10-15,16.35859489440918
2024-10-16,16.532329559326172
2024-10-17,16.239723205566406
2024-10-18,16.642057418823242
2024-10-21,16.367738723754883
2024-10-22,16.459177017211914
2024-10-23,16.303730010986328
2024-10-24,16.367738723754883
2024-10-25,16.431743621826172
2024-10-28,16.614625930786133
2024-10-29,16.52318572998047
2024-10-30,16.395170211791992
2024-10-31,16.34030532836914
2024-11-01,16.477466583251953
2024-11-04,16.532329559326172
2024-11-05,16.80664825439453
2024-11-06,16.42259979248047
2024-11-07,16.861513137817383
2024-11-08,16.450035095214844
2024-11-11,16.4134578704834
2024-11-12,15.974546432495117
2024-11-13,15.837386131286621
2024-11-14,15.773380279541016
2024-11-15,15.718514442443848
2024-11-18,15.819098472595215
2024-11-19,15.718514442443848
2024-11-20,15.76423454284668
2024-11-21,15.76423454284668
2024-11-22,15.48991584777832
2024-11-25,15.517346382141113
2024-11-26,15.517346382141113
2024-11-27,15.782522201538086
2024-11-29,15.947113990783691
2024-12-02,15.782522201538086
2024-12-03,15.892250061035156
2024-12-04,15.76423454284668
2024-12-05,15.800811767578125
2024-12-06,15.809955596923828
2024-12-09,16.696922302246094
2024-12-10,16.258010864257812
2024-12-11,16.084274291992188
2024-12-12,15.947113990783691
2024-12-13,15.846531867980957
2024-12-16,15.61793041229248
2024-12-17,15.622597694396973
2024-12-18,15.314623832702637
2024-12-19,15.361286163330078
2024-12-20,15.454611778259277
2024-12-23,15.594598770141602
2024-12-24,15.790581703186035
2024-12-26,15.855907440185547
2024-12-27,15.641263008117676
2024-12-30,15.519938468933105
2024-12-31,15.547937393188477
2025-01-02,15.305292129516602
2025-01-03,15.426614761352539
2025-01-06,15.370619773864746
2025-01-07,15.193304061889648
2025-01-08,15.025318145751953
2025-01-10,14.773340225219727
2025-01-13,14.745342254638672
2025-01-14,14.82933521270752
2025-01-15,15.015985488891602
2025-01-16,15.04398250579834
2025-01-17,15.305292129516602
2025-01-21,15.407949447631836
2025-01-22,15.29595947265625
2025-01-23,15.211967468261719
2025-01-24,15.33328914642334
2025-01-27,15.33328914642334
2025-01-28,15.407949447631836
2025-01-29,15.342622756958008
2025-01-30,15.594598770141602
2025-01-31,15.3986177444458
2025-02-03,15.221298217773438
2025-02-04,15.361286163330078
2025-02-05,15.118643760681152
2025-02-06,15.230631828308105
2025-02-07,15.127974510192871
2025-02-10,15.249297142028809
2025-02-11,15.099977493286133
2025-02-12,15.547937393188477
2025-02-13,15.706588745117188
2025-02-14,15.846576690673828
2025-02-18,15.76258373260498
2025-02-19,15.781249046325684
2025-02-20,15.855907440185547
2025-02-21,16.042558670043945
2025-02-24,16.070556640625
2025-02-25,16.219877243041992
2025-02-26,16.471851348876953
2025-02-27,16.471851348876953
2025-02-28,16.41585922241211
2025-03-03,16.1545467376709
2025-03-04,16.378528594970703
2025-03-05,16.96647834777832
2025-03-06,17.11579704284668
2025-03-07,17.087797164916992
2025-03-10,16.751829147338867
2025-03-11,16.90114974975586
2025-03-12,16.99447250366211
2025-03-13,16.957143783569336
2025-03-14,16.938478469848633
2025-03-17,17.162456512451172
2025-03-18,17.00380516052246
2025-03-19,17.143795013427734
2025-03-20,16.817155838012695
2025-03-21,16.649171829223633
2025-03-24,16.55584716796875
2025-03-25,16.509183883666992
2025-03-26,16.397193908691406
2025-03-27,16.621173858642578
2025-03-28,16.387861251831055
2025-03-31,16.341197967529297
2025-04-01,16.55584716796875
2025-04-02,16.602510452270508
2025-04-03,16.313199996948242
2025-04-04,15.286625862121582
2025-04-07,14.633352279663086
2025-04-08,14.185392379760742
2025-04-09,14.73600959777832
2025-04-10,14.717345237731934
2025-04-11,14.9039945602417
2025-04-14,15.267962455749512
2025-04-15,15.258630752563477
2025-04-16,15.249297142028809
2025-04-17,15.33328914642334
2025-04-21,15.286625862121582
2025-04-22,15.734587669372559
2025-04-23,15.939902305603027
2025-04-24,16.023893356323242
2025-04-25,16.033227920532227
2025-04-28,15.986563682556152
2025-04-29,16.014562606811523
2025-04-30,16.35053253173828
2025-05-01,16.30386734008789
2025-05-02,16.611841201782227
2025-05-05,16.621173858642578
2025-05-06,16.99447250366211
2025-05-07,17.078466415405273
2025-05-08,17.013137817382812
2025-05-09,17.12512969970703
2025-05-12,17.461097717285156
2025-05-13,17.433101654052734
2025-05-14,17.638416290283203
2025-05-15,17.545089721679688
2025-05-16,17.582422256469727
2025-05-19,17.647748947143555
2025-05-20,17.75040626525879
2025-05-21,17.563756942749023
2025-05-22,17.526426315307617
2025-05-23,17.517093658447266
2025-05-27,17.67574691772461
2025-05-28,17.563756942749023
2025-05-29,17.769073486328125
2025-05-30,17.67574691772461
2025-06-02,17.89972686767578
2025-06-03,18.086376190185547
2025-06-04,18.133039474487305
2025-06-05,18.179702758789062
2025-06-06,18.245027542114258
2025-06-09,18.422346115112305
2025-06-10,18.55299949645996
2025-06-11,18.627660751342773
2025-06-12,18.59966278076172
2025-06-13,18.431676864624023
2025-06-16,18.69769859313965
2025-06-17,18.487932205200195
2025-06-18,18.325841903686523
2025-06-20,18.116077423095703
2025-06-23,18.46886444091797
2025-06-24,18.974206924438477
2025-06-25,19.12676429748535
2025-06-26,18.99327850341797
2025-06-27,18.983741760253906
2025-06-30,18.93606948852539
2025-07-01,18.983741760253906
2025-07-02,19.1744384765625
2025-07-03,19.231645584106445
2025-07-07,18.897930145263672
2025-07-08,18.983741760253906
2025-07-09,19.002811431884766
2025-07-10,19.012348175048828
2025-07-11,19.15536880493164
2025-07-14,19.1744384765625
2025-07-15,19.15536880493164
2025-07-16,19.212575912475586
2025-07-17,19.317459106445312
2025-07-18,19.36513328552246
2025-07-21,19.517688751220703
2025-07-22,19.803733825683594
2025-07-23,19.84187126159668
2025-07-24,19.908613204956055
2025-07-25,19.822803497314453
2025-07-28,20.08977508544922
2025-07-29,20.204195022583008
2025-07-30,19.965824127197266
2025-07-31,19.736989974975586
2025-08-01,19.38420295715332
2025-08-04,19.698848724365234
2025-08-05,19.86094093322754
2025-08-06,19.85140609741211
2025-08-07,20.08024024963379
2025-08-08,20.07070541381836
2025-08-11,20.013498306274414
2025-08-12,20.204195022583008
2025-08-13,20.556978225708008
2025-08-14,20.385353088378906
2025-08-15,20.204195022583008
2025-08-18,20.10884666442871
2025-08-19,20.10884666442871
2025-08-20,20.166053771972656
2025-08-21,20.185123443603516
2025-08-22,20.480701446533203
2025-08-25,20.509305953979492
2025-08-26,20.46162986755371
2025-08-27,20.223262786865234
2025-08-28,20.30907440185547
2025-08-29,20.175588607788086
2025-09-02,20.299541473388672
2025-09-03,20.156518936157227
2025-09-04,20.02303123474121
2025-09-05,20.194658279418945
2025-09-08,20.404422760009766
2025-09-09,20.556978225708008
2025-09-10,20.652326583862305
2025-09-11,21.014650344848633
2025-09-12,20.900232315063477
2025-09-15,20.957439422607422
2025-09-16,20.728605270385742
2025-09-17,20.78581428527832
2025-09-18,20.58558464050293
2025-09-19,20.471166610717773
2025-09-22,20.385353088378906
2025-09-23,20.194658279418945
2025-09-24,20.09930992126465
2025-09-25,20.02303123474121
2025-09-26,20.12791633605957
2025-09-29,20.499771118164062
2025-09-30,20.54744529724121
2025-10-01,20.661863327026367
2025-10-02,20.59511947631836
2025-10-03,20.556978225708008
2025-10-06,20.53791046142578
2025-10-07,20.413959503173828
2025-10-08,20.53791046142578
2025-10-09,20.556978225708008
2025-10-10,19.698848724365234
2025-10-13,20.118379592895508
2025-10-14,20.08024024963379
2025-10-15,20.10884666442871
2025-10-16,20.013498306274414
2025-10-17,20.204195022583008
2025-10-20,20.423492431640625
2025-10-21,20.31861114501953
2025-10-22,20.051637649536133
2025-10-23,20.23279571533203
2025-10-24,20.413959503173828
2025-10-27,20.61418914794922
2025-10-28,20.862091064453125
2025-10-29,20.919301986694336
2025-10-30,20.442562103271484
2025-10-31,20.53791046142578
2025-11-03,20.97650909423828
2025-11-04,20.8430233001709
2025-11-05,21.06232452392578
2025-11-06,21.167205810546875
2025-11-07,21.243484497070312
2025-11-10,21.52952766418457
2025-11-11,21.75836181640625
2025-11-12,22.063474655151367
2025-11-13,21.825105667114258
2025-11-14,21.710689544677734
2025-11-17,21.31976318359375
2025-11-18,21.05278778076172
2025-11-19,20.871627807617188
2025-11-20,20.633256912231445
2025-11-21,20.690467834472656
2025-11-24,21.100461959838867
2025-11-25,21.119531631469727
2025-11-26,21.129066467285156
2025-11-28,21.205345153808594
2025-12-01,21.224414825439453
2025-12-02,21.148136138916016
2025-12-03,21.195810317993164
2025-12-04,21.05278778076172
2025-12-05,21.02418327331543
2025-12-08,20.80488395690918
2025-12-09,20.680932998657227
2025-12-10,20.80488395690918
2025-12-11,20.890697479248047
2025-12-12,20.85256004333496
2025-12-15,20.995580673217773
2025-12-16,20.803682327270508
2025-12-17,20.73479461669922
2025-12-18,21.098909378051758
2025-12-19,21.266204833984375
2025-12-22,21.295726776123047
2025-12-23,21.364612579345703
2025-12-24,21.463022232055664
2025-12-26,21.561431884765625
2025-12-29,21.118589401245117
2025-12-30,21.18747901916504
2025-12-31,20.91193199157715
2026-01-02,21.522069931030273
2026-01-05,21.640159606933594
2026-01-06,21.88618278503418
2026-01-07,21.70904541015625
2026-01-08,21.777931213378906
2026-01-09,21.964908599853516
2026-01-12,22.17156982421875
2026-01-13,22.043636322021484
2026-01-14,22.11252212524414
2026-01-15,22.447113037109375
2026-01-16,22.18140983581543
2026-01-20,21.945226669311523
2026-01-21,22.240455627441406
2026-01-22,22.279817581176758
2026-01-23,22.269977569580078
2026-01-26,22.466794967651367
2026-01-27,22.899795532226562
2026-01-28,23.17534065246582
2026-01-29,23.342636108398438
2026-01-30,23.008045196533203
2026-02-02,22.88011360168457
2026-02-03,22.998205184936523
2026-02-04,23.126136779785156
2026-02-05,22.95884132385254
2026-02-06,23.25406837463379
2026-02-09,23.36231803894043
2026-02-10,23.293432235717773
2026-02-11,23.421363830566406
2026-02-12,22.95884132385254
2026-02-13,22.78170394897461
2026-02-17,23.0572509765625
2026-02-18,23.185182571411133
2026-02-19,23.204864501953125
2026-02-20,23.381999969482422
2026-02-23,23.401683807373047
2026-02-24,23.568979263305664
2026-02-25,23.480409622192383
2026-02-26,23.490251541137695
2026-02-27,23.824840545654297
2026-03-02,23.55913734436035
2026-03-03,23.13597869873047
2026-03-04,22.939159393310547
2026-03-05,22.78170394897461
2026-03-06,22.8013858795166
2026-03-09,22.77186393737793
2026-03-10,22.939159393310547
2026-03-11,22.97852325439453
2026-03-12,22.51599884033203
2026-03-13,22.39790916442871
2026-03-16,22.66361427307129
2026-03-17,22.624250411987305
2026-03-18,22.28965950012207
2026-03-19,22.466794967651367
2026-03-20,21.964908599853516
2026-03-23,22.023954391479492
2026-03-24,22.17156982421875
2026-03-25,22.65377426147461
2026-03-26,22.2109317779541
2026-03-27,22.023954391479492
2026-03-30,22.023954391479492
2026-03-31,22.722660064697266
2026-04-01,22.88011360168457
2026-04-02,22.791545867919922
2026-04-06,22.899795532226562
2026-04-07,22.88011360168457
2026-04-08,23.391841888427734
2026-04-09,23.46072769165039
2026-04-10,23.500089645385742
2026-04-13,23.342636108398438
2026-04-14,23.490251541137695
2026-04-15,23.234386444091797
2026-04-16,23.017885208129883
2026-04-17,23.09661293029785
2026-04-20,23.14581871032715
2026-04-21,22.909637451171875
2026-04-22,23.126136779785156
2026-04-23,22.889955520629883
2026-04-24,22.988365173339844
2026-04-27,22.95884132385254
2026-04-28,22.899795532226562
2026-04-29,22.95884132385254
2026-04-30,23.342636108398438
2026-05-01,23.401683807373047
2026-05-04,23.06709098815918
2026-05-05,23.332794189453125
2026-05-06,24.001977920532227
2026-05-07,23.952774047851562
2026-05-08,23.893728256225586
2026-05-11,23.933090209960938
2026-05-12,23.795318603515625
2026-05-13,24.15943145751953
2026-05-14,24.0314998626709
2026-05-15,23.677227020263672
2026-05-18,23.588659286499023
2026-05-19,23.27375030517578
2026-05-20,23.500089645385742
2026-05-21,23.450885772705078
2026-05-22,23.116294860839844
2026-05-26,22.96868324279785
2026-05-27,22.732500076293945
2026-05-28,22.702978134155273
2026-05-29,22.742341995239258
2026-06-01,22.643932342529297
2026-06-02,22.8013858795166
2026-06-03,22.447113037109375
2026-06-04,22.161727905273438
2026-06-05,21.472864151000977
2026-06-08,21.50238800048828
2026-06-09,21.246522903442383
2026-06-10,21.03986358642578
2026-06-11,21.53190803527832
2026-06-12,21.649999618530273
2026-06-15,21.8700008392334
2026-06-16,21.729999542236328
2026-06-17,21.34000015258789
2026-06-18,21.280000686645508
2026-06-22,21.329999923706055
2026-06-23,21.1200008392334
2026-06-24,21.149999618530273
2026-06-25,21.1200008392334
2026-06-26,21.09000015258789
2026-06-29,21.06999969482422
2026-06-30,20.920000076293945
2026-07-01,21.059999465942383
2026-07-02,20.93000030517578
2026-07-06,21.229999542236328
2026-07-07,21.06999969482422
2026-07-08,21.110000610351562
2026-07-09,21.209999084472656
2026-07-10,21.5
2026-07-13,21.299999237060547
2026-07-14,21.670000076293945
2026-07-15,22.079999923706055
2026-07-16,22.049999237060547
2026-07-17,22.040000915527344
2026-07-20,22.139999389648438
2026-07-21,22.299999237060547
2026-07-22,22.540000915527344
2026-07-23,22.440000534057617
2026-07-24,22.549999237060547
2026-07-27,22.780000686645508
2026-07-28,22.950000762939453
2026-07-29,22.899999618530273
2026-07-30,23.299999237060547
2026-07-31,23.079999923706055
2026-08-03,22.920000076293945
2026-08-04,22.920000076293945
2026-08-05,22.6299991607666
2026-08-06,22.489999771118164
2026-08-07,22.709999084472656
2026-08-10,22.799999237060547
2026-08-11,22.479999542236328
2026-08-12,22.450000762939453
2026-08-13,22.5
2026-08-14,22.389999389648438
2026-08-17,22.489999771118164
2026-08-18,22.43000030517578
2026-08-19,22.899999618530273
2026-08-20,22.950000762939453
2026-08-21,23.350000381469727
2026-08-24,23.239999771118164
2026-08-25,23.200000762939453
2026-08-26,22.940000534057617
2026-08-27,22.959999084472656
2026-08-28,22.940000534057617
2026-08-31,22.90999984741211
2026-09-01,22.549999237060547
2026-09-02,22.8700008392334
2026-09-03,22.979999542236328
2026-09-04,23.200000762939453
2026-09-08,22.93000030517578
2026-09-09,22.690000534057617
2026-09-10,22.469999313354492
2026-09-11,22.520000457763672
2026-09-14,22.719999313354492
2026-09-15,22.469999313354492
2026-09-16,22.280000686645508
2026-09-17,22.520000457763672
2026-09-18,22.450000762939453
2026-09-21,22.760000228881836
2026-09-22,22.84000015258789
2026-09-23,22.40999984741211
2026-09-24,22.469999313354492
2026-09-25,22.260000228881836
2026-09-28,22.40999984741211
2026-09-29,22.219999313354492
2026-09-30,22.110000610351562
2026-10-01,22.15999984741211
2026-10-02,21.56999969482422
2026-10-05,21.770000457763672
2026-10-06,21.6200008392334
2026-10-07,21.579999923706055
