date,adjclose
2011-10-10,33.2294807434082
2011-10-11,33.168052673339844
2011-10-12,33.837013244628906
2011-10-13,33.393314361572266
2011-10-14,33.70048904418945
2011-10-17,32.11683654785156
2011-10-18,33.64588928222656
2011-10-19,31.475173950195312
2011-10-20,31.03148078918457
2011-10-21,31.96666145324707
2011-10-24,33.08613586425781
2011-10-25,32.48545455932617
2011-10-26,32.81992721557617
2011-10-27,34.81315612792969
2011-10-28,34.33531951904297
2011-10-31,32.64927673339844
2011-11-01,31.604883193969727
2011-11-02,32.376220703125
2011-11-03,33.59127426147461
2011-11-04,33.168052673339844
2011-11-07,33.372840881347656
2011-11-08,33.877967834472656
2011-11-09,31.796010971069336
2011-11-10,32.362571716308594
2011-11-11,32.99739456176758
2011-11-14,32.301143646240234
2011-11-15,32.36940383911133
2011-11-16,31.69361686706543
2011-11-17,30.57413101196289
2011-11-18,30.7720947265625
2011-11-21,29.29082489013672
2011-11-22,28.935869216918945
2011-11-23,28.068950653076172
2011-11-25,27.748126983642578
2011-11-28,29.236221313476562
2011-11-29,28.86078453063965
2011-11-30,31.058786392211914
2011-12-01,30.15091323852539
2011-12-02,30.47174072265625
2011-12-05,31.072437286376953
2011-12-06,30.72430419921875
2011-12-07,31.195302963256836
2011-12-08,29.36590576171875
2011-12-09,30.021203994750977
2011-12-12,28.929044723510742
2011-12-13,28.437562942504883
2011-12-14,27.959732055664062
2011-12-15,28.294208526611328
2011-12-16,28.191818237304688
2011-12-19,27.195207595825195
2011-12-20,28.837482452392578
2011-12-21,28.741567611694336
2011-12-22,28.54287338256836
2011-12-23,28.58399200439453
2011-12-27,28.73471450805664
2011-12-28,27.73441505432129
2011-12-29,28.34418487548828
2011-12-30,28.186609268188477
2012-01-03,29.38559913635254
2012-01-04,28.549732208251953
2012-01-05,28.275667190551758
2012-01-06,27.583681106567383
2012-01-09,27.604238510131836
2012-01-10,28.1455020904541
2012-01-11,28.796377182006836
2012-01-12,29.406150817871094
2012-01-13,28.858043670654297
2012-01-17,29.988521575927734
2012-01-18,30.98882484436035
2012-01-19,31.160104751586914
2012-01-20,31.1806640625
2012-01-23,31.571195602416992
2012-01-24,31.38620376586914
2012-01-25,32.00967025756836
2012-01-26,32.64686584472656
2012-01-27,33.55809783935547
2012-01-30,33.60605239868164
2012-01-31,33.1333122253418
2012-02-01,34.90782165527344
2012-02-02,35.09965515136719
2012-02-03,35.38740539550781
2012-02-06,35.61349868774414
2012-02-07,35.853309631347656
2012-02-08,35.873870849609375
2012-02-09,35.449073791503906
2012-02-10,34.4898796081543
2012-02-13,35.32574462890625
2012-02-14,34.61320877075195
2012-02-15,34.5994987487793
2012-02-16,35.33945083618164
2012-02-17,35.88755798339844
2012-02-21,35.9492301940918
2012-02-22,35.57925033569336
2012-02-23,35.11335754394531
2012-02-24,35.05169677734375
2012-02-27,34.49673080444336
2012-02-28,35.31889724731445
2012-02-29,35.42852783203125
2012-03-01,35.853309631347656
2012-03-02,35.510738372802734
2012-03-05,34.750240325927734
2012-03-06,33.8938102722168
2012-03-07,34.52414321899414
2012-03-08,34.92152786254883
2012-03-09,34.448768615722656
2012-03-12,34.13360595703125
2012-03-13,34.592655181884766
2012-03-14,34.592655181884766
2012-03-15,35.33945083618164
2012-03-16,35.77109146118164
2012-03-19,35.79850387573242
2012-03-20,35.147621154785156
2012-03-21,35.38055419921875
2012-03-22,35.22298049926758
2012-03-23,35.21613693237305
2012-03-26,36.38086700439453
2012-03-27,36.230133056640625
2012-03-28,35.757389068603516
2012-03-29,35.83961486816406
2012-03-30,36.34659957885742
2012-04-02,36.970088958740234
2012-04-03,36.69602966308594
2012-04-04,36.03144836425781
2012-04-05,35.91497039794922
2012-04-09,35.22298049926758
2012-04-10,33.982872009277344
2012-04-11,34.750240325927734
2012-04-12,35.79164505004883
2012-04-13,35.06540298461914
2012-04-16,34.92152786254883
2012-04-17,35.606658935546875
2012-04-18,34.900962829589844
2012-04-19,34.72968292236328
2012-04-20,34.962623596191406
2012-04-23,34.27748107910156
2012-04-24,34.866703033447266
2012-04-25,35.34630584716797
2012-04-26,36.065704345703125
2012-04-27,35.976627349853516
2012-04-30,35.48332595825195
2012-05-01,35.58610534667969
2012-05-02,35.147621154785156
2012-05-03,35.05169677734375
2012-05-04,35.010581970214844
2012-05-07,34.900962829589844
2012-05-08,34.64060974121094
2012-05-09,34.106204986572266
2012-05-10,34.448768615722656
2012-05-11,34.332305908203125
2012-05-14,33.14701461791992
2012-05-15,32.489280700683594
2012-05-16,32.96202087402344
2012-05-17,32.44131851196289
2012-05-18,32.126163482666016
2012-05-21,32.59889602661133
2012-05-22,32.18096923828125
2012-05-23,31.865795135498047
2012-05-24,31.043642044067383
2012-05-25,31.1806640625
2012-05-29,31.989133834838867
2012-05-30,31.35879135131836
2012-05-31,31.667112350463867
2012-06-01,31.447866439819336
2012-06-04,31.728775024414062
2012-06-05,31.74932861328125
2012-06-06,32.523529052734375
2012-06-07,32.59204864501953
2012-06-08,33.39365768432617
2012-06-11,32.78388595581055
2012-06-12,33.85270309448242
2012-06-13,33.64030838012695
2012-06-14,34.08564758300781
2012-06-15,34.24322509765625
2012-06-18,33.921226501464844
2012-06-19,34.80504608154297
2012-06-20,35.04484176635742
2012-06-21,34.8162841796875
2012-06-22,35.09587478637695
2012-06-25,34.59959411621094
2012-06-26,35.31255340576172
2012-06-27,35.703983306884766
2012-06-28,35.389442443847656
2012-06-29,36.58470153808594
2012-07-02,36.5357780456543
2012-07-03,37.01806640625
2012-07-05,36.42394256591797
2012-07-06,36.56372833251953
2012-07-09,36.409950256347656
2012-07-10,36.6196403503418
2012-07-11,36.89226150512695
2012-07-12,36.41694259643555
2012-07-13,36.556739807128906
2012-07-16,36.71051788330078
2012-07-17,36.96914291381836
2012-07-18,36.71051788330078
2012-07-19,36.75245666503906
2012-07-20,36.07444381713867
2012-07-23,35.333526611328125
2012-07-24,35.4383659362793
2012-07-25,35.92765426635742
2012-07-26,37.3675537109375
2012-07-27,38.241294860839844
2012-07-30,38.164405822753906
2012-07-31,37.717044830322266
2012-08-01,37.3675537109375
2012-08-02,37.199798583984375
2012-08-03,38.89134216308594
2012-08-06,39.19190216064453
2012-08-07,38.639705657958984
2012-08-08,38.47195053100586
2012-08-09,38.297210693359375
2012-08-10,38.849403381347656
2012-08-13,38.513885498046875
2012-08-14,37.65413284301758
2012-08-15,38.10848617553711
2012-08-16,38.61174392700195
2012-08-17,38.62572479248047
2012-08-20,38.57680130004883
2012-08-21,38.80046844482422
2012-08-22,39.268795013427734
2012-08-23,38.821449279785156
2012-08-24,38.87736129760742
2012-08-27,38.71659469604492
2012-08-28,38.61872863769531
2012-08-29,38.40205383300781
2012-08-30,37.996646881103516
2012-08-31,38.954246520996094
2012-09-04,39.05910110473633
2012-09-05,39.310733795166016
2012-09-06,39.7231330871582
2012-09-07,40.331241607666016
2012-09-10,39.7021598815918
2012-09-11,40.128536224365234
2012-09-12,40.06563186645508
2012-09-13,40.289306640625
2012-09-14,40.05863952636719
2012-09-17,39.98175048828125
2012-09-18,39.55537414550781
2012-09-19,39.42256164550781
2012-09-20,39.49945068359375
2012-09-21,39.932830810546875
2012-09-24,39.61129379272461
2012-09-25,39.562355041503906
2012-09-26,39.38062286376953
2012-09-27,39.681190490722656
2012-09-28,39.05910110473633
2012-10-01,39.38062286376953
2012-10-02,39.70915222167969
2012-10-03,39.0800666809082
2012-10-04,39.38062286376953
2012-10-05,39.28976058959961
2012-10-08,39.48546600341797
2012-10-09,39.28976058959961
2012-10-10,39.74409484863281
2012-10-11,40.785579681396484
2012-10-12,40.764617919921875
2012-10-15,40.94635009765625
2012-10-16,41.260887145996094
2012-10-17,41.52649688720703
2012-10-18,41.484561920166016
2012-10-19,41.456607818603516
2012-10-22,41.97384262084961
2012-10-23,41.638343811035156
2012-10-24,41.54747009277344
2012-10-25,41.74318313598633
2012-10-26,41.65232467651367
2012-10-31,42.33732223510742
2012-11-01,43.099212646484375
2012-11-02,42.33032989501953
2012-11-05,43.36482620239258
2012-11-06,43.343849182128906
2012-11-07,42.498077392578125
2012-11-08,42.85456085205078
2012-11-09,42.512062072753906
2012-11-12,42.02976989746094
2012-11-13,42.148597717285156
2012-11-14,41.589412689208984
2012-11-15,41.952877044677734
2012-11-16,41.82007598876953
2012-11-19,41.736202239990234
2012-11-20,41.82007598876953
2012-11-21,41.42165756225586
2012-11-23,41.98782730102539
2012-11-26,42.42119216918945
2012-11-27,42.505069732666016
2012-11-28,42.80563735961914
2012-11-29,43.02931594848633
2012-11-30,43.1900749206543
2012-12-03,43.79819107055664
2012-12-04,44.60201644897461
2012-12-05,44.951499938964844
2012-12-06,44.790740966796875
2012-12-07,45.098304748535156
2012-12-10,45.405853271484375
2012-12-11,45.51069259643555
2012-12-12,45.91610336303711
2012-12-13,45.48273849487305
2012-12-14,45.29401779174805
2012-12-17,46.055904388427734
2012-12-18,46.10483169555664
2012-12-19,45.52467346191406
2012-12-20,45.6015510559082
2012-12-21,45.07733154296875
2012-12-24,45.30099105834961
2012-12-26,45.86017990112305
2012-12-27,46.34947967529297
2012-12-28,46.11182403564453
2012-12-31,46.67799758911133
2013-01-02,47.41891098022461
2013-01-03,47.37697219848633
2013-01-04,47.293113708496094
2013-01-07,47.68452835083008
2013-01-08,47.58667755126953
2013-01-09,48.23672103881836
2013-01-10,48.38351058959961
2013-01-11,48.48136901855469
2013-01-14,49.10345458984375
2013-01-15,49.33412551879883
2013-01-16,50.270755767822266
2013-01-17,51.22136688232422
2013-01-18,51.01169204711914
2013-01-22,51.109554290771484
2013-01-23,51.256324768066406
2013-01-24,51.11652755737305
2013-01-25,50.36861038208008
2013-01-28,48.35554885864258
2013-01-29,48.97064971923828
2013-01-30,46.908660888671875
2013-01-31,47.265140533447266
2013-02-01,48.4464111328125
2013-02-04,48.041019439697266
2013-02-05,47.90121078491211
2013-02-06,47.691524505615234
2013-02-07,46.25161361694336
2013-02-08,46.59412384033203
2013-02-11,45.70640563964844
2013-02-12,46.34247589111328
2013-02-13,46.5102424621582
2013-02-14,46.209678649902344
2013-02-15,46.447330474853516
2013-02-19,46.44034194946289
2013-02-20,46.32151412963867
2013-02-21,45.19615173339844
2013-02-22,44.26651382446289
2013-02-25,43.87507629394531
2013-02-26,45.259063720703125
2013-02-27,45.86017990112305
2013-02-28,46.06987762451172
2013-03-01,46.796817779541016
2013-03-04,47.11835479736328
2013-03-05,47.3699951171875
2013-03-06,47.96411895751953
2013-03-07,47.894229888916016
2013-03-08,48.767948150634766
2013-03-11,48.6840705871582
2013-03-12,48.411476135253906
2013-03-13,47.75442886352539
2013-03-14,47.691524505615234
2013-03-15,48.33458709716797
2013-03-18,48.16683578491211
2013-03-19,47.335044860839844
2013-03-20,47.64259338378906
2013-03-21,47.44688034057617
2013-03-22,47.85928726196289
2013-03-25,47.845298767089844
2013-03-26,48.85182189941406
2013-03-27,49.32014083862305
2013-03-28,49.7605094909668
2013-04-01,50.04010772705078
2013-04-02,50.15192794799805
2013-04-03,49.21530532836914
2013-04-04,48.69804382324219
2013-04-05,48.66310501098633
2013-04-08,49.60672378540039
2013-04-09,49.45994567871094
2013-04-10,49.054534912109375
2013-04-11,50.179893493652344
2013-04-12,50.22183609008789
2013-04-15,49.94224166870117
2013-04-16,50.44550323486328
2013-04-17,49.7605094909668
2013-04-18,48.92171859741211
2013-04-19,49.1384162902832
2013-04-22,49.78846740722656
2013-04-23,50.2358283996582
2013-04-24,50.09601974487305
2013-04-25,50.16591262817383
2013-04-26,50.137969970703125
2013-04-29,50.340660095214844
2013-04-30,51.172454833984375
2013-05-01,50.8089714050293
2013-05-02,52.57040786743164
2013-05-03,52.58439254760742
2013-05-06,53.31134033203125
2013-05-07,53.24842834472656
2013-05-08,54.031280517578125
2013-05-09,53.24842834472656
2013-05-10,52.93388748168945
2013-05-13,52.70322036743164
2013-05-14,53.68877410888672
2013-05-15,54.010311126708984
2013-05-16,53.660823822021484
2013-05-17,53.1925163269043
2013-05-20,52.158016204833984
2013-05-21,52.68924331665039
2013-05-22,52.919898986816406
2013-05-23,53.066680908203125
2013-05-24,52.52848434448242
2013-05-28,51.242340087890625
2013-05-29,49.64167022705078
2013-05-30,49.5158576965332
2013-05-31,48.43942642211914
2013-06-03,44.44124984741211
2013-06-04,45.07033920288086
2013-06-05,44.448246002197266
2013-06-06,42.41421127319336
2013-06-07,43.72829055786133
2013-06-10,43.52558517456055
2013-06-11,42.442161560058594
2013-06-12,44.05681610107422
2013-06-13,44.67890548706055
2013-06-14,44.84667205810547
2013-06-17,44.657936096191406
2013-06-18,44.16865158081055
2013-06-19,42.973388671875
2013-06-20,39.7231330871582
2013-06-21,40.6667594909668
2013-06-24,39.0800666809082
2013-06-25,39.639251708984375
2013-06-26,40.94635009765625
2013-06-27,42.24821090698242
2013-06-28,42.32659912109375
2013-07-01,42.098567962646484
2013-07-02,41.48576354980469
2013-07-03,40.181758880615234
2013-07-05,39.81122589111328
2013-07-08,39.269676208496094
2013-07-09,40.06061935424805
2013-07-10,38.77799987792969
2013-07-11,40.04637145996094
2013-07-12,40.43827819824219
2013-07-15,41.92042541503906
2013-07-16,42.33371353149414
2013-07-17,43.11753463745117
2013-07-18,42.82539367675781
2013-07-19,42.4334716796875
2013-07-22,42.404972076416016
2013-07-23,42.41210174560547
2013-07-24,40.986961364746094
2013-07-25,41.150848388671875
2013-07-26,40.60930252075195
2013-07-29,40.374149322509766
2013-07-30,41.143733978271484
2013-07-31,40.0107421875
2013-08-01,40.68055725097656
2013-08-02,41.31474304199219
2013-08-05,40.91570281982422
2013-08-06,40.88007736206055
2013-08-07,40.2957649230957
2013-08-08,41.271995544433594
2013-08-09,41.478633880615234
2013-08-12,41.97743225097656
2013-08-13,41.83492660522461
2013-08-14,41.927555084228516
2013-08-15,41.065338134765625
2013-08-16,40.587921142578125
2013-08-19,39.15565872192383
2013-08-20,39.38368225097656
2013-08-21,37.231727600097656
2013-08-22,36.43364715576172
2013-08-23,36.69731140136719
2013-08-26,36.52627944946289
2013-08-27,34.21043395996094
2013-08-28,34.22468566894531
2013-08-29,34.609474182128906
2013-08-30,34.502586364746094
2013-09-03,34.55247116088867
2013-09-04,34.980010986328125
2013-09-05,34.78761672973633
2013-09-06,35.36478805541992
2013-09-09,37.51675033569336
2013-09-10,38.2150764465332
2013-09-11,38.428836822509766
2013-09-12,38.108184814453125
2013-09-13,37.93716812133789
2013-09-16,39.73284149169922
2013-09-17,39.86109924316406
2013-09-18,42.098567962646484
2013-09-19,43.51658248901367
2013-09-20,41.55702590942383
2013-09-23,41.27910614013672
2013-09-24,40.80169677734375
2013-09-25,40.28864288330078
2013-09-26,39.853981018066406
2013-09-27,39.12715530395508
2013-09-30,39.3052978515625
2013-10-01,41.1365966796875
2013-10-02,40.858699798583984
2013-10-03,40.416908264160156
2013-10-04,41.2292366027832
2013-10-07,40.63780212402344
2013-10-08,39.54758071899414
2013-10-09,40.081993103027344
2013-10-10,41.20786666870117
2013-10-11,41.35750198364258
2013-10-14,41.73516082763672
2013-10-15,41.35036849975586
2013-10-16,41.749412536621094
2013-10-17,42.191200256347656
2013-10-18,42.45485305786133
2013-10-21,42.41210174560547
2013-10-22,43.081912994384766
2013-10-23,42.526119232177734
2013-10-24,42.226837158203125
2013-10-25,42.65437316894531
2013-10-28,42.86102294921875
2013-10-29,42.84676742553711
2013-10-30,41.87767028808594
2013-10-31,41.150848388671875
2013-11-01,40.2957649230957
2013-11-04,40.388404846191406
2013-11-05,38.949012756347656
2013-11-06,39.39793395996094
2013-11-07,39.11290740966797
2013-11-08,38.68536376953125
2013-11-11,37.53812789916992
2013-11-12,37.110591888427734
2013-11-13,37.88728713989258
2013-11-14,39.276798248291016
2013-11-15,39.42644119262695
2013-11-18,39.79697799682617
2013-11-19,39.433555603027344
2013-11-20,39.14139938354492
2013-11-21,39.60457992553711
2013-11-22,40.27440643310547
2013-11-25,40.11763381958008
2013-11-26,40.081993103027344
2013-11-27,39.476322174072266
2013-11-29,39.918113708496094
2013-12-02,38.8848876953125
2013-12-03,37.951416015625
2013-12-04,38.1010627746582
2013-12-05,37.60225296020508
2013-12-06,38.9632682800293
2013-12-09,38.99177932739258
2013-12-10,39.23404312133789
2013-12-11,38.27207946777344
2013-12-12,38.229312896728516
2013-12-13,38.599857330322266
2013-12-16,39.38368225097656
2013-12-17,37.42411804199219
2013-12-18,37.67351150512695
2013-12-19,36.02749252319336
2013-12-20,35.3006706237793
2013-12-23,34.559600830078125
2013-12-24,35.52155685424805
2013-12-26,33.16294860839844
2013-12-27,32.4218864440918
2013-12-30,34.231815338134766
2013-12-31,33.96104049682617
2014-01-02,32.73540496826172
2014-01-03,32.49314498901367
2014-01-06,33.44797897338867
2014-01-07,33.911155700683594
2014-01-08,33.07032012939453
2014-01-09,32.80666732788086
2014-01-10,33.65462112426758
2014-01-13,32.88505935668945
2014-01-14,33.419471740722656
2014-01-15,33.38385009765625
2014-01-16,32.50739288330078
2014-01-17,31.581058502197266
2014-01-21,31.55255126953125
2014-01-22,32.04422378540039
2014-01-23,30.576324462890625
2014-01-24,29.179697036743164
2014-01-27,30.2841796875
2014-01-28,30.312681198120117
2014-01-29,29.329336166381836
2014-01-30,29.64999008178711
2014-01-31,29.614368438720703
2014-02-03,28.588266372680664
2014-02-04,30.106029510498047
2014-02-05,30.027660369873047
2014-02-06,31.146394729614258
2014-02-07,31.07512664794922
2014-02-10,30.86135482788086
2014-02-11,31.623804092407227
2014-02-12,31.288898468017578
2014-02-13,31.452787399291992
2014-02-14,31.987215042114258
2014-02-18,31.481294631958008
2014-02-19,30.60483741760254
2014-02-20,31.11075210571289
2014-02-21,31.481294631958008
2014-02-24,31.324527740478516
2014-02-25,30.063278198242188
2014-02-26,29.592979431152344
2014-02-27,30.319808959960938
2014-02-28,30.412443161010742
2014-03-03,29.55023956298828
2014-03-04,30.576324462890625
2014-03-05,30.889860153198242
2014-03-06,31.57393455505371
2014-03-07,30.854236602783203
2014-03-10,30.5122013092041
2014-03-11,29.927902221679688
2014-03-12,30.55495834350586
2014-03-13,30.106029510498047
2014-03-14,30.505077362060547
2014-03-17,31.068008422851562
2014-03-18,31.987215042114258
2014-03-19,31.11075210571289
2014-03-20,31.509788513183594
2014-03-21,30.83285903930664
2014-03-24,30.690336227416992
2014-03-25,31.38865852355957
2014-03-26,32.69978713989258
2014-03-27,32.870811462402344
2014-03-28,33.51924133300781
2014-03-31,34.68785095214844
2014-04-01,35.59994125366211
2014-04-02,35.74245834350586
2014-04-03,36.2341194152832
2014-04-04,36.41226577758789
2014-04-07,36.882568359375
2014-04-08,37.94429397583008
2014-04-09,37.47400665283203
2014-04-10,36.8469352722168
2014-04-11,37.10345458984375
2014-04-14,37.40987014770508
2014-04-15,36.35527038574219
2014-04-16,36.77568435668945
2014-04-17,37.5096321105957
2014-04-21,37.1675910949707
2014-04-22,36.83981704711914
2014-04-23,36.455020904541016
2014-04-24,36.61891555786133
2014-04-25,36.205623626708984
2014-04-28,36.93244171142578
2014-04-29,36.911067962646484
2014-04-30,37.91579055786133
2014-05-01,38.1438102722168
2014-05-02,38.471588134765625
2014-05-05,38.500099182128906
2014-05-06,38.73524856567383
2014-05-07,39.120025634765625
2014-05-08,39.39793395996094
2014-05-09,39.326683044433594
2014-05-12,39.67583084106445
2014-05-13,39.76846694946289
2014-05-14,39.70433807373047
2014-05-15,38.69961929321289
2014-05-16,38.76374816894531
2014-05-19,38.80650329589844
2014-05-20,38.3504638671875
2014-05-21,39.433555603027344
2014-05-22,40.50954055786133
2014-05-23,40.424034118652344
2014-05-27,39.97512435913086
2014-05-28,40.38127899169922
2014-05-29,41.257747650146484
2014-05-30,40.837318420410156
2014-06-02,40.481040954589844
2014-06-03,40.452537536621094
2014-06-04,40.23876190185547
2014-06-05,41.64252853393555
2014-06-06,42.1270637512207
2014-06-09,42.205448150634766
2014-06-10,42.75412368774414
2014-06-11,40.53091812133789
2014-06-12,40.69480895996094
2014-06-13,40.43827819824219
2014-06-16,39.098655700683594
2014-06-17,39.504817962646484
2014-06-18,40.302894592285156
2014-06-19,40.11763381958008
2014-06-20,39.967987060546875
2014-06-23,40.395530700683594
2014-06-24,39.76134490966797
2014-06-25,40.41587448120117
2014-06-26,40.03937530517578
2014-06-27,40.423118591308594
2014-06-30,40.22762680053711
2014-07-01,39.4239387512207
2014-07-02,39.30085754394531
2014-07-03,39.79320526123047
2014-07-07,40.423118591308594
2014-07-08,40.452083587646484
2014-07-09,40.90098190307617
2014-07-10,40.38690948486328
2014-07-11,40.792381286621094
2014-07-14,41.47296905517578
2014-07-15,41.552616119384766
2014-07-16,42.18977737426758
2014-07-17,40.88651657104492
2014-07-18,42.081172943115234
2014-07-21,42.21150207519531
2014-07-22,42.5445556640625
2014-07-23,43.02967071533203
2014-07-24,43.45683670043945
2014-07-25,43.57992172241211
2014-07-28,43.73921203613281
2014-07-29,43.080345153808594
2014-07-30,42.24045944213867
2014-07-31,41.55986022949219
2014-08-01,41.85671615600586
2014-08-04,41.914634704589844
2014-08-05,40.54620361328125
2014-08-06,39.858375549316406
2014-08-07,39.27190399169922
2014-08-08,40.40138626098633
2014-08-11,39.09812927246094
2014-08-12,39.18500900268555
2014-08-13,39.13432693481445
2014-08-14,39.2646598815918
2014-08-15,38.41752624511719
2014-08-18,39.0112419128418
2014-08-19,39.814918518066406
2014-08-20,39.1488037109375
2014-08-21,39.2646598815918
2014-08-22,39.170536041259766
2014-08-25,39.626670837402344
2014-08-26,40.45931625366211
2014-08-27,40.66929626464844
2014-08-28,40.647560119628906
2014-08-29,40.16245651245117
2014-09-02,40.05384826660156
2014-09-03,40.7199821472168
2014-09-04,41.08198928833008
2014-09-05,41.53814697265625
2014-09-08,40.973388671875
2014-09-09,39.32981872558594
2014-09-10,39.510826110839844
2014-09-11,38.76506042480469
2014-09-12,37.86725997924805
2014-09-15,37.90346145629883
2014-09-16,38.98229217529297
2014-09-17,38.27995681762695
2014-09-18,37.74417495727539
2014-09-19,36.99116134643555
2014-09-22,37.005645751953125
2014-09-23,36.78119659423828
2014-09-24,36.773963928222656
2014-09-25,35.68790054321289
2014-09-26,35.7313346862793
2014-09-29,35.4489631652832
2014-09-30,35.535858154296875
2014-10-01,34.753875732421875
2014-10-02,35.27519989013672
2014-10-03,34.9638671875
2014-10-06,35.67340850830078
2014-10-07,35.04349899291992
2014-10-08,35.420005798339844
2014-10-09,35.535858154296875
2014-10-10,34.63805389404297
2014-10-13,35.543087005615234
2014-10-14,35.65169906616211
2014-10-15,35.782020568847656
2014-10-16,35.745819091796875
2014-10-17,36.3757438659668
2014-10-20,36.79568099975586
2014-10-21,37.483516693115234
2014-10-22,37.27354431152344
2014-10-23,38.27995681762695
2014-10-24,38.61301803588867
2014-10-27,38.439247131347656
2014-10-28,39.48186492919922
2014-10-29,39.27912521362305
2014-10-30,39.45289993286133
2014-10-31,39.13432693481445
2014-11-03,38.366844177246094
2014-11-04,38.98229217529297
2014-11-05,38.07722473144531
2014-11-06,37.04909133911133
2014-11-07,37.33871078491211
2014-11-10,37.21562194824219
2014-11-11,37.411109924316406
2014-11-12,38.21479034423828
2014-11-13,38.77230453491211
2014-11-14,39.45289993286133
2014-11-17,39.054691314697266
2014-11-18,39.69183349609375
2014-11-19,39.61943817138672
2014-11-20,40.13349914550781
2014-11-21,40.65481185913086
2014-11-24,40.452083587646484
2014-11-25,40.40138626098633
2014-11-26,41.19784164428711
2014-11-28,41.7625846862793
2014-12-01,41.83499526977539
2014-12-02,41.21232223510742
2014-12-03,40.944427490234375
2014-12-04,41.75534439086914
2014-12-05,40.78513717651367
2014-12-08,40.1914176940918
2014-12-09,39.974212646484375
2014-12-10,39.67012405395508
2014-12-11,39.74251937866211
2014-12-12,38.6637077331543
2014-12-15,36.904293060302734
2014-12-16,36.30332946777344
2014-12-17,37.86001205444336
2014-12-18,38.80851364135742
2014-12-19,39.0112419128418
2014-12-22,39.64838790893555
2014-12-23,39.34429168701172
2014-12-24,39.64838790893555
2014-12-26,39.34429168701172
2014-12-29,38.93159866333008
2014-12-30,39.003997802734375
2014-12-31,39.32257843017578
2015-01-02,38.967796325683594
2015-01-05,39.32257843017578
2015-01-06,39.67736053466797
2015-01-07,40.176944732666016
2015-01-08,41.009586334228516
2015-01-09,41.096473693847656
2015-01-12,41.291969299316406
2015-01-13,41.25576400756836
2015-01-14,41.20508575439453
2015-01-15,40.47380065917969
2015-01-16,40.8575439453125
2015-01-20,41.089237213134766
2015-01-21,41.81326675415039
2015-01-22,42.71832275390625
2015-01-23,41.53089141845703
2015-01-26,41.82051086425781
2015-01-27,41.313682556152344
2015-01-28,40.51723098754883
2015-01-29,39.61943817138672
2015-01-30,38.64921951293945
2015-02-02,39.80767822265625
2015-02-03,39.489105224609375
2015-02-04,37.16493606567383
2015-02-05,37.64280319213867
2015-02-06,36.59294891357422
2015-02-09,36.716033935546875
2015-02-10,35.78926086425781
2015-02-11,35.83271408081055
2015-02-12,37.69348907470703
2015-02-13,37.650047302246094
2015-02-17,37.193904876708984
2015-02-18,37.69348907470703
2015-02-19,37.72969055175781
2015-02-20,37.75141143798828
2015-02-23,37.4400749206543
2015-02-24,37.9468994140625
2015-02-25,37.432838439941406
2015-02-26,36.860843658447266
2015-02-27,35.90510177612305
2015-03-02,35.970279693603516
2015-03-03,35.60101318359375
2015-03-04,34.09502029418945
2015-03-05,32.89310073852539
2015-03-06,32.65418243408203
2015-03-09,33.1392707824707
2015-03-10,31.71292495727539
2015-03-11,32.0966682434082
2015-03-12,32.32111740112305
2015-03-13,31.242300033569336
2015-03-16,32.03150177001953
2015-03-17,32.958274841308594
2015-03-18,33.8778076171875
2015-03-19,33.54473876953125
2015-03-20,34.43531036376953
2015-03-23,35.37656021118164
2015-03-24,34.652523040771484
2015-03-25,34.00088882446289
2015-03-26,33.53025817871094
2015-03-27,33.291324615478516
2015-03-30,34.00812530517578
2015-03-31,33.595420837402344
2015-04-01,33.61714172363281
2015-04-02,34.23981857299805
2015-04-06,35.28968811035156
2015-04-07,34.43531036376953
2015-04-08,34.652523040771484
2015-04-09,34.695960998535156
2015-04-10,34.41359329223633
2015-04-13,33.095829010009766
2015-04-14,33.378196716308594
2015-04-15,32.75553894042969
2015-04-16,33.35648727416992
2015-04-17,33.47957992553711
2015-04-20,33.081356048583984
2015-04-21,33.9502067565918
2015-04-22,33.63163375854492
2015-04-23,33.971927642822266
2015-04-24,34.196380615234375
2015-04-27,35.00006103515625
2015-04-28,35.3114013671875
2015-04-29,35.072471618652344
2015-04-30,33.95744705200195
2015-05-01,33.906761169433594
2015-05-04,33.8343620300293
2015-05-05,33.42889404296875
2015-05-06,33.218929290771484
2015-05-07,33.667816162109375
2015-05-08,34.13846206665039
2015-05-11,34.2036247253418
2015-05-12,34.942142486572266
2015-05-13,35.6372184753418
2015-05-14,36.81739807128906
2015-05-15,37.14321517944336
2015-05-18,37.324241638183594
2015-05-19,37.09977340698242
2015-05-20,36.998409271240234
2015-05-21,36.41194152832031
2015-05-22,35.941314697265625
2015-05-26,34.457027435302734
2015-05-27,34.97834396362305
2015-05-28,34.58736038208008
2015-05-29,33.88503646850586
2015-06-01,32.91482925415039
2015-06-02,33.30580520629883
2015-06-03,34.0153694152832
2015-06-04,33.60990905761719
2015-06-05,33.60990905761719
2015-06-08,31.38710594177246
2015-06-09,31.20609474182129
2015-06-10,32.16183090209961
2015-06-11,32.741065979003906
2015-06-12,32.567291259765625
2015-06-15,31.84325408935547
2015-06-16,32.169071197509766
2015-06-17,32.798988342285156
2015-06-18,33.095829010009766
2015-06-19,33.35648727416992
2015-06-22,34.2036247253418
2015-06-23,34.08777618408203
2015-06-24,34.13846206665039
2015-06-25,34.25334167480469
2015-06-26,34.17180633544922
2015-06-29,32.800498962402344
2015-06-30,33.460208892822266
2015-07-01,33.200767517089844
2015-07-02,33.28230285644531
2015-07-06,33.58622360229492
2015-07-07,33.57880783081055
2015-07-08,32.52622985839844
2015-07-09,33.185943603515625
2015-07-10,34.03838348388672
2015-07-13,34.36454391479492
2015-07-14,34.520198822021484
2015-07-15,34.082862854003906
2015-07-16,34.06062316894531
2015-07-17,34.275596618652344
2015-07-20,33.04511260986328
2015-07-21,33.01546096801758
2015-07-22,32.630001068115234
2015-07-23,31.362464904785156
2015-07-24,31.458816528320312
2015-07-27,30.42847442626953
2015-07-28,31.014068603515625
2015-07-29,31.014068603515625
2015-07-30,30.828760147094727
2015-07-31,31.859107971191406
2015-08-03,30.86582374572754
2015-08-04,30.776866912841797
2015-08-05,30.584142684936523
2015-08-06,31.04372215270996
2015-08-07,30.888051986694336
2015-08-10,30.69532585144043
2015-08-11,31.377283096313477
2015-08-12,30.954763412475586
2015-08-13,29.872533798217773
2015-08-14,29.94666290283203
2015-08-17,29.427793502807617
2015-08-18,28.7680721282959
2015-08-19,28.2047176361084
2015-08-20,28.03423309326172
2015-08-21,27.18178367614746
2015-08-24,26.64808464050293
2015-08-25,26.470184326171875
2015-08-26,28.063873291015625
2015-08-27,28.679113388061523
2015-08-28,28.004575729370117
2015-08-31,28.34555435180664
2015-09-01,27.263320922851562
2015-09-02,27.70066261291504
2015-09-03,26.989065170288086
2015-09-04,26.32192611694336
2015-09-08,26.38123321533203
2015-09-09,25.59549903869629
2015-09-10,26.151443481445312
2015-09-11,25.92906379699707
2015-09-14,25.706689834594727
2015-09-15,26.707380294799805
2015-09-16,27.248504638671875
2015-09-17,27.485702514648438
2015-09-18,26.974231719970703
2015-09-21,27.663602828979492
2015-09-22,27.278148651123047
2015-09-23,26.73703384399414
2015-09-24,26.73703384399414
2015-09-25,26.670318603515625
2015-09-28,26.121793746948242
2015-09-29,26.611026763916016
2015-09-30,27.085420608520508
2015-10-01,26.922351837158203
2015-10-02,28.049053192138672
2015-10-05,28.597585678100586
2015-10-06,28.701358795166016
2015-10-07,29.53156089782715
2015-10-08,30.265409469604492
2015-10-09,29.968896865844727
2015-10-12,29.694637298583984
2015-10-13,28.97562026977539
2015-10-14,29.872533798217773
2015-10-15,30.40624237060547
2015-10-16,30.065265655517578
2015-10-19,30.087501525878906
2015-10-20,30.33953285217285
2015-10-21,30.17644500732422
2015-10-22,30.813936233520508
2015-10-23,30.22834014892578
2015-10-26,30.087501525878906
2015-10-27,29.627927780151367
2015-10-28,29.190589904785156
2015-10-29,28.819961547851562
2015-10-30,29.84288215637207
2015-11-02,32.711544036865234
2015-11-03,32.55587387084961
2015-11-04,31.688610076904297
2015-11-05,31.814626693725586
2015-11-06,31.0733642578125
2015-11-09,30.569318771362305
2015-11-10,30.85099220275879
2015-11-11,31.28833770751953
2015-11-12,31.251277923583984
2015-11-13,31.303157806396484
2015-11-16,31.258684158325195
2015-11-17,31.103015899658203
2015-11-18,31.221616744995117
2015-11-19,31.147491455078125
2015-11-20,31.273509979248047
2015-11-23,30.680503845214844
2015-11-24,29.361074447631836
2015-11-25,29.16092872619629
2015-11-27,28.271432876586914
2015-11-30,28.397445678710938
2015-12-01,29.071990966796875
2015-12-02,28.75324249267578
2015-12-03,28.56793212890625
2015-12-04,28.264020919799805
2015-12-07,27.782201766967773
2015-12-08,27.745134353637695
2015-12-09,27.826677322387695
2015-12-10,27.04094886779785
2015-12-11,25.773401260375977
2015-12-14,25.90683364868164
2015-12-15,26.73703384399414
2015-12-16,27.582059860229492
2015-12-17,27.352272033691406
2015-12-18,27.337446212768555
2015-12-21,27.731176376342773
2015-12-22,27.61995506286621
2015-12-23,28.005517959594727
2015-12-24,27.857227325439453
2015-12-28,28.10190773010254
2015-12-29,27.923952102661133
2015-12-30,27.464242935180664
2015-12-31,26.960037231445312
2016-01-04,26.18890380859375
2016-01-05,26.070268630981445
2016-01-06,25.921977996826172
2016-01-07,25.944215774536133
2016-01-08,25.247230529785156
2016-01-11,25.669872283935547
2016-01-12,25.855236053466797
2016-01-13,25.870075225830078
2016-01-14,26.1444149017334
2016-01-15,25.45484161376953
2016-01-19,25.388113021850586
2016-01-20,25.313968658447266
2016-01-21,24.906152725219727
2016-01-22,25.751434326171875
2016-01-25,25.313968658447266
2016-01-26,26.30754280090332
2016-01-27,26.314956665039062
2016-01-28,26.848817825317383
2016-01-29,27.57546043395996
2016-02-01,27.434585571289062
2016-02-02,26.581884384155273
2016-02-03,28.087078094482422
2016-02-04,27.931371688842773
2016-02-05,27.745996475219727
2016-02-08,27.011943817138672
2016-02-09,26.663448333740234
2016-02-10,26.59671401977539
2016-02-11,26.478078842163086
2016-02-12,26.752426147460938
2016-02-16,26.27787971496582
2016-02-17,27.071260452270508
2016-02-18,27.086088180541992
2016-02-19,27.14541244506836
2016-02-22,28.131563186645508
2016-02-23,27.872058868408203
2016-02-24,28.035173416137695
2016-02-25,28.30951690673828
2016-02-26,27.219547271728516
2016-02-29,27.790491104125977
2016-03-01,28.6728458404541
2016-03-02,29.147390365600586
2016-03-03,29.303102493286133
2016-03-04,29.48847198486328
2016-03-07,29.355003356933594
2016-03-08,29.36241912841797
2016-03-09,29.94077491760254
2016-03-10,30.05199432373047
2016-03-11,30.71190071105957
2016-03-14,30.79346466064453
2016-03-15,30.25218391418457
2016-03-16,31.001083374023438
2016-03-17,31.72772216796875
2016-03-18,31.98723793029785
2016-03-21,32.172607421875
2016-03-22,31.431142807006836
2016-03-23,30.78605079650879
2016-03-24,31.33474349975586
2016-03-28,31.356983184814453
2016-03-29,32.217105865478516
2016-03-30,32.18743896484375
2016-03-31,32.50627899169922
2016-04-01,32.4024658203125
2016-04-04,32.75837326049805
2016-04-05,32.2319221496582
2016-04-06,32.20968246459961
2016-04-07,31.416303634643555
2016-04-08,32.002071380615234
2016-04-11,32.92890930175781
2016-04-12,33.17360305786133
2016-04-13,33.58141326904297
2016-04-14,33.64815902709961
2016-04-15,33.3812141418457
2016-04-18,33.90024948120117
2016-04-19,34.10044860839844
2016-04-20,34.144935607910156
2016-04-21,33.692630767822266
2016-04-22,33.470184326171875
2016-04-25,33.4034538269043
2016-04-26,34.10785675048828
2016-04-27,33.97439956665039
2016-04-28,33.83351516723633
2016-04-29,34.07820129394531
2016-05-02,33.58882141113281
2016-05-03,31.764799118041992
2016-05-04,29.177047729492188
2016-05-05,29.79247283935547
2016-05-06,29.888864517211914
2016-05-09,29.651599884033203
2016-05-10,29.740568161010742
2016-05-11,29.614521026611328
2016-05-12,29.421737670898438
2016-05-13,28.93977928161621
2016-05-16,28.77665138244629
2016-05-17,28.88045883178711
2016-05-18,28.531963348388672
2016-05-19,28.287277221679688
2016-05-20,28.546796798706055
2016-05-23,28.465232849121094
2016-05-24,30.074237823486328
2016-05-25,29.881452560424805
2016-05-26,29.740568161010742
2016-05-27,29.392074584960938
2016-05-31,29.40690803527832
2016-06-01,29.28826904296875
2016-06-02,29.102895736694336
2016-06-03,30.318920135498047
2016-06-06,30.407894134521484
2016-06-07,30.22252655029297
2016-06-08,30.60068130493164
2016-06-09,30.28184700012207
2016-06-10,29.28826904296875
2016-06-13,29.251201629638672
2016-06-14,29.0732479095459
2016-06-15,29.295684814453125
2016-06-16,28.865631103515625
2016-06-17,29.02134132385254
2016-06-20,29.799894332885742
2016-06-21,30.02232551574707
2016-06-22,29.951072692871094
2016-06-23,31.095754623413086
2016-06-24,28.571393966674805
2016-06-27,28.768491744995117
2016-06-28,29.716073989868164
2016-06-29,29.890432357788086
2016-06-30,30.057207107543945
2016-07-01,30.14059066772461
2016-07-05,29.518966674804688
2016-07-06,29.58720588684082
2016-07-07,29.488656997680664
2016-07-08,30.496877670288086
2016-07-11,30.693971633911133
2016-07-12,31.69462013244629
2016-07-13,31.603647232055664
2016-07-14,32.3465576171875
2016-07-15,31.535415649414062
2016-07-18,29.564464569091797
2016-07-19,28.055908203125
2016-07-20,27.328170776367188
2016-07-21,26.562538146972656
2016-07-22,26.683818817138672
2016-07-25,27.525270462036133
2016-07-26,27.381240844726562
2016-07-27,28.124135971069336
2016-07-28,28.23785400390625
2016-07-29,28.69268226623535
2016-08-01,28.844301223754883
2016-08-02,28.594135284423828
2016-08-03,28.116561889648438
2016-08-04,28.480432510375977
2016-08-05,28.5789794921875
2016-08-08,29.390106201171875
2016-08-09,29.72365951538086
2016-08-10,29.769136428833008
2016-08-11,30.26946449279785
2016-08-12,29.89801597595215
2016-08-15,30.11026382446289
2016-08-16,29.89801597595215
2016-08-17,30.18606948852539
2016-08-18,30.049617767333984
2016-08-19,30.087528228759766
2016-08-22,29.70849609375
2016-08-23,29.139942169189453
2016-08-24,29.117210388183594
2016-08-25,29.54172134399414
2016-08-26,29.17026710510254
2016-08-29,29.162689208984375
2016-08-30,28.927692413330078
2016-08-31,28.78365135192871
2016-09-01,28.942846298217773
2016-09-02,29.45075035095215
2016-09-06,30.14816665649414
2016-09-07,29.860103607177734
2016-09-08,29.59478187561035
2016-09-09,28.897363662719727
2016-09-12,28.97317123413086
2016-09-13,28.412202835083008
2016-09-14,28.29849624633789
2016-09-15,28.768491744995117
2016-09-16,28.73817253112793
2016-09-19,29.193004608154297
2016-09-20,29.003490447998047
2016-09-21,30.00413703918457
2016-09-22,30.580263137817383
2016-09-23,30.322519302368164
2016-09-26,28.836727142333984
2016-09-27,29.337039947509766
2016-09-28,29.496231079101562
2016-09-29,28.62445640563965
2016-09-30,28.70026969909668
2016-10-03,28.821556091308594
2016-10-04,28.086240768432617
2016-10-05,28.677532196044922
2016-10-06,28.91252326965332
2016-10-07,28.71542739868164
2016-10-10,28.54865264892578
2016-10-11,28.328815460205078
2016-10-12,28.253007888793945
2016-10-13,28.162050247192383
2016-10-14,28.025596618652344
2016-10-17,27.9725284576416
2016-10-18,28.404626846313477
2016-10-19,29.041400909423828
2016-10-20,29.018653869628906
2016-10-21,28.85188102722168
2016-10-24,29.003490447998047
2016-10-25,28.980749130249023
2016-10-26,28.904949188232422
2016-10-27,28.283342361450195
2016-10-28,28.116561889648438
2016-10-31,28.32123374938965
2016-11-01,27.585914611816406
2016-11-02,27.73752784729004
2016-11-03,27.525270462036133
2016-11-04,26.327531814575195
2016-11-07,27.047693252563477
2016-11-08,27.426727294921875
2016-11-09,26.380599975585938
2016-11-10,25.85753059387207
2016-11-11,25.796886444091797
2016-11-14,25.251083374023438
2016-11-15,25.713497161865234
2016-11-16,25.205598831176758
2016-11-17,24.834150314331055
2016-11-18,25.046401977539062
2016-11-21,25.18285369873047
2016-11-22,25.198017120361328
2016-11-23,24.849308013916016
2016-11-25,24.311084747314453
2016-11-28,24.66737174987793
2016-11-29,24.53092384338379
2016-11-30,24.121566772460938
2016-12-01,23.166404724121094
2016-12-02,23.348342895507812
2016-12-05,23.401409149169922
2016-12-06,24.621891021728516
2016-12-07,25.47091293334961
2016-12-08,24.8114070892334
2016-12-09,24.258018493652344
2016-12-12,24.66737174987793
2016-12-13,24.6597900390625
2016-12-14,23.932052612304688
2016-12-15,24.674951553344727
2016-12-16,24.690114974975586
2016-12-19,24.212533950805664
2016-12-20,24.583986282348633
2016-12-21,24.622709274291992
2016-12-22,24.622709274291992
2016-12-23,24.47085952758789
2016-12-27,24.303821563720703
2016-12-28,24.34937858581543
2016-12-29,24.86566925048828
2016-12-30,24.6530818939209
2017-01-03,23.848268508911133
2017-01-04,23.886226654052734
2017-01-05,23.787527084350586
2017-01-06,23.552152633666992
2017-01-09,23.248455047607422
2017-01-10,22.7777156829834
2017-01-11,22.74734115600586
2017-01-12,24.053268432617188
2017-01-13,24.729005813598633
2017-01-17,24.47844886779785
2017-01-18,24.42530059814453
2017-01-19,23.954561233520508
2017-01-20,24.59234046936035
2017-01-23,24.873260498046875
2017-01-24,24.926410675048828
2017-01-25,24.364561080932617
2017-01-26,24.258264541625977
2017-01-27,24.296228408813477
2017-01-30,25.51103973388672
2017-01-31,25.518632888793945
2017-02-01,25.6476993560791
2017-02-02,26.103261947631836
2017-02-03,26.70306968688965
2017-02-06,26.437332153320312
2017-02-07,25.989368438720703
2017-02-08,26.536035537719727
2017-02-09,26.930849075317383
2017-02-10,26.55122184753418
2017-02-13,26.95362663269043
2017-02-14,26.938440322875977
2017-02-15,26.991588592529297
2017-02-16,26.77899742126465
2017-02-17,27.378816604614258
2017-02-21,27.515480041503906
2017-02-22,27.68251609802246
2017-02-23,27.86473274230957
2017-02-24,27.295291900634766
2017-02-27,27.059925079345703
2017-02-28,26.680295944213867
2017-03-01,27.257328033447266
2017-03-02,26.70306968688965
2017-03-03,27.037147521972656
2017-03-06,27.325668334960938
2017-03-07,27.55344009399414
2017-03-08,26.4145565032959
2017-03-09,26.088075637817383
2017-03-10,26.733444213867188
2017-03-13,26.65751838684082
2017-03-14,26.513259887695312
2017-03-15,27.3332576751709
2017-03-16,27.75084686279297
2017-03-17,27.811588287353516
2017-03-20,27.971025466918945
2017-03-21,27.55344009399414
2017-03-22,27.576217651367188
2017-03-23,27.439550399780273
2017-03-24,27.887516021728516
2017-03-27,27.67491912841797
2017-03-28,27.12066650390625
2017-03-29,27.242141723632812
2017-03-30,27.196590423583984
2017-03-31,27.181407928466797
2017-04-03,27.22696304321289
2017-04-04,27.006778717041016
2017-04-05,26.885297775268555
2017-04-06,26.816959381103516
2017-04-07,26.76381492614746
2017-04-10,27.561023712158203
2017-04-11,27.87991714477539
2017-04-12,28.221582412719727
2017-04-13,27.614181518554688
2017-04-17,27.576217651367188
2017-04-18,28.13806915283203
2017-04-19,27.735666275024414
2017-04-20,28.586034774780273
2017-04-21,28.68473243713379
2017-04-24,29.808435440063477
2017-04-25,29.967880249023438
2017-04-26,29.87677001953125
2017-04-27,30.005844116210938
2017-04-28,30.195653915405273
2017-05-01,30.096960067749023
2017-05-02,30.27157974243164
2017-05-03,29.975467681884766
2017-05-04,29.5123233795166
2017-05-05,30.142505645751953
2017-05-08,29.44399070739746
2017-05-09,29.65658187866211
2017-05-10,30.438613891601562
2017-05-11,30.10454559326172
2017-05-12,30.043807983398438
2017-05-15,30.68158721923828
2017-05-16,30.749910354614258
2017-05-17,30.06657600402832
2017-05-18,29.588253021240234
2017-05-19,30.5069580078125
2017-05-22,30.567691802978516
2017-05-23,30.962499618530273
2017-05-24,31.09157943725586
2017-05-25,30.780288696289062
2017-05-26,30.704355239868164
2017-05-30,31.038436889648438
2017-05-31,31.28139305114746
2017-06-01,31.456024169921875
2017-06-02,31.91157341003418
2017-06-05,31.48639488220215
2017-06-06,31.653427124023438
2017-06-07,31.197877883911133
2017-06-08,31.592693328857422
2017-06-09,31.471210479736328
2017-06-12,32.07862091064453
2017-06-13,32.13176345825195
2017-06-14,32.313987731933594
2017-06-15,31.90399169921875
2017-06-16,31.850831985473633
2017-06-19,31.987506866455078
2017-06-20,31.666868209838867
2017-06-21,31.85364532470703
2017-06-22,32.343936920166016
2017-06-23,32.21942138671875
2017-06-26,32.585201263427734
2017-06-27,31.9470272064209
2017-06-28,32.47623825073242
2017-06-29,32.07154846191406
2017-06-30,32.30501937866211
2017-07-03,31.985944747924805
2017-07-05,31.674646377563477
2017-07-06,31.332216262817383
2017-07-07,31.38669776916504
2017-07-10,31.752470016479492
2017-07-11,32.41398239135742
2017-07-12,33.129966735839844
2017-07-13,33.200016021728516
2017-07-14,33.768131256103516
2017-07-17,34.04829788208008
2017-07-18,34.05608367919922
2017-07-19,34.63976287841797
2017-07-20,34.31290054321289
2017-07-21,34.28177261352539
2017-07-24,33.9393424987793
2017-07-25,33.8770866394043
2017-07-26,34.33625411987305
2017-07-27,34.390724182128906
2017-07-28,34.51524353027344
2017-07-31,34.49968719482422
2017-08-01,33.97825241088867
2017-08-02,34.16504669189453
2017-08-03,34.180599212646484
2017-08-04,34.81876754760742
2017-08-07,35.25458526611328
2017-08-08,34.982200622558594
2017-08-09,34.709808349609375
2017-08-10,34.03273391723633
2017-08-11,34.04051971435547
2017-08-14,35.02110290527344
2017-08-15,34.2584228515625
2017-08-16,34.38294219970703
2017-08-17,33.92378234863281
2017-08-18,34.37516403198242
2017-08-21,35.1456298828125
2017-08-22,35.0522346496582
2017-08-23,35.44914245605469
2017-08-24,35.35575485229492
2017-08-25,36.11064910888672
2017-08-28,36.10286331176758
2017-08-29,36.141780853271484
2017-08-30,36.11064910888672
2017-08-31,35.98613357543945
2017-09-01,36.67098617553711
2017-09-05,35.643707275390625
2017-09-06,36.134002685546875
2017-09-07,36.28965377807617
2017-09-08,35.783782958984375
2017-09-11,36.141780853271484
2017-09-12,35.77601623535156
2017-09-13,35.16897201538086
2017-09-14,35.42580032348633
2017-09-15,35.4335823059082
2017-09-18,34.36737060546875
2017-09-19,33.915992736816406
2017-09-20,33.651390075683594
2017-09-21,33.38679122924805
2017-09-22,33.511314392089844
2017-09-25,32.3595085144043
2017-09-26,32.98209762573242
2017-09-27,31.86921501159668
2017-09-28,32.51514434814453
2017-09-29,32.53850173950195
2017-10-02,32.663021087646484
2017-10-03,32.63966751098633
2017-10-04,32.795326232910156
2017-10-05,32.655235290527344
2017-10-06,32.40620040893555
2017-10-09,30.896398544311523
2017-10-10,31.28553009033203
2017-10-11,31.99372100830078
2017-10-12,32.60076141357422
2017-10-13,32.72528076171875
2017-10-16,32.709720611572266
2017-10-17,32.678592681884766
2017-10-18,32.585201263427734
2017-10-19,33.34010314941406
2017-10-20,33.17667007446289
2017-10-23,32.242767333984375
2017-10-24,31.892555236816406
2017-10-25,31.77581787109375
2017-10-26,31.184356689453125
2017-10-27,31.814735412597656
2017-10-30,31.85364532470703
2017-10-31,32.54628372192383
2017-11-01,33.0599365234375
2017-11-02,33.44126892089844
2017-11-03,32.06376647949219
2017-11-06,33.41791534423828
2017-11-07,32.17272186279297
2017-11-08,32.4606819152832
2017-11-09,31.87698745727539
2017-11-10,31.503433227539062
2017-11-13,31.61238670349121
2017-11-14,31.705774307250977
2017-11-15,31.199909210205078
2017-11-16,31.22325897216797
2017-11-17,30.787443161010742
2017-11-20,29.861331939697266
2017-11-21,29.744598388671875
2017-11-22,30.266016006469727
2017-11-24,29.68233871459961
2017-11-27,30.048110961914062
2017-11-28,29.137557983398438
2017-11-29,28.872953414916992
2017-11-30,29.487775802612305
2017-12-01,29.69011878967285
2017-12-04,30.483930587768555
2017-12-05,30.91196632385254
2017-12-06,30.655147552490234
2017-12-07,30.943098068237305
2017-12-08,31.480093002319336
2017-12-11,31.791383743286133
2017-12-12,31.643516540527344
2017-12-13,31.799171447753906
2017-12-14,31.2543888092041
2017-12-15,31.69799041748047
2017-12-18,32.234989166259766
2017-12-19,31.990697860717773
2017-12-20,32.25605773925781
2017-12-21,32.5760383605957
2017-12-22,32.76334762573242
2017-12-26,32.927242279052734
2017-12-27,32.85700607299805
2017-12-28,33.84036636352539
2017-12-29,33.91840744018555
2018-01-02,34.940799713134766
2018-01-03,34.31644821166992
2018-01-04,34.4881477355957
2018-01-05,35.042266845703125
2018-01-08,34.85496520996094
2018-01-09,34.17596435546875
2018-01-10,33.372100830078125
2018-01-11,34.24620056152344
2018-01-12,34.55057907104492
2018-01-16,33.660865783691406
2018-01-17,34.37888717651367
2018-01-18,34.839351654052734
2018-01-19,34.082313537597656
2018-01-22,35.10470962524414
2018-01-23,35.38566589355469
2018-01-24,35.85393524169922
2018-01-25,35.54176330566406
2018-01-26,36.41585922241211
2018-01-29,35.83833312988281
2018-01-30,35.463706970214844
2018-01-31,35.510536193847656
2018-02-01,35.666622161865234
2018-02-02,34.80813217163086
2018-02-05,33.81696319580078
2018-02-06,34.79252243041992
2018-02-07,33.76232147216797
2018-02-08,32.591644287109375
2018-02-09,33.24723434448242
2018-02-12,33.99646759033203
2018-02-13,33.83256530761719
2018-02-14,34.07450485229492
2018-02-15,34.92520523071289
2018-02-16,35.08909225463867
2018-02-20,33.59062957763672
2018-02-21,34.29303741455078
2018-02-22,34.652042388916016
2018-02-23,34.96422576904297
2018-02-26,35.5651741027832
2018-02-27,34.62082290649414
2018-02-28,34.80813217163086
2018-03-01,34.464725494384766
2018-03-02,34.652042388916016
2018-03-05,34.63644027709961
2018-03-06,34.355464935302734
2018-03-07,34.722286224365234
2018-03-08,34.26182174682617
2018-03-09,34.691070556640625
2018-03-12,34.4881477355957
2018-03-13,33.965248107910156
2018-03-14,33.957435607910156
2018-03-15,33.637451171875
2018-03-16,33.27064514160156
2018-03-19,32.75554656982422
2018-03-20,32.989688873291016
2018-03-21,33.87160110473633
2018-03-22,33.01308822631836
2018-03-23,32.06095504760742
2018-03-26,33.02870178222656
2018-03-27,32.27947235107422
2018-03-28,31.897052764892578
2018-03-29,33.10674285888672
2018-04-02,32.529212951660156
2018-04-03,32.70872116088867
2018-04-04,32.63847351074219
2018-04-05,32.201419830322266
2018-04-06,31.998512268066406
2018-04-09,31.218059539794922
2018-04-10,30.632719039916992
2018-04-11,30.078598022460938
2018-04-12,30.36736488342285
2018-04-13,30.281518936157227
2018-04-16,30.718563079833984
2018-04-17,30.14883804321289
2018-04-18,31.889238357543945
2018-04-19,31.40536880493164
2018-04-20,30.851234436035156
2018-04-23,30.304933547973633
2018-04-24,30.500041961669922
2018-04-25,29.969327926635742
2018-04-26,30.016155242919922
2018-04-27,30.375167846679688
2018-04-30,29.407407760620117
2018-05-01,28.978166580200195
2018-05-02,28.33819007873535
2018-05-03,27.955774307250977
2018-05-04,27.799673080444336
2018-05-07,27.105079650878906
2018-05-08,26.082683563232422
2018-05-09,26.85533332824707
2018-05-10,27.908937454223633
2018-05-11,27.01141929626465
2018-05-14,26.76167869567871
2018-05-15,26.012451171875
2018-05-16,26.449495315551758
2018-05-17,26.043659210205078
2018-05-18,26.028059005737305
2018-05-21,25.52076530456543
2018-05-22,25.23199462890625
2018-05-23,26.215360641479492
2018-05-24,24.810548782348633
2018-05-25,25.021270751953125
2018-05-29,26.38706398010254
2018-05-30,26.80850601196289
2018-05-31,25.676851272583008
2018-06-01,24.6934814453125
2018-06-04,24.9276180267334
2018-06-05,24.506174087524414
2018-06-06,24.79494285583496
2018-06-07,25.146146774291992
2018-06-08,25.021270751953125
2018-06-11,24.802749633789062
2018-06-12,24.131559371948242
2018-06-13,23.210628509521484
2018-06-14,23.054536819458008
2018-06-15,23.023317337036133
2018-06-18,23.04673194885254
2018-06-19,23.134531021118164
2018-06-20,23.198974609375
2018-06-21,23.319801330566406
2018-06-22,23.8917179107666
2018-06-25,23.319801330566406
2018-06-26,23.633953094482422
2018-06-27,23.778945922851562
2018-06-28,24.270315170288086
2018-06-29,24.342809677124023
2018-07-02,24.262258529663086
2018-07-03,23.706453323364258
2018-07-05,24.753623962402344
2018-07-06,25.067779541015625
2018-07-09,24.221981048583984
2018-07-10,23.505069732666016
2018-07-11,21.926250457763672
2018-07-12,21.281835556030273
2018-07-13,21.45905303955078
2018-07-16,21.44293975830078
2018-07-17,22.151796340942383
2018-07-18,22.15985107421875
2018-07-19,22.20818328857422
2018-07-20,22.530391693115234
2018-07-23,23.053977966308594
2018-07-24,21.62015724182129
2018-07-25,23.029817581176758
2018-07-26,22.23234748840332
2018-07-27,22.554553985595703
2018-07-30,22.5465030670166
2018-07-31,22.723718643188477
2018-08-01,22.01485824584961
2018-08-02,21.555713653564453
2018-08-03,21.724870681762695
2018-08-06,20.10577392578125
2018-08-07,21.080455780029297
2018-08-08,20.99990463256836
2018-08-09,20.186323165893555
2018-08-10,17.254236221313477
2018-08-13,15.36126708984375
2018-08-14,17.093130111694336
2018-08-15,17.785879135131836
2018-08-16,17.205904006958008
2018-08-17,17.117300033569336
2018-08-20,16.964250564575195
2018-08-21,17.326732635498047
2018-08-22,17.36701011657715
2018-08-23,16.956192016601562
2018-08-24,17.512001037597656
2018-08-27,17.157577514648438
2018-08-28,17.141468048095703
2018-08-29,16.69036865234375
2018-08-30,16.037904739379883
2018-08-31,16.27955436706543
2018-09-04,16.01373291015625
2018-09-05,16.271501541137695
2018-09-06,16.295669555664062
2018-09-07,16.706480026245117
2018-09-10,16.384273529052734
2018-09-11,16.66620635986328
2018-09-12,16.883699417114258
2018-09-13,17.890592575073242
2018-09-14,17.70532989501953
2018-09-17,17.286455154418945
2018-09-18,17.29451560974121
2018-09-19,18.019481658935547
2018-09-20,18.03559112548828
2018-09-21,18.05170249938965
2018-09-24,18.776670455932617
2018-09-25,18.86527442932129
2018-09-26,18.937774658203125
2018-09-27,19.356643676757812
2018-09-28,19.179428100585938
2018-10-01,19.227758407592773
2018-10-02,19.082767486572266
2018-10-03,18.607511520385742
2018-10-04,17.53617286682129
2018-10-05,17.810043334960938
2018-10-08,18.317520141601562
2018-10-09,18.48668098449707
2018-10-10,17.987258911132812
2018-10-11,18.71222686767578
2018-10-12,18.905553817749023
2018-10-15,19.670795440673828
2018-10-16,20.25882911682129
2018-10-17,20.572978973388672
2018-10-18,19.968839645385742
2018-10-19,19.856069564819336
2018-10-22,19.39691734313965
2018-10-23,19.0585994720459
2018-10-24,18.671951293945312
2018-10-25,19.348588943481445
2018-10-26,18.986103057861328
2018-10-29,18.969993591308594
2018-10-30,19.348588943481445
2018-10-31,18.808889389038086
2018-11-01,19.574129104614258
2018-11-02,20.089664459228516
2018-11-05,20.991849899291992
2018-11-06,20.532705307006836
2018-11-07,20.822689056396484
2018-11-08,19.7996768951416
2018-11-09,19.56608009338379
2018-11-12,19.437192916870117
2018-11-13,19.670795440673828
2018-11-14,19.880229949951172
2018-11-15,20.403818130493164
2018-11-16,20.516592025756836
2018-11-19,20.564924240112305
2018-11-20,19.574129104614258
2018-11-21,20.266883850097656
2018-11-23,20.395763397216797
2018-11-26,20.742137908935547
2018-11-27,20.69380760192871
2018-11-28,21.241559982299805
2018-11-29,21.37849998474121
2018-11-30,21.1529541015625
2018-12-03,21.007959365844727
2018-12-04,19.960779190063477
2018-12-06,20.395763397216797
2018-12-07,20.226608276367188
2018-12-10,19.912450790405273
2018-12-11,19.815792083740234
2018-12-12,19.517749786376953
2018-12-13,19.807737350463867
2018-12-14,19.493581771850586
2018-12-17,19.39691734313965
2018-12-18,19.894691467285156
2018-12-19,19.886608123779297
2018-12-20,20.161357879638672
2018-12-21,19.967416763305664
2018-12-24,19.935094833374023
2018-12-26,20.2502384185791
2018-12-27,20.14518928527832
2018-12-28,19.959335327148438
2018-12-31,19.854286193847656
2019-01-02,19.345199584960938
2019-01-03,18.626018524169922
2019-01-04,19.636104583740234
2019-01-07,19.506816864013672
2019-01-08,19.32904052734375
2019-01-09,19.466413497924805
2019-01-10,19.84620475769043
2019-01-11,19.684595108032227
2019-01-14,19.78156089782715
2019-01-15,19.91084861755371
2019-01-16,21.001745223999023
2019-01-17,21.268409729003906
2019-01-18,21.76133155822754
2019-01-22,21.648204803466797
2019-01-23,22.100727081298828
2019-01-24,22.537076950073242
2019-01-25,22.44011116027832
2019-01-28,22.100727081298828
2019-01-29,22.67445182800293
2019-01-30,23.4097957611084
2019-01-31,23.353229522705078
2019-02-01,22.941116333007812
2019-02-04,22.82798957824707
2019-02-05,23.05424690246582
2019-02-06,22.755258560180664
2019-02-07,22.512836456298828
2019-02-08,22.68253517150879
2019-02-11,22.884546279907227
2019-02-12,22.82798957824707
2019-02-13,22.20577049255371
2019-02-14,22.49667739868164
2019-02-15,22.601726531982422
2019-02-19,22.423952102661133
2019-02-20,22.20577049255371
2019-02-21,22.343141555786133
2019-02-22,22.45627212524414
2019-02-25,22.884546279907227
2019-02-26,22.949195861816406
2019-02-27,22.642127990722656
2019-02-28,22.520919799804688
2019-03-01,22.157285690307617
2019-03-04,22.343141555786133
2019-03-05,22.33506202697754
2019-03-06,21.882545471191406
2019-03-07,21.51082992553711
2019-03-08,21.559316635131836
2019-03-11,21.349218368530273
2019-03-12,21.559316635131836
2019-03-13,21.607797622680664
2019-03-14,21.623960494995117
2019-03-15,21.947187423706055
2019-03-18,22.092641830444336
2019-03-19,22.12496566772461
2019-03-20,22.076478958129883
2019-03-21,21.850223541259766
2019-03-22,19.587623596191406
2019-03-25,20.613874435424805
2019-03-26,20.75124740600586
2019-03-27,19.159347534179688
2019-03-28,19.062379837036133
2019-03-29,19.611865997314453
2019-04-01,20.0482234954834
2019-04-02,19.636104583740234
2019-04-03,19.749235153198242
2019-04-04,20.735082626342773
2019-04-05,20.613874435424805
2019-04-08,20.08863067626953
2019-04-09,20.072465896606445
2019-04-10,19.91084861755371
2019-04-11,19.5148983001709
2019-04-12,19.369447708129883
2019-04-15,19.312877655029297
2019-04-16,19.668432235717773
2019-04-17,19.959335327148438
2019-04-18,19.522979736328125
2019-04-22,19.24015235900879
2019-04-23,19.24015235900879
2019-04-24,18.965410232543945
2019-04-25,18.626018524169922
2019-04-26,18.706825256347656
2019-04-29,18.731069564819336
2019-04-30,18.84419822692871
2019-05-01,18.658344268798828
2019-05-02,18.42400360107422
2019-05-03,18.44016456604004
2019-05-06,17.890676498413086
2019-05-07,17.446237564086914
2019-05-08,17.30886459350586
2019-05-09,17.082609176635742
2019-05-10,17.656333923339844
2019-05-13,17.009878158569336
2019-05-14,17.284624099731445
2019-05-15,17.27654457092285
2019-05-16,16.969478607177734
2019-05-17,16.79170036315918
2019-05-20,16.9290714263916
2019-05-21,16.775537490844727
2019-05-22,16.3553409576416
2019-05-23,16.452312469482422
2019-05-24,16.79170036315918
2019-05-28,17.163414001464844
2019-05-29,17.39775276184082
2019-05-30,18.09269142150879
2019-05-31,18.44016456604004
2019-06-03,18.246227264404297
2019-06-04,18.472488403320312
2019-06-05,18.569454193115234
2019-06-06,18.456323623657227
2019-06-07,18.860361099243164
2019-06-10,19.272478103637695
2019-06-11,18.957326889038086
2019-06-12,18.84419822692871
2019-06-13,18.31087303161621
2019-06-14,18.26239013671875
2019-06-17,18.728740692138672
2019-06-18,19.19343376159668
2019-06-19,19.57514190673828
2019-06-20,19.38429069519043
2019-06-21,19.176836013793945
2019-06-24,19.351097106933594
2019-06-25,19.4091796875
2019-06-26,19.425777435302734
2019-06-27,19.61663055419922
2019-06-28,19.7659969329834
2019-07-01,20.952621459960938
2019-07-02,20.97751808166504
2019-07-03,20.985811233520508
2019-07-05,20.97751808166504
2019-07-08,20.421545028686523
2019-07-09,20.03983497619629
2019-07-10,20.61240005493164
2019-07-11,20.720272064208984
2019-07-12,20.263885498046875
2019-07-15,20.272180557250977
2019-07-16,20.255584716796875
2019-07-17,20.761768341064453
2019-07-18,21.558382034301758
2019-07-19,21.317733764648438
2019-07-22,21.143474578857422
2019-07-23,21.326034545898438
2019-07-24,21.583274841308594
2019-07-25,21.24305534362793
2019-07-26,21.50029754638672
2019-07-29,21.840513229370117
2019-07-30,21.832216262817383
2019-07-31,21.657960891723633
2019-08-01,21.30944061279297
2019-08-02,21.334335327148438
2019-08-05,20.960920333862305
2019-08-06,21.467100143432617
2019-08-07,21.400720596313477
2019-08-08,21.558382034301758
2019-08-09,21.649662017822266
2019-08-12,21.043901443481445
2019-08-13,21.151775360107422
2019-08-14,20.570913314819336
2019-08-15,20.886234283447266
2019-08-16,20.51282501220703
2019-08-19,20.147706985473633
2019-08-20,20.12281608581543
2019-08-21,20.089624404907227
2019-08-22,19.882171630859375
2019-08-23,20.081323623657227
2019-08-26,20.014942169189453
2019-08-27,19.790895462036133
2019-08-28,19.832380294799805
2019-08-29,19.907062530517578
2019-08-30,20.023237228393555
2019-09-03,20.687082290649414
2019-09-04,21.135175704956055
2019-09-05,21.085391998291016
2019-09-06,20.720272064208984
2019-09-09,20.94432258605957
2019-09-10,21.093687057495117
2019-09-11,21.25965118408203
2019-09-12,21.52518653869629
2019-09-13,21.657960891723633
2019-09-16,21.25135612487793
2019-09-17,21.25135612487793
2019-09-18,21.375823974609375
2019-09-19,20.886234283447266
2019-09-20,20.711978912353516
2019-09-23,20.960920333862305
2019-09-24,21.35093116760254
2019-09-25,21.591571807861328
2019-09-26,21.53348731994629
2019-09-27,22.081161499023438
2019-09-30,22.17243766784668
2019-10-01,21.707744598388672
2019-10-02,21.666255950927734
2019-10-03,21.682849884033203
2019-10-04,21.82391929626465
2019-10-07,20.919429779052734
2019-10-08,20.836448669433594
2019-10-09,20.288780212402344
2019-10-10,20.297073364257812
2019-10-11,19.81578254699707
2019-10-14,19.044069290161133
2019-10-15,19.38429069519043
2019-10-16,19.135345458984375
2019-10-17,19.824085235595703
2019-10-18,20.247282028198242
2019-10-21,19.882171630859375
2019-10-22,20.272180557250977
2019-10-23,20.960920333862305
2019-10-24,20.720272064208984
2019-10-25,20.811553955078125
2019-10-28,20.811553955078125
2019-10-29,20.778364181518555
2019-10-30,20.753469467163086
2019-10-31,20.529420852661133
2019-11-01,20.64559555053711
2019-11-04,20.853046417236328
2019-11-05,20.819854736328125
2019-11-06,21.035600662231445
2019-11-07,21.48369789123535
2019-11-08,21.392419815063477
2019-11-11,21.400720596313477
2019-11-12,21.40901756286621
2019-11-13,21.72434425354004
2019-11-14,21.516889572143555
2019-11-15,21.89859962463379
2019-11-18,22.23882293701172
2019-11-19,22.520954132080078
2019-11-20,22.346694946289062
2019-11-21,22.42137908935547
2019-11-22,22.280311584472656
2019-11-25,21.956682205200195
2019-11-26,21.998178482055664
2019-11-27,21.89859962463379
2019-11-29,22.023073196411133
2019-12-02,22.313505172729492
2019-12-03,21.989879608154297
2019-12-04,22.13924789428711
2019-12-05,22.396484375
2019-12-06,22.114351272583008
2019-12-09,22.0147762298584
2019-12-10,21.989879608154297
2019-12-11,22.089460372924805
2019-12-12,22.43798065185547
2019-12-13,22.51266098022461
2019-12-16,22.537832260131836
2019-12-17,22.37001609802246
2019-12-18,22.126680374145508
2019-12-19,22.051162719726562
2019-12-20,22.135066986083984
2019-12-23,22.353233337402344
2019-12-24,22.479095458984375
2019-12-26,22.596569061279297
2019-12-27,22.579782485961914
2019-12-30,22.73921012878418
2019-12-31,22.730819702148438
2020-01-02,23.20071029663086
2020-01-03,22.42875099182129
2020-01-06,22.210586547851562
2020-01-07,22.36161994934082
2020-01-08,22.839900970458984
2020-01-09,23.779680252075195
2020-01-10,23.905540466308594
2020-01-13,24.36703872680664
2020-01-14,24.450942993164062
2020-01-15,24.392208099365234
2020-01-16,24.45933723449707
2020-01-17,24.50968360900879
2020-01-21,24.63554573059082
2020-01-22,24.425771713256836
2020-01-23,24.341859817504883
2020-01-24,24.14048194885254
2020-01-27,23.519563674926758
2020-01-28,23.678985595703125
2020-01-29,23.569908142089844
2020-01-30,23.469213485717773
2020-01-31,23.284618377685547
2020-02-03,23.2091007232666
2020-02-04,23.838415145874023
2020-02-05,23.905540466308594
2020-02-06,23.838415145874023
2020-02-07,23.343355178833008
2020-02-10,22.865074157714844
2020-02-11,23.276226043701172
2020-02-12,23.38530921936035
2020-02-13,23.402090072631836
2020-02-14,23.2091007232666
2020-02-18,23.22588348388672
2020-02-19,22.999326705932617
2020-02-20,22.269325256347656
2020-02-21,22.487485885620117
2020-02-24,21.908517837524414
2020-02-25,21.530927658081055
2020-02-26,21.732309341430664
2020-02-27,20.372987747192383
2020-02-28,19.8443660736084
2020-03-02,20.658281326293945
2020-03-03,21.12816619873047
2020-03-04,21.463802337646484
2020-03-05,21.20368766784668
2020-03-06,21.245637893676758
2020-03-09,19.97022819519043
2020-03-10,19.726896286010742
2020-03-11,19.156320571899414
2020-03-12,17.545272827148438
2020-03-13,17.931251525878906
2020-03-16,15.984574317932129
2020-03-17,16.345378875732422
2020-03-18,15.338478088378906
2020-03-19,15.229397773742676
2020-03-20,14.94410514831543
2020-03-23,15.237791061401367
2020-03-24,16.295034408569336
2020-03-25,16.597108840942383
2020-03-26,16.991474151611328
2020-03-27,15.984574317932129
2020-03-30,15.766411781311035
2020-03-31,15.766411781311035
2020-04-01,15.095147132873535
2020-04-02,15.841930389404297
2020-04-03,15.648942947387695
2020-04-06,15.984574317932129
2020-04-07,16.068479537963867
2020-04-08,16.54676628112793
2020-04-09,16.748144149780273
2020-04-13,16.681015014648438
2020-04-14,17.1592960357666
2020-04-15,16.40411949157715
2020-04-16,16.328601837158203
2020-04-17,16.89917755126953
2020-04-20,16.748144149780273
2020-04-21,16.35377311706543
2020-04-22,16.580324172973633
2020-04-23,16.689403533935547
2020-04-24,16.748144149780273
2020-04-27,17.100557327270508
2020-04-28,16.840442657470703
2020-04-29,17.243200302124023
2020-04-30,16.874004364013672
2020-05-01,16.21112823486328
2020-05-04,16.378948211669922
2020-05-05,16.160783767700195
2020-05-06,15.867101669311523
2020-05-07,16.31182098388672
2020-05-08,16.24468994140625
2020-05-11,16.227909088134766
2020-05-12,16.52998161315918
2020-05-13,16.681015014648438
2020-05-14,16.94952392578125
2020-05-15,17.066993713378906
2020-05-18,17.604007720947266
2020-05-19,17.70469856262207
2020-05-20,17.771825790405273
2020-05-21,17.81378173828125
2020-05-22,17.81378173828125
2020-05-26,18.342403411865234
2020-05-27,18.367576599121094
2020-05-28,18.082286834716797
2020-05-29,18.132633209228516
2020-06-01,18.636085510253906
2020-06-02,19.12275505065918
2020-06-03,19.198270797729492
2020-06-04,19.013673782348633
2020-06-05,19.139535903930664
2020-06-08,19.25701141357422
2020-06-09,18.963329315185547
2020-06-10,19.055625915527344
2020-06-11,18.266889572143555
2020-06-12,18.845853805541992
2020-06-15,19.08409309387207
2020-06-16,18.991159439086914
2020-06-17,18.9235782623291
2020-06-18,19.244604110717773
2020-06-19,19.202362060546875
2020-06-22,19.726139068603516
2020-06-23,19.590970993041992
2020-06-24,19.388219833374023
2020-06-25,19.53183364868164
2020-06-26,19.540281295776367
2020-06-29,19.793724060058594
2020-06-30,19.616317749023438
2020-07-01,19.62476348876953
2020-07-02,19.819067001342773
2020-07-06,19.895097732543945
2020-07-07,19.945789337158203
2020-07-08,20.165437698364258
2020-07-09,19.70924186706543
2020-07-10,19.371320724487305
2020-07-13,19.667003631591797
2020-07-14,19.827516555786133
2020-07-15,19.97113037109375
2020-07-16,20.080955505371094
2020-07-17,19.93734359741211
2020-07-20,20.055612564086914
2020-07-21,19.827516555786133
2020-07-22,19.861309051513672
2020-07-23,19.928890228271484
2020-07-24,20.03026580810547
2020-07-27,19.95423698425293
2020-07-28,19.134780883789062
2020-07-29,18.847543716430664
2020-07-30,18.154808044433594
2020-07-31,18.22239112854004
2020-08-03,18.25618553161621
2020-08-04,18.154808044433594
2020-08-05,17.563446044921875
2020-08-06,16.794675827026367
2020-08-07,16.69329833984375
2020-08-10,17.0396671295166
2020-08-11,17.69016456604004
2020-08-12,17.622581481933594
2020-08-13,17.31000328063965
2020-08-14,17.031219482421875
2020-08-17,17.11570167541504
2020-08-18,17.174837112426758
2020-08-19,17.81688690185547
2020-08-20,17.977401733398438
2020-08-21,17.47896385192871
2020-08-24,17.37759017944336
2020-08-25,17.1241512298584
2020-08-26,17.326902389526367
2020-08-27,17.386035919189453
2020-08-28,17.326902389526367
2020-08-31,16.87070655822754
2020-09-01,17.02277374267578
2020-09-02,16.92984390258789
2020-09-03,16.634166717529297
2020-09-04,16.946739196777344
2020-09-08,16.68484878540039
2020-09-09,17.11570167541504
2020-09-10,16.99742889404297
2020-09-11,17.02277374267578
2020-09-14,17.11570167541504
2020-09-15,17.14104461669922
2020-09-16,17.005874633789062
2020-09-17,16.972084045410156
2020-09-18,16.853811264038086
2020-09-21,16.431407928466797
2020-09-22,16.372272491455078
2020-09-23,16.253999710083008
2020-09-24,16.89604949951172
2020-09-25,16.828462600708008
2020-09-28,16.355377197265625
2020-09-29,16.346927642822266
2020-09-30,16.69329833984375
2020-10-01,16.81157112121582
2020-10-02,16.68484878540039
2020-10-05,16.96363639831543
2020-10-06,16.71864128112793
2020-10-07,16.575027465820312
2020-10-08,16.47364616394043
2020-10-09,16.81157112121582
2020-10-12,16.862258911132812
2020-10-13,16.625713348388672
2020-10-14,16.90450096130371
2020-10-15,16.769329071044922
2020-10-16,16.972084045410156
2020-10-19,17.250864028930664
2020-10-20,17.335350036621094
2020-10-21,17.563446044921875
2020-10-22,17.107250213623047
2020-10-23,16.879154205322266
2020-10-26,16.03434944152832
2020-10-27,15.932978630065918
2020-10-28,15.366959571838379
2020-10-29,15.375408172607422
2020-10-30,14.986795425415039
2020-11-02,15.172651290893555
2020-11-03,15.476783752441406
2020-11-04,15.713326454162598
2020-11-05,15.789360046386719
2020-11-06,15.755569458007812
2020-11-09,17.098804473876953
2020-11-10,17.233972549438477
2020-11-11,18.83064842224121
2020-11-12,18.89823341369629
2020-11-13,19.202362060546875
2020-11-16,19.160120010375977
2020-11-17,18.754615783691406
2020-11-18,19.15167236328125
2020-11-19,20.021821975708008
2020-11-20,19.886653900146484
2020-11-23,19.04184913635254
2020-11-24,18.974266052246094
2020-11-25,19.202362060546875
2020-11-27,19.464252471923828
2020-11-30,18.83064842224121
2020-12-01,19.405115127563477
2020-12-02,19.286842346191406
2020-12-03,19.60786247253418
2020-12-04,19.599422454833984
2020-12-07,19.650108337402344
2020-12-08,19.759931564331055
2020-12-09,19.852859497070312
2020-12-10,19.827516555786133
2020-12-11,20.224573135375977
2020-12-14,20.095741271972656
2020-12-15,20.443246841430664
2020-12-16,20.400869369506836
2020-12-17,20.731416702270508
2020-12-18,21.070444107055664
2020-12-21,20.75684356689453
2020-12-22,20.824649810791016
2020-12-23,20.994163513183594
2020-12-24,21.49422264099121
2020-12-28,21.850202560424805
2020-12-29,22.58757972717285
2020-12-30,22.621488571166992
2020-12-31,22.460447311401367
2021-01-04,22.646909713745117
2021-01-05,22.84185218811035
2021-01-06,23.41819190979004
2021-01-07,23.5961856842041
2021-01-08,23.850452423095703
2021-01-11,23.367338180541992
2021-01-12,23.757225036621094
2021-01-13,23.952157974243164
2021-01-14,23.952157974243164
2021-01-15,23.197830200195312
2021-01-19,23.613136291503906
2021-01-20,24.053865432739258
2021-01-21,23.875883102416992
2021-01-22,23.723318099975586
2021-01-25,23.6555118560791
2021-01-26,23.714841842651367
2021-01-27,22.58757972717285
2021-01-28,23.13849639892578
2021-01-29,22.596057891845703
2021-02-01,23.494474411010742
2021-02-02,23.748746871948242
2021-02-03,24.342041015625
2021-02-04,24.418317794799805
2021-02-05,24.545455932617188
2021-02-08,24.562408447265625
2021-02-09,24.9099063873291
2021-02-10,24.81667709350586
2021-02-11,24.935335159301758
2021-02-12,24.765819549560547
2021-02-16,24.833627700805664
2021-02-17,25.20655632019043
2021-02-18,25.248931884765625
2021-02-19,25.265884399414062
2021-02-22,24.808198928833008
2021-02-23,24.486125946044922
2021-02-24,23.858928680419922
2021-02-25,22.84185218811035
2021-02-26,22.646909713745117
2021-03-01,23.757225036621094
2021-03-02,23.613136291503906
2021-03-03,23.3419132232666
2021-03-04,23.358863830566406
2021-03-05,23.39276695251465
2021-03-08,22.58757972717285
2021-03-09,23.316486358642578
2021-03-10,23.74026870727539
2021-03-11,23.672462463378906
2021-03-12,23.46904754638672
2021-03-15,23.5199031829834
2021-03-16,23.841976165771484
2021-03-17,23.672462463378906
2021-03-18,24.036916732788086
2021-03-19,24.2064266204834
2021-03-22,19.62110710144043
2021-03-23,19.42616844177246
2021-03-24,20.129648208618164
2021-03-25,19.841476440429688
2021-03-26,19.493972778320312
2021-03-29,19.341413497924805
2021-03-30,19.222753524780273
2021-03-31,19.485496520996094
2021-04-01,20.155071258544922
2021-04-05,20.460195541381836
2021-04-06,20.146596908569336
2021-04-07,20.027938842773438
2021-04-08,20.07032012939453
2021-04-09,19.748245239257812
2021-04-12,19.57025718688965
2021-04-13,19.64653205871582
2021-04-14,20.138120651245117
2021-04-15,20.25678062438965
2021-04-16,20.155071258544922
2021-04-19,19.68891143798828
2021-04-20,19.477020263671875
2021-04-21,19.070194244384766
2021-04-22,18.90915298461914
2021-04-23,18.807449340820312
2021-04-26,19.39226531982422
2021-04-27,19.731290817260742
2021-04-28,19.807573318481445
2021-04-29,19.90080451965332
2021-04-30,19.756717681884766
2021-05-03,19.960134506225586
2021-05-04,19.756717681884766
2021-05-05,19.81604766845703
2021-05-06,20.180496215820312
2021-05-07,20.443246841430664
2021-05-10,20.443246841430664
2021-05-11,20.273731231689453
2021-05-12,19.39226531982422
2021-05-13,19.400741577148438
2021-05-14,19.790618896484375
2021-05-17,20.282209396362305
2021-05-18,20.273731231689453
2021-05-19,20.112693786621094
2021-05-20,20.180496215820312
2021-05-21,20.010988235473633
2021-05-24,20.078794479370117
2021-05-25,19.366840362548828
2021-05-26,19.70586585998535
2021-05-27,19.51940155029297
2021-05-28,19.43464469909668
2021-06-01,19.595680236816406
2021-06-02,19.46854591369629
2021-06-03,19.17190170288086
2021-06-04,19.409217834472656
2021-06-07,19.62110710144043
2021-06-08,19.70586585998535
2021-06-09,19.807573318481445
2021-06-10,20.360475540161133
2021-06-11,20.52643394470215
2021-06-14,20.185787200927734
2021-06-15,19.687908172607422
2021-06-16,19.539419174194336
2021-06-17,19.146358489990234
2021-06-18,18.814443588256836
2021-06-21,18.770769119262695
2021-06-22,19.198768615722656
2021-06-23,19.085216522216797
2021-06-24,19.085216522216797
2021-06-25,18.631013870239258
2021-06-28,18.5786075592041
2021-06-29,18.47378921508789
2021-06-30,18.403913497924805
2021-07-01,18.67469024658203
2021-07-02,18.70962905883789
2021-07-06,18.69215965270996
2021-07-07,18.814443588256836
2021-07-08,18.64848518371582
2021-07-09,18.788240432739258
2021-07-12,18.56113624572754
2021-07-13,18.456321716308594
2021-07-14,18.622278213500977
2021-07-15,18.59607696533203
2021-07-16,18.622278213500977
2021-07-19,18.272891998291016
2021-07-20,18.421384811401367
2021-07-21,18.56113624572754
2021-07-22,18.61354637145996
2021-07-23,18.543670654296875
2021-07-26,18.377708435058594
2021-07-27,18.49125862121582
2021-07-28,18.639751434326172
2021-07-29,19.207502365112305
2021-07-30,19.355989456176758
2021-08-02,19.469541549682617
2021-08-03,19.670438766479492
2021-08-04,19.513216018676758
2021-08-05,19.64423370361328
2021-08-06,19.556886672973633
2021-08-09,19.399662017822266
2021-08-10,19.609296798706055
2021-08-11,19.286113739013672
2021-08-12,19.86260223388672
2021-08-13,20.12464141845703
2021-08-16,20.343008041381836
2021-08-17,20.316804885864258
2021-08-18,20.089702606201172
2021-08-19,19.77525520324707
2021-08-20,20.12464141845703
2021-08-23,20.386680603027344
2021-08-24,20.456558227539062
2021-08-25,20.456558227539062
2021-08-26,20.395414352416992
2021-08-27,20.74480438232422
2021-08-30,20.657453536987305
2021-08-31,20.779743194580078
2021-09-01,20.936962127685547
2021-09-02,21.041776657104492
2021-09-03,20.90202522277832
2021-09-07,20.648719787597656
2021-09-08,19.949949264526367
2021-09-09,20.09843635559082
2021-09-10,19.932479858398438
2021-09-13,19.976152420043945
2021-09-14,19.98488426208496
2021-09-15,19.976152420043945
2021-09-16,19.661706924438477
2021-09-17,19.43460464477539
2021-09-20,18.989133834838867
2021-09-21,18.954200744628906
2021-09-22,19.128889083862305
2021-09-23,18.753299713134766
2021-09-24,18.299100875854492
2021-09-27,18.55240249633789
2021-09-28,18.377708435058594
2021-09-29,18.33403778076172
2021-09-30,18.56987190246582
2021-10-01,18.67469024658203
2021-10-04,18.59607696533203
2021-10-05,18.456321716308594
2021-10-06,18.30783462524414
2021-10-07,18.534934997558594
2021-10-08,18.43012046813965
2021-10-11,18.51746368408203
2021-10-12,18.482526779174805
2021-10-13,18.412647247314453
2021-10-14,18.037059783935547
2021-10-15,17.95844268798828
2021-10-18,17.862363815307617
2021-10-19,18.13313865661621
2021-10-20,18.38644027709961
2021-10-21,17.95844268798828
2021-10-22,18.150609970092773
2021-10-25,18.482526779174805
2021-10-26,18.631013870239258
2021-10-27,18.9105224609375
2021-10-28,18.805707931518555
2021-10-29,18.604808807373047
2021-11-01,19.024076461791992
2021-11-02,18.84937858581543
2021-11-03,19.09395408630371
2021-11-04,19.303585052490234
2021-11-05,19.40839958190918
2021-11-08,19.80145835876465
2021-11-09,19.818925857543945
2021-11-10,19.60055923461914
2021-11-11,19.513216018676758
2021-11-12,19.513216018676758
2021-11-15,20.360475540161133
2021-11-16,19.452072143554688
2021-11-17,19.18129539489746
2021-11-18,18.805707931518555
2021-11-19,18.421384811401367
2021-11-22,18.124404907226562
2021-11-23,16.726858139038086
2021-11-24,17.79248809814453
2021-11-26,17.03257179260254
2021-11-29,16.726858139038086
2021-11-30,15.6874361038208
2021-12-01,16.29886245727539
2021-12-02,16.150373458862305
2021-12-03,16.307598114013672
2021-12-06,16.38620948791504
2021-12-07,17.312084197998047
2021-12-08,17.381959915161133
2021-12-09,17.18979835510254
2021-12-10,17.37322235107422
2021-12-13,17.970787048339844
2021-12-14,17.92691421508789
2021-12-15,17.751419067382812
2021-12-16,17.444299697875977
2021-12-17,15.01368236541748
2021-12-20,18.198936462402344
2021-12-21,17.00555992126465
2021-12-22,16.65456771850586
2021-12-23,18.339330673217773
2021-12-27,19.05886459350586
2021-12-28,18.155057907104492
2021-12-29,17.602249145507812
2021-12-30,16.66334342956543
2021-12-31,16.303577423095703
2022-01-03,17.540822982788086
2022-01-04,17.216156005859375
2022-01-05,17.075761795043945
2022-01-06,17.049434661865234
2022-01-07,17.461849212646484
2022-01-10,17.505725860595703
2022-01-11,17.628572463989258
2022-01-12,18.2515811920166
2022-01-13,18.0234375
2022-01-14,18.155057907104492
2022-01-18,17.00555992126465
2022-01-19,18.06731414794922
2022-01-20,17.970787048339844
2022-01-21,17.54960060119629
2022-01-24,16.95291519165039
2022-01-25,17.031883239746094
2022-01-26,16.786191940307617
2022-01-27,17.295127868652344
2022-01-28,17.28635597229004
2022-01-31,17.91813850402832
2022-02-01,17.900590896606445
2022-02-02,17.444299697875977
2022-02-03,16.961687088012695
2022-02-04,16.724769592285156
2022-02-07,17.31267738342285
2022-02-08,17.488176345825195
2022-02-09,17.909364700317383
2022-02-10,17.839168548583984
2022-02-11,17.707544326782227
2022-02-14,17.41797637939453
2022-02-15,17.874267578125
2022-02-16,17.874267578125
2022-02-17,17.602249145507812
2022-02-18,17.65489959716797
2022-02-22,17.303903579711914
2022-02-23,17.058212280273438
2022-02-24,15.803411483764648
2022-02-25,16.707218170166016
2022-02-28,16.42642593383789
2022-03-01,16.777416229248047
2022-03-02,16.680892944335938
2022-03-03,16.637020111083984
2022-03-04,16.435195922851562
2022-03-07,16.18950653076172
2022-03-08,16.24215316772461
2022-03-09,16.558046340942383
2022-03-10,16.06665802001953
2022-03-11,16.110532760620117
2022-03-14,16.522947311401367
2022-03-15,16.786191940307617
2022-03-16,16.803741455078125
2022-03-17,17.2775821685791
2022-03-18,17.110857009887695
2022-03-21,17.365325927734375
2022-03-22,17.742645263671875
2022-03-23,17.59347152709961
2022-03-24,17.59347152709961
2022-03-25,17.505725860595703
2022-03-28,17.540822982788086
2022-03-29,18.216482162475586
2022-03-30,18.365659713745117
2022-03-31,18.163835525512695
2022-04-01,18.383207321166992
2022-04-04,19.01498794555664
2022-04-05,18.85704231262207
2022-04-06,18.78684425354004
2022-04-07,18.95356559753418
2022-04-08,19.33966064453125
2022-04-11,19.927568435668945
2022-04-12,20.138166427612305
2022-04-13,20.30488395690918
2022-04-14,20.278562545776367
2022-04-18,20.48038101196289
2022-04-19,20.664655685424805
2022-04-20,20.840152740478516
2022-04-21,20.699750900268555
2022-04-22,19.9802188873291
2022-04-25,20.31365966796875
2022-04-26,19.480052947998047
2022-04-27,19.971445083618164
2022-04-28,19.74329948425293
2022-04-29,19.55902862548828
2022-05-02,19.409860610961914
2022-05-03,19.374757766723633
2022-05-04,19.611677169799805
2022-05-05,19.71697425842285
2022-05-06,19.532703399658203
2022-05-09,19.365982055664062
2022-05-10,19.427406311035156
2022-05-11,18.997440338134766
2022-05-12,18.549924850463867
2022-05-13,18.576251983642578
2022-05-16,18.2515811920166
2022-05-17,18.155057907104492
2022-05-18,17.839168548583984
2022-05-19,18.076087951660156
2022-05-20,17.768970489501953
2022-05-23,18.0234375
2022-05-24,17.78652000427246
2022-05-25,17.795291900634766
2022-05-26,18.0234375
2022-05-27,18.10240936279297
2022-05-31,18.681547164916992
2022-06-01,18.813169479370117
2022-06-02,18.89214324951172
2022-06-03,18.979890823364258
2022-06-06,18.918466567993164
2022-06-07,18.88336753845215
2022-06-08,17.76019287109375
2022-06-09,17.554521560668945
2022-06-10,17.47333335876465
2022-06-13,17.211729049682617
2022-06-14,17.29291534423828
2022-06-15,17.4282283782959
2022-06-16,17.148582458496094
2022-06-17,17.38312339782715
2022-06-21,17.62668228149414
2022-06-22,17.50039291381836
2022-06-23,17.274871826171875
2022-06-24,17.38312339782715
2022-06-27,18.086748123168945
2022-06-28,17.771020889282227
2022-06-29,17.238792419433594
2022-06-30,17.148582458496094
2022-07-01,17.365081787109375
2022-07-05,16.91404151916504
2022-07-06,16.751665115356445
2022-07-07,16.71558380126953
2022-07-08,16.706560134887695
2022-07-11,16.38181495666504
2022-07-12,16.372791290283203
2022-07-13,16.36376953125
2022-07-14,16.138248443603516
2022-07-15,16.30062484741211
2022-07-18,16.535165786743164
2022-07-19,16.92306137084961
2022-07-20,17.02229118347168
2022-07-21,16.959144592285156
2022-07-22,16.87795639038086
2022-07-25,17.049352645874023
2022-07-26,17.004249572753906
2022-07-27,17.211729049682617
2022-07-28,17.049352645874023
2022-07-29,17.356060028076172
2022-08-01,17.725914001464844
2022-08-02,17.590600967407227
2022-08-03,17.82514190673828
2022-08-04,18.131853103637695
2022-08-05,18.240102767944336
2022-08-08,18.57387351989746
2022-08-09,18.447580337524414
2022-08-10,18.907642364501953
2022-08-11,18.78135108947754
2022-08-12,18.970788955688477
2022-08-15,18.808414459228516
2022-08-16,19.295534133911133
2022-08-17,19.484975814819336
2022-08-18,19.782663345336914
2022-08-19,19.566164016723633
2022-08-22,19.936016082763672
2022-08-23,20.359994888305664
2022-08-24,19.936016082763672
2022-08-25,20.305870056152344
2022-08-26,20.116430282592773
2022-08-29,20.45020294189453
2022-08-30,20.287826538085938
2022-08-31,20.287826538085938
2022-09-01,20.17055892944336
2022-09-02,20.648658752441406
2022-09-06,21.640949249267578
2022-09-07,21.929616928100586
2022-09-08,21.93863868713379
2022-09-09,22.606178283691406
2022-09-12,23.742801666259766
2022-09-13,21.225996017456055
2022-09-14,22.290449142456055
2022-09-15,21.505638122558594
2022-09-16,21.749202728271484
2022-09-19,20.65768051147461
2022-09-20,21.06361961364746
2022-09-21,20.576494216918945
2022-09-22,21.108722686767578
2022-09-23,21.02753448486328
2022-09-26,20.75691032409668
2022-09-27,20.594533920288086
2022-09-28,20.296850204467773
2022-09-29,19.954059600830078
2022-09-30,19.917972564697266
2022-10-03,21.776262283325195
2022-10-04,21.88451385498047
2022-10-05,22.101011276245117
2022-10-06,22.25436782836914
2022-10-07,22.227306365966797
2022-10-10,22.47988510131836
2022-10-11,22.20926284790039
2022-10-12,22.010801315307617
2022-10-13,22.398700714111328
2022-10-14,22.443803787231445
2022-10-17,24.266008377075195
2022-10-18,24.338178634643555
2022-10-19,24.347198486328125
2022-10-20,24.32013511657715
2022-10-21,24.536638259887695
2022-10-24,24.93355369567871
2022-10-25,24.80725860595703
2022-10-26,24.68998908996582
2022-10-27,24.130699157714844
2022-10-28,24.148738861083984
2022-10-31,24.527616500854492
2022-11-01,24.80725860595703
2022-11-02,24.888446807861328
2022-11-03,25.077882766723633
2022-11-04,25.83563232421875
2022-11-07,26.782821655273438
2022-11-08,27.053442001342773
2022-11-09,26.51219367980957
2022-11-10,27.54056739807129
2022-11-11,27.098548889160156
2022-11-14,27.63077735900879
2022-11-15,28.081817626953125
2022-11-16,27.85629653930664
2022-11-17,26.873027801513672
2022-11-18,27.242881774902344
2022-11-21,27.73902702331543
2022-11-22,29.281585693359375
2022-11-23,29.317668914794922
2022-11-25,30.219749450683594
2022-11-28,30.07541847229004
2022-11-29,30.46331214904785
2022-11-30,30.94141960144043
2022-12-01,30.89631462097168
2022-12-02,30.327999114990234
2022-12-05,29.94912338256836
2022-12-06,30.382125854492188
2022-12-07,29.371795654296875
2022-12-08,29.65144157409668
2022-12-09,30.58058738708496
2022-12-12,31.924684524536133
2022-12-13,32.05704879760742
2022-12-14,31.059795379638672
2022-12-15,31.667221069335938
2022-12-16,31.757875442504883
2022-12-19,32.981773376464844
2022-12-20,33.32627487182617
2022-12-21,33.380672454833984
2022-12-22,33.31721115112305
2022-12-23,33.4350700378418
2022-12-27,33.25374984741211
2022-12-28,32.483150482177734
2022-12-29,33.7070426940918
2022-12-30,33.543861389160156
2023-01-03,34.23286437988281
2023-01-04,33.9427604675293
2023-01-05,31.268320083618164
2023-01-06,32.80045700073242
2023-01-09,31.4043025970459
2023-01-10,30.561176300048828
2023-01-11,29.382610321044922
2023-01-12,30.425189971923828
2023-01-13,30.416118621826172
2023-01-17,32.46501541137695
2023-01-18,32.655399322509766
2023-01-19,33.0633659362793
2023-01-20,33.489463806152344
2023-01-23,32.91831970214844
2023-01-24,32.981773376464844
2023-01-25,32.70979690551758
2023-01-26,31.82133674621582
2023-01-27,31.96639060974121
2023-01-30,31.086997985839844
2023-01-31,30.733430862426758
2023-02-01,29.019969940185547
2023-02-02,29.291950225830078
2023-02-03,30.78782081604004
2023-02-06,30.035350799560547
2023-02-07,28.213106155395508
2023-02-08,27.00733757019043
2023-02-09,26.6628360748291
2023-02-10,26.60843849182129
2023-02-13,26.77162742614746
2023-02-14,28.992774963378906
2023-02-15,31.785076141357422
2023-02-16,30.851282119750977
2023-02-17,30.88754653930664
2023-02-21,31.766944885253906
2023-02-22,31.132326126098633
2023-02-23,31.195789337158203
2023-02-24,31.10512924194336
2023-02-27,32.238372802734375
2023-02-28,32.16584396362305
2023-03-01,32.80045700073242
2023-03-02,32.392486572265625
2023-03-03,31.975460052490234
2023-03-06,33.36254119873047
2023-03-07,32.863914489746094
2023-03-08,33.69797897338867
2023-03-09,33.46226119995117
2023-03-10,33.22655487060547
2023-03-13,32.8276481628418
2023-03-14,32.16584396362305
2023-03-15,31.649084091186523
2023-03-16,32.69166564941406
2023-03-17,31.776002883911133
2023-03-20,30.824085235595703
2023-03-21,30.12601089477539
2023-03-22,30.669967651367188
2023-03-23,30.905681610107422
2023-03-24,30.905681610107422
2023-03-27,30.57930564880371
2023-03-28,29.600187301635742
2023-03-29,30.370786666870117
2023-03-30,30.107879638671875
2023-03-31,29.572994232177734
2023-04-03,29.736175537109375
2023-04-04,30.660900115966797
2023-04-05,29.917495727539062
2023-04-06,30.080684661865234
2023-04-10,31.277379989624023
2023-04-11,31.340843200683594
2023-04-12,31.413375854492188
2023-04-13,31.349910736083984
2023-04-14,31.14139175415039
2023-04-17,30.833152770996094
2023-04-18,30.60650062561035
2023-04-19,30.751558303833008
2023-04-20,30.561176300048828
2023-04-21,30.397987365722656
2023-04-24,30.52490997314453
2023-04-25,29.65458106994629
2023-04-26,29.038103103637695
2023-04-27,29.11969757080078
2023-04-28,28.077116012573242
2023-05-01,27.968326568603516
2023-05-02,27.43343734741211
2023-05-03,27.27931785583496
2023-05-04,27.23398780822754
2023-05-05,26.762561798095703
2023-05-08,27.832338333129883
2023-05-09,27.877668380737305
2023-05-10,27.714479446411133
2023-05-11,30.307331085205078
2023-05-12,29.382610321044922
2023-05-15,26.916683197021484
2023-05-16,27.48783302307129
2023-05-17,27.832338333129883
2023-05-18,26.816953659057617
2023-05-19,26.671899795532227
2023-05-22,26.490581512451172
2023-05-23,26.490581512451172
2023-05-24,26.055418014526367
2023-05-25,26.019155502319336
2023-05-26,26.807886123657227
2023-05-30,28.367225646972656
2023-05-31,27.515029907226562
2023-06-01,28.013656616210938
2023-06-02,28.883981704711914
2023-06-05,29.727109909057617
2023-06-06,29.536727905273438
2023-06-07,28.090923309326172
2023-06-08,28.06279945373535
2023-06-09,28.40971565246582
2023-06-12,27.80964469909668
2023-06-13,27.115806579589844
2023-06-14,27.059553146362305
2023-06-15,27.575239181518555
2023-06-16,27.481477737426758
2023-06-20,26.49698257446289
2023-06-21,26.32821273803711
2023-06-22,26.08443260192871
2023-06-23,26.45009994506836
2023-06-26,26.356340408325195
2023-06-27,26.30008316040039
2023-06-28,26.271955490112305
2023-06-29,26.225072860717773
2023-06-30,26.48760414123535
2023-07-03,27.34083366394043
2023-07-05,27.753387451171875
2023-07-06,27.922157287597656
2023-07-07,28.081552505493164
2023-07-10,28.80351448059082
2023-07-11,28.878520965576172
2023-07-12,28.794137954711914
2023-07-13,29.019166946411133
2023-07-14,29.337953567504883
2023-07-17,29.647367477416992
2023-07-18,27.884654998779297
2023-07-19,29.216064453125
2023-07-20,29.469219207763672
2023-07-21,29.328580856323242
2023-07-24,29.047290802001953
2023-07-25,28.75663185119629
2023-07-26,29.619239807128906
2023-07-27,30.191181182861328
2023-07-28,31.241308212280273
2023-07-31,31.70074462890625
2023-08-01,31.260061264038086
2023-08-02,31.747623443603516
2023-08-03,31.63511085510254
2023-08-04,32.43207931518555
2023-08-07,32.81650161743164
2023-08-08,32.535221099853516
2023-08-09,33.52908706665039
2023-08-10,32.460205078125
2023-08-11,33.7447395324707
2023-08-14,33.885379791259766
2023-08-15,33.519718170166016
2023-08-16,33.43532943725586
2023-08-17,33.754112243652344
2023-08-18,32.863380432128906
2023-08-21,34.12916946411133
2023-08-22,33.89476013183594
2023-08-23,33.12591552734375
2023-08-24,34.28855895996094
2023-08-25,34.67298126220703
2023-08-28,35.64809799194336
2023-08-29,35.39493942260742
2023-08-30,35.27305221557617
2023-08-31,35.132408142089844
2023-09-01,35.75123596191406
2023-09-05,36.351314544677734
2023-09-06,36.13566207885742
2023-09-07,36.89512252807617
2023-09-08,36.82011795043945
2023-09-11,36.02314376831055
2023-09-12,35.95751190185547
2023-09-13,35.348060607910156
2023-09-14,35.82624816894531
2023-09-15,35.16054153442383
2023-09-18,33.922889709472656
2023-09-19,34.20417404174805
2023-09-20,34.05415344238281
2023-09-21,35.12303161621094
2023-09-22,35.24492645263672
2023-09-25,36.45444869995117
2023-09-26,36.0981559753418
2023-09-27,35.807491302490234
2023-09-28,35.66685485839844
2023-09-29,36.15441131591797
2023-10-02,36.80136489868164
2023-10-03,37.101402282714844
2023-10-04,36.38880920410156
2023-10-05,36.59508514404297
2023-10-06,37.026390075683594
2023-10-09,35.71372985839844
2023-10-10,36.48257827758789
2023-10-11,35.98564147949219
2023-10-12,35.694984436035156
2023-10-13,35.019893646240234
2023-10-16,34.34481430053711
2023-10-17,34.626102447509766
2023-10-18,33.67910385131836
2023-10-19,32.88213348388672
2023-10-20,32.132041931152344
2023-10-23,32.994651794433594
2023-10-24,33.93226623535156
2023-10-25,31.897642135620117
2023-10-26,32.58210372924805
2023-10-27,31.878889083862305
2023-10-30,32.610225677490234
2023-10-31,32.01953125
2023-11-01,31.86013412475586
2023-11-02,32.39457702636719
2023-11-03,32.61960220336914
2023-11-06,33.23843002319336
2023-11-07,33.050907135009766
2023-11-08,33.069664001464844
2023-11-09,32.88213348388672
2023-11-10,32.48834228515625
2023-11-13,31.63511085510254
2023-11-14,32.16017532348633
2023-11-15,32.094539642333984
2023-11-16,32.460205078125
2023-11-17,32.96651840209961
2023-11-20,33.37907409667969
2023-11-21,33.48220443725586
2023-11-22,33.25718307495117
2023-11-24,33.088409423828125
2023-11-27,33.6884880065918
2023-11-28,33.80099868774414
2023-11-29,33.38844680786133
2023-11-30,33.069664001464844
2023-12-01,33.454078674316406
2023-12-04,33.557220458984375
2023-12-05,33.46345901489258
2023-12-06,32.600852966308594
2023-12-07,33.01340103149414
2023-12-08,32.741493225097656
2023-12-11,32.00078582763672
2023-12-12,31.88826560974121
2023-12-13,31.3819522857666
2023-12-14,32.27268600463867
2023-12-15,32.82587432861328
2023-12-18,32.16017532348633
2023-12-19,31.916393280029297
2023-12-20,31.549732208251953
2023-12-21,32.13714599609375
2023-12-22,31.360246658325195
2023-12-26,30.15699577331543
2023-12-27,29.958036422729492
2023-12-28,30.40333366394043
2023-12-29,30.583345413208008
2024-01-02,30.93389892578125
2024-01-03,29.97698402404785
2024-01-04,30.573871612548828
2024-01-05,30.905475616455078
2024-01-08,31.710798263549805
2024-01-09,31.29392433166504
2024-01-10,31.7581729888916
2024-01-11,31.84343910217285
2024-01-12,32.03293228149414
2024-01-16,32.21294021606445
2024-01-17,32.08030319213867
2024-01-18,31.966611862182617
2024-01-19,31.928709030151367
2024-01-22,31.985553741455078
2024-01-23,31.815021514892578
2024-01-24,32.61086654663086
2024-01-25,32.77192687988281
2024-01-26,33.43513870239258
2024-01-29,33.83306121826172
2024-01-30,33.84253692626953
2024-01-31,33.918331146240234
2024-02-01,34.58153533935547
2024-02-02,34.03202438354492
2024-02-05,34.80892562866211
2024-02-06,35.178428649902344
2024-02-07,34.733131408691406
2024-02-08,35.168949127197266
2024-02-09,35.690040588378906
2024-02-12,36.04059982299805
2024-02-13,35.26369857788086
2024-02-14,35.54792785644531
2024-02-15,36.27745819091797
2024-02-16,36.410099029541016
2024-02-20,36.46694564819336
2024-02-21,36.40062713623047
2024-02-22,36.48589324951172
2024-02-23,36.47642135620117
2024-02-26,36.30588150024414
2024-02-27,35.718467712402344
2024-02-28,35.33949279785156
2024-02-29,35.51950454711914
2024-03-01,35.083683013916016
2024-03-04,34.297306060791016
2024-03-05,33.956233978271484
2024-03-06,33.42566680908203
2024-03-07,34.287837982177734
2024-03-08,34.48680114746094
2024-03-11,34.36362838745117
2024-03-12,34.107818603515625
2024-03-13,33.520408630371094
2024-03-14,33.30249786376953
2024-03-15,33.1793327331543
2024-03-18,32.68666076660156
2024-03-19,33.3309211730957
2024-03-20,33.567779541015625
2024-03-21,34.515220642089844
2024-03-22,34.354156494140625
2024-03-25,34.003604888916016
2024-03-26,33.06563949584961
2024-03-27,33.1793327331543
2024-03-28,34.05097198486328
2024-04-01,34.59101104736328
2024-04-02,34.22151184082031
2024-04-03,34.27836227416992
2024-04-04,34.932090759277344
2024-04-05,36.76064682006836
2024-04-08,37.26279830932617
2024-04-09,37.09225845336914
2024-04-10,36.77012252807617
2024-04-11,36.81749725341797
2024-04-12,36.16375732421875
2024-04-15,36.353248596191406
2024-04-16,35.93637466430664
2024-04-17,35.73741912841797
2024-04-18,35.718467712402344
2024-04-19,36.20166015625
2024-04-22,36.267982482910156
2024-04-23,36.267982482910156
2024-04-24,36.55221176147461
2024-04-25,36.72275161743164
2024-04-26,37.58491897583008
2024-04-29,38.153385162353516
2024-04-30,38.087066650390625
2024-05-01,38.039695739746094
2024-05-02,38.83554458618164
2024-05-03,39.31874084472656
2024-05-06,39.40400695800781
2024-05-07,39.55559539794922
2024-05-08,39.25241470336914
2024-05-09,39.25241470336914
2024-05-10,39.13872146606445
2024-05-13,38.49446487426758
2024-05-14,38.977657318115234
2024-05-15,39.006080627441406
2024-05-16,39.565067291259766
2024-05-17,40.882015228271484
2024-05-20,41.27993392944336
2024-05-21,41.819976806640625
2024-05-22,41.715763092041016
2024-05-23,41.17572021484375
2024-05-24,40.777793884277344
2024-05-28,40.97676086425781
2024-05-29,40.31355285644531
2024-05-30,40.15248489379883
2024-05-31,40.057743072509766
2024-06-03,40.64515686035156
2024-06-04,39.22399139404297
2024-06-05,39.75455856323242
2024-06-06,39.574546813964844
2024-06-07,38.8544921875
2024-06-10,38.24812698364258
2024-06-11,38.32966232299805
2024-06-12,38.7996711730957
2024-06-13,39.86438751220703
2024-06-14,39.44233322143555
2024-06-17,39.634178161621094
2024-06-18,40.07540512084961
2024-06-20,40.32480239868164
2024-06-21,40.5262336730957
2024-06-24,40.38235092163086
2024-06-25,40.1137809753418
2024-06-26,39.41355895996094
2024-06-27,40.2288818359375
2024-06-28,40.30561828613281
2024-07-01,39.26008605957031
2024-07-02,40.008262634277344
2024-07-03,40.90032196044922
2024-07-05,41.399105072021484
2024-07-08,41.3895149230957
2024-07-09,40.83317565917969
2024-07-10,40.77561950683594
2024-07-11,41.55257797241211
2024-07-12,41.590946197509766
2024-07-15,41.45665740966797
2024-07-16,41.859519958496094
2024-07-17,41.773193359375
2024-07-18,41.62931442260742
2024-07-19,41.94585037231445
2024-07-22,42.243202209472656
2024-07-23,41.91707229614258
2024-07-24,41.36073684692383
2024-07-25,40.67011260986328
2024-07-26,40.99624252319336
2024-07-29,40.27684020996094
2024-07-30,40.20969772338867
2024-07-31,40.07540512084961
2024-08-01,40.257652282714844
2024-08-02,38.98191452026367
2024-08-05,36.67983627319336
2024-08-06,36.32493209838867
2024-08-07,36.76616287231445
2024-08-08,37.245765686035156
2024-08-09,36.57432556152344
2024-08-12,36.03717041015625
2024-08-13,36.833309173583984
2024-08-14,36.41126251220703
2024-08-15,36.929229736328125
2024-08-16,36.35371017456055
2024-08-19,37.04433059692383
2024-08-20,36.497589111328125
2024-08-21,36.28656768798828
2024-08-22,36.03717041015625
2024-08-23,35.24103546142578
2024-08-26,34.74224853515625
2024-08-27,35.30818176269531
2024-08-28,35.27939987182617
2024-08-29,35.471248626708984
2024-08-30,35.54798126220703
2024-09-03,36.20024108886719
2024-09-04,36.008399963378906
2024-09-05,35.8645133972168
2024-09-06,35.298587799072266
2024-09-09,35.030006408691406
2024-09-10,34.80939865112305
2024-09-11,34.3202018737793
2024-09-12,34.655921936035156
2024-09-13,35.11634063720703
2024-09-16,34.771026611328125
2024-09-17,35.231441497802734
2024-09-18,35.4136962890625
2024-09-19,36.248199462890625
2024-09-20,35.76859664916992
2024-09-23,35.69186019897461
2024-09-24,36.35371017456055
2024-09-25,35.50961685180664
2024-09-26,35.39451217651367
2024-09-27,35.27939987182617
2024-09-30,34.89572525024414
2024-10-01,33.667945861816406
2024-10-02,32.77588653564453
2024-10-03,32.325069427490234
2024-10-04,32.99650955200195
2024-10-07,32.60323715209961
2024-10-08,32.70874786376953
2024-10-09,33.09242630004883
2024-10-10,32.459354400634766
2024-10-11,32.28669738769531
2024-10-14,31.596073150634766
2024-10-15,32.03730773925781
2024-10-16,32.488128662109375
2024-10-17,32.63200759887695
2024-10-18,31.816686630249023
2024-10-21,31.461788177490234
2024-10-22,32.046897888183594
2024-10-23,31.557708740234375
2024-10-24,32.14281463623047
2024-10-25,32.14281463623047
2024-10-28,32.52649688720703
2024-10-29,32.315467834472656
2024-10-30,32.59364318847656
2024-10-31,32.15241241455078
2024-11-01,32.0948600769043
2024-11-04,31.241168975830078
2024-11-05,31.250761032104492
2024-11-06,32.15241241455078
2024-11-07,32.5073127746582
2024-11-08,33.11161422729492
2024-11-11,33.42814636230469
2024-11-12,33.169166564941406
2024-11-13,33.54325485229492
2024-11-14,34.022850036621094
2024-11-15,33.70631408691406
2024-11-18,33.72549819946289
2024-11-19,33.255489349365234
2024-11-20,32.65119552612305
2024-11-21,33.85978698730469
2024-11-22,34.62714385986328
2024-11-25,34.74224853515625
2024-11-26,34.886131286621094
2024-11-27,34.6655158996582
2024-11-29,34.991641998291016
2024-12-02,34.91490936279297
2024-12-03,35.50961685180664
2024-12-04,35.61512756347656
2024-12-05,36.008399963378906
2024-12-06,36.276973724365234
2024-12-09,36.78534698486328
2024-12-10,36.123504638671875
2024-12-11,36.11391067504883
2024-12-12,35.749412536621094
2024-12-13,36.17145919799805
2024-12-16,35.55757141113281
2024-12-17,35.650020599365234
2024-12-18,34.744808197021484
2024-12-19,34.34034729003906
2024-12-20,34.51368713378906
2024-12-23,34.157379150390625
2024-12-24,34.68702697753906
2024-12-26,35.361122131347656
2024-12-27,35.650020599365234
2024-12-30,34.94703674316406
2024-12-31,34.53294372558594
2025-01-02,35.10111618041992
2025-01-03,35.65964889526367
2025-01-06,35.49594497680664
2025-01-07,35.024070739746094
2025-01-08,34.937400817871094
2025-01-10,34.73517608642578
2025-01-13,34.28256607055664
2025-01-14,34.14774703979492
2025-01-15,34.4366455078125
2025-01-16,34.590721130371094
2025-01-17,35.0433349609375
2025-01-21,34.841102600097656
2025-01-22,35.34185791015625
2025-01-23,35.22630310058594
2025-01-24,35.187782287597656
2025-01-27,34.725547790527344
2025-01-28,35.29371643066406
2025-01-29,35.0433349609375
2025-01-30,35.187782287597656
2025-01-31,34.6099853515625
2025-02-03,33.92626190185547
2025-02-04,34.00330352783203
2025-02-05,33.76255416870117
2025-02-06,34.21515655517578
2025-02-07,34.330718994140625
2025-02-10,33.93589401245117
2025-02-11,33.97440719604492
2025-02-12,33.58921432495117
2025-02-13,34.1862678527832
2025-02-14,33.92626190185547
2025-02-18,34.0129280090332
2025-02-19,33.34846115112305
2025-02-20,33.49291229248047
2025-02-21,32.41436004638672
2025-02-24,32.712886810302734
2025-02-25,32.298805236816406
2025-02-26,32.626224517822266
2025-02-27,33.27142333984375
2025-02-28,33.011417388916016
2025-03-03,33.67588806152344
2025-03-04,33.897369384765625
2025-03-05,34.995182037353516
2025-03-06,35.90039825439453
2025-03-07,35.90039825439453
2025-03-10,35.457420349121094
2025-03-11,35.67890930175781
2025-03-12,36.22781753540039
2025-03-13,36.487823486328125
2025-03-14,36.921173095703125
2025-03-17,37.12339782714844
2025-03-18,36.39152526855469
2025-03-19,31.817310333251953
2025-03-20,32.04842758178711
2025-03-21,29.631309509277344
2025-03-24,30.565414428710938
2025-03-25,31.4224796295166
2025-03-26,31.547666549682617
2025-03-27,31.114322662353516
2025-03-28,31.460994720458984
2025-03-31,31.60544776916504
2025-04-01,31.6728572845459
2025-04-02,31.23950958251953
2025-04-03,31.008392333984375
2025-04-04,30.498004913330078
2025-04-07,30.68097496032715
2025-04-08,30.652084350585938
2025-04-09,31.615079879760742
2025-04-10,30.719491958618164
2025-04-11,30.892833709716797
2025-04-14,30.940982818603516
2025-04-15,30.671344757080078
2025-04-16,30.055025100708008
2025-04-17,30.729124069213867
2025-04-21,30.536523818969727
2025-04-22,30.488374710083008
2025-04-23,30.59430503845215
2025-04-24,30.989131927490234
2025-04-25,30.777271270751953
2025-04-28,30.315034866333008
2025-04-29,30.02613639831543
2025-04-30,29.535011291503906
2025-05-01,29.525381088256836
2025-05-02,29.795021057128906
2025-05-05,29.563901901245117
2025-05-06,29.621681213378906
2025-05-07,29.18833351135254
2025-05-08,30.0357666015625
2025-05-09,30.24762535095215
2025-05-12,31.41284942626953
2025-05-13,31.25876808166504
2025-05-14,31.27802848815918
2025-05-15,30.729124069213867
2025-05-16,31.22987937927246
2025-05-19,31.287660598754883
2025-05-20,30.68097496032715
2025-05-21,30.25725555419922
2025-05-22,30.52689552307129
2025-05-23,30.08391571044922
2025-05-27,29.717979431152344
2025-05-28,29.429080963134766
2025-05-29,29.409822463989258
2025-05-30,28.88017463684082
2025-06-02,28.93795394897461
2025-06-03,29.698719024658203
2025-06-04,30.19947624206543
2025-06-05,30.276517868041992
2025-06-06,30.44022560119629
2025-06-09,30.488374710083008
2025-06-10,30.97949981689453
2025-06-11,30.921722412109375
2025-06-12,30.401704788208008
2025-06-13,29.612051010131836
2025-06-16,29.95037269592285
2025-06-17,29.539691925048828
2025-06-18,29.441911697387695
2025-06-20,29.295238494873047
2025-06-23,29.41257667541504
2025-06-24,30.175270080566406
2025-06-25,29.999263763427734
2025-06-26,29.520137786865234
2025-06-27,29.813480377197266
2025-06-30,31.544204711914062
2025-07-01,31.75932502746582
2025-07-02,32.33623504638672
2025-07-03,32.30690383911133
2025-07-07,31.720212936401367
2025-07-08,31.407312393188477
2025-07-09,32.06244659423828
2025-07-10,32.51224136352539
2025-07-11,32.43401336669922
2025-07-14,32.23845291137695
2025-07-15,32.1113395690918
2025-07-16,31.77888298034668
2025-07-17,32.414459228515625
2025-07-18,32.25801086425781
2025-07-21,33.17715072631836
2025-07-22,33.11848068237305
2025-07-23,33.108707427978516
2025-07-24,33.19670867919922
2025-07-25,33.040260314941406
2025-07-28,32.68824768066406
2025-07-29,32.54157638549805
2025-07-30,32.913143157958984
2025-07-31,33.09892654418945
2025-08-01,33.16737365722656
2025-08-04,33.55849838256836
2025-08-05,33.5291633605957
2025-08-06,33.69539260864258
2025-08-07,33.842063903808594
2025-08-08,33.9105110168457
2025-08-11,34.066959381103516
2025-08-12,33.773616790771484
2025-08-13,33.705169677734375
2025-08-14,33.35315704345703
2025-08-15,33.48027420043945
2025-08-18,33.705169677734375
2025-08-19,33.73450469970703
2025-08-20,34.26252365112305
2025-08-21,34.72209548950195
2025-08-22,34.898101806640625
2025-08-25,35.13277816772461
2025-08-26,35.17189025878906
2025-08-27,34.72209548950195
2025-08-28,34.75143051147461
2025-08-29,34.50697708129883
2025-09-02,33.21626281738281
2025-09-03,32.7664680480957
2025-09-04,32.981590270996094
2025-09-05,32.5904655456543
2025-09-08,31.817995071411133
2025-09-09,31.95488929748535
2025-09-10,32.1895637512207
2025-09-11,31.602874755859375
2025-09-12,31.553985595703125
2025-09-15,33.48027420043945
2025-09-16,34.04740524291992
2025-09-17,33.97895812988281
2025-09-18,33.58782958984375
2025-09-19,34.59497833251953
2025-09-22,34.79054260253906
2025-09-23,34.282081604003906
2025-09-24,34.516754150390625
2025-09-25,34.40919494628906
2025-09-26,33.99851608276367
2025-09-29,33.802947998046875
2025-09-30,33.47049331665039
2025-10-01,34.184295654296875
2025-10-02,33.685611724853516
2025-10-03,32.991371154785156
2025-10-06,32.727359771728516
2025-10-07,32.942474365234375
2025-10-08,32.87403106689453
2025-10-09,32.62957763671875
2025-10-10,32.1113395690918
2025-10-13,32.30690383911133
2025-10-14,31.63220977783203
2025-10-15,31.837553024291992
2025-10-16,31.6224308013916
2025-10-17,31.19219398498535
2025-10-20,32.033111572265625
2025-10-21,31.994001388549805
2025-10-22,32.228675842285156
2025-10-23,32.37534713745117
2025-10-24,33.28471374511719
2025-10-27,33.138038635253906
2025-10-28,33.226043701171875
2025-10-29,33.157596588134766
2025-10-30,32.89358901977539
2025-10-31,33.392269134521484
2025-11-03,33.685611724853516
2025-11-04,33.157596588134766
2025-11-05,33.37271499633789
2025-11-06,33.49005126953125
2025-11-07,33.108707427978516
2025-11-10,32.80558395385742
2025-11-11,32.12111282348633
2025-11-12,32.297119140625
2025-11-13,32.052669525146484
2025-11-14,32.12111282348633
2025-11-17,32.34601593017578
2025-11-18,32.56113052368164
2025-11-19,32.913143157958984
2025-11-20,32.834922790527344
2025-11-21,33.030479431152344
2025-11-24,33.01092529296875
2025-11-25,32.795806884765625
2025-11-26,32.844696044921875
2025-11-28,32.75669479370117
2025-12-01,33.274932861328125
2025-12-02,33.343379974365234
2025-12-03,33.11848068237305
2025-12-04,32.80558395385742
2025-12-05,33.089149475097656
2025-12-08,33.65627670288086
2025-12-09,33.890953063964844
2025-12-10,33.95940399169922
2025-12-11,34.04740524291992
2025-12-12,34.04740524291992
2025-12-15,34.50697708129883
2025-12-16,34.288658142089844
2025-12-17,34.318294525146484
2025-12-18,34.39732360839844
2025-12-19,34.43684005737305
2025-12-22,34.18987274169922
2025-12-23,34.39732360839844
2025-12-24,34.44671630859375
2025-12-26,34.338050842285156
2025-12-29,33.99230194091797
2025-12-30,34.00217819213867
2025-12-31,34.00217819213867
2026-01-02,34.49610900878906
2026-01-05,35.375308990478516
2026-01-06,36.32365417480469
2026-01-07,36.18535232543945
2026-01-08,36.28413772583008
2026-01-09,36.708919525146484
2026-01-12,37.08430480957031
2026-01-13,37.27199935913086
2026-01-14,37.133697509765625
2026-01-15,37.47945022583008
2026-01-16,37.94374465942383
2026-01-20,38.39815902709961
2026-01-21,38.17095184326172
2026-01-22,38.605613708496094
2026-01-23,38.95136260986328
2026-01-26,39.37614440917969
2026-01-27,39.07978820800781
2026-01-28,39.89970779418945
2026-01-29,41.07526779174805
2026-01-30,40.749271392822266
2026-02-02,40.64060592651367
2026-02-03,41.03575134277344
2026-02-04,40.86781311035156
2026-02-05,40.16643142700195
2026-02-06,40.34424591064453
2026-02-09,41.03575134277344
2026-02-10,40.47267150878906
2026-02-11,40.709754943847656
2026-02-12,41.4012565612793
2026-02-13,41.707496643066406
2026-02-17,41.8260383605957
2026-02-18,41.89518737792969
2026-02-19,40.75914764404297
2026-02-20,41.14441680908203
2026-02-23,41.25307846069336
2026-02-24,41.421016693115234
2026-02-25,40.689998626708984
2026-02-26,40.72951126098633
2026-02-27,40.13679885864258
2026-03-02,39.10942077636719
2026-03-03,38.30925369262695
2026-03-04,38.48706817626953
2026-03-05,38.25986099243164
2026-03-06,36.768192291259766
2026-03-09,38.26974105834961
2026-03-10,38.70439910888672
2026-03-11,38.81306457519531
2026-03-12,38.862457275390625
2026-03-13,38.19070816040039
2026-03-16,38.39815902709961
2026-03-17,38.94148254394531
2026-03-18,38.25986099243164
2026-03-19,38.30925369262695
2026-03-20,37.91410827636719
2026-03-23,38.5068244934082
2026-03-24,37.91410827636719
2026-03-25,38.101802825927734
2026-03-26,37.22260665893555
2026-03-27,37.15345764160156
2026-03-30,36.896610260009766
2026-03-31,38.18083190917969
2026-04-01,38.22034454345703
2026-04-02,38.47719192504883
2026-04-06,38.66488265991211
2026-04-07,38.3487663269043
2026-04-08,40.087406158447266
2026-04-09,40.81842041015625
2026-04-10,41.56919860839844
2026-04-13,41.71737289428711
2026-04-14,41.95446014404297
2026-04-15,42.082881927490234
2026-04-16,41.80628204345703
2026-04-17,42.843536376953125
2026-04-20,42.576812744140625
2026-04-21,41.79640579223633
2026-04-22,41.98409652709961
2026-04-23,41.687740325927734
2026-04-24,42.082881927490234
2026-04-27,42.547176361083984
2026-04-28,41.816162109375
2026-04-29,41.50004196166992
2026-04-30,41.974220275878906
2026-05-01,42.07300567626953
2026-05-04,41.47040939331055
2026-05-05,41.92482376098633
2026-05-06,43.041107177734375
2026-05-07,42.73487091064453
2026-05-08,43.03123092651367
2026-05-11,43.20904541015625
2026-05-12,42.369361877441406
2026-05-13,41.855674743652344
2026-05-14,41.6778564453125
2026-05-15,40.76902770996094
2026-05-18,40.028133392333984
2026-05-19,39.61322784423828
2026-05-20,39.93922424316406
2026-05-21,36.264381408691406
2026-05-22,38.862457275390625
2026-05-26,37.86471939086914
2026-05-27,37.71653747558594
2026-05-28,38.04253005981445
2026-05-29,37.73629379272461
2026-06-01,38.39815902709961
2026-06-02,39.62310791015625
2026-06-03,38.69451904296875
2026-06-04,38.69451904296875
2026-06-05,37.627628326416016
2026-06-08,38.101802825927734
2026-06-09,37.98326110839844
2026-06-10,38.09192657470703
2026-06-11,38.66488265991211
2026-06-12,38.98099899291992
2026-06-15,40.15999984741211
2026-06-16,40.310001373291016
2026-06-17,39.95000076293945
2026-06-18,40.959999084472656
2026-06-22,40.5099983215332
2026-06-23,40.0099983215332
2026-06-24,39.560001373291016
2026-06-25,39.25
2026-06-26,39.20000076293945
2026-06-29,39.02000045776367
2026-06-30,38.880001068115234
2026-07-01,39.16999816894531
2026-07-02,39.34000015258789
2026-07-06,39.45000076293945
2026-07-07,39.279998779296875
2026-07-08,38.709999084472656
2026-07-09,38.529998779296875
2026-07-10,38.939998626708984
2026-07-13,38.209999084472656
2026-07-14,38.630001068115234
2026-07-15,38.7400016784668
2026-07-16,39.349998474121094
2026-07-17,38.93000030517578
2026-07-20,39.41999816894531
2026-07-21,39.5099983215332
2026-07-22,39.77000045776367
2026-07-23,39.439998626708984
2026-07-24,39.15999984741211
2026-07-27,38.70000076293945
2026-07-28,38.77000045776367
2026-07-29,38.209999084472656
2026-07-30,37.720001220703125
2026-07-31,38.060001373291016
2026-08-03,37.91999816894531
2026-08-04,38.869998931884766
2026-08-05,38.650001525878906
2026-08-06,38.79999923706055
2026-08-07,38.75
2026-08-10,38.75
2026-08-11,38.36000061035156
2026-08-12,39.380001068115234
2026-08-13,39.369998931884766
2026-08-14,39.59000015258789
2026-08-17,39.43000030517578
2026-08-18,39.61000061035156
2026-08-19,40.650001525878906
2026-08-20,40.310001373291016
2026-08-21,40.7400016784668
2026-08-24,40.470001220703125
2026-08-25,40.310001373291016
2026-08-26,40.58000183105469
2026-08-27,40.529998779296875
2026-08-28,40.869998931884766
2026-08-31,40.33000183105469
2026-09-01,39.79999923706055
2026-09-02,39.54999923706055
2026-09-03,38.97999954223633
2026-09-04,39.22999954223633
2026-09-08,40.470001220703125
2026-09-09,40.779998779296875
2026-09-10,40.290000915527344
2026-09-11,40.439998626708984
2026-09-14,39.77000045776367
2026-09-15,38.7400016784668
2026-09-16,36.18000030517578
2026-09-17,37.70000076293945
2026-09-18,37.279998779296875
2026-09-21,37.63999938964844
2026-09-22,37.349998474121094
2026-09-23,37.4900016784668
2026-09-24,36.59000015258789
2026-09-25,36.380001068115234
2026-09-28,35.439998626708984
2026-09-29,34.75
2026-09-30,33.79999923706055
2026-10-01,34.400001525878906
2026-10-02,34.279998779296875
2026-10-05,34.72999954223633
2026-10-06,34.470001220703125
2026-10-07,33.849998474121094
