date,adjclose
2011-10-10,16.701675415039062
2011-10-11,16.927196502685547
2011-10-12,17.252965927124023
2011-10-13,16.864551544189453
2011-10-14,17.415847778320312
2011-10-17,16.588909149169922
2011-10-18,17.12766456604004
2011-10-19,16.96478843688965
2011-10-20,16.71419906616211
2011-10-21,17.20284652709961
2011-10-24,17.378257751464844
2011-10-25,17.06502342224121
2011-10-26,17.29055404663086
2011-10-27,18.60613441467285
2011-10-28,18.117490768432617
2011-10-31,16.914674758911133
2011-11-01,15.736907005310059
2011-11-02,16.037614822387695
2011-11-03,16.914674758911133
2011-11-04,16.300729751586914
2011-11-07,16.601436614990234
2011-11-08,17.014909744262695
2011-11-09,15.41114616394043
2011-11-10,15.924847602844238
2011-11-11,16.588909149169922
2011-11-14,16.025081634521484
2011-11-15,15.987499237060547
2011-11-16,15.711847305297852
2011-11-17,15.473794937133789
2011-11-18,15.67426586151123
2011-11-21,15.160552024841309
2011-11-22,14.972616195678711
2011-11-23,14.296029090881348
2011-11-25,14.15820598602295
2011-11-28,15.035262107849121
2011-11-29,15.035262107849121
2011-11-30,15.974966049194336
2011-12-01,15.899787902832031
2011-12-02,15.987499237060547
2011-12-05,16.438552856445312
2011-12-06,16.47614097595215
2011-12-07,16.426027297973633
2011-12-08,15.423670768737793
2011-12-09,16.06267547607422
2011-12-12,15.273314476013184
2011-12-13,14.88491439819336
2011-12-14,14.571677207946777
2011-12-15,14.684441566467285
2011-12-16,14.62179183959961
2011-12-19,14.571677207946777
2011-12-20,15.24898624420166
2011-12-21,15.134620666503906
2011-12-22,15.40147876739502
2011-12-23,15.376055717468262
2011-12-27,15.223567962646484
2011-12-28,14.905882835388184
2011-12-29,15.24898624420166
2011-12-30,15.236275672912598
2012-01-03,15.884363174438477
2012-01-04,15.541255950927734
2012-01-05,14.8423433303833
2012-01-06,14.435704231262207
2012-01-09,14.346752166748047
2012-01-10,14.727977752685547
2012-01-11,14.766098022460938
2012-01-12,15.134620666503906
2012-01-13,14.77880573272705
2012-01-17,15.083785057067871
2012-01-18,15.325230598449707
2012-01-19,15.808113098144531
2012-01-20,15.858945846557617
2012-01-23,16.113088607788086
2012-01-24,16.265581130981445
2012-01-25,16.532438278198242
2012-01-26,16.5578556060791
2012-01-27,16.49431800842285
2012-01-30,16.291000366210938
2012-01-31,16.456195831298828
2012-02-01,16.8120059967041
2012-02-02,16.850128173828125
2012-02-03,17.116985321044922
2012-02-06,16.850128173828125
2012-02-07,17.104278564453125
2012-02-08,17.37113380432129
2012-02-09,17.396547317504883
2012-02-10,16.88825225830078
2012-02-13,16.989906311035156
2012-02-14,16.850128173828125
2012-02-15,16.735761642456055
2012-02-16,16.977205276489258
2012-02-17,17.12969207763672
2012-02-21,17.231355667114258
2012-02-22,17.116985321044922
2012-02-23,17.104278564453125
2012-02-24,17.345718383789062
2012-02-27,17.07886505126953
2012-02-28,17.180526733398438
2012-02-29,16.989906311035156
2012-03-01,17.54903793334961
2012-03-02,17.37113380432129
2012-03-05,17.345718383789062
2012-03-06,16.532438278198242
2012-03-07,16.79929542541504
2012-03-08,17.282188415527344
2012-03-09,16.88825225830078
2012-03-12,16.96449851989746
2012-03-13,17.320308685302734
2012-03-14,17.12969207763672
2012-03-15,17.37113380432129
2012-03-16,17.485502243041992
2012-03-19,17.739652633666992
2012-03-20,17.472795486450195
2012-03-21,17.16781997680664
2012-03-22,16.9390811920166
2012-03-23,16.9390811920166
2012-03-26,17.294891357421875
2012-03-27,17.07886505126953
2012-03-28,16.96449851989746
2012-03-29,16.532438278198242
2012-03-30,16.621395111083984
2012-04-02,16.672224044799805
2012-04-03,16.189340591430664
2012-04-04,15.693744659423828
2012-04-05,15.452301025390625
2012-04-09,15.223567962646484
2012-04-10,14.62631607055664
2012-04-11,14.99483585357666
2012-04-12,15.337937355041504
2012-04-13,14.753389358520508
2012-04-16,14.816930770874023
2012-04-17,15.388766288757324
2012-04-18,14.918591499328613
2012-04-19,14.639022827148438
2012-04-20,14.905882835388184
2012-04-23,14.38487434387207
2012-04-24,14.62631607055664
2012-04-25,15.147324562072754
2012-04-26,15.210861206054688
2012-04-27,15.40147876739502
2012-04-30,15.24898624420166
2012-05-01,15.325230598449707
2012-05-02,14.829638481140137
2012-05-03,14.575490951538086
2012-05-04,14.33404541015625
2012-05-07,14.753389358520508
2012-05-08,14.47382926940918
2012-05-09,14.079893112182617
2012-05-10,14.25779914855957
2012-05-11,14.23238754272461
2012-05-14,13.825745582580566
2012-05-15,13.330155372619629
2012-05-16,13.215787887573242
2012-05-17,13.037879943847656
2012-05-18,13.114128112792969
2012-05-21,13.520771980285645
2012-05-22,13.558886528015137
2012-05-23,13.330155372619629
2012-05-24,13.203079223632812
2012-05-25,13.203079223632812
2012-05-29,13.203079223632812
2012-05-30,12.745609283447266
2012-05-31,12.859978675842285
2012-06-01,12.656658172607422
2012-06-04,13.05058765411377
2012-06-05,13.063298225402832
2012-06-06,13.609719276428223
2012-06-07,13.6351318359375
2012-06-08,13.597012519836426
2012-06-11,13.02517318725586
2012-06-12,13.126834869384766
2012-06-13,13.012465476989746
2012-06-14,13.317447662353516
2012-06-15,13.660551071166992
2012-06-18,13.292033195495605
2012-06-19,13.800329208374023
2012-06-20,14.054484367370605
2012-06-21,13.683770179748535
2012-06-22,13.904894828796387
2012-06-25,13.21550464630127
2012-06-26,13.21550464630127
2012-06-27,13.449636459350586
2012-06-28,13.566704750061035
2012-06-29,14.711355209350586
2012-07-02,14.698345184326172
2012-07-03,14.84142780303955
2012-07-05,14.139031410217285
2012-07-06,13.735799789428711
2012-07-09,13.826851844787598
2012-07-10,13.696776390075684
2012-07-11,13.800840377807617
2012-07-12,13.51467514038086
2012-07-13,13.696776390075684
2012-07-16,13.618733406066895
2012-07-17,13.631742477416992
2012-07-18,13.605727195739746
2012-07-19,13.670759201049805
2012-07-20,12.942352294921875
2012-07-23,12.56513786315918
2012-07-24,12.070850372314453
2012-07-25,12.344009399414062
2012-07-26,13.150466918945312
2012-07-27,13.787832260131836
2012-07-30,13.865873336791992
2012-07-31,13.709781646728516
2012-08-01,13.709781646728516
2012-08-02,13.111446380615234
2012-08-03,14.152034759521484
2012-08-06,14.438197135925293
2012-08-07,14.75037670135498
2012-08-08,14.711355209350586
2012-08-09,14.55526351928711
2012-08-10,14.607292175292969
2012-08-13,14.55526351928711
2012-08-14,14.594285011291504
2012-08-15,14.620301246643066
2012-08-16,14.958494186401367
2012-08-17,15.10157299041748
2012-08-20,14.984506607055664
2012-08-21,15.309694290161133
2012-08-22,15.361726760864258
2012-08-23,15.10157299041748
2012-08-24,14.997518539428711
2012-08-27,15.075560569763184
2012-08-28,15.179620742797852
2012-08-29,15.12758731842041
2012-08-30,14.84142780303955
2012-08-31,15.25766372680664
2012-09-04,15.400747299194336
2012-09-05,15.283679962158203
2012-09-06,16.103145599365234
2012-09-07,16.623437881469727
2012-09-10,16.32426643371582
2012-09-11,16.688480377197266
2012-09-12,16.90960121154785
2012-09-13,17.312829971313477
2012-09-14,17.416889190673828
2012-09-17,17.351852416992188
2012-09-18,16.844566345214844
2012-09-19,16.935619354248047
2012-09-20,16.519378662109375
2012-09-21,16.584415435791016
2012-09-24,16.623437881469727
2012-09-25,16.376298904418945
2012-09-26,16.0120906829834
2012-09-27,16.24622344970703
2012-09-28,15.6478910446167
2012-10-01,15.960065841674805
2012-10-02,16.1291561126709
2012-10-03,16.116153717041016
2012-10-04,16.32426643371582
2012-10-05,16.558401107788086
2012-10-08,16.32426643371582
2012-10-09,16.025096893310547
2012-10-10,15.986079216003418
2012-10-11,16.14216423034668
2012-10-12,16.1291561126709
2012-10-15,16.35028648376465
2012-10-16,16.87058448791504
2012-10-17,17.19576072692871
2012-10-18,16.97463607788086
2012-10-19,16.519378662109375
2012-10-22,16.753517150878906
2012-10-23,16.272241592407227
2012-10-24,16.272241592407227
2012-10-25,16.168182373046875
2012-10-26,16.272241592407227
2012-10-31,16.220211029052734
2012-11-01,16.532386779785156
2012-11-02,16.168182373046875
2012-11-05,15.986079216003418
2012-11-06,16.233219146728516
2012-11-07,15.895026206970215
2012-11-08,15.517814636230469
2012-11-09,15.504802703857422
2012-11-12,15.595854759216309
2012-11-13,15.569840431213379
2012-11-14,15.5438232421875
2012-11-15,15.595854759216309
2012-11-16,15.374734878540039
2012-11-19,15.88201904296875
2012-11-20,15.856001853942871
2012-11-21,15.960065841674805
2012-11-23,16.402315139770508
2012-11-26,16.32426643371582
2012-11-27,16.064119338989258
2012-11-28,16.259233474731445
2012-11-29,16.610437393188477
2012-11-30,16.584415435791016
2012-12-03,16.636442184448242
2012-12-04,16.922607421875
2012-12-05,16.76651954650879
2012-12-06,16.584415435791016
2012-12-07,16.35028648376465
2012-12-10,16.064119338989258
2012-12-11,16.35028648376465
2012-12-12,16.545392990112305
2012-12-13,16.610437393188477
2012-12-14,16.81855010986328
2012-12-17,17.052682876586914
2012-12-18,17.23826789855957
2012-12-19,17.329748153686523
2012-12-20,17.486583709716797
2012-12-21,17.408166885375977
2012-12-24,17.277469635009766
2012-12-26,17.30360984802246
2012-12-27,17.512718200683594
2012-12-28,17.199054718017578
2012-12-31,17.57806396484375
2013-01-02,17.85251808166504
2013-01-03,17.630340576171875
2013-01-04,17.86558723449707
2013-01-07,17.708755493164062
2013-01-08,17.747966766357422
2013-01-09,18.035486221313477
2013-01-10,18.57132339477539
2013-01-11,18.688945770263672
2013-01-14,18.545183181762695
2013-01-15,18.636669158935547
2013-01-16,18.375286102294922
2013-01-17,18.71508026123047
2013-01-18,18.702016830444336
2013-01-22,18.858844757080078
2013-01-23,18.702016830444336
2013-01-24,18.78042984008789
2013-01-25,19.041812896728516
2013-01-28,19.09408950805664
2013-01-29,18.80657196044922
2013-01-30,18.545183181762695
2013-01-31,18.558256149291992
2013-02-01,18.675878524780273
2013-02-04,17.591135025024414
2013-02-05,17.86558723449707
2013-02-06,17.787172317504883
2013-02-07,17.368959426879883
2013-02-08,17.525785446166992
2013-02-11,17.368959426879883
2013-02-12,17.538856506347656
2013-02-13,17.643409729003906
2013-02-14,17.355886459350586
2013-02-15,17.264404296875
2013-02-19,17.512718200683594
2013-02-20,17.14678192138672
2013-02-21,16.558666229248047
2013-02-22,16.911531448364258
2013-02-25,15.944417953491211
2013-02-26,16.062040328979492
2013-02-27,16.375696182250977
2013-02-28,16.258073806762695
2013-03-01,16.009765625
2013-03-04,15.983621597290039
2013-03-05,16.24500846862793
2013-03-06,16.297285079956055
2013-03-07,16.480253219604492
2013-03-08,16.480253219604492
2013-03-11,16.493322372436523
2013-03-12,16.375696182250977
2013-03-13,16.140451431274414
2013-03-14,16.4410457611084
2013-03-15,16.4410457611084
2013-03-18,16.04897117614746
2013-03-19,15.918282508850098
2013-03-20,16.218868255615234
2013-03-21,16.075109481811523
2013-03-22,16.41490364074707
2013-03-25,15.74837589263916
2013-03-26,15.617684364318848
2013-03-27,15.317097663879395
2013-03-28,15.421648979187012
2013-04-01,15.199467658996582
2013-04-02,15.38244342803955
2013-04-03,15.147195816040039
2013-04-04,15.343232154846191
2013-04-05,15.539275169372559
2013-04-08,15.486994743347168
2013-04-09,15.74837589263916
2013-04-10,16.166593551635742
2013-04-11,16.2319393157959
2013-04-12,16.166593551635742
2013-04-15,15.526206016540527
2013-04-16,15.931344985961914
2013-04-17,15.669961929321289
2013-04-18,15.68303394317627
2013-04-19,15.944417953491211
2013-04-22,16.33649444580078
2013-04-23,16.74163818359375
2013-04-24,16.74163818359375
2013-04-25,16.75470542907715
2013-04-26,16.820049285888672
2013-04-29,17.277469635009766
2013-04-30,17.185989379882812
2013-05-01,16.950748443603516
2013-05-02,17.016090393066406
2013-05-03,17.212129592895508
2013-05-06,17.159849166870117
2013-05-07,17.368959426879883
2013-05-08,17.65648078918457
2013-05-09,17.251333236694336
2013-05-10,17.525785446166992
2013-05-13,17.368959426879883
2013-05-14,17.46044158935547
2013-05-15,17.57806396484375
2013-05-16,17.512718200683594
2013-05-17,17.630340576171875
2013-05-20,17.813312530517578
2013-05-21,17.747966766357422
2013-05-22,17.499649047851562
2013-05-23,17.408166885375977
2013-05-24,17.342823028564453
2013-05-28,17.617271423339844
2013-05-29,17.617271423339844
2013-05-30,17.85251808166504
2013-05-31,17.395095825195312
2013-06-03,17.695688247680664
2013-06-04,17.591135025024414
2013-06-05,17.408166885375977
2013-06-06,17.329748153686523
2013-06-07,17.38202667236328
2013-06-10,17.264404296875
2013-06-11,17.029157638549805
2013-06-12,16.74163818359375
2013-06-13,17.094505310058594
2013-06-14,16.715497970581055
2013-06-17,17.016090393066406
2013-06-18,17.094505310058594
2013-06-19,16.610942840576172
2013-06-20,16.04897117614746
2013-06-21,15.866000175476074
2013-06-24,15.905207633972168
2013-06-25,15.826793670654297
2013-06-26,15.957487106323242
2013-06-27,15.964155197143555
2013-06-28,15.75076675415039
2013-07-01,16.00416374206543
2013-07-02,15.697420120239258
2013-07-03,15.75076675415039
2013-07-05,15.937479972839355
2013-07-08,16.110855102539062
2013-07-09,16.017501831054688
2013-07-10,16.110855102539062
2013-07-11,16.457612991333008
2013-07-12,15.977490425109863
2013-07-15,16.17753791809082
2013-07-16,16.17753791809082
2013-07-17,16.3109073638916
2013-07-18,16.671005249023438
2013-07-19,16.75102424621582
2013-07-22,16.937740325927734
2013-07-23,17.031099319458008
2013-07-24,17.271162033081055
2013-07-25,17.457870483398438
2013-07-26,17.457870483398438
2013-07-29,17.231151580810547
2013-07-30,17.337844848632812
2013-07-31,17.337844848632812
2013-08-01,17.737943649291992
2013-08-02,17.724613189697266
2013-08-05,17.657930374145508
2013-08-06,17.57790756225586
2013-08-07,17.764619827270508
2013-08-08,18.138051986694336
2013-08-09,18.2447509765625
2013-08-12,18.151391983032227
2013-08-13,18.40478515625
2013-08-14,18.37811851501465
2013-08-15,18.391450881958008
2013-08-16,18.64484977722168
2013-08-19,18.084701538085938
2013-08-20,18.031354904174805
2013-08-21,17.871320724487305
2013-08-22,18.298093795776367
2013-08-23,18.40478515625
2013-08-26,17.924663543701172
2013-08-27,17.484546661376953
2013-08-28,17.711275100708008
2013-08-29,17.60457992553711
2013-08-30,17.391189575195312
2013-09-03,17.737943649291992
2013-09-04,17.591245651245117
2013-09-05,17.684602737426758
2013-09-06,17.844642639160156
2013-09-09,18.178064346313477
2013-09-10,18.164730072021484
2013-09-11,18.551496505737305
2013-09-12,18.37811851501465
2013-09-13,18.431461334228516
2013-09-16,18.578166961669922
2013-09-17,18.698198318481445
2013-09-18,19.325027465820312
2013-09-19,19.204994201660156
2013-09-20,19.1383113861084
2013-09-23,19.191661834716797
2013-09-24,19.245010375976562
2013-09-25,19.351701736450195
2013-09-26,19.21833610534668
2013-09-27,18.95159912109375
2013-09-30,18.831567764282227
2013-10-01,19.311687469482422
2013-10-02,19.6050968170166
2013-10-03,19.485069274902344
2013-10-04,19.738466262817383
2013-10-07,19.778478622436523
2013-10-08,19.685117721557617
2013-10-09,19.95185661315918
2013-10-10,20.298616409301758
2013-10-11,20.35196304321289
2013-10-14,20.458654403686523
2013-10-15,20.285276412963867
2013-10-16,20.658708572387695
2013-10-17,20.912107467651367
2013-10-18,20.99212646484375
2013-10-21,20.89876937866211
2013-10-22,21.098819732666016
2013-10-23,20.725391387939453
2013-10-24,20.9654541015625
2013-10-25,20.698719024658203
2013-10-28,20.658708572387695
2013-10-29,21.018802642822266
2013-10-30,20.85875701904297
2013-10-31,20.89876937866211
2013-11-01,20.605363845825195
2013-11-04,20.778743743896484
2013-11-05,20.47199249267578
2013-11-06,20.698719024658203
2013-11-07,19.938514709472656
2013-11-08,20.138572692871094
2013-11-11,20.271940231323242
2013-11-12,20.218591690063477
2013-11-13,20.25860023498535
2013-11-14,20.111900329589844
2013-11-15,20.138572692871094
2013-11-18,20.405305862426758
2013-11-19,20.19192123413086
2013-11-20,19.978532791137695
2013-11-21,20.25860023498535
2013-11-22,20.41864585876465
2013-11-25,20.16524887084961
2013-11-26,20.25860023498535
2013-11-27,20.298616409301758
2013-11-29,20.445323944091797
2013-12-02,20.03188133239746
2013-12-03,19.778478622436523
2013-12-04,19.738466262817383
2013-12-05,19.431724548339844
2013-12-06,19.725133895874023
2013-12-09,19.845163345336914
2013-12-10,19.87183952331543
2013-12-11,19.565092086791992
2013-12-12,19.351701736450195
2013-12-13,19.405052185058594
2013-12-16,19.818490982055664
2013-12-17,19.6050968170166
2013-12-18,19.93534278869629
2013-12-19,20.029314041137695
2013-12-20,20.163562774658203
2013-12-23,20.432044982910156
2013-12-24,20.55286979675293
2013-12-26,20.66026496887207
2013-12-27,20.70053482055664
2013-12-30,20.848207473754883
2013-12-31,20.928752899169922
2014-01-02,20.579715728759766
2014-01-03,20.646839141845703
2014-01-06,20.83478355407715
2014-01-07,21.11669921875
2014-01-08,20.95560073852539
2014-01-09,21.15696907043457
2014-01-10,21.371761322021484
2014-01-13,21.049577713012695
2014-01-14,21.385190963745117
2014-01-15,21.707374572753906
2014-01-16,21.6268253326416
2014-01-17,21.492584228515625
2014-01-21,21.680526733398438
2014-01-22,21.5999755859375
2014-01-23,21.6268253326416
2014-01-24,20.95560073852539
2014-01-27,20.915332794189453
2014-01-28,21.331483840942383
2014-01-29,21.009296417236328
2014-01-30,21.08984375
2014-01-31,20.861635208129883
2014-02-03,20.19040298461914
2014-02-04,20.55286979675293
2014-02-05,20.66026496887207
2014-02-06,21.291215896606445
2014-02-07,21.573129653930664
2014-02-10,21.412031173706055
2014-02-11,21.707374572753906
2014-02-12,21.82819175720215
2014-02-13,22.02956199645996
2014-02-14,22.324899673461914
2014-02-18,22.392024993896484
2014-02-19,22.16380500793457
2014-02-20,22.36517333984375
2014-02-21,22.271202087402344
2014-02-24,22.284622192382812
2014-02-25,22.298049926757812
2014-02-26,22.05640411376953
2014-02-27,22.16380500793457
2014-02-28,22.284622192382812
2014-03-03,21.54627799987793
2014-03-04,22.271202087402344
2014-03-05,22.593395233154297
2014-03-06,22.955848693847656
2014-03-07,22.942419052124023
2014-03-10,22.969274520874023
2014-03-11,22.87530517578125
2014-03-12,22.942419052124023
2014-03-13,22.36517333984375
2014-03-14,22.432292938232422
2014-03-17,23.06324577331543
2014-03-18,23.237764358520508
2014-03-19,22.835031509399414
2014-03-20,22.982702255249023
2014-03-21,22.687362670898438
2014-03-24,22.82159996032715
2014-03-25,23.03639793395996
2014-03-26,23.049821853637695
2014-03-27,23.17064094543457
2014-03-28,23.533100128173828
2014-03-31,23.77474021911621
2014-04-01,24.11035919189453
2014-04-02,23.76131820678711
2014-04-03,24.002952575683594
2014-04-04,23.90898323059082
2014-04-07,24.002952575683594
2014-04-08,23.801586151123047
2014-04-09,24.0835018157959
2014-04-10,23.345157623291016
2014-04-11,23.345157623291016
2014-04-14,23.533100128173828
2014-04-15,23.184062957763672
2014-04-16,23.855289459228516
2014-04-17,23.895559310913086
2014-04-21,23.98953628540039
2014-04-22,24.20432472229004
2014-04-23,24.002952575683594
2014-04-24,24.056657791137695
2014-04-25,23.788166046142578
2014-04-28,23.828432083129883
2014-04-29,24.164047241210938
2014-04-30,24.217750549316406
2014-05-01,24.190902709960938
2014-05-02,24.11035919189453
2014-05-05,23.976112365722656
2014-05-06,23.895559310913086
2014-05-07,23.667346954345703
2014-05-08,23.788166046142578
2014-05-09,23.39885711669922
2014-05-12,23.46598243713379
2014-05-13,23.184062957763672
2014-05-14,23.02297019958496
2014-05-15,22.324899673461914
2014-05-16,22.566539764404297
2014-05-19,22.445714950561523
2014-05-20,22.36517333984375
2014-05-21,22.660511016845703
2014-05-22,22.33832359313965
2014-05-23,22.741056442260742
2014-05-27,23.45255470275879
2014-05-28,23.54652976989746
2014-05-29,23.6136474609375
2014-05-30,23.734468460083008
2014-06-02,23.90898323059082
2014-06-03,23.721040725708008
2014-06-04,23.707618713378906
2014-06-05,24.25802230834961
2014-06-06,24.647329330444336
2014-06-09,24.754737854003906
2014-06-10,24.566781997680664
2014-06-11,24.164047241210938
2014-06-12,24.11035919189453
2014-06-13,24.11035919189453
2014-06-16,24.09693145751953
2014-06-17,24.1372013092041
2014-06-18,24.39226722717285
2014-06-19,24.445964813232422
2014-06-20,24.20432472229004
2014-06-23,24.002952575683594
2014-06-24,23.828432083129883
2014-06-25,23.877450942993164
2014-06-26,23.754928588867188
2014-06-27,23.700471878051758
2014-06-30,23.659637451171875
2014-07-01,23.986356735229492
2014-07-02,24.081653594970703
2014-07-03,24.176939010620117
2014-07-07,23.577957153320312
2014-07-08,23.04704475402832
2014-07-09,23.251243591308594
2014-07-10,22.815622329711914
2014-07-11,22.924528121948242
2014-07-14,22.856464385986328
2014-07-15,22.570589065551758
2014-07-16,23.1423397064209
2014-07-17,22.420841217041016
2014-07-18,22.856464385986328
2014-07-21,22.475292205810547
2014-07-22,22.733943939208984
2014-07-23,22.802005767822266
2014-07-24,23.224010467529297
2014-07-25,23.10150146484375
2014-07-28,22.978979110717773
2014-07-29,22.88368797302246
2014-07-30,22.802005767822266
2014-07-31,22.24386978149414
2014-08-01,22.107742309570312
2014-08-04,22.366384506225586
2014-08-05,21.427082061767578
2014-08-06,21.182044982910156
2014-08-07,20.5966796875
2014-08-08,21.00507354736328
2014-08-11,20.950626373291016
2014-08-12,21.018686294555664
2014-08-13,21.073139190673828
2014-08-14,21.045915603637695
2014-08-15,20.991458892822266
2014-08-18,21.2773380279541
2014-08-19,21.154817581176758
2014-08-20,21.059528350830078
2014-08-21,21.46792221069336
2014-08-22,21.399852752685547
2014-08-25,21.781023025512695
2014-08-26,21.930768966674805
2014-08-27,22.09412384033203
2014-08-28,21.726572036743164
2014-08-29,21.74018669128418
2014-09-02,21.74018669128418
2014-09-03,22.08051300048828
2014-09-04,22.311935424804688
2014-09-05,22.434452056884766
2014-09-08,22.148576736450195
2014-09-09,22.107742309570312
2014-09-10,22.107742309570312
2014-09-11,22.09412384033203
2014-09-12,21.99883270263672
2014-09-15,21.86270523071289
2014-09-16,21.91715431213379
2014-09-17,22.053287506103516
2014-09-18,21.99883270263672
2014-09-19,21.685731887817383
2014-09-22,21.53598403930664
2014-09-23,21.25010871887207
2014-09-24,21.46792221069336
2014-09-25,21.059528350830078
2014-09-26,21.508764266967773
2014-09-29,21.222885131835938
2014-09-30,21.35901641845703
2014-10-01,21.073139190673828
2014-10-02,20.555837631225586
2014-10-03,20.555837631225586
2014-10-06,20.5966796875
2014-10-07,20.106603622436523
2014-10-08,20.583070755004883
2014-10-09,19.75266456604004
2014-10-10,19.60291862487793
2014-10-13,19.50762367248535
2014-10-14,19.54846954345703
2014-10-15,19.208141326904297
2014-10-16,18.82697296142578
2014-10-17,19.31704330444336
2014-10-20,19.357881546020508
2014-10-21,19.779890060424805
2014-10-22,19.57569694519043
2014-10-23,19.916025161743164
2014-10-24,20.215513229370117
2014-10-27,19.67098617553711
2014-10-28,20.24273681640625
2014-10-29,19.79350471496582
2014-10-30,19.82073402404785
2014-10-31,20.2835750579834
2014-11-03,19.76628303527832
2014-11-04,19.50762367248535
2014-11-05,19.725439071655273
2014-11-06,19.53485679626465
2014-11-07,19.439559936523438
2014-11-10,19.521244049072266
2014-11-11,19.643762588500977
2014-11-12,19.11284637451172
2014-11-13,19.19452667236328
2014-11-14,19.425952911376953
2014-11-17,19.616533279418945
2014-11-18,19.87518310546875
2014-11-19,19.87518310546875
2014-11-20,19.616533279418945
2014-11-21,20.133834838867188
2014-11-24,20.351640701293945
2014-11-25,20.406095504760742
2014-11-26,20.39248275756836
2014-11-28,20.25634765625
2014-12-01,20.065765380859375
2014-12-02,20.065765380859375
2014-12-03,20.106603622436523
2014-12-04,19.76628303527832
2014-12-05,20.161062240600586
2014-12-08,19.99770164489746
2014-12-09,19.711820602416992
2014-12-10,19.330656051635742
2014-12-11,19.167299270629883
2014-12-12,18.70445442199707
2014-12-15,18.33690071105957
2014-12-16,18.690841674804688
2014-12-17,18.87728500366211
2014-12-18,19.13775634765625
2014-12-19,19.014373779296875
2014-12-22,19.069210052490234
2014-12-23,19.15146255493164
2014-12-24,19.261138916015625
2014-12-26,19.27484130859375
2014-12-29,18.945825576782227
2014-12-30,18.795026779174805
2014-12-31,18.64423370361328
2015-01-02,18.68535614013672
2015-01-05,17.73943519592285
2015-01-06,17.547513961791992
2015-01-07,17.72572898864746
2015-01-08,17.958778381347656
2015-01-09,17.629764556884766
2015-01-12,17.643474578857422
2015-01-13,17.780563354492188
2015-01-14,17.780563354492188
2015-01-15,17.766857147216797
2015-01-16,18.24666976928711
2015-01-20,18.60310173034668
2015-01-21,18.932119369506836
2015-01-22,19.165170669555664
2015-01-23,18.68535614013672
2015-01-26,19.11033821105957
2015-01-27,19.13775634765625
2015-01-28,18.548269271850586
2015-01-29,19.12404441833496
2015-01-30,18.795026779174805
2015-02-02,19.00066375732422
2015-02-03,19.6998233795166
2015-02-04,19.178878784179688
2015-02-05,19.453060150146484
2015-02-06,18.98695182800293
2015-02-09,18.767608642578125
2015-02-10,19.15146255493164
2015-02-11,19.00066375732422
2015-02-12,19.727235794067383
2015-02-13,19.7957820892334
2015-02-17,19.987709045410156
2015-02-18,20.193344116210938
2015-02-19,20.124797821044922
2015-02-20,20.63204002380371
2015-02-23,20.398977279663086
2015-02-24,20.53607177734375
2015-02-25,20.385272979736328
2015-02-26,20.289306640625
2015-02-27,20.398977279663086
2015-03-02,20.467529296875
2015-03-03,20.179641723632812
2015-03-04,20.042545318603516
2015-03-05,20.124797821044922
2015-03-06,19.686115264892578
2015-03-09,19.960298538208008
2015-03-10,19.453060150146484
2015-03-11,19.644983291625977
2015-03-12,19.7957820892334
2015-03-13,19.521604537963867
2015-03-16,19.78207778930664
2015-03-17,19.6998233795166
2015-03-18,19.864330291748047
2015-03-19,19.6998233795166
2015-03-20,20.330434799194336
2015-03-23,20.50865936279297
2015-03-24,20.673158645629883
2015-03-25,20.618322372436523
2015-03-26,20.37156105041504
2015-03-27,20.426395416259766
2015-03-30,20.53607177734375
2015-03-31,20.289306640625
2015-04-01,20.54977798461914
2015-04-02,20.700576782226562
2015-04-06,20.961050033569336
2015-04-07,20.87879753112793
2015-04-08,20.83766746520996
2015-04-09,20.782835006713867
2015-04-10,20.686870574951172
2015-04-13,20.54977798461914
2015-04-14,20.700576782226562
2015-04-15,20.906219482421875
2015-04-16,20.727998733520508
2015-04-17,20.357852935791016
2015-04-20,20.398977279663086
2015-04-21,20.440109252929688
2015-04-22,20.481237411499023
2015-04-23,20.618322372436523
2015-04-24,20.810251235961914
2015-04-27,21.070720672607422
2015-04-28,21.12555503845215
2015-04-29,20.87879753112793
2015-04-30,20.933631896972656
2015-05-01,21.248939514160156
2015-05-04,21.15297508239746
2015-05-05,20.618322372436523
2015-05-06,20.892505645751953
2015-05-07,20.906219482421875
2015-05-08,21.42715835571289
2015-05-11,21.207813262939453
2015-05-12,21.194103240966797
2015-05-13,21.440866470336914
2015-05-14,21.89326286315918
2015-05-15,22.002931594848633
2015-05-18,21.783586502075195
2015-05-19,21.75617218017578
2015-05-20,21.75617218017578
2015-05-21,21.82471466064453
2015-05-22,21.632793426513672
2015-05-26,21.002178192138672
2015-05-27,21.45457649230957
2015-05-28,21.523120880126953
2015-05-29,21.331192016601562
2015-06-01,21.248939514160156
2015-06-02,21.64649772644043
2015-06-03,21.879554748535156
2015-06-04,21.509410858154297
2015-06-05,21.002178192138672
2015-06-08,20.94733238220215
2015-06-09,20.933631896972656
2015-06-10,21.605375289916992
2015-06-11,21.673917770385742
2015-06-12,21.317481994628906
2015-06-15,20.919925689697266
2015-06-16,20.86508560180664
2015-06-17,20.769119262695312
2015-06-18,21.207813262939453
2015-06-19,21.26264762878418
2015-06-22,22.030351638793945
2015-06-23,21.948097229003906
2015-06-24,21.64649772644043
2015-06-25,21.85021209716797
2015-06-26,22.017648696899414
2015-06-29,20.77583885192871
2015-06-30,20.77583885192871
2015-07-01,21.05489730834961
2015-07-02,20.901416778564453
2015-07-06,19.757282257080078
2015-07-07,19.617748260498047
2015-07-08,19.631702423095703
2015-07-09,20.231678009033203
2015-07-10,21.347904205322266
2015-07-13,21.152568817138672
2015-07-14,21.222328186035156
2015-07-15,21.292098999023438
2015-07-16,21.585107803344727
2015-07-17,21.515338897705078
2015-07-20,21.710681915283203
2015-07-21,21.654874801635742
2015-07-22,21.599056243896484
2015-07-23,21.585107803344727
2015-07-24,21.41767120361328
2015-07-27,20.985130310058594
2015-07-28,21.57115364074707
2015-07-29,21.389766693115234
2015-07-30,21.36186408996582
2015-07-31,21.599056243896484
2015-08-03,21.599056243896484
2015-08-04,21.389766693115234
2015-08-05,21.640918731689453
2015-08-06,21.654874801635742
2015-08-07,21.766494750976562
2015-08-10,22.15717315673828
2015-08-11,21.961835861206055
2015-08-12,21.836261749267578
2015-08-13,21.8083553314209
2015-08-14,21.766494750976562
2015-08-17,21.780445098876953
2015-08-18,21.55720329284668
2015-08-19,21.44557762145996
2015-08-20,20.77583885192871
2015-08-21,20.399110794067383
2015-08-24,19.715415954589844
2015-08-25,20.064245223999023
2015-08-26,20.70607566833496
2015-08-27,20.943273544311523
2015-08-28,20.733978271484375
2015-08-31,20.65026092529297
2015-09-01,20.120054244995117
2015-09-02,20.413066864013672
2015-09-03,20.482826232910156
2015-09-04,19.980527877807617
2015-09-08,20.678173065185547
2015-09-09,20.413066864013672
2015-09-10,20.7897891998291
2015-09-11,20.761882781982422
2015-09-14,20.44097137451172
2015-09-15,20.747934341430664
2015-09-16,20.901416778564453
2015-09-17,21.110706329345703
2015-09-18,20.315399169921875
2015-09-21,20.35725212097168
2015-09-22,19.799137115478516
2015-09-23,19.67356300354004
2015-09-24,19.631702423095703
2015-09-25,19.799137115478516
2015-09-28,19.366594314575195
2015-09-29,19.506126403808594
2015-09-30,19.980527877807617
2015-10-01,19.910762786865234
2015-10-02,20.4688777923584
2015-10-05,20.761882781982422
2015-10-06,20.859554290771484
2015-10-07,20.957223892211914
2015-10-08,21.13861083984375
2015-10-09,21.2502384185791
2015-10-12,20.985130310058594
2015-10-13,20.985130310058594
2015-10-14,21.06884765625
2015-10-15,21.41767120361328
2015-10-16,21.306049346923828
2015-10-19,21.306049346923828
2015-10-20,21.18047332763672
2015-10-21,21.02699089050293
2015-10-22,21.194421768188477
2015-10-23,21.082807540893555
2015-10-26,20.957223892211914
2015-10-27,20.720027923583984
2015-10-28,20.901416778564453
2015-10-29,20.692121505737305
2015-10-30,20.66421890258789
2015-11-02,20.859554290771484
2015-11-03,20.733978271484375
2015-11-04,20.329347610473633
2015-11-05,20.245630264282227
2015-11-06,20.371206283569336
2015-11-09,20.050291061401367
2015-11-10,20.161914825439453
2015-11-11,20.064245223999023
2015-11-12,19.589841842651367
2015-11-13,19.561939239501953
2015-11-16,19.743324279785156
2015-11-17,19.701467514038086
2015-11-18,19.771236419677734
2015-11-19,19.81308937072754
2015-11-20,19.617748260498047
2015-11-23,19.715415954589844
2015-11-24,19.603801727294922
2015-11-25,19.827043533325195
2015-11-27,20.050291061401367
2015-11-30,20.07819175720215
2015-12-01,20.120054244995117
2015-12-02,19.81308937072754
2015-12-03,19.96657371520996
2015-12-04,20.25958824157715
2015-12-07,19.980527877807617
2015-12-08,19.575889587402344
2015-12-09,19.64565658569336
2015-12-10,19.520078659057617
2015-12-11,19.157306671142578
2015-12-14,19.101491928100586
2015-12-15,19.38054847717285
2015-12-16,19.617748260498047
2015-12-17,19.352645874023438
2015-12-18,19.129398345947266
2015-12-21,19.314146041870117
2015-12-22,19.4541015625
2015-12-23,19.74801254272461
2015-12-24,19.720020294189453
2015-12-28,19.692026138305664
2015-12-29,19.831987380981445
2015-12-30,19.538074493408203
2015-12-31,19.23017120361328
2016-01-04,18.950254440307617
2016-01-05,18.894271850585938
2016-01-06,18.390424728393555
2016-01-07,18.194480895996094
2016-01-08,18.054523468017578
2016-01-11,18.01253890991211
2016-01-12,18.194480895996094
2016-01-13,17.94255828857422
2016-01-14,18.138504028320312
2016-01-15,17.410720825195312
2016-01-19,17.10281753540039
2016-01-20,16.487001419067383
2016-01-21,16.96285629272461
2016-01-22,17.228776931762695
2016-01-25,16.766916275024414
2016-01-26,17.14480209350586
2016-01-27,16.864885330200195
2016-01-28,16.654945373535156
2016-01-29,16.89287567138672
2016-02-01,16.836896896362305
2016-02-02,16.193090438842773
2016-02-03,16.263071060180664
2016-02-04,16.45900535583496
2016-02-05,16.025136947631836
2016-02-08,15.45131778717041
2016-02-09,15.087425231933594
2016-02-10,15.521293640136719
2016-02-11,15.059431076049805
2016-02-12,15.493302345275879
2016-02-16,15.871190071105957
2016-02-17,16.13710594177246
2016-02-18,15.759221076965332
2016-02-19,15.619263648986816
2016-02-22,16.067129135131836
2016-02-23,15.675247192382812
2016-02-24,15.591275215148926
2016-02-25,15.80120849609375
2016-02-26,15.843195915222168
2016-02-29,15.787214279174805
2016-03-01,16.347043991088867
2016-03-02,16.487001419067383
2016-03-03,16.822898864746094
2016-03-04,16.72492790222168
2016-03-07,16.57097816467285
2016-03-08,16.528989791870117
2016-03-09,16.6269588470459
2016-03-10,16.878883361816406
2016-03-11,17.704633712768555
2016-03-14,17.522689819335938
2016-03-15,17.368732452392578
2016-03-16,17.53668212890625
2016-03-17,17.53668212890625
2016-03-18,17.438711166381836
2016-03-21,17.522689819335938
2016-03-22,17.466703414916992
2016-03-23,17.07482147216797
2016-03-24,16.934864044189453
2016-03-28,17.032833099365234
2016-03-29,17.13080406188965
2016-03-30,17.3127498626709
2016-03-31,17.07482147216797
2016-04-01,16.850893020629883
2016-04-04,16.6269588470459
2016-04-05,16.10911750793457
2016-04-06,16.375032424926758
2016-04-07,15.787214279174805
2016-04-08,16.45900535583496
2016-04-11,16.668943405151367
2016-04-12,16.528989791870117
2016-04-13,16.9488582611084
2016-04-14,17.018840789794922
2016-04-15,17.032833099365234
2016-04-18,17.29875946044922
2016-04-19,17.42471694946289
2016-04-20,17.53668212890625
2016-04-21,17.53668212890625
2016-04-22,17.508689880371094
2016-04-25,17.284759521484375
2016-04-26,17.620655059814453
2016-04-27,17.67664337158203
2016-04-28,17.718626022338867
2016-04-29,17.788604736328125
2016-05-02,17.690635681152344
2016-05-03,17.214780807495117
2016-05-04,17.14480209350586
2016-05-05,16.990846633911133
2016-05-06,16.990846633911133
2016-05-09,16.780914306640625
2016-05-10,17.018840789794922
2016-05-11,16.836896896362305
2016-05-12,16.822898864746094
2016-05-13,16.59896469116211
2016-05-16,16.766916275024414
2016-05-17,16.44501304626465
2016-05-18,16.487001419067383
2016-05-19,16.45900535583496
2016-05-20,16.57097816467285
2016-05-23,16.487001419067383
2016-05-24,16.906869888305664
2016-05-25,17.200780868530273
2016-05-26,17.228776931762695
2016-05-27,17.14480209350586
2016-05-31,17.004844665527344
2016-06-01,16.906869888305664
2016-06-02,16.864885330200195
2016-06-03,16.864885330200195
2016-06-06,16.976850509643555
2016-06-07,17.214780807495117
2016-06-08,17.326745986938477
2016-06-09,17.046829223632812
2016-06-10,16.305055618286133
2016-06-13,15.871190071105957
2016-06-14,15.591275215148926
2016-06-15,15.731232643127441
2016-06-16,15.787214279174805
2016-06-17,16.319053649902344
2016-06-20,16.7109317779541
2016-06-21,16.794906616210938
2016-06-22,16.679773330688477
2016-06-23,17.514482498168945
2016-06-24,14.895228385925293
2016-06-27,14.477869033813477
2016-06-28,14.967181205749512
2016-06-29,15.211841583251953
2016-06-30,15.614799499511719
2016-07-01,15.571625709533691
2016-07-05,14.952790260314941
2016-07-06,14.823269844055176
2016-07-07,14.549825668334961
2016-07-08,15.183053970336914
2016-07-11,15.312582969665527
2016-07-12,15.845067024230957
2016-07-13,15.758716583251953
2016-07-14,15.945807456970215
2016-07-15,15.917023658752441
2016-07-18,15.873847961425781
2016-07-19,15.744324684143066
2016-07-20,15.801894187927246
2016-07-21,15.773109436035156
2016-07-22,15.758716583251953
2016-07-25,15.643584251403809
2016-07-26,15.715539932250977
2016-07-27,15.873847961425781
2016-07-28,15.787505149841309
2016-07-29,16.104110717773438
2016-08-01,15.744324684143066
2016-08-02,15.48527717590332
2016-08-03,15.470887184143066
2016-08-04,15.499670028686523
2016-08-05,15.744324684143066
2016-08-08,15.845067024230957
2016-08-09,15.960196495056152
2016-08-10,16.089723587036133
2016-08-11,16.176071166992188
2016-08-12,16.23363494873047
2016-08-15,16.305591583251953
2016-08-16,16.19046401977539
2016-08-17,16.118505477905273
2016-08-18,16.24802589416504
2016-08-19,15.917023658752441
2016-08-22,15.960196495056152
2016-08-23,16.21924591064453
2016-08-24,16.23363494873047
2016-08-25,16.161680221557617
2016-08-26,16.104110717773438
2016-08-29,16.089723587036133
2016-08-30,16.147287368774414
2016-08-31,16.24802589416504
2016-09-01,16.3631591796875
2016-09-02,16.50707244873047
2016-09-06,16.550256729125977
2016-09-07,16.665382385253906
2016-09-08,16.85247230529785
2016-09-09,16.420730590820312
2016-09-12,16.478294372558594
2016-09-13,16.003374099731445
2016-09-14,15.960196495056152
2016-09-15,16.06093978881836
2016-09-16,15.542844772338867
2016-09-19,15.715539932250977
2016-09-20,15.571625709533691
2016-09-21,15.902632713317871
2016-09-22,16.06093978881836
2016-09-23,15.859457969665527
2016-09-26,15.672368049621582
2016-09-27,15.600412368774414
2016-09-28,15.801894187927246
2016-09-29,15.557239532470703
2016-09-30,15.859457969665527
2016-10-03,15.744324684143066
2016-10-04,15.614799499511719
2016-10-05,15.888243675231934
2016-10-06,15.859457969665527
2016-10-07,15.8162841796875
2016-10-10,15.931413650512695
2016-10-11,15.672368049621582
2016-10-12,15.62918758392334
2016-10-13,15.514058113098145
2016-10-14,15.643584251403809
2016-10-17,15.744324684143066
2016-10-18,16.032155990600586
2016-10-19,16.104110717773438
2016-10-20,16.147287368774414
2016-10-21,16.132896423339844
2016-10-24,16.23363494873047
2016-10-25,16.19046401977539
2016-10-26,16.21924591064453
2016-10-27,16.319990158081055
2016-10-28,16.291202545166016
2016-10-31,16.23363494873047
2016-11-01,16.07533073425293
2016-11-02,15.8162841796875
2016-11-03,15.758716583251953
2016-11-04,15.571625709533691
2016-11-07,16.010570526123047
2016-11-08,16.06093978881836
2016-11-09,15.931413650512695
2016-11-10,15.95300579071045
2016-11-11,15.895438194274902
2016-11-14,15.60760498046875
2016-11-15,15.657974243164062
2016-11-16,15.413325309753418
2016-11-17,15.39892864227295
2016-11-18,15.01755428314209
2016-11-21,15.175860404968262
2016-11-22,15.362954139709473
2016-11-23,15.305387496948242
2016-11-25,15.319774627685547
2016-11-28,15.003162384033203
2016-11-29,15.384540557861328
2016-11-30,15.650781631469727
2016-12-01,15.8162841796875
2016-12-02,15.924219131469727
2016-12-05,16.05374526977539
2016-12-06,16.730144500732422
2016-12-07,17.118717193603516
2016-12-08,17.068344116210938
2016-12-09,16.902841567993164
2016-12-12,16.97480583190918
2016-12-13,17.370567321777344
2016-12-14,17.017976760864258
2016-12-15,17.176286697387695
2016-12-16,17.197872161865234
2016-12-19,17.118717193603516
2016-12-20,17.305803298950195
2016-12-21,17.40094757080078
2016-12-22,17.31379508972168
2016-12-23,17.53893280029297
2016-12-27,17.604290008544922
2016-12-28,17.342844009399414
2016-12-29,17.502620697021484
2016-12-30,17.58250617980957
2017-01-03,17.785852432250977
2017-01-04,17.909317016601562
2017-01-05,18.083620071411133
2017-01-06,18.047306060791016
2017-01-09,17.749547958374023
2017-01-10,17.756807327270508
2017-01-11,17.858478546142578
2017-01-12,17.749547958374023
2017-01-13,17.82943344116211
2017-01-17,17.82217025756836
2017-01-18,17.778593063354492
2017-01-19,17.82943344116211
2017-01-20,17.931108474731445
2017-01-23,17.909317016601562
2017-01-24,18.069093704223633
2017-01-25,18.047306060791016
2017-01-26,17.749547958374023
2017-01-27,17.698711395263672
2017-01-30,17.24843406677246
2017-01-31,17.241167068481445
2017-02-01,17.233905792236328
2017-02-02,17.422733306884766
2017-02-03,17.647872924804688
2017-02-06,17.175806045532227
2017-02-07,17.06686782836914
2017-02-08,17.168542861938477
2017-02-09,17.284746170043945
2017-02-10,17.19033432006836
2017-02-13,17.299272537231445
2017-02-14,17.386417388916016
2017-02-15,17.306528091430664
2017-02-16,17.40094757080078
2017-02-17,17.26296043395996
2017-02-21,17.233905792236328
2017-02-22,17.05234718322754
2017-02-23,17.030555725097656
2017-02-24,16.848997116088867
2017-02-27,17.19033432006836
2017-02-28,17.175806045532227
2017-03-01,17.4517822265625
2017-03-02,17.42999267578125
2017-03-03,17.814905166625977
2017-03-06,17.66239356994629
2017-03-07,17.58250617980957
2017-03-08,17.45904541015625
2017-03-09,17.764068603515625
2017-03-10,17.923845291137695
2017-03-13,17.996471405029297
2017-03-14,17.74228286743164
2017-03-15,18.1126708984375
2017-03-16,18.533891677856445
2017-03-17,18.446744918823242
2017-03-20,18.316015243530273
2017-03-21,18.32327651977539
2017-03-22,18.446744918823242
2017-03-23,18.533891677856445
2017-03-24,18.599258422851562
2017-03-27,18.700931549072266
2017-03-28,18.81713104248047
2017-03-29,18.70819664001465
2017-03-30,18.62104034423828
2017-03-31,18.69367027282715
2017-04-03,18.526630401611328
2017-04-04,18.526630401611328
2017-04-05,18.388648986816406
2017-04-06,18.490320205688477
2017-04-07,18.432220458984375
2017-04-10,18.265180587768555
2017-04-11,18.32327651977539
2017-04-12,18.22886848449707
2017-04-13,17.974681854248047
2017-04-17,18.098142623901367
2017-04-18,17.909317016601562
2017-04-19,18.07635498046875
2017-04-20,18.19981575012207
2017-04-21,18.141719818115234
2017-04-24,19.274667739868164
2017-04-25,19.47801971435547
2017-04-26,19.3618221282959
2017-04-27,19.231098175048828
2017-04-28,19.209304809570312
2017-05-01,19.296457290649414
2017-05-02,19.398130416870117
2017-05-03,19.3618221282959
2017-05-04,19.90650749206543
2017-05-05,20.393091201782227
2017-05-08,20.1243839263916
2017-05-09,20.022708892822266
2017-05-10,20.080806732177734
2017-05-11,20.09532928466797
2017-05-12,20.262361526489258
2017-05-15,20.42214584350586
2017-05-16,20.705381393432617
2017-05-17,20.25510597229004
2017-05-18,20.378568649291992
2017-05-19,20.712646484375
2017-05-22,20.836111068725586
2017-05-23,20.828847885131836
2017-05-24,20.78526496887207
2017-05-25,20.683591842651367
2017-05-26,20.581920623779297
2017-05-30,20.20427131652832
2017-05-31,20.24057960510254
2017-06-01,20.509292602539062
2017-06-02,20.589183807373047
2017-06-05,20.30594253540039
2017-06-06,20.356781005859375
2017-06-07,20.34225845336914
2017-06-08,20.589183807373047
2017-06-09,20.502029418945312
2017-06-12,20.40761947631836
2017-06-13,20.574655532836914
2017-06-14,20.51655387878418
2017-06-15,20.298681259155273
2017-06-16,20.494770050048828
2017-06-19,20.472978591918945
2017-06-20,20.21274757385254
2017-06-21,20.427143096923828
2017-06-22,20.323637008666992
2017-06-23,20.345821380615234
2017-06-26,20.47889518737793
2017-06-27,20.434534072875977
2017-06-28,20.87812042236328
2017-06-29,20.552824020385742
2017-06-30,20.552824020385742
2017-07-03,20.737655639648438
2017-07-05,20.61936378479004
2017-07-06,20.77462387084961
2017-07-07,20.811586380004883
2017-07-10,20.922483444213867
2017-07-11,21.085134506225586
2017-07-12,21.22559928894043
2017-07-13,21.292133331298828
2017-07-14,21.432605743408203
2017-07-17,21.3808536529541
2017-07-18,21.4473934173584
2017-07-19,21.53610610961914
2017-07-20,21.63961410522461
2017-07-21,21.513931274414062
2017-07-24,21.624828338623047
2017-07-25,21.698759078979492
2017-07-26,21.861406326293945
2017-07-27,21.8540096282959
2017-07-28,21.8540096282959
2017-07-31,22.001874923706055
2017-08-01,22.097986221313477
2017-08-02,22.186702728271484
2017-08-03,22.35674285888672
2017-08-04,22.393709182739258
2017-08-07,22.438072204589844
2017-08-08,22.253238677978516
2017-08-09,22.275419235229492
2017-08-10,21.97969627380371
2017-08-11,21.83922576904297
2017-08-14,22.097986221313477
2017-08-15,22.149736404418945
2017-08-16,22.253238677978516
2017-08-17,21.950124740600586
2017-08-18,22.127559661865234
2017-08-21,22.194091796875
2017-08-22,22.127559661865234
2017-08-23,22.179309844970703
2017-08-24,22.223669052124023
2017-08-25,22.43067169189453
2017-08-28,22.519392013549805
2017-08-29,22.35674285888672
2017-08-30,22.223669052124023
2017-08-31,22.393709182739258
2017-09-01,22.49721336364746
2017-09-05,22.34195899963379
2017-09-06,22.61550521850586
2017-09-07,22.68204116821289
2017-09-08,22.659860610961914
2017-09-11,22.926013946533203
2017-09-12,23.007339477539062
2017-09-13,22.82990074157715
2017-09-14,22.911224365234375
2017-09-15,22.970369338989258
2017-09-18,23.110841751098633
2017-09-19,23.280881881713867
2017-09-20,23.19955825805664
2017-09-21,23.236522674560547
2017-09-22,23.295665740966797
2017-09-25,23.007339477539062
2017-09-26,22.933408737182617
2017-09-27,22.992551803588867
2017-09-28,22.992551803588867
2017-09-29,23.184772491455078
2017-10-02,23.125627517700195
2017-10-03,23.133020401000977
2017-10-04,22.76336669921875
2017-10-05,22.822511672973633
2017-10-06,22.74857521057129
2017-10-09,22.726396560668945
2017-10-10,22.962976455688477
2017-10-11,23.140409469604492
2017-10-12,22.911224365234375
2017-10-13,22.903833389282227
2017-10-16,22.859472274780273
2017-10-17,22.696828842163086
2017-10-18,22.800331115722656
2017-10-19,22.733793258666992
2017-10-20,22.741186141967773
2017-10-23,22.622896194458008
2017-10-24,22.962976455688477
2017-10-25,22.88165855407715
2017-10-26,22.88165855407715
2017-10-27,22.630292892456055
2017-10-30,22.800331115722656
2017-10-31,22.88904571533203
2017-11-01,23.014728546142578
2017-11-02,23.236522674560547
2017-11-03,23.081266403198242
2017-11-06,23.081266403198242
2017-11-07,22.985158920288086
2017-11-08,22.88165855407715
2017-11-09,22.785545349121094
2017-11-10,22.755971908569336
2017-11-13,22.60811424255371
2017-11-14,22.645069122314453
2017-11-15,22.504608154296875
2017-11-16,22.548965454101562
2017-11-17,22.438072204589844
2017-11-20,22.408493041992188
2017-11-21,22.60811424255371
2017-11-22,22.755971908569336
2017-11-24,23.029516220092773
2017-11-27,22.778154373168945
2017-11-28,22.82990074157715
2017-11-29,22.792936325073242
2017-11-30,22.926013946533203
2017-12-01,22.81511688232422
2017-12-04,22.800331115722656
2017-12-05,22.822511672973633
2017-12-06,22.74857521057129
2017-12-07,22.88165855407715
2017-12-08,23.17737579345703
2017-12-11,23.169984817504883
2017-12-12,23.05169677734375
2017-12-13,22.83729362487793
2017-12-14,22.54157257080078
2017-12-15,22.452857971191406
2017-12-18,22.800331115722656
2017-12-19,22.784717559814453
2017-12-20,22.70294952392578
2017-12-21,22.784717559814453
2017-12-22,22.844186782836914
2017-12-26,22.888792037963867
2017-12-27,22.79958724975586
2017-12-28,22.807024002075195
2017-12-29,22.628610610961914
2018-01-02,22.769847869873047
2018-01-03,22.777286529541016
2018-01-04,23.43889617919922
2018-01-05,23.67677879333496
2018-01-08,23.63217544555664
2018-01-09,23.74368667602539
2018-01-10,23.855192184448242
2018-01-11,24.20458221435547
2018-01-12,24.591144561767578
2018-01-16,24.650611877441406
2018-01-17,24.83646011352539
2018-01-18,24.88849449157715
2018-01-19,25.05204200744629
2018-01-22,25.289920806884766
2018-01-23,25.267623901367188
2018-01-24,25.215587615966797
2018-01-25,25.33452796936035
2018-01-26,25.602142333984375
2018-01-29,25.349395751953125
2018-01-30,25.007434844970703
2018-01-31,25.111507415771484
2018-02-01,25.401430130004883
2018-02-02,24.680349349975586
2018-02-05,23.572704315185547
2018-02-06,24.442466735839844
2018-02-07,24.115373611450195
2018-02-08,23.409160614013672
2018-02-09,23.565271377563477
2018-02-12,23.75111961364746
2018-02-13,23.58757209777832
2018-02-14,24.226882934570312
2018-02-15,24.293787002563477
2018-02-16,24.397863388061523
2018-02-20,23.9815673828125
2018-02-21,23.780851364135742
2018-02-22,23.728816986083984
2018-02-23,24.115373611450195
2018-02-26,24.182281494140625
2018-02-27,23.7585506439209
2018-02-28,23.572704315185547
2018-03-01,23.48349952697754
2018-03-02,23.42403221130371
2018-03-05,23.35712432861328
2018-03-06,23.8403263092041
2018-03-07,24.063335418701172
2018-03-08,24.137678146362305
2018-03-09,24.20458221435547
2018-03-12,24.20458221435547
2018-03-13,24.115373611450195
2018-03-14,23.9815673828125
2018-03-15,24.115373611450195
2018-03-16,24.20458221435547
2018-03-19,24.100505828857422
2018-03-20,24.02617073059082
2018-03-21,24.107942581176758
2018-03-22,23.513235092163086
2018-03-23,23.498369216918945
2018-03-26,23.803152084350586
2018-03-27,23.409160614013672
2018-03-28,23.75111961364746
2018-03-29,23.899799346923828
2018-04-02,23.542972564697266
2018-04-03,23.922094345092773
2018-04-04,24.018739700317383
2018-04-05,24.2714900970459
2018-04-06,24.21201515197754
2018-04-09,24.487070083618164
2018-04-10,24.769550323486328
2018-04-11,24.55396842956543
2018-04-12,24.784423828125
2018-04-13,24.858760833740234
2018-04-16,24.977699279785156
2018-04-17,25.245317459106445
2018-04-18,25.386566162109375
2018-04-19,25.37169647216797
2018-04-20,25.267623901367188
2018-04-23,25.379133224487305
2018-04-24,25.282485961914062
2018-04-25,25.118946075439453
2018-04-26,25.2230167388916
2018-04-27,25.066904067993164
2018-04-30,24.955398559570312
2018-05-01,24.84389305114746
2018-05-02,25.044607162475586
2018-05-03,25.111507415771484
2018-05-04,25.267623901367188
2018-05-07,25.282485961914062
2018-05-08,24.925661087036133
2018-05-09,24.91823387145996
2018-05-10,24.83646011352539
2018-05-11,24.9330997467041
2018-05-14,24.96283531188965
2018-05-15,24.82902717590332
2018-05-16,24.256620407104492
2018-05-17,24.085641860961914
2018-05-18,23.773418426513672
2018-05-21,23.75111961364746
2018-05-22,23.88492774963379
2018-05-23,23.52810287475586
2018-05-24,23.349689483642578
2018-05-25,22.75498390197754
2018-05-29,21.431758880615234
2018-05-30,22.360992431640625
2018-05-31,22.517101287841797
2018-06-01,22.569141387939453
2018-06-04,22.531967163085938
2018-06-05,22.30152130126953
2018-06-06,22.54683494567871
2018-06-07,22.19001579284668
2018-06-08,21.996732711791992
2018-06-11,22.82188606262207
2018-06-12,22.665773391723633
2018-06-13,22.807024002075195
2018-06-14,22.747549057006836
2018-06-15,22.56170082092285
2018-06-18,22.442760467529297
2018-06-19,22.484033584594727
2018-06-20,22.445817947387695
2018-06-21,21.979629516601562
2018-06-22,22.254762649536133
2018-06-25,21.97199058532715
2018-06-26,21.90320587158203
2018-06-27,21.70450210571289
2018-06-28,21.81913948059082
2018-06-29,22.078983306884766
2018-07-02,21.895565032958984
2018-07-03,22.140121459960938
2018-07-05,22.47638702392578
2018-07-06,22.55281639099121
2018-07-09,22.6827335357666
2018-07-10,22.69037437438965
2018-07-11,22.178335189819336
2018-07-12,22.300613403320312
2018-07-13,22.392322540283203
2018-07-16,22.384681701660156
2018-07-17,22.47638702392578
2018-07-18,22.35411262512207
2018-07-19,22.22418785095215
2018-07-20,22.361753463745117
2018-07-23,22.201257705688477
2018-07-24,22.3311824798584
2018-07-25,22.46874237060547
2018-07-26,22.35411262512207
2018-07-27,22.445817947387695
2018-07-30,22.560457229614258
2018-07-31,22.827943801879883
2018-08-01,22.361753463745117
2018-08-02,22.002559661865234
2018-08-03,22.05605697631836
2018-08-06,21.987272262573242
2018-08-07,22.315898895263672
2018-08-08,22.27768325805664
2018-08-09,21.97199058532715
2018-08-10,21.21538543701172
2018-08-13,21.085466384887695
2018-08-14,20.993759155273438
2018-08-15,20.397647857666016
2018-08-16,20.581066131591797
2018-08-17,20.542850494384766
2018-08-20,20.733915328979492
2018-08-21,21.15424919128418
2018-08-22,21.146604537963867
2018-08-23,20.955541610717773
2018-08-24,21.230674743652344
2018-08-27,21.429378509521484
2018-08-28,21.230674743652344
2018-08-29,21.398805618286133
2018-08-30,21.016687393188477
2018-08-31,20.710987091064453
2018-09-04,21.016687393188477
2018-09-05,21.100751876831055
2018-09-06,21.00904083251953
2018-09-07,20.741559982299805
2018-09-10,21.38351821899414
2018-09-11,21.337665557861328
2018-09-12,21.429378509521484
2018-09-13,21.444660186767578
2018-09-14,21.299453735351562
2018-09-17,21.612796783447266
2018-09-18,21.773284912109375
2018-09-19,21.834426879882812
2018-09-20,22.185976028442383
2018-09-21,22.2165470123291
2018-09-24,22.063697814941406
2018-09-25,22.399961471557617
2018-09-26,22.361753463745117
2018-09-27,21.933778762817383
2018-09-28,21.138965606689453
2018-10-01,21.00904083251953
2018-10-02,20.90969467163086
2018-10-03,21.047250747680664
2018-10-04,20.886762619018555
2018-10-05,20.695701599121094
2018-10-08,20.275367736816406
2018-10-09,20.412931442260742
2018-10-10,20.030811309814453
2018-10-11,19.748043060302734
2018-10-12,19.748043060302734
2018-10-15,19.725112915039062
2018-10-16,20.25244140625
2018-10-17,19.85503387451172
2018-10-18,19.220712661743164
2018-10-19,19.495840072631836
2018-10-22,19.342988967895508
2018-10-23,19.36591911315918
2018-10-24,18.655168533325195
2018-10-25,19.044937133789062
2018-10-26,19.052576065063477
2018-10-29,19.13665008544922
2018-10-30,19.320066452026367
2018-10-31,19.144289016723633
2018-11-01,19.518768310546875
2018-11-02,19.686901092529297
2018-11-05,19.579904556274414
2018-11-06,19.725112915039062
2018-11-07,20.023170471191406
2018-11-08,19.618120193481445
2018-11-09,19.44999122619629
2018-11-12,19.060222625732422
2018-11-13,19.15957260131836
2018-11-14,19.243640899658203
2018-11-15,19.274213790893555
2018-11-16,19.281850814819336
2018-11-19,19.190143585205078
2018-11-20,18.723957061767578
2018-11-21,18.9685115814209
2018-11-23,18.892087936401367
2018-11-26,19.43470001220703
2018-11-27,19.228355407714844
2018-11-28,19.564624786376953
2018-11-29,19.465274810791016
2018-11-30,19.404130935668945
2018-12-03,19.8626766204834
2018-12-04,19.213071823120117
2018-12-06,19.197786331176758
2018-12-07,18.915016174316406
2018-12-10,18.87680435180664
2018-12-11,18.853879928588867
2018-12-12,19.3582763671875
2018-12-13,19.33534812927246
2018-12-14,19.037294387817383
2018-12-17,18.884445190429688
2018-12-18,19.105070114135742
2018-12-19,19.07410430908203
2018-12-20,18.950244903564453
2018-12-21,18.46255874633789
2018-12-24,18.021316528320312
2018-12-26,18.493518829345703
2018-12-27,18.76445770263672
2018-12-28,18.671567916870117
2018-12-31,18.741233825683594
2019-01-02,18.69478988647461
2019-01-03,18.594152450561523
2019-01-04,19.275373458862305
2019-01-07,19.51534652709961
2019-01-08,19.51534652709961
2019-01-09,19.75532341003418
2019-01-10,19.917882919311523
2019-01-11,19.693395614624023
2019-01-14,19.65468978881836
2019-01-15,19.56179428100586
2019-01-16,19.794025421142578
2019-01-17,19.95659065246582
2019-01-18,19.995298385620117
2019-01-22,19.693395614624023
2019-01-23,19.786287307739258
2019-01-24,19.786287307739258
2019-01-25,20.103670120239258
2019-01-28,20.034000396728516
2019-01-29,20.103670120239258
2019-01-30,20.351388931274414
2019-01-31,20.258495330810547
2019-02-01,20.095930099487305
2019-02-04,20.235271453857422
2019-02-05,20.335905075073242
2019-02-06,20.39009666442871
2019-02-07,19.902400970458984
2019-02-08,19.80950927734375
2019-02-11,19.83272933959961
2019-02-12,20.126893997192383
2019-02-13,20.165603637695312
2019-02-14,20.095930099487305
2019-02-15,20.490724563598633
2019-02-19,20.568140029907227
2019-02-20,20.63780975341797
2019-02-21,20.51395034790039
2019-02-22,20.59136390686035
2019-02-25,20.722965240478516
2019-02-26,20.831335067749023
2019-02-27,20.82359504699707
2019-02-28,21.01712417602539
2019-03-01,21.14872169494629
2019-03-04,20.986156463623047
2019-03-05,20.978418350219727
2019-03-06,21.16420555114746
2019-03-07,20.76166534423828
2019-03-08,20.746183395385742
2019-03-11,20.885522842407227
2019-03-12,20.870040893554688
2019-03-13,21.071306228637695
2019-03-14,21.14872169494629
2019-03-15,21.31902503967285
2019-03-18,21.589963912963867
2019-03-19,21.706087112426758
2019-03-20,21.83768081665039
2019-03-21,21.86864471435547
2019-03-22,21.31902503967285
2019-03-25,21.38095474243164
2019-03-26,21.404178619384766
2019-03-27,21.497074127197266
2019-03-28,21.357736587524414
2019-03-29,21.512554168701172
2019-04-01,21.7215633392334
2019-04-02,21.682861328125
2019-04-03,21.891870498657227
2019-04-04,21.814456939697266
2019-04-05,21.876388549804688
2019-04-08,21.961538314819336
2019-04-09,21.82219696044922
2019-04-10,21.76801300048828
2019-04-11,21.798978805541992
2019-04-12,22.007984161376953
2019-04-15,22.02347183227539
2019-04-16,21.977022171020508
2019-04-17,22.124101638793945
2019-04-18,21.953800201416016
2019-04-22,22.007984161376953
2019-04-23,21.938316345214844
2019-04-24,21.613187789916992
2019-04-25,21.667375564575195
2019-04-26,21.62093162536621
2019-04-29,21.75252914428711
2019-04-30,21.899612426757812
2019-05-01,21.7215633392334
2019-05-02,21.559001922607422
2019-05-03,21.783493041992188
2019-05-06,21.50481414794922
2019-05-07,21.16420555114746
2019-05-08,21.24161720275879
2019-05-09,21.125499725341797
2019-05-10,21.171947479248047
2019-05-13,20.73069953918457
2019-05-14,20.885522842407227
2019-05-15,20.901004791259766
2019-05-16,21.071306228637695
2019-05-17,20.978418350219727
2019-05-20,20.91649055480957
2019-05-21,21.048086166381836
2019-05-22,20.885522842407227
2019-05-23,20.54491424560547
2019-05-24,20.877782821655273
2019-05-28,20.56039810180664
2019-05-29,20.39009666442871
2019-05-30,20.258495330810547
2019-05-31,20.0804500579834
2019-06-03,20.2662353515625
2019-06-04,20.78489112854004
2019-06-05,20.630067825317383
2019-06-06,20.792633056640625
2019-06-07,21.04034423828125
2019-06-10,21.117761611938477
2019-06-11,21.26483917236328
2019-06-12,21.009382247924805
2019-06-13,21.19516944885254
2019-06-14,21.094533920288086
2019-06-17,21.132984161376953
2019-06-18,21.605634689331055
2019-06-19,21.725799560546875
2019-06-20,22.03822898864746
2019-06-21,22.1263484954834
2019-06-24,22.190439224243164
2019-06-25,21.95010757446289
2019-06-26,21.88602066040039
2019-06-27,21.934083938598633
2019-06-28,22.070274353027344
2019-07-01,21.926076889038086
2019-07-02,22.09430694580078
2019-07-03,22.655075073242188
2019-07-05,22.558942794799805
2019-07-08,22.478832244873047
2019-07-09,22.470823287963867
2019-07-10,22.77524185180664
2019-07-11,22.879383087158203
2019-07-12,22.903417587280273
2019-07-15,22.855350494384766
2019-07-16,22.719161987304688
2019-07-17,22.58297348022461
2019-07-18,22.7912654876709
2019-07-19,22.118335723876953
2019-07-22,22.28656768798828
2019-07-23,22.470823287963867
2019-07-24,22.550933837890625
2019-07-25,22.294580459594727
2019-07-26,22.2144718170166
2019-07-29,22.142370223999023
2019-07-30,21.725799560546875
2019-07-31,21.65369987487793
2019-08-01,21.573591232299805
2019-08-02,21.493480682373047
2019-08-05,21.229116439819336
2019-08-06,21.269176483154297
2019-08-07,21.197072982788086
2019-08-08,21.084917068481445
2019-08-09,20.77249526977539
2019-08-12,20.72442626953125
2019-08-13,20.99679946899414
2019-08-14,20.24376678466797
2019-08-15,20.26780128479004
2019-08-16,20.556196212768555
2019-08-19,20.860612869262695
2019-08-20,20.700397491455078
2019-08-21,21.04486656188965
2019-08-22,21.04486656188965
2019-08-23,20.636302947998047
2019-08-26,21.028844833374023
2019-08-27,21.24514389038086
2019-08-28,21.253150939941406
2019-08-29,21.64569091796875
2019-08-30,21.55756950378418
2019-09-03,21.65369987487793
2019-09-04,22.022207260131836
2019-09-05,22.15038299560547
2019-09-06,22.118335723876953
2019-09-09,22.182424545288086
2019-09-10,22.15839385986328
2019-09-11,22.022207260131836
2019-09-12,22.40673065185547
2019-09-13,22.438779830932617
2019-09-16,22.08629608154297
2019-09-17,22.062259674072266
2019-09-18,22.206459045410156
2019-09-19,22.254526138305664
2019-09-20,22.142370223999023
2019-09-23,22.070274353027344
2019-09-24,21.95010757446289
2019-09-25,21.878009796142578
2019-09-26,22.03022003173828
2019-09-27,21.902040481567383
2019-09-30,22.08629608154297
2019-10-01,21.861989974975586
2019-10-02,21.341270446777344
2019-10-03,21.4854679107666
2019-10-04,21.589616775512695
2019-10-07,21.669723510742188
2019-10-08,21.38934326171875
2019-10-09,21.6136474609375
2019-10-10,21.910053253173828
2019-10-11,22.28656768798828
2019-10-14,22.254526138305664
2019-10-15,22.502866744995117
2019-10-16,22.615020751953125
2019-10-17,22.655075073242188
2019-10-18,22.751205444335938
2019-10-21,22.871368408203125
2019-10-22,22.71115493774414
2019-10-23,22.719161987304688
2019-10-24,22.77524185180664
2019-10-25,22.855350494384766
2019-10-28,22.95949363708496
2019-10-29,23.023578643798828
2019-10-30,23.0476131439209
2019-10-31,23.12772560119629
2019-11-01,23.40810775756836
2019-11-04,23.64042854309082
2019-11-05,23.528270721435547
2019-11-06,23.47219467163086
2019-11-07,23.488216400146484
2019-11-08,23.632415771484375
2019-11-11,23.592361450195312
2019-11-12,23.784624099731445
2019-11-13,23.528270721435547
2019-11-14,23.512252807617188
2019-11-15,23.61639404296875
2019-11-18,23.584346771240234
2019-11-19,23.456174850463867
2019-11-20,23.376062393188477
2019-11-21,23.41611671447754
2019-11-22,23.327999114990234
2019-11-25,23.432140350341797
2019-11-26,23.512252807617188
2019-11-27,23.360042572021484
2019-11-29,23.14374542236328
2019-12-02,22.807283401489258
2019-12-03,22.903417587280273
2019-12-04,23.159767150878906
2019-12-05,23.071645736694336
2019-12-06,23.159767150878906
2019-12-09,22.839326858520508
2019-12-10,23.07965660095215
2019-12-11,23.215845108032227
2019-12-12,23.568328857421875
2019-12-13,23.432140350341797
2019-12-16,23.596712112426758
2019-12-17,23.782257080078125
2019-12-18,23.766122817993164
2019-12-19,23.862934112548828
2019-12-20,23.992006301879883
2019-12-23,23.959741592407227
2019-12-24,23.871000289916992
2019-12-26,23.943603515625
2019-12-27,23.895200729370117
2019-12-30,23.70158576965332
2019-12-31,23.798397064208984
2020-01-02,24.121082305908203
2020-01-03,23.790327072143555
2020-01-06,23.88713264465332
2020-01-07,23.782257080078125
2020-01-08,23.91133689880371
2020-01-09,24.048477172851562
2020-01-10,23.927471160888672
2020-01-13,23.943603515625
2020-01-14,23.895200729370117
2020-01-15,23.758058547973633
2020-01-16,24.056541442871094
2020-01-17,24.18562126159668
2020-01-21,23.798397064208984
2020-01-22,23.6693172454834
2020-01-23,23.709651947021484
2020-01-24,23.69352149963379
2020-01-27,23.201419830322266
2020-01-28,23.830663681030273
2020-01-29,23.88713264465332
2020-01-30,23.846797943115234
2020-01-31,23.217552185058594
2020-02-03,23.33049201965332
2020-02-04,23.73385238647461
2020-02-05,24.064611434936523
2020-02-06,24.30663299560547
2020-02-07,24.080745697021484
2020-02-10,24.10494613647461
2020-02-11,24.234027862548828
2020-02-12,24.36309814453125
2020-02-13,24.153358459472656
2020-02-14,24.153358459472656
2020-02-18,24.427640914916992
2020-02-19,24.54865074157715
2020-02-20,24.250158309936523
2020-02-21,23.975873947143555
2020-02-24,22.68511199951172
2020-02-25,22.168806076049805
2020-02-26,22.459228515625
2020-02-27,22.0800724029541
2020-02-28,21.97519302368164
2020-03-02,21.991329193115234
2020-03-03,21.547630310058594
2020-03-04,22.305950164794922
2020-03-05,21.507291793823242
2020-03-06,21.184606552124023
2020-03-09,18.578882217407227
2020-03-10,18.845104217529297
2020-03-11,17.89316749572754
2020-03-12,15.093827247619629
2020-03-13,16.787948608398438
2020-03-16,14.593658447265625
2020-03-17,15.174504280090332
2020-03-18,14.843744277954102
2020-03-19,14.835674285888672
2020-03-20,14.964750289916992
2020-03-23,15.18256950378418
2020-03-24,16.19904327392578
2020-03-25,16.836355209350586
2020-03-26,17.425262451171875
2020-03-27,16.73147964477539
2020-03-30,16.852487564086914
2020-03-31,16.75568199157715
2020-04-01,16.02962875366211
2020-04-02,16.432992935180664
2020-04-03,15.803746223449707
2020-04-06,16.739547729492188
2020-04-07,16.739547729492188
2020-04-08,16.957365036010742
2020-04-09,17.344594955444336
2020-04-13,17.021902084350586
2020-04-14,17.17517852783203
2020-04-15,16.2474422454834
2020-04-16,16.166772842407227
2020-04-17,16.562068939208984
2020-04-20,16.279712677001953
2020-04-21,15.957023620605469
2020-04-22,16.078033447265625
2020-04-23,16.005428314208984
2020-04-24,16.231313705444336
2020-04-27,16.658876419067383
2020-04-28,16.723411560058594
2020-04-29,17.392995834350586
2020-04-30,17.062238693237305
2020-05-01,16.71534538269043
2020-05-04,16.58626937866211
2020-05-05,16.57013511657715
2020-05-06,16.320049285888672
2020-05-07,16.384586334228516
2020-05-08,16.771818161010742
2020-05-11,16.66694450378418
2020-05-12,16.634674072265625
2020-05-13,16.36038589477539
2020-05-14,16.14257049560547
2020-05-15,16.102231979370117
2020-05-18,16.949296951293945
2020-05-19,16.408790588378906
2020-05-20,16.75568199157715
2020-05-21,16.683074951171875
2020-05-22,16.81215476989746
2020-05-26,17.409130096435547
2020-05-27,17.723751068115234
2020-05-28,18.054513931274414
2020-05-29,18.119047164916992
2020-06-01,18.595012664794922
2020-06-02,19.046783447265625
2020-06-03,19.877710342407227
2020-06-04,19.869638442993164
2020-06-05,20.232666015625
2020-06-08,20.611831665039062
2020-06-09,20.208463668823242
2020-06-10,20.039052963256836
2020-06-11,18.724090576171875
2020-06-12,19.17585563659668
2020-06-15,19.49382781982422
2020-06-16,19.746566772460938
2020-06-17,19.640579223632812
2020-06-18,19.53458595275879
2020-06-19,19.47751808166504
2020-06-22,19.8199462890625
2020-06-23,20.048229217529297
2020-06-24,19.412294387817383
2020-06-25,19.648733139038086
2020-06-26,19.273693084716797
2020-06-29,19.713953018188477
2020-06-30,19.632427215576172
2020-07-01,19.616119384765625
2020-07-02,20.040075302124023
2020-07-06,20.349885940551758
2020-07-07,20.17052459716797
2020-07-08,20.464035034179688
2020-07-09,19.901472091674805
2020-07-10,20.276514053344727
2020-07-13,20.06453514099121
2020-07-14,20.4803409576416
2020-07-15,20.781999588012695
2020-07-16,20.855375289916992
2020-07-17,21.0591983795166
2020-07-20,21.246721267700195
2020-07-21,21.287487030029297
2020-07-22,21.42608642578125
2020-07-23,21.099966049194336
2020-07-24,20.91244888305664
2020-07-27,21.083662033081055
2020-07-28,20.89613914489746
2020-07-29,21.15703773498535
2020-07-30,20.61078643798828
2020-07-31,20.162372589111328
2020-08-03,20.521100997924805
2020-08-04,20.822763442993164
2020-08-05,20.977670669555664
2020-08-06,20.847225189208984
2020-08-07,20.7493896484375
2020-08-10,20.863529205322266
2020-08-11,21.07550811767578
2020-08-12,21.605453491210938
2020-08-13,21.42608642578125
2020-08-14,21.214107513427734
2020-08-17,21.222259521484375
2020-08-18,21.189647674560547
2020-08-19,21.23041534423828
2020-08-20,21.067352294921875
2020-08-21,20.88798713684082
2020-08-24,21.295639038085938
2020-08-25,21.25487518310547
2020-08-26,21.336400985717773
2020-08-27,20.9450626373291
2020-08-28,21.197799682617188
2020-08-31,20.98582649230957
2020-09-01,20.928754806518555
2020-09-02,21.205955505371094
2020-09-03,20.700469970703125
2020-09-04,20.822763442993164
2020-09-08,20.439573287963867
2020-09-09,20.96136474609375
2020-09-10,20.773847579956055
2020-09-11,20.92060089111328
2020-09-14,20.87983512878418
2020-09-15,21.108121871948242
2020-09-16,20.904293060302734
2020-09-17,20.830915451049805
2020-09-18,20.60263442993164
2020-09-21,19.966699600219727
2020-09-22,19.917781829833984
2020-09-23,19.62427520751953
2020-09-24,19.82809829711914
2020-09-25,19.648733139038086
2020-09-28,20.015613555908203
2020-09-29,19.974853515625
2020-09-30,19.87701416015625
2020-10-01,19.966699600219727
2020-10-02,19.950393676757812
2020-10-05,20.358041763305664
2020-10-06,20.121604919433594
2020-10-07,20.41511344909668
2020-10-08,20.529254913330078
2020-10-09,20.578176498413086
2020-10-12,20.71677589416504
2020-10-13,20.390657424926758
2020-10-14,20.423267364501953
2020-10-15,19.950393676757812
2020-10-16,20.18682861328125
2020-10-19,20.0889949798584
2020-10-20,20.464035034179688
2020-10-21,20.080839157104492
2020-10-22,20.113452911376953
2020-10-23,20.358041763305664
2020-10-26,19.974853515625
2020-10-27,19.575353622436523
2020-10-28,18.662220001220703
2020-10-29,18.63776206970215
2020-10-30,18.596996307373047
2020-11-02,19.01279640197754
2020-11-03,19.75472068786621
2020-11-04,20.02376937866211
2020-11-05,20.667858123779297
2020-11-06,20.806461334228516
2020-11-09,21.64621925354004
2020-11-10,21.964189529418945
2020-11-11,22.029409408569336
2020-11-12,21.711441040039062
2020-11-13,22.24953842163086
2020-11-16,22.485979080200195
2020-11-17,22.730567932128906
2020-11-18,22.673494338989258
2020-11-19,22.94254493713379
2020-11-20,22.909934997558594
2020-11-23,22.918088912963867
2020-11-24,23.55402183532715
2020-11-25,23.70892333984375
2020-11-27,23.75784683227539
2020-11-30,23.284969329833984
2020-12-01,23.700775146484375
2020-12-02,23.63555335998535
2020-12-03,23.62740135192871
2020-12-04,23.84752655029297
2020-12-07,23.684465408325195
2020-12-08,23.749692916870117
2020-12-09,23.72523307800293
2020-12-10,23.83937644958496
2020-12-11,23.660009384155273
2020-12-14,23.632883071899414
2020-12-15,23.98634910583496
2020-12-16,24.027450561523438
2020-12-17,24.2247314453125
2020-12-18,24.06855010986328
2020-12-21,23.715084075927734
2020-12-22,23.863048553466797
2020-12-23,24.2247314453125
2020-12-24,24.2247314453125
2020-12-28,24.397356033325195
2020-12-29,24.405576705932617
2020-12-30,24.471336364746094
2020-12-31,24.200075149536133
2021-01-04,24.389135360717773
2021-01-05,24.537097930908203
2021-01-06,25.112504959106445
2021-01-07,25.013866424560547
2021-01-08,24.972761154174805
2021-01-11,24.685062408447266
2021-01-12,24.60285758972168
2021-01-13,24.64395523071289
2021-01-14,24.635738372802734
2021-01-15,24.109651565551758
2021-01-19,24.44667625427246
2021-01-20,24.569976806640625
2021-01-21,24.479557037353516
2021-01-22,24.076770782470703
2021-01-25,23.747966766357422
2021-01-26,23.994571685791016
2021-01-27,23.336957931518555
2021-01-28,23.764404296875
2021-01-29,23.304080963134766
2021-02-01,23.60822105407715
2021-02-02,24.19185447692871
2021-02-03,24.315153121948242
2021-02-04,24.60285758972168
2021-02-05,24.98920249938965
2021-02-08,25.285131454467773
2021-02-09,25.219371795654297
2021-02-10,25.13716697692871
2021-02-11,25.260465621948242
2021-02-12,25.424869537353516
2021-02-16,25.252246856689453
2021-02-17,24.956323623657227
2021-02-18,24.808361053466797
2021-02-19,24.88234519958496
2021-02-22,24.84123992919922
2021-02-23,24.89878273010254
2021-02-24,25.10428810119629
2021-02-25,24.76725959777832
2021-02-26,24.594636917114258
2021-03-01,25.05496597290039
2021-03-02,25.02208709716797
2021-03-03,24.70149803161621
2021-03-04,24.569976806640625
2021-03-05,24.84123992919922
2021-03-08,25.13716697692871
2021-03-09,25.367328643798828
2021-03-10,25.687915802001953
2021-03-11,25.926301956176758
2021-03-12,25.983844757080078
2021-03-15,25.827661514282227
2021-03-16,25.811220169067383
2021-03-17,26.0413818359375
2021-03-18,25.729013442993164
2021-03-19,25.729013442993164
2021-03-22,25.802995681762695
2021-03-23,25.424869537353516
2021-03-24,25.490633010864258
2021-03-25,25.6303768157959
2021-03-26,25.844100952148438
2021-03-29,25.85231590270996
2021-03-30,25.885196685791016
2021-03-31,25.901639938354492
2021-04-01,26.156465530395508
2021-04-05,26.641450881958008
2021-04-06,26.238666534423828
2021-04-07,26.287986755371094
2021-04-08,26.148242950439453
2021-04-09,26.049602508544922
2021-04-12,26.024938583374023
2021-04-13,26.35375213623047
2021-04-14,26.255104064941406
2021-04-15,26.329084396362305
2021-04-16,26.63323402404785
2021-04-19,26.608570098876953
2021-04-20,26.033159255981445
2021-04-21,26.246883392333984
2021-04-22,26.131803512573242
2021-04-23,26.460609436035156
2021-04-26,26.567468643188477
2021-04-27,26.49349021911621
2021-04-28,26.542810440063477
2021-04-29,26.419506072998047
2021-04-30,25.983844757080078
2021-05-03,26.477046966552734
2021-05-04,25.885196685791016
2021-05-05,26.370189666748047
2021-05-06,26.600353240966797
2021-05-07,26.904497146606445
2021-05-10,26.87161636352539
2021-05-11,26.57569122314453
2021-05-12,26.320865631103516
2021-05-13,26.59212875366211
2021-05-14,27.044240951538086
2021-05-17,27.13465690612793
2021-05-18,27.077117919921875
2021-05-19,26.68255043029785
2021-05-20,27.003137588500977
2021-05-21,27.23330307006836
2021-05-24,27.40592384338379
2021-05-25,27.447021484375
2021-05-26,27.167539596557617
2021-05-27,27.521007537841797
2021-05-28,27.545665740966797
2021-06-01,27.841590881347656
2021-06-02,27.792274475097656
2021-06-03,27.71828842163086
2021-06-04,28.038875579833984
2021-06-07,28.334800720214844
2021-06-08,28.310138702392578
2021-06-09,28.153955459594727
2021-06-10,27.970924377441406
2021-06-11,28.045799255371094
2021-06-14,28.070758819580078
2021-06-15,28.128999710083008
2021-06-16,27.89604377746582
2021-06-17,27.554931640625
2021-06-18,26.922639846801758
2021-06-21,27.413497924804688
2021-06-22,27.305343627929688
2021-06-23,27.02247428894043
2021-06-24,27.43014144897461
2021-06-25,27.505020141601562
2021-06-28,27.197187423706055
2021-06-29,27.197187423706055
2021-06-30,26.947595596313477
2021-07-01,27.080711364746094
2021-07-02,27.06407356262207
2021-07-06,26.89767837524414
2021-07-07,26.90599822998047
2021-07-08,26.306978225708008
2021-07-09,26.797840118408203
2021-07-12,27.05575180053711
2021-07-13,26.664724349975586
2021-07-14,26.73960304260254
2021-07-15,26.398494720458984
2021-07-16,26.2154598236084
2021-07-19,25.499963760375977
2021-07-20,25.716278076171875
2021-07-21,26.331933975219727
2021-07-22,26.37353515625
2021-07-23,26.62312889099121
2021-07-26,26.91431427001953
2021-07-27,26.781200408935547
2021-07-28,26.93927764892578
2021-07-29,27.205509185791016
2021-07-30,27.030794143676758
2021-08-02,26.889354705810547
2021-08-03,27.11399269104004
2021-08-04,27.072391510009766
2021-08-05,27.272066116333008
2021-08-06,27.463417053222656
2021-08-09,27.52165985107422
2021-08-10,27.588212966918945
2021-08-11,27.9792423248291
2021-08-12,28.029159545898438
2021-08-13,28.23715591430664
2021-08-16,28.045799255371094
2021-08-17,27.56325912475586
2021-08-18,27.579896926879883
2021-08-19,27.247106552124023
2021-08-20,27.21382713317871
2021-08-23,27.371906280517578
2021-08-24,27.363582611083984
2021-08-25,27.38022232055664
2021-08-26,27.08903694152832
2021-08-27,27.405179977416992
2021-08-30,27.371906280517578
2021-08-31,27.413497924804688
2021-09-01,27.621496200561523
2021-09-02,27.68804931640625
2021-09-03,27.546619415283203
2021-09-07,27.388538360595703
2021-09-08,27.18054962158203
2021-09-09,27.17222785949707
2021-09-10,26.872716903686523
2021-09-13,27.247106552124023
2021-09-14,27.21382713317871
2021-09-15,27.13062858581543
2021-09-16,27.17222785949707
2021-09-17,26.781200408935547
2021-09-20,26.09066390991211
2021-09-21,26.390172958374023
2021-09-22,26.714645385742188
2021-09-23,27.25542640686035
2021-09-24,27.04743003845215
2021-09-27,27.13062858581543
2021-09-28,26.606487274169922
2021-09-29,26.481693267822266
2021-09-30,26.331933975219727
2021-10-01,26.53993034362793
2021-10-04,26.381853103637695
2021-10-05,26.722963333129883
2021-10-06,26.481693267822266
2021-10-07,26.689687728881836
2021-10-08,26.872716903686523
2021-10-11,26.54825210571289
2021-10-12,26.73960304260254
2021-10-13,26.930957794189453
2021-10-14,27.305343627929688
2021-10-15,27.463417053222656
2021-10-18,27.31366729736328
2021-10-19,27.488380432128906
2021-10-20,27.812850952148438
2021-10-21,27.721330642700195
2021-10-22,27.75461196899414
2021-10-25,27.945964813232422
2021-10-26,27.962604522705078
2021-10-27,27.746288299560547
2021-10-28,28.012516021728516
2021-10-29,27.854446411132812
2021-11-01,28.295391082763672
2021-11-02,28.162277221679688
2021-11-03,28.42018699645996
2021-11-04,28.345314025878906
2021-11-05,28.603227615356445
2021-11-08,28.536663055419922
2021-11-09,28.312028884887695
2021-11-10,28.079082489013672
2021-11-11,28.17891502380371
2021-11-12,28.22051429748535
2021-11-15,28.162277221679688
2021-11-16,27.9792423248291
2021-11-17,28.012516021728516
2021-11-18,27.945964813232422
2021-11-19,27.38022232055664
2021-11-22,27.42181968688965
2021-11-23,27.405179977416992
2021-11-24,27.371906280517578
2021-11-26,26.315298080444336
2021-11-29,26.398494720458984
2021-11-30,26.173864364624023
2021-12-01,26.040742874145508
2021-12-02,26.41513442993164
2021-12-03,26.28201675415039
2021-12-06,26.84775733947754
2021-12-07,27.321983337402344
2021-12-08,27.247106552124023
2021-12-09,26.989194869995117
2021-12-10,27.105670928955078
2021-12-13,26.769887924194336
2021-12-14,26.81207275390625
2021-12-15,27.149539947509766
2021-12-16,27.048301696777344
2021-12-17,26.66864585876465
2021-12-20,26.626462936401367
2021-12-21,27.03142547607422
2021-12-22,27.267654418945312
2021-12-23,27.402645111083984
2021-12-27,27.71480369567871
2021-12-28,27.765424728393555
2021-12-29,27.79073715209961
2021-12-30,27.630435943603516
2021-12-31,27.681060791015625
2022-01-03,28.12820816040039
2022-01-04,28.271631240844727
2022-01-05,28.119770050048828
2022-01-06,28.035400390625
2022-01-07,28.026968002319336
2022-01-10,27.900415420532227
2022-01-11,28.15351676940918
2022-01-12,28.490991592407227
2022-01-13,28.355998992919922
2022-01-14,28.263195037841797
2022-01-18,27.934162139892578
2022-01-19,27.8835391998291
2022-01-20,27.64731216430664
2022-01-21,27.34358787536621
2022-01-24,27.065176010131836
2022-01-25,26.63489532470703
2022-01-26,26.88800048828125
2022-01-27,26.88800048828125
2022-01-28,26.947057723999023
2022-01-31,27.360462188720703
2022-02-01,27.723243713378906
2022-02-02,27.951040267944336
2022-02-03,27.8076114654541
2022-02-04,27.5882568359375
2022-02-07,27.124231338500977
2022-02-08,27.276094436645508
2022-02-09,28.00165557861328
2022-02-10,27.782299041748047
2022-02-11,27.107357025146484
2022-02-14,26.82050895690918
2022-02-15,27.5882568359375
2022-02-16,27.70636749267578
2022-02-17,27.13266944885254
2022-02-18,27.107357025146484
2022-02-22,26.58427619934082
2022-02-23,26.3311710357666
2022-02-24,25.647796630859375
2022-02-25,26.466161727905273
2022-02-28,25.521244049072266
2022-03-01,24.49195671081543
2022-03-02,24.82099151611328
2022-03-03,24.01106071472168
2022-03-04,22.42494773864746
2022-03-07,21.73313331604004
2022-03-08,22.559934616088867
2022-03-09,23.918256759643555
2022-03-10,22.973339080810547
2022-03-11,22.652740478515625
2022-03-14,23.15894889831543
2022-03-15,23.563913345336914
2022-03-16,24.272598266601562
2022-03-17,24.22197914123535
2022-03-18,24.2641658782959
2022-03-21,24.17136001586914
2022-03-22,24.49195671081543
2022-03-23,24.044809341430664
2022-03-24,24.323223114013672
2022-03-25,24.49195671081543
2022-03-28,24.669130325317383
2022-03-29,25.360944747924805
2022-03-30,25.445316314697266
2022-03-31,24.913795471191406
2022-04-01,25.285017013549805
2022-04-04,25.150026321411133
2022-04-05,24.736621856689453
2022-04-06,24.34853172302246
2022-04-07,24.373842239379883
2022-04-08,24.593196868896484
2022-04-11,24.500398635864258
2022-04-12,24.2641658782959
2022-04-13,24.6353816986084
2022-04-14,24.52570152282715
2022-04-18,24.50882911682129
2022-04-19,24.669130325317383
2022-04-20,24.812557220458984
2022-04-21,24.373842239379883
2022-04-22,23.909818649291992
2022-04-25,23.800138473510742
2022-04-26,22.939592361450195
2022-04-27,23.04926872253418
2022-04-28,23.361431121826172
2022-04-29,23.142074584960938
2022-05-02,23.142074584960938
2022-05-03,23.412050247192383
2022-05-04,23.8170166015625
2022-05-05,22.998647689819336
2022-05-06,22.779296875
2022-05-09,22.10434913635254
2022-05-10,22.41651153564453
2022-05-11,22.44182014465332
2022-05-12,22.273086547851562
2022-05-13,22.87209701538086
2022-05-16,22.956464767456055
2022-05-17,23.428924560546875
2022-05-18,22.813039779663086
2022-05-19,23.285499572753906
2022-05-20,23.251752853393555
2022-05-23,23.791706085205078
2022-05-24,23.84232521057129
2022-05-25,24.01949691772461
2022-05-26,24.34853172302246
2022-05-27,24.441335678100586
2022-05-31,24.323223114013672
2022-06-01,23.892948150634766
2022-06-02,24.36540412902832
2022-06-03,23.918256759643555
2022-06-06,24.213546752929688
2022-06-07,24.17136001586914
2022-06-08,23.85076332092285
2022-06-09,23.100160598754883
2022-06-10,21.944719314575195
2022-06-13,21.162837982177734
2022-06-14,21.06727409362793
2022-06-15,21.831777572631836
2022-06-16,21.206274032592773
2022-06-17,21.206274032592773
2022-06-21,21.50165367126465
2022-06-22,21.29315185546875
2022-06-23,21.232341766357422
2022-06-24,21.85784149169922
2022-06-27,21.536401748657227
2022-06-28,21.466899871826172
2022-06-29,21.214963912963867
2022-06-30,20.919588088989258
2022-07-01,21.03252601623535
2022-07-05,20.215896606445312
2022-07-06,20.07689666748047
2022-07-07,20.511274337768555
2022-07-08,20.589462280273438
2022-07-11,20.198522567749023
2022-07-12,19.990018844604492
2022-07-13,20.016084671020508
2022-07-14,19.129955291748047
2022-07-15,19.512205123901367
2022-07-18,19.84233283996582
2022-07-19,20.676334381103516
2022-07-20,19.816268920898438
2022-07-21,20.12033462524414
2022-07-22,20.068208694458008
2022-07-25,20.346208572387695
2022-07-26,19.877079010009766
2022-07-27,20.511274337768555
2022-07-28,20.841400146484375
2022-07-29,21.406089782714844
2022-08-01,21.406089782714844
2022-08-02,21.03252601623535
2022-08-03,21.29315185546875
2022-08-04,21.449525833129883
2022-08-05,21.38871192932129
2022-08-08,21.440839767456055
2022-08-09,21.34527587890625
2022-08-10,21.727529525756836
2022-08-11,21.89259147644043
2022-08-12,22.075031280517578
2022-08-15,21.85784149169922
2022-08-16,21.744903564453125
2022-08-17,21.623275756835938
2022-08-18,21.60590362548828
2022-08-19,21.084653854370117
2022-08-22,20.502586364746094
2022-08-23,20.797964096069336
2022-08-24,20.841400146484375
2022-08-25,21.023836135864258
2022-08-26,20.241960525512695
2022-08-29,20.4417724609375
2022-08-30,20.337522506713867
2022-08-31,20.10295867919922
2022-09-01,19.9292049407959
2022-09-02,19.816268920898438
2022-09-06,19.75545883178711
2022-09-07,20.13770866394043
2022-09-08,20.085582733154297
2022-09-09,20.693710327148438
2022-09-12,21.24102783203125
2022-09-13,20.554710388183594
2022-09-14,20.850088119506836
2022-09-15,20.72846221923828
2022-09-16,20.632896423339844
2022-09-19,20.76321029663086
2022-09-20,20.17245864868164
2022-09-21,19.9292049407959
2022-09-22,19.972646713256836
2022-09-23,19.043079376220703
2022-09-26,18.904077529907227
2022-09-27,18.66082763671875
2022-09-28,19.095203399658203
2022-09-29,18.669513702392578
2022-09-30,18.678203582763672
2022-10-03,19.21683120727539
2022-10-04,20.13770866394043
2022-10-05,19.746768951416016
2022-10-06,19.225515365600586
2022-10-07,18.886703491210938
2022-10-10,18.904077529907227
2022-10-11,18.678203582763672
2022-10-12,18.521827697753906
2022-10-13,19.112579345703125
2022-10-14,18.89539337158203
2022-10-17,19.555641174316406
2022-10-18,19.90314483642578
2022-10-19,19.564332962036133
2022-10-20,19.65120506286621
2022-10-21,19.998708724975586
2022-10-24,20.241960525512695
2022-10-25,20.65896224975586
2022-10-26,20.858776092529297
2022-10-27,20.910898208618164
2022-10-28,21.084653854370117
2022-10-31,20.919588088989258
2022-11-01,21.102027893066406
2022-11-02,20.76321029663086
2022-11-03,20.641584396362305
2022-11-04,21.718839645385742
2022-11-07,21.9881534576416
2022-11-08,22.240095138549805
2022-11-09,22.135839462280273
2022-11-10,23.247848510742188
2022-11-11,23.769100189208984
2022-11-14,23.491098403930664
2022-11-15,23.65616226196289
2022-11-16,23.72566032409668
2022-11-17,23.569286346435547
2022-11-18,23.699600219726562
2022-11-21,23.38684844970703
2022-11-22,23.7430362701416
2022-11-23,23.882036209106445
2022-11-25,24.055789947509766
2022-11-28,23.595348358154297
2022-11-29,23.751724243164062
2022-11-30,24.168725967407227
2022-12-01,24.316417694091797
2022-12-02,24.29035186767578
2022-12-05,24.029726028442383
2022-12-06,23.769100189208984
2022-12-07,23.864662170410156
2022-12-08,23.899412155151367
2022-12-09,23.769100189208984
2022-12-12,24.029726028442383
2022-12-13,24.396644592285156
2022-12-14,24.36136245727539
2022-12-15,23.620468139648438
2022-12-16,23.47052574157715
2022-12-19,23.452884674072266
2022-12-20,23.541086196899414
2022-12-21,23.876253128051758
2022-12-22,23.655746459960938
2022-12-23,23.805692672729492
2022-12-27,23.77922821044922
2022-12-28,23.59400749206543
2022-12-29,24.096755981445312
2022-12-30,23.7615909576416
2023-01-03,24.176137924194336
2023-01-04,24.687711715698242
2023-01-05,24.458385467529297
2023-01-06,25.084617614746094
2023-01-09,25.278663635253906
2023-01-10,25.516809463500977
2023-01-11,25.71967315673828
2023-01-12,26.143041610717773
2023-01-13,26.125402450561523
2023-01-17,26.107759475708008
2023-01-18,25.993099212646484
2023-01-19,25.83433723449707
2023-01-20,26.046018600463867
2023-01-23,26.107759475708008
2023-01-24,26.169504165649414
2023-01-25,26.292985916137695
2023-01-26,26.398828506469727
2023-01-27,26.4605712890625
2023-01-30,26.21360206604004
2023-01-31,26.698713302612305
2023-02-01,27.025060653686523
2023-02-02,27.016239166259766
2023-02-03,26.504667282104492
2023-02-06,26.504667282104492
2023-02-07,26.804553985595703
2023-02-08,26.681072235107422
2023-02-09,26.892759323120117
2023-02-10,26.707536697387695
2023-02-13,26.980960845947266
2023-02-14,27.130903244018555
2023-02-15,26.980960845947266
2023-02-16,27.113262176513672
2023-02-17,27.175006866455078
2023-02-21,26.62815284729004
2023-02-22,26.34590721130371
2023-02-23,26.53995132446289
2023-02-24,26.134220123291016
2023-02-27,26.57522964477539
2023-02-28,26.469388961791992
2023-03-01,26.58405303955078
2023-03-02,26.681072235107422
2023-03-03,27.175006866455078
2023-03-06,27.210283279418945
2023-03-07,26.71635627746582
2023-03-08,26.8751163482666
2023-03-09,26.4252872467041
2023-03-10,26.143041610717773
2023-03-13,25.666749954223633
2023-03-14,26.24006462097168
2023-03-15,25.066978454589844
2023-03-16,25.322763442993164
2023-03-17,24.775915145874023
2023-03-20,25.340404510498047
2023-03-21,26.107759475708008
2023-03-22,25.95781898498535
2023-03-23,25.89607810974121
2023-03-24,25.64910888671875
2023-03-27,25.984277725219727
2023-03-28,26.169504165649414
2023-03-29,26.53995132446289
2023-03-30,26.831016540527344
2023-03-31,26.8398380279541
2023-04-03,27.130903244018555
2023-04-04,27.025060653686523
2023-04-05,26.892759323120117
2023-04-06,27.236743927001953
2023-04-10,27.280847549438477
2023-04-11,27.45724868774414
2023-04-12,27.78359603881836
2023-04-13,27.96881866455078
2023-04-14,27.995281219482422
2023-04-17,27.76595687866211
2023-04-18,27.951183319091797
2023-04-19,27.951183319091797
2023-04-20,27.748319625854492
2023-04-21,27.951183319091797
2023-04-24,28.145225524902344
2023-04-25,27.571914672851562
2023-04-26,27.616012573242188
2023-04-27,28.109943389892578
2023-04-28,27.924718856811523
2023-05-01,27.960002899169922
2023-05-02,27.404327392578125
2023-05-03,27.660114288330078
2023-05-04,27.527809143066406
2023-05-05,28.224605560302734
2023-05-08,28.19814682006836
2023-05-09,27.96881866455078
2023-05-10,27.871803283691406
2023-05-11,27.60719108581543
2023-05-12,27.624834060668945
2023-05-15,27.616012573242188
2023-05-16,27.395505905151367
2023-05-17,27.50135040283203
2023-05-18,27.263208389282227
2023-05-19,27.545452117919922
2023-05-22,27.624834060668945
2023-05-23,27.254383087158203
2023-05-24,26.81337547302246
2023-05-25,26.645793914794922
2023-05-26,26.8751163482666
2023-05-30,26.742815017700195
2023-05-31,26.17832374572754
2023-06-01,26.795734405517578
2023-06-02,27.148544311523438
2023-06-05,26.8751163482666
2023-06-06,27.130903244018555
2023-06-07,27.044160842895508
2023-06-08,27.49595069885254
2023-06-09,27.324270248413086
2023-06-12,27.52305793762207
2023-06-13,27.75798797607422
2023-06-14,27.983882904052734
2023-06-15,28.345314025878906
2023-06-16,28.408565521240234
2023-06-20,28.146526336669922
2023-06-21,28.282062530517578
2023-06-22,28.0200252532959
2023-06-23,27.622451782226562
2023-06-26,27.721845626831055
2023-06-27,28.11038589477539
2023-06-28,28.164600372314453
2023-06-29,28.363386154174805
2023-06-30,28.760963439941406
2023-07-03,28.860355377197266
2023-07-05,28.471818923950195
2023-07-06,27.9748477935791
2023-07-07,28.32724380493164
2023-07-10,28.526031494140625
2023-07-11,28.76999855041504
2023-07-12,29.46575355529785
2023-07-13,29.971759796142578
2023-07-14,29.791044235229492
2023-07-17,29.87236976623535
2023-07-18,29.91754722595215
2023-07-19,29.763935089111328
2023-07-20,29.736827850341797
2023-07-21,29.782007217407227
2023-07-24,29.80911636352539
2023-07-25,29.691648483276367
2023-07-26,29.998870849609375
2023-07-27,29.92658042907715
2023-07-28,30.134403228759766
2023-07-31,30.26994514465332
2023-08-01,29.890439987182617
2023-08-02,29.348291397094727
2023-08-03,29.19468116760254
2023-08-04,29.03203773498535
2023-08-07,29.20371437072754
2023-08-08,28.724821090698242
2023-08-09,28.92360496520996
2023-08-10,29.068178176879883
2023-08-11,28.860355377197266
2023-08-14,28.887462615966797
2023-08-15,28.51699447631836
2023-08-16,28.354351043701172
2023-08-17,28.065202713012695
2023-08-18,28.083276748657227
2023-08-21,28.381458282470703
2023-08-22,28.282062530517578
2023-08-23,28.535066604614258
2023-08-24,28.155563354492188
2023-08-25,28.471818923950195
2023-08-28,28.751928329467773
2023-08-29,29.303112030029297
2023-08-30,29.348291397094727
2023-08-31,29.004926681518555
2023-09-01,28.76999855041504
2023-09-05,28.54410171508789
2023-09-06,28.155563354492188
2023-09-07,28.056167602539062
2023-09-08,28.119421005249023
2023-09-11,28.55314064025879
2023-09-12,28.46278190612793
2023-09-13,28.282062530517578
2023-09-14,28.625425338745117
2023-09-15,28.54410171508789
2023-09-18,28.336278915405273
2023-09-19,28.498926162719727
2023-09-20,28.751928329467773
2023-09-21,28.191707611083984
2023-09-22,28.029062271118164
2023-09-25,27.794130325317383
2023-09-26,27.33330535888672
2023-09-27,27.206804275512695
2023-09-28,27.441734313964844
2023-09-29,27.48691177368164
2023-10-02,26.854406356811523
2023-10-03,26.547189712524414
2023-10-04,26.628511428833008
2023-10-05,26.827301025390625
2023-10-06,27.206804275512695
2023-10-09,27.00801658630371
2023-10-10,27.45980453491211
2023-10-11,27.730880737304688
2023-10-12,27.40559196472168
2023-10-13,27.1706600189209
2023-10-16,27.52305793762207
2023-10-17,27.5863094329834
2023-10-18,27.152587890625
2023-10-19,26.863441467285156
2023-10-20,26.736942291259766
2023-10-23,26.872478485107422
2023-10-24,26.944765090942383
2023-10-25,26.58333396911621
2023-10-26,26.502012252807617
2023-10-27,26.27611541748047
2023-10-30,26.7188720703125
2023-10-31,27.017051696777344
2023-11-01,27.261018753051758
2023-11-02,27.929668426513672
2023-11-03,28.318206787109375
2023-11-06,28.191707611083984
2023-11-07,27.983882904052734
2023-11-08,28.029062271118164
2023-11-09,27.9748477935791
2023-11-10,28.146526336669922
2023-11-13,28.354351043701172
2023-11-14,29.266965866088867
2023-11-15,29.131431579589844
2023-11-16,29.03203773498535
2023-11-17,29.411540985107422
2023-11-20,29.72779655456543
2023-11-21,29.33925437927246
2023-11-22,29.266965866088867
2023-11-24,29.637435913085938
2023-11-27,29.637435913085938
2023-11-28,29.655508041381836
2023-11-29,29.899473190307617
2023-11-30,29.800077438354492
2023-12-01,29.953691482543945
2023-12-04,29.845258712768555
2023-12-05,29.80911636352539
2023-12-06,29.86332893371582
2023-12-07,29.908510208129883
2023-12-08,30.152475357055664
2023-12-11,30.170547485351562
2023-12-12,30.24283790588379
2023-12-13,30.61330223083496
2023-12-14,30.812091827392578
2023-12-15,30.36933708190918
2023-12-18,30.468730926513672
2023-12-19,30.794023513793945
2023-12-20,30.390581130981445
2023-12-21,30.83884620666504
2023-12-22,30.87544059753418
2023-12-26,31.104148864746094
2023-12-27,31.241371154785156
2023-12-28,31.030961990356445
2023-12-29,31.04010772705078
2024-01-02,30.82054901123047
2024-01-03,30.353988647460938
2024-01-04,30.692474365234375
2024-01-05,30.747364044189453
2024-01-08,31.131589889526367
2024-01-09,30.76565933227539
2024-01-10,30.985219955444336
2024-01-11,30.866291046142578
2024-01-12,31.003515243530273
2024-01-16,30.4912109375
2024-01-17,30.353988647460938
2024-01-18,30.56439781188965
2024-01-19,30.62843894958496
2024-01-22,30.372285842895508
2024-01-23,30.24420928955078
2024-01-24,30.427169799804688
2024-01-25,30.3356876373291
2024-01-26,30.610137939453125
2024-01-29,30.408876419067383
2024-01-30,30.701623916625977
2024-01-31,30.637584686279297
2024-02-01,31.02181053161621
2024-02-02,30.76565933227539
2024-02-05,30.73821258544922
2024-02-06,30.985219955444336
2024-02-07,30.866291046142578
2024-02-08,30.930330276489258
2024-02-09,31.049257278442383
2024-02-12,31.177335739135742
2024-02-13,30.58269691467285
2024-02-14,31.04010772705078
2024-02-15,31.653043746948242
2024-02-16,31.47007942199707
2024-02-20,31.753673553466797
2024-02-21,32.119606018066406
2024-02-22,32.4214973449707
2024-02-23,32.677650451660156
2024-02-26,32.604461669921875
2024-02-27,32.695945739746094
2024-02-28,32.59532165527344
2024-02-29,32.59532165527344
2024-03-01,32.85146713256836
2024-03-04,32.86061477661133
2024-03-05,33.07102584838867
2024-03-06,33.46440505981445
2024-03-07,33.610774993896484
2024-03-08,33.54673767089844
2024-03-11,33.50099563598633
2024-03-12,33.90351867675781
2024-03-13,34.077335357666016
2024-03-14,33.82118606567383
2024-03-15,34.05904006958008
2024-03-18,33.94010925292969
2024-03-19,34.26030349731445
2024-03-20,34.69941711425781
2024-03-21,34.27859878540039
2024-03-22,34.205413818359375
2024-03-25,34.553043365478516
2024-03-26,34.54389572143555
2024-03-27,34.71772003173828
2024-03-28,34.50730895996094
2024-04-01,34.44327163696289
2024-04-02,34.04989242553711
2024-04-03,34.33348846435547
2024-04-04,33.90351867675781
2024-04-05,33.91267013549805
2024-04-08,34.17797088623047
2024-04-09,33.958404541015625
2024-04-10,33.54673767089844
2024-04-11,33.37291717529297
2024-04-12,32.90635681152344
2024-04-15,32.93380355834961
2024-04-16,32.65935516357422
2024-04-17,32.97954177856445
2024-04-18,33.02528762817383
2024-04-19,33.29058837890625
2024-04-22,33.64736557006836
2024-04-23,34.40667724609375
2024-04-24,34.18711471557617
2024-04-25,33.885223388671875
2024-04-26,34.06818771362305
2024-04-29,34.14137649536133
2024-04-30,33.436954498291016
2024-05-01,33.40951156616211
2024-05-02,33.72970199584961
2024-05-03,33.81203079223633
2024-05-06,34.196266174316406
2024-05-07,34.28774642944336
2024-05-08,34.26945114135742
2024-05-09,34.66282653808594
2024-05-10,34.93727493286133
2024-05-13,35.05620193481445
2024-05-14,35.550209045410156
2024-05-15,35.96187973022461
2024-05-16,35.870399475097656
2024-05-17,35.98932647705078
2024-05-20,35.67828369140625
2024-05-21,35.54106140136719
2024-05-22,35.15683364868164
2024-05-23,35.01046371459961
2024-05-24,35.34894943237305
2024-05-28,35.53190994262695
2024-05-29,34.873233795166016
2024-05-30,35.2666130065918
2024-05-31,35.522769927978516
2024-06-03,35.66914367675781
2024-06-04,35.33979797363281
2024-06-05,35.550209045410156
2024-06-06,35.67828369140625
2024-06-07,35.248313903808594
2024-06-10,35.00130844116211
2024-06-11,34.2947998046875
2024-06-12,34.87575149536133
2024-06-13,34.03243637084961
2024-06-14,33.06731033325195
2024-06-17,33.49834060668945
2024-06-18,33.798179626464844
2024-06-20,34.07928466796875
2024-06-21,33.74195861816406
2024-06-24,34.26668930053711
2024-06-25,34.18235778808594
2024-06-26,33.91062545776367
2024-06-27,33.62015151977539
2024-06-28,33.592037200927734
2024-07-01,34.16361999511719
2024-07-02,33.97621536254883
2024-07-03,34.425987243652344
2024-07-05,34.65087127685547
2024-07-08,34.4915771484375
2024-07-09,34.37913513183594
2024-07-10,34.969451904296875
2024-07-11,35.09126663208008
2024-07-12,35.391109466552734
2024-07-15,35.156856536865234
2024-07-16,35.40047836303711
2024-07-17,35.36300277709961
2024-07-18,35.30677795410156
2024-07-19,35.10063934326172
2024-07-22,35.72843551635742
2024-07-23,35.419219970703125
2024-07-24,35.14748764038086
2024-07-25,34.80078887939453
2024-07-26,35.13811492919922
2024-07-29,34.782047271728516
2024-07-30,34.90386199951172
2024-07-31,34.80078887939453
2024-08-01,33.77944564819336
2024-08-02,33.610774993896484
2024-08-05,32.87053680419922
2024-08-06,32.75809860229492
2024-08-07,32.945499420166016
2024-08-08,33.22660446166992
2024-08-09,33.320308685302734
2024-08-12,33.423370361328125
2024-08-13,33.826297760009766
2024-08-14,34.191734313964844
2024-08-15,34.58528137207031
2024-08-16,34.86638259887695
2024-08-19,35.259925842285156
2024-08-20,35.11000442504883
2024-08-21,35.53166198730469
2024-08-22,35.30677795410156
2024-08-23,36.0189094543457
2024-08-26,35.878360748291016
2024-08-27,36.13135528564453
2024-08-28,36.06576156616211
2024-08-29,36.19694519042969
2024-08-30,36.40309143066406
2024-09-03,35.644107818603516
2024-09-04,35.690956115722656
2024-09-05,35.84088134765625
2024-09-06,35.36300277709961
2024-09-09,35.70032501220703
2024-09-10,35.344261169433594
2024-09-11,35.47544479370117
2024-09-12,35.690956115722656
2024-09-13,35.70969772338867
2024-09-16,36.02828598022461
2024-09-17,36.0189094543457
2024-09-18,35.89710235595703
2024-09-19,36.33749771118164
2024-09-20,36.15009307861328
2024-09-23,35.96268844604492
2024-09-24,36.23442459106445
2024-09-25,36.0189094543457
2024-09-26,36.85285949707031
2024-09-27,36.955928802490234
2024-09-30,36.506160736083984
2024-10-01,35.850250244140625
2024-10-02,35.66284942626953
2024-10-03,35.11937713623047
2024-10-04,35.43796157836914
2024-10-07,35.45669937133789
2024-10-08,35.55039978027344
2024-10-09,35.54103088378906
2024-10-10,35.63473129272461
2024-10-11,35.91584014892578
2024-10-14,36.24379348754883
2024-10-15,35.822139739990234
2024-10-16,36.0938720703125
2024-10-17,36.43119812011719
2024-10-18,36.72167205810547
2024-10-21,36.41245651245117
2024-10-22,35.94395065307617
2024-10-23,35.878360748291016
2024-10-24,35.9814338684082
2024-10-25,35.887733459472656
2024-10-28,36.271907806396484
2024-10-29,36.00016403198242
2024-10-30,35.71906661987305
2024-10-31,35.6253662109375
2024-11-01,35.80339813232422
2024-11-04,35.80339813232422
2024-11-05,35.86898422241211
2024-11-06,34.84763717651367
2024-11-07,35.04441452026367
2024-11-08,34.697715759277344
2024-11-11,34.83827209472656
2024-11-12,33.97621536254883
2024-11-13,33.94810485839844
2024-11-14,34.276065826416016
2024-11-15,34.25732421875
2024-11-18,34.35102081298828
2024-11-19,34.03243637084961
2024-11-20,33.90125274658203
2024-11-21,33.69511032104492
2024-11-22,33.73259353637695
2024-11-25,33.760704040527344
2024-11-26,33.47959518432617
2024-11-27,33.72322463989258
2024-11-29,34.051177978515625
2024-12-02,33.96685028076172
2024-12-03,34.34165573120117
2024-12-04,34.47283935546875
2024-12-05,35.25055694580078
2024-12-06,35.38174057006836
2024-12-09,35.02567672729492
2024-12-10,35.02567672729492
2024-12-11,35.194339752197266
2024-12-12,35.09126663208008
2024-12-13,35.27867126464844
2024-12-16,35.11000442504883
2024-12-17,34.719058990478516
2024-12-18,33.891510009765625
2024-12-19,33.7868766784668
2024-12-20,33.862972259521484
2024-12-23,34.015167236328125
2024-12-24,34.31955337524414
2024-12-26,34.43370056152344
2024-12-27,34.271995544433594
2024-12-30,34.22443389892578
2024-12-31,34.21492004394531
2025-01-02,33.81541442871094
2025-01-03,33.9295539855957
2025-01-06,34.55735778808594
2025-01-07,34.700035095214844
2025-01-08,34.89027786254883
2025-01-10,34.719058990478516
2025-01-13,34.43370056152344
2025-01-14,34.89027786254883
2025-01-15,35.432464599609375
2025-01-16,35.61319351196289
2025-01-17,35.927093505859375
2025-01-21,36.421722412109375
2025-01-22,36.022212982177734
2025-01-23,36.5263557434082
2025-01-24,36.81171798706055
2025-01-27,36.963905334472656
2025-01-28,36.71659469604492
2025-01-29,36.71659469604492
2025-01-30,36.93537521362305
2025-01-31,36.669036865234375
2025-02-03,36.17440414428711
2025-02-04,36.973419189453125
2025-02-05,37.09708023071289
2025-02-06,37.3634147644043
2025-02-07,37.030494689941406
2025-02-10,37.287322998046875
2025-02-11,37.82950973510742
2025-02-12,38.00072479248047
2025-02-13,38.25755310058594
2025-02-14,38.6094970703125
2025-02-18,39.08510208129883
2025-02-19,38.590476989746094
2025-02-20,38.83778762817383
2025-02-21,38.6190071105957
2025-02-24,38.799739837646484
2025-02-25,39.44655990600586
2025-02-26,39.256317138671875
2025-02-27,38.62852478027344
2025-02-28,38.80925369262695
2025-03-03,39.29437255859375
2025-03-04,39.26582717895508
2025-03-05,40.607032775878906
2025-03-06,40.20752716064453
2025-03-07,40.75922393798828
2025-03-10,40.0933837890625
2025-03-11,40.20752716064453
2025-03-12,40.426300048828125
2025-03-13,39.89362716674805
2025-03-14,40.930442810058594
2025-03-17,41.406044006347656
2025-03-18,41.77701950073242
2025-03-19,41.843605041503906
2025-03-20,41.14921951293945
2025-03-21,40.854347229003906
2025-03-24,40.88288116455078
2025-03-25,41.30141067504883
2025-03-26,40.53093338012695
2025-03-27,40.9684944152832
2025-03-28,40.71166229248047
2025-03-31,40.25508499145508
2025-04-01,40.38825225830078
2025-04-02,40.578495025634766
2025-04-03,39.7319221496582
2025-04-04,36.611961364746094
2025-04-07,35.25173568725586
2025-04-08,34.814178466796875
2025-04-09,38.25755310058594
2025-04-10,37.724876403808594
2025-04-11,38.55242156982422
2025-04-14,38.92339324951172
2025-04-15,39.513145446777344
2025-04-16,39.72240447998047
2025-04-17,40.07435607910156
2025-04-21,39.89362716674805
2025-04-22,40.7211799621582
2025-04-23,40.607032775878906
2025-04-24,41.35848617553711
2025-04-25,41.89116287231445
2025-04-28,42.07189178466797
2025-04-29,42.490421295166016
2025-04-30,42.0528678894043
2025-05-01,42.100425720214844
2025-05-02,42.7948112487793
2025-05-05,42.87090301513672
2025-05-06,43.013587951660156
2025-05-07,42.7948112487793
2025-05-08,43.14675521850586
2025-05-09,43.574798583984375
2025-05-12,43.4321174621582
2025-05-13,43.75552749633789
2025-05-14,44.00284194946289
2025-05-15,44.25966262817383
2025-05-16,44.56405258178711
2025-05-19,44.99209976196289
2025-05-20,45.50575256347656
2025-05-21,45.32502365112305
2025-05-22,45.22039031982422
2025-05-23,44.6686897277832
2025-05-27,45.334529876708984
2025-05-28,45.22990036010742
2025-05-29,45.25843811035156
2025-05-30,45.43916702270508
2025-06-02,45.96232986450195
2025-06-03,45.53428268432617
2025-06-04,45.4106330871582
2025-06-05,45.638919830322266
2025-06-06,45.943302154541016
2025-06-09,45.82916259765625
2025-06-10,45.59135818481445
2025-06-11,45.59135818481445
2025-06-12,45.89574432373047
2025-06-13,45.115753173828125
2025-06-16,45.698482513427734
2025-06-17,44.77889633178711
2025-06-18,44.97249221801758
2025-06-20,44.87569808959961
2025-06-23,44.96281433105469
2025-06-24,45.68880081176758
2025-06-25,45.659759521484375
2025-06-26,45.97919845581055
2025-06-27,46.32767105102539
2025-06-30,46.59870529174805
2025-07-01,46.5115852355957
2025-07-02,46.74390411376953
2025-07-03,46.666465759277344
2025-07-07,46.33734893798828
2025-07-08,46.79230499267578
2025-07-09,47.595726013183594
2025-07-10,46.97621536254883
2025-07-11,46.45351028442383
2025-07-14,46.618064880371094
2025-07-15,45.80495834350586
2025-07-16,46.23086929321289
2025-07-17,46.22119140625
2025-07-18,46.25991439819336
2025-07-21,46.492225646972656
2025-07-22,46.995574951171875
2025-07-23,48.24427795410156
2025-07-24,47.54732894897461
2025-07-25,47.973243713378906
2025-07-28,47.21821594238281
2025-07-29,47.489253997802734
2025-07-30,47.557010650634766
2025-07-31,46.70518112182617
2025-08-01,46.29862976074219
2025-08-04,47.01493835449219
2025-08-05,47.17949676513672
2025-08-06,47.93452072143555
2025-08-07,48.35075378417969
2025-08-08,48.55403137207031
2025-08-11,48.38947677612305
2025-08-12,49.01866149902344
2025-08-13,49.463932037353516
2025-08-14,49.909210205078125
2025-08-15,50.13184356689453
2025-08-18,49.88985061645508
2025-08-19,49.96728515625
2025-08-20,50.0350456237793
2025-08-21,49.880165100097656
2025-08-22,50.66423416137695
2025-08-25,50.10280227661133
2025-08-26,49.77368927001953
2025-08-27,49.2800178527832
2025-08-28,49.55105209350586
2025-08-29,49.41553497314453
2025-09-02,48.78635025024414
2025-09-03,48.76698684692383
2025-09-04,49.028343200683594
2025-09-05,48.844425201416016
2025-09-08,49.01866149902344
2025-09-09,49.23162078857422
2025-09-10,49.29937744140625
2025-09-11,49.94792556762695
2025-09-12,50.0640869140625
2025-09-15,50.7126350402832
2025-09-16,50.48031997680664
2025-09-17,49.68657302856445
2025-09-18,49.79304885864258
2025-09-19,49.72528839111328
2025-09-22,50.08344650268555
2025-09-23,49.86080551147461
2025-09-24,49.64785385131836
2025-09-25,49.30905532836914
2025-09-26,49.88985061645508
2025-09-29,49.85112762451172
2025-09-30,50.286720275878906
2025-10-01,50.73199462890625
2025-10-02,50.65455627441406
2025-10-03,50.92559051513672
2025-10-06,50.586795806884766
2025-10-07,50.27703857421875
2025-10-08,50.61583709716797
2025-10-09,49.492977142333984
2025-10-10,48.6992301940918
2025-10-13,48.88314437866211
2025-10-14,49.16386032104492
2025-10-15,48.85411071777344
2025-10-16,49.250980377197266
2025-10-17,49.144500732421875
2025-10-20,49.59945297241211
2025-10-21,49.463932037353516
2025-10-22,49.038021087646484
2025-10-23,49.53169250488281
2025-10-24,49.62849426269531
2025-10-27,50.26736068725586
2025-10-28,50.50935745239258
2025-10-29,50.44160079956055
2025-10-30,50.160884857177734
2025-10-31,50.15120315551758
2025-11-03,50.13184356689453
2025-11-04,49.73497009277344
2025-11-05,50.335121154785156
2025-11-06,50.09312438964844
2025-11-07,50.51903533935547
2025-11-10,51.44830322265625
2025-11-11,52.029090881347656
2025-11-12,52.387245178222656
2025-11-13,52.25172805786133
2025-11-14,51.496700286865234
2025-11-17,50.877193450927734
2025-11-18,50.15120315551758
2025-11-19,49.696250915527344
2025-11-20,49.18321990966797
2025-11-21,49.82209014892578
2025-11-24,49.55105209350586
2025-11-25,50.48999786376953
2025-11-26,50.85783386230469
2025-11-28,51.23534393310547
2025-12-01,50.9739875793457
2025-12-02,51.303104400634766
2025-12-03,51.58382034301758
2025-12-04,51.44830322265625
2025-12-05,51.28374481201172
2025-12-08,51.28374481201172
2025-12-09,51.32246017456055
2025-12-10,51.83549499511719
2025-12-11,52.22269058227539
2025-12-12,51.94197082519531
2025-12-15,52.60987854003906
2025-12-16,52.54319763183594
2025-12-17,52.47454833984375
2025-12-18,52.76874542236328
2025-12-19,53.16100311279297
2025-12-22,53.190425872802734
2025-12-23,53.347328186035156
2025-12-24,53.504234313964844
2025-12-26,53.56306838989258
2025-12-29,53.11197280883789
2025-12-30,53.533653259277344
2025-12-31,53.278682708740234
2026-01-02,54.092620849609375
2026-01-05,54.592750549316406
2026-01-06,54.22010803222656
2026-01-07,53.90629959106445
2026-01-08,54.17107391357422
2026-01-09,53.96513748168945
2026-01-12,54.24952697753906
2026-01-13,53.74939727783203
2026-01-14,53.974945068359375
2026-01-15,53.739585876464844
2026-01-16,53.85726547241211
2026-01-20,52.97468185424805
2026-01-21,53.38655090332031
2026-01-22,53.710166931152344
2026-01-23,53.84745788574219
2026-01-26,54.31816864013672
2026-01-27,55.534175872802734
2026-01-28,54.749656677246094
2026-01-29,55.08307647705078
2026-01-30,54.79869079589844
2026-02-02,55.279205322265625
2026-02-03,55.828372955322266
2026-02-04,55.847984313964844
2026-02-05,54.62217330932617
2026-02-06,55.190948486328125
2026-02-09,56.49521255493164
2026-02-10,56.21082305908203
2026-02-11,55.877403259277344
2026-02-12,55.42630386352539
2026-02-13,54.46527099609375
2026-02-17,54.93598175048828
2026-02-18,55.23017501831055
2026-02-19,54.808494567871094
2026-02-20,55.710693359375
2026-02-23,55.83817672729492
2026-02-24,55.83817672729492
2026-02-25,56.49521255493164
2026-02-26,56.80902099609375
2026-02-27,56.22063446044922
2026-03-02,54.86733627319336
2026-03-03,52.84719467163086
2026-03-04,53.5140380859375
2026-03-05,52.39609909057617
2026-03-06,51.9351921081543
2026-03-09,52.503971099853516
2026-03-10,52.7491340637207
2026-03-11,52.523582458496094
2026-03-12,51.63119125366211
2026-03-13,51.07222366333008
2026-03-16,51.65080261230469
2026-03-17,52.337257385253906
2026-03-18,51.395835876464844
2026-03-19,51.44486618041992
2026-03-20,49.71892547607422
2026-03-23,51.111446380615234
2026-03-24,50.57209014892578
2026-03-25,51.435062408447266
2026-03-26,50.47402572631836
2026-03-27,50.111183166503906
2026-03-30,50.31712341308594
2026-03-31,52.38629150390625
2026-04-01,53.455196380615234
2026-04-02,53.259071350097656
2026-04-06,53.61210250854492
2026-04-07,53.72978210449219
2026-04-08,55.52436828613281
2026-04-09,55.92643356323242
2026-04-10,56.17159652709961
2026-04-13,56.603084564208984
2026-04-14,57.044376373291016
2026-04-15,57.063987731933594
2026-04-16,56.76979446411133
2026-04-17,57.583736419677734
2026-04-20,57.54450607299805
2026-04-21,56.259857177734375
2026-04-22,56.3873405456543
2026-04-23,55.661659240722656
2026-04-24,56.10295104980469
2026-04-27,56.07353210449219
2026-04-28,56.44618225097656
2026-04-29,55.57339859008789
2026-04-30,56.64230728149414
2026-05-01,56.583473205566406
2026-05-04,55.190948486328125
2026-05-05,56.701148986816406
2026-05-06,58.456512451171875
2026-05-07,57.25031280517578
2026-05-08,57.985801696777344
2026-05-11,58.142704010009766
2026-05-12,57.72102355957031
2026-05-13,57.770057678222656
2026-05-14,57.730831146240234
2026-05-15,56.544246673583984
2026-05-18,57.269927978515625
2026-05-19,56.27946853637695
2026-05-20,57.48566818237305
2026-05-21,57.83870315551758
2026-05-22,57.45624923706055
2026-05-26,58.25057601928711
2026-05-27,57.887733459472656
2026-05-28,58.103477478027344
2026-05-29,58.221153259277344
2026-06-01,58.12309265136719
2026-06-02,58.338836669921875
2026-06-03,57.3777961730957
2026-06-04,57.936767578125
2026-06-05,56.916893005371094
2026-06-08,57.51509094238281
2026-06-09,58.35844421386719
2026-06-10,57.52489471435547
2026-06-11,59.358707427978516
2026-06-12,59.49599838256836
2026-06-15,59.880001068115234
2026-06-16,60.72999954223633
2026-06-17,60.15999984741211
2026-06-18,60.599998474121094
2026-06-22,60.45000076293945
2026-06-23,59.40999984741211
2026-06-24,58.849998474121094
2026-06-25,58.95000076293945
2026-06-26,58.630001068115234
2026-06-29,58.90999984741211
2026-06-30,59.2400016784668
2026-07-01,59.130001068115234
2026-07-02,60.630001068115234
2026-07-06,61.13999938964844
2026-07-07,60.59000015258789
2026-07-08,60.130001068115234
2026-07-09,60.279998779296875
2026-07-10,60.59000015258789
2026-07-13,60.470001220703125
2026-07-14,60.630001068115234
2026-07-15,60.810001373291016
2026-07-16,60.560001373291016
2026-07-17,60.2599983215332
2026-07-20,59.939998626708984
2026-07-21,60.52000045776367
2026-07-22,61.060001373291016
2026-07-23,59.720001220703125
2026-07-24,60.13999938964844
2026-07-27,60.77000045776367
2026-07-28,60.470001220703125
2026-07-29,60.09000015258789
2026-07-30,61.65999984741211
2026-07-31,61.599998474121094
2026-08-03,62.38999938964844
2026-08-04,63.209999084472656
2026-08-05,63.189998626708984
2026-08-06,63.15999984741211
2026-08-07,63.349998474121094
2026-08-10,63.16999816894531
2026-08-11,63.09000015258789
2026-08-12,63.18000030517578
2026-08-13,63.290000915527344
2026-08-14,63.27000045776367
2026-08-17,63.08000183105469
2026-08-18,62.720001220703125
2026-08-19,62.83000183105469
2026-08-20,62.79999923706055
2026-08-21,62.90999984741211
2026-08-24,62.7599983215332
2026-08-25,63.02000045776367
2026-08-26,62.95000076293945
2026-08-27,62.18000030517578
2026-08-28,62.22999954223633
2026-08-31,62.279998779296875
2026-09-01,61.20000076293945
2026-09-02,61.380001068115234
2026-09-03,62.02000045776367
2026-09-04,61.86000061035156
2026-09-08,61.43000030517578
2026-09-09,61.25
2026-09-10,61.0099983215332
2026-09-11,61.959999084472656
2026-09-14,60.90999984741211
2026-09-15,60.75
2026-09-16,60.59000015258789
2026-09-17,61.18000030517578
2026-09-18,60.04999923706055
2026-09-21,61.2400016784668
2026-09-22,60.75
2026-09-23,59.97999954223633
2026-09-24,59.939998626708984
2026-09-25,60.400001525878906
2026-09-28,60.040000915527344
2026-09-29,59.58000183105469
2026-09-30,58.720001220703125
2026-10-01,57.2400016784668
2026-10-02,57.400001525878906
2026-10-05,57.4900016784668
2026-10-06,57.939998626708984
2026-10-07,56.349998474121094
