date,adjclose
2011-10-10,19.484895706176758
2011-10-11,19.546571731567383
2011-10-12,19.860576629638672
2011-10-13,19.826932907104492
2011-10-14,20.04000473022461
2011-10-17,19.400785446166992
2011-10-18,19.776472091674805
2011-10-19,19.29985809326172
2011-10-20,19.1765079498291
2011-10-21,19.709182739257812
2011-10-24,19.961503982543945
2011-10-25,19.574607849121094
2011-10-26,19.804502487182617
2011-10-27,21.301618576049805
2011-10-28,20.892295837402344
2011-10-31,19.7596492767334
2011-11-01,18.73354148864746
2011-11-02,18.862499237060547
2011-11-03,19.5017147064209
2011-11-04,18.935392379760742
2011-11-07,19.081174850463867
2011-11-08,19.311073303222656
2011-11-09,17.937318801879883
2011-11-10,18.256927490234375
2011-11-11,18.896142959594727
2011-11-14,18.21767807006836
2011-11-15,18.0606746673584
2011-11-16,17.830781936645508
2011-11-17,17.729856491088867
2011-11-18,18.010208129882812
2011-11-21,17.550424575805664
2011-11-22,17.258853912353516
2011-11-23,16.647668838500977
2011-11-25,16.4514217376709
2011-11-28,17.404640197753906
2011-11-29,17.37660026550293
2011-11-30,18.441965103149414
2011-12-01,18.284961700439453
2011-12-02,18.441965103149414
2011-12-05,18.795215606689453
2011-12-06,18.98025131225586
2011-12-07,18.896142959594727
2011-12-08,18.228893280029297
2011-12-09,18.7447509765625
2011-12-12,17.959745407104492
2011-12-13,17.34856414794922
2011-12-14,17.20278549194336
2011-12-15,17.27566909790039
2011-12-16,17.253246307373047
2011-12-19,17.303707122802734
2011-12-20,18.147247314453125
2011-12-21,17.89436912536621
2011-12-22,18.18337631225586
2011-12-23,18.237567901611328
2011-12-27,18.18337631225586
2011-12-28,17.671592712402344
2011-12-29,18.15929412841797
2011-12-30,18.225526809692383
2012-01-03,18.622907638549805
2012-01-04,18.207462310791016
2012-01-05,17.551172256469727
2012-01-06,17.2320556640625
2012-01-09,17.33441925048828
2012-01-10,17.779970169067383
2012-01-11,17.689655303955078
2012-01-12,17.88834571838379
2012-01-13,17.629444122314453
2012-01-17,17.864261627197266
2012-01-18,18.00876808166504
2012-01-19,18.44829559326172
2012-01-20,18.50248908996582
2012-01-23,18.592803955078125
2012-01-24,18.616884231567383
2012-01-25,18.797513961791992
2012-01-26,18.857725143432617
2012-01-27,19.008249282836914
2012-01-30,18.574739456176758
2012-01-31,18.628931045532227
2012-02-01,19.026315689086914
2012-02-02,19.212961196899414
2012-02-03,19.46584701538086
2012-02-06,19.261131286621094
2012-02-07,19.47186279296875
2012-02-08,19.676578521728516
2012-02-09,19.79098129272461
2012-02-10,19.273170471191406
2012-02-13,19.381547927856445
2012-02-14,19.116628646850586
2012-02-15,18.869770050048828
2012-02-16,18.87578582763672
2012-02-17,19.026315689086914
2012-02-21,19.140710830688477
2012-02-22,18.935993194580078
2012-02-23,18.942020416259766
2012-02-24,19.032333374023438
2012-02-27,19.002229690551758
2012-02-28,19.068456649780273
2012-02-29,18.7734317779541
2012-03-01,18.960084915161133
2012-03-02,18.761384963989258
2012-03-05,18.604841232299805
2012-03-06,17.695676803588867
2012-03-07,17.80405616760254
2012-03-08,18.303794860839844
2012-03-09,18.026832580566406
2012-03-12,17.87630271911621
2012-03-13,18.351961135864258
2012-03-14,18.219501495361328
2012-03-15,18.388093948364258
2012-03-16,18.52657699584961
2012-03-19,18.887826919555664
2012-03-20,18.82159996032715
2012-03-21,18.50248908996582
2012-03-22,18.21347999572754
2012-03-23,18.15929412841797
2012-03-26,18.207462310791016
2012-03-27,17.87630271911621
2012-03-28,17.460859298706055
2012-03-29,17.4367733001709
2012-03-30,17.64148712158203
2012-04-02,17.737821578979492
2012-04-03,17.087554931640625
2012-04-04,16.635974884033203
2012-04-05,16.431264877319336
2012-04-09,16.25063705444336
2012-04-10,15.847233772277832
2012-04-11,16.34095573425293
2012-04-12,16.352994918823242
2012-04-13,15.73885726928711
2012-04-16,15.714771270751953
2012-04-17,16.100116729736328
2012-04-18,15.552206039428711
2012-04-19,15.178903579711914
2012-04-20,15.498015403747559
2012-04-23,15.18492603302002
2012-04-24,15.467909812927246
2012-04-25,15.811108589172363
2012-04-26,15.73885726928711
2012-04-27,15.919489860534668
2012-04-30,15.678647994995117
2012-05-01,15.750896453857422
2012-05-02,15.160841941833496
2012-05-03,15.06450080871582
2012-05-04,15.112674713134766
2012-05-07,15.528121948242188
2012-05-08,15.43178653717041
2012-05-09,14.799581527709961
2012-05-10,15.23911190032959
2012-05-11,14.998272895812988
2012-05-14,14.582825660705566
2012-05-15,14.161355972290039
2012-05-16,13.944602012634277
2012-05-17,13.788052558898926
2012-05-18,14.113189697265625
2012-05-21,14.287798881530762
2012-05-22,14.209526062011719
2012-05-23,13.968685150146484
2012-05-24,13.80611801147461
2012-05-25,13.782033920288086
2012-05-29,13.246170043945312
2012-05-30,12.794595718383789
2012-05-31,12.860825538635254
2012-06-01,12.782552719116211
2012-06-04,13.342503547668457
2012-06-05,13.348526954650879
2012-06-06,13.890413284301758
2012-06-07,13.763976097106934
2012-06-08,14.113189697265625
2012-06-11,13.788052558898926
2012-06-12,14.016852378845215
2012-06-13,14.119209289550781
2012-06-14,14.360048294067383
2012-06-15,14.408219337463379
2012-06-18,13.890413284301758
2012-06-19,14.34800910949707
2012-06-20,14.612933158874512
2012-06-21,14.219657897949219
2012-06-22,14.83279037475586
2012-06-25,14.095795631408691
2012-06-26,13.934768676757812
2012-06-27,14.157732963562012
2012-06-28,14.318753242492676
2012-06-29,15.35921573638916
2012-07-02,15.377792358398438
2012-07-03,15.50166130065918
2012-07-05,14.752278327941895
2012-07-06,14.250626564025879
2012-07-09,14.157732963562012
2012-07-10,14.002899169921875
2012-07-11,14.28159236907959
2012-07-12,13.95954704284668
2012-07-13,14.095795631408691
2012-07-16,13.866645812988281
2012-07-17,13.984318733215332
2012-07-18,13.97812557220459
2012-07-19,14.021477699279785
2012-07-20,13.073912620544434
2012-07-23,12.888113975524902
2012-07-24,12.36169147491455
2012-07-25,12.479364395141602
2012-07-26,13.371190071105957
2012-07-27,14.18869400024414
2012-07-30,14.3125581741333
2012-07-31,14.18869400024414
2012-08-01,14.170113563537598
2012-08-02,13.371190071105957
2012-08-03,14.362107276916504
2012-08-06,14.944269180297852
2012-08-07,15.309667587280273
2012-08-08,15.185807228088379
2012-08-09,15.000006675720215
2012-08-10,14.962846755981445
2012-08-13,14.981429100036621
2012-08-14,15.049553871154785
2012-08-15,15.099100112915039
2012-08-16,15.898025512695312
2012-08-17,16.120986938476562
2012-08-20,16.01569938659668
2012-08-21,16.120986938476562
2012-08-22,16.009504318237305
2012-08-23,15.767962455749512
2012-08-24,15.873255729675293
2012-08-27,15.966155052185059
2012-08-28,15.997118949890137
2012-08-29,15.92280101776123
2012-08-30,15.582173347473145
2012-08-31,16.1705265045166
2012-09-04,16.39348793029785
2012-09-05,16.29439353942871
2012-09-06,17.235763549804688
2012-09-07,17.570201873779297
2012-09-10,17.316272735595703
2012-09-11,17.687868118286133
2012-09-12,17.92940902709961
2012-09-13,18.29480743408203
2012-09-14,18.536344528198242
2012-09-17,18.511568069458008
2012-09-18,18.2019100189209
2012-09-19,18.276226043701172
2012-09-20,18.00372886657715
2012-09-21,18.40009117126465
2012-09-24,18.251453399658203
2012-09-25,17.96037483215332
2012-09-26,17.4091739654541
2012-09-27,17.681676864624023
2012-09-28,17.14906120300293
2012-10-01,17.18621826171875
2012-10-02,17.557811737060547
2012-10-03,17.440139770507812
2012-10-04,17.669288635253906
2012-10-05,17.842700958251953
2012-10-08,17.743608474731445
2012-10-09,17.16144561767578
2012-10-10,17.0128116607666
2012-10-11,17.173830032348633
2012-10-12,17.111894607543945
2012-10-15,17.303890228271484
2012-10-16,18.009920120239258
2012-10-17,18.57969856262207
2012-10-18,18.319580078125
2012-10-19,17.78696060180664
2012-10-22,17.941797256469727
2012-10-23,17.5268497467041
2012-10-24,17.45252799987793
2012-10-25,17.47110366821289
2012-10-26,17.43394660949707
2012-10-31,17.570201873779297
2012-11-01,17.75599479675293
2012-11-02,17.545427322387695
2012-11-05,17.316272735595703
2012-11-06,17.47110366821289
2012-11-07,17.087125778198242
2012-11-08,16.740306854248047
2012-11-09,16.740306854248047
2012-11-12,16.709341049194336
2012-11-13,16.740306854248047
2012-11-14,16.67837142944336
2012-11-15,16.888946533203125
2012-11-16,16.81463050842285
2012-11-19,17.173830032348633
2012-11-20,17.217180252075195
2012-11-21,17.235763549804688
2012-11-23,17.706449508666992
2012-11-26,17.725027084350586
2012-11-27,17.47730255126953
2012-11-28,17.69406509399414
2012-11-29,17.898439407348633
2012-11-30,17.910825729370117
2012-12-03,17.817928314208984
2012-12-04,17.985143661499023
2012-12-05,17.97895622253418
2012-12-06,18.016115188598633
2012-12-07,17.743608474731445
2012-12-10,17.63213539123535
2012-12-11,17.93560028076172
2012-12-12,18.14617156982422
2012-12-13,18.2019100189209
2012-12-14,18.307191848754883
2012-12-17,18.455829620361328
2012-12-18,18.822765350341797
2012-12-19,18.937036514282227
2012-12-20,19.108442306518555
2012-12-21,19.127485275268555
2012-12-24,18.937036514282227
2012-12-26,18.994173049926758
2012-12-27,19.146528244018555
2012-12-28,18.63866424560547
2012-12-31,19.21001434326172
2013-01-02,19.349674224853516
2013-01-03,19.146528244018555
2013-01-04,19.41315460205078
2013-01-07,19.38141441345215
2013-01-08,19.406808853149414
2013-01-09,19.794057846069336
2013-01-10,20.257482528686523
2013-01-11,20.447933197021484
2013-01-14,20.45428466796875
2013-01-15,20.390798568725586
2013-01-16,20.187650680541992
2013-01-17,20.473329544067383
2013-01-18,20.39714813232422
2013-01-22,20.46697998046875
2013-01-23,20.352706909179688
2013-01-24,20.498722076416016
2013-01-25,20.905014038085938
2013-01-28,20.765348434448242
2013-01-29,20.727262496948242
2013-01-30,20.619335174560547
2013-01-31,19.92737579345703
2013-02-01,19.889286041259766
2013-02-04,18.810070037841797
2013-02-05,19.305238723754883
2013-02-06,19.32428550720215
2013-02-07,18.962430953979492
2013-02-08,19.37506866455078
2013-02-11,19.108442306518555
2013-02-12,19.584564208984375
2013-02-13,19.76231575012207
2013-02-14,19.48933982849121
2013-02-15,19.22905731201172
2013-02-19,19.540124893188477
2013-02-20,19.146528244018555
2013-02-21,18.77198028564453
2013-02-22,19.336977005004883
2013-02-25,18.270462036132812
2013-02-26,18.632314682006836
2013-02-27,19.114788055419922
2013-02-28,18.98147201538086
2013-03-01,18.968778610229492
2013-03-04,19.18462562561035
2013-03-05,19.356021881103516
2013-03-06,19.298891067504883
2013-03-07,19.50203514099121
2013-03-08,19.77501106262207
2013-03-11,19.730575561523438
2013-03-12,19.578216552734375
2013-03-13,19.552820205688477
2013-03-14,19.901979446411133
2013-03-15,19.851194381713867
2013-03-18,19.292543411254883
2013-03-19,18.975126266479492
2013-03-20,19.203662872314453
2013-03-21,18.968778610229492
2013-03-22,19.18462562561035
2013-03-25,18.289505004882812
2013-03-26,18.092708587646484
2013-03-27,17.85147476196289
2013-03-28,17.965744018554688
2013-04-01,17.724504470825195
2013-04-02,17.997482299804688
2013-04-03,17.845125198364258
2013-04-04,17.965744018554688
2013-04-05,17.953044891357422
2013-04-08,17.940345764160156
2013-04-09,18.276811599731445
2013-04-10,18.829113006591797
2013-04-11,18.86085319519043
2013-04-12,18.92433738708496
2013-04-15,18.403778076171875
2013-04-16,18.752933502197266
2013-04-17,18.238718032836914
2013-04-18,18.245065689086914
2013-04-19,18.46091079711914
2013-04-22,18.854509353637695
2013-04-23,19.38141441345215
2013-04-24,19.540124893188477
2013-04-25,19.38141441345215
2013-04-26,19.41315460205078
2013-04-29,19.882936477661133
2013-04-30,19.800405502319336
2013-05-01,19.635351181030273
2013-05-02,19.730575561523438
2013-05-03,20.009902954101562
2013-05-06,19.914676666259766
2013-05-07,19.978158950805664
2013-05-08,20.34001350402832
2013-05-09,20.00355339050293
2013-05-10,19.93372344970703
2013-05-13,19.641698837280273
2013-05-14,19.60995864868164
2013-05-15,19.800405502319336
2013-05-16,19.584564208984375
2013-05-17,19.781360626220703
2013-05-20,19.64805030822754
2013-05-21,19.51473045349121
2013-05-22,19.197315216064453
2013-05-23,19.336977005004883
2013-05-24,19.22905731201172
2013-05-28,19.48933982849121
2013-05-29,19.62900161743164
2013-05-30,19.705183029174805
2013-05-31,19.178268432617188
2013-06-03,19.470294952392578
2013-06-04,19.36871910095215
2013-06-05,19.22905731201172
2013-06-06,19.425859451293945
2013-06-07,19.406808853149414
2013-06-10,19.286195755004883
2013-06-11,19.000524520874023
2013-06-12,19.051301956176758
2013-06-13,19.26714515686035
2013-06-14,19.070350646972656
2013-06-17,19.26714515686035
2013-06-18,19.463943481445312
2013-06-19,18.92433738708496
2013-06-20,18.314903259277344
2013-06-21,18.06731605529785
2013-06-24,17.68641471862793
2013-06-25,17.749897003173828
2013-06-26,18.07366371154785
2013-06-27,18.103404998779297
2013-06-28,17.902973175048828
2013-07-01,18.25211524963379
2013-07-02,18.09047508239746
2013-07-03,18.038747787475586
2013-07-05,18.180994033813477
2013-07-08,18.400819778442383
2013-07-09,18.381423950195312
2013-07-10,18.420215606689453
2013-07-11,18.88572883605957
2013-07-12,18.316762924194336
2013-07-15,18.420215606689453
2013-07-16,18.452539443969727
2013-07-17,18.400819778442383
2013-07-18,18.730562210083008
2013-07-19,18.749956130981445
2013-07-22,18.918058395385742
2013-07-23,19.2348690032959
2013-07-24,19.49349021911621
2013-07-25,19.97840118408203
2013-07-26,20.133573532104492
2013-07-29,20.030126571655273
2013-07-30,20.12064552307129
2013-07-31,20.224090576171875
2013-08-01,20.47624397277832
2013-08-02,20.62495231628418
2013-08-05,20.51503562927246
2013-08-06,20.47624397277832
2013-08-07,20.70253562927246
2013-08-08,21.109865188598633
2013-08-09,21.18098258972168
2013-08-12,20.99994659423828
2013-08-13,21.109865188598633
2013-08-14,21.129255294799805
2013-08-15,21.103395462036133
2013-08-16,21.336153030395508
2013-08-19,20.786588668823242
2013-08-20,20.644344329833984
2013-08-21,20.47624397277832
2013-08-22,20.9158992767334
2013-08-23,21.09693145751953
2013-08-26,20.81891441345215
2013-08-27,20.081846237182617
2013-08-28,20.081846237182617
2013-08-29,20.030126571655273
2013-08-30,19.70684814453125
2013-09-03,20.049518585205078
2013-09-04,20.217626571655273
2013-09-05,20.224090576171875
2013-09-06,20.48270606994629
2013-09-09,20.67667579650879
2013-09-10,20.99994659423828
2013-09-11,21.38141632080078
2013-09-12,21.420207977294922
2013-09-13,21.452533721923828
2013-09-16,21.594776153564453
2013-09-17,21.65943145751953
2013-09-18,22.499942779541016
2013-09-19,22.305986404418945
2013-09-20,22.215465545654297
2013-09-23,22.157276153564453
2013-09-24,22.215465545654297
2013-09-25,22.467620849609375
2013-09-26,22.564605712890625
2013-09-27,22.47408103942871
2013-09-30,22.467620849609375
2013-10-01,22.82969093322754
2013-10-02,23.010717391967773
2013-10-03,22.86201286315918
2013-10-04,23.22408676147461
2013-10-07,23.043048858642578
2013-10-08,22.82969093322754
2013-10-09,23.185287475585938
2013-10-10,23.799510955810547
2013-10-11,23.793046951293945
2013-10-14,23.948219299316406
2013-10-15,23.954681396484375
2013-10-16,24.387874603271484
2013-10-17,24.769338607788086
2013-10-18,24.93744468688965
2013-10-21,24.98916244506836
2013-10-22,25.099077224731445
2013-10-23,24.588302612304688
2013-10-24,24.80813217163086
2013-10-25,24.594770431518555
2013-10-28,24.368473052978516
2013-10-29,24.581838607788086
2013-10-30,24.265029907226562
2013-10-31,24.381404876708984
2013-11-01,24.21976661682129
2013-11-04,24.342613220214844
2013-11-05,23.941753387451172
2013-11-06,24.21331024169922
2013-11-07,23.5473575592041
2013-11-08,23.81244659423828
2013-11-11,23.99994468688965
2013-11-12,23.844764709472656
2013-11-13,23.97408103942871
2013-11-14,23.838302612304688
2013-11-15,23.838302612304688
2013-11-18,23.915895462036133
2013-11-19,23.689599990844727
2013-11-20,23.191755294799805
2013-11-21,23.599079132080078
2013-11-22,23.948219299316406
2013-11-25,23.818910598754883
2013-11-26,24.025800704956055
2013-11-27,24.290891647338867
2013-11-29,24.342613220214844
2013-12-02,24.025800704956055
2013-12-03,23.818910598754883
2013-12-04,23.7154598236084
2013-12-05,23.385717391967773
2013-12-06,23.573219299316406
2013-12-09,23.773649215698242
2013-12-10,23.793046951293945
2013-12-11,23.540889739990234
2013-12-12,23.301664352416992
2013-12-13,23.36631965637207
2013-12-16,23.780113220214844
2013-12-17,23.612010955810547
2013-12-18,24.123788833618164
2013-12-19,24.261756896972656
2013-12-20,24.307741165161133
2013-12-23,24.609943389892578
2013-12-24,24.8530216217041
2013-12-26,25.1026611328125
2013-12-27,25.128944396972656
2013-12-30,25.266910552978516
2013-12-31,25.339170455932617
2014-01-02,24.623077392578125
2014-01-03,24.53110694885254
2014-01-06,24.87929916381836
2014-01-07,25.60195541381836
2014-01-08,25.864744186401367
2014-01-09,25.884450912475586
2014-01-10,26.226078033447266
2014-01-13,26.094690322875977
2014-01-14,26.442886352539062
2014-01-15,26.84362030029297
2014-01-16,26.593982696533203
2014-01-17,26.298341751098633
2014-01-21,26.219507217407227
2014-01-22,25.969863891601562
2014-01-23,26.120960235595703
2014-01-24,24.98441505432129
2014-01-27,24.78075408935547
2014-01-28,25.286619186401367
2014-01-29,25.00412368774414
2014-01-30,25.339170455932617
2014-01-31,24.88587188720703
2014-02-03,24.235471725463867
2014-02-04,24.649364471435547
2014-02-05,24.71506118774414
2014-02-06,25.37201499938965
2014-02-07,25.85160255432129
2014-02-10,25.516551971435547
2014-02-11,25.877883911132812
2014-02-12,25.713642120361328
2014-02-13,25.923877716064453
2014-02-14,26.002710342407227
2014-02-18,25.910736083984375
2014-02-19,25.693937301635742
2014-02-20,25.877883911132812
2014-02-21,25.831897735595703
2014-02-24,26.166955947875977
2014-02-25,26.344327926635742
2014-02-26,26.180091857910156
2014-02-27,26.245784759521484
2014-02-28,26.074975967407227
2014-03-03,25.516551971435547
2014-03-04,26.160381317138672
2014-03-05,26.383758544921875
2014-03-06,26.876480102539062
2014-03-07,26.60054588317871
2014-03-10,26.653104782104492
2014-03-11,26.416597366333008
2014-03-12,26.390323638916016
2014-03-13,25.713642120361328
2014-03-14,25.608530044555664
2014-03-17,26.0487003326416
2014-03-18,26.344327926635742
2014-03-19,25.87131690979004
2014-03-20,26.035560607910156
2014-03-21,25.70050048828125
2014-03-24,25.81876564025879
2014-03-25,25.950151443481445
2014-03-26,26.094690322875977
2014-03-27,26.226078033447266
2014-03-28,26.567705154418945
2014-03-31,26.80420684814453
2014-04-01,27.224672317504883
2014-04-02,27.13926124572754
2014-04-03,27.421754837036133
2014-04-04,27.270654678344727
2014-04-07,27.388906478881836
2014-04-08,27.23123550415039
2014-04-09,27.520307540893555
2014-04-10,26.784503936767578
2014-04-11,26.54798698425293
2014-04-14,26.646533966064453
2014-04-15,26.672815322875977
2014-04-16,27.06699562072754
2014-04-17,27.060422897338867
2014-04-21,27.106414794921875
2014-04-22,27.356061935424805
2014-04-23,27.40204620361328
2014-04-24,27.382335662841797
2014-04-25,27.14583396911621
2014-04-28,27.1326904296875
2014-04-29,27.395475387573242
2014-04-30,27.57285499572754
2014-05-01,27.63199234008789
2014-05-02,27.566287994384766
2014-05-05,27.579431533813477
2014-05-06,27.677968978881836
2014-05-07,27.645126342773438
2014-05-08,27.789653778076172
2014-05-09,27.51373291015625
2014-05-12,27.717395782470703
2014-05-13,27.63199234008789
2014-05-14,27.70425033569336
2014-05-15,27.106414794921875
2014-05-16,27.40204620361328
2014-05-19,27.25094985961914
2014-05-20,27.191816329956055
2014-05-21,27.45460319519043
2014-05-22,27.369199752807617
2014-05-23,27.434890747070312
2014-05-27,27.842220306396484
2014-05-28,27.861919403076172
2014-05-29,27.881635665893555
2014-05-30,28.118141174316406
2014-06-02,28.078718185424805
2014-06-03,27.940763473510742
2014-06-04,27.921045303344727
2014-06-05,28.472902297973633
2014-06-06,28.959054946899414
2014-06-09,29.129865646362305
2014-06-10,28.899930953979492
2014-06-11,28.5123233795166
2014-06-12,28.551729202270508
2014-06-13,28.584592819213867
2014-06-16,28.51889419555664
2014-06-17,28.525461196899414
2014-06-18,29.03790283203125
2014-06-19,29.044462203979492
2014-06-20,28.906505584716797
2014-06-23,28.899930953979492
2014-06-24,28.630577087402344
2014-06-25,28.558666229248047
2014-06-26,28.611927032470703
2014-06-27,28.498729705810547
2014-06-30,28.51204490661621
2014-07-01,28.678524017333984
2014-07-02,28.6984920501709
2014-07-03,28.831663131713867
2014-07-07,28.338926315307617
2014-07-08,27.799583435058594
2014-07-09,28.059267044067383
2014-07-10,27.519926071166992
2014-07-11,27.48663330078125
2014-07-14,27.57319450378418
2014-07-15,27.366775512695312
2014-07-16,27.613140106201172
2014-07-17,27.06048011779785
2014-07-18,27.300188064575195
2014-07-21,27.20030975341797
2014-07-22,27.38674545288086
2014-07-23,27.440019607543945
2014-07-24,27.97270393371582
2014-07-25,28.085906982421875
2014-07-28,28.012664794921875
2014-07-29,27.872825622558594
2014-07-30,28.145830154418945
2014-07-31,27.24026107788086
2014-08-01,26.947288513183594
2014-08-04,27.087120056152344
2014-08-05,26.2148380279541
2014-08-06,26.121618270874023
2014-08-07,25.5689640045166
2014-08-08,26.194869995117188
2014-08-11,26.041717529296875
2014-08-12,26.228158950805664
2014-08-13,26.367984771728516
2014-08-14,26.394620895385742
2014-08-15,26.37464714050293
2014-08-18,26.561086654663086
2014-08-19,26.54776954650879
2014-08-20,26.534448623657227
2014-08-21,26.79413604736328
2014-08-22,26.574399948120117
2014-08-25,26.92731285095215
2014-08-26,27.18700408935547
2014-08-27,27.28687858581543
2014-08-28,27.00721549987793
2014-08-29,26.980575561523438
2014-09-02,27.00054931640625
2014-09-03,27.300188064575195
2014-09-04,27.42669677734375
2014-09-05,27.726341247558594
2014-09-08,27.2735595703125
2014-09-09,27.020530700683594
2014-09-10,27.033845901489258
2014-09-11,26.84740447998047
2014-09-12,26.827434539794922
2014-09-15,26.69426155090332
2014-09-16,26.76084327697754
2014-09-17,26.854063034057617
2014-09-18,27.027191162109375
2014-09-19,26.887359619140625
2014-09-22,26.754182815551758
2014-09-23,26.40127944946289
2014-09-24,26.43457794189453
2014-09-25,26.108304977416992
2014-09-26,26.328039169311523
2014-09-29,25.85527801513672
2014-09-30,25.90188980102539
2014-10-01,25.72210693359375
2014-10-02,25.249347686767578
2014-10-03,25.222719192504883
2014-10-06,25.595592498779297
2014-10-07,24.869802474975586
2014-10-08,25.482397079467773
2014-10-09,24.53687858581543
2014-10-10,24.3038272857666
2014-10-13,24.370410919189453
2014-10-14,24.48360824584961
2014-10-15,24.08408546447754
2014-10-16,23.45819091796875
2014-10-17,24.030826568603516
2014-10-20,24.450321197509766
2014-10-21,24.849836349487305
2014-10-22,24.516904830932617
2014-10-23,24.923070907592773
2014-10-24,25.196075439453125
2014-10-27,24.843177795410156
2014-10-28,25.482397079467773
2014-10-29,24.729978561401367
2014-10-30,24.82986068725586
2014-10-31,25.182758331298828
2014-11-03,24.823200225830078
2014-11-04,24.543537139892578
2014-11-05,24.563512802124023
2014-11-06,24.397045135498047
2014-11-07,24.163997650146484
2014-11-10,24.42368507385254
2014-11-11,24.63675880432129
2014-11-12,24.21726417541504
2014-11-13,24.25055694580078
2014-11-14,24.350440979003906
2014-11-17,24.650066375732422
2014-11-18,25.136150360107422
2014-11-19,24.94304656982422
2014-11-20,24.53687858581543
2014-11-21,25.016294479370117
2014-11-24,25.502370834350586
2014-11-25,25.702125549316406
2014-11-26,25.655521392822266
2014-11-28,25.70879364013672
2014-12-01,25.542325973510742
2014-12-02,25.675495147705078
2014-12-03,25.828643798828125
2014-12-04,25.455759048461914
2014-12-05,25.7287654876709
2014-12-08,25.469078063964844
2014-12-09,25.08287811279297
2014-12-10,24.650066375732422
2014-12-11,24.623443603515625
2014-12-12,24.064115524291992
2014-12-15,23.651288986206055
2014-12-16,23.877676010131836
2014-12-17,24.18018913269043
2014-12-18,24.694658279418945
2014-12-19,24.420272827148438
2014-12-22,24.578044891357422
2014-12-23,24.6329288482666
2014-12-24,24.78383445739746
2014-12-26,24.78383445739746
2014-12-29,24.35167694091797
2014-12-30,24.063573837280273
2014-12-31,23.754892349243164
2015-01-02,23.994979858398438
2015-01-05,22.99347496032715
2015-01-06,22.609333038330078
2015-01-07,22.815122604370117
2015-01-08,22.5132999420166
2015-01-09,22.17717933654785
2015-01-12,22.129159927368164
2015-01-13,22.225194931030273
2015-01-14,22.37610626220703
2015-01-15,22.232053756713867
2015-01-16,22.458423614501953
2015-01-20,22.904298782348633
2015-01-21,23.082651138305664
2015-01-22,23.164962768554688
2015-01-23,22.664213180541992
2015-01-26,23.137523651123047
2015-01-27,23.17182159423828
2015-01-28,22.259490966796875
2015-01-29,23.000333786010742
2015-01-30,22.382963180541992
2015-02-02,22.561315536499023
2015-02-03,23.425630569458008
2015-02-04,22.780824661254883
2015-02-05,23.178686141967773
2015-02-06,22.767105102539062
2015-02-09,22.45155906677246
2015-02-10,22.856279373168945
2015-02-11,22.533878326416016
2015-02-12,23.315876007080078
2015-02-13,23.603975296020508
2015-02-17,23.67943572998047
2015-02-18,23.720596313476562
2015-02-19,23.71373176574707
2015-02-20,24.152751922607422
2015-02-23,23.885223388671875
2015-02-24,24.097875595092773
2015-02-25,24.01555633544922
2015-02-26,23.90580177307129
2015-02-27,23.98811912536621
2015-03-02,24.056716918945312
2015-03-03,23.761751174926758
2015-03-04,23.555959701538086
2015-03-05,23.562824249267578
2015-03-06,22.99347496032715
2015-03-09,23.096370697021484
2015-03-10,22.396682739257812
2015-03-11,22.32122802734375
2015-03-12,22.520160675048828
2015-03-13,22.307510375976562
2015-03-16,22.540735244750977
2015-03-17,22.533878326416016
2015-03-18,22.890575408935547
2015-03-19,22.561315536499023
2015-03-20,23.610836029052734
2015-03-23,24.022417068481445
2015-03-24,24.20762825012207
2015-03-25,24.091014862060547
2015-03-26,23.946958541870117
2015-03-27,24.00183868408203
2015-03-30,24.029279708862305
2015-03-31,23.8577823638916
2015-04-01,24.16646957397461
2015-04-02,24.578044891357422
2015-04-06,24.83871078491211
2015-04-07,24.488872528076172
2015-04-08,24.358535766601562
2015-04-09,24.20762825012207
2015-04-10,24.084152221679688
2015-04-13,24.132173538208008
2015-04-14,24.22820472717285
2015-04-15,24.269365310668945
2015-04-16,24.18018913269043
2015-04-17,23.748035430908203
2015-04-20,23.610836029052734
2015-04-21,23.748035430908203
2015-04-22,23.761751174926758
2015-04-23,23.994979858398438
2015-04-24,24.20762825012207
2015-04-27,24.433996200561523
2015-04-28,24.680940628051758
2015-04-29,24.502592086791992
2015-04-30,24.63978385925293
2015-05-01,24.87986946105957
2015-05-04,24.735820770263672
2015-05-05,24.132173538208008
2015-05-06,24.42713165283203
2015-05-07,24.358535766601562
2015-05-08,24.914165496826172
2015-05-11,24.722097396850586
2015-05-12,24.701520919799805
2015-05-13,24.962190628051758
2015-05-14,25.332612991333008
2015-05-15,25.284589767456055
2015-05-18,24.989620208740234
2015-05-19,24.831851959228516
2015-05-20,24.90044593811035
2015-05-21,25.003341674804688
2015-05-22,24.694658279418945
2015-05-26,23.720596313476562
2015-05-27,24.0704345703125
2015-05-28,24.145891189575195
2015-05-29,23.885223388671875
2015-06-01,23.816627502441406
2015-06-02,24.283084869384766
2015-06-03,24.475156784057617
2015-06-04,24.01555633544922
2015-06-05,23.80976676940918
2015-06-08,23.796049118041992
2015-06-09,23.734312057495117
2015-06-10,24.317378997802734
2015-06-11,24.406558990478516
2015-06-12,24.118453979492188
2015-06-15,23.802907943725586
2015-06-16,23.734312057495117
2015-06-17,23.67257308959961
2015-06-18,24.132173538208008
2015-06-19,24.111591339111328
2015-06-22,24.962190628051758
2015-06-23,24.756399154663086
2015-06-24,24.44771385192871
2015-06-25,24.465839385986328
2015-06-26,24.62615394592285
2015-06-29,23.3505859375
2015-06-30,23.38543701171875
2015-07-01,23.371498107910156
2015-07-02,23.371498107910156
2015-07-06,22.55596923828125
2015-07-07,22.75113868713379
2015-07-08,22.353832244873047
2015-07-09,22.84174919128418
2015-07-10,24.07550048828125
2015-07-13,24.005794525146484
2015-07-14,24.096410751342773
2015-07-15,24.061559677124023
2015-07-16,24.375221252441406
2015-07-17,24.263702392578125
2015-07-20,24.382192611694336
2015-07-21,24.35430908203125
2015-07-22,24.41007423400879
2015-07-23,24.326433181762695
2015-07-24,23.963973999023438
2015-07-27,23.963973999023438
2015-07-28,24.22884750366211
2015-07-29,24.138235092163086
2015-07-30,23.80365753173828
2015-07-31,23.880327224731445
2015-08-03,23.950037002563477
2015-08-04,23.64333724975586
2015-08-05,23.824567794799805
2015-08-06,23.866390228271484
2015-08-07,23.866390228271484
2015-08-10,24.242786407470703
2015-08-11,24.01973533630371
2015-08-12,23.991859436035156
2015-08-13,23.754865646362305
2015-08-14,23.678192138671875
2015-08-17,23.5596923828125
2015-08-18,23.336641311645508
2015-08-19,23.357553482055664
2015-08-20,22.8626651763916
2015-08-21,22.521120071411133
2015-08-24,21.84499740600586
2015-08-25,21.886817932128906
2015-08-26,22.374738693237305
2015-08-27,22.55596923828125
2015-08-28,22.479293823242188
2015-08-31,22.32594871520996
2015-09-01,21.684677124023438
2015-09-02,21.796205520629883
2015-09-03,21.48253631591797
2015-09-04,21.12704849243164
2015-09-08,21.517391204833984
2015-09-09,21.44768524169922
2015-09-10,21.649826049804688
2015-09-11,21.531328201293945
2015-09-14,21.308279037475586
2015-09-15,21.489511489868164
2015-09-16,21.803173065185547
2015-09-17,22.249277114868164
2015-09-18,21.573156356811523
2015-09-21,21.336162567138672
2015-09-22,20.722768783569336
2015-09-23,20.471843719482422
2015-09-24,20.402135848999023
2015-09-25,20.381229400634766
2015-09-28,20.27667236328125
2015-09-29,20.49275016784668
2015-09-30,20.673980712890625
2015-10-01,20.848237991333008
2015-10-02,21.182815551757812
2015-10-05,21.782262802124023
2015-10-06,22.040163040161133
2015-10-07,22.402624130249023
2015-10-08,22.56294059753418
2015-10-09,22.77204704284668
2015-10-12,22.61870574951172
2015-10-13,22.291093826293945
2015-10-14,22.416563034057617
2015-10-15,22.514144897460938
2015-10-16,22.65355682373047
2015-10-19,22.47232437133789
2015-10-20,22.32594871520996
2015-10-21,22.346858978271484
2015-10-22,22.48626708984375
2015-10-23,22.45838737487793
2015-10-26,22.451414108276367
2015-10-27,22.116840362548828
2015-10-28,22.165632247924805
2015-10-29,22.026222229003906
2015-10-30,21.921667098999023
2015-11-02,22.19351577758789
2015-11-03,22.200485229492188
2015-11-04,21.998342514038086
2015-11-05,21.87287712097168
2015-11-06,21.817110061645508
2015-11-09,21.545269012451172
2015-11-10,21.440717697143555
2015-11-11,21.433752059936523
2015-11-12,21.036436080932617
2015-11-13,20.945825576782227
2015-11-16,21.12704849243164
2015-11-17,21.134023666381836
2015-11-18,21.3431339263916
2015-11-19,21.53830337524414
2015-11-20,21.231603622436523
2015-11-23,21.092199325561523
2015-11-24,21.196754455566406
2015-11-25,21.043407440185547
2015-11-27,21.154937744140625
2015-11-30,21.22463607788086
2015-12-01,21.496479034423828
2015-12-02,21.14796257019043
2015-12-03,21.217668533325195
2015-12-04,21.53830337524414
2015-12-07,21.189786911010742
2015-12-08,20.7994441986084
2015-12-09,20.90399932861328
2015-12-10,20.778535842895508
2015-12-11,20.457901000976562
2015-12-14,20.360315322875977
2015-12-15,20.604278564453125
2015-12-16,20.9318790435791
2015-12-17,20.708831787109375
2015-12-18,20.409107208251953
2015-12-21,20.01380157470703
2015-12-22,20.169937133789062
2015-12-23,20.62415313720703
2015-12-24,20.659639358520508
2015-12-28,20.489307403564453
2015-12-29,20.538982391357422
2015-12-30,20.42543601989746
2015-12-31,20.063480377197266
2016-01-04,19.793790817260742
2016-01-05,19.623458862304688
2016-01-06,19.254411697387695
2016-01-07,18.97762680053711
2016-01-08,18.80019760131836
2016-01-11,18.864070892333984
2016-01-12,18.998916625976562
2016-01-13,18.615673065185547
2016-01-14,18.82858657836914
2016-01-15,18.1259765625
2016-01-19,18.111780166625977
2016-01-20,17.721439361572266
2016-01-21,17.898862838745117
2016-01-22,18.459535598754883
2016-01-25,17.984033584594727
2016-01-26,18.452444076538086
2016-01-27,18.310497283935547
2016-01-28,18.33888816833496
2016-01-29,18.707935333251953
2016-02-01,18.686643600463867
2016-02-02,17.97693634033203
2016-02-03,18.10468101501465
2016-02-04,18.502120971679688
2016-02-05,18.459535598754883
2016-02-08,17.778217315673828
2016-02-09,17.48013687133789
2016-02-10,17.707246780395508
2016-02-11,17.23883628845215
2016-02-12,17.387876510620117
2016-02-16,17.792407989501953
2016-02-17,18.20404052734375
2016-02-18,17.827898025512695
2016-02-19,17.700149536132812
2016-02-22,17.99822998046875
2016-02-23,17.71434211730957
2016-02-24,17.465946197509766
2016-02-25,17.74982452392578
2016-02-26,17.74982452392578
2016-02-29,17.771120071411133
2016-03-01,18.30340003967285
2016-03-02,18.573091506958008
2016-03-03,18.849872589111328
2016-03-04,18.849872589111328
2016-03-07,18.849872589111328
2016-03-08,18.743423461914062
2016-03-09,18.757617950439453
2016-03-10,19.14795684814453
2016-03-11,19.91444206237793
2016-03-14,19.857666015625
2016-03-15,19.545392990112305
2016-03-16,19.673141479492188
2016-03-17,19.81508445739746
2016-03-18,19.921539306640625
2016-03-21,19.822181701660156
2016-03-22,19.70862579345703
2016-03-23,19.389257431030273
2016-03-24,19.247314453125
2016-03-28,19.318283081054688
2016-03-29,19.53829574584961
2016-03-30,19.59507179260254
2016-03-31,19.289897918701172
2016-04-01,19.176340103149414
2016-04-04,19.04149627685547
2016-04-05,18.622766494750977
2016-04-06,18.793102264404297
2016-04-07,18.30340003967285
2016-04-08,18.743423461914062
2016-04-11,18.87826156616211
2016-04-12,19.084077835083008
2016-04-13,19.545392990112305
2016-04-14,19.552486419677734
2016-04-15,19.58797264099121
2016-04-18,19.744112014770508
2016-04-19,20.063480377197266
2016-04-20,20.304784774780273
2016-04-21,20.36155891418457
2016-04-22,20.42543601989746
2016-04-25,20.304784774780273
2016-04-26,20.680927276611328
2016-04-27,20.815767288208008
2016-04-28,20.5744686126709
2016-04-29,20.4680118560791
2016-05-02,20.517696380615234
2016-05-03,19.921539306640625
2016-05-04,19.60926055908203
2016-05-05,19.474422454833984
2016-05-06,19.666048049926758
2016-05-09,19.45313262939453
2016-05-10,19.694429397583008
2016-05-11,19.42474365234375
2016-05-12,19.481517791748047
2016-05-13,19.254411697387695
2016-05-16,19.52410316467285
2016-05-17,19.3466739654541
2016-05-18,19.42474365234375
2016-05-19,19.289897918701172
2016-05-20,19.438940048217773
2016-05-23,19.33247947692871
2016-05-24,19.71572494506836
2016-05-25,20.141550064086914
2016-05-26,20.05638313293457
2016-05-27,19.964120864868164
2016-05-31,19.82927703857422
2016-06-01,19.70153045654297
2016-06-02,19.81508445739746
2016-06-03,19.737014770507812
2016-06-06,19.772497177124023
2016-06-07,19.87186050415039
2016-06-08,19.87186050415039
2016-06-09,19.58087730407715
2016-06-10,18.778907775878906
2016-06-13,18.41695785522461
2016-06-14,18.069196701049805
2016-06-15,18.196945190429688
2016-06-16,18.360179901123047
2016-06-17,18.729225158691406
2016-06-20,19.126665115356445
2016-06-21,19.289897918701172
2016-06-22,19.25440216064453
2016-06-23,20.015010833740234
2016-06-24,16.7552433013916
2016-06-27,16.74799919128418
2016-06-28,17.262317657470703
2016-06-29,17.71868324279785
2016-06-30,18.09537124633789
2016-07-01,18.102611541748047
2016-07-05,17.544830322265625
2016-07-06,17.53034782409668
2016-07-07,17.41444206237793
2016-07-08,17.8780517578125
2016-07-11,18.04466438293457
2016-07-12,18.544498443603516
2016-07-13,18.551738739013672
2016-07-14,18.71110725402832
2016-07-15,18.616933822631836
2016-07-18,18.58795928955078
2016-07-19,18.472057342529297
2016-07-20,18.616933822631836
2016-07-21,18.645910263061523
2016-07-22,18.66764259338379
2016-07-25,18.580713272094727
2016-07-26,18.58795928955078
2016-07-27,18.899452209472656
2016-07-28,18.69662094116211
2016-07-29,19.022592544555664
2016-08-01,18.71110725402832
2016-08-02,18.392372131347656
2016-08-03,18.290958404541016
2016-08-04,18.42859649658203
2016-08-05,18.645910263061523
2016-08-08,18.71110725402832
2016-08-09,18.892208099365234
2016-08-10,19.095035552978516
2016-08-11,19.16023063659668
2016-08-12,19.19645118713379
2016-08-15,19.247154235839844
2016-08-16,19.1674747467041
2016-08-17,19.066059112548828
2016-08-18,19.10227394104004
2016-08-19,18.88496208190918
2016-08-22,18.957401275634766
2016-08-23,19.066059112548828
2016-08-24,19.10951805114746
2016-08-25,19.066059112548828
2016-08-26,18.986377716064453
2016-08-29,19.02984046936035
2016-08-30,19.073301315307617
2016-08-31,19.19645118713379
2016-09-01,19.435497283935547
2016-09-02,19.66006851196289
2016-09-06,19.768720626831055
2016-09-07,19.906354904174805
2016-09-08,20.203357696533203
2016-09-09,19.85565185546875
2016-09-12,19.906354904174805
2016-09-13,19.37755012512207
2016-09-14,19.305103302001953
2016-09-15,19.41376495361328
2016-09-16,19.03708267211914
2016-09-19,19.116764068603516
2016-09-20,19.095035552978516
2016-09-21,19.50069236755371
2016-09-22,19.703527450561523
2016-09-23,19.4644775390625
2016-09-26,19.261646270751953
2016-09-27,19.247154235839844
2016-09-28,19.435497283935547
2016-09-29,19.10227394104004
2016-09-30,19.428255081176758
2016-10-03,19.341325759887695
2016-10-04,19.261646270751953
2016-10-05,19.471721649169922
2016-10-06,19.37030601501465
2016-10-07,19.10951805114746
2016-10-10,19.131258010864258
2016-10-11,18.979135513305664
2016-10-12,18.964645385742188
2016-10-13,18.85599136352539
2016-10-14,18.964645385742188
2016-10-17,19.000864028930664
2016-10-18,19.28337860107422
2016-10-19,19.41376495361328
2016-10-20,19.594865798950195
2016-10-21,19.60211181640625
2016-10-24,19.841163635253906
2016-10-25,19.703527450561523
2016-10-26,19.68903923034668
2016-10-27,19.833913803100586
2016-10-28,19.87738037109375
2016-10-31,19.884624481201172
2016-11-01,19.775964736938477
2016-11-02,19.551401138305664
2016-11-03,19.55864906311035
2016-11-04,19.334083557128906
2016-11-07,19.616600036621094
2016-11-08,19.66006851196289
2016-11-09,19.41376495361328
2016-11-10,19.10227394104004
2016-11-11,18.725597381591797
2016-11-14,18.472057342529297
2016-11-15,18.653156280517578
2016-11-16,18.385128021240234
2016-11-17,18.464813232421875
2016-11-18,18.160564422607422
2016-11-21,18.276470184326172
2016-11-22,18.363401412963867
2016-11-23,18.160564422607422
2016-11-25,18.240251541137695
2016-11-28,18.073640823364258
2016-11-29,18.240251541137695
2016-11-30,18.233007431030273
2016-12-01,18.290958404541016
2016-12-02,18.240251541137695
2016-12-05,18.566225051879883
2016-12-06,19.12401008605957
2016-12-07,19.384790420532227
2016-12-08,19.435497283935547
2016-12-09,19.442747116088867
2016-12-12,19.493452072143555
2016-12-13,19.790454864501953
2016-12-14,19.384790420532227
2016-12-15,19.478960037231445
2016-12-16,19.60211181640625
2016-12-19,19.4644775390625
2016-12-20,19.609355926513672
2016-12-21,19.639822006225586
2016-12-22,19.528358459472656
2016-12-23,19.63239288330078
2016-12-27,19.63239288330078
2016-12-28,19.387170791625977
2016-12-29,19.54322052001953
2016-12-30,19.699270248413086
2017-01-03,19.951915740966797
2017-01-04,20.011367797851562
2017-01-05,20.271446228027344
2017-01-06,20.234291076660156
2017-01-09,20.1971378326416
2017-01-10,20.107967376708984
2017-01-11,20.063383102416992
2017-01-12,20.20456886291504
2017-01-13,20.32345962524414
2017-01-17,20.264019012451172
2017-01-18,20.13026237487793
2017-01-19,20.115398406982422
2017-01-20,20.182275772094727
2017-01-23,20.159984588623047
2017-01-24,20.32345962524414
2017-01-25,20.71729850769043
2017-01-26,20.494369506835938
2017-01-27,20.524093627929688
2017-01-30,20.3085994720459
2017-01-31,20.420063018798828
2017-02-01,20.32345962524414
2017-02-02,20.501802444458008
2017-02-03,20.63555908203125
2017-02-06,20.234291076660156
2017-02-07,20.145126342773438
2017-02-08,20.085674285888672
2017-02-09,20.293739318847656
2017-02-10,20.12282943725586
2017-02-13,20.212003707885742
2017-02-14,20.286306381225586
2017-02-15,20.449787139892578
2017-02-16,20.54638671875
2017-02-17,20.353187561035156
2017-02-21,20.30116844177246
2017-02-22,20.137693405151367
2017-02-23,20.1971378326416
2017-02-24,20.078243255615234
2017-02-27,20.1971378326416
2017-02-28,20.286306381225586
2017-03-01,20.695005416870117
2017-03-02,20.494369506835938
2017-03-03,20.89564323425293
2017-03-06,20.910499572753906
2017-03-07,20.87335205078125
2017-03-08,20.836196899414062
2017-03-09,21.326635360717773
2017-03-10,21.586715698242188
2017-03-13,21.527265548706055
2017-03-14,21.22260093688965
2017-03-15,21.56441879272461
2017-03-16,22.158889770507812
2017-03-17,22.203474044799805
2017-03-20,22.151456832885742
2017-03-21,22.203474044799805
2017-03-22,22.38181495666504
2017-03-23,22.45612907409668
2017-03-24,22.523000717163086
2017-03-27,22.731069564819336
2017-03-28,22.827667236328125
2017-03-29,22.69391632080078
2017-03-30,22.5527286529541
2017-03-31,22.597314834594727
2017-04-03,22.40411376953125
2017-04-04,22.441267013549805
2017-04-05,22.41153907775879
2017-04-06,22.679048538208008
2017-04-07,22.61960792541504
2017-04-10,22.36695671081543
2017-04-11,22.41153907775879
2017-04-12,22.285213470458984
2017-04-13,22.136594772338867
2017-04-17,22.292646408081055
2017-04-18,22.24806022644043
2017-04-19,22.38924789428711
2017-04-20,22.545297622680664
2017-04-21,22.58245277404785
2017-04-24,23.749095916748047
2017-04-25,23.98688507080078
2017-04-26,23.778823852539062
2017-04-27,23.667362213134766
2017-04-28,23.719377517700195
2017-05-01,23.823408126831055
2017-05-02,24.061195373535156
2017-05-03,24.076059341430664
2017-05-04,24.68539047241211
2017-05-05,25.21298599243164
2017-05-08,24.722545623779297
2017-05-09,24.440168380737305
2017-05-10,24.469894409179688
2017-05-11,24.142934799194336
2017-05-12,24.31385040283203
2017-05-15,24.536771774291992
2017-05-16,24.796850204467773
2017-05-17,24.254398345947266
2017-05-18,24.16522789001465
2017-05-19,24.744842529296875
2017-05-22,24.611080169677734
2017-05-23,24.856304168701172
2017-05-24,24.886028289794922
2017-05-25,24.93804359436035
2017-05-26,24.737407684326172
2017-05-30,24.677959442138672
2017-05-31,24.796850204467773
2017-06-01,24.841442108154297
2017-06-02,25.034643173217773
2017-06-05,24.923179626464844
2017-06-06,24.796850204467773
2017-06-07,24.930606842041016
2017-06-08,25.101520538330078
2017-06-09,24.997488021850586
2017-06-12,24.80428695678711
2017-06-13,24.967763900756836
2017-06-14,24.83400535583496
2017-06-15,24.455032348632812
2017-06-16,24.767131805419922
2017-06-19,24.8488712310791
2017-06-20,24.459585189819336
2017-06-21,24.474590301513672
2017-06-22,24.384580612182617
2017-06-23,24.347074508666992
2017-06-26,24.39208221435547
2017-06-27,24.61709976196289
2017-06-28,25.059640884399414
2017-06-29,24.729610443115234
2017-06-30,24.63210105895996
2017-07-03,24.737106323242188
2017-07-05,24.699607849121094
2017-07-06,24.707103729248047
2017-07-07,24.759611129760742
2017-07-10,24.69210433959961
2017-07-11,24.774616241455078
2017-07-12,24.857118606567383
2017-07-13,25.112140655517578
2017-07-14,25.202150344848633
2017-07-17,25.112140655517578
2017-07-18,25.05213737487793
2017-07-19,25.07464027404785
2017-07-20,25.239654541015625
2017-07-21,25.05213737487793
2017-07-24,25.10464096069336
2017-07-25,25.262157440185547
2017-07-26,25.419668197631836
2017-07-27,25.457170486450195
2017-07-28,25.6071834564209
2017-07-31,25.599679946899414
2017-08-01,25.749696731567383
2017-08-02,25.757192611694336
2017-08-03,25.83970069885254
2017-08-04,25.952213287353516
2017-08-07,26.01222038269043
2017-08-08,25.892210006713867
2017-08-09,25.787199020385742
2017-08-10,25.157146453857422
2017-08-11,24.99213218688965
2017-08-14,25.4046630859375
2017-08-15,25.39716911315918
2017-08-16,25.494678497314453
2017-08-17,24.99213218688965
2017-08-18,25.08213996887207
2017-08-21,25.14964485168457
2017-08-22,25.23215103149414
2017-08-23,25.172147750854492
2017-08-24,25.157146453857422
2017-08-25,25.36716079711914
2017-08-28,25.31465721130371
2017-08-29,25.202150344848633
2017-08-30,25.112140655517578
2017-08-31,25.2846622467041
2017-09-01,25.307159423828125
2017-09-05,24.879623413085938
2017-09-06,24.932125091552734
2017-09-07,25.067134857177734
2017-09-08,25.029632568359375
2017-09-11,25.442167282104492
2017-09-12,25.43467140197754
2017-09-13,25.344667434692383
2017-09-14,25.35215950012207
2017-09-15,25.337160110473633
2017-09-18,25.4046630859375
2017-09-19,25.592182159423828
2017-09-20,25.344667434692383
2017-09-21,25.31465721130371
2017-09-22,25.359664916992188
2017-09-25,24.932125091552734
2017-09-26,24.72210693359375
2017-09-27,25.202150344848633
2017-09-28,25.097139358520508
2017-09-29,25.307159423828125
2017-10-02,24.857118606567383
2017-10-03,24.819616317749023
2017-10-04,24.05455207824707
2017-10-05,24.56459617614746
2017-10-06,24.654603958129883
2017-10-09,24.759611129760742
2017-10-10,25.14964485168457
2017-10-11,25.14214515686035
2017-10-12,25.044633865356445
2017-10-13,24.99213218688965
2017-10-16,24.69210433959961
2017-10-17,24.78211784362793
2017-10-18,24.999637603759766
2017-10-19,24.89461898803711
2017-10-20,24.812118530273438
2017-10-23,24.482088088989258
2017-10-24,24.707103729248047
2017-10-25,24.737106323242188
2017-10-26,24.842117309570312
2017-10-27,24.40707778930664
2017-10-30,25.089643478393555
2017-10-31,25.38216781616211
2017-11-01,25.359664916992188
2017-11-02,25.344667434692383
2017-11-03,24.917125701904297
2017-11-06,24.842117309570312
2017-11-07,24.534591674804688
2017-11-08,24.5945987701416
2017-11-09,24.512094497680664
2017-11-10,24.459585189819336
2017-11-13,24.39208221435547
2017-11-14,24.444580078125
2017-11-15,24.512094497680664
2017-11-16,24.68460464477539
2017-11-17,24.542095184326172
2017-11-20,24.354576110839844
2017-11-21,24.339576721191406
2017-11-22,24.549592971801758
2017-11-24,24.864620208740234
2017-11-27,24.834619522094727
2017-11-28,25.029632568359375
2017-11-29,25.23215103149414
2017-11-30,25.23215103149414
2017-12-01,25.037134170532227
2017-12-04,24.999637603759766
2017-12-05,24.88711929321289
2017-12-06,24.76711082458496
2017-12-07,24.94712257385254
2017-12-08,25.14214515686035
2017-12-11,25.119646072387695
2017-12-12,25.037134170532227
2017-12-13,25.014633178710938
2017-12-14,24.797119140625
2017-12-15,24.759611129760742
2017-12-18,25.067134857177734
2017-12-19,25.18163299560547
2017-12-20,25.1968994140625
2017-12-21,25.28086280822754
2017-12-22,25.12820053100586
2017-12-26,25.13583755493164
2017-12-27,25.08240509033203
2017-12-28,25.051870346069336
2017-12-29,25.013708114624023
2018-01-02,25.288501739501953
2018-01-03,25.326663970947266
2018-01-04,25.922048568725586
2018-01-05,26.097604751586914
2018-01-08,25.9296817779541
2018-01-09,25.937318801879883
2018-01-10,26.036548614501953
2018-01-11,26.372394561767578
2018-01-12,26.692989349365234
2018-01-16,26.876184463500977
2018-01-17,26.838022232055664
2018-01-18,26.76169204711914
2018-01-19,26.883817672729492
2018-01-22,27.27310562133789
2018-01-23,27.296005249023438
2018-01-24,27.43340492248535
2018-01-25,27.54789924621582
2018-01-26,27.662399291992188
2018-01-29,27.334178924560547
2018-01-30,27.051746368408203
2018-01-31,27.18151092529297
2018-02-01,27.311275482177734
2018-02-02,26.532699584960938
2018-02-05,25.464059829711914
2018-02-06,26.06707763671875
2018-02-07,25.56329345703125
2018-02-08,24.822879791259766
2018-02-09,24.9373779296875
2018-02-12,25.326663970947266
2018-02-13,25.13583755493164
2018-02-14,25.494592666625977
2018-02-15,25.58618927001953
2018-02-16,25.601455688476562
2018-02-20,25.509857177734375
2018-02-21,25.158733367919922
2018-02-22,25.44879722595215
2018-02-23,25.5556583404541
2018-02-26,25.769380569458008
2018-02-27,25.372461318969727
2018-02-28,25.074769973754883
2018-03-01,24.83051109313965
2018-03-02,24.861047744750977
2018-03-05,24.90684700012207
2018-03-06,25.036609649658203
2018-03-07,25.074769973754883
2018-03-08,24.960275650024414
2018-03-09,25.090038299560547
2018-03-12,25.174001693725586
2018-03-13,25.074769973754883
2018-03-14,25.120569229125977
2018-03-15,24.9373779296875
2018-03-16,25.090038299560547
2018-03-19,24.967906951904297
2018-03-20,24.845781326293945
2018-03-21,24.792343139648438
2018-03-22,24.204593658447266
2018-03-23,24.08246612548828
2018-03-26,24.708385467529297
2018-03-27,24.349624633789062
2018-03-28,24.64731788635254
2018-03-29,24.81524658203125
2018-04-02,24.525190353393555
2018-04-03,24.624414443969727
2018-04-04,24.654951095581055
2018-04-05,24.90684700012207
2018-04-06,24.822879791259766
2018-04-09,25.090038299560547
2018-04-10,25.319034576416016
2018-04-11,25.26560401916504
2018-04-12,25.27323341369629
2018-04-13,25.36482810974121
2018-04-16,25.5556583404541
2018-04-17,25.61672019958496
2018-04-18,25.784650802612305
2018-04-19,25.769380569458008
2018-04-20,25.662521362304688
2018-04-23,25.654890060424805
2018-04-24,25.357196807861328
2018-04-25,25.372461318969727
2018-04-26,25.33429718017578
2018-04-27,25.44879722595215
2018-04-30,25.38772201538086
2018-05-01,25.219802856445312
2018-05-02,25.40299415588379
2018-05-03,25.464059829711914
2018-05-04,25.53276252746582
2018-05-07,25.486957550048828
2018-05-08,25.464059829711914
2018-05-09,25.62435531616211
2018-05-10,25.83808135986328
2018-05-11,25.906782150268555
2018-05-14,25.860980987548828
2018-05-15,25.578556060791016
2018-05-16,25.24269676208496
2018-05-17,25.34193229675293
2018-05-18,25.05950927734375
2018-05-21,24.975542068481445
2018-05-22,25.143468856811523
2018-05-23,24.761812210083008
2018-05-24,24.708385467529297
2018-05-25,24.08246612548828
2018-05-29,22.761938095092773
2018-05-30,23.387849807739258
2018-05-31,23.288625717163086
2018-06-01,23.56341552734375
2018-06-04,23.792407989501953
2018-06-05,23.60921287536621
2018-06-06,24.135900497436523
2018-06-07,24.128263473510742
2018-06-08,24.06720542907715
2018-06-11,24.43358612060547
2018-06-12,24.349624633789062
2018-06-13,24.349624633789062
2018-06-14,24.135900497436523
2018-06-15,23.929805755615234
2018-06-18,23.69318199157715
2018-06-19,23.77765655517578
2018-06-20,23.746652603149414
2018-06-21,23.521896362304688
2018-06-22,23.7699031829834
2018-06-25,23.560646057128906
2018-06-26,23.53740119934082
2018-06-27,23.219636917114258
2018-06-28,23.335895538330078
2018-06-29,23.521896362304688
2018-07-02,23.436643600463867
2018-07-03,23.607149124145508
2018-07-05,24.358922958374023
2018-07-06,24.52167510986328
2018-07-09,24.661182403564453
2018-07-10,24.55267906188965
2018-07-11,24.025665283203125
2018-07-12,24.141916275024414
2018-07-13,24.010164260864258
2018-07-16,24.09541130065918
2018-07-17,23.99466323852539
2018-07-18,23.94040870666504
2018-07-19,23.90165901184082
2018-07-20,24.056663513183594
2018-07-23,24.118663787841797
2018-07-24,24.11091423034668
2018-07-25,24.250423431396484
2018-07-26,24.04116439819336
2018-07-27,24.24266815185547
2018-07-30,24.428672790527344
2018-07-31,24.46742820739746
2018-08-01,24.24266815185547
2018-08-02,23.986913681030273
2018-08-03,24.002412796020508
2018-08-06,23.86290740966797
2018-08-07,24.056663513183594
2018-08-08,24.04116439819336
2018-08-09,23.824155807495117
2018-08-10,23.103391647338867
2018-08-13,22.93288230895996
2018-08-14,22.93288230895996
2018-08-15,22.506628036499023
2018-08-16,22.622873306274414
2018-08-17,22.77787971496582
2018-08-20,22.870882034301758
2018-08-21,23.312644958496094
2018-08-22,23.4521484375
2018-08-23,23.235139846801758
2018-08-24,23.47539710998535
2018-08-27,23.7699031829834
2018-08-28,23.684656143188477
2018-08-29,23.700157165527344
2018-08-30,23.328144073486328
2018-08-31,23.03363609313965
2018-09-04,23.0723876953125
2018-09-05,23.002635955810547
2018-09-06,22.762380599975586
2018-09-07,22.429115295410156
2018-09-10,22.839879989624023
2018-09-11,22.855382919311523
2018-09-12,22.80888557434082
2018-09-13,23.087886810302734
2018-09-14,23.018136978149414
2018-09-17,23.204139709472656
2018-09-18,23.37464714050293
2018-09-19,23.53740119934082
2018-09-20,24.072160720825195
2018-09-21,23.90165901184082
2018-09-24,23.684656143188477
2018-09-25,23.692401885986328
2018-09-26,23.645902633666992
2018-09-27,23.444398880004883
2018-09-28,22.948383331298828
2018-10-01,22.948383331298828
2018-10-02,22.731372833251953
2018-10-03,22.816631317138672
2018-10-04,22.739126205444336
2018-10-05,22.59962272644043
2018-10-08,22.622873306274414
2018-10-09,22.63837242126465
2018-10-10,22.3438663482666
2018-10-11,22.119112014770508
2018-10-12,21.933107376098633
2018-10-15,22.041610717773438
2018-10-16,22.413616180419922
2018-10-17,22.119112014770508
2018-10-18,21.522342681884766
2018-10-19,21.8866024017334
2018-10-22,21.514596939086914
2018-10-23,21.522342681884766
2018-10-24,20.91782569885254
2018-10-25,21.189088821411133
2018-10-26,21.235584259033203
2018-10-29,21.32084083557129
2018-10-30,21.44484519958496
2018-10-31,21.460346221923828
2018-11-01,21.847854614257812
2018-11-02,21.98736000061035
2018-11-05,21.956356048583984
2018-11-06,22.36711311340332
2018-11-07,22.56087303161621
2018-11-08,22.24311637878418
2018-11-09,22.35161590576172
2018-11-12,21.82460594177246
2018-11-13,22.04935646057129
2018-11-14,22.281864166259766
2018-11-15,22.28961944580078
2018-11-16,22.297367095947266
2018-11-19,22.134605407714844
2018-11-20,21.661849975585938
2018-11-21,21.84010124206543
2018-11-23,21.661849975585938
2018-11-26,22.173364639282227
2018-11-27,22.119112014770508
2018-11-28,22.47562026977539
2018-11-29,22.250864028930664
2018-11-30,22.088111877441406
2018-12-03,22.382614135742188
2018-12-04,21.716100692749023
2018-12-06,21.692848205566406
2018-12-07,21.49134635925293
2018-12-10,21.26658821105957
2018-12-11,21.235584259033203
2018-12-12,21.692848205566406
2018-12-13,21.86334991455078
2018-12-14,21.669593811035156
2018-12-17,21.638595581054688
2018-12-18,21.47275161743164
2018-12-19,21.441164016723633
2018-12-20,21.204246520996094
2018-12-21,20.86466407775879
2018-12-24,20.73830795288086
2018-12-26,21.085786819458008
2018-12-27,21.069992065429688
2018-12-28,21.125276565551758
2018-12-31,21.180551528930664
2019-01-02,21.220043182373047
2019-01-03,21.26742172241211
2019-01-04,21.804439544677734
2019-01-07,22.04925537109375
2019-01-08,22.159818649291992
2019-01-09,22.222993850708008
2019-01-10,22.278278350830078
2019-01-11,22.207204818725586
2019-01-14,22.128232955932617
2019-01-15,22.104537963867188
2019-01-16,22.191410064697266
2019-01-17,22.230894088745117
2019-01-18,22.53099250793457
2019-01-22,22.254587173461914
2019-01-23,22.641555786132812
2019-01-24,22.5783748626709
2019-01-25,22.783706665039062
2019-01-28,22.649452209472656
2019-01-29,22.696834564208984
2019-01-30,22.75211524963379
2019-01-31,22.63365936279297
2019-02-01,22.396739959716797
2019-02-04,22.341459274291992
2019-02-05,22.51519775390625
2019-02-06,22.45201873779297
2019-02-07,22.017667770385742
2019-02-08,21.907106399536133
2019-02-11,21.89130973815918
2019-02-12,22.120332717895508
2019-02-13,21.962385177612305
2019-02-14,21.97028350830078
2019-02-15,22.40463638305664
2019-02-19,22.59417152404785
2019-02-20,22.609966278076172
2019-02-21,22.602067947387695
2019-02-22,22.6573486328125
2019-02-25,22.665250778198242
2019-02-26,22.83108901977539
2019-02-27,22.75211524963379
2019-02-28,22.96534538269043
2019-03-01,22.989036560058594
2019-03-04,22.791601181030273
2019-03-05,22.760013580322266
2019-03-06,22.917959213256836
2019-03-07,22.444120407104492
2019-03-08,22.396739959716797
2019-03-11,22.53099250793457
2019-03-12,22.538888931274414
2019-03-13,22.791601181030273
2019-03-14,22.775808334350586
2019-03-15,23.139080047607422
2019-03-18,23.454978942871094
2019-03-19,23.53394889831543
2019-03-20,23.53394889831543
2019-03-21,23.37600326538086
2019-03-22,22.673145294189453
2019-03-25,22.673145294189453
2019-03-26,22.562580108642578
2019-03-27,22.767911911010742
2019-03-28,22.523096084594727
2019-03-29,22.59417152404785
2019-04-01,22.96534538269043
2019-04-02,22.989036560058594
2019-04-03,23.257545471191406
2019-04-04,23.399694442749023
2019-04-05,23.36810874938965
2019-04-08,23.289134979248047
2019-04-09,23.210159301757812
2019-04-10,23.210159301757812
2019-04-11,23.297033309936523
2019-04-12,23.526050567626953
2019-04-15,23.518156051635742
2019-04-16,23.462875366210938
2019-04-17,23.731380462646484
2019-04-18,23.541847229003906
2019-04-22,23.557641983032227
2019-04-23,23.42338752746582
2019-04-24,23.036420822143555
2019-04-25,23.24175262451172
2019-04-26,23.27333641052246
2019-04-29,23.44707489013672
2019-04-30,23.67609977722168
2019-05-01,23.478670120239258
2019-05-02,23.225954055786133
2019-05-03,23.320724487304688
2019-05-06,23.131189346313477
2019-05-07,22.68893814086914
2019-05-08,22.75211524963379
2019-05-09,22.609966278076172
2019-05-10,22.815296173095703
2019-05-13,22.40463638305664
2019-05-14,22.523096084594727
2019-05-15,22.641555786132812
2019-05-16,22.925859451293945
2019-05-17,22.80739402770996
2019-05-20,22.68893814086914
2019-05-21,22.799501419067383
2019-05-22,22.712631225585938
2019-05-23,22.51519775390625
2019-05-24,22.760013580322266
2019-05-28,22.586271286010742
2019-05-29,22.38884162902832
2019-05-30,22.602067947387695
2019-05-31,22.222993850708008
2019-06-03,22.373046875
2019-06-04,22.760013580322266
2019-06-05,22.72052764892578
2019-06-06,22.870574951171875
2019-06-07,23.146982192993164
2019-06-10,23.20226287841797
2019-06-11,23.218055725097656
2019-06-12,23.028520584106445
2019-06-13,23.00482940673828
2019-06-14,22.80739402770996
2019-06-17,22.70090103149414
2019-06-18,22.94112205505371
2019-06-19,23.037212371826172
2019-06-20,23.133298873901367
2019-06-21,23.21337127685547
2019-06-24,23.237394332885742
2019-06-25,23.09326171875
2019-06-26,23.069236755371094
2019-06-27,23.029205322265625
2019-06-28,23.14931297302246
2019-07-01,23.237394332885742
2019-07-02,23.285442352294922
2019-07-03,23.5496826171875
2019-07-05,23.31747055053711
2019-07-08,23.10927391052246
2019-07-09,23.077245712280273
2019-07-10,23.14931297302246
2019-07-11,23.30946159362793
2019-07-12,23.29344367980957
2019-07-15,23.30946159362793
2019-07-16,23.349498748779297
2019-07-17,23.11728286743164
2019-07-18,23.133298873901367
2019-07-19,22.813003540039062
2019-07-22,22.780975341796875
2019-07-23,22.997173309326172
2019-07-24,23.101266860961914
2019-07-25,22.909093856811523
2019-07-26,22.75695037841797
2019-07-29,22.79698944091797
2019-07-30,22.156402587890625
2019-07-31,21.97222900390625
2019-08-01,21.868131637573242
2019-08-02,21.8441104888916
2019-08-05,21.60388946533203
2019-08-06,21.724002838134766
2019-08-07,21.820091247558594
2019-08-08,21.86012840270996
2019-08-09,21.772043228149414
2019-08-12,21.475770950317383
2019-08-13,21.571863174438477
2019-08-14,20.907249450683594
2019-08-15,20.9713077545166
2019-08-16,21.307619094848633
2019-08-19,21.323633193969727
2019-08-20,21.099430084228516
2019-08-21,21.267578125
2019-08-22,21.379682540893555
2019-08-23,21.123441696166992
2019-08-26,21.315624237060547
2019-08-27,21.315624237060547
2019-08-28,21.347652435302734
2019-08-29,21.419723510742188
2019-08-30,21.39569664001465
2019-09-03,21.347652435302734
2019-09-04,21.579870223999023
2019-09-05,21.804075241088867
2019-09-06,21.820091247558594
2019-09-09,21.916181564331055
2019-09-10,22.140382766723633
2019-09-11,22.084333419799805
2019-09-12,22.28451919555664
2019-09-13,22.396623611450195
2019-09-16,22.092342376708984
2019-09-17,22.108352661132812
2019-09-18,22.164403915405273
2019-09-19,22.276508331298828
2019-09-20,22.26849937438965
2019-09-23,22.108352661132812
2019-09-24,22.108352661132812
2019-09-25,22.03628921508789
2019-09-26,22.116361618041992
2019-09-27,22.140382766723633
2019-09-30,22.292524337768555
2019-10-01,22.132375717163086
2019-10-02,21.6439266204834
2019-10-03,21.724002838134766
2019-10-04,21.83610725402832
2019-10-07,21.88414764404297
2019-10-08,21.60388946533203
2019-10-09,21.796066284179688
2019-10-10,22.05230140686035
2019-10-11,22.516733169555664
2019-10-14,22.484704971313477
2019-10-15,22.780975341796875
2019-10-16,22.925107955932617
2019-10-17,22.94913101196289
2019-10-18,23.04521942138672
2019-10-21,23.133298873901367
2019-10-22,23.037212371826172
2019-10-23,23.157318115234375
2019-10-24,23.09326171875
2019-10-25,23.09326171875
2019-10-28,23.189348220825195
2019-10-29,23.125288009643555
2019-10-30,22.94913101196289
2019-10-31,22.901081085205078
2019-11-01,23.06123161315918
2019-11-04,23.21337127685547
2019-11-05,23.133298873901367
2019-11-06,23.029205322265625
2019-11-07,23.037212371826172
2019-11-08,22.957136154174805
2019-11-11,22.9731502532959
2019-11-12,22.6368408203125
2019-11-13,22.356582641601562
2019-11-14,22.30854034423828
2019-11-15,22.50872230529785
2019-11-18,22.596803665161133
2019-11-19,22.61281967163086
2019-11-20,22.49271011352539
2019-11-21,22.524736404418945
2019-11-22,22.57278060913086
2019-11-25,22.70090103149414
2019-11-26,22.66086196899414
2019-11-27,22.73293113708496
2019-11-29,22.716917037963867
2019-12-02,22.404626846313477
2019-12-03,22.444665908813477
2019-12-04,22.70090103149414
2019-12-05,22.60481071472168
2019-12-06,22.845029830932617
2019-12-09,22.77297019958496
2019-12-10,22.748943328857422
2019-12-11,22.9731502532959
2019-12-12,23.301456451416016
2019-12-13,23.397541046142578
2019-12-16,23.650026321411133
2019-12-17,23.658222198486328
2019-12-18,23.609039306640625
2019-12-19,23.62543487548828
2019-12-20,23.62543487548828
2019-12-23,23.62543487548828
2019-12-24,23.584449768066406
2019-12-26,23.723804473876953
2019-12-27,23.83857536315918
2019-12-30,23.723804473876953
2019-12-31,23.707408905029297
2020-01-02,24.0189151763916
2020-01-03,23.66642189025879
2020-01-06,23.78118896484375
2020-01-07,23.47787857055664
2020-01-08,23.527067184448242
2020-01-09,23.527067184448242
2020-01-10,23.39590072631836
2020-01-13,23.49427604675293
2020-01-14,23.363115310668945
2020-01-15,23.297531127929688
2020-01-16,23.551658630371094
2020-01-17,23.682819366455078
2020-01-21,23.412294387817383
2020-01-22,23.37950897216797
2020-01-23,23.354915618896484
2020-01-24,23.14997673034668
2020-01-27,22.805675506591797
2020-01-28,23.076194763183594
2020-01-29,23.17456817626953
2020-01-30,23.338520050048828
2020-01-31,22.9614315032959
2020-02-03,22.95323371887207
2020-02-04,23.338520050048828
2020-02-05,23.633634567260742
2020-02-06,23.764793395996094
2020-02-07,23.66642189025879
2020-02-10,23.732004165649414
2020-02-11,23.83857536315918
2020-02-12,23.953338623046875
2020-02-13,23.79758644104004
2020-02-14,23.920543670654297
2020-02-18,24.00252342224121
2020-02-19,24.133686065673828
2020-02-20,23.854970932006836
2020-02-21,23.79758644104004
2020-02-24,22.871257781982422
2020-02-25,22.13347625732422
2020-02-26,22.31382179260254
2020-02-27,21.699005126953125
2020-02-28,21.55144691467285
2020-03-02,22.035106658935547
2020-03-03,21.674407958984375
2020-03-04,22.43678855895996
2020-03-05,21.436683654785156
2020-03-06,21.051395416259766
2020-03-09,19.116764068603516
2020-03-10,19.338102340698242
2020-03-11,18.42816925048828
2020-03-12,15.739364624023438
2020-03-13,17.141143798828125
2020-03-16,14.837625503540039
2020-03-17,16.026277542114258
2020-03-18,14.854019165039062
2020-03-19,15.25570297241211
2020-03-20,15.02617073059082
2020-03-23,15.067157745361328
2020-03-24,16.1738338470459
2020-03-25,16.796846389770508
2020-03-26,17.592012405395508
2020-03-27,16.583709716796875
2020-03-30,16.706674575805664
2020-03-31,16.65749168395996
2020-04-01,15.960695266723633
2020-04-02,16.157434463500977
2020-04-03,16.067264556884766
2020-04-06,16.780454635620117
2020-04-07,16.805044174194336
2020-04-08,16.960800170898438
2020-04-09,17.321491241455078
2020-04-13,17.190332412719727
2020-04-14,17.37887954711914
2020-04-15,16.764060974121094
2020-04-16,16.452550888061523
2020-04-17,16.854228973388672
2020-04-20,16.403364181518555
2020-04-21,16.1738338470459
2020-04-22,16.354177474975586
2020-04-23,16.14923858642578
2020-04-24,16.28859519958496
2020-04-27,16.477144241333008
2020-04-28,16.575511932373047
2020-04-29,17.30510139465332
2020-04-30,17.026382446289062
2020-05-01,16.698476791381836
2020-05-04,16.559118270874023
2020-05-05,16.41975975036621
2020-05-06,16.206623077392578
2020-05-07,16.370574951171875
2020-05-08,16.591907501220703
2020-05-11,16.36237907409668
2020-05-12,16.403364181518555
2020-05-13,16.190227508544922
2020-05-14,16.18202781677246
2020-05-15,16.001686096191406
2020-05-18,16.878822326660156
2020-05-19,16.132844924926758
2020-05-20,16.49353790283203
2020-05-21,16.56731414794922
2020-05-22,16.575511932373047
2020-05-26,17.362483978271484
2020-05-27,17.870731353759766
2020-05-28,17.862533569335938
2020-05-29,17.805150985717773
2020-06-01,18.182239532470703
2020-06-02,18.616708755493164
2020-06-03,19.346298217773438
2020-06-04,19.239728927612305
2020-06-05,19.764371871948242
2020-06-08,20.17424964904785
2020-06-09,19.780771255493164
2020-06-10,19.510244369506836
2020-06-11,18.239625930786133
2020-06-12,18.542936325073242
2020-06-15,18.736589431762695
2020-06-16,18.877277374267578
2020-06-17,18.860729217529297
2020-06-18,18.62900161743164
2020-06-19,18.5379695892334
2020-06-22,18.819347381591797
2020-06-23,18.95176124572754
2020-06-24,18.38072395324707
2020-06-25,18.7448673248291
2020-06-26,18.256589889526367
2020-06-29,18.64555549621582
2020-06-30,18.587623596191406
2020-07-01,18.595897674560547
2020-07-02,19.092451095581055
2020-07-06,19.448312759399414
2020-07-07,19.067623138427734
2020-07-08,19.241416931152344
2020-07-09,18.852453231811523
2020-07-10,19.200040817260742
2020-07-13,19.133832931518555
2020-07-14,19.390380859375
2020-07-15,19.671764373779297
2020-07-16,19.655208587646484
2020-07-17,19.696590423583984
2020-07-20,19.812450408935547
2020-07-21,19.812450408935547
2020-07-22,19.820728302001953
2020-07-23,19.60555648803711
2020-07-24,19.58900260925293
2020-07-27,19.58072853088379
2020-07-28,19.58072853088379
2020-07-29,19.688318252563477
2020-07-30,19.291072845458984
2020-07-31,18.736589431762695
2020-08-03,19.001415252685547
2020-08-04,19.175212860107422
2020-08-05,19.183488845825195
2020-08-06,19.183488845825195
2020-08-07,19.001415252685547
2020-08-10,19.166934967041016
2020-08-11,19.431760787963867
2020-08-12,19.804176330566406
2020-08-13,19.66348648071289
2020-08-14,19.448312759399414
2020-08-17,19.40693473815918
2020-08-18,19.349000930786133
2020-08-19,19.274520874023438
2020-08-20,19.158658981323242
2020-08-21,19.026243209838867
2020-08-24,19.349000930786133
2020-08-25,19.39866065979004
2020-08-26,19.365554809570312
2020-08-27,19.183488845825195
2020-08-28,19.53107261657715
2020-08-31,19.158658981323242
2020-09-01,19.067623138427734
2020-09-02,19.142107009887695
2020-09-03,18.96831512451172
2020-09-04,19.150381088256836
2020-09-08,18.736589431762695
2020-09-09,19.051071166992188
2020-09-10,18.827625274658203
2020-09-11,18.869003295898438
2020-09-14,18.918659210205078
2020-09-15,19.133832931518555
2020-09-16,19.067623138427734
2020-09-17,19.183488845825195
2020-09-18,18.77796745300293
2020-09-21,18.23175811767578
2020-09-22,17.925552368164062
2020-09-23,17.669002532958984
2020-09-24,17.826242446899414
2020-09-25,17.784862518310547
2020-09-28,18.18210792541504
2020-09-29,18.0910701751709
2020-09-30,18.008312225341797
2020-10-01,18.132450103759766
2020-10-02,18.215206146240234
2020-10-05,18.579347610473633
2020-10-06,18.52141571044922
2020-10-07,18.720035552978516
2020-10-08,18.960037231445312
2020-10-09,18.918659210205078
2020-10-12,18.910383224487305
2020-10-13,18.5379695892334
2020-10-14,18.64555549621582
2020-10-15,18.430381774902344
2020-10-16,18.480037689208984
2020-10-19,18.43865966796875
2020-10-20,18.852453231811523
2020-10-21,18.595897674560547
2020-10-22,18.55451774597168
2020-10-23,18.835901260375977
2020-10-26,18.546239852905273
2020-10-27,18.099346160888672
2020-10-28,17.453828811645508
2020-10-29,17.346240997314453
2020-10-30,17.387619018554688
2020-11-02,17.760032653808594
2020-11-03,18.33106803894043
2020-11-04,18.223482131958008
2020-11-05,18.844175338745117
2020-11-06,18.844175338745117
2020-11-09,20.21796989440918
2020-11-10,21.120040893554688
2020-11-11,21.219348907470703
2020-11-12,20.904870986938477
2020-11-13,21.459352493286133
2020-11-16,21.80693817138672
2020-11-17,21.773834228515625
2020-11-18,21.616594314575195
2020-11-19,21.889698028564453
2020-11-20,21.815214157104492
2020-11-23,21.91452407836914
2020-11-24,22.469009399414062
2020-11-25,22.45245933532715
2020-11-27,22.56832504272461
2020-11-30,22.154529571533203
2020-12-01,22.659353256225586
2020-12-02,22.932458877563477
2020-12-03,22.86625099182129
2020-12-04,23.280044555664062
2020-12-07,23.056596755981445
2020-12-08,23.04831886291504
2020-12-09,22.990388870239258
2020-12-10,22.94073486328125
2020-12-11,22.73383903503418
2020-12-14,22.869102478027344
2020-12-15,22.986724853515625
2020-12-16,22.911113739013672
2020-12-17,23.05394172668457
2020-12-18,22.751482009887695
2020-12-21,22.29779624938965
2020-12-22,22.28939437866211
2020-12-23,22.78508758544922
2020-12-24,22.877500534057617
2020-12-28,23.03713607788086
2020-12-29,23.112749099731445
2020-12-30,23.119487762451172
2020-12-31,22.774168014526367
2021-01-04,22.959461212158203
2021-01-05,23.14475440979004
2021-01-06,23.885923385620117
2021-01-07,23.944883346557617
2021-01-08,24.029104232788086
2021-01-11,23.78485679626465
2021-01-12,23.73432159423828
2021-01-13,23.82697105407715
2021-01-14,23.83538818359375
2021-01-15,23.178442001342773
2021-01-19,23.313199996948242
2021-01-20,23.228979110717773
2021-01-21,23.102642059326172
2021-01-22,22.8331241607666
2021-01-25,22.614139556884766
2021-01-26,22.7236328125
2021-01-27,22.06669044494629
2021-01-28,22.428848266601562
2021-01-29,21.915082931518555
2021-02-01,21.990886688232422
2021-02-02,22.24355697631836
2021-02-03,22.513072967529297
2021-02-04,22.58045196533203
2021-02-05,22.925771713256836
2021-02-08,22.976308822631836
2021-02-09,22.774168014526367
2021-02-10,22.6309871673584
2021-02-11,22.6815242767334
2021-02-12,22.732053756713867
2021-02-16,22.8836612701416
2021-02-17,22.7994327545166
2021-02-18,22.6646785736084
2021-02-19,22.8331241607666
2021-02-22,22.698368072509766
2021-02-23,23.119487762451172
2021-02-24,23.136333465576172
2021-02-25,22.967885971069336
2021-02-26,22.7657470703125
2021-03-01,23.07737159729004
2021-03-02,23.06052589416504
2021-03-03,22.6815242767334
2021-03-04,22.706787109375
2021-03-05,22.8583927154541
2021-03-08,22.732053756713867
2021-03-09,23.018417358398438
2021-03-10,23.119487762451172
2021-03-11,23.36373519897461
2021-03-12,23.54902458190918
2021-03-15,23.447959899902344
2021-03-16,23.414268493652344
2021-03-17,23.464807510375977
2021-03-18,23.27951431274414
2021-03-19,23.212133407592773
2021-03-22,22.8415470123291
2021-03-23,22.7657470703125
2021-03-24,22.774168014526367
2021-03-25,22.8331241607666
2021-03-26,23.068952560424805
2021-03-29,23.068952560424805
2021-03-30,23.12790870666504
2021-03-31,23.068952560424805
2021-04-01,23.271085739135742
2021-04-05,23.658519744873047
2021-04-06,23.45638084411621
2021-04-07,23.49849510192871
2021-04-08,23.607988357543945
2021-04-09,23.481653213500977
2021-04-12,23.380582809448242
2021-04-13,23.431114196777344
2021-04-14,23.54060935974121
2021-04-15,23.557451248168945
2021-04-16,23.692209243774414
2021-04-19,23.97857093811035
2021-04-20,23.405847549438477
2021-04-21,23.61640739440918
2021-04-22,23.692209243774414
2021-04-23,23.818546295166016
2021-04-26,24.003835678100586
2021-04-27,24.281776428222656
2021-04-28,24.467069625854492
2021-04-29,24.610252380371094
2021-04-30,24.35757827758789
2021-05-03,24.593408584594727
2021-05-04,24.424957275390625
2021-05-05,24.711318969726562
2021-05-06,24.930301666259766
2021-05-07,25.35142707824707
2021-05-10,25.258773803710938
2021-05-11,25.022951126098633
2021-05-12,24.84607696533203
2021-05-13,24.9892578125
2021-05-14,25.620939254760742
2021-05-17,25.57040786743164
2021-05-18,25.64620590209961
2021-05-19,25.359846115112305
2021-05-20,25.612520217895508
2021-05-21,25.780963897705078
2021-05-24,25.831499099731445
2021-05-25,25.915721893310547
2021-05-26,25.78938865661621
2021-05-27,25.797809600830078
2021-05-28,25.89045524597168
2021-06-01,25.88203239440918
2021-06-02,25.797809600830078
2021-06-03,25.587249755859375
2021-06-04,25.503026962280273
2021-06-07,25.730426788330078
2021-06-08,25.64620590209961
2021-06-09,25.713586807250977
2021-06-10,25.61876678466797
2021-06-11,25.72127342224121
2021-06-14,25.934833526611328
2021-06-15,25.875038146972656
2021-06-16,25.567508697509766
2021-06-17,25.25143814086914
2021-06-18,24.730348587036133
2021-06-21,25.012250900268555
2021-06-22,24.96953773498535
2021-06-23,24.670555114746094
2021-06-24,24.995166778564453
2021-06-25,25.07204818725586
2021-06-28,24.619295120239258
2021-06-29,24.55950355529785
2021-06-30,24.277603149414062
2021-07-01,24.50824546813965
2021-07-02,24.40573501586914
2021-07-06,24.217805862426758
2021-07-07,24.158008575439453
2021-07-08,23.756513595581055
2021-07-09,24.14092445373535
2021-07-12,24.24342918395996
2021-07-13,23.747968673706055
2021-07-14,23.688175201416016
2021-07-15,23.286678314208984
2021-07-16,23.132915496826172
2021-07-19,22.645999908447266
2021-07-20,22.842470169067383
2021-07-21,23.44044303894043
2021-07-22,23.448986053466797
2021-07-23,23.679628372192383
2021-07-26,23.9017333984375
2021-07-27,23.824851989746094
2021-07-28,23.824851989746094
2021-07-29,23.987159729003906
2021-07-30,23.73088836669922
2021-08-02,23.893192291259766
2021-08-03,24.08966827392578
2021-08-04,23.9273624420166
2021-08-05,23.995697021484375
2021-08-06,24.081127166748047
2021-08-09,23.978618621826172
2021-08-10,24.04695701599121
2021-08-11,24.320310592651367
2021-08-12,24.2946834564209
2021-08-13,24.40573501586914
2021-08-16,24.217805862426758
2021-08-17,23.850479125976562
2021-08-18,24.04695701599121
2021-08-19,23.987159729003906
2021-08-20,24.123836517333984
2021-08-23,24.260517120361328
2021-08-24,24.209259033203125
2021-08-25,24.269060134887695
2021-08-26,23.978618621826172
2021-08-27,24.209259033203125
2021-08-30,24.02987289428711
2021-08-31,24.012786865234375
2021-09-01,24.42282485961914
2021-09-02,24.439908981323242
2021-09-03,24.175094604492188
2021-09-07,24.081127166748047
2021-09-08,23.93590545654297
2021-09-09,23.790679931640625
2021-09-10,23.474611282348633
2021-09-13,23.918821334838867
2021-09-14,23.696712493896484
2021-09-15,23.491695404052734
2021-09-16,23.5173282623291
2021-09-17,23.36355972290039
2021-09-20,22.851015090942383
2021-09-21,23.115829467773438
2021-09-22,23.235424041748047
2021-09-23,23.619834899902344
2021-09-24,23.594207763671875
2021-09-27,23.9017333984375
2021-09-28,23.32084846496582
2021-09-29,23.31230926513672
2021-09-30,23.03894805908203
2021-10-01,23.218338012695312
2021-10-04,23.226882934570312
2021-10-05,23.491695404052734
2021-10-06,23.32084846496582
2021-10-07,23.65400505065918
2021-10-08,23.756513595581055
2021-10-11,23.448986053466797
2021-10-12,23.65400505065918
2021-10-13,23.688175201416016
2021-10-14,23.782140731811523
2021-10-15,23.893192291259766
2021-10-18,23.73942756652832
2021-10-19,23.961530685424805
2021-10-20,24.14092445373535
2021-10-21,23.910276412963867
2021-10-22,23.850479125976562
2021-10-25,23.782140731811523
2021-10-26,23.944446563720703
2021-10-27,23.816312789916992
2021-10-28,24.260517120361328
2021-10-29,24.149463653564453
2021-11-01,24.576587677001953
2021-11-02,24.30323028564453
2021-11-03,24.25197410583496
2021-11-04,23.978618621826172
2021-11-05,24.19217872619629
2021-11-08,24.123836517333984
2021-11-09,24.04695701599121
2021-11-10,23.978618621826172
2021-11-11,23.85902214050293
2021-11-12,23.790679931640625
2021-11-15,23.67108726501465
2021-11-16,23.44044303894043
2021-11-17,23.380645751953125
2021-11-18,23.192710876464844
2021-11-19,22.628910064697266
2021-11-22,22.654539108276367
2021-11-23,22.782676696777344
2021-11-24,22.603282928466797
2021-11-26,21.800296783447266
2021-11-29,21.911348342895508
2021-11-30,21.680700302124023
2021-12-01,21.561107635498047
2021-12-02,21.680700302124023
2021-12-03,21.475685119628906
2021-12-06,21.962600708007812
2021-12-07,22.099279403686523
2021-12-08,22.14199447631836
2021-12-09,21.706329345703125
2021-12-10,21.75758171081543
2021-12-13,21.588111877441406
2021-12-14,21.701091766357422
2021-12-15,21.735855102539062
2021-12-16,21.81407356262207
2021-12-17,21.527278900146484
2021-12-20,21.675018310546875
2021-12-21,21.961820602416992
2021-12-22,22.222545623779297
2021-12-23,22.474580764770508
2021-12-27,22.7092342376709
2021-12-28,22.804832458496094
2021-12-29,22.917816162109375
2021-12-30,22.830909729003906
2021-12-31,22.830909729003906
2022-01-03,23.074247360229492
2022-01-04,23.08293914794922
2022-01-05,22.822216033935547
2022-01-06,23.109012603759766
2022-01-07,23.291522979736328
2022-01-10,23.24806785583496
2022-01-11,23.508790969848633
2022-01-12,23.543556213378906
2022-01-13,23.421886444091797
2022-01-14,23.647844314575195
2022-01-18,23.30890464782715
2022-01-19,23.161157608032227
2022-01-20,23.048175811767578
2022-01-21,22.839597702026367
2022-01-24,22.804832458496094
2022-01-25,22.64839744567871
2022-01-26,22.622325897216797
2022-01-27,22.7092342376709
2022-01-28,22.804832458496094
2022-01-31,22.92650604248047
2022-02-01,23.274141311645508
2022-02-02,23.34366798400879
2022-02-03,23.361047744750977
2022-02-04,23.39581298828125
2022-02-07,23.091629028320312
2022-02-08,23.421886444091797
2022-02-09,23.795591354370117
2022-02-10,23.717374801635742
2022-02-11,22.996030807495117
2022-02-14,22.726613998413086
2022-02-15,23.274141311645508
2022-02-16,23.39581298828125
2022-02-17,22.961267471313477
2022-02-18,22.813526153564453
2022-02-22,22.50065040588379
2022-02-23,22.222545623779297
2022-02-24,21.97051239013672
2022-02-25,22.717924118041992
2022-02-28,22.23123550415039
2022-03-01,21.344764709472656
2022-03-02,21.80538558959961
2022-03-03,20.962369918823242
2022-03-04,20.188880920410156
2022-03-07,19.519683837890625
2022-03-08,20.52782440185547
2022-03-09,21.45775032043457
2022-03-10,21.162260055541992
2022-03-11,20.918916702270508
2022-03-14,21.26654815673828
2022-03-15,21.50989532470703
2022-03-16,22.022655487060547
2022-03-17,22.17040252685547
2022-03-18,22.144329071044922
2022-03-21,21.92705726623535
2022-03-22,22.23123550415039
2022-03-23,21.648944854736328
2022-03-24,21.735855102539062
2022-03-25,21.796689987182617
2022-03-28,21.953128814697266
2022-03-29,22.7092342376709
2022-03-30,22.604942321777344
2022-03-31,22.1269474029541
2022-04-01,22.43112564086914
2022-04-04,22.352907180786133
2022-04-05,22.361597061157227
2022-04-06,22.187782287597656
2022-04-07,22.248619079589844
2022-04-08,22.378982543945312
2022-04-11,22.248619079589844
2022-04-12,22.092182159423828
2022-04-13,22.3963623046875
2022-04-14,22.43112564086914
2022-04-18,22.378982543945312
2022-04-19,22.552799224853516
2022-04-20,22.68316078186035
2022-04-21,22.457197189331055
2022-04-22,22.1269474029541
2022-04-25,22.21385383605957
2022-04-26,21.29262351989746
2022-04-27,21.24916648864746
2022-04-28,21.562042236328125
2022-04-29,21.353458404541016
2022-05-02,21.26654815673828
2022-05-03,21.622875213623047
2022-05-04,21.99658203125
2022-05-05,21.240476608276367
2022-05-06,21.12749481201172
2022-05-09,20.606042861938477
2022-05-10,20.72771644592285
2022-05-11,20.7537899017334
2022-05-12,20.45829963684082
2022-05-13,20.94498634338379
2022-05-16,21.066659927368164
2022-05-17,21.588111877441406
2022-05-18,21.24916648864746
2022-05-19,21.483823776245117
2022-05-20,21.692401885986328
2022-05-23,22.222545623779297
2022-05-24,22.51803207397461
2022-05-25,22.68316078186035
2022-05-26,22.943883895874023
2022-05-27,23.056867599487305
2022-05-31,22.813526153564453
2022-06-01,22.43112564086914
2022-06-02,22.752687454223633
2022-06-03,22.535415649414062
2022-06-06,22.700542449951172
2022-06-07,22.865673065185547
2022-06-08,22.587562561035156
2022-06-09,21.9456787109375
2022-06-10,21.116872787475586
2022-06-13,20.446779251098633
2022-06-14,20.11172866821289
2022-06-15,20.5614013671875
2022-06-16,20.473228454589844
2022-06-17,20.499679565429688
2022-06-21,20.676023483276367
2022-06-22,20.526134490966797
2022-06-23,20.57903480529785
2022-06-24,21.037521362304688
2022-06-27,20.90526580810547
2022-06-28,20.825912475585938
2022-06-29,20.596668243408203
2022-06-30,20.5614013671875
2022-07-01,20.84354591369629
2022-07-05,20.10291290283203
2022-07-06,19.72377586364746
2022-07-07,19.97065544128418
2022-07-08,19.917755126953125
2022-07-11,19.662059783935547
2022-07-12,19.274105072021484
2022-07-13,19.309375762939453
2022-07-14,18.912609100341797
2022-07-15,19.256473541259766
2022-07-18,19.238840103149414
2022-07-19,19.997106552124023
2022-07-20,19.494535446166992
2022-07-21,19.62679100036621
2022-07-22,19.62679100036621
2022-07-25,19.882484436035156
2022-07-26,19.61797523498535
2022-07-27,20.11172866821289
2022-07-28,19.926572799682617
2022-07-29,20.226350784301758
2022-08-01,19.97065544128418
2022-08-02,19.811948776245117
2022-08-03,19.997106552124023
2022-08-04,20.138179779052734
2022-08-05,20.19989776611328
2022-08-08,20.314523696899414
2022-08-09,20.543766021728516
2022-08-10,20.83473014831543
2022-08-11,20.869998931884766
2022-08-12,21.019887924194336
2022-08-15,20.869998931884766
2022-08-16,21.00225257873535
2022-08-17,20.852365493774414
2022-08-18,20.65838623046875
2022-08-19,20.323339462280273
2022-08-22,19.97065544128418
2022-08-23,19.935388565063477
2022-08-24,19.864850997924805
2022-08-25,19.979473114013672
2022-08-26,19.450448989868164
2022-08-29,19.520984649658203
2022-08-30,19.423999786376953
2022-08-31,19.19475555419922
2022-09-01,19.10658073425293
2022-09-02,18.86852264404297
2022-09-06,18.859703063964844
2022-09-07,19.327011108398438
2022-09-08,19.335826873779297
2022-09-09,19.838403701782227
2022-09-12,20.2528018951416
2022-09-13,19.529804229736328
2022-09-14,19.670875549316406
2022-09-15,19.732595443725586
2022-09-16,19.609155654907227
2022-09-19,19.714962005615234
2022-09-20,19.256473541259766
2022-09-21,18.842073440551758
2022-09-22,18.87734031677246
2022-09-23,18.145524978637695
2022-09-26,17.766389846801758
2022-09-27,17.475425720214844
2022-09-28,17.881010055541992
2022-09-29,17.625316619873047
2022-09-30,17.475425720214844
2022-10-03,18.004451751708984
2022-10-04,18.824438095092773
2022-10-05,18.454120635986328
2022-10-06,17.986818313598633
2022-10-07,17.739938735961914
2022-10-10,17.59004783630371
2022-10-11,17.334352493286133
2022-10-12,17.140378952026367
2022-10-13,17.70467185974121
2022-10-14,17.484243392944336
2022-10-17,18.12788963317871
2022-10-18,18.40121841430664
2022-10-19,18.11025619506836
2022-10-20,18.18079376220703
2022-10-21,18.40121841430664
2022-10-24,18.621646881103516
2022-10-25,19.08013343811035
2022-10-26,19.353464126586914
2022-10-27,19.256473541259766
2022-10-28,19.512168884277344
2022-10-31,19.327011108398438
2022-11-01,19.423999786376953
2022-11-02,19.08013343811035
2022-11-03,18.797985076904297
2022-11-04,19.512168884277344
2022-11-07,19.54743766784668
2022-11-08,19.688508987426758
2022-11-09,19.57388687133789
2022-11-10,20.305706024169922
2022-11-11,20.57903480529785
2022-11-14,20.482044219970703
2022-11-15,20.623119354248047
2022-11-16,20.667203903198242
2022-11-17,20.534950256347656
2022-11-18,20.640750885009766
2022-11-21,20.676023483276367
2022-11-22,21.143327713012695
2022-11-23,21.31085205078125
2022-11-25,21.566545486450195
2022-11-28,21.143327713012695
2022-11-29,21.213865280151367
2022-11-30,21.61063003540039
2022-12-01,21.822242736816406
2022-12-02,21.707618713378906
2022-12-05,21.566545486450195
2022-12-06,21.478374481201172
2022-12-07,21.53127670288086
2022-12-08,21.443105697631836
2022-12-09,21.46074104309082
2022-12-12,21.53127670288086
2022-12-13,21.77390480041504
2022-12-14,21.8813419342041
2022-12-15,21.52322006225586
2022-12-16,21.263582229614258
2022-12-19,21.218814849853516
2022-12-20,21.460546493530273
2022-12-21,21.729141235351562
2022-12-22,21.612751007080078
2022-12-23,21.648561477661133
2022-12-27,21.6217041015625
2022-12-28,21.496356964111328
2022-12-29,21.791810989379883
2022-12-30,21.648561477661133
2023-01-03,21.791810989379883
2023-01-04,22.355857849121094
2023-01-05,22.293182373046875
2023-01-06,22.812463760375977
2023-01-09,22.848276138305664
2023-01-10,23.134775161743164
2023-01-11,23.17953872680664
2023-01-12,23.591381072998047
2023-01-13,23.77044105529785
2023-01-17,23.618240356445312
2023-01-18,23.60033416748047
2023-01-19,23.510807037353516
2023-01-20,23.85102081298828
2023-01-23,23.9136905670166
2023-01-24,23.92264747619629
2023-01-25,24.012178421020508
2023-01-26,24.155426025390625
2023-01-27,23.97636604309082
2023-01-30,23.89578628540039
2023-01-31,24.092754364013672
2023-02-01,24.49564552307129
2023-02-02,24.764236450195312
2023-02-03,24.406112670898438
2023-02-06,24.17333221435547
2023-02-07,24.370298385620117
2023-02-08,24.343442916870117
2023-02-09,24.307628631591797
2023-02-10,24.012178421020508
2023-02-13,24.343442916870117
2023-02-14,24.61203384399414
2023-02-15,24.56726837158203
2023-02-16,24.49564552307129
2023-02-17,24.629940032958984
2023-02-21,24.22705078125
2023-02-22,23.985319137573242
2023-02-23,24.244956970214844
2023-02-24,24.065895080566406
2023-02-27,24.38820457458496
2023-02-28,24.540407180786133
2023-03-01,24.60308074951172
2023-03-02,24.45088005065918
2023-03-03,24.907485961914062
2023-03-06,24.99701690673828
2023-03-07,24.45983123779297
2023-03-08,24.692611694335938
2023-03-09,24.38820457458496
2023-03-10,24.128568649291992
2023-03-13,23.734630584716797
2023-03-14,24.298675537109375
2023-03-15,23.32278823852539
2023-03-16,23.60033416748047
2023-03-17,23.081056594848633
2023-03-20,23.56452178955078
2023-03-21,24.262861251831055
2023-03-22,24.056941986083984
2023-03-23,23.93160057067871
2023-03-24,23.716726303100586
2023-03-27,24.08380126953125
2023-03-28,24.155426025390625
2023-03-29,24.576223373413086
2023-03-30,25.005971908569336
2023-03-31,24.952253341674805
2023-04-03,24.99701690673828
2023-04-04,25.158170700073242
2023-04-05,25.328279495239258
2023-04-06,25.650592803955078
2023-04-10,25.596874237060547
2023-04-11,25.28351402282715
2023-04-12,25.587919235229492
2023-04-13,25.8923282623291
2023-04-14,25.820701599121094
2023-04-17,25.659543991088867
2023-04-18,25.865467071533203
2023-04-19,26.098249435424805
2023-04-20,25.972902297973633
2023-04-21,25.919185638427734
2023-04-24,26.098249435424805
2023-04-25,25.355140686035156
2023-04-26,25.46257972717285
2023-04-27,25.910232543945312
2023-04-28,25.578968048095703
2023-05-01,25.596874237060547
2023-05-02,25.113405227661133
2023-05-03,25.086549758911133
2023-05-04,25.07759666442871
2023-05-05,25.381999969482422
2023-05-08,25.381999969482422
2023-05-09,25.292469024658203
2023-05-10,25.274560928344727
2023-05-11,25.176076889038086
2023-05-12,25.176076889038086
2023-05-15,25.176076889038086
2023-05-16,24.99701690673828
2023-05-17,25.07759666442871
2023-05-18,24.8537654876709
2023-05-19,24.979108810424805
2023-05-22,25.122360229492188
2023-05-23,24.79109764099121
2023-05-24,24.576223373413086
2023-05-25,24.441926956176758
2023-05-26,24.647846221923828
2023-05-30,24.53145408630371
2023-05-31,24.191238403320312
2023-06-01,24.647846221923828
2023-06-02,24.961200714111328
2023-06-05,24.800050735473633
2023-06-06,24.943300247192383
2023-06-07,24.845365524291992
2023-06-08,25.00858497619629
2023-06-09,24.89070701599121
2023-06-12,24.999515533447266
2023-06-13,24.999515533447266
2023-06-14,25.262479782104492
2023-06-15,25.7067928314209
2023-06-16,25.752132415771484
2023-06-20,25.68865966796875
2023-06-21,25.78840446472168
2023-06-22,25.534507751464844
2023-06-23,25.07205581665039
2023-06-26,25.208072662353516
2023-06-27,25.68865966796875
2023-06-28,25.851877212524414
2023-06-29,25.879079818725586
2023-06-30,26.205514907836914
2023-07-03,26.26898765563965
2023-07-05,25.67959213256836
2023-07-06,25.262479782104492
2023-07-07,25.407562255859375
2023-07-10,25.461965560913086
2023-07-11,25.7702693939209
2023-07-12,26.341527938842773
2023-07-13,26.677034378051758
2023-07-14,26.52288055419922
2023-07-17,26.649831771850586
2023-07-18,26.69516944885254
2023-07-19,26.595422744750977
2023-07-20,26.68610191345215
2023-07-21,26.76770782470703
2023-07-24,26.550085067749023
2023-07-25,26.432207107543945
2023-07-26,26.97626495361328
2023-07-27,26.658897399902344
2023-07-28,26.794912338256836
2023-07-31,26.604490280151367
2023-08-01,26.051362991333008
2023-08-02,25.552644729614258
2023-08-03,25.56171226501465
2023-08-04,25.697725296020508
2023-08-07,25.824674606323242
2023-08-08,25.652387619018555
2023-08-09,25.68865966796875
2023-08-10,26.105770111083984
2023-08-11,25.987892150878906
2023-08-14,25.77933692932129
2023-08-15,25.434764862060547
2023-08-16,25.335020065307617
2023-08-17,25.07205581665039
2023-08-18,25.217140197753906
2023-08-21,25.316884994506836
2023-08-22,25.199005126953125
2023-08-23,25.362224578857422
2023-08-24,25.15366554260254
2023-08-25,25.37129020690918
2023-08-28,25.78840446472168
2023-08-29,26.26898765563965
2023-08-30,26.142040252685547
2023-08-31,25.824674606323242
2023-09-01,25.50730323791504
2023-09-05,25.171802520751953
2023-09-06,24.908842086791992
2023-09-07,24.87257194519043
2023-09-08,25.05392074584961
2023-09-11,25.38035774230957
2023-09-12,25.416627883911133
2023-09-13,25.199005126953125
2023-09-14,25.543577194213867
2023-09-15,25.452898025512695
2023-09-18,25.398494720458984
2023-09-19,25.579845428466797
2023-09-20,25.697725296020508
2023-09-21,25.398494720458984
2023-09-22,25.253414154052734
2023-09-25,24.963245391845703
2023-09-26,24.736555099487305
2023-09-27,24.60053825378418
2023-09-28,24.954179763793945
2023-09-29,24.936044692993164
2023-10-02,24.33757972717285
2023-10-03,23.993005752563477
2023-10-04,24.065549850463867
2023-10-05,24.22876739501953
2023-10-06,24.546133041381836
2023-10-09,24.355714797973633
2023-10-10,24.836299896240234
2023-10-11,25.07205581665039
2023-10-12,24.682146072387695
2023-10-13,24.44639015197754
2023-10-16,24.754690170288086
2023-10-17,24.763757705688477
2023-10-18,24.373849868774414
2023-10-19,24.328510284423828
2023-10-20,24.083683013916016
2023-10-23,24.020212173461914
2023-10-24,23.974872589111328
2023-10-25,23.884197235107422
2023-10-26,23.90233039855957
2023-10-27,23.739112854003906
2023-10-30,24.283174514770508
2023-10-31,24.265037536621094
2023-11-01,24.428255081176758
2023-11-02,25.099260330200195
2023-11-03,25.253414154052734
2023-11-06,25.135530471801758
2023-11-07,25.01765251159668
2023-11-08,25.208072662353516
2023-11-09,25.271547317504883
2023-11-10,25.51637077331543
2023-11-13,25.625185012817383
2023-11-14,26.495681762695312
2023-11-15,26.368732452392578
2023-11-16,26.613557815551758
2023-11-17,26.97626495361328
2023-11-20,27.175752639770508
2023-11-21,27.0216007232666
2023-11-22,27.103214263916016
2023-11-24,27.38431167602539
2023-11-27,27.47498321533203
2023-11-28,27.674474716186523
2023-11-29,27.837692260742188
2023-11-30,27.674474716186523
2023-12-01,27.819557189941406
2023-12-04,27.846759796142578
2023-12-05,27.846759796142578
2023-12-06,27.765151977539062
2023-12-07,27.756084442138672
2023-12-08,27.946500778198242
2023-12-11,27.77421760559082
2023-12-12,27.674474716186523
2023-12-13,28.08251953125
2023-12-14,28.33641242980957
2023-12-15,27.74701690673828
2023-12-18,27.783287048339844
2023-12-19,28.037181854248047
2023-12-20,27.6181640625
2023-12-21,28.050992965698242
2023-12-22,28.0786190032959
2023-12-26,28.26280403137207
2023-12-27,28.373313903808594
2023-12-28,28.161502838134766
2023-12-29,28.198341369628906
2024-01-02,28.087827682495117
2024-01-03,27.76551055908203
2024-01-04,28.161502838134766
2024-01-05,28.152294158935547
2024-01-08,28.40093994140625
2024-01-09,27.80234718322754
2024-01-10,27.995738983154297
2024-01-11,27.885229110717773
2024-01-12,27.94048500061035
2024-01-16,27.31426239013672
2024-01-17,27.01957130432129
2024-01-18,27.074827194213867
2024-01-19,27.10245132446289
2024-01-22,27.18533706665039
2024-01-23,26.918272018432617
2024-01-24,27.130081176757812
2024-01-25,26.98273277282715
2024-01-26,27.03799057006836
2024-01-29,26.899852752685547
2024-01-30,27.277429580688477
2024-01-31,27.203754425048828
2024-02-01,27.424774169921875
2024-02-02,27.34189224243164
2024-02-05,26.927478790283203
2024-02-06,27.03799057006836
2024-02-07,26.789344787597656
2024-02-08,26.75250816345215
2024-02-09,26.8445987701416
2024-02-12,26.927478790283203
2024-02-13,26.485443115234375
2024-02-14,26.715669631958008
2024-02-15,26.863018035888672
2024-02-16,26.53148651123047
2024-02-20,27.21295928955078
2024-02-21,27.415563583374023
2024-02-22,27.45240020751953
2024-02-23,27.369518280029297
2024-02-26,27.35110092163086
2024-02-27,27.323471069335938
2024-02-28,27.111663818359375
2024-02-29,26.94589614868164
2024-03-01,27.15770721435547
2024-03-04,27.19454574584961
2024-03-05,27.34189224243164
2024-03-06,27.62737464904785
2024-03-07,28.161502838134766
2024-03-08,28.11545753479004
2024-03-11,28.244382858276367
2024-03-12,28.318058013916016
2024-03-13,28.621957778930664
2024-03-14,28.207548141479492
2024-03-15,28.539077758789062
2024-03-18,28.474613189697266
2024-03-19,28.649587631225586
2024-03-20,29.119253158569336
2024-03-21,29.100833892822266
2024-03-22,29.248178482055664
2024-03-25,29.33106231689453
2024-03-26,29.377107620239258
2024-03-27,29.800729751586914
2024-03-28,29.625751495361328
2024-04-01,29.478404998779297
2024-04-02,29.358688354492188
2024-04-03,29.552078247070312
2024-04-04,29.496824264526367
2024-04-05,29.358688354492188
2024-04-08,29.48761749267578
2024-04-09,29.4139461517334
2024-04-10,28.852188110351562
2024-04-11,28.603538513183594
2024-04-12,28.299638748168945
2024-04-15,28.11545753479004
2024-04-16,27.95890235900879
2024-04-17,28.345684051513672
2024-04-18,28.51144790649414
2024-04-19,28.502239227294922
2024-04-22,28.98111343383789
2024-04-23,29.50603485107422
2024-04-24,29.377107620239258
2024-04-25,29.33106231689453
2024-04-26,29.662588119506836
2024-04-29,29.773101806640625
2024-04-30,28.806142807006836
2024-05-01,28.769304275512695
2024-05-02,29.13766860961914
2024-05-03,29.257389068603516
2024-05-06,29.5797061920166
2024-05-07,29.855979919433594
2024-05-08,30.08620834350586
2024-05-09,29.855979919433594
2024-05-10,30.00333023071289
2024-05-13,30.123044967651367
2024-05-14,30.565082550048828
2024-05-15,31.099214553833008
2024-05-16,30.767681121826172
2024-05-17,30.99791145324707
2024-05-20,30.84135627746582
2024-05-21,30.942655563354492
2024-05-22,30.675594329833984
2024-05-23,30.408527374267578
2024-05-24,30.555875778198242
2024-05-28,30.749267578125
2024-05-29,30.141464233398438
2024-05-30,30.73084831237793
2024-05-31,30.99791145324707
2024-06-03,31.1452579498291
2024-06-04,30.740060806274414
2024-06-05,30.85977554321289
2024-06-06,31.053171157836914
2024-06-07,30.666385650634766
2024-06-10,30.509830474853516
2024-06-11,30.007213592529297
2024-06-12,30.222488403320312
2024-06-13,29.614105224609375
2024-06-14,29.286516189575195
2024-06-17,29.352033615112305
2024-06-18,29.62346649169922
2024-06-20,29.735780715942383
2024-06-21,29.323955535888672
2024-06-24,29.810659408569336
2024-06-25,29.70770263671875
2024-06-26,29.380111694335938
2024-06-27,29.249074935913086
2024-06-28,29.230356216430664
2024-07-01,29.64218521118164
2024-07-02,29.38947105407715
2024-07-03,29.922975540161133
2024-07-05,30.11016845703125
2024-07-08,29.997852325439453
2024-07-09,29.71706199645996
2024-07-10,30.269285202026367
2024-07-11,30.55007553100586
2024-07-12,30.755990982055664
2024-07-15,30.44711685180664
2024-07-16,30.503276824951172
2024-07-17,30.56879425048828
2024-07-18,30.540719985961914
2024-07-19,30.40032196044922
2024-07-22,30.755990982055664
2024-07-23,30.68111228942871
2024-07-24,30.587514877319336
2024-07-25,30.521997451782227
2024-07-26,30.737272262573242
2024-07-29,30.521997451782227
2024-07-30,30.709192276000977
2024-07-31,30.36288070678711
2024-08-01,29.45499038696289
2024-08-02,29.473709106445312
2024-08-05,28.79981231689453
2024-08-06,28.72493553161621
2024-08-07,28.87468910217285
2024-08-08,29.174198150634766
2024-08-09,29.36139488220215
2024-08-12,29.342676162719727
2024-08-13,29.810659408569336
2024-08-14,29.866817474365234
2024-08-15,30.100811004638672
2024-08-16,30.381601333618164
2024-08-19,30.915103912353516
2024-08-20,30.858949661254883
2024-08-21,31.036781311035156
2024-08-22,30.961904525756836
2024-08-23,31.617084503173828
2024-08-26,31.495407104492188
2024-08-27,31.74811553955078
2024-08-28,31.682598114013672
2024-08-29,31.495407104492188
2024-08-30,31.720035552978516
2024-09-03,31.102296829223633
2024-09-04,31.121015548706055
2024-09-05,31.52348518371582
2024-09-06,31.08357810974121
2024-09-09,31.3924503326416
2024-09-10,31.121015548706055
2024-09-11,31.467330932617188
2024-09-12,31.635801315307617
2024-09-13,32.05699157714844
2024-09-16,32.45009231567383
2024-09-17,32.57176971435547
2024-09-18,32.59048843383789
2024-09-19,32.824485778808594
2024-09-20,32.73088836669922
2024-09-23,32.758968353271484
2024-09-24,32.92744445800781
2024-09-25,32.69344711303711
2024-09-26,33.32991027832031
2024-09-27,33.217594146728516
2024-09-30,33.030399322509766
2024-10-01,32.24418258666992
2024-10-02,32.01955032348633
2024-10-03,32.01955032348633
2024-10-04,32.15058517456055
2024-10-07,32.131866455078125
2024-10-08,32.27225875854492
2024-10-09,32.20674514770508
2024-10-10,31.832351684570312
2024-10-11,32.05699157714844
2024-10-14,32.34714126586914
2024-10-15,32.31905746459961
2024-10-16,32.5156135559082
2024-10-17,32.12250518798828
2024-10-18,32.39393615722656
2024-10-21,32.08506774902344
2024-10-22,31.944673538208008
2024-10-23,31.888517379760742
2024-10-24,31.991470336914062
2024-10-25,31.701318740844727
2024-10-28,32.094425201416016
2024-10-29,31.701318740844727
2024-10-30,31.720035552978516
2024-10-31,31.74811553955078
2024-11-01,32.075706481933594
2024-11-04,32.15994644165039
2024-11-05,32.48753356933594
2024-11-06,30.877668380737305
2024-11-07,31.298851013183594
2024-11-08,30.97126007080078
2024-11-11,30.84023094177246
2024-11-12,30.278644561767578
2024-11-13,30.054012298583984
2024-11-14,30.278644561767578
2024-11-15,30.74662971496582
2024-11-18,30.95254135131836
2024-11-19,30.7279109954834
2024-11-20,30.709192276000977
2024-11-21,30.484556198120117
2024-11-22,30.35352325439453
2024-11-25,30.662389755249023
2024-11-26,30.381601333618164
2024-11-27,30.6155948638916
2024-11-29,30.634313583374023
2024-12-02,30.671751022338867
2024-12-03,30.980619430541992
2024-12-04,31.07421875
2024-12-05,31.729402542114258
2024-12-06,31.52348518371582
2024-12-09,31.289493560791016
2024-12-10,31.214614868164062
2024-12-11,30.784067153930664
2024-12-12,30.606233596801758
2024-12-13,30.71855354309082
2024-12-16,30.737272262573242
2024-12-17,30.24675750732422
2024-12-18,29.488428115844727
2024-12-19,29.421232223510742
2024-12-20,29.53642463684082
2024-12-23,29.613216400146484
2024-12-24,29.79560089111328
2024-12-26,29.91078758239746
2024-12-27,29.77640151977539
2024-12-30,29.79560089111328
2024-12-31,29.80519676208496
2025-01-02,29.71880531311035
2025-01-03,29.968381881713867
2025-01-06,30.409942626953125
2025-01-07,30.313949584960938
2025-01-08,30.265954971313477
2025-01-10,29.853195190429688
2025-01-13,29.86279296875
2025-01-14,30.217958450317383
2025-01-15,30.429140090942383
2025-01-16,30.333148956298828
2025-01-17,30.48673439025879
2025-01-21,31.02428436279297
2025-01-22,30.697914123535156
2025-01-23,31.168270111083984
2025-01-24,31.216266632080078
2025-01-27,31.494640350341797
2025-01-28,31.619426727294922
2025-01-29,31.696224212646484
2025-01-30,32.04179000854492
2025-01-31,31.66742515563965
2025-02-03,31.053081512451172
2025-02-04,31.840208053588867
2025-02-05,32.550540924072266
2025-02-06,32.74252700805664
2025-02-07,32.464149475097656
2025-02-10,32.57933807373047
2025-02-11,32.87691116333008
2025-02-12,33.491249084472656
2025-02-13,33.52964782714844
2025-02-14,33.77922439575195
2025-02-18,34.105594635009766
2025-02-19,33.51044845581055
2025-02-20,34.09599304199219
2025-02-21,33.78882598876953
2025-02-24,34.03839874267578
2025-02-25,34.700740814208984
2025-02-26,34.83512496948242
2025-02-27,34.37437057495117
2025-02-28,34.633544921875
2025-03-03,34.91191864013672
2025-03-04,35.046302795410156
2025-03-05,36.01581573486328
2025-03-06,35.535858154296875
2025-03-07,36.342185974121094
2025-03-10,35.54545974731445
2025-03-11,35.63185119628906
2025-03-12,35.46866989135742
2025-03-13,35.50706481933594
2025-03-14,36.30378723144531
2025-03-17,36.79334259033203
2025-03-18,37.31169128417969
2025-03-19,37.25410079956055
2025-03-20,36.78374481201172
2025-03-21,36.89892578125
2025-03-24,36.63975143432617
2025-03-25,37.234901428222656
2025-03-26,36.735748291015625
2025-03-27,37.023719787597656
2025-03-28,36.87013244628906
2025-03-31,36.5341682434082
2025-04-01,36.735748291015625
2025-04-02,37.17730712890625
2025-04-03,37.33089065551758
2025-04-04,34.30717849731445
2025-04-07,33.08808898925781
2025-04-08,32.780921936035156
2025-04-09,35.56465530395508
2025-04-10,35.41107177734375
2025-04-11,36.255794525146484
2025-04-14,36.524566650390625
2025-04-15,37.129310607910156
2025-04-16,37.31169128417969
2025-04-17,37.67646026611328
2025-04-21,37.5612678527832
2025-04-22,38.53077697753906
2025-04-23,38.42518615722656
2025-04-24,38.76115798950195
2025-04-25,39.2219123840332
2025-04-28,39.65387725830078
2025-04-29,39.47148895263672
2025-04-30,38.97233581542969
2025-05-01,38.84754943847656
2025-05-02,39.21231460571289
2025-05-05,39.39469909667969
2025-05-06,39.509883880615234
2025-05-07,39.51948165893555
2025-05-08,39.09712600708008
2025-05-09,39.39469909667969
2025-05-12,39.0587272644043
2025-05-13,39.50028991699219
2025-05-14,39.87464904785156
2025-05-15,40.08583450317383
2025-05-16,40.517791748046875
2025-05-19,40.98815155029297
2025-05-20,41.75607681274414
2025-05-21,41.429710388183594
2025-05-22,41.62168884277344
2025-05-23,41.573692321777344
2025-05-27,41.784873962402344
2025-05-28,41.16093063354492
2025-05-29,41.35291290283203
2025-05-30,41.55449295043945
2025-06-02,42.13043975830078
2025-06-03,41.544891357421875
2025-06-04,41.487300872802734
2025-06-05,41.85206604003906
2025-06-06,41.890464782714844
2025-06-09,41.75607681274414
2025-06-10,41.75607681274414
2025-06-11,41.736873626708984
2025-06-12,42.20723342895508
2025-06-13,41.51609420776367
2025-06-16,42.277183532714844
2025-06-17,41.19962692260742
2025-06-18,41.49085998535156
2025-06-20,41.442317962646484
2025-06-23,41.7820930480957
2025-06-24,42.42280197143555
2025-06-25,41.83062744140625
2025-06-26,42.06361770629883
2025-06-27,42.451927185058594
2025-06-30,42.74315643310547
2025-07-01,42.95672607421875
2025-07-02,43.2964973449707
2025-07-03,43.345035552978516
2025-07-07,43.01497268676758
2025-07-08,43.39357376098633
2025-07-09,43.95662307739258
2025-07-10,43.20912551879883
2025-07-11,42.869354248046875
2025-07-14,43.04409408569336
2025-07-15,42.209228515625
2025-07-16,42.74315643310547
2025-07-17,42.72373962402344
2025-07-18,42.61695861816406
2025-07-21,42.93730926513672
2025-07-22,43.42269515991211
2025-07-23,44.02457809448242
2025-07-24,44.00516128540039
2025-07-25,44.14107131958008
2025-07-28,43.45181655883789
2025-07-29,43.65568542480469
2025-07-30,43.3741569519043
2025-07-31,43.41299057006836
2025-08-01,43.21883773803711
2025-08-04,43.976036071777344
2025-08-05,44.15077590942383
2025-08-06,44.8109016418457
2025-08-07,45.30599594116211
2025-08-08,45.76226043701172
2025-08-11,45.713722229003906
2025-08-12,45.99524688720703
2025-08-13,46.56800842285156
2025-08-14,47.004852294921875
2025-08-15,47.41257858276367
2025-08-18,47.179588317871094
2025-08-19,47.03397750854492
2025-08-20,47.24754333496094
2025-08-21,47.0630989074707
2025-08-22,47.80088806152344
2025-08-25,46.88835906982422
2025-08-26,46.68449401855469
2025-08-27,46.26706314086914
2025-08-28,46.61654281616211
2025-08-29,46.31560134887695
2025-09-02,45.64577102661133
2025-09-03,45.67489242553711
2025-09-04,46.092323303222656
2025-09-05,46.20881652832031
2025-09-08,46.66508102416992
2025-09-09,46.6747932434082
2025-09-10,47.05339050292969
2025-09-11,47.548484802246094
2025-09-12,47.56789779663086
2025-09-15,47.791175842285156
2025-09-16,47.51936340332031
2025-09-17,47.3252067565918
2025-09-18,47.23783493041992
2025-09-19,47.402870178222656
2025-09-22,47.014556884765625
2025-09-23,47.13105010986328
2025-09-24,47.15046691894531
2025-09-25,46.839820861816406
2025-09-26,47.60673141479492
2025-09-29,47.490234375
2025-09-30,48.053287506103516
2025-10-01,48.18919372558594
2025-10-02,47.917381286621094
2025-10-03,48.19890594482422
2025-10-06,47.78147506713867
2025-10-07,47.490234375
2025-10-08,47.88825988769531
2025-10-09,47.24754333496094
2025-10-10,46.917484283447266
2025-10-13,47.305789947509766
2025-10-14,47.684391021728516
2025-10-15,47.51936340332031
2025-10-16,47.98533248901367
2025-10-17,48.024166107177734
2025-10-20,48.46100997924805
2025-10-21,47.77176284790039
2025-10-22,47.8979606628418
2025-10-23,48.121238708496094
2025-10-24,48.24744415283203
2025-10-27,48.7619514465332
2025-10-28,49.12113571166992
2025-10-29,49.169677734375
2025-10-30,48.810489654541016
2025-10-31,48.70370101928711
2025-11-03,48.66487503051758
2025-11-04,48.27656555175781
2025-11-05,48.92698287963867
2025-11-06,49.169677734375
2025-11-07,49.04347610473633
2025-11-10,49.76184844970703
2025-11-11,50.38314437866211
2025-11-12,50.985023498535156
2025-11-13,50.684085845947266
2025-11-14,50.14044952392578
2025-11-17,49.295875549316406
2025-11-18,48.528968811035156
2025-11-19,48.45130157470703
2025-11-20,47.927085876464844
2025-11-21,48.27656555175781
2025-11-24,48.48042297363281
2025-11-25,49.3541259765625
2025-11-26,50.08220291137695
2025-11-28,50.1501579284668
2025-12-01,50.06278610229492
2025-12-02,50.499637603759766
2025-12-03,50.878238677978516
2025-12-04,50.955902099609375
2025-12-05,50.76174545288086
2025-12-08,50.78116226196289
2025-12-09,50.8297004699707
2025-12-10,51.50924301147461
2025-12-11,51.91696548461914
2025-12-12,51.800472259521484
2025-12-15,52.43147277832031
2025-12-16,52.04761505126953
2025-12-17,51.9688720703125
2025-12-18,52.37241744995117
2025-12-19,52.608642578125
2025-12-22,52.78580856323242
2025-12-23,52.95313262939453
2025-12-24,53.07123947143555
2025-12-26,53.04171371459961
2025-12-29,52.95313262939453
2025-12-30,53.25825119018555
2025-12-31,53.0614013671875
2026-01-02,53.838966369628906
2026-01-05,54.13424301147461
2026-01-06,53.69132614135742
2026-01-07,53.612586975097656
2026-01-08,53.9373893737793
2026-01-09,53.642112731933594
2026-01-12,54.094871520996094
2026-01-13,53.947235107421875
2026-01-14,54.153926849365234
2026-01-15,53.415733337402344
2026-01-16,53.78975296020508
2026-01-20,52.982662200927734
2026-01-21,53.71100997924805
2026-01-22,54.05550003051758
2026-01-23,54.2621955871582
2026-01-26,55.118499755859375
2026-01-27,56.102760314941406
2026-01-28,55.00039291381836
2026-01-29,55.472835540771484
2026-01-30,55.40393829345703
2026-02-02,55.9649658203125
2026-02-03,55.364566802978516
2026-02-04,55.78779602050781
2026-02-05,54.34093475341797
2026-02-06,55.571258544921875
2026-02-09,56.60472869873047
2026-02-10,56.211029052734375
2026-02-11,55.97480392456055
2026-02-12,55.27598190307617
2026-02-13,54.734642028808594
2026-02-17,55.61063003540039
2026-02-18,55.9354362487793
2026-02-19,55.26613998413086
2026-02-20,56.12244415283203
2026-02-23,56.378353118896484
2026-02-24,56.25040054321289
2026-02-25,57.342926025390625
2026-02-26,57.20512771606445
2026-02-27,56.338985443115234
2026-03-02,55.14802932739258
2026-03-03,52.22478103637695
2026-03-04,53.79959487915039
2026-03-05,52.70706558227539
2026-03-06,52.36257553100586
2026-03-09,52.99250030517578
2026-03-10,53.14998245239258
2026-03-11,53.21887969970703
2026-03-12,52.14603805541992
2026-03-13,51.62438201904297
2026-03-16,52.520057678222656
2026-03-17,52.94329071044922
2026-03-18,52.421630859375
2026-03-19,52.441314697265625
2026-03-20,50.817291259765625
2026-03-23,52.25430679321289
2026-03-24,51.94918441772461
2026-03-25,52.687381744384766
2026-03-26,51.63422393798828
2026-03-27,51.142093658447266
2026-03-30,51.39800262451172
2026-03-31,53.45510482788086
2026-04-01,54.0751838684082
2026-04-02,53.99644470214844
2026-04-06,54.419677734375
2026-04-07,54.40983200073242
2026-04-08,56.45709228515625
2026-04-09,56.52599334716797
2026-04-10,56.535831451416016
2026-04-13,56.7130012512207
2026-04-14,57.20512771606445
2026-04-15,56.890167236328125
2026-04-16,56.46693420410156
2026-04-17,57.47087860107422
2026-04-20,57.12638854980469
2026-04-21,55.876380920410156
2026-04-22,55.88622283935547
2026-04-23,54.95117950439453
2026-04-24,55.08897399902344
2026-04-27,55.059444427490234
2026-04-28,55.20708465576172
2026-04-29,54.63621139526367
2026-04-30,55.7779541015625
2026-05-01,55.71889877319336
2026-05-04,54.00628662109375
2026-05-05,55.33504104614258
2026-05-06,56.75237274169922
2026-05-07,55.89606475830078
2026-05-08,56.329139709472656
2026-05-11,56.083072662353516
2026-05-12,55.54173278808594
2026-05-13,55.54173278808594
2026-05-14,55.38425064086914
2026-05-15,54.75432586669922
2026-05-18,55.58110427856445
2026-05-19,54.93149185180664
2026-05-20,56.24055480957031
2026-05-21,56.48662185668945
2026-05-22,55.6204719543457
2026-05-26,56.88032531738281
2026-05-27,56.890167236328125
2026-05-28,56.86064147949219
2026-05-29,56.998435974121094
2026-06-01,56.565364837646484
2026-06-02,56.57520294189453
2026-06-03,55.97480392456055
2026-06-04,56.59489059448242
2026-06-05,55.89606475830078
2026-06-08,55.76811218261719
2026-06-09,55.9354362487793
2026-06-10,55.364566802978516
2026-06-11,57.411827087402344
2026-06-12,57.7760009765625
2026-06-15,58.29999923706055
2026-06-16,58.86000061035156
2026-06-17,58.849998474121094
2026-06-18,59.0099983215332
2026-06-22,59.459999084472656
2026-06-23,59.029998779296875
2026-06-24,58.36000061035156
2026-06-25,58.79999923706055
2026-06-26,58.68000030517578
2026-06-29,59.22999954223633
2026-06-30,59.38999938964844
2026-07-01,58.970001220703125
2026-07-02,59.65999984741211
2026-07-06,60.279998779296875
2026-07-07,59.81999969482422
2026-07-08,58.79999923706055
2026-07-09,59.16999816894531
2026-07-10,59.45000076293945
2026-07-13,58.939998626708984
2026-07-14,59.25
2026-07-15,59.599998474121094
2026-07-16,59.279998779296875
2026-07-17,59.15999984741211
2026-07-20,58.66999816894531
2026-07-21,59.459999084472656
2026-07-22,60.130001068115234
2026-07-23,59.02000045776367
2026-07-24,59.709999084472656
2026-07-27,60.689998626708984
2026-07-28,60.470001220703125
2026-07-29,59.400001525878906
2026-07-30,61.439998626708984
2026-07-31,61.47999954223633
2026-08-03,61.959999084472656
2026-08-04,62.0
2026-08-05,62.18000030517578
2026-08-06,62.29999923706055
2026-08-07,62.65999984741211
2026-08-10,62.40999984741211
2026-08-11,62.630001068115234
2026-08-12,62.79999923706055
2026-08-13,62.66999816894531
2026-08-14,62.849998474121094
2026-08-17,62.400001525878906
2026-08-18,62.08000183105469
2026-08-19,62.36000061035156
2026-08-20,62.27000045776367
2026-08-21,62.91999816894531
2026-08-24,63.22999954223633
2026-08-25,63.150001525878906
2026-08-26,62.880001068115234
2026-08-27,62.40999984741211
2026-08-28,62.349998474121094
2026-08-31,62.400001525878906
2026-09-01,61.560001373291016
2026-09-02,61.93000030517578
2026-09-03,62.59000015258789
2026-09-04,62.75
2026-09-08,62.220001220703125
2026-09-09,61.59000015258789
2026-09-10,61.41999816894531
2026-09-11,62.13999938964844
2026-09-14,60.9900016784668
2026-09-15,61.099998474121094
2026-09-16,60.83000183105469
2026-09-17,61.63999938964844
2026-09-18,60.58000183105469
2026-09-21,61.41999816894531
2026-09-22,61.54999923706055
2026-09-23,60.349998474121094
2026-09-24,60.779998779296875
2026-09-25,61.20000076293945
2026-09-28,60.63999938964844
2026-09-29,60.04999923706055
2026-09-30,59.20000076293945
2026-10-01,57.86000061035156
2026-10-02,58.310001373291016
2026-10-05,58.56999969482422
2026-10-06,58.84000015258789
2026-10-07,57.81999969482422
