date,adjclose
2011-10-10,57.55271530151367
2011-10-11,57.62879943847656
2011-10-12,58.110740661621094
2011-10-13,57.400508880615234
2011-10-14,58.770225524902344
2011-10-17,56.4366455078125
2011-10-18,57.29904556274414
2011-10-19,54.12845230102539
2011-10-20,53.74798583984375
2011-10-21,54.61038589477539
2011-10-24,57.50198745727539
2011-10-25,58.79557800292969
2011-10-26,59.83552551269531
2011-10-27,62.39735794067383
2011-10-28,63.462711334228516
2011-10-31,60.621826171875
2011-11-01,58.770225524902344
2011-11-02,60.90087127685547
2011-11-03,62.85394287109375
2011-11-04,62.57493209838867
2011-11-07,64.42654418945312
2011-11-08,64.45193481445312
2011-11-09,61.255958557128906
2011-11-10,60.34282684326172
2011-11-11,62.270545959472656
2011-11-14,61.636436462402344
2011-11-15,61.30668258666992
2011-11-16,59.860897064208984
2011-11-17,57.24833297729492
2011-11-18,56.690311431884766
2011-11-21,54.407474517822266
2011-11-22,55.422054290771484
2011-11-23,53.21532440185547
2011-11-25,52.6065788269043
2011-11-28,55.11768341064453
2011-11-29,55.29524230957031
2011-11-30,58.87167739868164
2011-12-01,58.89704132080078
2011-12-02,58.08536148071289
2011-12-05,57.83171844482422
2011-12-06,59.023860931396484
2011-12-07,58.973148345947266
2011-12-08,57.24833297729492
2011-12-09,58.87167739868164
2011-12-12,56.38591384887695
2011-12-13,54.5342903137207
2011-12-14,51.870994567871094
2011-12-15,51.92172622680664
2011-12-16,53.72262191772461
2011-12-19,52.12465286254883
2011-12-20,54.61038589477539
2011-12-21,54.48356628417969
2011-12-22,54.02700424194336
2011-12-23,54.229915618896484
2011-12-27,53.34215545654297
2011-12-28,51.16984558105469
2011-12-29,52.516422271728516
2011-12-30,53.65974426269531
2012-01-03,56.1750373840332
2012-01-04,55.87015914916992
2012-01-05,56.12421417236328
2012-01-06,55.74311447143555
2012-01-09,55.997188568115234
2012-01-10,57.80109405517578
2012-01-11,57.29293441772461
2012-01-12,57.01346206665039
2012-01-13,56.14964294433594
2012-01-17,56.58153533935547
2012-01-18,57.82648468017578
2012-01-19,56.962650299072266
2012-01-20,57.928123474121094
2012-01-23,58.89358901977539
2012-01-24,57.928123474121094
2012-01-25,60.59587860107422
2012-01-26,61.840816497802734
2012-01-27,62.98414611816406
2012-01-30,62.47599411010742
2012-01-31,62.323551177978516
2012-02-01,63.238197326660156
2012-02-02,64.07664489746094
2012-02-03,63.517696380615234
2012-02-06,63.009544372558594
2012-02-07,63.31440734863281
2012-02-08,62.90791320800781
2012-02-09,62.6284294128418
2012-02-10,61.51052474975586
2012-02-13,61.561336517333984
2012-02-14,60.74831771850586
2012-02-15,60.79912567138672
2012-02-16,61.58675003051758
2012-02-17,61.25645446777344
2012-02-21,62.37435531616211
2012-02-22,63.06035614013672
2012-02-23,64.50855255126953
2012-02-24,64.15287017822266
2012-02-27,63.82257080078125
2012-02-28,66.10920715332031
2012-02-29,63.74635314941406
2012-03-01,64.81343841552734
2012-03-02,63.39064407348633
2012-03-05,61.25645446777344
2012-03-06,59.14767074584961
2012-03-07,59.85905456542969
2012-03-08,61.104007720947266
2012-03-09,61.129425048828125
2012-03-12,60.1385383605957
2012-03-13,60.875335693359375
2012-03-14,58.461669921875
2012-03-15,58.79195785522461
2012-03-16,58.182193756103516
2012-03-19,58.182193756103516
2012-03-20,57.41999053955078
2012-03-21,57.928123474121094
2012-03-22,56.22585678100586
2012-03-23,57.59784698486328
2012-03-26,58.588706970214844
2012-03-27,57.97893142700195
2012-03-28,55.92097473144531
2012-03-29,56.20044708251953
2012-03-30,56.47991180419922
2012-04-02,58.182193756103516
2012-04-03,56.988067626953125
2012-04-04,54.04084777832031
2012-04-05,53.58351135253906
2012-04-09,52.82130813598633
2012-04-10,52.84670639038086
2012-04-11,52.87211990356445
2012-04-12,55.28580093383789
2012-04-13,53.93921661376953
2012-04-16,53.049964904785156
2012-04-17,53.81217956542969
2012-04-18,53.71054458618164
2012-04-19,53.68513870239258
2012-04-20,53.3802604675293
2012-04-23,52.00828170776367
2012-04-24,51.95746612548828
2012-04-25,53.5327033996582
2012-04-26,54.01542282104492
2012-04-27,54.16788101196289
2012-04-30,54.39654541015625
2012-05-01,54.65060806274414
2012-05-02,53.253231048583984
2012-05-03,51.62717056274414
2012-05-04,51.16984558105469
2012-05-07,50.12815475463867
2012-05-08,48.57833480834961
2012-05-09,48.04477310180664
2012-05-10,48.27344512939453
2012-05-11,47.48582077026367
2012-05-14,45.199180603027344
2012-05-15,42.937957763671875
2012-05-16,42.65847396850586
2012-05-17,43.77638244628906
2012-05-18,44.00505065917969
2012-05-21,45.427852630615234
2012-05-22,44.868900299072266
2012-05-23,46.11383819580078
2012-05-24,46.19005584716797
2012-05-25,46.26628112792969
2012-05-29,46.39331817626953
2012-05-30,45.70733642578125
2012-05-31,45.02132797241211
2012-06-01,46.69819259643555
2012-06-04,47.35878372192383
2012-06-05,47.99395751953125
2012-06-06,49.645416259765625
2012-06-07,48.40047073364258
2012-06-08,48.883209228515625
2012-06-11,47.61285400390625
2012-06-12,49.03564453125
2012-06-13,48.90861511230469
2012-06-14,48.90861511230469
2012-06-15,49.391357421875
2012-06-18,50.636295318603516
2012-06-19,50.814144134521484
2012-06-20,50.89036178588867
2012-06-21,47.46042251586914
2012-06-22,47.20634078979492
2012-06-25,46.92686462402344
2012-06-26,46.69819259643555
2012-06-27,46.74901580810547
2012-06-28,45.32621383666992
2012-06-29,47.282562255859375
2012-07-02,47.3333740234375
2012-07-03,49.54379653930664
2012-07-05,48.67995071411133
2012-07-06,47.05390167236328
2012-07-09,46.87604904174805
2012-07-10,45.04673385620117
2012-07-11,44.89430236816406
2012-07-12,44.64022445678711
2012-07-13,45.173770904541016
2012-07-16,45.25
2012-07-17,45.14837646484375
2012-07-18,44.868900299072266
2012-07-19,45.377037048339844
2012-07-20,44.97050857543945
2012-07-23,43.62393569946289
2012-07-24,43.39528274536133
2012-07-25,44.84347915649414
2012-07-26,46.26628112792969
2012-07-27,47.003082275390625
2012-07-30,47.35878372192383
2012-07-31,46.41871643066406
2012-08-01,45.885169982910156
2012-08-02,45.58029556274414
2012-08-03,46.571163177490234
2012-08-06,47.84151840209961
2012-08-07,48.52750778198242
2012-08-08,48.75616455078125
2012-08-09,49.51839065551758
2012-08-10,49.31511688232422
2012-08-13,49.061058044433594
2012-08-14,48.375064849853516
2012-08-15,48.55291748046875
2012-08-16,50.102752685546875
2012-08-17,50.00111770629883
2012-08-20,50.83955383300781
2012-08-21,52.2369384765625
2012-08-22,53.12618637084961
2012-08-23,53.48188781738281
2012-08-24,53.71054458618164
2012-08-27,53.329444885253906
2012-08-28,53.177005767822266
2012-08-29,52.41478729248047
2012-08-30,51.72880172729492
2012-08-31,54.47277069091797
2012-09-04,55.463626861572266
2012-09-05,55.38742446899414
2012-09-06,56.47991180419922
2012-09-07,58.334632873535156
2012-09-10,57.59784698486328
2012-09-11,57.902713775634766
2012-09-12,57.26755142211914
2012-09-13,61.561336517333984
2012-09-14,63.136566162109375
2012-09-17,62.65384292602539
2012-09-18,63.568504333496094
2012-09-19,64.38153839111328
2012-09-20,63.82257080078125
2012-09-21,64.17826843261719
2012-09-24,62.145694732666016
2012-09-25,60.62129211425781
2012-09-26,61.25645446777344
2012-09-27,63.695526123046875
2012-09-28,63.263614654541016
2012-10-01,63.64470291137695
2012-10-02,63.5938835144043
2012-10-03,62.80628204345703
2012-10-04,64.99130249023438
2012-10-05,64.50855255126953
2012-10-08,63.619300842285156
2012-10-09,62.12029266357422
2012-10-10,61.840816497802734
2012-10-11,62.73008728027344
2012-10-12,61.917049407958984
2012-10-15,61.76458740234375
2012-10-16,63.39064407348633
2012-10-17,63.568504333496094
2012-10-18,62.4251708984375
2012-10-19,62.171104431152344
2012-10-22,63.39064407348633
2012-10-23,61.3072624206543
2012-10-24,60.77371597290039
2012-10-25,62.80628204345703
2012-10-26,62.3997688293457
2012-10-31,64.22908020019531
2012-11-01,64.15287017822266
2012-11-02,61.917049407958984
2012-11-05,61.33267593383789
2012-11-06,61.662960052490234
2012-11-07,62.145694732666016
2012-11-08,62.0440673828125
2012-11-09,61.2818603515625
2012-11-12,60.84992599487305
2012-11-13,59.986114501953125
2012-11-14,57.06428527832031
2012-11-15,55.87015914916992
2012-11-16,56.5561408996582
2012-11-19,58.385459899902344
2012-11-20,58.105979919433594
2012-11-21,58.2584228515625
2012-11-23,59.37632369995117
2012-11-26,58.86819839477539
2012-11-27,58.156803131103516
2012-11-28,57.87731170654297
2012-11-29,58.5124626159668
2012-11-30,58.156803131103516
2012-12-03,57.36915969848633
2012-12-04,57.521602630615234
2012-12-05,56.454524993896484
2012-12-06,56.1750373840332
2012-12-07,57.06428527832031
2012-12-10,58.0551643371582
2012-12-11,58.334632873535156
2012-12-12,59.70661926269531
2012-12-13,58.360042572021484
2012-12-14,58.8173713684082
2012-12-17,58.639522552490234
2012-12-18,57.77567672729492
2012-12-19,57.16591262817383
2012-12-20,56.86103820800781
2012-12-21,56.50533676147461
2012-12-24,56.63236999511719
2012-12-26,56.65778732299805
2012-12-27,56.84238052368164
2012-12-28,56.509063720703125
2012-12-31,58.073062896728516
2013-01-02,60.14986038208008
2013-01-03,58.20124816894531
2013-01-04,57.714107513427734
2013-01-07,56.893653869628906
2013-01-08,56.560340881347656
2013-01-09,56.71417236328125
2013-01-10,57.48336410522461
2013-01-11,57.45771026611328
2013-01-14,57.175689697265625
2013-01-15,57.48336410522461
2013-01-16,56.970577239990234
2013-01-17,56.81673049926758
2013-01-18,56.53470993041992
2013-01-22,56.58597183227539
2013-01-23,55.6373176574707
2013-01-24,54.124610900878906
2013-01-25,53.27850341796875
2013-01-28,52.406776428222656
2013-01-29,53.5605354309082
2013-01-30,53.5605354309082
2013-01-31,53.02212142944336
2013-02-01,54.04768753051758
2013-02-04,53.740020751953125
2013-02-05,53.919498443603516
2013-02-06,54.17588424682617
2013-02-07,54.098968505859375
2013-02-08,54.124610900878906
2013-02-11,53.40671157836914
2013-02-12,53.17595672607422
2013-02-13,52.89391326904297
2013-02-14,52.329856872558594
2013-02-15,50.61201858520508
2013-02-19,49.4326057434082
2013-02-20,47.04814910888672
2013-02-21,47.740413665771484
2013-02-22,47.94552993774414
2013-02-25,48.35575866699219
2013-02-26,48.56087875366211
2013-02-27,48.33012771606445
2013-02-28,47.4071044921875
2013-03-01,46.71485137939453
2013-03-04,45.17647933959961
2013-03-05,45.17647933959961
2013-03-06,46.79177474975586
2013-03-07,46.27898406982422
2013-03-08,46.76612091064453
2013-03-11,46.689205169677734
2013-03-12,47.68913650512695
2013-03-13,46.6635627746582
2013-03-14,46.355892181396484
2013-03-15,46.43281173706055
2013-03-18,46.38153076171875
2013-03-19,46.176422119140625
2013-03-20,46.0482292175293
2013-03-21,46.7404899597168
2013-03-22,46.843048095703125
2013-03-25,46.40717315673828
2013-03-26,46.43281173706055
2013-03-27,46.86867904663086
2013-03-28,46.535362243652344
2013-04-01,45.68927001953125
2013-04-02,44.176551818847656
2013-04-03,42.53562927246094
2013-04-04,43.68939971923828
2013-04-05,44.07399368286133
2013-04-08,43.68939971923828
2013-04-09,45.27904510498047
2013-04-10,44.33038330078125
2013-04-11,43.76632308959961
2013-04-12,41.71518325805664
2013-04-15,36.10017013549805
2013-04-16,36.356563568115234
2013-04-17,34.202850341796875
2013-04-18,35.20278549194336
2013-04-19,35.71556854248047
2013-04-22,36.048892974853516
2013-04-23,35.510459899902344
2013-04-24,37.53596496582031
2013-04-25,38.97176742553711
2013-04-26,37.61288070678711
2013-04-29,38.12565994262695
2013-04-30,38.5102653503418
2013-05-01,37.971832275390625
2013-05-02,37.7410774230957
2013-05-03,38.100032806396484
2013-05-06,37.7154426574707
2013-05-07,36.94625473022461
2013-05-08,37.89490509033203
2013-05-09,37.100093841552734
2013-05-10,37.02317810058594
2013-05-13,36.07453155517578
2013-05-14,35.587379455566406
2013-05-15,34.228492736816406
2013-05-16,34.25413513183594
2013-05-17,32.94652557373047
2013-05-20,34.61309051513672
2013-05-21,34.07465744018555
2013-05-22,34.202850341796875
2013-05-23,34.741275787353516
2013-05-24,34.17721939086914
2013-05-28,34.27977752685547
2013-05-29,35.45918655395508
2013-05-30,37.459049224853516
2013-05-31,36.76679611206055
2013-06-03,37.8436279296875
2013-06-04,37.51033020019531
2013-06-05,36.971900939941406
2013-06-06,37.51033020019531
2013-06-07,36.048892974853516
2013-06-10,36.228355407714844
2013-06-11,34.84383773803711
2013-06-12,34.81819534301758
2013-06-13,35.48482131958008
2013-06-14,34.86948013305664
2013-06-17,34.58745574951172
2013-06-18,33.74134063720703
2013-06-19,32.74142074584961
2013-06-20,28.998071670532227
2013-06-21,30.07493019104004
2013-06-24,28.664766311645508
2013-06-25,28.895519256591797
2013-06-26,27.152042388916016
2013-06-27,27.639188766479492
2013-06-28,30.04928207397461
2013-07-01,30.767187118530273
2013-07-02,29.613420486450195
2013-07-03,30.1774845123291
2013-07-05,29.382658004760742
2013-07-08,29.100624084472656
2013-07-09,29.715974807739258
2013-07-10,29.433940887451172
2013-07-11,31.61328125
2013-07-12,30.94664764404297
2013-07-15,31.049217224121094
2013-07-16,32.38246536254883
2013-07-17,31.92095375061035
2013-07-18,31.767120361328125
2013-07-19,32.35682678222656
2013-07-22,34.30541229248047
2013-07-23,35.92068862915039
2013-07-24,34.48488235473633
2013-07-25,34.690006256103516
2013-07-26,34.741275787353516
2013-07-29,34.63872146606445
2013-07-30,34.25413513183594
2013-07-31,33.92081832885742
2013-08-01,33.433677673339844
2013-08-02,33.33110809326172
2013-08-05,33.40803909301758
2013-08-06,31.074861526489258
2013-08-07,31.049217224121094
2013-08-08,33.5875129699707
2013-08-09,35.10022735595703
2013-08-12,37.305213928222656
2013-08-13,37.946205139160156
2013-08-14,39.38200378417969
2013-08-15,40.715240478515625
2013-08-16,40.56140899658203
2013-08-19,39.40762710571289
2013-08-20,40.381927490234375
2013-08-21,39.176883697509766
2013-08-22,40.15117645263672
2013-08-23,41.40750503540039
2013-08-26,41.9715690612793
2013-08-27,40.407569885253906
2013-08-28,39.638389587402344
2013-08-29,39.92041778564453
2013-08-30,39.30508804321289
2013-09-03,39.715301513671875
2013-09-04,39.22816848754883
2013-09-05,38.68974304199219
2013-09-06,39.20252227783203
2013-09-09,39.0743293762207
2013-09-10,37.8436279296875
2013-09-11,38.151309967041016
2013-09-12,36.17707824707031
2013-09-13,36.17707824707031
2013-09-16,34.99767303466797
2013-09-17,35.04894256591797
2013-09-18,38.920494079589844
2013-09-19,37.86927795410156
2013-09-20,35.45918655395508
2013-09-23,34.56180191040039
2013-09-24,34.228492736816406
2013-09-25,35.12588119506836
2013-09-26,34.27977752685547
2013-09-27,34.48488235473633
2013-09-30,33.84390640258789
2013-10-01,33.126007080078125
2013-10-02,33.0234489440918
2013-10-03,32.71577072143555
2013-10-04,32.408103942871094
2013-10-07,32.895259857177734
2013-10-08,31.741477966308594
2013-10-09,31.638925552368164
2013-10-10,31.638925552368164
2013-10-11,31.12613868713379
2013-10-14,31.27996826171875
2013-10-15,31.51072883605957
2013-10-16,31.049217224121094
2013-10-17,32.81833267211914
2013-10-18,33.126007080078125
2013-10-21,33.40803909301758
2013-10-22,34.84383773803711
2013-10-23,33.7157096862793
2013-10-24,35.04894256591797
2013-10-25,35.45918655395508
2013-10-28,35.228431701660156
2013-10-29,34.151588439941406
2013-10-30,34.4079704284668
2013-10-31,33.10036087036133
2013-11-01,32.04915237426758
2013-11-04,32.63886260986328
2013-11-05,32.33119583129883
2013-11-06,32.279903411865234
2013-11-07,31.382530212402344
2013-11-08,31.27996826171875
2013-11-11,31.22869873046875
2013-11-12,30.38258934020996
2013-11-13,30.613346099853516
2013-11-14,31.485084533691406
2013-11-15,31.485084533691406
2013-11-18,30.94664764404297
2013-11-19,30.66461753845215
2013-11-20,29.741609573364258
2013-11-21,29.485219955444336
2013-11-22,29.485219955444336
2013-11-25,29.177539825439453
2013-11-26,28.51093101501465
2013-11-27,28.895519256591797
2013-11-29,29.869808197021484
2013-12-02,27.946863174438477
2013-12-03,27.613548278808594
2013-12-04,28.280170440673828
2013-12-05,27.690465927124023
2013-12-06,27.741743087768555
2013-12-09,28.100690841674805
2013-12-10,29.228822708129883
2013-12-11,28.331451416015625
2013-12-12,27.895586013793945
2013-12-13,27.86994743347168
2013-12-16,28.100690841674805
2013-12-17,27.86994743347168
2013-12-18,27.536630630493164
2013-12-19,27.100759506225586
2013-12-20,27.17767906188965
2013-12-23,27.100759506225586
2013-12-24,27.741743087768555
2013-12-26,27.946863174438477
2013-12-27,28.75743865966797
2013-12-30,28.57672882080078
2013-12-31,28.91231918334961
2014-01-02,29.996540069580078
2014-01-03,29.970722198486328
2014-01-06,29.764205932617188
2014-01-07,29.712574005126953
2014-01-08,29.299535751342773
2014-01-09,28.6025447845459
2014-01-10,29.609315872192383
2014-01-13,30.461193084716797
2014-01-14,30.04816436767578
2014-01-15,30.33212661743164
2014-01-16,30.848413467407227
2014-01-17,31.726112365722656
2014-01-21,32.758689880371094
2014-01-22,31.726112365722656
2014-01-23,32.371482849121094
2014-01-24,31.95844841003418
2014-01-27,30.822603225708008
2014-01-28,31.029129028320312
2014-01-29,31.984254837036133
2014-01-30,31.313074111938477
2014-01-31,31.08074951171875
2014-02-03,30.951675415039062
2014-02-04,31.235639572143555
2014-02-05,31.4937801361084
2014-02-06,31.519601821899414
2014-02-07,32.81032180786133
2014-02-10,34.17850112915039
2014-02-11,35.70156478881836
2014-02-12,34.77223205566406
2014-02-13,36.321109771728516
2014-02-14,37.508575439453125
2014-02-18,37.92160415649414
2014-02-19,36.65669250488281
2014-02-20,37.92160415649414
2014-02-21,37.999046325683594
2014-02-24,37.92160415649414
2014-02-25,37.14716339111328
2014-02-26,36.166221618652344
2014-02-27,36.14039993286133
2014-02-28,36.06296157836914
2014-03-03,36.26948928833008
2014-03-04,35.95970153808594
2014-03-05,36.372737884521484
2014-03-06,37.22461700439453
2014-03-07,36.14039993286133
2014-03-10,35.624114990234375
2014-03-11,35.10783004760742
2014-03-12,36.14039993286133
2014-03-13,36.7341423034668
2014-03-14,37.508575439453125
2014-03-17,36.5018196105957
2014-03-18,36.14039993286133
2014-03-19,34.617340087890625
2014-03-20,34.9271240234375
2014-03-21,35.03038024902344
2014-03-24,33.12010192871094
2014-03-25,33.4556884765625
2014-03-26,32.371482849121094
2014-03-27,32.70706558227539
2014-03-28,33.35243606567383
2014-03-31,33.016845703125
2014-04-01,32.99102783203125
2014-04-02,33.610572814941406
2014-04-03,33.12010192871094
2014-04-04,33.274986267089844
2014-04-07,33.223358154296875
2014-04-08,33.765472412109375
2014-04-09,33.946163177490234
2014-04-10,33.55894470214844
2014-04-11,33.0684700012207
2014-04-14,33.584774017333984
2014-04-15,32.78450393676758
2014-04-16,32.345664978027344
2014-04-17,31.829368591308594
2014-04-21,31.62285041809082
2014-04-22,32.26822280883789
2014-04-23,32.70706558227539
2014-04-24,32.24241256713867
2014-04-25,32.371482849121094
2014-04-28,31.855192184448242
2014-04-29,32.65543746948242
2014-04-30,32.31985092163086
2014-05-01,31.467966079711914
2014-05-02,32.371482849121094
2014-05-05,32.21659469604492
2014-05-06,32.11333465576172
2014-05-07,31.4937801361084
2014-05-08,31.287263870239258
2014-05-09,31.0549373626709
2014-05-12,31.519601821899414
2014-05-13,31.41633415222168
2014-05-14,31.726112365722656
2014-05-15,31.390520095825195
2014-05-16,31.10655975341797
2014-05-19,31.235639572143555
2014-05-20,31.029129028320312
2014-05-21,30.951675415039062
2014-05-22,30.951675415039062
2014-05-23,30.822603225708008
2014-05-27,29.738391876220703
2014-05-28,29.196285247802734
2014-05-29,29.531871795654297
2014-05-30,29.402801513671875
2014-06-02,29.093027114868164
2014-06-03,29.45442771911621
2014-06-04,29.325359344482422
2014-06-05,30.0739803314209
2014-06-06,30.35793685913086
2014-06-09,30.254680633544922
2014-06-10,30.977487564086914
2014-06-11,31.442153930664062
2014-06-12,32.62961959838867
2014-06-13,32.91358947753906
2014-06-16,32.93939971923828
2014-06-17,33.12010192871094
2014-06-18,34.04943084716797
2014-06-19,36.372737884521484
2014-06-20,35.59830093383789
2014-06-23,36.3985481262207
2014-06-24,35.49503707885742
2014-06-25,35.90807342529297
2014-06-26,36.29529571533203
2014-06-27,36.19203567504883
2014-06-30,36.60507583618164
2014-07-01,36.5018196105957
2014-07-02,36.70832824707031
2014-07-03,37.14716339111328
2014-07-07,36.55344009399414
2014-07-08,36.8890266418457
2014-07-09,37.84416961669922
2014-07-10,37.14716339111328
2014-07-11,37.94742202758789
2014-07-14,36.81157684326172
2014-07-15,35.54667282104492
2014-07-16,35.8048095703125
2014-07-17,36.83739471435547
2014-07-18,36.75994873046875
2014-07-21,37.04391098022461
2014-07-22,36.55344009399414
2014-07-23,36.08877182006836
2014-07-24,35.31433868408203
2014-07-25,36.475990295410156
2014-07-28,36.99228286743164
2014-07-29,36.86321258544922
2014-07-30,36.75994873046875
2014-07-31,36.06296157836914
2014-08-01,36.14039993286133
2014-08-04,35.52085494995117
2014-08-05,35.365970611572266
2014-08-06,36.63088607788086
2014-08-07,36.70832824707031
2014-08-08,36.60507583618164
2014-08-11,37.3795051574707
2014-08-12,37.482765197753906
2014-08-13,37.198795318603516
2014-08-14,36.5018196105957
2014-08-15,36.29529571533203
2014-08-18,36.372737884521484
2014-08-19,35.77899932861328
2014-08-20,35.624114990234375
2014-08-21,35.03038024902344
2014-08-22,34.69478225708008
2014-08-25,34.35919952392578
2014-08-26,34.875492095947266
2014-08-27,35.10783004760742
2014-08-28,35.26271438598633
2014-08-29,35.52085494995117
2014-09-02,34.41083526611328
2014-09-03,34.3333854675293
2014-09-04,32.70706558227539
2014-09-05,32.91358947753906
2014-09-08,31.67449188232422
2014-09-09,32.21659469604492
2014-09-10,31.62285041809082
2014-09-11,31.855192184448242
2014-09-12,31.287263870239258
2014-09-15,31.261449813842773
2014-09-16,31.597043991088867
2014-09-17,30.925851821899414
2014-09-18,30.53864097595215
2014-09-19,29.42861557006836
2014-09-22,28.370220184326172
2014-09-23,28.963953018188477
2014-09-24,28.654178619384766
2014-09-25,28.654178619384766
2014-09-26,28.21533203125
2014-09-29,27.98300552368164
2014-09-30,27.466707229614258
2014-10-01,27.36345100402832
2014-10-02,27.182748794555664
2014-10-03,25.78876304626465
2014-10-06,26.408309936523438
2014-10-07,25.711315155029297
2014-10-08,27.466707229614258
2014-10-09,26.589012145996094
2014-10-10,26.175979614257812
2014-10-13,26.614824295043945
2014-10-14,27.002044677734375
2014-10-15,27.440889358520508
2014-10-16,27.49252700805664
2014-10-17,26.769718170166016
2014-10-20,27.311824798583984
2014-10-21,27.36345100402832
2014-10-22,26.046905517578125
2014-10-23,25.995277404785156
2014-10-24,26.150163650512695
2014-10-27,25.246652603149414
2014-10-28,26.098535537719727
2014-10-29,24.96269989013672
2014-10-30,23.3621883392334
2014-10-31,22.40705108642578
2014-11-03,23.258930206298828
2014-11-04,22.40705108642578
2014-11-05,21.245393753051758
2014-11-06,21.968202590942383
2014-11-07,23.69778060913086
2014-11-10,22.4328670501709
2014-11-11,23.69778060913086
2014-11-12,23.38800811767578
2014-11-13,22.923343658447266
2014-11-14,24.31732940673828
2014-11-17,24.885251998901367
2014-11-18,26.279239654541016
2014-11-19,25.01432228088379
2014-11-20,25.504796981811523
2014-11-21,25.94365119934082
2014-11-24,25.737133026123047
2014-11-25,26.69226837158203
2014-11-26,25.995277404785156
2014-11-28,23.59452247619629
2014-12-01,25.246652603149414
2014-12-02,23.826852798461914
2014-12-03,24.65291976928711
2014-12-04,23.95592498779297
2014-12-05,23.723594665527344
2014-12-08,23.59452247619629
2014-12-09,24.44640350341797
2014-12-10,23.981739044189453
2014-12-11,23.54289436340332
2014-12-12,23.181493759155273
2014-12-15,21.658428192138672
2014-12-16,21.29702377319336
2014-12-17,22.329607009887695
2014-12-18,23.671968460083008
2014-12-19,23.49126434326172
2014-12-22,22.38123321533203
2014-12-23,21.994016647338867
2014-12-24,23.000789642333984
2014-12-26,23.284746170043945
2014-12-29,22.81197166442871
2014-12-30,23.63868522644043
2014-12-31,23.922868728637695
2015-01-02,24.232873916625977
2015-01-05,24.69790267944336
2015-01-06,26.015466690063477
2015-01-07,25.576276779174805
2015-01-08,25.240427017211914
2015-01-09,26.067138671875
2015-01-12,26.893842697143555
2015-01-13,26.196311950683594
2015-01-14,25.343767166137695
2015-01-15,26.222143173217773
2015-01-16,27.178022384643555
2015-01-20,28.34058380126953
2015-01-21,27.7722225189209
2015-01-22,27.74638557434082
2015-01-23,26.868013381958008
2015-01-26,27.229694366455078
2015-01-27,27.978897094726562
2015-01-28,26.5579891204834
2015-01-29,25.653785705566406
2015-01-30,26.377151489257812
2015-02-02,26.687170028686523
2015-02-03,26.092973709106445
2015-02-04,26.66132926940918
2015-02-05,26.997180938720703
2015-02-06,25.96380043029785
2015-02-09,26.118804931640625
2015-02-10,25.782957077026367
2015-02-11,25.343767166137695
2015-02-12,25.860462188720703
2015-02-13,26.299652099609375
2015-02-17,25.343767166137695
2015-02-18,25.705453872680664
2015-02-19,24.95624542236328
2015-02-20,24.38788604736328
2015-02-23,24.232873916625977
2015-02-24,24.413724899291992
2015-02-25,24.801237106323242
2015-02-26,24.69790267944336
2015-02-27,25.111255645751953
2015-03-02,24.672073364257812
2015-03-03,24.232873916625977
2015-03-04,23.535343170166016
2015-03-05,23.406173706054688
2015-03-06,22.243606567382812
2015-03-09,21.313562393188477
2015-03-10,20.486858367919922
2015-03-11,21.236061096191406
2015-03-12,21.158557891845703
2015-03-13,21.210227966308594
2015-03-16,21.391069412231445
2015-03-17,20.900209426879883
2015-03-18,21.985261917114258
2015-03-19,22.321117401123047
2015-03-20,22.992815017700195
2015-03-23,23.612844467163086
2015-03-24,23.69035530090332
2015-03-25,23.276994705200195
2015-03-26,22.786136627197266
2015-03-27,22.631128311157227
2015-03-30,22.011096954345703
2015-03-31,21.726919174194336
2015-04-01,22.631128311157227
2015-04-02,22.217775344848633
2015-04-06,23.147823333740234
2015-04-07,22.734468460083008
2015-04-08,22.269447326660156
2015-04-09,22.088603973388672
2015-04-10,22.47612190246582
2015-04-13,22.217775344848633
2015-04-14,22.243606567382812
2015-04-15,23.044483184814453
2015-04-16,22.786136627197266
2015-04-17,22.52779197692871
2015-04-20,22.631128311157227
2015-04-21,22.55362319946289
2015-04-22,21.959426879882812
2015-04-23,22.682802200317383
2015-04-24,22.243606567382812
2015-04-27,22.8636417388916
2015-04-28,23.63868522644043
2015-04-29,23.66451644897461
2015-04-30,22.941146850585938
2015-05-01,22.941146850585938
2015-05-04,23.251163482666016
2015-05-05,23.173660278320312
2015-05-06,23.01865005493164
2015-05-07,23.0703182220459
2015-05-08,23.30282974243164
2015-05-11,23.457841873168945
2015-05-12,23.819520950317383
2015-05-13,24.82707405090332
2015-05-14,24.95624542236328
2015-05-15,24.9304141998291
2015-05-18,25.1370906829834
2015-05-19,24.129541397094727
2015-05-20,24.129541397094727
2015-05-21,24.232873916625977
2015-05-22,24.000368118286133
2015-05-26,22.889474868774414
2015-05-27,22.889474868774414
2015-05-28,23.225326538085938
2015-05-29,23.251163482666016
2015-06-01,23.251163482666016
2015-06-02,23.56117820739746
2015-06-03,23.276994705200195
2015-06-04,22.941146850585938
2015-06-05,22.83780860900879
2015-06-08,22.786136627197266
2015-06-09,22.708635330200195
2015-06-10,23.199493408203125
2015-06-11,23.121986389160156
2015-06-12,22.966983795166016
2015-06-15,23.457841873168945
2015-06-16,23.199493408203125
2015-06-17,23.56117820739746
2015-06-18,24.026201248168945
2015-06-19,23.63868522644043
2015-06-22,23.328670501708984
2015-06-23,23.121986389160156
2015-06-24,23.096153259277344
2015-06-25,23.044483184814453
2015-06-26,22.760303497314453
2015-06-29,22.29528045654297
2015-06-30,22.088603973388672
2015-07-01,21.313562393188477
2015-07-02,21.85609245300293
2015-07-06,22.088603973388672
2015-07-07,20.82270622253418
2015-07-08,20.40935516357422
2015-07-09,20.40935516357422
2015-07-10,20.40935516357422
2015-07-13,20.69353675842285
2015-07-14,20.590194702148438
2015-07-15,20.12517547607422
2015-07-16,20.04766845703125
2015-07-17,19.11762237548828
2015-07-20,17.515878677368164
2015-07-21,17.85172462463379
2015-07-22,17.748394012451172
2015-07-23,16.921680450439453
2015-07-24,17.309194564819336
2015-07-27,16.921680450439453
2015-07-28,17.18002700805664
2015-07-29,17.38669776916504
2015-07-30,17.05084991455078
2015-07-31,17.309194564819336
2015-08-03,16.689167022705078
2015-08-04,16.81833839416504
2015-08-05,16.430822372436523
2015-08-06,16.689167022705078
2015-08-07,16.689167022705078
2015-08-10,17.877559661865234
2015-08-11,18.187576293945312
2015-08-12,19.505144119262695
2015-08-13,18.626760482788086
2015-08-14,18.626760482788086
2015-08-17,18.98845100402832
2015-08-18,18.394254684448242
2015-08-19,18.936779022216797
2015-08-20,19.40180015563965
2015-08-21,18.575092315673828
2015-08-24,17.309194564819336
2015-08-25,16.715003967285156
2015-08-26,16.120805740356445
2015-08-27,17.02501678466797
2015-08-28,17.774221420288086
2015-08-31,17.541709899902344
2015-09-01,17.102523803710938
2015-09-02,16.81833839416504
2015-09-03,16.637496948242188
2015-09-04,16.48249053955078
2015-09-08,16.81833839416504
2015-09-09,16.1724796295166
2015-09-10,16.094972610473633
2015-09-11,16.353315353393555
2015-09-14,16.249975204467773
2015-09-15,16.275814056396484
2015-09-16,17.23169708251953
2015-09-17,17.774221420288086
2015-09-18,17.85172462463379
2015-09-21,17.283363342285156
2015-09-22,16.715003967285156
2015-09-23,16.301647186279297
2015-09-24,17.43837547302246
2015-09-25,17.128355026245117
2015-09-28,16.249975204467773
2015-09-29,16.301647186279297
2015-09-30,16.689167022705078
2015-10-01,16.45665740966797
2015-10-02,17.670883178710938
2015-10-05,18.394254684448242
2015-10-06,19.11762237548828
2015-10-07,19.143455505371094
2015-10-08,18.807605743408203
2015-10-09,19.634315490722656
2015-10-12,19.169288635253906
2015-10-13,19.32430076599121
2015-10-14,20.40935516357422
2015-10-15,20.538530349731445
2015-10-16,20.073503494262695
2015-10-19,18.936779022216797
2015-10-20,19.582645416259766
2015-10-21,18.859277725219727
2015-10-22,19.143455505371094
2015-10-23,19.530977249145508
2015-10-26,19.27263069152832
2015-10-27,19.2984676361084
2015-10-28,19.040115356445312
2015-10-29,18.1617431640625
2015-10-30,17.877559661865234
2015-11-02,17.95506477355957
2015-11-03,18.032569885253906
2015-11-04,17.774221420288086
2015-11-05,17.23169708251953
2015-11-06,16.534160614013672
2015-11-09,16.689167022705078
2015-11-10,16.404983520507812
2015-11-11,16.404983520507812
2015-11-12,16.1724796295166
2015-11-13,16.45665740966797
2015-11-16,16.585830688476562
2015-11-17,15.836626052856445
2015-11-18,16.473880767822266
2015-11-19,16.80972671508789
2015-11-20,16.275814056396484
2015-11-23,16.224143981933594
2015-11-24,16.740842819213867
2015-11-25,16.689167022705078
2015-11-27,16.611665725708008
2015-11-30,16.671945571899414
2015-12-01,17.08530044555664
2015-12-02,16.78389549255371
2015-12-03,16.870006561279297
2015-12-04,17.481428146362305
2015-12-07,16.637496948242188
2015-12-08,16.23275375366211
2015-12-09,16.353315353393555
2015-12-10,16.37053871154785
2015-12-11,16.353315353393555
2015-12-14,15.69884204864502
2015-12-15,15.759121894836426
2015-12-16,16.34470558166504
2015-12-17,15.423272132873535
2015-12-18,15.629948616027832
2015-12-21,15.888294219970703
2015-12-22,16.051912307739258
2015-12-23,16.404983520507812
2015-12-24,16.732221603393555
2015-12-28,16.163864135742188
2015-12-29,16.18979835510254
2015-12-30,15.921838760375977
2015-12-31,15.999629974365234
2016-01-04,16.27623176574707
2016-01-05,16.137929916381836
2016-01-06,16.284875869750977
2016-01-07,16.46639060974121
2016-01-08,16.16386604309082
2016-01-11,15.541511535644531
2016-01-12,14.806793212890625
2016-01-13,14.875940322875977
2016-01-14,14.53883171081543
2016-01-15,14.08935546875
2016-01-19,13.320060729980469
2016-01-20,13.354634284973145
2016-01-21,13.501579284667969
2016-01-22,13.838687896728516
2016-01-25,13.925125122070312
2016-01-26,14.728995323181152
2016-01-27,14.971020698547363
2016-01-28,14.893227577209473
2016-01-29,15.567445755004883
2016-02-01,15.973701477050781
2016-02-02,15.627950668334961
2016-02-03,16.500972747802734
2016-02-04,17.06281280517578
2016-02-05,17.451786041259766
2016-02-08,17.935836791992188
2016-02-09,17.512290954589844
2016-02-10,17.373992919921875
2016-02-11,18.55819320678711
2016-02-12,19.13732147216797
2016-02-16,18.27294158935547
2016-02-17,18.817501068115234
2016-02-18,19.83746910095215
2016-02-19,19.70781135559082
2016-02-22,19.647302627563477
2016-02-23,19.681880950927734
2016-02-24,19.89797592163086
2016-02-25,20.09678077697754
2016-02-26,19.70781135559082
2016-02-29,20.122711181640625
2016-03-01,19.336130142211914
2016-03-02,19.89797592163086
2016-03-03,20.97844696044922
2016-03-04,21.40199089050293
2016-03-07,22.37009620666504
2016-03-08,21.41063690185547
2016-03-09,21.635374069213867
2016-03-10,22.473819732666016
2016-03-11,22.318235397338867
2016-03-14,21.903331756591797
2016-03-15,21.713167190551758
2016-03-16,23.03566551208496
2016-03-17,23.62343978881836
2016-03-18,23.804960250854492
2016-03-21,24.055631637573242
2016-03-22,23.91733169555664
2016-03-23,22.603479385375977
2016-03-24,22.707202911376953
2016-03-28,22.646697998046875
2016-03-29,23.562936782836914
2016-03-30,23.338197708129883
2016-03-31,22.914657592773438
2016-04-01,22.923295974731445
2016-04-04,22.335519790649414
2016-04-05,22.784997940063477
2016-04-06,22.983800888061523
2016-04-07,23.4073486328125
2016-04-08,24.202579498291016
2016-04-11,25.628801345825195
2016-04-12,26.32894515991211
2016-04-13,26.23386573791504
2016-04-14,25.507783889770508
2016-04-15,26.28572654724121
2016-04-18,26.467243194580078
2016-04-19,28.91343879699707
2016-04-20,28.57632827758789
2016-04-21,28.904787063598633
2016-04-22,28.342947006225586
2016-04-25,28.083633422851562
2016-04-26,29.112241744995117
2016-04-27,29.40613555908203
2016-04-28,30.348304748535156
2016-04-29,31.705371856689453
2016-05-02,31.013877868652344
2016-05-03,30.0889892578125
2016-05-04,28.489892959594727
2016-05-05,29.198678970336914
2016-05-06,30.452024459838867
2016-05-09,28.515819549560547
2016-05-10,29.380203247070312
2016-05-11,30.33965301513672
2016-05-12,30.616256713867188
2016-05-13,30.806421279907227
2016-05-16,31.54978370666504
2016-05-17,32.54383087158203
2016-05-18,30.33102035522461
2016-05-19,30.201353073120117
2016-05-20,30.538463592529297
2016-05-23,30.443391799926758
2016-05-24,28.602256774902344
2016-05-25,29.28511619567871
2016-05-26,29.267826080322266
2016-05-27,28.282434463500977
2016-05-31,28.680051803588867
2016-06-01,28.636837005615234
2016-06-02,28.84428596496582
2016-06-03,31.636220932006836
2016-06-06,31.930112838745117
2016-06-07,31.765888214111328
2016-06-08,33.02787399291992
2016-06-09,33.43413162231445
2016-06-10,32.83771514892578
2016-06-13,32.88956832885742
2016-06-14,32.01655960083008
2016-06-15,33.37362289428711
2016-06-16,32.66483688354492
2016-06-17,33.019229888916016
2016-06-20,33.60701370239258
2016-06-21,32.85499954223633
2016-06-22,33.00194549560547
2016-06-23,33.35633850097656
2016-06-24,34.237998962402344
2016-06-27,34.505958557128906
2016-06-28,34.67020034790039
2016-06-29,36.4508056640625
2016-06-30,37.44484329223633
2016-07-01,39.7181510925293
2016-07-05,40.34915542602539
2016-07-06,42.38043975830078
2016-07-07,40.81591033935547
2016-07-08,42.32857894897461
2016-07-11,43.40904235839844
2016-07-12,42.00875473022461
2016-07-13,43.52141189575195
2016-07-14,43.4954833984375
2016-07-15,42.77805709838867
2016-07-18,42.88177490234375
2016-07-19,42.345863342285156
2016-07-20,39.70950698852539
2016-07-21,41.05794143676758
2016-07-22,40.91963577270508
2016-07-25,39.484771728515625
2016-07-26,40.79862976074219
2016-07-27,42.37179183959961
2016-07-28,42.83856201171875
2016-07-29,43.97089767456055
2016-08-01,44.653751373291016
2016-08-02,45.21559143066406
2016-08-03,44.757476806640625
2016-08-04,44.938995361328125
2016-08-05,43.6856575012207
2016-08-08,44.59324264526367
2016-08-09,45.10322570800781
2016-08-10,45.80337142944336
2016-08-11,46.054046630859375
2016-08-12,45.85523986816406
2016-08-15,46.14048385620117
2016-08-16,46.321998596191406
2016-08-17,45.27610397338867
2016-08-18,46.03675079345703
2016-08-19,44.61053466796875
2016-08-22,43.39176940917969
2016-08-23,42.71754837036133
2016-08-24,39.29460525512695
2016-08-25,39.813232421875
2016-08-26,39.83052444458008
2016-08-29,40.30593490600586
2016-08-30,38.22278594970703
2016-08-31,37.27197265625
2016-09-01,38.43022918701172
2016-09-02,40.228145599365234
2016-09-06,42.35450744628906
2016-09-07,42.544673919677734
2016-09-08,41.827239990234375
2016-09-09,39.10444641113281
2016-09-12,40.25407028198242
2016-09-13,38.15363693237305
2016-09-14,38.39565658569336
2016-09-15,38.56853103637695
2016-09-16,37.73873519897461
2016-09-19,38.36109161376953
2016-09-20,38.48210525512695
2016-09-21,41.10115432739258
2016-09-22,40.9023551940918
2016-09-23,39.493412017822266
2016-09-26,39.06986999511719
2016-09-27,38.37837219238281
2016-09-28,39.311893463134766
2016-09-29,39.19952392578125
2016-09-30,38.4475212097168
2016-10-03,38.032623291015625
2016-10-04,34.367652893066406
2016-10-05,34.30714797973633
2016-10-06,33.339046478271484
2016-10-07,33.89224624633789
2016-10-10,34.19478988647461
2016-10-11,33.12295913696289
2016-10-12,33.83174133300781
2016-10-13,34.367652893066406
2016-10-14,33.32176208496094
2016-10-17,34.22071075439453
2016-10-18,35.53456497192383
2016-10-19,36.32114791870117
2016-10-20,36.079124450683594
2016-10-21,35.863037109375
2016-10-24,35.14559555053711
2016-10-25,35.88032150268555
2016-10-26,34.94678497314453
2016-10-27,34.454097747802734
2016-10-28,34.445457458496094
2016-10-31,35.14559555053711
2016-11-01,36.24335479736328
2016-11-02,35.975399017333984
2016-11-03,36.18284606933594
2016-11-04,35.60371780395508
2016-11-07,35.05051803588867
2016-11-08,35.22339630126953
2016-11-09,36.666900634765625
2016-11-10,33.34769058227539
2016-11-11,30.305084228515625
2016-11-14,30.443391799926758
2016-11-15,31.593013763427734
2016-11-16,31.10895347595215
2016-11-17,30.41745376586914
2016-11-18,29.89018440246582
2016-11-21,30.85828399658203
2016-11-22,30.901500701904297
2016-11-23,29.345623016357422
2016-11-25,29.52713966369629
2016-11-28,30.434736251831055
2016-11-29,30.37423324584961
2016-11-30,29.967975616455078
2016-12-01,29.777812957763672
2016-12-02,31.10895347595215
2016-12-05,31.100309371948242
2016-12-06,30.780485153198242
2016-12-07,31.229976654052734
2016-12-08,30.892860412597656
2016-12-09,29.786455154418945
2016-12-12,30.175424575805664
2016-12-13,30.547103881835938
2016-12-14,29.29375457763672
2016-12-15,27.51314353942871
2016-12-16,27.2278995513916
2016-12-19,27.167388916015625
2016-12-20,26.959941864013672
2016-12-21,26.735204696655273
2016-12-22,26.657407760620117
2016-12-23,27.011804580688477
2016-12-27,27.73788070678711
2016-12-28,28.241357803344727
2016-12-29,30.199838638305664
2016-12-30,28.71533203125
2017-01-03,30.29820442199707
2017-01-04,30.86159324645996
2017-01-05,33.428184509277344
2017-01-06,31.746938705444336
2017-01-09,32.024166107177734
2017-01-10,32.56072998046875
2017-01-11,32.283504486083984
2017-01-12,32.131473541259766
2017-01-13,32.73958969116211
2017-01-17,33.6070442199707
2017-01-18,32.9542121887207
2017-01-19,32.74852752685547
2017-01-20,33.231441497802734
2017-01-23,34.3045768737793
2017-01-24,34.04523849487305
2017-01-25,33.84849548339844
2017-01-26,32.45341873168945
2017-01-27,33.41030502319336
2017-01-30,33.07047653198242
2017-01-31,34.14360809326172
2017-02-01,34.510257720947266
2017-02-02,34.984230041503906
2017-02-03,35.037879943847656
2017-02-06,36.35247039794922
2017-02-07,36.513458251953125
2017-02-08,36.84433364868164
2017-02-09,35.5386848449707
2017-02-10,36.02159118652344
2017-02-13,35.592342376708984
2017-02-14,35.7533073425293
2017-02-15,35.1630859375
2017-02-16,35.49397277832031
2017-02-17,35.0557746887207
2017-02-21,34.82326126098633
2017-02-22,34.53709411621094
2017-02-23,35.01106262207031
2017-02-24,34.2330322265625
2017-02-27,32.08675765991211
2017-02-28,32.533905029296875
2017-03-01,33.106239318847656
2017-03-02,30.86159324645996
2017-03-03,31.469707489013672
2017-03-06,30.07463264465332
2017-03-07,29.833179473876953
2017-03-08,29.547012329101562
2017-03-09,29.06410026550293
2017-03-10,29.9583740234375
2017-03-13,30.521778106689453
2017-03-14,29.38603973388672
2017-03-15,32.024166107177734
2017-03-16,31.818485260009766
2017-03-17,31.398174285888672
2017-03-20,31.666452407836914
2017-03-21,32.283504486083984
2017-03-22,32.27456283569336
2017-03-23,32.05992889404297
2017-03-24,32.05992889404297
2017-03-27,32.66804885864258
2017-03-28,32.07782745361328
2017-03-29,32.05992889404297
2017-03-30,31.773761749267578
2017-03-31,32.21196365356445
2017-04-03,32.56072998046875
2017-04-04,32.945274353027344
2017-04-05,32.6501579284668
2017-04-06,32.989994049072266
2017-04-07,33.01681137084961
2017-04-10,32.87372589111328
2017-04-11,33.87532424926758
2017-04-12,33.911094665527344
2017-04-13,34.0631217956543
2017-04-17,33.687530517578125
2017-04-18,33.446067810058594
2017-04-19,32.16725540161133
2017-04-20,32.39081573486328
2017-04-21,32.131473541259766
2017-04-24,31.746938705444336
2017-04-25,30.745344161987305
2017-04-26,31.398174285888672
2017-04-27,30.575429916381836
2017-04-28,31.21037483215332
2017-05-01,30.378690719604492
2017-05-02,30.30714225769043
2017-05-03,30.101459503173828
2017-05-04,29.010435104370117
2017-05-05,29.90471839904785
2017-05-08,29.52018165588379
2017-05-09,29.70798110961914
2017-05-10,30.173006057739258
2017-05-11,31.32662582397461
2017-05-12,31.648561477661133
2017-05-15,31.78270721435547
2017-05-16,32.507080078125
2017-05-17,32.9631462097168
2017-05-18,32.033103942871094
2017-05-19,32.43552780151367
2017-05-22,32.784305572509766
2017-05-23,31.791650772094727
2017-05-24,32.0957145690918
2017-05-25,31.898963928222656
2017-05-26,32.131473541259766
2017-05-30,31.532310485839844
2017-05-31,31.32662582397461
2017-06-01,31.299795150756836
2017-06-02,31.469707489013672
2017-06-05,31.505477905273438
2017-06-06,32.757469177246094
2017-06-07,32.3997688293457
2017-06-08,32.22090148925781
2017-06-09,31.720108032226562
2017-06-12,31.237197875976562
2017-06-13,31.711166381835938
2017-06-14,30.48600196838379
2017-06-15,30.003087997436523
2017-06-16,30.208772659301758
2017-06-19,29.73480796813965
2017-06-20,29.564897537231445
2017-06-21,29.97626495361328
2017-06-22,30.44129180908203
2017-06-23,31.19248390197754
2017-06-26,30.852663040161133
2017-06-27,30.691688537597656
2017-06-28,31.067285537719727
2017-06-29,30.1640567779541
2017-06-30,30.360803604125977
2017-07-03,29.511240005493164
2017-07-05,29.681148529052734
2017-07-06,28.921009063720703
2017-07-07,28.375503540039062
2017-07-10,28.983612060546875
2017-07-11,29.198238372802734
2017-07-12,29.34132957458496
2017-07-13,28.92995834350586
2017-07-14,29.69903564453125
2017-07-17,30.25348663330078
2017-07-18,30.44129180908203
2017-07-19,30.226661682128906
2017-07-20,30.432342529296875
2017-07-21,30.602258682250977
2017-07-24,29.98520278930664
2017-07-25,30.11934471130371
2017-07-26,31.174591064453125
2017-07-27,30.450223922729492
2017-07-28,30.915266036987305
2017-07-31,30.942089080810547
2017-08-01,30.673799514770508
2017-08-02,30.32503890991211
2017-08-03,30.33397102355957
2017-08-04,29.2697811126709
2017-08-07,29.189294815063477
2017-08-08,29.216127395629883
2017-08-09,29.806352615356445
2017-08-10,30.33397102355957
2017-08-11,30.25348663330078
2017-08-14,29.94049644470215
2017-08-15,29.278724670410156
2017-08-16,29.86000633239746
2017-08-17,29.779521942138672
2017-08-18,29.67220687866211
2017-08-21,29.98520278930664
2017-08-22,29.654327392578125
2017-08-23,29.949432373046875
2017-08-24,30.280315399169922
2017-08-25,30.23560905456543
2017-08-28,31.335569381713867
2017-08-29,31.237197875976562
2017-08-30,31.004682540893555
2017-08-31,31.32662582397461
2017-09-01,31.424997329711914
2017-09-05,32.07782745361328
2017-09-06,31.621736526489258
2017-09-07,32.489192962646484
2017-09-08,31.818485260009766
2017-09-11,31.183542251586914
2017-09-12,31.577016830444336
2017-09-13,30.709577560424805
2017-09-14,30.727455139160156
2017-09-15,30.42340850830078
2017-09-18,29.743751525878906
2017-09-19,30.020973205566406
2017-09-20,29.6453800201416
2017-09-21,29.43968963623047
2017-09-22,29.949432373046875
2017-09-25,30.30714225769043
2017-09-26,29.815292358398438
2017-09-27,29.48441505432129
2017-09-28,29.55594825744629
2017-09-29,29.502290725708008
2017-10-02,29.636436462402344
2017-10-03,30.020973205566406
2017-10-04,30.369741439819336
2017-10-05,30.11934471130371
2017-10-06,30.387632369995117
2017-10-09,30.691688537597656
2017-10-10,30.47705841064453
2017-10-11,30.781116485595703
2017-10-12,30.745344161987305
2017-10-13,30.691688537597656
2017-10-16,30.056743621826172
2017-10-17,30.056743621826172
2017-10-18,29.85106658935547
2017-10-19,30.181947708129883
2017-10-20,29.770580291748047
2017-10-23,29.98520278930664
2017-10-24,29.67220687866211
2017-10-25,29.2697811126709
2017-10-26,28.5096435546875
2017-10-27,28.625900268554688
2017-10-30,28.90312385559082
2017-10-31,28.652729034423828
2017-11-01,28.69744110107422
2017-11-02,28.500699996948242
2017-11-03,28.01779556274414
2017-11-06,28.572242736816406
2017-11-07,28.259244918823242
2017-11-08,28.411273956298828
2017-11-09,28.098276138305664
2017-11-10,27.543819427490234
2017-11-13,27.373910903930664
2017-11-14,27.24871063232422
2017-11-15,27.329195022583008
2017-11-16,27.356021881103516
2017-11-17,27.785276412963867
2017-11-20,27.418621063232422
2017-11-21,27.83893585205078
2017-11-22,28.384443283081055
2017-11-24,28.34867286682129
2017-11-27,28.044614791870117
2017-11-28,28.19664764404297
2017-11-29,27.758447647094727
2017-11-30,27.785276412963867
2017-12-01,27.785276412963867
2017-12-04,27.373910903930664
2017-12-05,27.051971435546875
2017-12-06,26.61376953125
2017-12-07,26.479631423950195
2017-12-08,26.738971710205078
2017-12-11,27.034080505371094
2017-12-12,26.81051254272461
2017-12-13,27.812105178833008
2017-12-14,27.633251190185547
2017-12-15,27.758447647094727
2017-12-18,28.241357803344727
2017-12-19,28.05356216430664
2017-12-20,28.491758346557617
2017-12-21,28.554357528686523
2017-12-22,28.724267959594727
2017-12-26,29.06410026550293
2017-12-27,29.019380569458008
2017-12-28,29.033693313598633
2017-12-29,29.194698333740234
2018-01-02,30.035470962524414
2018-01-03,29.355693817138672
2018-01-04,29.445138931274414
2018-01-05,29.319917678833008
2018-01-08,29.141027450561523
2018-01-09,29.069475173950195
2018-01-10,29.37358856201172
2018-01-11,29.561418533325195
2018-01-12,30.196470260620117
2018-01-16,30.178585052490234
2018-01-17,29.87447738647461
2018-01-18,29.284143447875977
2018-01-19,29.588254928588867
2018-01-22,29.5256404876709
2018-01-23,29.597196578979492
2018-01-24,30.348526000976562
2018-01-25,29.454090118408203
2018-01-26,29.6240291595459
2018-01-29,28.95319175720215
2018-01-30,28.586469650268555
2018-01-31,28.89952850341797
2018-02-01,28.863752365112305
2018-02-02,27.602584838867188
2018-02-05,27.44158172607422
2018-02-06,27.387916564941406
2018-02-07,26.49346923828125
2018-02-08,26.26091766357422
2018-02-09,25.74213981628418
2018-02-12,26.869136810302734
2018-02-13,26.80652618408203
2018-02-14,28.076641082763672
2018-02-15,28.452302932739258
2018-02-16,27.987194061279297
2018-02-20,27.22691535949707
2018-02-21,27.08380699157715
2018-02-22,27.119585037231445
2018-02-23,27.22691535949707
2018-02-26,27.647306442260742
2018-02-27,26.940692901611328
2018-02-28,26.439804077148438
2018-03-01,26.59185791015625
2018-03-02,26.788639068603516
2018-03-05,26.797582626342773
2018-03-06,27.43263816833496
2018-03-07,27.030136108398438
2018-03-08,27.030136108398438
2018-03-09,27.235858917236328
2018-03-12,27.352134704589844
2018-03-13,27.504192352294922
2018-03-14,27.316360473632812
2018-03-15,26.842302322387695
2018-03-16,26.824417114257812
2018-03-19,26.547142028808594
2018-03-20,26.26091766357422
2018-03-21,27.21796989440918
2018-03-22,26.91385841369629
2018-03-23,27.34319496154785
2018-03-26,27.656253814697266
2018-03-27,27.2626953125
2018-03-28,26.922807693481445
2018-03-29,27.47736167907715
2018-04-02,27.45947265625
2018-04-03,27.173250198364258
2018-04-04,27.405805587768555
2018-04-05,27.513139724731445
2018-04-06,27.146413803100586
2018-04-09,26.681304931640625
2018-04-10,27.21796989440918
2018-04-11,27.486305236816406
2018-04-12,27.62941551208496
2018-04-13,27.879863739013672
2018-04-16,27.45052719116211
2018-04-17,27.77252960205078
2018-04-18,28.425477981567383
2018-04-19,28.452302932739258
2018-04-20,28.13030433654785
2018-04-23,27.513139724731445
2018-04-24,27.74569320678711
2018-04-25,27.513139724731445
2018-04-26,27.647306442260742
2018-04-27,27.67413902282715
2018-04-30,27.352134704589844
2018-05-01,27.164302825927734
2018-05-02,27.39685821533203
2018-05-03,27.45947265625
2018-05-04,27.602584838867188
2018-05-07,27.486305236816406
2018-05-08,27.34319496154785
2018-05-09,27.34319496154785
2018-05-10,27.870914459228516
2018-05-11,27.996139526367188
2018-05-14,27.72780418395996
2018-05-15,27.146413803100586
2018-05-16,27.387916564941406
2018-05-17,27.504192352294922
2018-05-18,27.44158172607422
2018-05-21,27.504192352294922
2018-05-22,27.80830192565918
2018-05-23,27.72780418395996
2018-05-24,27.844079971313477
2018-05-25,27.37002944946289
2018-05-29,27.09274673461914
2018-05-30,27.22691535949707
2018-05-31,27.146413803100586
2018-06-01,27.316360473632812
2018-06-04,27.030136108398438
2018-06-05,27.19113540649414
2018-06-06,27.32530403137207
2018-06-07,27.298473358154297
2018-06-08,27.021194458007812
2018-06-11,27.1016902923584
2018-06-12,26.94963836669922
2018-06-13,27.06591796875
2018-06-14,27.06591796875
2018-06-15,26.448747634887695
2018-06-18,26.314579010009766
2018-06-19,25.858415603637695
2018-06-20,25.965749740600586
2018-06-21,25.777912139892578
2018-06-22,26.207246780395508
2018-06-25,25.90313720703125
2018-06-26,25.894193649291992
2018-06-27,25.50958251953125
2018-06-28,25.357524871826172
2018-06-29,25.831581115722656
2018-07-02,25.59902572631836
2018-07-03,26.037303924560547
2018-07-05,26.14463996887207
2018-07-06,26.341419219970703
2018-07-09,26.457691192626953
2018-07-10,26.30563735961914
2018-07-11,25.47380256652832
2018-07-12,25.804746627807617
2018-07-13,25.563249588012695
2018-07-16,25.3933048248291
2018-07-17,25.294912338256836
2018-07-18,25.303855895996094
2018-07-19,24.79402732849121
2018-07-20,25.12496566772461
2018-07-23,24.7403621673584
2018-07-24,25.25019073486328
2018-07-25,25.3933048248291
2018-07-26,24.776134490966797
2018-07-27,24.62407875061035
2018-07-30,24.45414161682129
2018-07-31,24.8029727935791
2018-08-01,24.37363624572754
2018-08-02,24.06058120727539
2018-08-03,24.355745315551758
2018-08-06,24.06058120727539
2018-08-07,24.006912231445312
2018-08-08,23.962190628051758
2018-08-09,24.105304718017578
2018-08-10,23.72068977355957
2018-08-13,22.942522048950195
2018-08-14,22.88885498046875
2018-08-15,21.582962036132812
2018-08-16,21.359350204467773
2018-08-17,21.922855377197266
2018-08-20,22.182239532470703
2018-08-21,22.396907806396484
2018-08-22,22.432687759399414
2018-08-23,21.618741989135742
2018-08-24,22.548965454101562
2018-08-27,22.996187210083008
2018-08-28,22.513187408447266
2018-08-29,22.71891212463379
2018-08-30,22.16435432434082
2018-08-31,22.06596565246582
2018-09-04,21.26991081237793
2018-09-05,21.21623992919922
2018-09-06,21.323575973510742
2018-09-07,21.082075119018555
2018-09-10,20.840574264526367
2018-09-11,20.751131057739258
2018-09-12,21.439847946166992
2018-09-13,21.225187301635742
2018-09-14,21.10890769958496
2018-09-17,21.54718589782715
2018-09-18,21.57402229309082
2018-09-19,22.137521743774414
2018-09-20,22.387962341308594
2018-09-21,22.083852767944336
2018-09-24,21.913911819458008
2018-09-25,22.021242141723633
2018-09-26,21.69923973083496
2018-09-27,21.582962036132812
2018-09-28,21.672409057617188
2018-10-01,21.511409759521484
2018-10-02,21.672409057617188
2018-10-03,21.520355224609375
2018-10-04,21.47563362121582
2018-10-05,21.404075622558594
2018-10-08,21.421968460083008
2018-10-09,21.35040855407715
2018-10-10,21.162574768066406
2018-10-11,22.030189514160156
2018-10-12,22.17329978942871
2018-10-15,22.504240036010742
2018-10-16,22.727853775024414
2018-10-17,22.692073822021484
2018-10-18,22.46846580505371
2018-10-19,22.4148006439209
2018-10-22,22.298521041870117
2018-10-23,22.540023803710938
2018-10-24,22.06596565246582
2018-10-25,21.57402229309082
2018-10-26,21.386186599731445
2018-10-29,21.082075119018555
2018-10-30,21.019466400146484
2018-10-31,20.634855270385742
2018-11-01,21.439847946166992
2018-11-02,21.56507682800293
2018-11-05,21.538244247436523
2018-11-06,21.243072509765625
2018-11-07,21.153627395629883
2018-11-08,21.126800537109375
2018-11-09,20.885297775268555
2018-11-12,20.22340965270996
2018-11-13,20.098186492919922
2018-11-14,20.670631408691406
2018-11-15,20.93001937866211
2018-11-16,21.377241134643555
2018-11-19,21.377241134643555
2018-11-20,21.073129653930664
2018-11-21,21.672409057617188
2018-11-23,20.90318489074707
2018-11-26,20.724294662475586
2018-11-27,20.411243438720703
2018-11-28,20.974746704101562
2018-11-29,20.90318489074707
2018-11-30,20.616962432861328
2018-12-03,20.947908401489258
2018-12-04,21.073129653930664
2018-12-06,21.073129653930664
2018-12-07,21.359350204467773
2018-12-10,21.35040855407715
2018-12-11,21.29673957824707
2018-12-12,21.770801544189453
2018-12-13,21.922855377197266
2018-12-14,22.00335693359375
2018-12-17,22.17329978942871
2018-12-18,22.7725772857666
2018-12-19,21.80657386779785
2018-12-20,22.5757999420166
2018-12-21,22.12857437133789
2018-12-24,22.548965454101562
2018-12-26,22.61157989501953
2018-12-27,22.7099666595459
2018-12-28,22.59589958190918
2018-12-31,22.65021324157715
2019-01-02,22.786008834838867
2019-01-03,23.419706344604492
2019-01-04,23.537395477294922
2019-01-07,23.446868896484375
2019-01-08,23.600765228271484
2019-01-09,23.999094009399414
2019-01-10,23.700345993041992
2019-01-11,23.510236740112305
2019-01-14,23.31106948852539
2019-01-15,22.804115295410156
2019-01-16,22.804115295410156
2019-01-17,22.75885009765625
2019-01-18,22.387685775756836
2019-01-22,22.197574615478516
2019-01-23,22.206626892089844
2019-01-24,22.197574615478516
2019-01-25,23.075698852539062
2019-01-28,23.31106948852539
2019-01-29,23.709400177001953
2019-01-30,24.234466552734375
2019-01-31,24.569421768188477
2019-02-01,24.33404541015625
2019-02-04,24.424575805664062
2019-02-05,24.57847023010254
2019-02-06,24.297834396362305
2019-02-07,24.008142471313477
2019-02-08,24.297834396362305
2019-02-11,23.8542423248291
2019-02-12,23.83614158630371
2019-02-13,23.65508270263672
2019-02-14,23.94477653503418
2019-02-15,24.25257110595703
2019-02-19,25.049226760864258
2019-02-20,25.013010025024414
2019-02-21,24.850061416625977
2019-02-22,25.031116485595703
2019-02-25,25.0944881439209
2019-02-26,25.049226760864258
2019-02-27,24.687110900878906
2019-02-28,24.33404541015625
2019-03-01,23.54644775390625
2019-03-04,23.646032333374023
2019-03-05,23.736560821533203
2019-03-06,23.320127487182617
2019-03-07,23.329181671142578
2019-03-08,23.781822204589844
2019-03-11,23.72750473022461
2019-03-12,24.134883880615234
2019-03-13,24.324995040893555
2019-03-14,23.790874481201172
2019-03-15,24.08962059020996
2019-03-18,24.01719856262207
2019-03-19,24.08962059020996
2019-03-20,24.56036949157715
2019-03-21,24.705215454101562
2019-03-22,24.62373924255371
2019-03-25,25.085430145263672
2019-03-26,24.94963836669922
2019-03-27,24.641841888427734
2019-03-28,24.098674774169922
2019-03-29,23.899511337280273
2019-04-01,23.54644775390625
2019-04-02,23.555498123168945
2019-04-03,23.58266258239746
2019-04-04,24.01719856262207
2019-04-05,23.93572425842285
2019-04-08,24.143939971923828
2019-04-09,24.0262508392334
2019-04-10,23.899511337280273
2019-04-11,23.3472900390625
2019-04-12,23.220544815063477
2019-04-15,23.139070510864258
2019-04-16,22.94896125793457
2019-04-17,22.577795028686523
2019-04-18,22.31525993347168
2019-04-22,22.061782836914062
2019-04-23,21.889772415161133
2019-04-24,21.88072395324707
2019-04-25,21.76303482055664
2019-04-26,22.41484260559082
2019-04-29,22.007463455200195
2019-04-30,22.143253326416016
2019-05-01,21.744932174682617
2019-05-02,21.237974166870117
2019-05-03,21.5457706451416
2019-05-06,21.500503540039062
2019-05-07,21.76303482055664
2019-05-08,21.346603393554688
2019-05-09,20.866804122924805
2019-05-10,20.71290397644043
2019-05-13,20.912067413330078
2019-05-14,20.767223358154297
2019-05-15,20.776277542114258
2019-05-16,20.377952575683594
2019-05-17,20.450376510620117
2019-05-20,20.26932144165039
2019-05-21,20.29647445678711
2019-05-22,19.916259765625
2019-05-23,19.952463150024414
2019-05-24,20.19689178466797
2019-05-28,19.898151397705078
2019-05-29,19.96152114868164
2019-05-30,20.3145809173584
2019-05-31,20.866804122924805
2019-06-03,21.618188858032227
2019-06-04,21.69061279296875
2019-06-05,21.708717346191406
2019-06-06,21.808300018310547
2019-06-07,21.907880783081055
2019-06-10,21.63629722595215
2019-06-11,21.944093704223633
2019-06-12,22.179468154907227
2019-06-13,22.487266540527344
2019-06-14,22.405790328979492
2019-06-17,22.577795028686523
2019-06-18,22.713584899902344
2019-06-19,22.894641876220703
2019-06-20,23.899511337280273
2019-06-21,23.91761589050293
2019-06-24,24.632789611816406
2019-06-25,24.524158477783203
2019-06-26,24.4155216217041
2019-06-27,24.213815689086914
2019-06-28,24.35919189453125
2019-07-01,23.45060157775879
2019-07-02,24.204730987548828
2019-07-03,24.159299850463867
2019-07-05,23.932151794433594
2019-07-08,23.723180770874023
2019-07-09,23.595977783203125
2019-07-10,24.004838943481445
2019-07-11,23.71409034729004
2019-07-12,23.913984298706055
2019-07-15,23.95941162109375
2019-07-16,24.595422744750977
2019-07-17,25.731157302856445
2019-07-18,26.530710220336914
2019-07-19,26.012815475463867
2019-07-22,26.42167854309082
2019-07-23,26.076417922973633
2019-07-24,26.80328941345215
2019-07-25,26.030990600585938
2019-07-26,25.8220157623291
2019-07-29,26.121845245361328
2019-07-30,25.976472854614258
2019-07-31,24.777141571044922
2019-08-01,25.658464431762695
2019-08-02,25.113311767578125
2019-08-05,25.740238189697266
2019-08-06,25.89470100402832
2019-08-07,26.31264877319336
2019-08-08,27.0667781829834
2019-08-09,26.76694107055664
2019-08-12,26.676084518432617
2019-08-13,25.976472854614258
2019-08-14,25.794755935668945
2019-08-15,25.967388153076172
2019-08-16,25.62212371826172
2019-08-19,25.322290420532227
2019-08-20,26.085500717163086
2019-08-21,26.2036190032959
2019-08-22,25.994644165039062
2019-08-23,27.02134132385254
2019-08-26,27.03042984008789
2019-08-27,28.311538696289062
2019-08-28,28.48417091369629
2019-08-29,27.884502410888672
2019-08-30,28.04804801940918
2019-09-03,28.89303207397461
2019-09-04,29.274639129638672
2019-09-05,27.93901824951172
2019-09-06,27.112205505371094
2019-09-09,26.594310760498047
2019-09-10,26.757858276367188
2019-09-11,27.1303768157959
2019-09-12,26.80328941345215
2019-09-13,26.030990600585938
2019-09-16,26.476192474365234
2019-09-17,27.075855255126953
2019-09-18,26.530710220336914
2019-09-19,26.712427139282227
2019-09-20,27.175800323486328
2019-09-23,27.984445571899414
2019-09-24,28.347881317138672
2019-09-25,27.139463424682617
2019-09-26,26.948659896850586
2019-09-27,26.439849853515625
2019-09-30,25.540353775024414
2019-10-01,25.640296936035156
2019-10-02,25.812925338745117
2019-10-03,25.722068786621094
2019-10-04,26.230880737304688
2019-10-07,25.931041717529297
2019-10-08,26.521625518798828
2019-10-09,26.103675842285156
2019-10-10,26.303565979003906
2019-10-11,25.613037109375
2019-10-14,25.712980270385742
2019-10-15,24.977025985717773
2019-10-16,25.494922637939453
2019-10-17,26.103675842285156
2019-10-18,26.158191680908203
2019-10-21,25.849273681640625
2019-10-22,25.921958923339844
2019-10-23,25.931041717529297
2019-10-24,26.539796829223633
2019-10-25,27.0667781829834
2019-10-28,26.46710777282715
2019-10-29,26.657915115356445
2019-10-30,26.985002517700195
2019-10-31,27.59375762939453
2019-11-01,27.820903778076172
2019-11-04,27.47564125061035
2019-11-05,27.09403419494629
2019-11-06,27.28483772277832
2019-11-07,26.8123722076416
2019-11-08,26.757858276367188
2019-11-11,26.839632034301758
2019-11-12,26.875972747802734
2019-11-13,27.0667781829834
2019-11-14,27.0667781829834
2019-11-15,26.912317276000977
2019-11-18,27.530153274536133
2019-11-19,27.339351654052734
2019-11-20,27.366609573364258
2019-11-21,26.694255828857422
2019-11-22,26.448936462402344
2019-11-25,26.158191680908203
2019-11-26,26.794198989868164
2019-11-27,26.46710777282715
2019-11-29,26.985002517700195
2019-12-02,27.0667781829834
2019-12-03,27.802730560302734
2019-12-04,27.829986572265625
2019-12-05,28.111650466918945
2019-12-06,27.2121524810791
2019-12-09,27.139463424682617
2019-12-10,27.439298629760742
2019-12-11,28.084392547607422
2019-12-12,28.12073516845703
2019-12-13,28.429656982421875
2019-12-16,28.28428077697754
2019-12-17,28.04804801940918
2019-12-18,28.229764938354492
2019-12-19,28.111650466918945
2019-12-20,27.63918685913086
2019-12-23,28.838516235351562
2019-12-24,29.837966918945312
2019-12-26,30.274084091186523
2019-12-27,29.85614013671875
2019-12-30,30.545242309570312
2019-12-31,30.526844024658203
2020-01-02,30.3060302734375
2020-01-03,30.076019287109375
2020-01-06,29.73560905456543
2020-01-07,29.99321746826172
2020-01-08,28.879976272583008
2020-01-09,28.373950958251953
2020-01-10,28.70516586303711
2020-01-13,28.318750381469727
2020-01-14,28.65916633605957
2020-01-15,29.082386016845703
2020-01-16,29.02718162536621
2020-01-17,28.58556365966797
2020-01-21,28.77877426147461
2020-01-22,28.925981521606445
2020-01-23,28.77877426147461
2020-01-24,29.23879051208496
2020-01-27,28.640764236450195
2020-01-28,27.86793327331543
2020-01-29,28.40155792236328
2020-01-30,28.410755157470703
2020-01-31,28.6131649017334
2020-02-03,28.051942825317383
2020-02-04,27.720726013183594
2020-02-05,27.97833824157715
2020-02-06,28.74197006225586
2020-02-07,28.15314483642578
2020-02-10,28.272750854492188
2020-02-11,28.475160598754883
2020-02-12,28.024337768554688
2020-02-13,28.171546936035156
2020-02-14,28.355552673339844
2020-02-18,29.413597106933594
2020-02-19,30.076019287109375
2020-02-20,29.9564208984375
2020-02-21,30.46244239807129
2020-02-24,29.98401641845703
2020-02-25,29.21118927001953
2020-02-26,29.10078239440918
2020-02-27,27.260711669921875
2020-02-28,25.052621841430664
2020-03-02,26.175067901611328
2020-03-03,26.947898864746094
2020-03-04,27.1411075592041
2020-03-05,27.407915115356445
2020-03-06,26.800687789916992
2020-03-09,24.850210189819336
2020-03-10,25.24582862854004
2020-03-11,23.57136344909668
2020-03-12,20.65483856201172
2020-03-13,17.121896743774414
2020-03-16,19.348386764526367
2020-03-17,21.4644718170166
2020-03-18,18.88837242126465
2020-03-19,18.860767364501953
2020-03-20,19.375988006591797
2020-03-23,20.351232528686523
2020-03-24,23.663358688354492
2020-03-25,24.187788009643555
2020-03-26,24.123382568359375
2020-03-27,22.52251625061035
2020-03-30,22.1637020111084
2020-03-31,21.94289779663086
2020-04-01,21.57488441467285
2020-04-02,22.55931854248047
2020-04-03,21.89689064025879
2020-04-06,23.037738800048828
2020-04-07,23.36895179748535
2020-04-08,23.470157623291016
2020-04-09,25.411439895629883
2020-04-13,26.984699249267578
2020-04-14,27.122703552246094
2020-04-15,26.193466186523438
2020-04-16,26.763893127441406
2020-04-17,26.064661026000977
2020-04-20,26.616683959960938
2020-04-21,26.46947479248047
2020-04-22,27.913936614990234
2020-04-23,28.567163467407227
2020-04-24,28.714366912841797
2020-04-27,28.944379806518555
2020-04-28,28.99957847595215
2020-04-29,29.98401641845703
2020-04-30,28.511959075927734
2020-05-01,29.42279815673828
2020-05-04,29.72641372680664
2020-05-05,30.085227966308594
2020-05-06,29.22959327697754
2020-05-07,30.453237533569336
2020-05-08,30.517637252807617
2020-05-11,29.68960952758789
2020-05-12,29.395200729370117
2020-05-13,29.6068058013916
2020-05-14,30.23243522644043
2020-05-15,32.35771179199219
2020-05-18,33.10293960571289
2020-05-19,33.95857620239258
2020-05-20,34.40940856933594
2020-05-21,33.194950103759766
2020-05-22,33.13054656982422
2020-05-26,31.925304412841797
2020-05-27,31.96210479736328
2020-05-28,32.29330825805664
2020-05-29,33.27775573730469
2020-06-01,34.52901077270508
2020-06-02,32.900535583496094
2020-06-03,31.74129295349121
2020-06-04,31.91609764099121
2020-06-05,31.134069442749023
2020-06-08,31.750484466552734
2020-06-09,31.502084732055664
2020-06-10,33.31455612182617
2020-06-11,30.83966064453125
2020-06-12,31.11566925048828
2020-06-15,31.538888931274414
2020-06-16,30.793657302856445
2020-06-17,30.91325569152832
2020-06-18,30.333637237548828
2020-06-19,31.26287078857422
2020-06-22,32.707332611083984
2020-06-23,33.305362701416016
2020-06-24,32.23811340332031
2020-06-25,32.578521728515625
2020-06-26,32.62452697753906
2020-06-29,32.94688034057617
2020-06-30,34.193824768066406
2020-07-01,33.97214889526367
2020-07-02,33.45489501953125
2020-07-06,34.064510345458984
2020-07-07,34.71107482910156
2020-07-08,36.262813568115234
2020-07-09,36.38288879394531
2020-07-10,36.45679473876953
2020-07-13,35.579307556152344
2020-07-14,36.623043060302734
2020-07-15,37.33425521850586
2020-07-16,36.54915237426758
2020-07-17,37.999290466308594
2020-07-20,39.84660720825195
2020-07-21,41.16743850708008
2020-07-22,43.1810188293457
2020-07-23,42.02644348144531
2020-07-24,43.32880401611328
2020-07-27,46.173667907714844
2020-07-28,45.480926513671875
2020-07-29,45.36084747314453
2020-07-30,43.725975036621094
2020-07-31,44.649635314941406
2020-08-03,44.52031707763672
2020-08-04,46.64473342895508
2020-08-05,47.59610366821289
2020-08-06,47.540687561035156
2020-08-07,45.57329177856445
2020-08-10,45.785736083984375
2020-08-11,41.3798828125
2020-08-12,42.25736618041992
2020-08-13,44.19704055786133
2020-08-14,43.56895065307617
2020-08-17,45.582523345947266
2020-08-18,45.12993240356445
2020-08-19,43.62437057495117
2020-08-20,44.36330032348633
2020-08-21,43.171783447265625
2020-08-24,42.70995330810547
2020-08-25,42.81155014038086
2020-08-26,44.16010284423828
2020-08-27,43.55971908569336
2020-08-28,45.32389450073242
2020-08-31,45.8596305847168
2020-09-01,45.785736083984375
2020-09-02,44.94520568847656
2020-09-03,44.32634735107422
2020-09-04,44.20627975463867
2020-09-08,43.1810188293457
2020-09-09,44.90825653076172
2020-09-10,44.141624450683594
2020-09-11,43.698265075683594
2020-09-14,44.90825653076172
2020-09-15,44.83436584472656
2020-09-16,44.825130462646484
2020-09-17,44.29863739013672
2020-09-18,43.495059967041016
2020-09-21,41.121253967285156
2020-09-22,41.20439529418945
2020-09-23,38.07319259643555
2020-09-24,39.66188049316406
2020-09-25,39.11692428588867
2020-09-28,39.569515228271484
2020-09-29,40.142181396484375
2020-09-30,40.031341552734375
2020-10-01,40.86262893676758
2020-10-02,40.188358306884766
2020-10-05,41.16743850708008
2020-10-06,39.31089401245117
2020-10-07,39.90203094482422
2020-10-08,40.51164627075195
2020-10-09,42.72842025756836
2020-10-12,42.83926010131836
2020-10-13,42.25736618041992
2020-10-14,42.83926010131836
2020-10-15,42.35895538330078
2020-10-16,42.044918060302734
2020-10-19,41.13050079345703
2020-10-20,41.73087692260742
2020-10-21,42.451324462890625
2020-10-22,41.934078216552734
2020-10-23,41.74934768676758
2020-10-26,40.86262893676758
2020-10-27,41.39836120605469
2020-10-28,38.23020935058594
2020-10-29,38.55348587036133
2020-10-30,39.06150817871094
2020-11-02,40.17912292480469
2020-11-03,41.01966094970703
2020-11-04,40.02210235595703
2020-11-05,43.744449615478516
2020-11-06,44.5295524597168
2020-11-09,41.20439529418945
2020-11-10,40.1329460144043
2020-11-11,39.75424575805664
2020-11-12,40.09600067138672
2020-11-13,40.70560836791992
2020-11-16,40.45622634887695
2020-11-17,39.78195571899414
2020-11-18,38.52577590942383
2020-11-19,38.341041564941406
2020-11-20,38.44265365600586
2020-11-23,36.99250793457031
2020-11-24,36.401363372802734
2020-11-25,36.724647521972656
2020-11-27,36.89090347290039
2020-11-30,36.900142669677734
2020-12-01,39.06150817871094
2020-12-02,39.40325164794922
2020-12-03,39.19081115722656
2020-12-04,38.867530822753906
2020-12-07,40.17912292480469
2020-12-08,40.08676528930664
2020-12-09,38.71974563598633
2020-12-10,39.024559020996094
2020-12-11,38.738216400146484
2020-12-14,37.81455612182617
2020-12-15,39.54180908203125
2020-12-16,40.97347640991211
2020-12-17,42.866973876953125
2020-12-18,41.78629684448242
2020-12-21,42.460567474365234
2020-12-22,40.77951431274414
2020-12-23,41.52766799926758
2020-12-24,41.91560363769531
2020-12-28,42.10033416748047
2020-12-29,42.091102600097656
2020-12-30,43.64481735229492
2020-12-31,42.82805252075195
2021-01-04,46.188961029052734
2021-01-05,46.705299377441406
2021-01-06,46.508155822753906
2021-01-07,46.188961029052734
2021-01-08,43.1754150390625
2021-01-11,42.18028259277344
2021-01-12,42.3680419921875
2021-01-13,41.25086975097656
2021-01-14,41.09128189086914
2021-01-15,39.082244873046875
2021-01-19,39.2606201171875
2021-01-20,41.156986236572266
2021-01-21,40.5561637878418
2021-01-22,40.01165008544922
2021-01-25,39.354496002197266
2021-01-26,39.31694793701172
2021-01-27,37.18586730957031
2021-01-28,40.30268096923828
2021-01-29,41.10065841674805
2021-02-01,46.06690979003906
2021-02-02,41.419857025146484
2021-02-03,41.044334411621094
2021-02-04,40.31207275390625
2021-02-05,41.2696533203125
2021-02-08,42.16150665283203
2021-02-09,42.12395477294922
2021-02-10,41.72027587890625
2021-02-11,41.0537223815918
2021-02-12,41.52312088012695
2021-02-16,41.25086975097656
2021-02-17,40.490440368652344
2021-02-18,39.79573059082031
2021-02-19,40.218196868896484
2021-02-22,42.82805252075195
2021-02-23,42.54642105102539
2021-02-24,43.62603759765625
2021-02-25,41.27904510498047
2021-02-26,39.288780212402344
2021-03-01,38.622230529785156
2021-03-02,39.54225540161133
2021-03-03,38.41569519042969
2021-03-04,37.495670318603516
2021-03-05,37.89936065673828
2021-03-08,37.12015151977539
2021-03-09,38.584678649902344
2021-03-10,38.73488998413086
2021-03-11,39.5704231262207
2021-03-12,39.70185852050781
2021-03-15,40.668819427490234
2021-03-16,40.11492156982422
2021-03-17,41.10065841674805
2021-03-18,40.2557487487793
2021-03-19,40.24635314941406
2021-03-22,39.70185852050781
2021-03-23,37.96506881713867
2021-03-24,37.45812225341797
2021-03-25,37.45812225341797
2021-03-26,37.88996887207031
2021-03-29,37.44873046875
2021-03-30,36.369110107421875
2021-03-31,37.45812225341797
2021-04-01,38.772438049316406
2021-04-05,38.78182601928711
2021-04-06,39.77695846557617
2021-04-07,39.1667366027832
2021-04-08,40.48106002807617
2021-04-09,40.283905029296875
2021-04-12,39.19489669799805
2021-04-13,40.030426025390625
2021-04-14,39.53287124633789
2021-04-15,41.12882995605469
2021-04-16,41.30719757080078
2021-04-19,40.80964279174805
2021-04-20,40.84718322753906
2021-04-21,42.077022552490234
2021-04-22,41.22270965576172
2021-04-23,41.2696533203125
2021-04-26,40.94106674194336
2021-04-27,40.17124938964844
2021-04-28,40.5749397277832
2021-04-29,39.80512237548828
2021-04-30,39.129188537597656
2021-05-03,40.819026947021484
2021-05-04,40.161861419677734
2021-05-05,40.283905029296875
2021-05-06,42.29294204711914
2021-05-07,42.799888610839844
2021-05-10,42.471317291259766
2021-05-11,43.15664291381836
2021-05-12,41.91742706298828
2021-05-13,41.12882995605469
2021-05-14,42.602745056152344
2021-05-17,45.10934829711914
2021-05-18,45.25015640258789
2021-05-19,44.452178955078125
2021-05-20,45.07178497314453
2021-05-21,44.77137756347656
2021-05-24,45.20322036743164
2021-05-25,45.36281967163086
2021-05-26,45.04362487792969
2021-05-27,45.52241134643555
2021-05-28,45.71955871582031
2021-06-01,46.12324142456055
2021-06-02,46.3767204284668
2021-06-03,44.592994689941406
2021-06-04,45.447303771972656
2021-06-07,45.27832794189453
2021-06-08,44.592994689941406
2021-06-09,44.555450439453125
2021-06-10,45.813438415527344
2021-06-11,45.14689636230469
2021-06-14,45.024845123291016
2021-06-15,44.245643615722656
2021-06-16,43.56970977783203
2021-06-17,41.55128860473633
2021-06-18,40.668819427490234
2021-06-21,41.119441986083984
2021-06-22,41.025569915771484
2021-06-23,40.8659553527832
2021-06-24,41.016170501708984
2021-06-25,40.734535217285156
2021-06-28,40.29329299926758
2021-06-29,39.63243865966797
2021-06-30,40.25464630126953
2021-07-01,40.150943756103516
2021-07-02,40.726009368896484
2021-07-06,40.37720489501953
2021-07-07,40.273502349853516
2021-07-08,39.11394500732422
2021-07-09,39.8775520324707
2021-07-12,39.15164566040039
2021-07-13,39.47217559814453
2021-07-14,39.99067687988281
2021-07-15,40.12266540527344
2021-07-16,38.491737365722656
2021-07-19,37.32274627685547
2021-07-20,37.275611877441406
2021-07-21,38.274906158447266
2021-07-22,38.13349151611328
2021-07-23,38.0203742980957
2021-07-26,38.40689468383789
2021-07-27,38.23719787597656
2021-07-28,39.15164566040039
2021-07-29,40.14152145385742
2021-07-30,39.764427185058594
2021-08-02,39.51930618286133
2021-08-03,39.84926986694336
2021-08-04,39.415611267089844
2021-08-05,39.076229095458984
2021-08-06,38.20891571044922
2021-08-09,36.757110595703125
2021-08-10,36.59685516357422
2021-08-11,37.65269470214844
2021-08-12,37.002220153808594
2021-08-13,37.8978157043457
2021-08-16,37.57728958129883
2021-08-17,36.92679977416992
2021-08-18,36.09720230102539
2021-08-19,35.3901481628418
2021-08-20,35.295867919921875
2021-08-23,36.94566345214844
2021-08-24,37.190765380859375
2021-08-25,36.8325309753418
2021-08-26,36.4648551940918
2021-08-27,37.8978157043457
2021-08-30,37.51129150390625
2021-08-31,38.00151443481445
2021-09-01,37.765838623046875
2021-09-02,37.737548828125
2021-09-03,38.91596603393555
2021-09-07,37.841251373291016
2021-09-08,37.65269470214844
2021-09-09,37.35103225708008
2021-09-10,36.87966537475586
2021-09-13,37.54900360107422
2021-09-14,37.520721435546875
2021-09-15,37.426448822021484
2021-09-16,35.71067810058594
2021-09-17,35.31473159790039
2021-09-20,34.824501037597656
2021-09-21,34.91878128051758
2021-09-22,34.99420166015625
2021-09-23,34.32486343383789
2021-09-24,34.04204177856445
2021-09-27,33.966617584228516
2021-09-28,33.46697998046875
2021-09-29,32.486534118652344
2021-09-30,33.0804557800293
2021-10-01,32.95789337158203
2021-10-04,32.93904495239258
2021-10-05,32.92019271850586
2021-10-06,33.372711181640625
2021-10-07,33.71208572387695
2021-10-08,34.06089782714844
2021-10-11,33.91006088256836
2021-10-12,34.5228385925293
2021-10-13,35.786094665527344
2021-10-14,36.6628303527832
2021-10-15,36.417728424072266
2021-10-18,36.12548065185547
2021-10-19,36.775962829589844
2021-10-20,37.39816665649414
2021-10-21,37.25675582885742
2021-10-22,37.60557174682617
2021-10-25,38.34090042114258
2021-10-26,38.02980041503906
2021-10-27,37.80354309082031
2021-10-28,37.47358703613281
2021-10-29,36.606266021728516
2021-11-01,36.851383209228516
2021-11-02,36.17261505126953
2021-11-03,36.76654052734375
2021-11-04,36.342308044433594
2021-11-05,37.24732971191406
2021-11-08,37.67156219482422
2021-11-09,38.09579086303711
2021-11-10,38.44459533691406
2021-11-11,39.31191635131836
2021-11-12,39.5098876953125
2021-11-15,39.24592208862305
2021-11-16,38.746273040771484
2021-11-17,39.15164566040039
2021-11-18,38.40689468383789
2021-11-19,37.765838623046875
2021-11-22,36.747684478759766
2021-11-23,36.314022064208984
2021-11-24,36.295169830322266
2021-11-26,35.6729621887207
2021-11-29,35.6729621887207
2021-11-30,35.569271087646484
2021-12-01,34.013755798339844
2021-12-02,33.86292266845703
2021-12-03,33.71208572387695
2021-12-06,33.95719909667969
2021-12-07,34.560543060302734
2021-12-08,34.645389556884766
2021-12-09,33.82522201538086
2021-12-10,33.73094940185547
2021-12-13,33.551822662353516
2021-12-14,32.778785705566406
2021-12-15,32.401695251464844
2021-12-16,33.806358337402344
2021-12-17,33.9854736328125
2021-12-20,33.78750228881836
2021-12-21,34.29657745361328
2021-12-22,34.758522033691406
2021-12-23,35.08847427368164
2021-12-27,35.10733413696289
2021-12-28,34.70195007324219
2021-12-29,34.37199783325195
2021-12-30,34.82579040527344
2021-12-31,34.96879577636719
2022-01-03,34.35865020751953
2022-01-04,34.253787994384766
2022-01-05,33.424373626708984
2022-01-06,32.26129150390625
2022-01-07,32.39475631713867
2022-01-10,32.76655960083008
2022-01-11,33.643646240234375
2022-01-12,34.40632247924805
2022-01-13,33.92011260986328
2022-01-14,33.41483688354492
2022-01-18,33.10976791381836
2022-01-19,35.73147201538086
2022-01-20,35.35966873168945
2022-01-21,34.24424743652344
2022-01-24,33.22416687011719
2022-01-25,33.61504364013672
2022-01-26,32.12782287597656
2022-01-27,30.87892723083496
2022-01-28,30.545259475708008
2022-01-31,31.431873321533203
2022-02-01,31.870420455932617
2022-02-02,31.613014221191406
2022-02-03,30.8598690032959
2022-02-04,31.01240348815918
2022-02-07,32.12782287597656
2022-02-08,32.7093620300293
2022-02-09,32.71889877319336
2022-02-10,31.98481559753418
2022-02-11,33.54830551147461
2022-02-14,34.04404830932617
2022-02-15,33.786643981933594
2022-02-16,34.673255920410156
2022-02-17,35.0260009765625
2022-02-18,34.37771987915039
2022-02-22,33.672237396240234
2022-02-23,34.625587463378906
2022-02-24,32.938167572021484
2022-02-25,33.61504364013672
2022-02-28,32.480552673339844
2022-03-01,34.01545333862305
2022-03-02,34.05358123779297
2022-03-03,33.891510009765625
2022-03-04,34.77812194824219
2022-03-07,35.47406768798828
2022-03-08,35.72193908691406
2022-03-09,35.2166633605957
2022-03-10,36.141414642333984
2022-03-11,35.42639923095703
2022-03-14,33.73897171020508
2022-03-15,34.0726432800293
2022-03-16,34.21565246582031
2022-03-17,34.99739456176758
2022-03-18,34.6351203918457
2022-03-21,35.350135803222656
2022-03-22,34.81626510620117
2022-03-23,35.273868560791016
2022-03-24,35.559871673583984
2022-03-25,35.49312973022461
2022-03-28,34.320518493652344
2022-03-29,34.882991790771484
2022-03-30,35.0260009765625
2022-03-31,34.673255920410156
2022-04-01,35.67426681518555
2022-04-04,35.64567184448242
2022-04-05,34.7304573059082
2022-04-06,34.768592834472656
2022-04-07,35.226200103759766
2022-04-08,36.122344970703125
2022-04-11,36.00794982910156
2022-04-12,36.551353454589844
2022-04-13,37.69536590576172
2022-04-14,37.600032806396484
2022-04-18,37.485633850097656
2022-04-19,36.48461151123047
2022-04-20,36.94222640991211
2022-04-21,34.94020080566406
2022-04-22,33.80570983886719
2022-04-25,32.54729080200195
2022-04-26,31.384201049804688
2022-04-27,31.15540313720703
2022-04-28,31.76555061340332
2022-04-29,31.307939529418945
2022-05-02,30.77406120300293
2022-05-03,31.565349578857422
2022-05-04,32.347084045410156
2022-05-05,30.80266571044922
2022-05-06,30.297391891479492
2022-05-09,28.323959350585938
2022-05-10,27.79008674621582
2022-05-11,27.59941864013672
2022-05-12,26.38866424560547
2022-05-13,27.42781639099121
2022-05-16,27.74241828918457
2022-05-17,28.276294708251953
2022-05-18,27.351547241210938
2022-05-19,29.086637496948242
2022-05-20,29.077104568481445
2022-05-23,29.19150733947754
2022-05-24,29.525178909301758
2022-05-25,29.35357666015625
2022-05-26,29.610980987548828
2022-05-27,29.792116165161133
2022-05-31,28.962705612182617
2022-06-01,29.096172332763672
2022-06-02,30.974266052246094
2022-06-03,30.249723434448242
2022-06-06,29.668182373046875
2022-06-07,29.830251693725586
2022-06-08,29.572847366333008
2022-06-09,28.409761428833008
2022-06-10,29.610980987548828
2022-06-13,27.608949661254883
2022-06-14,26.951141357421875
2022-06-15,27.446882247924805
2022-06-16,27.637550354003906
2022-06-17,27.256210327148438
2022-06-21,27.608949661254883
2022-06-22,27.12274169921875
2022-06-23,26.093130111694336
2022-06-24,26.85580825805664
2022-06-27,26.960674285888672
2022-06-28,26.159860610961914
2022-06-29,25.655170440673828
2022-06-30,24.75666618347168
2022-07-01,25.339738845825195
2022-07-05,23.877281188964844
2022-07-06,23.4471435546875
2022-07-07,23.905954360961914
2022-07-08,23.7625732421875
2022-07-11,23.351558685302734
2022-07-12,23.0361270904541
2022-07-13,23.666990280151367
2022-07-14,22.873632431030273
2022-07-15,22.902305603027344
2022-07-18,23.21773910522461
2022-07-19,23.514055252075195
2022-07-20,22.825836181640625
2022-07-21,23.179506301879883
2022-07-22,23.064800262451172
2022-07-25,22.787601470947266
2022-07-26,23.074359893798828
2022-07-27,23.905954360961914
2022-07-28,24.775781631469727
2022-07-29,25.215473175048828
2022-08-01,25.234594345092773
2022-08-02,24.727991104125977
2022-08-03,24.202268600463867
2022-08-04,25.14856719970703
2022-08-05,25.081655502319336
2022-08-08,25.741195678710938
2022-08-09,25.597816467285156
2022-08-10,25.9323673248291
2022-08-11,24.976511001586914
2022-08-12,25.52135467529297
2022-08-15,25.12944984436035
2022-08-16,25.062541961669922
2022-08-17,23.848604202270508
2022-08-18,23.8868350982666
2022-08-19,23.150827407836914
2022-08-22,22.959657669067383
2022-08-23,23.4471435546875
2022-08-24,23.83904266357422
2022-08-25,23.991981506347656
2022-08-26,23.01700782775879
2022-08-29,22.864070892333984
2022-08-30,22.319232940673828
2022-08-31,22.2810001373291
2022-09-01,21.392053604125977
2022-09-02,22.108943939208984
2022-09-06,21.860422134399414
2022-09-07,22.778045654296875
2022-09-08,22.864070892333984
2022-09-09,23.609642028808594
2022-09-12,24.39344024658203
2022-09-13,23.370676040649414
2022-09-14,23.399349212646484
2022-09-15,22.825836181640625
2022-09-16,22.99789047241211
2022-09-19,23.408910751342773
2022-09-20,22.797161102294922
2022-09-21,22.883190155029297
2022-09-22,22.586872100830078
2022-09-23,21.23911476135254
2022-09-26,20.579578399658203
2022-09-27,20.675159454345703
2022-09-28,22.22364616394043
2022-09-29,22.462610244750977
2022-09-30,23.045684814453125
2022-10-03,24.38388442993164
2022-10-04,25.091217041015625
2022-10-05,24.82357406616211
2022-10-06,25.14856719970703
2022-10-07,23.867719650268555
2022-10-10,23.571401596069336
2022-10-11,23.255971908569336
2022-10-12,23.65743064880371
2022-10-13,23.561847686767578
2022-10-14,22.462610244750977
2022-10-17,22.988332748413086
2022-10-18,23.103036880493164
2022-10-19,22.41482162475586
2022-10-20,22.71113395690918
2022-10-21,23.800809860229492
2022-10-24,23.533172607421875
2022-10-25,23.982423782348633
2022-10-26,24.565494537353516
2022-10-27,24.28829574584961
2022-10-28,24.03021240234375
2022-10-31,23.915512084960938
2022-11-01,24.316970825195312
2022-11-02,23.05524253845215
2022-11-03,22.71113395690918
2022-11-04,24.71843147277832
2022-11-07,24.919160842895508
2022-11-08,25.645610809326172
2022-11-09,25.081655502319336
2022-11-10,26.697053909301758
2022-11-11,26.98381233215332
2022-11-14,27.06983757019043
2022-11-15,26.524999618530273
2022-11-16,26.333829879760742
2022-11-17,25.9323673248291
2022-11-18,26.161775588989258
2022-11-21,26.037513732910156
2022-11-22,27.0029239654541
2022-11-23,27.595556259155273
2022-11-25,27.194095611572266
2022-11-28,25.989717483520508
2022-11-29,26.39118003845215
2022-11-30,27.347034454345703
2022-12-01,28.188186645507812
2022-12-02,28.19774627685547
2022-12-05,27.117630004882812
2022-12-06,26.92646026611328
2022-12-07,27.672025680541992
2022-12-08,27.672025680541992
2022-12-09,27.261009216308594
2022-12-12,27.289682388305664
2022-12-13,27.89187240600586
2022-12-14,27.528648376464844
2022-12-15,26.381620407104492
2022-12-16,26.86910629272461
2022-12-19,26.08530616760254
2022-12-20,27.203655242919922
2022-12-21,27.40438461303711
2022-12-22,27.203655242919922
2022-12-23,27.499975204467773
2022-12-27,28.111719131469727
2022-12-28,27.423503875732422
2022-12-29,27.388059616088867
2022-12-30,26.9857177734375
2023-01-03,27.435955047607422
2023-01-04,28.55677032470703
2023-01-05,28.240644454956055
2023-01-06,29.045330047607422
2023-01-09,28.901634216308594
2023-01-10,29.35187530517578
2023-01-11,29.227340698242188
2023-01-12,29.629682540893555
2023-01-13,29.926651000976562
2023-01-17,29.332717895507812
2023-01-18,28.91121482849121
2023-01-19,29.476409912109375
2023-01-20,29.869173049926758
2023-01-23,29.74463653564453
2023-01-24,30.012866973876953
2023-01-25,30.45353126525879
2023-01-26,30.070344924926758
2023-01-27,29.51473045349121
2023-01-30,29.035747528076172
2023-01-31,29.01659393310547
2023-02-01,29.59136390686035
2023-02-02,28.920795440673828
2023-02-03,27.886199951171875
2023-02-06,27.541332244873047
2023-02-07,27.656288146972656
2023-02-08,27.455116271972656
2023-02-09,26.928239822387695
2023-02-10,26.813283920288086
2023-02-13,26.631269454956055
2023-02-14,26.765384674072266
2023-02-15,26.190608978271484
2023-02-16,26.25766944885254
2023-02-17,26.35346221923828
2023-02-21,26.11397361755371
2023-02-22,25.817007064819336
2023-02-23,25.577518463134766
2023-02-24,25.031478881835938
2023-02-27,25.318864822387695
2023-02-28,25.53919792175293
2023-03-01,26.085233688354492
2023-03-02,26.027759552001953
2023-03-03,26.612112045288086
2023-03-06,26.104393005371094
2023-03-07,24.859046936035156
2023-03-08,24.581239700317383
2023-03-09,24.52376365661621
2023-03-10,24.887786865234375
2023-03-13,26.458839416503906
2023-03-14,26.82286262512207
2023-03-15,26.458839416503906
2023-03-16,26.25766944885254
2023-03-17,27.426376342773438
2023-03-20,27.981990814208984
2023-03-21,27.11025047302246
2023-03-22,27.598812103271484
2023-03-23,28.164005279541016
2023-03-24,28.22148323059082
2023-03-27,28.259801864624023
2023-03-28,28.959110260009766
2023-03-29,28.844158172607422
2023-03-30,29.495569229125977
2023-03-31,29.42851448059082
2023-04-03,29.850013732910156
2023-04-04,30.472686767578125
2023-04-05,30.233198165893555
2023-04-06,30.26193618774414
2023-04-10,29.974552154541016
2023-04-11,30.41520881652832
2023-04-12,30.769655227661133
2023-04-13,31.583921432495117
2023-04-14,30.760072708129883
2023-04-17,30.012866973876953
2023-04-18,30.079927444458008
2023-04-19,29.485990524291992
2023-04-20,29.40935516357422
2023-04-21,29.035747528076172
2023-04-24,29.06448745727539
2023-04-25,28.7962589263916
2023-04-26,28.55677032470703
2023-04-27,28.863317489624023
2023-04-28,28.623825073242188
2023-05-01,28.259801864624023
2023-05-02,29.07406997680664
2023-05-03,29.083646774291992
2023-05-04,29.62010383605957
2023-05-05,29.658422470092773
2023-05-08,29.5626277923584
2023-05-09,29.60094451904297
2023-05-10,29.00701141357422
2023-05-11,27.857460021972656
2023-05-12,27.771244049072266
2023-05-15,27.981990814208984
2023-05-16,27.39763832092285
2023-05-17,27.34973907470703
2023-05-18,26.717487335205078
2023-05-19,26.909080505371094
2023-05-22,26.75580596923828
2023-05-23,26.535476684570312
2023-05-24,25.826583862304688
2023-05-25,25.347606658935547
2023-05-26,25.500879287719727
2023-05-30,25.462560653686523
2023-05-31,25.836164474487305
2023-06-01,26.612112045288086
2023-06-02,26.33430290222168
2023-06-05,26.4013614654541
2023-06-06,26.51631736755371
2023-06-07,26.066076278686523
2023-06-08,26.535476684570312
2023-06-09,26.152292251586914
2023-06-12,25.9990177154541
2023-06-13,25.94154167175293
2023-06-14,25.68288803100586
2023-06-15,25.7786865234375
2023-06-16,25.922378540039062
2023-06-20,24.887786865234375
2023-06-21,24.753671646118164
2023-06-22,24.542919158935547
2023-06-23,24.504600524902344
2023-06-26,24.96442222595215
2023-06-27,24.590816497802734
2023-06-28,24.303430557250977
2023-06-29,24.457849502563477
2023-06-30,24.927824020385742
2023-07-03,25.282703399658203
2023-07-05,24.68804168701172
2023-07-06,24.0262393951416
2023-07-07,24.285207748413086
2023-07-10,24.8319091796875
2023-07-11,24.879871368408203
2023-07-12,26.24183464050293
2023-07-13,26.51038932800293
2023-07-14,26.51038932800293
2023-07-17,26.558349609375
2023-07-18,27.181781768798828
2023-07-19,27.200965881347656
2023-07-20,26.395296096801758
2023-07-21,26.328155517578125
2023-07-24,26.270606994628906
2023-07-25,26.846088409423828
2023-07-26,26.74057960510254
2023-07-27,25.512897491455078
2023-07-28,25.829408645629883
2023-07-31,26.62548828125
2023-08-01,25.714309692382812
2023-08-02,24.95659828186035
2023-08-03,24.774362564086914
2023-08-04,25.100467681884766
2023-08-07,24.908641815185547
2023-08-08,24.812728881835938
2023-08-09,24.755178451538086
2023-08-10,24.70722198486328
2023-08-11,25.24433708190918
2023-08-14,24.803136825561523
2023-08-15,24.15092658996582
2023-08-16,23.786455154418945
2023-08-17,23.824825286865234
2023-08-18,23.863187789916992
2023-08-21,23.805639266967773
2023-08-22,24.11256217956543
2023-08-23,24.91823387145996
2023-08-24,24.68804168701172
2023-08-25,24.5633544921875
2023-08-28,25.129241943359375
2023-08-29,25.685537338256836
2023-08-30,25.66635513305664
2023-08-31,25.416980743408203
2023-09-01,25.04292106628418
2023-09-05,24.30438804626465
2023-09-06,24.131744384765625
2023-09-07,23.901554107666016
2023-09-08,23.959104537963867
2023-09-11,24.323572158813477
2023-09-12,24.218067169189453
2023-09-13,24.17970085144043
2023-09-14,24.678449630737305
2023-09-15,25.321067810058594
2023-09-18,25.20597267150879
2023-09-19,24.649677276611328
2023-09-20,24.726408004760742
2023-09-21,24.083789825439453
2023-09-22,24.035831451416016
2023-09-25,23.786455154418945
2023-09-26,23.01915168762207
2023-09-27,22.597131729125977
2023-09-28,22.89446449279785
2023-09-29,22.92323875427246
2023-10-02,22.01206398010254
2023-10-03,22.079206466674805
2023-10-04,21.839420318603516
2023-10-05,21.95451545715332
2023-10-06,22.33816909790039
2023-10-09,22.76018714904785
2023-10-10,22.76018714904785
2023-10-11,23.086292266845703
2023-10-12,22.376535415649414
2023-10-13,23.546674728393555
2023-10-16,23.613815307617188
2023-10-17,24.05501365661621
2023-10-18,23.911144256591797
2023-10-19,23.920732498168945
2023-10-20,23.930326461791992
2023-10-23,23.748092651367188
2023-10-24,23.824825286865234
2023-10-25,23.49871826171875
2023-10-26,23.326074600219727
2023-10-27,23.661771774291992
2023-10-30,23.642587661743164
2023-10-31,23.047927856445312
2023-11-01,22.971195220947266
2023-11-02,22.961605072021484
2023-11-03,24.131744384765625
2023-11-06,23.968692779541016
2023-11-07,23.50830841064453
2023-11-08,22.875282287597656
2023-11-09,22.750595092773438
2023-11-10,22.568361282348633
2023-11-13,22.453264236450195
2023-11-14,23.709726333618164
2023-11-15,23.776866912841797
2023-11-16,24.246841430664062
2023-11-17,24.323572158813477
2023-11-20,24.409893035888672
2023-11-21,24.851091384887695
2023-11-22,24.726408004760742
2023-11-24,25.100467681884766
2023-11-27,25.541667938232422
2023-11-28,26.3569278717041
2023-11-29,26.472026824951172
2023-11-30,26.577529907226562
2023-12-01,27.172191619873047
2023-12-04,26.615896224975586
2023-12-05,26.126737594604492
2023-12-06,26.097963333129883
2023-12-07,26.040414810180664
2023-12-08,25.541667938232422
2023-12-11,25.426572799682617
2023-12-12,24.640087127685547
2023-12-13,26.232242584228516
2023-12-14,26.673442840576172
2023-12-15,26.74057960510254
2023-12-18,26.615896224975586
2023-12-19,27.479114532470703
2023-12-20,26.92281723022461
2023-12-21,27.603801727294922
2023-12-22,27.757265090942383
2023-12-26,27.814809799194336
2023-12-27,28.169689178466797
2023-12-28,27.617528915405273
2023-12-29,27.33807945251465
2024-01-02,26.721355438232422
2024-01-03,25.89263916015625
2024-01-04,26.04681968688965
2024-01-05,26.00827407836914
2024-01-08,26.01791000366211
2024-01-09,25.66136932373047
2024-01-10,25.68064308166504
2024-01-11,25.324100494384766
2024-01-12,25.9793643951416
2024-01-16,24.996469497680664
2024-01-17,24.187021255493164
2024-01-18,24.148473739624023
2024-01-19,24.167749404907227
2024-01-22,24.177385330200195
2024-01-23,24.62065315246582
2024-01-24,24.22556495666504
2024-01-25,24.55319595336914
2024-01-26,24.582107543945312
2024-01-29,25.23737144470215
2024-01-30,24.85192108154297
2024-01-31,24.47610855102539
2024-02-01,25.266281127929688
2024-02-02,24.659196853637695
2024-02-05,24.07138442993164
2024-02-06,24.399019241333008
2024-02-07,24.109928131103516
2024-02-08,23.96538734436035
2024-02-09,23.753387451171875
2024-02-12,24.023204803466797
2024-02-13,22.394676208496094
2024-02-14,22.548856735229492
2024-02-15,23.15593910217285
2024-02-16,23.15593910217285
2024-02-20,22.992124557495117
2024-02-21,22.481399536132812
2024-02-22,22.15376853942871
2024-02-23,22.481399536132812
2024-02-26,22.182676315307617
2024-02-27,22.14413070678711
2024-02-28,21.845407485961914
2024-02-29,22.259765625
2024-03-01,22.895761489868164
2024-03-04,23.57993507385254
2024-03-05,23.560665130615234
2024-03-06,23.994293212890625
2024-03-07,24.47610855102539
2024-03-08,24.46647071838379
2024-03-11,24.97719383239746
2024-03-12,24.823013305664062
2024-03-13,25.333736419677734
2024-03-14,25.11210060119629
2024-03-15,25.39155387878418
2024-03-18,25.1602840423584
2024-03-19,24.456832885742188
2024-03-20,25.516822814941406
2024-03-21,25.324100494384766
2024-03-22,25.035011291503906
2024-03-25,25.22773551940918
2024-03-26,25.006101608276367
2024-03-27,25.89263916015625
2024-03-28,26.4611759185791
2024-04-01,26.93335723876953
2024-04-02,27.713891983032227
2024-04-03,29.3520565032959
2024-04-04,28.98587989807129
2024-04-05,29.920595169067383
2024-04-08,30.045866012573242
2024-04-09,30.88422203063965
2024-04-10,30.51804542541504
2024-04-11,31.019132614135742
2024-04-12,30.31568145751953
2024-04-15,30.016958236694336
2024-04-16,29.535144805908203
2024-04-17,29.930233001708984
2024-04-18,30.132593154907227
2024-04-19,30.267499923706055
2024-04-22,29.24605941772461
2024-04-23,29.88205337524414
2024-04-24,29.85314178466797
2024-04-25,30.60477066040039
2024-04-26,30.787858963012695
2024-04-29,30.864948272705078
2024-04-30,29.46769142150879
2024-05-01,29.766414642333984
2024-05-02,29.843507766723633
2024-05-03,29.83386993408203
2024-05-06,30.672225952148438
2024-05-07,30.826404571533203
2024-05-08,30.672225952148438
2024-05-09,32.22365951538086
2024-05-10,31.780393600463867
2024-05-13,31.423851013183594
2024-05-14,31.86712074279785
2024-05-15,32.503116607666016
2024-05-16,32.36820602416992
2024-05-17,33.94855499267578
2024-05-20,34.62309265136719
2024-05-21,34.488189697265625
2024-05-22,33.225833892822266
2024-05-23,32.628387451171875
2024-05-24,33.13911056518555
2024-05-28,34.23764419555664
2024-05-29,33.61128616333008
2024-05-30,33.66910171508789
2024-05-31,33.428192138671875
2024-06-03,32.878929138183594
2024-06-04,31.279308319091797
2024-06-05,31.6262149810791
2024-06-06,32.65729904174805
2024-06-07,30.556589126586914
2024-06-10,31.019132614135742
2024-06-11,30.730039596557617
2024-06-12,30.84567642211914
2024-06-13,30.103687286376953
2024-06-14,30.431316375732422
2024-06-17,30.09404945373535
2024-06-18,30.556589126586914
2024-06-20,31.327489852905273
2024-06-21,30.63368034362793
2024-06-24,30.53731918334961
2024-06-25,30.171140670776367
2024-06-26,30.3253173828125
2024-06-27,30.331100463867188
2024-06-28,30.061235427856445
2024-07-01,29.78173065185547
2024-07-02,30.09014892578125
2024-07-03,31.304550170898438
2024-07-05,32.085235595703125
2024-07-08,32.19125747680664
2024-07-09,32.00813293457031
2024-07-10,33.29964065551758
2024-07-11,34.398380279541016
2024-07-12,34.38874435424805
2024-07-15,34.138145446777344
2024-07-16,35.19834518432617
2024-07-17,34.38874435424805
2024-07-18,33.492401123046875
2024-07-19,33.06832504272461
2024-07-22,33.174339294433594
2024-07-23,33.13578796386719
2024-07-24,32.75990676879883
2024-07-25,31.940662384033203
2024-07-26,32.03704833984375
2024-07-29,32.085235595703125
2024-07-30,32.316551208496094
2024-07-31,33.212894439697266
2024-08-01,31.72862434387207
2024-08-02,30.543142318725586
2024-08-05,29.270912170410156
2024-08-06,29.280550003051758
2024-08-07,28.509502410888672
2024-08-08,28.875749588012695
2024-08-09,29.203445434570312
2024-08-12,29.916664123535156
2024-08-13,30.360017776489258
2024-08-14,30.196168899536133
2024-08-15,30.793731689453125
2024-08-16,31.217803955078125
2024-08-19,32.19125747680664
2024-08-20,32.499671936035156
2024-08-21,32.86592102050781
2024-08-22,32.10451889038086
2024-08-23,32.58642578125
2024-08-26,32.615333557128906
2024-08-27,32.576778411865234
2024-08-28,31.52622413635254
2024-08-29,31.709354400634766
2024-08-30,31.545501708984375
2024-09-03,30.003406524658203
2024-09-04,29.714265823364258
2024-09-05,29.964855194091797
2024-09-06,29.058874130249023
2024-09-09,29.261274337768555
2024-09-10,29.68535041809082
2024-09-11,30.321462631225586
2024-09-12,32.316551208496094
2024-09-13,33.926116943359375
2024-09-16,33.916473388671875
2024-09-17,33.61769485473633
2024-09-18,33.058685302734375
2024-09-19,33.762264251708984
2024-09-20,34.244171142578125
2024-09-23,33.8682861328125
2024-09-24,35.56459426879883
2024-09-25,35.526039123535156
2024-09-26,36.09469223022461
2024-09-27,34.783905029296875
2024-09-30,33.82009506225586
2024-10-01,34.05141067504883
2024-10-02,34.408016204833984
2024-10-03,34.330909729003906
2024-10-04,34.47548294067383
2024-10-07,33.800819396972656
2024-10-08,33.74299240112305
2024-10-09,33.810455322265625
2024-10-10,34.986305236816406
2024-10-11,35.08268737792969
2024-10-14,34.96702575683594
2024-10-15,35.227256774902344
2024-10-16,35.429656982421875
2024-10-17,35.45857238769531
2024-10-18,37.91628646850586
2024-10-21,38.65842056274414
2024-10-22,39.57404327392578
2024-10-23,38.937931060791016
2024-10-24,39.43910598754883
2024-10-25,38.98611831665039
2024-10-28,39.053585052490234
2024-10-29,40.43183517456055
2024-10-30,38.176513671875
2024-10-31,37.26089859008789
2024-11-01,36.75971603393555
2024-11-04,36.711524963378906
2024-11-05,37.26089859008789
2024-11-06,36.277809143066406
2024-11-07,37.19343185424805
2024-11-08,36.25852966308594
2024-11-11,34.66824722290039
2024-11-12,34.27309036254883
2024-11-13,33.34782791137695
2024-11-14,33.95502853393555
2024-11-15,33.85865020751953
2024-11-18,34.9188346862793
2024-11-19,35.28508758544922
2024-11-20,34.832096099853516
2024-11-21,34.97666931152344
2024-11-22,34.7453498840332
2024-11-25,33.656246185302734
2024-11-26,33.77190399169922
2024-11-27,34.147789001464844
2024-11-29,35.015220642089844
2024-12-02,35.121238708496094
2024-12-03,36.7018928527832
2024-12-04,37.24161911010742
2024-12-05,38.52348709106445
2024-12-06,37.00067138671875
2024-12-09,37.578956604003906
2024-12-10,37.19343185424805
2024-12-11,38.022308349609375
2024-12-12,36.2489013671875
2024-12-13,34.97666931152344
2024-12-16,34.369468688964844
2024-12-17,34.10923385620117
2024-12-18,32.26836013793945
2024-12-19,32.05632019042969
2024-12-20,32.094871520996094
2024-12-23,32.48040008544922
2024-12-24,32.624969482421875
2024-12-26,32.87556457519531
2024-12-27,31.959943771362305
2024-12-30,31.178747177124023
2024-12-31,31.336565017700195
2025-01-02,32.66814422607422
2025-01-03,32.32292175292969
2025-01-06,32.13551330566406
2025-01-07,32.46101379394531
2025-01-08,32.76678466796875
2025-01-10,32.36237716674805
2025-01-13,31.474653244018555
2025-01-14,32.391963958740234
2025-01-15,32.707603454589844
2025-01-16,32.55964279174805
2025-01-17,32.55964279174805
2025-01-21,33.06269073486328
2025-01-22,32.76678466796875
2025-01-23,32.638553619384766
2025-01-24,33.32900619506836
2025-01-27,32.33278274536133
2025-01-28,32.69773864746094
2025-01-29,33.22050857543945
2025-01-30,34.78881072998047
2025-01-31,34.11809158325195
2025-02-03,34.522499084472656
2025-02-04,35.21294403076172
2025-02-05,36.01189041137695
2025-02-06,35.95271301269531
2025-02-07,35.56803894042969
2025-02-10,36.18943786621094
2025-02-11,35.686397552490234
2025-02-12,36.65302658081055
2025-02-13,36.810848236083984
2025-02-14,35.824485778808594
2025-02-18,35.95271301269531
2025-02-19,36.04148864746094
2025-02-20,36.583984375
2025-02-21,34.99595260620117
2025-02-24,35.14390563964844
2025-02-25,34.650726318359375
2025-02-26,35.42008590698242
2025-02-27,34.098365783691406
2025-02-28,34.25617980957031
2025-03-03,34.05890655517578
2025-03-04,34.42386245727539
2025-03-05,35.932987213134766
2025-03-06,35.646942138671875
2025-03-07,35.913265228271484
2025-03-10,35.00581359863281
2025-03-11,36.61357498168945
2025-03-12,38.221336364746094
2025-03-13,38.68492889404297
2025-03-14,39.0794677734375
2025-03-17,40.125003814697266
2025-03-18,39.95732498168945
2025-03-19,39.76005172729492
2025-03-20,39.5726432800293
2025-03-21,38.97096252441406
2025-03-24,39.020286560058594
2025-03-25,39.444419860839844
2025-03-26,38.99069595336914
2025-03-27,39.88827896118164
2025-03-28,38.95124053955078
2025-03-31,38.91178512573242
2025-04-01,38.58628845214844
2025-04-02,38.7342414855957
2025-04-03,38.07338333129883
2025-04-04,34.25617980957031
2025-04-07,34.029319763183594
2025-04-08,33.50654983520508
2025-04-09,36.47548294067383
2025-04-10,37.619659423828125
2025-04-11,39.67127990722656
2025-04-14,40.450504302978516
2025-04-15,40.70695495605469
2025-04-16,41.59467315673828
2025-04-17,40.98313522338867
2025-04-21,41.15081787109375
2025-04-22,40.154598236083984
2025-04-23,39.691009521484375
2025-04-24,40.30255126953125
2025-04-25,39.76005172729492
2025-04-28,40.11513900756836
2025-04-29,39.641685485839844
2025-04-30,40.19404983520508
2025-05-01,38.81315231323242
2025-05-02,38.467926025390625
2025-05-05,39.20769500732422
2025-05-06,40.94367980957031
2025-05-07,40.174320220947266
2025-05-08,40.13486862182617
2025-05-09,41.98921585083008
2025-05-12,39.23728561401367
2025-05-13,39.365509033203125
2025-05-14,38.428466796875
2025-05-15,39.040016174316406
2025-05-16,38.892059326171875
2025-05-19,39.4838752746582
2025-05-20,40.86477279663086
2025-05-21,41.74263000488281
2025-05-22,41.348087310791016
2025-05-23,42.07799530029297
2025-05-27,42.038536071777344
2025-05-28,42.383766174316406
2025-05-29,42.35417175292969
2025-05-30,42.561309814453125
2025-06-02,45.35269546508789
2025-06-03,45.68806076049805
2025-06-04,46.28974151611328
2025-06-05,48.18354415893555
2025-06-06,47.700225830078125
2025-06-09,48.19340515136719
2025-06-10,47.207054138183594
2025-06-11,47.29582214355469
2025-06-12,47.81858825683594
2025-06-13,48.14408874511719
2025-06-16,48.02572250366211
2025-06-17,48.35122299194336
2025-06-18,47.84817886352539
2025-06-20,46.92100524902344
2025-06-23,47.43391418457031
2025-06-24,46.556053161621094
2025-06-25,46.79277801513672
2025-06-26,47.84817886352539
2025-06-27,46.356319427490234
2025-06-30,47.56166458129883
2025-07-01,47.690101623535156
2025-07-02,48.12481689453125
2025-07-03,48.50025177001953
2025-07-07,49.3005256652832
2025-07-08,47.08742904663086
2025-07-09,47.68022155761719
2025-07-10,48.52001190185547
2025-07-11,50.22922897338867
2025-07-14,49.80439376831055
2025-07-15,49.093040466308594
2025-07-16,48.56941223144531
2025-07-17,48.203857421875
2025-07-18,47.61106491088867
2025-07-21,49.438838958740234
2025-07-22,50.713340759277344
2025-07-23,50.387306213378906
2025-07-24,49.83403396606445
2025-07-25,49.44871520996094
2025-07-28,48.42121124267578
2025-07-29,48.668209075927734
2025-07-30,47.36406707763672
2025-07-31,46.771278381347656
2025-08-01,47.008392333984375
2025-08-04,48.737369537353516
2025-08-05,50.23910903930664
2025-08-06,51.167816162109375
2025-08-07,53.183311462402344
2025-08-08,53.776100158691406
2025-08-11,53.183311462402344
2025-08-12,53.9144172668457
2025-08-13,53.60813903808594
2025-08-14,53.15366744995117
2025-08-15,53.36114501953125
2025-08-18,53.212947845458984
2025-08-19,51.37528991699219
2025-08-20,52.38303756713867
2025-08-21,53.27222442626953
2025-08-22,54.665287017822266
2025-08-25,54.31949234008789
2025-08-26,55.04072189331055
2025-08-27,55.27783966064453
2025-08-28,55.673030853271484
2025-08-29,57.402008056640625
2025-09-02,59.07170867919922
2025-09-03,60.207889556884766
2025-09-04,59.54594039916992
2025-09-05,60.751285552978516
2025-09-08,62.134464263916016
2025-09-09,61.41323471069336
2025-09-10,62.99401092529297
2025-09-11,64.61431121826172
2025-09-12,65.05889892578125
2025-09-15,66.57051849365234
2025-09-16,64.55502319335938
2025-09-17,63.596683502197266
2025-09-18,63.329925537109375
2025-09-19,65.7208480834961
2025-09-22,68.0426254272461
2025-09-23,67.756103515625
2025-09-24,66.4025650024414
2025-09-25,67.43006896972656
2025-09-26,69.15904998779297
2025-09-29,70.15692138671875
2025-09-30,70.76946258544922
2025-10-01,71.0263442993164
2025-10-02,70.39402770996094
2025-10-03,70.09762573242188
2025-10-06,71.44129180908203
2025-10-07,70.22607421875
2025-10-08,73.06159210205078
2025-10-09,70.0383529663086
2025-10-10,69.94943237304688
2025-10-13,74.28669738769531
2025-10-14,74.23729705810547
2025-10-15,77.16173553466797
2025-10-16,78.89071655273438
2025-10-17,72.83435821533203
2025-10-20,74.49417114257812
2025-10-21,66.4025650024414
2025-10-22,67.1435546875
2025-10-23,67.28187561035156
2025-10-24,66.81752014160156
2025-10-27,64.43647766113281
2025-10-28,65.53313446044922
2025-10-29,65.67145538330078
2025-10-30,66.69895935058594
2025-10-31,65.7603759765625
2025-11-03,64.377197265625
2025-11-04,61.452754974365234
2025-11-05,61.72938919067383
2025-11-06,62.35182189941406
2025-11-07,64.04127502441406
2025-11-10,66.90643310546875
2025-11-11,67.03487396240234
2025-11-12,69.58387756347656
2025-11-13,68.44770050048828
2025-11-14,67.47947692871094
2025-11-17,65.88880920410156
2025-11-18,66.43220520019531
2025-11-19,67.5980224609375
2025-11-20,63.952362060546875
2025-11-21,64.21910858154297
2025-11-24,67.82527160644531
2025-11-25,68.5267333984375
2025-11-26,72.51820373535156
2025-11-28,76.7270278930664
2025-12-01,77.13209533691406
2025-12-02,76.18362426757812
2025-12-03,75.54144287109375
2025-12-04,75.28456115722656
2025-12-05,75.15612030029297
2025-12-08,73.84210205078125
2025-12-09,77.52729034423828
2025-12-10,78.80179595947266
2025-12-11,82.36842346191406
2025-12-12,81.48912048339844
2025-12-15,81.25199890136719
2025-12-16,80.80741119384766
2025-12-17,81.60767364501953
2025-12-18,80.9753646850586
2025-12-19,83.71208953857422
2025-12-22,87.00208282470703
2025-12-23,87.36763763427734
2025-12-24,86.61676025390625
2025-12-26,88.92865753173828
2025-12-29,84.22583770751953
2025-12-30,85.3922348022461
2025-12-31,83.40496826171875
2026-01-02,82.89567565917969
2026-01-05,85.88156127929688
2026-01-06,89.3967056274414
2026-01-07,87.60917663574219
2026-01-08,87.3794937133789
2026-01-09,89.6463623046875
2026-01-12,93.87054443359375
2026-01-13,94.2999496459961
2026-01-14,94.70938110351562
2026-01-15,96.2672348022461
2026-01-16,98.21454620361328
2026-01-20,103.24760437011719
2026-01-21,102.1391372680664
2026-01-22,108.5103530883789
2026-01-23,111.40635681152344
2026-01-26,111.8557357788086
2026-01-27,112.57474517822266
2026-01-28,114.36227416992188
2026-01-29,110.50759887695312
2026-01-30,94.17012786865234
2026-02-02,93.19147491455078
2026-02-03,99.22315979003906
2026-02-04,99.40290832519531
2026-02-05,91.8233642578125
2026-02-06,97.25587463378906
2026-02-09,102.9080810546875
2026-02-10,102.3788070678711
2026-02-11,105.04513549804688
2026-02-12,96.5268783569336
2026-02-13,101.50001525878906
2026-02-17,97.40567016601562
2026-02-18,100.37157440185547
2026-02-19,103.07784271240234
2026-02-20,107.60160064697266
2026-02-23,110.01827239990234
2026-02-24,111.54615783691406
2026-02-25,113.11399841308594
2026-02-26,116.45938873291016
2026-02-27,117.86744689941406
2026-03-02,116.82887268066406
2026-03-03,106.41323852539062
2026-03-04,107.32199096679688
2026-03-05,102.24898529052734
2026-03-06,101.09058380126953
2026-03-09,102.30889892578125
2026-03-10,104.95525360107422
2026-03-11,102.45869445800781
2026-03-12,99.642578125
2026-03-13,94.17012786865234
2026-03-16,95.03892517089844
2026-03-17,94.08025360107422
2026-03-18,87.74898529052734
2026-03-19,82.73589324951172
2026-03-20,79.08094024658203
2026-03-23,82.6160659790039
2026-03-24,83.33506774902344
2026-03-25,85.26241302490234
2026-03-26,81.04822540283203
2026-03-27,84.0640640258789
2026-03-30,83.4349365234375
2026-03-31,89.95594024658203
2026-04-01,93.13156127929688
2026-04-02,92.52239990234375
2026-04-06,91.8333511352539
2026-04-07,92.7121353149414
2026-04-08,95.7579345703125
2026-04-09,95.52825927734375
2026-04-10,96.5268783569336
2026-04-13,97.13603210449219
2026-04-14,99.6525650024414
2026-04-15,97.4555892944336
2026-04-16,97.04615783691406
2026-04-17,100.84093475341797
2026-04-20,99.31303405761719
2026-04-21,94.0602798461914
2026-04-22,96.99623107910156
2026-04-23,94.0602798461914
2026-04-24,94.73934173583984
2026-04-27,93.57095336914062
2026-04-28,89.09712219238281
2026-04-29,86.32095336914062
2026-04-30,88.4580078125
2026-05-01,88.54788208007812
2026-05-04,86.78031921386719
2026-05-05,86.26103210449219
2026-05-06,94.54960632324219
2026-05-07,94.12019348144531
2026-05-08,97.1060791015625
2026-05-11,101.80958557128906
2026-05-12,102.56854248046875
2026-05-13,102.47866821289062
2026-05-14,98.94355010986328
2026-05-15,91.47384643554688
2026-05-18,90.4852066040039
2026-05-19,86.37088012695312
2026-05-20,89.45662689208984
2026-05-21,89.25690460205078
2026-05-22,87.98865509033203
2026-05-26,91.2042236328125
2026-05-27,88.62776947021484
2026-05-28,90.85470581054688
2026-05-29,93.60091400146484
2026-06-01,91.36399841308594
2026-06-02,91.93321228027344
2026-06-03,87.3695068359375
2026-06-04,88.39808654785156
2026-06-05,79.17081451416016
2026-06-08,79.47040557861328
2026-06-09,77.68286895751953
2026-06-10,74.15773010253906
2026-06-11,78.98107147216797
2026-06-12,81.5675048828125
2026-06-15,86.83024597167969
2026-06-16,89.10711669921875
2026-06-17,85.83162689208984
2026-06-18,83.61468505859375
2026-06-22,82.95559692382812
2026-06-23,78.42184448242188
2026-06-24,75.4659194946289
2026-06-25,76.98382568359375
2026-06-26,78.31199645996094
2026-06-29,77.41000366210938
2026-06-30,77.45999908447266
2026-07-01,77.19000244140625
2026-07-02,80.19999694824219
2026-07-06,79.69999694824219
2026-07-07,76.52999877929688
2026-07-08,74.0199966430664
2026-07-09,76.80000305175781
2026-07-10,76.3499984741211
2026-07-13,74.26000213623047
2026-07-14,75.52999877929688
2026-07-15,75.01000213623047
2026-07-16,71.91000366210938
2026-07-17,71.73999786376953
2026-07-20,71.41000366210938
2026-07-21,75.52999877929688
2026-07-22,77.4000015258789
2026-07-23,75.27999877929688
2026-07-24,75.44000244140625
2026-07-27,75.77999877929688
2026-07-28,73.98999786376953
2026-07-29,72.94000244140625
2026-07-30,76.19000244140625
2026-07-31,73.75
2026-08-03,75.79000091552734
2026-08-04,78.58999633789062
2026-08-05,83.7699966430664
2026-08-06,83.26000213623047
2026-08-07,88.5
2026-08-10,90.27999877929688
2026-08-11,90.80000305175781
2026-08-12,91.30999755859375
2026-08-13,88.68000030517578
2026-08-14,89.55000305175781
2026-08-17,90.72000122070312
2026-08-18,87.52999877929688
2026-08-19,95.87000274658203
2026-08-20,97.45999908447266
2026-08-21,99.55000305175781
2026-08-24,100.37000274658203
2026-08-25,102.80000305175781
2026-08-26,100.62999725341797
2026-08-27,103.13999938964844
2026-08-28,99.13999938964844
2026-08-31,97.94999694824219
2026-09-01,94.29000091552734
2026-09-02,98.69000244140625
2026-09-03,101.36000061035156
2026-09-04,99.29000091552734
2026-09-08,98.5
2026-09-09,100.11000061035156
2026-09-10,96.19999694824219
2026-09-11,96.36000061035156
2026-09-14,93.2699966430664
2026-09-15,92.70999908447266
2026-09-16,90.93000030517578
2026-09-17,95.01000213623047
2026-09-18,95.19999694824219
2026-09-21,93.76000213623047
2026-09-22,97.41000366210938
2026-09-23,92.22000122070312
2026-09-24,90.95999908447266
2026-09-25,91.55999755859375
2026-09-28,86.98999786376953
2026-09-29,87.16999816894531
2026-09-30,86.01000213623047
2026-10-01,85.62999725341797
2026-10-02,86.5
2026-10-05,86.1500015258789
2026-10-06,86.62999725341797
2026-10-07,83.55999755859375
