date,close
2011-10-10,65.99600219726562
2011-10-11,66.7239990234375
2011-10-12,66.02999877929688
2011-10-13,67.5199966430664
2011-10-14,67.51799774169922
2011-10-17,67.76599884033203
2011-10-18,67.2770004272461
2011-10-19,67.87999725341797
2011-10-20,67.37899780273438
2011-10-21,68.6780014038086
2011-10-24,69.23400115966797
2011-10-25,69.02799987792969
2011-10-26,68.71199798583984
2011-10-27,68.63800048828125
2011-10-28,70.74099731445312
2011-10-31,68.80599975585938
2011-11-01,67.72699737548828
2011-11-02,67.31900024414062
2011-11-03,67.38200378417969
2011-11-04,67.55699920654297
2011-11-07,67.2750015258789
2011-11-08,67.38700103759766
2011-11-09,68.2300033569336
2011-11-10,68.03800201416016
2011-11-11,68.03299713134766
2011-11-14,68.86599731445312
2011-11-15,68.54299926757812
2011-11-16,68.3219985961914
2011-11-17,68.31300354003906
2011-11-18,68.8239974975586
2011-11-21,69.18800354003906
2011-11-22,70.33399963378906
2011-11-23,70.78600311279297
2011-11-24,69.69599914550781
2011-11-25,69.37999725341797
2011-11-28,69.09600067138672
2011-11-29,68.47309875488281
2011-11-30,69.16899871826172
2011-12-01,69.59200286865234
2011-12-02,69.17400360107422
2011-12-05,68.33000183105469
2011-12-06,68.57099914550781
2011-12-07,68.62999725341797
2011-12-08,69.18099975585938
2011-12-09,68.87200164794922
2011-12-12,69.26300048828125
2011-12-13,69.44400024414062
2011-12-14,69.20800018310547
2011-12-15,69.70800018310547
2011-12-16,69.26000213623047
2011-12-19,68.49299621582031
2011-12-20,68.55999755859375
2011-12-21,68.9520034790039
2011-12-22,68.23899841308594
2011-12-23,68.4990005493164
2011-12-26,68.86599731445312
2011-12-27,68.88200378417969
2011-12-28,69.06400299072266
2011-12-29,68.3740005493164
2011-12-30,68.70899963378906
2012-01-02,68.69300079345703
2012-01-03,68.79399871826172
2012-01-04,69.23500061035156
2012-01-05,68.27100372314453
2012-01-06,67.46399688720703
2012-01-09,66.95500183105469
2012-01-10,66.87100219726562
2012-01-11,65.89199829101562
2012-01-12,65.70600128173828
2012-01-13,66.03299713134766
2012-01-16,65.21199798583984
2012-01-17,65.02300262451172
2012-01-18,64.53800201416016
2012-01-19,64.71700286865234
2012-01-20,65.21199798583984
2012-01-23,65.02400207519531
2012-01-24,64.93699645996094
2012-01-25,65.08000183105469
2012-01-26,65.5530014038086
2012-01-27,68.30400085449219
2012-01-30,65.29100036621094
2012-01-31,65.09500122070312
2012-02-01,64.78099822998047
2012-02-02,64.4800033569336
2012-02-03,64.4010009765625
2012-02-06,63.69499969482422
2012-02-07,64.28700256347656
2012-02-08,64.9729995727539
2012-02-09,65.0459976196289
2012-02-10,65.65899658203125
2012-02-13,65.05999755859375
2012-02-14,64.6259994506836
2012-02-15,64.73400115966797
2012-02-16,64.2760009765625
2012-02-17,64.62799835205078
2012-02-20,64.8030014038086
2012-02-21,64.83200073242188
2012-02-22,65.23600006103516
2012-02-23,65.16799926757812
2012-02-24,65.57499694824219
2012-02-27,65.90399932861328
2012-02-28,65.91899871826172
2012-02-29,66.06600189208984
2012-03-01,65.2229995727539
2012-03-02,65.45600128173828
2012-03-05,65.37300109863281
2012-03-06,65.84300231933594
2012-03-07,65.97200012207031
2012-03-08,65.99500274658203
2012-03-09,66.38899993896484
2012-03-12,65.2959976196289
2012-03-13,65.72200012207031
2012-03-14,65.21900177001953
2012-03-15,64.91200256347656
2012-03-16,65.81099700927734
2012-03-19,65.98200225830078
2012-03-20,66.37300109863281
2012-03-21,66.63300323486328
2012-03-22,66.84400177001953
2012-03-23,67.50399780273438
2012-03-26,66.76599884033203
2012-03-27,68.09600067138672
2012-03-28,67.47599792480469
2012-03-29,67.58399963378906
2012-03-30,68.28099822998047
2012-04-02,67.86299896240234
2012-04-03,67.7490005493164
2012-04-04,66.80799865722656
2012-04-05,67.10800170898438
2012-04-06,66.61000061035156
2012-04-09,66.61000061035156
2012-04-10,66.99400329589844
2012-04-11,67.2249984741211
2012-04-12,67.43399810791016
2012-04-13,67.49600219726562
2012-04-16,67.33300018310547
2012-04-17,67.7509994506836
2012-04-18,67.52999877929688
2012-04-19,67.87000274658203
2012-04-20,68.45700073242188
2012-04-23,68.75700378417969
2012-04-24,68.96700286865234
2012-04-25,69.43900299072266
2012-04-26,69.447998046875
2012-04-27,69.0459976196289
2012-04-30,69.56300354003906
2012-05-01,69.64700317382812
2012-05-02,69.47599792480469
2012-05-03,69.55000305175781
2012-05-04,70.18499755859375
2012-05-07,69.95500183105469
2012-05-08,69.02100372314453
2012-05-09,68.94499969482422
2012-05-10,69.5479965209961
2012-05-11,68.80999755859375
2012-05-14,69.10399627685547
2012-05-15,69.15699768066406
2012-05-16,68.42500305175781
2012-05-17,69.28900146484375
2012-05-18,69.08399963378906
2012-05-21,69.5
2012-05-22,70.43399810791016
2012-05-23,70.06099700927734
2012-05-24,70.25900268554688
2012-05-25,69.68099975585938
2012-05-28,69.30699920654297
2012-05-29,69.42900085449219
2012-05-30,69.37999725341797
2012-05-31,69.50499725341797
2012-06-01,69.24099731445312
2012-06-04,68.98400115966797
2012-06-05,69.59700012207031
2012-06-06,69.26499938964844
2012-06-07,69.53600311279297
2012-06-08,68.97200012207031
2012-06-11,69.2979965209961
2012-06-12,69.37300109863281
2012-06-13,69.68699645996094
2012-06-14,69.93800354003906
2012-06-15,70.38800048828125
2012-06-18,69.92500305175781
2012-06-19,70.34700012207031
2012-06-20,70.86799621582031
2012-06-21,71.19599914550781
2012-06-22,70.56300354003906
2012-06-25,71.73699951171875
2012-06-26,71.21199798583984
2012-06-27,71.11199951171875
2012-06-28,70.86499786376953
2012-06-29,70.59400177001953
2012-07-02,70.20999908447266
2012-07-03,69.65499877929688
2012-07-04,68.44200134277344
2012-07-05,68.12200164794922
2012-07-06,67.99400329589844
2012-07-09,68.08499908447266
2012-07-10,68.71299743652344
2012-07-11,67.80400085449219
2012-07-12,68.04100036621094
2012-07-13,68.11900329589844
2012-07-16,67.47000122070312
2012-07-17,67.45099639892578
2012-07-18,67.6719970703125
2012-07-19,67.83599853515625
2012-07-20,67.59400177001953
2012-07-23,67.18099975585938
2012-07-24,67.77200317382812
2012-07-25,67.60600280761719
2012-07-26,68.10700225830078
2012-07-27,68.09600067138672
2012-07-30,67.98600006103516
2012-07-31,67.87200164794922
2012-08-01,68.33399963378906
2012-08-02,67.8239974975586
2012-08-03,67.94999694824219
2012-08-06,68.98500061035156
2012-08-07,68.71600341796875
2012-08-08,68.13300323486328
2012-08-09,68.5
2012-08-10,67.87000274658203
2012-08-13,67.85700225830078
2012-08-14,68.13800048828125
2012-08-15,68.51200103759766
2012-08-16,68.30899810791016
2012-08-17,68.66699981689453
2012-08-20,68.69100189208984
2012-08-21,68.47699737548828
2012-08-22,69.00199890136719
2012-08-23,69.0270004272461
2012-08-24,69.33599853515625
2012-08-27,69.44200134277344
2012-08-28,69.54199981689453
2012-08-29,69.89399719238281
2012-08-30,69.6240005493164
2012-08-31,69.51699829101562
2012-09-03,69.73400115966797
2012-09-04,69.81600189208984
2012-09-05,69.68099975585938
2012-09-06,70.35399627685547
2012-09-07,70.23100280761719
2012-09-10,70.87699890136719
2012-09-11,70.6760025024414
2012-09-12,71.0469970703125
2012-09-13,71.15599822998047
2012-09-14,71.93399810791016
2012-09-17,71.2770004272461
2012-09-18,70.72599792480469
2012-09-19,70.39800262451172
2012-09-20,70.47100067138672
2012-09-21,70.31800079345703
2012-09-24,69.19100189208984
2012-09-25,69.11900329589844
2012-09-26,68.75599670410156
2012-09-27,68.84500122070312
2012-09-28,68.37100219726562
2012-10-01,67.15969848632812
2012-10-02,67.4489974975586
2012-10-03,67.58000183105469
2012-10-04,67.3239974975586
2012-10-05,67.25299835205078
2012-10-08,67.58699798583984
2012-10-09,68.22200012207031
2012-10-10,67.72200012207031
2012-10-11,68.13200378417969
2012-10-12,68.04499816894531
2012-10-15,68.39600372314453
2012-10-16,68.6709976196289
2012-10-17,69.22599792480469
2012-10-18,69.25199890136719
2012-10-19,69.72799682617188
2012-10-22,70.04100036621094
2012-10-23,69.822998046875
2012-10-24,69.62000274658203
2012-10-25,69.59400177001953
2012-10-26,69.20099639892578
2012-10-29,69.23100280761719
2012-10-30,69.7249984741211
2012-10-31,69.87200164794922
2012-11-01,69.77899932861328
2012-11-02,69.38600158691406
2012-11-05,68.99700164794922
2012-11-06,69.79900360107422
2012-11-07,69.62200164794922
2012-11-08,69.07499694824219
2012-11-09,69.2030029296875
2012-11-12,68.5
2012-11-13,69.66000366210938
2012-11-14,69.68199920654297
2012-11-15,69.69000244140625
2012-11-16,69.85199737548828
2012-11-19,70.21700286865234
2012-11-20,70.23300170898438
2012-11-21,70.53700256347656
2012-11-22,70.822998046875
2012-11-23,71.00700378417969
2012-11-26,71.8740005493164
2012-11-27,72.18099975585938
2012-11-28,71.66799926757812
2012-11-29,72.07599639892578
2012-11-30,71.06800079345703
2012-12-03,70.56300354003906
2012-12-04,71.48100280761719
2012-12-05,71.54299926757812
2012-12-06,71.20800018310547
2012-12-07,70.09400177001953
2012-12-10,70.16899871826172
2012-12-11,70.42500305175781
2012-12-12,70.52200317382812
2012-12-13,70.9010009765625
2012-12-14,71.14700317382812
2012-12-17,70.0
2012-12-18,72.1259994506836
2012-12-19,72.48799896240234
2012-12-20,72.00900268554688
2012-12-21,72.53199768066406
2012-12-24,72.53199768066406
2012-12-25,72.36399841308594
2012-12-26,72.42400360107422
2012-12-27,72.46099853515625
2012-12-28,72.71399688720703
2012-12-31,72.36100006103516
2013-01-01,72.51200103759766
2013-01-02,72.09300231933594
2013-01-03,71.5739974975586
2013-01-04,70.90499877929688
2013-01-07,71.7229995727539
2013-01-08,72.3949966430664
2013-01-09,71.86199951171875
2013-01-10,71.4000015258789
2013-01-11,72.3499984741211
2013-01-14,73.14299774169922
2013-01-15,72.8219985961914
2013-01-16,72.61699676513672
2013-01-17,72.60199737548828
2013-01-18,72.60099792480469
2013-01-21,71.50599670410156
2013-01-22,71.49700164794922
2013-01-23,71.55899810791016
2013-01-24,71.34500122070312
2013-01-25,71.68900299072266
2013-01-28,72.41100311279297
2013-01-29,72.42500305175781
2013-01-30,72.4489974975586
2013-01-31,72.25900268554688
2013-02-01,72.3550033569336
2013-02-04,72.53299713134766
2013-02-05,71.9229965209961
2013-02-06,72.1050033569336
2013-02-07,71.81099700927734
2013-02-08,71.18299865722656
2013-02-11,71.5469970703125
2013-02-12,72.2490005493164
2013-02-13,72.3740005493164
2013-02-14,72.28500366210938
2013-02-15,71.9209976196289
2013-02-18,72.51799774169922
2013-02-19,72.24299621582031
2013-02-20,72.48100280761719
2013-02-21,71.6969985961914
2013-02-22,71.78900146484375
2013-02-25,71.52300262451172
2013-02-26,70.322998046875
2013-02-27,70.5979995727539
2013-02-28,70.79299926757812
2013-03-01,70.93499755859375
2013-03-04,71.41600036621094
2013-03-05,71.4280014038086
2013-03-06,71.58599853515625
2013-03-07,70.93599700927734
2013-03-08,71.45700073242188
2013-03-11,70.60800170898438
2013-03-12,70.83100128173828
2013-03-13,70.46299743652344
2013-03-14,70.375
2013-03-15,70.65599822998047
2013-03-18,70.58300018310547
2013-03-19,69.92400360107422
2013-03-20,69.86499786376953
2013-03-21,70.22899627685547
2013-03-22,69.9749984741211
2013-03-25,70.50900268554688
2013-03-26,69.58399963378906
2013-03-27,69.83699798583984
2013-03-28,69.40699768066406
2013-03-29,69.49099731445312
2013-04-01,69.48899841308594
2013-04-02,69.68499755859375
2013-04-03,69.6969985961914
2013-04-04,69.86900329589844
2013-04-05,70.8740005493164
2013-04-08,70.81700134277344
2013-04-09,71.01300048828125
2013-04-10,71.31700134277344
2013-04-11,71.08499908447266
2013-04-12,71.13800048828125
2013-04-15,71.41100311279297
2013-04-16,71.13200378417969
2013-04-17,71.28399658203125
2013-04-18,70.58399963378906
2013-04-19,70.42900085449219
2013-04-22,70.30899810791016
2013-04-23,70.63099670410156
2013-04-24,70.58200073242188
2013-04-25,70.5790023803711
2013-04-26,70.44200134277344
2013-04-29,70.85099792480469
2013-04-30,70.93800354003906
2013-05-01,70.76799774169922
2013-05-02,70.65299987792969
2013-05-03,70.22699737548828
2013-05-06,70.50700378417969
2013-05-07,70.74700164794922
2013-05-08,70.71800231933594
2013-05-09,71.25599670410156
2013-05-10,70.63300323486328
2013-05-13,71.15899658203125
2013-05-14,71.13400268554688
2013-05-15,70.81900024414062
2013-05-16,70.5
2013-05-17,70.49700164794922
2013-05-20,70.4000015258789
2013-05-21,70.96900177001953
2013-05-22,71.50900268554688
2013-05-23,71.38500213623047
2013-05-24,71.9260025024414
2013-05-27,72.177001953125
2013-05-28,71.8030014038086
2013-05-29,72.0
2013-05-30,72.81500244140625
2013-05-31,73.46600341796875
2013-06-03,72.38809967041016
2013-06-04,74.0
2013-06-05,73.6989974975586
2013-06-06,74.18800354003906
2013-06-07,75.2030029296875
2013-06-10,75.2030029296875
2013-06-11,75.2030029296875
2013-06-12,75.2030029296875
2013-06-13,77.06900024414062
2013-06-14,77.45500183105469
2013-06-17,76.74199676513672
2013-06-18,77.56400299072266
2013-06-19,78.6989974975586
2013-06-20,77.96499633789062
2013-06-21,78.77400207519531
2013-06-24,77.7770004272461
2013-06-25,78.47200012207031
2013-06-26,77.95899963378906
2013-06-27,78.93499755859375
2013-06-28,78.38400268554688
2013-07-01,77.44300079345703
2013-07-02,77.52100372314453
2013-07-03,77.28700256347656
2013-07-04,78.27999877929688
2013-07-05,77.59500122070312
2013-07-08,77.28399658203125
2013-07-09,78.02799987792969
2013-07-10,76.74500274658203
2013-07-11,78.87699890136719
2013-07-12,78.28800201416016
2013-07-15,78.25
2013-07-16,78.02300262451172
2013-07-17,77.9000015258789
2013-07-18,77.73100280761719
2013-07-19,78.24600219726562
2013-07-22,77.91699981689453
2013-07-23,78.70099639892578
2013-07-24,78.94100189208984
2013-07-25,77.91799926757812
2013-07-26,78.18699645996094
2013-07-29,78.49199676513672
2013-07-30,78.72799682617188
2013-07-31,80.59100341796875
2013-08-01,80.85700225830078
2013-08-02,79.77300262451172
2013-08-05,81.1500015258789
2013-08-06,80.63500213623047
2013-08-07,80.8219985961914
2013-08-08,81.5770034790039
2013-08-09,81.1780014038086
2013-08-12,79.4000015258789
2013-08-13,81.572998046875
2013-08-14,81.51200103759766
2013-08-15,81.29000091552734
2013-08-16,81.8010025024414
2013-08-19,83.28700256347656
2013-08-20,84.11100006103516
2013-08-21,85.02899932861328
2013-08-22,85.45899963378906
2013-08-23,85.80999755859375
2013-08-26,85.76100158691406
2013-08-27,86.01300048828125
2013-08-28,88.72200012207031
2013-08-29,91.6719970703125
2013-08-30,88.01200103759766
2013-09-02,87.9520034790039
2013-09-03,86.97699737548828
2013-09-04,89.00499725341797
2013-09-05,88.4520034790039
2013-09-06,86.5250015258789
2013-09-09,85.91899871826172
2013-09-10,86.40899658203125
2013-09-11,84.62000274658203
2013-09-12,84.09500122070312
2013-09-13,84.26899719238281
2013-09-16,84.54499816894531
2013-09-17,83.71700286865234
2013-09-18,84.56999969482422
2013-09-19,85.64199829101562
2013-09-20,83.52300262451172
2013-09-23,84.88500213623047
2013-09-24,84.60399627685547
2013-09-25,84.50399780273438
2013-09-26,84.33000183105469
2013-09-27,83.63400268554688
2013-09-30,84.89600372314453
2013-10-01,84.56700134277344
2013-10-02,84.38500213623047
2013-10-03,84.80000305175781
2013-10-04,84.0250015258789
2013-10-07,83.28600311279297
2013-10-08,83.84100341796875
2013-10-09,84.1760025024414
2013-10-10,83.50800323486328
2013-10-11,82.9219970703125
2013-10-14,82.6780014038086
2013-10-15,83.37000274658203
2013-10-16,83.53399658203125
2013-10-17,83.39800262451172
2013-10-18,83.4800033569336
2013-10-21,83.78299713134766
2013-10-22,84.13099670410156
2013-10-23,84.875
2013-10-24,84.79499816894531
2013-10-25,84.81900024414062
2013-10-28,84.81999969482422
2013-10-29,84.73799896240234
2013-10-30,84.18199920654297
2013-10-31,84.15399932861328
2013-11-01,83.4280014038086
2013-11-04,83.92500305175781
2013-11-05,83.38099670410156
2013-11-06,82.94499969482422
2013-11-07,84.27200317382812
2013-11-08,83.62200164794922
2013-11-11,84.55400085449219
2013-11-12,84.72899627685547
2013-11-13,85.56700134277344
2013-11-14,85.31900024414062
2013-11-15,84.80400085449219
2013-11-18,84.5459976196289
2013-11-19,84.20600128173828
2013-11-20,84.52200317382812
2013-11-21,83.98400115966797
2013-11-22,84.70999908447266
2013-11-25,84.34300231933594
2013-11-26,84.48999786376953
2013-11-27,84.73400115966797
2013-11-28,84.88300323486328
2013-11-29,84.83000183105469
2013-12-02,84.88800048828125
2013-12-03,84.31400299072266
2013-12-04,84.6780014038086
2013-12-05,84.22899627685547
2013-12-06,84.34100341796875
2013-12-09,83.81500244140625
2013-12-10,83.9260025024414
2013-12-11,83.95800018310547
2013-12-12,84.36000061035156
2013-12-13,84.92900085449219
2013-12-16,85.45899963378906
2013-12-17,84.8740005493164
2013-12-18,85.31500244140625
2013-12-19,84.87899780273438
2013-12-20,84.78600311279297
2013-12-23,84.78099822998047
2013-12-24,84.79399871826172
2013-12-25,84.42900085449219
2013-12-26,84.51300048828125
2013-12-27,84.7300033569336
2013-12-30,84.79000091552734
2013-12-31,85.41899871826172
2014-01-01,84.88400268554688
2014-01-02,85.11900329589844
2014-01-03,85.01499938964844
2014-01-06,84.58100128173828
2014-01-07,84.85199737548828
2014-01-08,84.76399993896484
2014-01-09,84.28700256347656
2014-01-10,84.41300201416016
2014-01-13,83.99500274658203
2014-01-14,83.9800033569336
2014-01-15,83.96199798583984
2014-01-16,83.67400360107422
2014-01-17,83.71600341796875
2014-01-20,83.25700378417969
2014-01-21,83.39399719238281
2014-01-22,83.83000183105469
2014-01-23,83.63999938964844
2014-01-24,84.69300079345703
2014-01-27,85.8759994506836
2014-01-28,86.20999908447266
2014-01-29,85.36000061035156
2014-01-30,85.24500274658203
2014-01-31,84.74299621582031
2014-02-03,84.28500366210938
2014-02-04,84.52400207519531
2014-02-05,84.44200134277344
2014-02-06,84.64299774169922
2014-02-07,84.70999908447266
2014-02-10,84.58499908447266
2014-02-11,85.13700103759766
2014-02-12,84.77300262451172
2014-02-13,84.29199981689453
2014-02-14,85.30500030517578
2014-02-17,84.70099639892578
2014-02-18,84.66899871826172
2014-02-19,85.48300170898438
2014-02-20,85.37200164794922
2014-02-21,85.30999755859375
2014-02-24,85.18499755859375
2014-02-25,85.17400360107422
2014-02-26,85.12200164794922
2014-02-27,84.71900177001953
2014-02-28,84.89700317382812
2014-03-03,85.20500183105469
2014-03-04,85.1449966430664
2014-03-05,84.98400115966797
2014-03-06,84.7249984741211
2014-03-07,84.64700317382812
2014-03-10,84.98699951171875
2014-03-11,84.38600158691406
2014-03-12,84.58000183105469
2014-03-13,85.0459976196289
2014-03-14,84.73300170898438
2014-03-17,84.8290023803711
2014-03-18,84.99700164794922
2014-03-19,85.05599975585938
2014-03-20,84.18099975585938
2014-03-21,84.45600128173828
2014-03-24,84.17500305175781
2014-03-25,84.0270004272461
2014-03-26,83.49199676513672
2014-03-27,82.80000305175781
2014-03-28,82.6969985961914
2014-03-31,82.26899719238281
2014-04-01,82.59100341796875
2014-04-02,82.45999908447266
2014-04-03,82.39099884033203
2014-04-04,82.48799896240234
2014-04-07,81.76200103759766
2014-04-08,82.5270004272461
2014-04-09,82.802001953125
2014-04-10,83.23899841308594
2014-04-11,83.34300231933594
2014-04-14,83.55599975585938
2014-04-15,83.17400360107422
2014-04-16,83.11399841308594
2014-04-17,83.38500213623047
2014-04-18,83.28099822998047
2014-04-21,83.08499908447266
2014-04-22,83.41999816894531
2014-04-23,83.81500244140625
2014-04-24,84.34700012207031
2014-04-25,84.4540023803711
2014-04-28,83.9229965209961
2014-04-29,83.92900085449219
2014-04-30,83.38200378417969
2014-05-01,83.38400268554688
2014-05-02,83.50900268554688
2014-05-05,83.25700378417969
2014-05-06,83.50299835205078
2014-05-07,83.47899627685547
2014-05-08,83.4209976196289
2014-05-09,82.83999633789062
2014-05-12,82.33999633789062
2014-05-13,82.53199768066406
2014-05-14,81.43499755859375
2014-05-15,81.52200317382812
2014-05-16,81.48500061035156
2014-05-19,80.21499633789062
2014-05-20,79.96700286865234
2014-05-21,80.21199798583984
2014-05-22,80.22100067138672
2014-05-23,79.50199890136719
2014-05-26,79.61399841308594
2014-05-27,80.08100128173828
2014-05-28,80.43399810791016
2014-05-29,79.97899627685547
2014-05-30,80.06600189208984
2014-06-02,80.63700103759766
2014-06-03,80.44499969482422
2014-06-04,80.74099731445312
2014-06-05,80.5530014038086
2014-06-06,80.75199890136719
2014-06-09,80.6500015258789
2014-06-10,80.39399719238281
2014-06-11,80.09400177001953
2014-06-12,80.24600219726562
2014-06-13,80.28299713134766
2014-06-16,80.79199981689453
2014-06-17,81.56300354003906
2014-06-18,81.65799713134766
2014-06-19,81.86499786376953
2014-06-20,81.71499633789062
2014-06-23,81.75499725341797
2014-06-24,81.81400299072266
2014-06-25,81.77400207519531
2014-06-26,81.80400085449219
2014-06-27,81.875
2014-06-30,81.875
2014-07-01,82.15699768066406
2014-07-02,82.1259994506836
2014-07-03,81.4209976196289
2014-07-04,81.22000122070312
2014-07-07,81.11900329589844
2014-07-08,81.49500274658203
2014-07-09,81.28199768066406
2014-07-10,81.53099822998047
2014-07-11,81.81500244140625
2014-07-14,81.75199890136719
2014-07-15,81.8219985961914
2014-07-16,81.51599884033203
2014-07-17,81.26000213623047
2014-07-18,81.28099822998047
2014-07-21,81.56400299072266
2014-07-22,81.4010009765625
2014-07-23,80.86000061035156
2014-07-24,80.71600341796875
2014-07-25,80.87200164794922
2014-07-28,80.6709976196289
2014-07-29,80.69599914550781
2014-07-30,80.55400085449219
2014-07-31,80.3740005493164
2014-08-01,81.36900329589844
2014-08-04,82.1780014038086
2014-08-05,81.72000122070312
2014-08-06,81.36199951171875
2014-08-07,82.20700073242188
2014-08-08,81.72799682617188
2014-08-11,81.9739990234375
2014-08-12,81.7969970703125
2014-08-13,81.55999755859375
2014-08-14,81.58599853515625
2014-08-15,81.11100006103516
2014-08-18,81.36499786376953
2014-08-19,81.125
2014-08-20,80.74199676513672
2014-08-21,80.29299926757812
2014-08-22,80.48400115966797
2014-08-25,79.78700256347656
2014-08-26,79.79399871826172
2014-08-27,79.51000213623047
2014-08-28,79.66000366210938
2014-08-29,79.68900299072266
2014-09-01,79.47599792480469
2014-09-02,79.40499877929688
2014-09-03,79.60600280761719
2014-09-04,79.45800018310547
2014-09-05,77.98999786376953
2014-09-08,78.22200012207031
2014-09-09,77.61499786376953
2014-09-10,78.3489990234375
2014-09-11,78.63200378417969
2014-09-12,78.65699768066406
2014-09-15,77.48590087890625
2014-09-16,78.98400115966797
2014-09-17,79.04199981689453
2014-09-18,78.19000244140625
2014-09-19,78.38999938964844
2014-09-22,78.06800079345703
2014-09-23,78.23400115966797
2014-09-24,78.38200378417969
2014-09-25,77.79299926757812
2014-09-26,78.15599822998047
2014-09-29,77.5469970703125
2014-09-30,78.04000091552734
2014-10-01,78.13500213623047
2014-10-02,77.8290023803711
2014-10-03,77.89099884033203
2014-10-06,77.00900268554688
2014-10-07,77.74700164794922
2014-10-08,77.57499694824219
2014-10-09,78.0989990234375
2014-10-10,77.38999938964844
2014-10-13,77.38200378417969
2014-10-14,77.54000091552734
2014-10-15,77.5199966430664
2014-10-16,78.62100219726562
2014-10-17,78.96199798583984
2014-10-20,78.21900177001953
2014-10-21,78.2760009765625
2014-10-22,77.66899871826172
2014-10-23,77.28299713134766
2014-10-24,77.30000305175781
2014-10-27,77.49700164794922
2014-10-28,77.78399658203125
2014-10-29,77.86100006103516
2014-10-30,77.34500122070312
2014-10-31,77.38700103759766
2014-11-03,76.20159912109375
2014-11-04,76.66400146484375
2014-11-05,76.86100006103516
2014-11-06,76.572998046875
2014-11-07,76.05699920654297
2014-11-10,75.40440368652344
2014-11-11,76.33100128173828
2014-11-12,76.66300201416016
2014-11-13,76.2030029296875
2014-11-14,76.7509994506836
2014-11-17,77.28900146484375
2014-11-18,76.89199829101562
2014-11-19,77.27400207519531
2014-11-20,77.6050033569336
2014-11-21,77.6050033569336
2014-11-24,76.5270004272461
2014-11-25,76.83699798583984
2014-11-26,77.13400268554688
2014-11-27,77.19499969482422
2014-11-28,76.99800109863281
2014-12-01,76.42610168457031
2014-12-02,77.17500305175781
2014-12-03,76.46600341796875
2014-12-04,76.10700225830078
2014-12-05,76.4530029296875
2014-12-08,76.06400299072266
2014-12-09,76.0510025024414
2014-12-10,76.5770034790039
2014-12-11,77.26200103759766
2014-12-12,77.3550033569336
2014-12-15,77.91600036621094
2014-12-16,78.5260009765625
2014-12-17,79.56800079345703
2014-12-18,78.2969970703125
2014-12-19,77.3280029296875
2014-12-22,77.33999633789062
2014-12-23,77.19999694824219
2014-12-24,77.14600372314453
2014-12-25,77.3270034790039
2014-12-26,77.63200378417969
2014-12-29,77.5479965209961
2014-12-30,77.3010025024414
2014-12-31,77.00900268554688
2015-01-01,76.18000030517578
2015-01-02,76.2770004272461
2015-01-05,75.9489974975586
2015-01-06,75.53800201416016
2015-01-07,75.40899658203125
2015-01-08,74.80599975585938
2015-01-09,73.83899688720703
2015-01-12,73.83799743652344
2015-01-13,73.35800170898438
2015-01-14,72.91699981689453
2015-01-15,73.09600067138672
2015-01-16,72.14199829101562
2015-01-19,71.52200317382812
2015-01-20,71.40699768066406
2015-01-21,71.10700225830078
2015-01-22,71.41600036621094
2015-01-23,69.80500030517578
2015-01-26,68.78199768066406
2015-01-27,69.06999969482422
2015-01-28,69.7249984741211
2015-01-29,69.16300201416016
2015-01-30,69.9749984741211
2015-02-02,69.98100280761719
2015-02-03,69.93000030517578
2015-02-04,70.51300048828125
2015-02-05,70.00700378417969
2015-02-06,70.74299621582031
2015-02-09,70.1050033569336
2015-02-10,70.29399871826172
2015-02-11,70.5739974975586
2015-02-12,70.48899841308594
2015-02-13,70.8239974975586
2015-02-16,70.64099884033203
2015-02-17,70.40399932861328
2015-02-18,70.75900268554688
2015-02-19,70.69000244140625
2015-02-20,70.58599853515625
2015-02-23,70.60299682617188
2015-02-24,70.38300323486328
2015-02-25,70.572998046875
2015-02-26,70.2490005493164
2015-02-27,69.11399841308594
2015-03-02,68.94999694824219
2015-03-03,69.11299896240234
2015-03-04,69.0469970703125
2015-03-05,68.95600128173828
2015-03-06,68.81199645996094
2015-03-09,67.6520004272461
2015-03-10,67.8219985961914
2015-03-11,67.0780029296875
2015-03-12,66.11900329589844
2015-03-13,66.37100219726562
2015-03-16,66.2040023803711
2015-03-17,66.31099700927734
2015-03-18,66.28500366210938
2015-03-19,67.94100189208984
2015-03-20,66.59400177001953
2015-03-23,67.5260009765625
2015-03-24,68.03700256347656
2015-03-25,67.83000183105469
2015-03-26,68.3949966430664
2015-03-27,68.31999969482422
2015-03-30,68.0790023803711
2015-03-31,67.62200164794922
2015-04-01,66.90399932861328
2015-04-02,66.87799835205078
2015-04-03,67.46499633789062
2015-04-06,68.1050033569336
2015-04-07,67.83100128173828
2015-04-08,67.36199951171875
2015-04-09,66.98899841308594
2015-04-10,66.3949966430664
2015-04-13,66.02400207519531
2015-04-14,65.88700103759766
2015-04-15,66.27100372314453
2015-04-16,66.53900146484375
2015-04-17,66.95600128173828
2015-04-20,67.51200103759766
2015-04-21,67.79100036621094
2015-04-22,67.4739990234375
2015-04-23,67.41600036621094
2015-04-24,68.37100219726562
2015-04-27,69.19000244140625
2015-04-28,68.81900024414062
2015-04-29,69.06199645996094
2015-04-30,70.43099975585938
2015-05-01,71.21900177001953
2015-05-04,71.21900177001953
2015-05-05,70.8270034790039
2015-05-06,70.77999877929688
2015-05-07,72.1240005493164
2015-05-08,71.99199676513672
2015-05-11,71.32099914550781
2015-05-12,71.27200317382812
2015-05-13,71.97599792480469
2015-05-14,72.60900115966797
2015-05-15,72.2300033569336
2015-05-18,72.55599975585938
2015-05-19,72.10199737548828
2015-05-20,71.01300048828125
2015-05-21,70.54900360107422
2015-05-22,70.62699890136719
2015-05-25,69.87000274658203
2015-05-26,69.66600036621094
2015-05-27,69.5719985961914
2015-05-28,69.53500366210938
2015-05-29,69.88300323486328
2015-06-01,69.96099853515625
2015-06-02,69.4000015258789
2015-06-03,70.8949966430664
2015-06-04,72.04199981689453
2015-06-05,71.65499877929688
2015-06-08,70.79299926757812
2015-06-09,72.09400177001953
2015-06-10,72.26300048828125
2015-06-11,72.08499908447266
2015-06-12,71.875
2015-06-15,72.15399932861328
2015-06-16,72.13800048828125
2015-06-17,72.0719985961914
2015-06-18,72.69000244140625
2015-06-19,72.30500030517578
2015-06-22,72.01200103759766
2015-06-23,71.98300170898438
2015-06-24,70.98899841308594
2015-06-25,71.14299774169922
2015-06-26,71.09500122070312
2015-06-29,70.8030014038086
2015-06-30,71.41200256347656
2015-07-01,70.78700256347656
2015-07-02,70.10199737548828
2015-07-03,70.18000030517578
2015-07-06,70.3949966430664
2015-07-07,69.93000030517578
2015-07-08,69.85199737548828
2015-07-09,70.28399658203125
2015-07-10,70.02799987792969
2015-07-13,70.66300201416016
2015-07-14,69.73200225830078
2015-07-15,69.6259994506836
2015-07-16,69.43299865722656
2015-07-17,69.01799774169922
2015-07-20,68.67500305175781
2015-07-21,68.85600280761719
2015-07-22,69.45899963378906
2015-07-23,69.48500061035156
2015-07-24,70.0780029296875
2015-07-27,70.34700012207031
2015-07-28,71.14199829101562
2015-07-29,70.55899810791016
2015-07-30,70.09100341796875
2015-07-31,70.07099914550781
2015-08-03,70.22000122070312
2015-08-04,70.16899871826172
2015-08-05,69.4010009765625
2015-08-06,69.3759994506836
2015-08-07,69.55400085449219
2015-08-10,69.55400085449219
2015-08-11,70.24299621582031
2015-08-12,70.93800354003906
2015-08-13,72.2249984741211
2015-08-14,72.76200103759766
2015-08-17,72.27100372314453
2015-08-18,72.4209976196289
2015-08-19,72.11900329589844
2015-08-20,72.26499938964844
2015-08-21,73.4800033569336
2015-08-24,75.14900207519531
2015-08-25,77.3010025024414
2015-08-26,76.48899841308594
2015-08-27,74.81700134277344
2015-08-28,74.21700286865234
2015-08-31,73.9020004272461
2015-09-01,74.41300201416016
2015-09-02,74.94499969482422
2015-09-03,74.1780014038086
2015-09-04,73.53500366210938
2015-09-07,74.26699829101562
2015-09-08,74.48699951171875
2015-09-09,74.34200286865234
2015-09-10,74.64900207519531
2015-09-11,74.76200103759766
2015-09-14,75.01699829101562
2015-09-15,74.9209976196289
2015-09-16,74.7979965209961
2015-09-17,74.68299865722656
2015-09-18,75.2969970703125
2015-09-21,74.4010009765625
2015-09-22,73.49400329589844
2015-09-23,73.17500305175781
2015-09-24,73.9530029296875
2015-09-25,73.947998046875
2015-09-28,73.99400329589844
2015-09-29,74.33499908447266
2015-09-30,74.11100006103516
2015-10-01,73.11499786376953
2015-10-02,73.36799621582031
2015-10-05,73.1969985961914
2015-10-06,72.8270034790039
2015-10-07,73.37200164794922
2015-10-08,72.91300201416016
2015-10-09,73.26899719238281
2015-10-12,73.49700164794922
2015-10-13,73.49500274658203
2015-10-14,74.01100158691406
2015-10-15,74.33300018310547
2015-10-16,73.57499694824219
2015-10-19,73.36799621582031
2015-10-20,73.5009994506836
2015-10-21,73.71600341796875
2015-10-22,73.86399841308594
2015-10-23,72.01100158691406
2015-10-26,71.41500091552734
2015-10-27,71.71600341796875
2015-10-28,71.72000122070312
2015-10-29,70.89199829101562
2015-10-30,71.87100219726562
2015-11-02,71.94100189208984
2015-11-03,72.1240005493164
2015-11-04,71.75399780273438
2015-11-05,71.18900299072266
2015-11-06,71.59200286865234
2015-11-09,70.96099853515625
2015-11-10,71.44999694824219
2015-11-11,70.9990005493164
2015-11-12,71.02799987792969
2015-11-13,71.34200286865234
2015-11-16,71.13500213623047
2015-11-17,70.35600280761719
2015-11-18,70.21399688720703
2015-11-19,70.4260025024414
2015-11-20,70.79399871826172
2015-11-23,69.70249938964844
2015-11-24,70.53700256347656
2015-11-25,70.49099731445312
2015-11-26,70.45800018310547
2015-11-27,70.50199890136719
2015-11-30,70.79499816894531
2015-12-01,70.23400115966797
2015-12-02,70.54900360107422
2015-12-03,70.5510025024414
2015-12-04,72.85399627685547
2015-12-07,72.45800018310547
2015-12-08,72.26100158691406
2015-12-09,72.71900177001953
2015-12-10,73.61100006103516
2015-12-11,73.03900146484375
2015-12-14,72.43150329589844
2015-12-15,73.6520004272461
2015-12-16,73.08899688720703
2015-12-17,72.15299987792969
2015-12-18,71.98699951171875
2015-12-21,71.90599822998047
2015-12-22,72.23100280761719
2015-12-23,72.45800018310547
2015-12-24,72.09200286865234
2015-12-25,71.27020263671875
2015-12-28,71.27020263671875
2015-12-29,72.50800323486328
2015-12-30,72.32099914550781
2015-12-31,72.58999633789062
2016-01-01,71.06659698486328
2016-01-04,71.06659698486328
2016-01-05,72.0270004272461
2016-01-06,71.44400024414062
2016-01-07,71.83000183105469
2016-01-08,73.03600311279297
2016-01-11,71.4749984741211
2016-01-12,72.44200134277344
2016-01-13,72.48699951171875
2016-01-14,72.78500366210938
2016-01-15,73.01000213623047
2016-01-18,72.78890228271484
2016-01-19,73.68299865722656
2016-01-20,73.86499786376953
2016-01-21,73.82599639892578
2016-01-22,73.55500030517578
2016-01-25,72.23500061035156
2016-01-26,73.44100189208984
2016-01-27,73.53700256347656
2016-01-28,74.2959976196289
2016-01-29,74.3949966430664
2016-02-01,73.03130340576172
2016-02-02,73.88899993896484
2016-02-03,74.16799926757812
2016-02-04,75.2699966430664
2016-02-05,75.58599853515625
2016-02-08,75.58899688720703
2016-02-09,76.09200286865234
2016-02-10,76.6050033569336
2016-02-11,76.50199890136719
2016-02-12,77.41699981689453
2016-02-15,75.91889953613281
2016-02-16,76.08100128173828
2016-02-17,76.26799774169922
2016-02-18,75.96099853515625
2016-02-19,76.0739974975586
2016-02-22,76.24099731445312
2016-02-23,75.54499816894531
2016-02-24,75.55699920654297
2016-02-25,75.23500061035156
2016-02-26,75.76300048828125
2016-02-29,74.71890258789062
2016-03-01,74.18699645996094
2016-03-02,73.59500122070312
2016-03-03,73.16899871826172
2016-03-04,73.43299865722656
2016-03-07,72.66179656982422
2016-03-08,73.77300262451172
2016-03-09,74.03399658203125
2016-03-10,73.69400024414062
2016-03-11,75.15299987792969
2016-03-14,73.49600219726562
2016-03-15,74.49800109863281
2016-03-16,74.73799896240234
2016-03-17,75.26399993896484
2016-03-18,75.30000305175781
2016-03-21,74.72799682617188
2016-03-22,74.66400146484375
2016-03-23,74.84700012207031
2016-03-24,74.71499633789062
2016-03-25,74.7239990234375
2016-03-28,74.7239990234375
2016-03-29,74.7239990234375
2016-03-30,74.84100341796875
2016-03-31,75.14900207519531
2016-04-01,75.31199645996094
2016-04-04,75.51000213623047
2016-04-05,75.2249984741211
2016-04-06,75.58200073242188
2016-04-07,75.77899932861328
2016-04-08,75.86699676513672
2016-04-11,75.79499816894531
2016-04-12,75.56500244140625
2016-04-13,75.4219970703125
2016-04-14,74.95899963378906
2016-04-15,75.01899719238281
2016-04-18,75.13300323486328
2016-04-19,75.0199966430664
2016-04-20,75.14600372314453
2016-04-21,74.74500274658203
2016-04-22,75.01399993896484
2016-04-25,74.76300048828125
2016-04-26,75.09100341796875
2016-04-27,74.99400329589844
2016-04-28,75.09300231933594
2016-04-29,75.3759994506836
2016-05-02,75.98999786376953
2016-05-03,76.41100311279297
2016-05-04,76.51300048828125
2016-05-05,76.47799682617188
2016-05-06,75.87799835205078
2016-05-09,75.87799835205078
2016-05-10,75.9010009765625
2016-05-11,75.75399780273438
2016-05-12,76.01599884033203
2016-05-13,75.84400177001953
2016-05-16,75.5260009765625
2016-05-17,75.5780029296875
2016-05-18,75.58300018310547
2016-05-19,75.27100372314453
2016-05-20,75.53600311279297
2016-05-23,75.5999984741211
2016-05-24,75.54100036621094
2016-05-25,75.25800323486328
2016-05-26,75.01300048828125
2016-05-27,74.86000061035156
2016-05-30,74.42500305175781
2016-05-31,74.77100372314453
2016-06-01,74.7760009765625
2016-06-02,75.3479995727539
2016-06-03,74.96299743652344
2016-06-06,76.0780029296875
2016-06-07,75.81800079345703
2016-06-08,75.7509994506836
2016-06-09,75.7699966430664
2016-06-10,75.43000030517578
2016-06-13,75.24800109863281
2016-06-14,75.73699951171875
2016-06-15,75.37300109863281
2016-06-16,75.45999908447266
2016-06-17,75.69599914550781
2016-06-20,75.55899810791016
2016-06-21,76.39800262451172
2016-06-22,75.98200225830078
2016-06-23,76.28700256347656
2016-06-24,76.08300018310547
2016-06-27,74.01850128173828
2016-06-28,74.73999786376953
2016-06-29,74.89700317382812
2016-06-30,74.9260025024414
2016-07-01,74.89600372314453
2016-07-04,74.74299621582031
2016-07-05,74.86100006103516
2016-07-06,74.51499938964844
2016-07-07,74.7300033569336
2016-07-08,74.61399841308594
2016-07-11,73.52449798583984
2016-07-12,74.1729965209961
2016-07-13,73.99800109863281
2016-07-14,74.27200317382812
2016-07-15,74.1449966430664
2016-07-18,74.0
2016-07-19,74.26100158691406
2016-07-20,73.93499755859375
2016-07-21,73.9260025024414
2016-07-22,74.01200103759766
2016-07-25,73.625
2016-07-26,73.99299621582031
2016-07-27,73.85700225830078
2016-07-28,74.16000366210938
2016-07-29,74.19300079345703
2016-08-01,73.4260025024414
2016-08-02,74.4729995727539
2016-08-03,74.73200225830078
2016-08-04,74.375
2016-08-05,74.34300231933594
2016-08-08,73.41580200195312
2016-08-09,73.96600341796875
2016-08-10,74.17400360107422
2016-08-11,74.59700012207031
2016-08-12,74.25599670410156
2016-08-15,74.61599731445312
2016-08-16,74.70600128173828
2016-08-17,75.322998046875
2016-08-18,75.53500366210938
2016-08-19,75.75599670410156
2016-08-22,75.95999908447266
2016-08-23,75.97699737548828
2016-08-24,75.79199981689453
2016-08-25,75.55400085449219
2016-08-26,75.56700134277344
2016-08-29,74.70110321044922
2016-08-30,75.01599884033203
2016-08-31,74.7770004272461
2016-09-01,74.65499877929688
2016-09-02,74.72599792480469
2016-09-05,74.43699645996094
2016-09-06,74.03700256347656
2016-09-07,74.49199676513672
2016-09-08,74.64199829101562
2016-09-09,74.80799865722656
2016-09-12,74.81900024414062
2016-09-13,74.93800354003906
2016-09-14,75.13700103759766
2016-09-15,75.01100158691406
2016-09-16,75.09400177001953
2016-09-19,74.76599884033203
2016-09-20,74.77400207519531
2016-09-21,74.62799835205078
2016-09-22,74.64700317382812
2016-09-23,74.60900115966797
2016-09-26,74.80500030517578
2016-09-27,74.85700225830078
2016-09-28,74.43199920654297
2016-09-29,74.37300109863281
2016-09-30,74.89600372314453
2016-10-03,73.33100128173828
2016-10-04,74.51100158691406
2016-10-05,74.55500030517578
2016-10-06,74.52899932861328
2016-10-07,74.22599792480469
2016-10-10,73.32610321044922
2016-10-11,73.98600006103516
2016-10-12,73.80699920654297
2016-10-13,73.49800109863281
2016-10-14,73.71099853515625
2016-10-17,72.46189880371094
2016-10-18,73.47699737548828
2016-10-19,73.1729965209961
2016-10-20,73.06199645996094
2016-10-21,72.98500061035156
2016-10-24,71.82530212402344
2016-10-25,72.59700012207031
2016-10-26,72.6259994506836
2016-10-27,72.8759994506836
2016-10-28,72.83200073242188
2016-10-31,71.88780212402344
2016-11-01,73.06999969482422
2016-11-02,73.64099884033203
2016-11-03,74.01100158691406
2016-11-04,73.95099639892578
2016-11-07,73.09639739990234
2016-11-08,73.66999816894531
2016-11-09,72.89600372314453
2016-11-10,72.5510025024414
2016-11-11,72.7300033569336
2016-11-14,73.26899719238281
2016-11-15,72.77300262451172
2016-11-16,72.58799743652344
2016-11-17,72.72200012207031
2016-11-18,72.12999725341797
2016-11-21,71.42559814453125
2016-11-22,72.49500274658203
2016-11-23,72.64199829101562
2016-11-24,72.45800018310547
2016-11-25,72.52200317382812
2016-11-28,72.51499938964844
2016-11-29,72.73300170898438
2016-11-30,72.97200012207031
2016-12-01,72.572998046875
2016-12-02,72.66000366210938
2016-12-05,72.48100280761719
2016-12-06,73.08100128173828
2016-12-07,72.51599884033203
2016-12-08,72.48400115966797
2016-12-09,71.51000213623047
2016-12-12,71.18199920654297
2016-12-13,71.65699768066406
2016-12-14,71.53900146484375
2016-12-15,70.85299682617188
2016-12-16,70.6050033569336
2016-12-19,69.80619812011719
2016-12-20,70.51100158691406
2016-12-21,70.4729995727539
2016-12-22,70.65599822998047
2016-12-23,70.73699951171875
2016-12-26,70.84700012207031
2016-12-27,69.88670349121094
2016-12-28,71.01200103759766
2016-12-29,70.9729995727539
2016-12-30,71.76699829101562
2017-01-02,71.38099670410156
2017-01-03,71.18499755859375
2017-01-04,71.05400085449219
2017-01-05,71.2040023803711
2017-01-06,71.76200103759766
2017-01-09,71.66600036621094
2017-01-10,72.0260009765625
2017-01-11,72.02400207519531
2017-01-12,72.2959976196289
2017-01-13,72.24700164794922
2017-01-16,72.49099731445312
2017-01-17,72.12799835205078
2017-01-18,72.56300354003906
2017-01-19,72.4020004272461
2017-01-20,72.50800323486328
2017-01-23,72.78099822998047
2017-01-24,73.13999938964844
2017-01-25,73.07099914550781
2017-01-26,73.00900268554688
2017-01-27,72.73500061035156
2017-01-30,71.74980163574219
2017-01-31,72.5530014038086
2017-02-01,72.85700225830078
2017-02-02,72.48500061035156
2017-02-03,72.21099853515625
2017-02-06,71.247802734375
2017-02-07,72.11799621582031
2017-02-08,71.822998046875
2017-02-09,71.60700225830078
2017-02-10,71.0780029296875
2017-02-13,70.15170288085938
2017-02-14,70.8499984741211
2017-02-15,70.62100219726562
2017-02-16,70.84100341796875
2017-02-17,71.50800323486328
2017-02-20,71.11900329589844
2017-02-21,70.89600372314453
2017-02-22,70.5250015258789
2017-02-23,70.53299713134766
2017-02-24,70.5009994506836
2017-02-27,70.31099700927734
2017-02-28,70.51499938964844
2017-03-01,70.4280014038086
2017-03-02,70.36900329589844
2017-03-03,70.09100341796875
2017-03-06,70.85399627685547
2017-03-07,70.4520034790039
2017-03-08,70.33899688720703
2017-03-09,70.3239974975586
2017-03-10,70.46499633789062
2017-03-13,69.69100189208984
2017-03-14,70.40499877929688
2017-03-15,69.73100280761719
2017-03-16,70.38999938964844
2017-03-17,70.35299682617188
2017-03-20,69.25859832763672
2017-03-21,70.0780029296875
2017-03-22,70.57099914550781
2017-03-23,70.5530014038086
2017-03-24,70.50299835205078
2017-03-27,70.5790023803711
2017-03-28,70.50800323486328
2017-03-29,70.27899932861328
2017-03-30,69.71199798583984
2017-03-31,69.23600006103516
2017-04-03,69.02200317382812
2017-04-04,69.25599670410156
2017-04-05,69.42500305175781
2017-04-06,69.15499877929688
2017-04-07,68.68299865722656
2017-04-10,67.99199676513672
2017-04-11,68.36799621582031
2017-04-12,68.41899871826172
2017-04-13,68.947998046875
2017-04-14,68.32499694824219
2017-04-17,68.32499694824219
2017-04-18,68.32499694824219
2017-04-19,69.19599914550781
2017-04-20,69.18900299072266
2017-04-21,69.15699768066406
2017-04-24,69.2770004272461
2017-04-25,69.98500061035156
2017-04-26,70.21700286865234
2017-04-27,69.87899780273438
2017-04-28,69.57499694824219
2017-05-01,69.35389709472656
2017-05-02,70.00900268554688
2017-05-03,70.08799743652344
2017-05-04,69.78600311279297
2017-05-05,70.43499755859375
2017-05-08,70.64399719238281
2017-05-09,70.23999786376953
2017-05-10,70.3280029296875
2017-05-11,70.05599975585938
2017-05-12,69.89299774169922
2017-05-15,70.14399719238281
2017-05-16,70.26699829101562
2017-05-17,70.96800231933594
2017-05-18,71.46700286865234
2017-05-19,72.00800323486328
2017-05-22,72.26499938964844
2017-05-23,72.41999816894531
2017-05-24,72.46600341796875
2017-05-25,72.66000366210938
2017-05-26,72.28900146484375
2017-05-29,72.06199645996094
2017-05-30,71.73999786376953
2017-05-31,72.10900115966797
2017-06-01,72.4260025024414
2017-06-02,72.22899627685547
2017-06-05,72.59300231933594
2017-06-06,72.36100006103516
2017-06-07,72.53900146484375
2017-06-08,72.43800354003906
2017-06-09,71.77100372314453
2017-06-12,71.84600067138672
2017-06-13,72.10900115966797
2017-06-14,72.0469970703125
2017-06-15,71.94000244140625
2017-06-16,71.88700103759766
2017-06-19,72.10199737548828
2017-06-20,71.79299926757812
2017-06-21,71.79499816894531
2017-06-22,72.00299835205078
2017-06-23,71.95500183105469
2017-06-26,72.12999725341797
2017-06-27,71.97799682617188
2017-06-28,73.01899719238281
2017-06-29,73.36199951171875
2017-06-30,73.89099884033203
2017-07-03,73.75800323486328
2017-07-04,73.6520004272461
2017-07-05,73.51799774169922
2017-07-06,73.4489974975586
2017-07-07,73.86799621582031
2017-07-10,73.60199737548828
2017-07-12,73.9990005493164
2017-07-13,73.54399871826172
2017-07-14,73.43299865722656
2017-07-17,73.81099700927734
2017-07-18,73.74099731445312
2017-07-19,74.1989974975586
2017-07-20,74.01399993896484
2017-07-21,74.7750015258789
2017-07-24,75.01200103759766
2017-07-25,74.84300231933594
2017-07-26,74.88999938964844
2017-07-27,75.3949966430664
2017-07-28,74.87300109863281
2017-07-31,74.11150360107422
2017-08-01,75.8270034790039
2017-08-02,75.6259994506836
2017-08-03,75.3479995727539
2017-08-04,75.61399841308594
2017-08-07,74.52880096435547
2017-08-08,75.25399780273438
2017-08-09,74.78700256347656
2017-08-10,75.02899932861328
2017-08-11,75.36000061035156
2017-08-14,74.40260314941406
2017-08-15,75.38899993896484
2017-08-16,75.19999694824219
2017-08-17,75.4739990234375
2017-08-18,75.09200286865234
2017-08-21,75.302001953125
2017-08-22,75.6500015258789
2017-08-23,75.27899932861328
2017-08-24,75.59600067138672
2017-08-25,75.48699951171875
2017-08-28,74.67479705810547
2017-08-29,76.36599731445312
2017-08-30,76.54299926757812
2017-08-31,76.0009994506836
2017-09-01,76.06999969482422
2017-09-04,75.84700012207031
2017-09-05,76.08899688720703
2017-09-06,76.36499786376953
2017-09-07,76.3280029296875
2017-09-08,76.91699981689453
2017-09-11,76.68800354003906
2017-09-12,76.37999725341797
2017-09-13,76.5719985961914
2017-09-14,76.00599670410156
2017-09-15,76.35700225830078
2017-09-18,75.61039733886719
2017-09-19,76.64299774169922
2017-09-20,77.03199768066406
2017-09-21,76.24199676513672
2017-09-22,77.33899688720703
2017-09-25,77.33699798583984
2017-09-26,77.13200378417969
2017-09-27,77.0780029296875
2017-09-28,77.125
2017-09-29,77.0469970703125
2017-10-02,77.08699798583984
2017-10-03,76.55500030517578
2017-10-04,76.84500122070312
2017-10-05,76.37300109863281
2017-10-06,76.21800231933594
2017-10-09,76.66999816894531
2017-10-10,76.65699768066406
2017-10-11,77.02100372314453
2017-10-12,77.23200225830078
2017-10-13,76.89299774169922
2017-10-16,75.76129913330078
2017-10-17,76.22699737548828
2017-10-18,76.46700286865234
2017-10-19,76.64299774169922
2017-10-20,76.9229965209961
2017-10-23,76.54399871826172
2017-10-24,76.35700225830078
2017-10-25,76.45899963378906
2017-10-26,76.65799713134766
2017-10-27,75.37799835205078
2017-10-30,75.42500305175781
2017-10-31,75.49199676513672
2017-11-01,75.36399841308594
2017-11-02,74.99600219726562
2017-11-03,75.20500183105469
2017-11-06,74.86799621582031
2017-11-07,74.96600341796875
2017-11-08,75.39600372314453
2017-11-09,75.18800354003906
2017-11-10,75.59300231933594
2017-11-13,75.9020004272461
2017-11-14,76.25900268554688
2017-11-15,77.05500030517578
2017-11-17,76.81800079345703
2017-11-20,75.67150115966797
2017-11-21,76.33100128173828
2017-11-22,76.06999969482422
2017-11-23,76.572998046875
2017-11-24,76.44200134277344
2017-11-27,75.6812973022461
2017-11-28,76.67400360107422
2017-11-29,76.23300170898438
2017-11-30,76.19599914550781
2017-12-01,76.65299987792969
2017-12-04,75.7509994506836
2017-12-05,76.31999969482422
2017-12-06,76.06099700927734
2017-12-07,76.09400177001953
2017-12-08,75.93499755859375
2017-12-11,75.77799987792969
2017-12-12,75.71099853515625
2017-12-13,75.5530014038086
2017-12-14,76.21199798583984
2017-12-15,75.68399810791016
2017-12-18,75.23999786376953
2017-12-19,75.58200073242188
2017-12-20,75.75399780273438
2017-12-21,76.072998046875
2017-12-22,75.8290023803711
2017-12-25,75.83799743652344
2017-12-26,75.83799743652344
2017-12-27,75.86699676513672
2017-12-28,76.22899627685547
2017-12-29,76.43199920654297
2018-01-01,75.560302734375
2018-01-02,75.560302734375
2018-01-03,76.47200012207031
2018-01-04,76.19000244140625
2018-01-05,76.43399810791016
2018-01-08,76.11499786376953
2018-01-09,75.90299987792969
2018-01-10,75.87799835205078
2018-01-11,75.99600219726562
2018-01-12,76.61199951171875
2018-01-15,77.44200134277344
2018-01-16,77.83999633789062
2018-01-17,78.47899627685547
2018-01-18,77.76699829101562
2018-01-19,78.07499694824219
2018-01-22,77.93000030517578
2018-01-23,78.22699737548828
2018-01-24,78.41500091552734
2018-01-25,78.7979965209961
2018-01-26,78.63099670410156
2018-01-29,78.90499877929688
2018-01-30,78.66300201416016
2018-01-31,78.9530029296875
2018-02-01,78.83300018310547
2018-02-02,79.96199798583984
2018-02-05,79.83599853515625
2018-02-06,79.24500274658203
2018-02-07,79.4219970703125
2018-02-08,78.78199768066406
2018-02-09,78.75499725341797
2018-02-12,78.68299865722656
2018-02-13,79.00700378417969
2018-02-14,79.30699920654297
2018-02-15,79.83699798583984
2018-02-16,79.81700134277344
2018-02-19,79.58499908447266
2018-02-20,79.5770034790039
2018-02-21,79.92500305175781
2018-02-22,79.51000213623047
2018-02-23,80.01499938964844
2018-02-26,79.47100067138672
2018-02-27,79.68099975585938
2018-02-28,79.31999969482422
2018-03-01,79.4209976196289
2018-03-02,79.96399688720703
2018-03-05,80.27799987792969
2018-03-06,80.13800048828125
2018-03-07,80.5
2018-03-08,80.4520034790039
2018-03-09,80.03800201416016
2018-03-12,80.06900024414062
2018-03-13,80.10199737548828
2018-03-14,80.28500366210938
2018-03-15,80.16300201416016
2018-03-16,79.90299987792969
2018-03-19,79.78600311279297
2018-03-20,80.37899780273438
2018-03-21,79.82599639892578
2018-03-22,80.4010009765625
2018-03-23,80.16500091552734
2018-03-26,80.2020034790039
2018-03-27,80.6729965209961
2018-03-28,80.5009994506836
2018-03-29,80.13200378417969
2018-03-30,80.01499938964844
2018-04-02,80.01499938964844
2018-04-03,80.0208969116211
2018-04-04,79.72699737548828
2018-04-05,79.84100341796875
2018-04-06,79.41999816894531
2018-04-09,79.66699981689453
2018-04-10,79.95800018310547
2018-04-11,80.21800231933594
2018-04-12,80.65599822998047
2018-04-13,80.41899871826172
2018-04-16,80.38600158691406
2018-04-17,81.00499725341797
2018-04-18,81.18900299072266
2018-04-19,81.27200317382812
2018-04-20,81.23699951171875
2018-04-23,80.24130249023438
2018-04-24,81.14299774169922
2018-04-25,81.18900299072266
2018-04-26,81.36499786376953
2018-04-27,80.81400299072266
2018-04-30,80.73300170898438
2018-05-01,80.19000244140625
2018-05-02,80.23090362548828
2018-05-03,79.60800170898438
2018-05-04,79.84700012207031
2018-05-07,79.8499984741211
2018-05-08,80.04199981689453
2018-05-09,79.63400268554688
2018-05-10,79.71299743652344
2018-05-11,80.03900146484375
2018-05-14,80.37799835205078
2018-05-15,80.52300262451172
2018-05-16,80.40799713134766
2018-05-17,79.99600219726562
2018-05-18,79.82499694824219
2018-05-21,79.95099639892578
2018-05-22,80.21399688720703
2018-05-23,80.0989990234375
2018-05-24,79.9229965209961
2018-05-25,79.9530029296875
2018-05-28,78.81900024414062
2018-05-29,78.28600311279297
2018-05-30,78.19000244140625
2018-05-31,78.59200286865234
2018-06-01,78.76599884033203
2018-06-04,78.03600311279297
2018-06-05,78.3949966430664
2018-06-06,78.5979995727539
2018-06-07,78.66799926757812
2018-06-08,79.4280014038086
2018-06-11,79.39600372314453
2018-06-12,79.35600280761719
2018-06-13,79.19200134277344
2018-06-14,79.77200317382812
2018-06-15,78.20999908447266
2018-06-18,78.93099975585938
2018-06-19,79.04399871826172
2018-06-20,79.08100128173828
2018-06-21,78.72699737548828
2018-06-22,78.77400207519531
2018-06-25,79.04299926757812
2018-06-26,79.625
2018-06-27,79.57499694824219
2018-06-28,79.29199981689453
2018-06-29,79.51300048828125
2018-07-02,79.90899658203125
2018-07-03,79.91999816894531
2018-07-04,79.84200286865234
2018-07-05,80.02999877929688
2018-07-06,80.46499633789062
2018-07-09,80.73200225830078
2018-07-10,80.64199829101562
2018-07-11,80.5459976196289
2018-07-12,80.16899871826172
2018-07-13,79.80000305175781
2018-07-16,79.96199798583984
2018-07-17,80.18900299072266
2018-07-18,79.65799713134766
2018-07-19,79.83699798583984
2018-07-20,80.36599731445312
2018-07-23,80.48300170898438
2018-07-24,80.43399810791016
2018-07-25,80.48899841308594
2018-07-26,80.59200286865234
2018-07-27,79.86100006103516
2018-07-30,79.89299774169922
2018-07-31,80.24299621582031
2018-08-01,79.94599914550781
2018-08-02,79.64299774169922
2018-08-03,79.4260025024414
2018-08-06,79.21600341796875
2018-08-07,79.46199798583984
2018-08-08,79.5510025024414
2018-08-09,79.63800048828125
2018-08-10,79.15599822998047
2018-08-13,78.52999877929688
2018-08-14,79.74600219726562
2018-08-15,79.28299713134766
2018-08-16,79.22000122070312
2018-08-17,79.61900329589844
2018-08-20,80.10700225830078
2018-08-21,80.16100311279297
2018-08-22,80.78600311279297
2018-08-23,80.85700225830078
2018-08-24,80.81400299072266
2018-08-27,81.23899841308594
2018-08-28,81.9010009765625
2018-08-29,81.87000274658203
2018-08-30,82.5199966430664
2018-08-31,82.44100189208984
2018-09-03,82.30699920654297
2018-09-04,82.63999938964844
2018-09-05,82.84400177001953
2018-09-06,83.40299987792969
2018-09-07,83.52999877929688
2018-09-10,82.86299896240234
2018-09-11,83.9280014038086
2018-09-12,84.1500015258789
2018-09-13,83.80999755859375
2018-09-14,84.14299774169922
2018-09-17,83.51300048828125
2018-09-18,84.552001953125
2018-09-19,84.83100128173828
2018-09-20,84.39700317382812
2018-09-21,84.72100067138672
2018-09-24,84.8239974975586
2018-09-25,85.32499694824219
2018-09-26,85.41600036621094
2018-09-27,85.21099853515625
2018-09-28,84.36299896240234
2018-10-01,84.05699920654297
2018-10-02,84.34500122070312
2018-10-03,84.15899658203125
2018-10-04,84.09100341796875
2018-10-05,84.73100280761719
2018-10-08,84.91000366210938
2018-10-09,85.04299926757812
2018-10-10,85.44499969482422
2018-10-11,85.55599975585938
2018-10-12,85.74800109863281
2018-10-15,85.02100372314453
2018-10-16,85.37200164794922
2018-10-17,84.96299743652344
2018-10-18,84.55599975585938
2018-10-19,84.16699981689453
2018-10-22,84.41100311279297
2018-10-23,84.25700378417969
2018-10-24,84.29299926757812
2018-10-25,83.38800048828125
2018-10-26,83.20800018310547
2018-10-29,83.68599700927734
2018-10-30,83.40499877929688
2018-10-31,83.51699829101562
2018-11-01,83.61299896240234
2018-11-02,83.68399810791016
2018-11-05,82.40699768066406
2018-11-06,83.2969970703125
2018-11-07,83.37000274658203
2018-11-08,82.75900268554688
2018-11-09,82.2020034790039
2018-11-12,82.08300018310547
2018-11-13,81.69400024414062
2018-11-14,82.0510025024414
2018-11-15,81.71700286865234
2018-11-16,81.36000061035156
2018-11-19,82.11399841308594
2018-11-20,81.94200134277344
2018-11-21,81.1500015258789
2018-11-22,81.13300323486328
2018-11-23,80.53800201416016
2018-11-26,80.08899688720703
2018-11-27,80.16600036621094
2018-11-28,79.89600372314453
2018-11-29,80.23100280761719
2018-11-30,79.40599822998047
2018-12-03,78.75
2018-12-04,79.90499877929688
2018-12-05,79.91899871826172
2018-12-06,79.99500274658203
2018-12-07,80.50800323486328
2018-12-10,80.63700103759766
2018-12-11,82.2509994506836
2018-12-12,81.7750015258789
2018-12-13,81.62000274658203
2018-12-14,81.23100280761719
2018-12-17,81.23300170898438
2018-12-18,81.19400024414062
2018-12-19,80.24700164794922
2018-12-20,80.43699645996094
2018-12-21,80.09200286865234
2018-12-24,79.68299865722656
2018-12-25,79.83599853515625
2018-12-26,79.91799926757812
2018-12-27,79.8949966430664
2018-12-28,80.36000061035156
2018-12-31,79.9469985961914
2019-01-01,79.68900299072266
2019-01-02,80.1989974975586
2019-01-03,79.14299774169922
2019-01-04,79.79299926757812
2019-01-07,79.1969985961914
2019-01-08,80.0510025024414
2019-01-09,80.26899719238281
2019-01-10,81.45600128173828
2019-01-11,80.97699737548828
2019-01-14,80.66699981689453
2019-01-15,81.10299682617188
2019-01-16,81.09600067138672
2019-01-17,80.822998046875
2019-01-18,80.85199737548828
2019-01-21,80.88899993896484
2019-01-22,80.85700225830078
2019-01-23,80.8740005493164
2019-01-24,80.94499969482422
2019-01-25,80.23200225830078
2019-01-28,79.51100158691406
2019-01-29,81.18699645996094
2019-01-30,81.60700225830078
2019-01-31,81.71900177001953
2019-02-01,81.1520004272461
2019-02-04,81.76300048828125
2019-02-05,81.9280014038086
2019-02-06,81.51899719238281
2019-02-07,81.23699951171875
2019-02-08,80.76399993896484
2019-02-11,80.5510025024414
2019-02-12,80.15499877929688
2019-02-13,79.88999938964844
2019-02-14,79.74700164794922
2019-02-15,80.15899658203125
2019-02-18,80.4800033569336
2019-02-19,80.65799713134766
2019-02-20,80.80000305175781
2019-02-21,80.55699920654297
2019-02-22,80.64099884033203
2019-02-25,80.49199676513672
2019-02-26,80.41999816894531
2019-02-27,80.83499908447266
2019-02-28,80.9280014038086
2019-03-01,80.46700286865234
2019-03-04,80.69000244140625
2019-03-05,80.31400299072266
2019-03-06,79.62699890136719
2019-03-07,79.20500183105469
2019-03-08,78.43900299072266
2019-03-11,78.63700103759766
2019-03-12,78.50800323486328
2019-03-13,78.50900268554688
2019-03-14,78.73200225830078
2019-03-15,78.36100006103516
2019-03-18,78.04499816894531
2019-03-19,77.71700286865234
2019-03-20,78.28299713134766
2019-03-21,78.53299713134766
2019-03-22,78.18800354003906
2019-03-25,78.18199920654297
2019-03-26,77.91100311279297
2019-03-27,77.70600128173828
2019-03-28,77.66799926757812
2019-03-29,77.6259994506836
2019-04-01,77.59100341796875
2019-04-02,77.47100067138672
2019-04-03,77.13500213623047
2019-04-04,76.88899993896484
2019-04-05,77.33599853515625
2019-04-08,77.58799743652344
2019-04-09,78.2770004272461
2019-04-10,77.96600341796875
2019-04-11,77.88999938964844
2019-04-12,77.63999938964844
2019-04-15,78.09100341796875
2019-04-16,78.36799621582031
2019-04-17,78.38099670410156
2019-04-18,78.33000183105469
2019-04-19,77.89600372314453
2019-04-22,78.01599884033203
2019-04-23,78.4530029296875
2019-04-24,78.22599792480469
2019-04-25,77.94999694824219
2019-04-26,78.06099700927734
2019-04-29,77.78199768066406
2019-04-30,78.05699920654297
2019-05-01,78.0469970703125
2019-05-02,78.1709976196289
2019-05-03,77.4749984741211
2019-05-06,77.34500122070312
2019-05-07,77.66600036621094
2019-05-08,77.81400299072266
2019-05-09,78.00800323486328
2019-05-10,78.67400360107422
2019-05-13,78.58200073242188
2019-05-14,79.2490005493164
2019-05-15,78.7040023803711
2019-05-16,78.61599731445312
2019-05-17,78.40499877929688
2019-05-20,78.33499908447266
2019-05-21,77.66300201416016
2019-05-22,77.67500305175781
2019-05-23,77.61499786376953
2019-05-24,77.83699798583984
2019-05-27,76.80000305175781
2019-05-28,77.71900177001953
2019-05-29,77.66100311279297
2019-05-30,77.68399810791016
2019-05-31,77.64600372314453
2019-06-03,77.70700073242188
2019-06-04,77.71299743652344
2019-06-05,77.89700317382812
2019-06-06,77.84600067138672
2019-06-07,77.91699981689453
2019-06-10,78.5199966430664
2019-06-11,78.59500122070312
2019-06-12,78.54299926757812
2019-06-13,78.26899719238281
2019-06-14,78.39299774169922
2019-06-17,78.19599914550781
2019-06-18,78.2979965209961
2019-06-19,77.86900329589844
2019-06-20,78.17500305175781
2019-06-21,78.44599914550781
2019-06-24,79.05799865722656
2019-06-25,78.87999725341797
2019-06-26,78.73500061035156
2019-06-27,78.64900207519531
2019-06-28,78.4530029296875
2019-07-01,78.31600189208984
2019-07-02,77.6709976196289
2019-07-03,77.70700073242188
2019-07-04,77.56400299072266
2019-07-05,77.25599670410156
2019-07-08,76.75499725341797
2019-07-09,76.82099914550781
2019-07-10,76.74400329589844
2019-07-11,76.94999694824219
2019-07-12,76.93399810791016
2019-07-15,77.19100189208984
2019-07-16,77.10600280761719
2019-07-17,76.93299865722656
2019-07-18,77.21700286865234
2019-07-19,77.4540023803711
2019-07-22,77.19499969482422
2019-07-23,77.16000366210938
2019-07-24,76.8949966430664
2019-07-25,76.79000091552734
2019-07-26,77.00299835205078
2019-07-29,76.56300354003906
2019-07-30,76.52999877929688
2019-07-31,76.73400115966797
2019-08-01,76.17500305175781
2019-08-02,76.38500213623047
2019-08-05,77.34300231933594
2019-08-06,79.5510025024414
2019-08-07,79.51699829101562
2019-08-08,79.66799926757812
2019-08-09,78.7750015258789
2019-08-12,79.3550033569336
2019-08-13,79.87100219726562
2019-08-14,79.74099731445312
2019-08-15,79.33799743652344
2019-08-16,79.70099639892578
2019-08-19,78.83100128173828
2019-08-20,79.10600280761719
2019-08-21,79.32499694824219
2019-08-22,79.1500015258789
2019-08-23,79.64399719238281
2019-08-26,79.5989990234375
2019-08-27,79.87300109863281
2019-08-28,79.26699829101562
2019-08-29,79.54299926757812
2019-08-30,79.21299743652344
2019-09-02,78.4540023803711
2019-09-03,78.83000183105469
2019-09-04,79.10900115966797
2019-09-05,79.33399963378906
2019-09-06,79.28399658203125
2019-09-09,77.97599792480469
2019-09-10,79.21900177001953
2019-09-11,79.33799743652344
2019-09-12,78.73999786376953
2019-09-13,78.38300323486328
2019-09-16,78.53600311279297
2019-09-17,78.68000030517578
2019-09-18,79.08799743652344
2019-09-19,78.38899993896484
2019-09-20,78.75700378417969
2019-09-23,78.23799896240234
2019-09-24,77.74600219726562
2019-09-25,78.08399963378906
2019-09-26,77.66999816894531
2019-09-27,77.4229965209961
2019-09-30,77.06400299072266
2019-10-01,76.91600036621094
2019-10-02,77.6719970703125
2019-10-03,77.90399932861328
2019-10-04,77.87899780273438
2019-10-07,77.68599700927734
2019-10-08,77.79399871826172
2019-10-09,77.9739990234375
2019-10-10,78.04900360107422
2019-10-11,78.08399963378906
2019-10-14,78.24099731445312
2019-10-15,78.46199798583984
2019-10-16,78.81300354003906
2019-10-17,78.9489974975586
2019-10-18,79.05599975585938
2019-10-21,79.33499908447266
2019-10-22,79.0009994506836
2019-10-23,78.72699737548828
2019-10-24,78.6510009765625
2019-10-25,78.72000122070312
2019-10-28,78.38899993896484
2019-10-29,78.43599700927734
2019-10-30,78.69300079345703
2019-10-31,79.05000305175781
2019-11-01,79.20099639892578
2019-11-04,78.93800354003906
2019-11-05,78.69400024414062
2019-11-06,78.29299926757812
2019-11-07,78.52799987792969
2019-11-08,78.44100189208984
2019-11-11,78.552001953125
2019-11-12,78.89399719238281
2019-11-13,78.97899627685547
2019-11-14,79.35399627685547
2019-11-15,79.22599792480469
2019-11-18,79.11499786376953
2019-11-19,79.58100128173828
2019-11-20,79.49700164794922
2019-11-21,79.40399932861328
2019-11-22,79.31500244140625
2019-11-25,79.0479965209961
2019-11-26,78.85700225830078
2019-11-27,78.70899963378906
2019-11-28,78.33799743652344
2019-11-29,78.65799713134766
2019-12-02,78.97899627685547
2019-12-03,79.25900268554688
2019-12-04,79.4219970703125
2019-12-05,79.14900207519531
2019-12-06,79.02899932861328
2019-12-09,78.76000213623047
2019-12-10,78.44499969482422
2019-12-11,78.47000122070312
2019-12-12,78.63800048828125
2019-12-13,78.85299682617188
2019-12-16,78.6449966430664
2019-12-17,78.89199829101562
2019-12-18,79.13500213623047
2019-12-19,78.83999633789062
2019-12-20,79.09700012207031
2019-12-23,78.6240005493164
2019-12-24,78.91699981689453
2019-12-25,78.95899963378906
2019-12-26,78.95899963378906
2019-12-27,78.95899963378906
2019-12-30,79.7770004272461
2019-12-31,79.81300354003906
2020-01-01,79.93299865722656
2020-01-02,79.93000030517578
2020-01-03,79.62200164794922
2020-01-06,80.00199890136719
2020-01-07,80.3759994506836
2020-01-08,80.04900360107422
2020-01-09,79.38600158691406
2020-01-10,79.03399658203125
2020-01-13,77.59390258789062
2020-01-14,78.66500091552734
2020-01-15,78.75800323486328
2020-01-16,78.79399871826172
2020-01-17,78.96499633789062
2020-01-20,78.75
2020-01-21,78.74299621582031
2020-01-22,78.83000183105469
2020-01-23,78.79000091552734
2020-01-24,78.85299682617188
2020-01-27,78.5719985961914
2020-01-28,78.65399932861328
2020-01-29,78.44400024414062
2020-01-30,78.47799682617188
2020-01-31,78.85099792480469
2020-02-03,79.30400085449219
2020-02-04,78.81600189208984
2020-02-05,78.45700073242188
2020-02-06,78.2229995727539
2020-02-07,78.12799835205078
2020-02-10,78.1989974975586
2020-02-11,77.6969985961914
2020-02-12,77.75299835205078
2020-02-13,77.46600341796875
2020-02-14,77.25599670410156
2020-02-17,77.38300323486328
2020-02-18,77.22799682617188
2020-02-19,77.19599914550781
2020-02-20,77.31600189208984
2020-02-21,77.24800109863281
2020-02-24,77.87000274658203
2020-02-25,77.97599792480469
2020-02-26,78.12100219726562
2020-02-27,77.822998046875
2020-02-28,78.7229995727539
2020-03-02,79.927001953125
2020-03-03,81.13200378417969
2020-03-04,81.56400299072266
2020-03-05,81.83300018310547
2020-03-06,82.41999816894531
2020-03-09,83.46800231933594
2020-03-10,84.48100280761719
2020-03-11,83.83499908447266
2020-03-12,82.89700317382812
2020-03-13,83.31500244140625
2020-03-16,81.91000366210938
2020-03-17,82.50700378417969
2020-03-18,81.5
2020-03-19,81.63400268554688
2020-03-20,79.62000274658203
2020-03-23,80.59600067138672
2020-03-24,82.08399963378906
2020-03-25,82.42400360107422
2020-03-26,83.08499908447266
2020-03-27,82.66200256347656
2020-03-30,84.01100158691406
2020-03-31,83.09700012207031
2020-04-01,82.98400115966797
2020-04-02,83.60900115966797
2020-04-03,82.78299713134766
2020-04-06,82.27100372314453
2020-04-07,81.98100280761719
2020-04-08,82.33499908447266
2020-04-09,82.40399932861328
2020-04-10,83.30799865722656
2020-04-13,83.3010025024414
2020-04-14,81.82260131835938
2020-04-15,83.4229965209961
2020-04-16,83.4010009765625
2020-04-17,83.3280029296875
2020-04-20,83.15399932861328
2020-04-21,83.15299987792969
2020-04-22,83.48400115966797
2020-04-23,82.49299621582031
2020-04-24,81.68900299072266
2020-04-27,82.46800231933594
2020-04-28,82.44599914550781
2020-04-29,82.33799743652344
2020-04-30,81.98899841308594
2020-05-01,82.15799713134766
2020-05-04,82.1520004272461
2020-05-05,82.4020004272461
2020-05-06,81.9749984741211
2020-05-07,82.09300231933594
2020-05-08,82.05000305175781
2020-05-11,81.79199981689453
2020-05-12,81.9520034790039
2020-05-13,81.33599853515625
2020-05-14,81.47599792480469
2020-05-15,81.50399780273438
2020-05-18,81.94300079345703
2020-05-19,82.44499969482422
2020-05-20,82.64800262451172
2020-05-21,82.87100219726562
2020-05-22,82.74400329589844
2020-05-25,82.72799682617188
2020-05-26,82.63300323486328
2020-05-27,82.75499725341797
2020-05-28,83.56099700927734
2020-05-29,83.79199981689453
2020-06-01,83.87799835205078
2020-06-02,83.927001953125
2020-06-03,83.927001953125
2020-06-04,84.57099914550781
2020-06-05,85.44599914550781
2020-06-08,85.25199890136719
2020-06-09,85.16400146484375
2020-06-10,85.48200225830078
2020-06-11,85.927001953125
2020-06-12,85.68099975585938
2020-06-15,85.52899932861328
2020-06-16,86.05699920654297
2020-06-17,85.84700012207031
2020-06-18,85.68099975585938
2020-06-19,85.5530014038086
2020-06-22,85.15399932861328
2020-06-23,85.40399932861328
2020-06-24,85.32499694824219
2020-06-25,85.0469970703125
2020-06-26,84.66500091552734
2020-06-29,84.75800323486328
2020-06-30,84.85399627685547
2020-07-01,84.78399658203125
2020-07-02,84.82499694824219
2020-07-03,83.9229965209961
2020-07-06,83.84200286865234
2020-07-07,84.35099792480469
2020-07-08,84.27200317382812
2020-07-09,84.9000015258789
2020-07-10,84.75900268554688
2020-07-13,83.81790161132812
2020-07-14,85.25599670410156
2020-07-15,85.95899963378906
2020-07-16,85.68699645996094
2020-07-17,85.5459976196289
2020-07-20,85.54199981689453
2020-07-21,85.56099700927734
2020-07-22,85.89399719238281
2020-07-23,86.2040023803711
2020-07-24,86.66799926757812
2020-07-27,87.05799865722656
2020-07-28,87.9520034790039
2020-07-29,87.7020034790039
2020-07-30,88.23500061035156
2020-07-31,88.81300354003906
2020-08-03,88.26000213623047
2020-08-04,88.33799743652344
2020-08-05,88.6050033569336
2020-08-06,88.72699737548828
2020-08-07,88.85299682617188
2020-08-10,88.33000183105469
2020-08-11,87.80500030517578
2020-08-12,87.49400329589844
2020-08-13,88.14399719238281
2020-08-14,88.32599639892578
2020-08-17,88.61299896240234
2020-08-18,88.68000030517578
2020-08-19,89.02200317382812
2020-08-20,88.56700134277344
2020-08-21,88.95700073242188
2020-08-24,88.2979965209961
2020-08-25,87.39900207519531
2020-08-26,87.76699829101562
2020-08-27,87.80400085449219
2020-08-28,87.27799987792969
2020-08-31,86.97100067138672
2020-09-01,87.3740005493164
2020-09-02,86.96199798583984
2020-09-03,86.73600006103516
2020-09-04,86.81099700927734
2020-09-07,86.66699981689453
2020-09-08,86.73100280761719
2020-09-09,86.74199676513672
2020-09-10,86.45500183105469
2020-09-11,86.75599670410156
2020-09-14,86.91400146484375
2020-09-15,87.00499725341797
2020-09-16,87.0999984741211
2020-09-17,86.73999786376953
2020-09-18,87.13300323486328
2020-09-21,86.99800109863281
2020-09-22,86.48699951171875
2020-09-23,85.98100280761719
2020-09-24,85.7030029296875
2020-09-25,86.13700103759766
2020-09-28,85.62999725341797
2020-09-29,86.06999969482422
2020-09-30,86.5250015258789
2020-10-01,86.16999816894531
2020-10-02,85.93599700927734
2020-10-05,85.78900146484375
2020-10-06,86.09300231933594
2020-10-07,86.11299896240234
2020-10-08,86.20600128173828
2020-10-09,86.15499877929688
2020-10-12,86.30899810791016
2020-10-13,86.56600189208984
2020-10-14,86.12200164794922
2020-10-15,85.99400329589844
2020-10-16,85.88700103759766
2020-10-19,85.98100280761719
2020-10-20,86.25
2020-10-21,86.80799865722656
2020-10-22,87.16200256347656
2020-10-23,86.95700073242188
2020-10-26,87.49700164794922
2020-10-27,87.26799774169922
2020-10-28,86.66300201416016
2020-10-29,87.12899780273438
2020-10-30,86.78800201416016
2020-11-02,86.75900268554688
2020-11-03,86.65699768066406
2020-11-04,87.68699645996094
2020-11-05,87.16899871826172
2020-11-06,87.26599884033203
2020-11-09,87.76300048828125
2020-11-10,87.47000122070312
2020-11-11,87.72699737548828
2020-11-12,87.63300323486328
2020-11-13,88.08200073242188
2020-11-16,88.18399810791016
2020-11-17,88.0770034790039
2020-11-18,88.27200317382812
2020-11-19,87.73699951171875
2020-11-20,87.86299896240234
2020-11-23,87.78900146484375
2020-11-24,87.84700012207031
2020-11-25,88.052001953125
2020-11-26,87.85700225830078
2020-11-27,87.87000274658203
2020-11-30,88.36699676513672
2020-12-01,88.25800323486328
2020-12-02,88.6449966430664
2020-12-03,89.28900146484375
2020-12-04,89.63999938964844
2020-12-07,89.3499984741211
2020-12-08,89.3219985961914
2020-12-09,89.19000244140625
2020-12-10,88.99299621582031
2020-12-11,89.4489974975586
2020-12-14,89.25399780273438
2020-12-15,89.38899993896484
2020-12-16,89.31900024414062
2020-12-17,89.73100280761719
2020-12-18,90.08899688720703
2020-12-21,90.10099792480469
2020-12-22,90.51200103759766
2020-12-23,89.9219970703125
2020-12-24,89.93099975585938
2020-12-25,89.55500030517578
2020-12-28,89.53900146484375
2020-12-29,89.79199981689453
2020-12-30,89.85600280761719
2020-12-31,89.9540023803711
2021-01-01,89.15799713134766
2021-01-04,89.14900207519531
2021-01-05,89.4540023803711
2021-01-06,89.87000274658203
2021-01-07,90.16300201416016
2021-01-08,90.04900360107422
2021-01-11,89.53299713134766
2021-01-12,89.26799774169922
2021-01-13,89.31300354003906
2021-01-14,88.90599822998047
2021-01-15,88.72599792480469
2021-01-18,88.26000213623047
2021-01-19,88.31300354003906
2021-01-20,88.76100158691406
2021-01-21,88.25700378417969
2021-01-22,88.68099975585938
2021-01-25,88.7509994506836
2021-01-26,88.53800201416016
2021-01-27,88.60900115966797
2021-01-28,88.30799865722656
2021-01-29,88.32099914550781
2021-02-01,88.40399932861328
2021-02-02,88.16500091552734
2021-02-03,87.68699645996094
2021-02-04,87.63700103759766
2021-02-05,87.21800231933594
2021-02-08,87.6510009765625
2021-02-09,87.81199645996094
2021-02-10,88.19499969482422
2021-02-11,88.15499877929688
2021-02-12,88.11100006103516
2021-02-15,87.8949966430664
2021-02-16,88.03099822998047
2021-02-17,88.03399658203125
2021-02-18,87.59600067138672
2021-02-19,87.71099853515625
2021-02-22,87.8499984741211
2021-02-23,88.06300354003906
2021-02-24,87.88200378417969
2021-02-25,88.04299926757812
2021-02-26,88.37899780273438
2021-03-01,89.19300079345703
2021-03-02,88.3550033569336
2021-03-03,88.45800018310547
2021-03-04,87.88899993896484
2021-03-05,87.42400360107422
2021-03-08,87.11499786376953
2021-03-09,86.822998046875
2021-03-10,86.51599884033203
2021-03-11,86.66100311279297
2021-03-12,87.04399871826172
2021-03-15,86.81400299072266
2021-03-16,86.4010009765625
2021-03-17,86.22000122070312
2021-03-18,86.87300109863281
2021-03-19,86.55999755859375
2021-03-22,86.12000274658203
2021-03-23,86.29100036621094
2021-03-24,85.81800079345703
2021-03-25,85.68399810791016
2021-03-26,85.427001953125
2021-03-29,85.56300354003906
2021-03-30,85.52400207519531
2021-03-31,86.02200317382812
2021-04-01,85.70099639892578
2021-04-02,86.27899932861328
2021-04-05,86.28299713134766
2021-04-06,86.13899993896484
2021-04-07,87.16799926757812
2021-04-08,88.21700286865234
2021-04-09,88.78500366210938
2021-04-12,88.83899688720703
2021-04-13,89.26000213623047
2021-04-14,89.79499816894531
2021-04-15,89.86799621582031
2021-04-16,89.36499786376953
2021-04-19,88.01830291748047
2021-04-20,90.06600189208984
2021-04-21,90.64700317382812
2021-04-22,90.71499633789062
2021-04-23,90.1729965209961
2021-04-26,90.59200286865234
2021-04-27,90.22200012207031
2021-04-28,90.0979995727539
2021-04-29,90.31700134277344
2021-04-30,89.76300048828125
2021-05-03,88.93499755859375
2021-05-04,88.93199920654297
2021-05-05,88.5510025024414
2021-05-06,88.53299713134766
2021-05-07,88.7239990234375
2021-05-10,89.0260009765625
2021-05-11,89.15599822998047
2021-05-12,89.06199645996094
2021-05-13,88.74700164794922
2021-05-14,88.62000274658203
2021-05-17,88.94300079345703
2021-05-18,89.072998046875
2021-05-19,89.29299926757812
2021-05-20,89.02899932861328
2021-05-21,89.19300079345703
2021-05-24,88.62899780273438
2021-05-25,88.88099670410156
2021-05-26,89.08799743652344
2021-05-27,88.58599853515625
2021-05-28,88.54199981689453
2021-05-31,88.21099853515625
2021-06-01,88.63500213623047
2021-06-02,88.92400360107422
2021-06-03,89.0009994506836
2021-06-04,88.52400207519531
2021-06-07,88.58100128173828
2021-06-08,88.68699645996094
2021-06-09,88.7249984741211
2021-06-10,88.80500030517578
2021-06-11,88.87999725341797
2021-06-14,88.5989990234375
2021-06-15,88.63500213623047
2021-06-16,88.86599731445312
2021-06-17,87.81700134277344
2021-06-18,88.29499816894531
2021-06-21,87.8550033569336
2021-06-22,88.23600006103516
2021-06-23,88.65799713134766
2021-06-24,88.37699890136719
2021-06-25,88.41000366210938
2021-06-28,88.50199890136719
2021-06-29,88.51899719238281
2021-06-30,88.34700012207031
2021-07-01,88.0979995727539
2021-07-02,88.23400115966797
2021-07-05,88.33599853515625
2021-07-06,88.08300018310547
2021-07-07,88.30400085449219
2021-07-08,88.13200378417969
2021-07-09,88.44599914550781
2021-07-12,88.37300109863281
2021-07-13,88.36799621582031
2021-07-14,87.83499908447266
2021-07-15,88.04000091552734
2021-07-16,87.95600128173828
2021-07-19,88.01200103759766
2021-07-20,88.1989974975586
2021-07-21,87.72000122070312
2021-07-22,87.76399993896484
2021-07-23,87.56500244140625
2021-07-26,87.54299926757812
2021-07-27,87.6780014038086
2021-07-28,87.98899841308594
2021-07-29,88.04000091552734
2021-07-30,88.20600128173828
2021-08-02,88.14399719238281
2021-08-03,88.17500305175781
2021-08-04,88.01200103759766
2021-08-05,87.73500061035156
2021-08-06,87.5780029296875
2021-08-09,87.18699645996094
2021-08-10,87.34300231933594
2021-08-11,87.15799713134766
2021-08-12,86.9280014038086
2021-08-13,87.14399719238281
2021-08-16,87.49299621582031
2021-08-17,87.23300170898438
2021-08-18,87.00599670410156
2021-08-19,86.83499908447266
2021-08-20,86.76899719238281
2021-08-23,86.88999938964844
2021-08-24,86.98799896240234
2021-08-25,87.06300354003906
2021-08-26,87.14700317382812
2021-08-27,87.08599853515625
2021-08-30,86.59200286865234
2021-08-31,86.38999938964844
2021-09-01,86.12699890136719
2021-09-02,86.35399627685547
2021-09-03,86.66100311279297
2021-09-06,86.63400268554688
2021-09-07,86.68599700927734
2021-09-08,86.83899688720703
2021-09-09,87.13600158691406
2021-09-10,86.87699890136719
2021-09-13,86.74500274658203
2021-09-14,86.77300262451172
2021-09-15,86.84700012207031
2021-09-16,86.7249984741211
2021-09-17,86.47699737548828
2021-09-20,86.26699829101562
2021-09-21,86.3010025024414
2021-09-22,86.37100219726562
2021-09-23,86.26100158691406
2021-09-24,86.61199951171875
2021-09-27,86.43000030517578
2021-09-28,86.26200103759766
2021-09-29,86.62999725341797
2021-09-30,86.14800262451172
2021-10-01,85.76399993896484
2021-10-04,85.88700103759766
2021-10-05,86.55400085449219
2021-10-06,86.38200378417969
2021-10-07,86.31400299072266
2021-10-08,86.41999816894531
2021-10-11,86.83799743652344
2021-10-12,87.03299713134766
2021-10-13,86.96800231933594
2021-10-14,87.24800109863281
2021-10-15,86.85099792480469
2021-10-18,86.95700073242188
2021-10-19,87.29000091552734
2021-10-20,87.2959976196289
2021-10-21,87.09200286865234
2021-10-22,86.95099639892578
2021-10-25,87.24199676513672
2021-10-26,87.08200073242188
2021-10-27,86.76100158691406
2021-10-28,86.97799682617188
2021-10-29,87.2979965209961
2021-11-01,86.55799865722656
2021-11-02,86.71600341796875
2021-11-03,86.42900085449219
2021-11-04,86.37699890136719
2021-11-05,85.96900177001953
2021-11-08,85.74400329589844
2021-11-09,85.57599639892578
2021-11-10,85.9219970703125
2021-11-11,85.38500213623047
2021-11-12,84.99299621582031
2021-11-15,84.99400329589844
2021-11-16,84.5260009765625
2021-11-17,84.18699645996094
2021-11-18,84.06099700927734
2021-11-19,84.23100280761719
2021-11-22,83.77200317382812
2021-11-23,83.58399963378906
2021-11-24,83.63600158691406
2021-11-25,83.5
2021-11-26,83.42900085449219
2021-11-29,84.9010009765625
2021-11-30,84.69499969482422
2021-12-01,84.98899841308594
2021-12-02,84.84500122070312
2021-12-03,84.7020034790039
2021-12-06,85.0790023803711
2021-12-07,84.98899841308594
2021-12-08,84.93199920654297
2021-12-09,85.43599700927734
2021-12-10,85.2979965209961
2021-12-13,85.5790023803711
2021-12-14,85.4229965209961
2021-12-15,85.5270004272461
2021-12-16,86.125
2021-12-17,86.26699829101562
2021-12-20,85.36900329589844
2021-12-21,85.31700134277344
2021-12-22,85.36799621582031
2021-12-23,85.43399810791016
2021-12-24,84.9010009765625
2021-12-27,84.86100006103516
2021-12-28,84.86199951171875
2021-12-29,84.47899627685547
2021-12-30,84.62799835205078
2021-12-31,84.1729965209961
2022-01-03,84.62300109863281
2022-01-04,84.01399993896484
2022-01-05,84.01799774169922
2022-01-06,83.947998046875
2022-01-07,83.93800354003906
2022-01-10,84.31400299072266
2022-01-11,83.83100128173828
2022-01-12,83.8270034790039
2022-01-13,84.36499786376953
2022-01-14,84.65899658203125
2022-01-17,84.4990005493164
2022-01-18,84.6449966430664
2022-01-19,84.3949966430664
2022-01-20,84.37799835205078
2022-01-21,84.16899871826172
2022-01-24,84.33000183105469
2022-01-25,84.44400024414062
2022-01-26,84.46299743652344
2022-01-27,84.11799621582031
2022-01-28,83.73400115966797
2022-01-31,82.5978012084961
2022-02-01,83.78099822998047
2022-02-02,84.18199920654297
2022-02-03,84.46600341796875
2022-02-04,85.28299713134766
2022-02-07,85.39700317382812
2022-02-08,85.31800079345703
2022-02-09,85.22899627685547
2022-02-10,85.37100219726562
2022-02-11,85.63700103759766
2022-02-14,85.447998046875
2022-02-15,85.48999786376953
2022-02-16,85.38300323486328
2022-02-17,85.27799987792969
2022-02-18,85.24800109863281
2022-02-21,84.49800109863281
2022-02-22,84.19400024414062
2022-02-23,84.46499633789062
2022-02-24,84.30400085449219
2022-02-25,84.53299713134766
2022-02-28,84.48300170898438
2022-03-01,84.61599731445312
2022-03-02,84.28800201416016
2022-03-03,83.97699737548828
2022-03-04,83.98899841308594
2022-03-07,83.43000030517578
2022-03-08,83.5530014038086
2022-03-09,83.73699951171875
2022-03-10,84.50599670410156
2022-03-11,83.95999908447266
2022-03-14,83.40299987792969
2022-03-15,83.6520004272461
2022-03-16,83.57599639892578
2022-03-17,83.90799713134766
2022-03-18,84.2030029296875
2022-03-21,83.97799682617188
2022-03-22,83.96299743652344
2022-03-23,83.91500091552734
2022-03-24,84.1719970703125
2022-03-25,83.92400360107422
2022-03-28,83.69999694824219
2022-03-29,83.572998046875
2022-03-30,83.84200286865234
2022-03-31,84.5459976196289
2022-04-01,83.98699951171875
2022-04-04,83.88999938964844
2022-04-05,82.75700378417969
2022-04-06,82.22200012207031
2022-04-07,82.68499755859375
2022-04-08,82.39199829101562
2022-04-11,82.54299926757812
2022-04-12,82.41400146484375
2022-04-13,82.36000061035156
2022-04-14,82.86599731445312
2022-04-15,82.52100372314453
2022-04-18,82.5199966430664
2022-04-19,82.01499938964844
2022-04-20,82.43499755859375
2022-04-21,82.6719970703125
2022-04-22,82.54900360107422
2022-04-25,82.5
2022-04-26,82.14700317382812
2022-04-27,81.53099822998047
2022-04-28,80.80599975585938
2022-04-29,80.43900299072266
2022-05-02,80.61900329589844
2022-05-03,80.2979965209961
2022-05-04,80.40899658203125
2022-05-05,80.94000244140625
2022-05-06,80.60800170898438
2022-05-09,81.10900115966797
2022-05-10,81.66400146484375
2022-05-11,81.23799896240234
2022-05-12,81.30899810791016
2022-05-13,80.30699920654297
2022-05-16,80.57499694824219
2022-05-17,81.14099884033203
2022-05-18,81.63800048828125
2022-05-19,81.4209976196289
2022-05-20,81.83300018310547
2022-05-23,82.16300201416016
2022-05-24,82.75299835205078
2022-05-25,83.08599853515625
2022-05-26,82.73400115966797
2022-05-27,83.24400329589844
2022-05-30,83.24800109863281
2022-05-31,83.4729995727539
2022-06-01,83.22899627685547
2022-06-02,82.52899932861328
2022-06-03,83.10800170898438
2022-06-06,83.11299896240234
2022-06-07,83.11799621582031
2022-06-08,82.99299621582031
2022-06-09,83.20899963378906
2022-06-10,82.552001953125
2022-06-13,82.11499786376953
2022-06-14,81.26499938964844
2022-06-15,81.35900115966797
2022-06-16,81.65599822998047
2022-06-17,82.15399932861328
2022-06-20,81.09809875488281
2022-06-21,81.90399932861328
2022-06-22,82.21600341796875
2022-06-23,82.50199890136719
2022-06-24,82.12899780273438
2022-06-27,82.51699829101562
2022-06-28,82.91699981689453
2022-06-29,83.0459976196289
2022-06-30,82.38600158691406
2022-07-01,82.6500015258789
2022-07-04,82.24700164794922
2022-07-05,82.2770004272461
2022-07-06,81.25700378417969
2022-07-07,80.4219970703125
2022-07-08,80.4209976196289
2022-07-11,80.6780014038086
2022-07-12,79.72799682617188
2022-07-13,79.63099670410156
2022-07-14,79.86299896240234
2022-07-15,80.03500366210938
2022-07-18,80.4020004272461
2022-07-19,81.09500122070312
2022-07-20,81.62999725341797
2022-07-21,81.39299774169922
2022-07-22,81.55999755859375
2022-07-25,81.45800018310547
2022-07-26,81.41600036621094
2022-07-27,80.81199645996094
2022-07-28,81.42500305175781
2022-07-29,81.09400177001953
2022-08-01,81.0719985961914
2022-08-02,80.96099853515625
2022-08-03,79.74299621582031
2022-08-04,80.27999877929688
2022-08-05,81.03800201416016
2022-08-08,80.72599792480469
2022-08-09,81.08000183105469
2022-08-10,81.14399719238281
2022-08-11,81.38300323486328
2022-08-12,82.08599853515625
2022-08-15,81.63300323486328
2022-08-16,80.75800323486328
2022-08-17,80.53099822998047
2022-08-18,80.68499755859375
2022-08-19,80.40499877929688
2022-08-22,80.15399932861328
2022-08-23,79.28800201416016
2022-08-24,79.51399993896484
2022-08-25,79.46199798583984
2022-08-26,79.56400299072266
2022-08-29,79.59500122070312
2022-08-30,79.97599792480469
2022-08-31,79.802001953125
2022-09-01,79.78299713134766
2022-09-02,79.25900268554688
2022-09-05,79.29199981689453
2022-09-06,79.31199645996094
2022-09-07,79.0
2022-09-08,79.53800201416016
2022-09-09,79.69400024414062
2022-09-12,79.96800231933594
2022-09-13,80.29900360107422
2022-09-14,79.36299896240234
2022-09-15,79.23600006103516
2022-09-16,79.677001953125
2022-09-19,79.74600219726562
2022-09-20,79.85600280761719
2022-09-21,79.44400024414062
2022-09-22,78.49700164794922
2022-09-23,79.677001953125
2022-09-26,78.66400146484375
2022-09-27,78.56600189208984
2022-09-28,78.34200286865234
2022-09-29,78.9729995727539
2022-09-30,80.0479965209961
2022-10-03,79.81999969482422
2022-10-04,80.0459976196289
2022-10-05,81.26399993896484
2022-10-06,80.84200286865234
2022-10-07,80.53800201416016
2022-10-10,80.6240005493164
2022-10-11,79.95099639892578
2022-10-12,79.7249984741211
2022-10-13,79.71199798583984
2022-10-14,80.2300033569336
2022-10-17,80.02999877929688
2022-10-18,80.8219985961914
2022-10-19,81.09100341796875
2022-10-20,80.99800109863281
2022-10-21,80.91000366210938
2022-10-24,81.32099914550781
2022-10-25,81.74199676513672
2022-10-26,82.05999755859375
2022-10-27,82.60199737548828
2022-10-28,82.05699920654297
2022-10-31,81.91000366210938
2022-11-01,81.75599670410156
2022-11-02,81.5719985961914
2022-11-03,81.12100219726562
2022-11-04,80.5270004272461
2022-11-07,81.59100341796875
2022-11-08,81.89900207519531
2022-11-09,81.95099639892578
2022-11-10,81.4209976196289
2022-11-11,82.10800170898438
2022-11-14,82.39900207519531
2022-11-15,83.48799896240234
2022-11-16,83.91400146484375
2022-11-17,84.6259994506836
2022-11-18,84.39600372314453
2022-11-21,84.21499633789062
2022-11-22,83.6500015258789
2022-11-23,84.18099975585938
2022-11-24,84.9489974975586
2022-11-25,84.89299774169922
2022-11-28,84.89299774169922
2022-11-29,84.37100219726562
2022-11-30,84.19100189208984
2022-12-01,84.73600006103516
2022-12-02,85.37100219726562
2022-12-05,85.75499725341797
2022-12-06,85.88600158691406
2022-12-07,86.26200103759766
2022-12-08,86.35399627685547
2022-12-09,86.79399871826172
2022-12-12,86.73899841308594
2022-12-13,87.03800201416016
2022-12-14,87.48899841308594
2022-12-15,87.99199676513672
2022-12-16,87.9520034790039
2022-12-19,87.43900299072266
2022-12-20,87.55599975585938
2022-12-21,87.69300079345703
2022-12-22,87.84400177001953
2022-12-23,87.7760009765625
2022-12-26,87.802001953125
2022-12-27,86.91010284423828
2022-12-28,88.03199768066406
2022-12-29,87.77400207519531
2022-12-30,88.22100067138672
2023-01-02,88.48200225830078
2023-01-03,88.30000305175781
2023-01-04,87.21900177001953
2023-01-05,87.6050033569336
2023-01-06,86.8270034790039
2023-01-09,87.5009994506836
2023-01-10,88.1240005493164
2023-01-11,87.58200073242188
2023-01-12,87.80500030517578
2023-01-13,88.01100158691406
2023-01-16,87.9520034790039
2023-01-17,88.35299682617188
2023-01-18,88.00399780273438
2023-01-19,87.86399841308594
2023-01-20,87.93699645996094
2023-01-23,87.86199951171875
2023-01-24,88.54100036621094
2023-01-25,88.76799774169922
2023-01-26,88.95500183105469
2023-01-27,88.64199829101562
2023-01-30,88.51899719238281
2023-01-31,88.375
2023-02-01,88.73600006103516
2023-02-02,89.9469985961914
2023-02-03,89.39099884033203
2023-02-06,88.69000244140625
2023-02-07,88.7040023803711
2023-02-08,88.83100128173828
2023-02-09,88.49800109863281
2023-02-10,88.56300354003906
2023-02-13,88.0260009765625
2023-02-14,88.5469970703125
2023-02-15,88.92900085449219
2023-02-16,88.40399932861328
2023-02-17,88.13200378417969
2023-02-20,88.43299865722656
2023-02-21,88.25700378417969
2023-02-22,88.18499755859375
2023-02-23,87.7750015258789
2023-02-24,87.48600006103516
2023-02-27,87.37000274658203
2023-02-28,87.60600280761719
2023-03-01,87.34100341796875
2023-03-02,87.85399627685547
2023-03-03,87.21600341796875
2023-03-06,86.81600189208984
2023-03-07,87.3479995727539
2023-03-08,86.44000244140625
2023-03-09,86.38300323486328
2023-03-10,86.73500061035156
2023-03-13,87.1259994506836
2023-03-14,88.13800048828125
2023-03-15,88.16899871826172
2023-03-16,87.66500091552734
2023-03-17,87.61599731445312
2023-03-20,87.94200134277344
2023-03-21,88.36799621582031
2023-03-22,88.99600219726562
2023-03-23,89.625
2023-03-24,89.0459976196289
2023-03-27,88.5260009765625
2023-03-28,88.75399780273438
2023-03-29,88.98200225830078
2023-03-30,89.05500030517578
2023-03-31,89.44200134277344
2023-04-03,89.0260009765625
2023-04-04,89.59700012207031
2023-04-05,89.89600372314453
2023-04-06,89.27799987792969
2023-04-07,89.30500030517578
2023-04-10,89.30599975585938
2023-04-11,88.31700134277344
2023-04-12,89.51599884033203
2023-04-13,90.05999755859375
2023-04-14,90.18699645996094
2023-04-17,89.90799713134766
2023-04-18,89.51100158691406
2023-04-19,90.02999877929688
2023-04-20,90.0979995727539
2023-04-21,90.01100158691406
2023-04-24,90.08999633789062
2023-04-25,90.5199966430664
2023-04-26,89.93699645996094
2023-04-27,90.22799682617188
2023-04-28,90.11900329589844
2023-05-01,89.97699737548828
2023-05-02,88.85299682617188
2023-05-03,89.9489974975586
2023-05-04,90.4540023803711
2023-05-05,89.99600219726562
2023-05-08,89.97200012207031
2023-05-09,89.84500122070312
2023-05-10,89.94000244140625
2023-05-11,89.90399932861328
2023-05-12,89.51300048828125
2023-05-15,89.0979995727539
2023-05-16,89.36799621582031
2023-05-17,89.33000183105469
2023-05-18,89.27899932861328
2023-05-19,89.05599975585938
2023-05-22,89.49800109863281
2023-05-23,89.4469985961914
2023-05-24,89.125
2023-05-25,88.83799743652344
2023-05-26,88.6510009765625
2023-05-29,87.76010131835938
2023-05-30,88.3740005493164
2023-05-31,88.66600036621094
2023-06-01,88.322998046875
2023-06-02,88.44999694824219
2023-06-05,88.13500213623047
2023-06-06,88.2979965209961
2023-06-07,88.19000244140625
2023-06-08,88.37899780273438
2023-06-09,88.9000015258789
2023-06-12,88.54000091552734
2023-06-13,88.62300109863281
2023-06-14,88.65299987792969
2023-06-15,88.88099670410156
2023-06-16,89.58699798583984
2023-06-19,89.55899810791016
2023-06-20,89.40399932861328
2023-06-21,89.45500183105469
2023-06-22,89.98899841308594
2023-06-23,89.7229995727539
2023-06-26,89.2249984741211
2023-06-27,89.38099670410156
2023-06-28,89.77899932861328
2023-06-29,89.4800033569336
2023-06-30,89.10299682617188
2023-07-03,88.01300048828125
2023-07-04,89.35199737548828
2023-07-05,89.1240005493164
2023-07-06,89.35900115966797
2023-07-07,90.06900024414062
2023-07-10,89.14900207519531
2023-07-11,90.74700164794922
2023-07-12,90.67500305175781
2023-07-13,91.23899841308594
2023-07-14,92.00499725341797
2023-07-17,92.08399963378906
2023-07-18,92.13300323486328
2023-07-19,92.06400299072266
2023-07-20,91.8550033569336
2023-07-21,91.31500244140625
2023-07-24,90.22209930419922
2023-07-25,90.43099975585938
2023-07-26,90.37000274658203
2023-07-27,90.70999908447266
2023-07-28,90.12899780273438
2023-07-31,89.38999938964844
2023-08-01,90.3550033569336
2023-08-02,90.5260009765625
2023-08-03,90.39299774169922
2023-08-04,90.57499694824219
2023-08-07,89.61599731445312
2023-08-08,90.96600341796875
2023-08-09,90.66699981689453
2023-08-10,90.88500213623047
2023-08-11,90.875
2023-08-14,90.08609771728516
2023-08-15,90.64600372314453
2023-08-16,90.64299774169922
2023-08-17,90.49099731445312
2023-08-18,90.30599975585938
2023-08-21,90.30500030517578
2023-08-22,90.4800033569336
2023-08-23,90.03199768066406
2023-08-24,89.59700012207031
2023-08-25,89.16200256347656
2023-08-28,89.0260009765625
2023-08-29,89.43699645996094
2023-08-30,89.59500122070312
2023-08-31,90.31999969482422
2023-09-01,89.55400085449219
2023-09-04,88.75070190429688
2023-09-05,89.22200012207031
2023-09-06,89.03700256347656
2023-09-07,89.17900085449219
2023-09-08,88.85800170898438
2023-09-11,87.8093032836914
2023-09-12,89.09100341796875
2023-09-13,89.00700378417969
2023-09-14,88.97100067138672
2023-09-15,88.22799682617188
2023-09-18,88.50399780273438
2023-09-19,88.96299743652344
2023-09-20,88.79100036621094
2023-09-21,88.41799926757812
2023-09-22,88.2770004272461
2023-09-25,88.375
2023-09-26,87.86199951171875
2023-09-27,87.95600128173828
2023-09-28,87.39299774169922
2023-09-29,87.7979965209961
2023-10-02,87.10299682617188
2023-10-03,87.11699676513672
2023-10-04,87.05500030517578
2023-10-05,87.41799926757812
2023-10-06,87.83000183105469
2023-10-09,87.93000030517578
2023-10-10,88.01300048828125
2023-10-11,88.197998046875
2023-10-12,88.31900024414062
2023-10-13,87.64600372314453
2023-10-16,86.55819702148438
2023-10-17,87.7490005493164
2023-10-18,87.947998046875
2023-10-19,87.64199829101562
2023-10-20,87.9010009765625
2023-10-23,88.04199981689453
2023-10-24,88.48400115966797
2023-10-25,87.85800170898438
2023-10-26,87.94200134277344
2023-10-27,87.9000015258789
2023-10-30,86.85800170898438
2023-10-31,88.28600311279297
2023-11-01,87.98300170898438
2023-11-02,88.0469970703125
2023-11-03,88.29399871826172
2023-11-06,89.10900115966797
2023-11-07,89.12200164794922
2023-11-08,88.94999694824219
2023-11-09,89.05000305175781
2023-11-10,88.73799896240234
2023-11-13,87.9352035522461
2023-11-14,88.94000244140625
2023-11-15,90.16600036621094
2023-11-16,90.1259994506836
2023-11-17,90.13099670410156
2023-11-20,89.47319793701172
2023-11-21,91.11799621582031
2023-11-22,90.82599639892578
2023-11-23,90.88300323486328
2023-11-24,90.8030014038086
2023-11-27,91.0979995727539
2023-11-28,91.19599914550781
2023-11-29,91.56300354003906
2023-11-30,91.21399688720703
2023-12-01,90.6510009765625
2023-12-04,89.74700164794922
2023-12-05,90.302001953125
2023-12-06,89.86199951171875
2023-12-07,89.66699981689453
2023-12-08,89.87200164794922
2023-12-11,88.90950012207031
2023-12-12,89.62999725341797
2023-12-13,89.96800231933594
2023-12-14,90.55699920654297
2023-12-15,91.48699951171875
2023-12-18,90.04139709472656
2023-12-19,90.67400360107422
2023-12-20,91.14900207519531
2023-12-21,90.95899963378906
2023-12-22,91.31700134277344
2023-12-25,90.67019653320312
2023-12-26,90.67019653320312
2023-12-27,90.67019653320312
2023-12-28,92.41500091552734
2023-12-29,91.89700317382812
2024-01-01,91.79000091552734
2024-01-02,91.14199829101562
2024-01-03,91.05799865722656
2024-01-04,90.9800033569336
2024-01-05,91.03600311279297
2024-01-08,89.75569915771484
2024-01-09,90.85800170898438
2024-01-10,90.8030014038086
2024-01-11,91.04100036621094
2024-01-12,91.14399719238281
2024-01-15,90.66300201416016
2024-01-16,90.64800262451172
2024-01-17,90.31300354003906
2024-01-18,90.44200134277344
2024-01-19,90.38600158691406
2024-01-22,89.43720245361328
2024-01-23,90.30599975585938
2024-01-24,90.28299713134766
2024-01-25,90.34600067138672
2024-01-26,90.0999984741211
2024-01-29,90.1240005493164
2024-01-30,90.0250015258789
2024-01-31,90.04900360107422
2024-02-01,89.61799621582031
2024-02-02,90.08399963378906
2024-02-05,89.21820068359375
2024-02-06,89.12100219726562
2024-02-07,89.26100158691406
2024-02-08,89.4010009765625
2024-02-09,89.27799987792969
2024-02-12,89.44400024414062
2024-02-13,89.30999755859375
2024-02-14,88.86199951171875
2024-02-15,89.03600311279297
2024-02-16,89.35700225830078
2024-02-19,89.37799835205078
2024-02-20,89.40299987792969
2024-02-21,89.47799682617188
2024-02-22,89.67500305175781
2024-02-23,89.61100006103516
2024-02-26,89.61100006103516
2024-02-27,89.81300354003906
2024-02-28,89.8239974975586
2024-02-29,89.77799987792969
2024-03-01,89.5270004272461
2024-03-04,89.70899963378906
2024-03-05,89.93099975585938
2024-03-06,89.927001953125
2024-03-07,90.2760009765625
2024-03-08,90.5979995727539
2024-03-11,90.4260025024414
2024-03-12,90.4010009765625
2024-03-13,90.37999725341797
2024-03-14,90.65599822998047
2024-03-15,90.1709976196289
2024-03-18,89.3010025024414
2024-03-19,89.98200225830078
2024-03-20,90.12899780273438
2024-03-21,90.71299743652344
2024-03-22,90.34100341796875
2024-03-25,90.25299835205078
2024-03-26,90.3280029296875
2024-03-27,90.10199737548828
2024-03-28,90.06500244140625
2024-03-29,89.86399841308594
2024-04-01,89.86799621582031
2024-04-02,88.91960144042969
2024-04-03,89.66200256347656
2024-04-04,90.11799621582031
2024-04-05,90.33100128173828
2024-04-08,89.23760223388672
2024-04-09,90.36699676513672
2024-04-10,90.26899719238281
2024-04-11,89.52899932861328
2024-04-12,89.30699920654297
2024-04-15,88.88899993896484
2024-04-16,88.64399719238281
2024-04-17,88.77899932861328
2024-04-18,89.10700225830078
2024-04-19,88.86199951171875
2024-04-22,87.87940216064453
2024-04-23,88.74500274658203
2024-04-24,89.05000305175781
2024-04-25,89.08999633789062
2024-04-26,89.28500366210938
2024-04-29,89.09600067138672
2024-04-30,89.34400177001953
2024-05-01,88.98300170898438
2024-05-02,88.97799682617188
2024-05-03,89.35399627685547
2024-05-06,88.65499877929688
2024-05-07,89.78900146484375
2024-05-08,89.64900207519531
2024-05-09,89.62200164794922
2024-05-10,89.91300201416016
2024-05-13,89.00469970703125
2024-05-14,90.0530014038086
2024-05-15,90.25700378417969
2024-05-16,90.72599792480469
2024-05-17,90.62799835205078
2024-05-20,89.31079864501953
2024-05-21,90.39399719238281
2024-05-22,90.3550033569336
2024-05-23,90.052001953125
2024-05-24,89.99299621582031
2024-05-27,89.10479736328125
2024-05-28,90.21099853515625
2024-05-29,90.15899658203125
2024-05-30,90.01599884033203
2024-05-31,90.15699768066406
2024-06-03,90.4280014038086
2024-06-04,90.53399658203125
2024-06-05,90.92400360107422
2024-06-06,90.46600341796875
2024-06-07,90.83699798583984
2024-06-10,89.84420013427734
2024-06-11,89.87100219726562
2024-06-12,89.71700286865234
2024-06-13,90.24500274658203
2024-06-14,89.60900115966797
2024-06-17,88.37229919433594
2024-06-18,89.62999725341797
2024-06-19,89.4540023803711
2024-06-20,89.61100006103516
2024-06-21,89.39700317382812
2024-06-24,88.19149780273438
2024-06-25,89.51799774169922
2024-06-26,89.24800109863281
2024-06-27,89.18000030517578
2024-06-28,89.29299926757812
2024-07-01,89.22899627685547
2024-07-02,89.51000213623047
2024-07-03,89.64800262451172
2024-07-04,90.01699829101562
2024-07-05,90.18399810791016
2024-07-08,89.40899658203125
2024-07-09,90.3010025024414
2024-07-10,90.22000122070312
2024-07-11,90.37100219726562
2024-07-12,90.74299621582031
2024-07-15,89.96119689941406
2024-07-16,91.00299835205078
2024-07-17,90.9990005493164
2024-07-18,91.35099792480469
2024-07-19,91.11799621582031
2024-07-22,90.05840301513672
2024-07-23,91.052001953125
2024-07-24,90.73799896240234
2024-07-25,90.68399810791016
2024-07-26,90.77400207519531
2024-07-29,89.8906021118164
2024-07-30,90.53600311279297
2024-07-31,90.5739974975586
2024-08-01,90.48799896240234
2024-08-02,90.2770004272461
2024-08-05,91.33599853515625
2024-08-06,91.9020004272461
2024-08-07,91.62699890136719
2024-08-08,91.625
2024-08-09,91.60600280761719
2024-08-12,91.55799865722656
2024-08-13,91.67400360107422
2024-08-14,92.15899658203125
2024-08-15,92.39700317382812
2024-08-16,92.09500122070312
2024-08-19,92.40499877929688
2024-08-20,92.9800033569336
2024-08-21,93.20800018310547
2024-08-22,93.48100280761719
2024-08-23,93.23799896240234
2024-08-26,92.28009796142578
2024-08-27,93.572998046875
2024-08-28,93.72200012207031
2024-08-29,93.29900360107422
2024-08-30,92.87799835205078
2024-09-02,92.58799743652344
2024-09-03,92.8010025024414
2024-09-04,92.6780014038086
2024-09-05,92.97200012207031
2024-09-06,93.23999786376953
2024-09-09,93.02100372314453
2024-09-10,92.57499694824219
2024-09-11,92.46700286865234
2024-09-12,92.40299987792969
2024-09-13,92.92400360107422
2024-09-16,92.04499816894531
2024-09-17,93.26399993896484
2024-09-18,93.10399627685547
2024-09-19,92.9280014038086
2024-09-20,93.20800018310547
2024-09-23,93.11000061035156
2024-09-24,92.75399780273438
2024-09-25,93.43800354003906
2024-09-26,93.0009994506836
2024-09-27,93.36799621582031
2024-09-30,93.36900329589844
2024-10-01,93.23400115966797
2024-10-02,92.71399688720703
2024-10-03,92.61799621582031
2024-10-04,92.63400268554688
2024-10-07,92.14299774169922
2024-10-08,92.05500030517578
2024-10-09,92.03299713134766
2024-10-10,91.74400329589844
2024-10-11,91.69200134277344
2024-10-14,91.9000015258789
2024-10-15,91.60199737548828
2024-10-16,91.41999816894531
2024-10-17,91.13999938964844
2024-10-18,90.95600128173828
2024-10-21,90.16999816894531
2024-10-22,90.84200286865234
2024-10-23,90.71399688720703
2024-10-24,90.48600006103516
2024-10-25,90.91999816894531
2024-10-28,90.00430297851562
2024-10-29,90.88800048828125
2024-10-30,90.9010009765625
2024-10-31,91.2229995727539
2024-11-01,93.75499725341797
2024-11-04,90.40599822998047
2024-11-05,91.41200256347656
2024-11-06,91.89099884033203
2024-11-07,90.3270034790039
2024-11-08,90.9229965209961
2024-11-11,90.37999725341797
2024-11-12,89.87799835205078
2024-11-13,89.52999877929688
2024-11-14,89.10199737548828
2024-11-15,89.19999694824219
2024-11-18,88.88200378417969
2024-11-19,89.35099792480469
2024-11-20,89.47000122070312
2024-11-21,88.90299987792969
2024-11-22,88.38999938964844
2024-11-25,87.89199829101562
2024-11-26,87.927001953125
2024-11-27,88.39800262451172
2024-11-28,89.08899688720703
2024-11-29,89.13500213623047
2024-12-02,89.36699676513672
2024-12-03,88.9020004272461
2024-12-04,88.92400360107422
2024-12-05,88.96399688720703
2024-12-06,89.56300354003906
2024-12-09,88.65699768066406
2024-12-10,89.4749984741211
2024-12-11,89.31199645996094
2024-12-12,89.06199645996094
2024-12-13,88.77300262451172
2024-12-16,87.90699768066406
2024-12-17,89.22599792480469
2024-12-18,89.0270004272461
2024-12-19,87.78500366210938
2024-12-20,88.12799835205078
2024-12-23,88.48100280761719
2024-12-24,88.46700286865234
2024-12-25,88.48500061035156
2024-12-26,88.49099731445312
2024-12-27,88.49099731445312
2024-12-30,88.30999755859375
2024-12-31,88.89199829101562
2025-01-02,88.49099731445312
2025-01-03,88.0199966430664
2025-01-06,87.36399841308594
2025-01-07,88.9219970703125
2025-01-08,88.677001953125
2025-01-09,88.5260009765625
2025-01-10,88.38999938964844
2025-01-13,88.20500183105469
2025-01-14,88.86799621582031
2025-01-15,89.0989990234375
2025-01-16,88.90799713134766
2025-01-17,89.14099884033203
2025-01-20,88.21099853515625
2025-01-21,89.75700378417969
2025-01-22,89.87999725341797
2025-01-23,89.91999816894531
2025-01-24,89.9540023803711
2025-01-27,89.4000015258789
2025-01-28,90.1259994506836
2025-01-29,90.21399688720703
2025-01-30,90.23899841308594
2025-01-31,89.91999816894531
2025-02-03,89.61299896240234
2025-02-04,89.73300170898438
2025-02-05,90.2979965209961
2025-02-06,90.75299835205078
2025-02-07,90.88200378417969
2025-02-10,90.44100189208984
2025-02-11,90.04399871826172
2025-02-12,89.83599853515625
2025-02-13,90.2300033569336
2025-02-14,90.66400146484375
2025-02-17,90.80899810791016
2025-02-18,90.98999786376953
2025-02-19,90.6969985961914
2025-02-20,90.47200012207031
2025-02-21,90.84100341796875
2025-02-24,90.49800109863281
2025-02-25,90.60399627685547
2025-02-26,91.59400177001953
2025-02-27,91.31600189208984
2025-02-28,90.70700073242188
2025-03-03,89.9260025024414
2025-03-04,91.41899871826172
2025-03-05,92.64900207519531
2025-03-06,93.71099853515625
2025-03-07,93.80599975585938
2025-03-10,94.31400299072266
2025-03-11,94.5989990234375
2025-03-12,95.05000305175781
2025-03-13,94.79499816894531
2025-03-14,94.27300262451172
2025-03-17,93.71700286865234
2025-03-18,94.58300018310547
2025-03-19,94.62799835205078
2025-03-20,94.1240005493164
2025-03-21,93.6520004272461
2025-03-24,92.91100311279297
2025-03-25,92.3219985961914
2025-03-26,92.2490005493164
2025-03-27,91.92400360107422
2025-03-28,92.49299621582031
2025-03-31,91.09700012207031
2025-04-01,92.38200378417969
2025-04-02,92.34100341796875
2025-04-03,93.1259994506836
2025-04-04,94.09200286865234
2025-04-07,93.1050033569336
2025-04-08,93.65699768066406
2025-04-09,94.62300109863281
2025-04-10,94.81999969482422
2025-04-11,96.97699737548828
2025-04-14,97.76499938964844
2025-04-15,97.48500061035156
2025-04-16,96.71199798583984
2025-04-17,97.49299621582031
2025-04-22,97.01799774169922
2025-04-23,96.5999984741211
2025-04-24,96.60800170898438
2025-04-25,96.9469985961914
2025-04-28,96.99700164794922
2025-04-29,97.07099914550781
2025-04-30,96.89800262451172
2025-05-01,95.75
2025-05-02,95.74800109863281
2025-05-05,94.76300048828125
2025-05-06,95.28199768066406
2025-05-07,95.53500366210938
2025-05-08,95.7030029296875
2025-05-09,95.91699981689453
2025-05-12,94.97899627685547
2025-05-13,94.0989990234375
2025-05-14,95.2979965209961
2025-05-15,95.41000366210938
2025-05-16,95.55699920654297
2025-05-19,94.74800109863281
2025-05-20,95.82599639892578
2025-05-21,96.46700286865234
2025-05-22,97.08200073242188
2025-05-23,96.93599700927734
2025-05-26,95.74800109863281
2025-05-27,96.81500244140625
2025-05-28,96.65599822998047
2025-05-29,95.87999725341797
2025-05-30,97.10299682617188
2025-06-02,95.96399688720703
2025-06-03,97.67500305175781
2025-06-04,97.48600006103516
2025-06-05,98.00399780273438
2025-06-06,98.22699737548828
2025-06-09,96.80599975585938
2025-06-10,97.81500244140625
2025-06-11,97.81300354003906
2025-06-12,98.28500366210938
2025-06-13,99.19300079345703
2025-06-16,99.35900115966797
2025-06-17,99.0780029296875
2025-06-18,99.00700378417969
2025-06-19,99.11399841308594
2025-06-20,99.87699890136719
2025-06-23,98.76699829101562
2025-06-24,100.33499908447266
2025-06-25,99.71700286865234
2025-06-26,100.41300201416016
2025-06-27,100.04499816894531
2025-06-30,99.16799926757812
2025-07-01,100.93299865722656
2025-07-02,101.01000213623047
2025-07-03,100.95800018310547
2025-07-04,100.48400115966797
2025-07-07,100.43499755859375
2025-07-08,100.56800079345703
2025-07-09,100.46299743652344
2025-07-10,100.4280014038086
2025-07-11,100.23100280761719
2025-07-14,99.23799896240234
2025-07-15,100.26499938964844
2025-07-16,99.73600006103516
2025-07-17,99.84600067138672
2025-07-18,99.86900329589844
2025-07-21,100.13099670410156
2025-07-22,100.71800231933594
2025-07-23,101.2490005493164
2025-07-24,101.64299774169922
2025-07-25,101.53099822998047
2025-07-28,101.21499633789062
2025-07-29,100.45600128173828
2025-07-30,100.52899932861328
2025-07-31,100.14199829101562
2025-08-01,99.89800262451172
2025-08-04,98.81400299072266
2025-08-05,101.48699951171875
2025-08-06,101.61499786376953
2025-08-07,102.23100280761719
2025-08-08,102.01200103759766
2025-08-11,101.75199890136719
2025-08-12,101.76000213623047
2025-08-13,102.26000213623047
2025-08-14,102.34500122070312
2025-08-15,102.08300018310547
2025-08-18,101.2020034790039
2025-08-19,101.77400207519531
2025-08-20,101.29900360107422
2025-08-21,101.30699920654297
2025-08-22,101.30000305175781
2025-08-25,100.41100311279297
2025-08-26,101.66999816894531
2025-08-27,101.9209976196289
2025-08-28,102.00900268554688
2025-08-29,102.23300170898438
2025-09-01,101.84700012207031
2025-09-02,103.02200317382812
2025-09-03,102.29499816894531
2025-09-04,102.61399841308594
2025-09-05,102.7239990234375
2025-09-08,103.20500183105469
2025-09-09,103.46900177001953
2025-09-10,103.15699768066406
2025-09-11,102.96600341796875
2025-09-12,103.50199890136719
2025-09-15,102.50399780273438
2025-09-16,103.58200073242188
2025-09-17,104.24299621582031
2025-09-18,103.68599700927734
2025-09-19,103.86499786376953
2025-09-22,103.375
2025-09-23,104.125
2025-09-24,104.83799743652344
2025-09-25,104.18199920654297
2025-09-26,103.44999694824219
2025-09-29,103.66000366210938
2025-09-30,103.9800033569336
2025-10-01,104.17400360107422
2025-10-02,103.98100280761719
2025-10-03,103.947998046875
2025-10-06,104.08300018310547
2025-10-07,103.81199645996094
2025-10-08,103.33399963378906
2025-10-09,103.16200256347656
2025-10-10,102.69000244140625
2025-10-13,102.63999938964844
2025-10-14,102.4729995727539
2025-10-15,102.9280014038086
2025-10-16,102.18099975585938
2025-10-17,102.85399627685547
2025-10-20,101.89700317382812
2025-10-21,102.24199676513672
2025-10-22,102.00399780273438
2025-10-23,101.77100372314453
2025-10-24,101.91600036621094
2025-10-27,101.87200164794922
2025-10-28,102.73300170898438
2025-10-29,102.75499725341797
2025-10-30,102.48799896240234
2025-10-31,102.48400115966797
2025-11-03,102.23999786376953
2025-11-04,102.1259994506836
2025-11-05,101.8290023803711
2025-11-06,101.73200225830078
2025-11-07,102.31999969482422
2025-11-10,101.65599822998047
2025-11-11,102.43499755859375
2025-11-12,102.41500091552734
2025-11-13,102.60900115966797
2025-11-14,103.21099853515625
2025-11-17,102.56300354003906
2025-11-18,102.65299987792969
2025-11-19,102.47599792480469
2025-11-20,102.0260009765625
2025-11-21,102.22200012207031
2025-11-24,101.96900177001953
2025-11-25,102.61699676513672
2025-11-26,103.02300262451172
2025-11-27,103.34600067138672
2025-11-28,103.58200073242188
2025-12-01,102.44200134277344
2025-12-02,103.93800354003906
2025-12-03,104.46900177001953
2025-12-04,105.12300109863281
2025-12-05,104.51100158691406
2025-12-08,103.71199798583984
2025-12-09,104.83399963378906
2025-12-10,104.46600341796875
2025-12-11,104.98500061035156
2025-12-12,105.86900329589844
2025-12-15,105.052001953125
2025-12-16,106.61399841308594
2025-12-17,106.78299713134766
2025-12-18,106.0770034790039
2025-12-19,105.6719970703125
2025-12-22,103.93499755859375
2025-12-23,105.33000183105469
2025-12-24,105.40799713134766
2025-12-26,105.67900085449219
2025-12-29,105.71199798583984
2025-12-30,105.75499725341797
2025-12-31,105.36599731445312
2026-01-02,105.46399688720703
2026-01-05,105.68699645996094
2026-01-06,105.6240005493164
2026-01-07,105.31800079345703
2026-01-08,104.84300231933594
2026-01-09,104.73699951171875
2026-01-12,103.88899993896484
2026-01-13,105.0780029296875
2026-01-14,105.03700256347656
2026-01-15,105.0199966430664
2026-01-16,104.81700134277344
2026-01-19,104.41899871826172
2026-01-20,105.71700286865234
2026-01-21,106.77999877929688
2026-01-22,106.77300262451172
2026-01-23,107.54199981689453
2026-01-26,108.29000091552734
2026-01-27,108.81600189208984
2026-01-28,109.9209976196289
2026-01-29,110.15499877929688
2026-01-30,109.74199676513672
2026-02-02,109.15399932861328
2026-02-03,107.6240005493164
2026-02-04,106.75800323486328
2026-02-05,106.59300231933594
2026-02-06,106.29900360107422
2026-02-09,106.46900177001953
2026-02-10,107.99199676513672
2026-02-11,107.61499786376953
2026-02-12,107.65699768066406
2026-02-13,107.4209976196289
2026-02-16,106.5009994506836
2026-02-17,107.49299621582031
2026-02-18,107.33899688720703
2026-02-19,106.9489974975586
2026-02-20,107.06800079345703
2026-02-23,106.40699768066406
2026-02-24,107.26300048828125
2026-02-25,106.9749984741211
2026-02-26,107.37899780273438
2026-02-27,107.2979965209961
2026-03-02,106.54199981689453
2026-03-03,107.00399780273438
2026-03-04,106.76399993896484
2026-03-05,107.11100006103516
2026-03-06,106.47100067138672
2026-03-09,106.5790023803711
2026-03-10,106.97100067138672
2026-03-11,106.70600128173828
2026-03-12,106.37200164794922
2026-03-13,106.36399841308594
2026-03-16,105.5780029296875
2026-03-17,105.98699951171875
2026-03-18,106.53199768066406
2026-03-19,106.6780014038086
2026-03-20,107.47899627685547
2026-03-23,108.3239974975586
2026-03-24,108.10700225830078
2026-03-25,109.14600372314453
2026-03-26,108.49099731445312
2026-03-27,108.70500183105469
2026-03-30,109.03900146484375
2026-03-31,108.04100036621094
2026-04-01,108.11299896240234
2026-04-02,107.96900177001953
2026-04-03,107.19999694824219
2026-04-06,107.21199798583984
2026-04-07,107.21299743652344
2026-04-08,108.44400024414062
2026-04-09,107.47699737548828
2026-04-10,108.0250015258789
2026-04-13,106.47899627685547
2026-04-14,109.61199951171875
2026-04-15,109.83999633789062
2026-04-16,110.177001953125
2026-04-17,109.64900207519531
2026-04-20,109.28399658203125
2026-04-21,109.65499877929688
2026-04-22,109.70999908447266
2026-04-23,109.72000122070312
2026-04-24,109.87000274658203
2026-04-27,108.05999755859375
2026-04-28,110.34200286865234
2026-04-29,110.69999694824219
2026-04-30,110.76399993896484
2026-05-01,111.27200317382812
2026-05-04,111.25900268554688
2026-05-05,111.10099792480469
2026-05-06,111.45500183105469
2026-05-07,111.06400299072266
2026-05-08,110.48600006103516
2026-05-11,111.35600280761719
2026-05-12,112.19400024414062
2026-05-13,112.177001953125
2026-05-14,112.0530014038086
2026-05-15,111.60199737548828
2026-05-18,111.36199951171875
2026-05-19,112.23100280761719
2026-05-20,111.99199676513672
2026-05-21,112.48600006103516
2026-05-22,111.69200134277344
2026-05-25,111.39399719238281
2026-05-26,110.74500274658203
2026-05-27,111.29499816894531
2026-05-28,111.10900115966797
2026-05-29,111.4260025024414
2026-06-01,110.70700073242188
2026-06-02,110.4469985961914
2026-06-03,110.63700103759766
2026-06-04,111.0270004272461
2026-06-05,111.16000366210938
2026-06-08,110.06900024414062
2026-06-09,110.27999877929688
2026-06-10,109.9229965209961
2026-06-11,109.81800079345703
2026-06-12,110.77100372314453
2026-06-15,109.9489974975586
2026-06-16,109.71499633789062
2026-06-17,109.74199676513672
2026-06-18,108.69400024414062
2026-06-19,108.00900268554688
2026-06-22,104.79000091552734
2026-06-23,108.11599731445312
2026-06-24,107.72699737548828
2026-06-25,107.40399932861328
2026-06-26,107.16200256347656
2026-06-29,107.34200286865234
2026-06-30,107.89700317382812
2026-07-01,107.96299743652344
2026-07-02,108.2979965209961
2026-07-03,108.91400146484375
2026-07-06,108.84100341796875
2026-07-07,109.08000183105469
2026-07-08,108.2020034790039
2026-07-09,109.06999969482422
2026-07-10,108.97899627685547
2026-07-13,108.83599853515625
2026-07-14,108.76399993896484
2026-07-15,109.82499694824219
2026-07-16,110.32499694824219
2026-07-17,110.18699645996094
2026-07-20,109.96399688720703
2026-07-21,110.01300048828125
2026-07-22,109.63700103759766
2026-07-23,110.11799621582031
2026-07-24,109.79100036621094
2026-07-27,109.72000122070312
2026-07-28,108.96299743652344
2026-07-29,109.05400085449219
2026-07-30,109.6050033569336
2026-07-31,110.18000030517578
2026-08-03,109.98200225830078
2026-08-04,109.63200378417969
2026-08-05,109.90299987792969
2026-08-06,109.84100341796875
2026-08-07,109.58100128173828
2026-08-10,109.48100280761719
2026-08-11,109.94000244140625
2026-08-12,110.08200073242188
2026-08-13,109.8239974975586
2026-08-14,110.0
2026-08-17,106.94300079345703
2026-08-18,110.6510009765625
2026-08-19,110.68499755859375
2026-08-20,111.70600128173828
2026-08-21,111.77999877929688
2026-08-24,111.66000366210938
2026-08-25,111.63899993896484
2026-08-26,111.31300354003906
2026-08-27,111.13600158691406
2026-08-28,111.14600372314453
2026-08-31,107.77999877929688
2026-09-01,110.47899627685547
2026-09-02,109.9990005493164
2026-09-03,109.9489974975586
2026-09-04,109.78299713134766
2026-09-07,109.6510009765625
2026-09-08,109.7979965209961
2026-09-09,110.16799926757812
2026-09-10,110.56199645996094
2026-09-11,110.73100280761719
2026-09-14,107.43599700927734
2026-09-15,110.29499816894531
2026-09-16,110.63899993896484
2026-09-17,109.98999786376953
2026-09-18,110.02799987792969
2026-09-21,110.03099822998047
2026-09-22,109.77100372314453
2026-09-23,109.35800170898438
2026-09-24,108.89600372314453
2026-09-25,109.08899688720703
2026-09-28,105.87300109863281
2026-09-29,109.06500244140625
2026-09-30,108.76899719238281
2026-10-01,108.64199829101562
2026-10-02,108.26399993896484
2026-10-05,108.15699768066406
2026-10-06,107.94000244140625
2026-10-07,108.39900207519531
2026-10-08,108.34649658203125
