date,close
2011-10-10,4.0960001945495605
2011-10-11,4.175099849700928
2011-10-12,4.1971001625061035
2011-10-13,4.19789981842041
2011-10-14,4.24370002746582
2011-10-17,4.223899841308594
2011-10-18,4.251500129699707
2011-10-19,4.30049991607666
2011-10-20,4.314199924468994
2011-10-21,4.379000186920166
2011-10-24,4.338200092315674
2011-10-25,4.372700214385986
2011-10-26,4.365300178527832
2011-10-27,4.370999813079834
2011-10-28,4.507199764251709
2011-10-31,4.403800010681152
2011-11-01,4.371500015258789
2011-11-02,4.383399963378906
2011-11-03,4.371200084686279
2011-11-04,4.343999862670898
2011-11-07,4.42519998550415
2011-11-08,4.38539981842041
2011-11-09,4.426300048828125
2011-11-10,4.472599983215332
2011-11-11,4.418600082397461
2011-11-14,4.431300163269043
2011-11-15,4.465700149536133
2011-11-16,4.479000091552734
2011-11-17,4.4604997634887695
2011-11-18,4.49459981918335
2011-11-21,4.498600006103516
2011-11-22,4.54640007019043
2011-11-23,4.568600177764893
2011-11-24,4.497000217437744
2011-11-25,4.500899791717529
2011-11-28,4.489799976348877
2011-11-29,4.4695000648498535
2011-11-30,4.549099922180176
2011-12-01,4.535699844360352
2011-12-02,4.552700042724609
2011-12-05,4.52400016784668
2011-12-06,4.527400016784668
2011-12-07,4.536900043487549
2011-12-08,4.574900150299072
2011-12-09,4.558000087738037
2011-12-12,4.52209997177124
2011-12-13,4.556600093841553
2011-12-14,4.564199924468994
2011-12-15,4.636099815368652
2011-12-16,4.598499774932861
2011-12-19,4.538400173187256
2011-12-20,4.478600025177002
2011-12-21,4.555300235748291
2011-12-22,4.546999931335449
2011-12-23,4.5493998527526855
2011-12-26,4.594600200653076
2011-12-27,4.595699787139893
2011-12-28,4.568900108337402
2011-12-29,4.571800231933594
2011-12-30,4.585599899291992
2012-01-02,4.567299842834473
2012-01-03,4.6082000732421875
2012-01-04,4.628399848937988
2012-01-05,4.597700119018555
2012-01-06,4.566999912261963
2012-01-09,4.533599853515625
2012-01-10,4.523900032043457
2012-01-11,4.465199947357178
2012-01-12,4.463900089263916
2012-01-13,4.472300052642822
2012-01-16,4.465700149536133
2012-01-17,4.453100204467773
2012-01-18,4.428299903869629
2012-01-19,4.428500175476074
2012-01-20,4.445300102233887
2012-01-23,4.4309000968933105
2012-01-24,4.423299789428711
2012-01-25,4.424099922180176
2012-01-26,4.4704999923706055
2012-01-27,4.385799884796143
2012-01-30,4.415500164031982
2012-01-31,4.3968000411987305
2012-02-01,4.407100200653076
2012-02-02,4.346700191497803
2012-02-03,4.382299900054932
2012-02-06,4.373499870300293
2012-02-07,4.374000072479248
2012-02-08,4.389200210571289
2012-02-09,4.392600059509277
2012-02-10,4.417699813842773
2012-02-13,4.38730001449585
2012-02-14,4.384200096130371
2012-02-15,4.376699924468994
2012-02-16,4.376500129699707
2012-02-17,4.36899995803833
2012-02-20,4.376399993896484
2012-02-21,4.375999927520752
2012-02-22,4.3755998611450195
2012-02-23,4.35699987411499
2012-02-24,4.349299907684326
2012-02-27,4.356900215148926
2012-02-28,4.3653998374938965
2012-02-29,4.3541998863220215
2012-03-01,4.373600006103516
2012-03-02,4.407899856567383
2012-03-05,4.4309000968933105
2012-03-06,4.450200080871582
2012-03-07,4.473800182342529
2012-03-08,4.47189998626709
2012-03-09,4.483399868011475
2012-03-12,4.4552001953125
2012-03-13,4.44189977645874
2012-03-14,4.438899993896484
2012-03-15,4.400700092315674
2012-03-16,4.475399971008301
2012-03-19,4.4527997970581055
2012-03-20,4.4791998863220215
2012-03-21,4.463200092315674
2012-03-22,4.4741997718811035
2012-03-23,4.509900093078613
2012-03-26,4.446100234985352
2012-03-27,4.497300148010254
2012-03-28,4.454800128936768
2012-03-29,4.460000038146973
2012-03-30,4.5019001960754395
2012-04-02,4.493500232696533
2012-04-03,4.513599872589111
2012-04-04,4.4857001304626465
2012-04-05,4.5131001472473145
2012-04-06,4.514900207519531
2012-04-09,4.525300025939941
2012-04-10,4.536200046539307
2012-04-11,4.51230001449585
2012-04-12,4.494200229644775
2012-04-13,4.509799957275391
2012-04-16,4.468100070953369
2012-04-17,4.543399810791016
2012-04-18,4.532700061798096
2012-04-19,4.534999847412109
2012-04-20,4.565100193023682
2012-04-23,4.572500228881836
2012-04-24,4.593500137329102
2012-04-25,4.618299961090088
2012-04-26,4.611800193786621
2012-04-27,4.620699882507324
2012-04-30,4.6427001953125
2012-05-01,4.659599781036377
2012-05-02,4.643700122833252
2012-05-03,4.679500102996826
2012-05-04,4.716400146484375
2012-05-07,4.717100143432617
2012-05-08,4.641499996185303
2012-05-09,4.6620001792907715
2012-05-10,4.697500228881836
2012-05-11,4.6545000076293945
2012-05-14,4.662899971008301
2012-05-15,4.671599864959717
2012-05-16,4.64739990234375
2012-05-17,4.666299819946289
2012-05-18,4.666800022125244
2012-05-21,4.652100086212158
2012-05-22,4.710700035095215
2012-05-23,4.742099761962891
2012-05-24,4.735899925231934
2012-05-25,4.7221999168396
2012-05-28,4.647500038146973
2012-05-29,4.666600227355957
2012-05-30,4.727700233459473
2012-05-31,4.756899833679199
2012-06-01,4.746500015258789
2012-06-04,4.696899890899658
2012-06-05,4.712699890136719
2012-06-06,4.716100215911865
2012-06-07,4.7083001136779785
2012-06-08,4.711400032043457
2012-06-11,4.738100051879883
2012-06-12,4.745999813079834
2012-06-13,4.7667999267578125
2012-06-14,4.7683000564575195
2012-06-15,4.786499977111816
2012-06-18,4.76639986038208
2012-06-19,4.82420015335083
2012-06-20,4.8460001945495605
2012-06-21,4.8649001121521
2012-06-22,4.872200012207031
2012-06-25,4.9293999671936035
2012-06-26,4.899899959564209
2012-06-27,4.9156999588012695
2012-06-28,4.917399883270264
2012-06-29,4.898600101470947
2012-07-02,4.8780999183654785
2012-07-03,4.841400146484375
2012-07-04,4.7906999588012695
2012-07-05,4.783699989318848
2012-07-06,4.840400218963623
2012-07-09,4.822800159454346
2012-07-10,4.879000186920166
2012-07-11,4.853000164031982
2012-07-12,4.868599891662598
2012-07-13,4.839099884033203
2012-07-16,4.818999767303467
2012-07-17,4.796500205993652
2012-07-18,4.8043999671936035
2012-07-19,4.836299896240234
2012-07-20,4.835400104522705
2012-07-23,4.840799808502197
2012-07-24,4.860000133514404
2012-07-25,4.876299858093262
2012-07-26,4.88100004196167
2012-07-27,4.8354997634887695
2012-07-30,4.855299949645996
2012-07-31,4.866499900817871
2012-08-01,4.916800022125244
2012-08-02,4.91540002822876
2012-08-03,4.927000045776367
2012-08-06,4.953199863433838
2012-08-07,4.91510009765625
2012-08-08,4.871699810028076
2012-08-09,4.897500038146973
2012-08-10,4.897600173950195
2012-08-13,4.8892998695373535
2012-08-14,4.895999908447266
2012-08-15,4.918099880218506
2012-08-16,4.9156999588012695
2012-08-17,4.901700019836426
2012-08-20,4.907199859619141
2012-08-21,4.881400108337402
2012-08-22,4.889200210571289
2012-08-23,4.916600227355957
2012-08-24,4.877299785614014
2012-08-27,4.886899948120117
2012-08-28,4.900300025939941
2012-08-29,4.898799896240234
2012-08-30,4.894999980926514
2012-08-31,4.896699905395508
2012-09-03,4.897600173950195
2012-09-04,4.901599884033203
2012-09-05,4.904200077056885
2012-09-06,4.9141998291015625
2012-09-07,4.903299808502197
2012-09-10,4.947000026702881
2012-09-11,4.904900074005127
2012-09-12,4.89870023727417
2012-09-13,4.8933000564575195
2012-09-14,4.9039998054504395
2012-09-17,4.860799789428711
2012-09-18,4.831500053405762
2012-09-19,4.822199821472168
2012-09-20,4.836100101470947
2012-09-21,4.844399929046631
2012-09-24,4.764599800109863
2012-09-25,4.765999794006348
2012-09-26,4.766200065612793
2012-09-27,4.774600028991699
2012-09-28,4.742599964141846
2012-10-01,4.668700218200684
2012-10-02,4.704999923706055
2012-10-03,4.702099800109863
2012-10-04,4.678400039672852
2012-10-05,4.645400047302246
2012-10-08,4.621200084686279
2012-10-09,4.730899810791016
2012-10-10,4.737500190734863
2012-10-11,4.756899833679199
2012-10-12,4.726200103759766
2012-10-15,4.751699924468994
2012-10-16,4.7683000564575195
2012-10-17,4.771599769592285
2012-10-18,4.7804999351501465
2012-10-19,4.828000068664551
2012-10-22,4.8703999519348145
2012-10-23,4.83620023727417
2012-10-24,4.862299919128418
2012-10-25,4.861599922180176
2012-10-26,4.870800018310547
2012-10-29,4.90500020980835
2012-10-30,4.919899940490723
2012-10-31,4.938499927520752
2012-11-01,4.936399936676025
2012-11-02,4.913000106811523
2012-11-05,4.929999828338623
2012-11-06,4.998199939727783
2012-11-07,4.991199970245361
2012-11-08,4.980500221252441
2012-11-09,4.984499931335449
2012-11-12,4.981800079345703
2012-11-13,5.028800010681152
2012-11-14,5.0304999351501465
2012-11-15,5.038300037384033
2012-11-16,5.019000053405762
2012-11-19,5.049799919128418
2012-11-20,5.062300205230713
2012-11-21,5.082499980926514
2012-11-22,5.086900234222412
2012-11-23,5.081399917602539
2012-11-26,5.1321001052856445
2012-11-27,5.118500232696533
2012-11-28,5.096399784088135
2012-11-29,5.126100063323975
2012-11-30,5.05709981918335
2012-12-03,5.0329999923706055
2012-12-04,5.05049991607666
2012-12-05,5.039700031280518
2012-12-06,5.031499862670898
2012-12-07,4.9899001121521
2012-12-10,5.021299839019775
2012-12-11,5.051000118255615
2012-12-12,5.040500164031982
2012-12-13,5.054200172424316
2012-12-14,5.064499855041504
2012-12-17,4.975800037384033
2012-12-18,5.109600067138672
2012-12-19,5.106900215148926
2012-12-20,5.081600189208984
2012-12-21,5.098899841308594
2012-12-24,5.006800174713135
2012-12-25,5.114999771118164
2012-12-26,5.119999885559082
2012-12-27,5.103700160980225
2012-12-28,5.116799831390381
2012-12-31,5.153200149536133
2013-01-01,5.16540002822876
2013-01-02,5.1356000900268555
2013-01-03,5.105299949645996
2013-01-04,5.122099876403809
2013-01-07,5.197299957275391
2013-01-08,5.187900066375732
2013-01-09,5.162899971008301
2013-01-10,5.156799793243408
2013-01-11,5.147200107574463
2013-01-14,5.2357001304626465
2013-01-15,5.153299808502197
2013-01-16,5.159599781036377
2013-01-17,5.1595001220703125
2013-01-18,5.13129997253418
2013-01-21,5.016600131988525
2013-01-22,5.04580020904541
2013-01-23,5.0524001121521
2013-01-24,5.0229997634887695
2013-01-25,5.014200210571289
2013-01-28,5.001699924468994
2013-01-29,4.9309000968933105
2013-01-30,4.953100204467773
2013-01-31,4.901100158691406
2013-02-01,4.8846001625061035
2013-02-04,4.871300220489502
2013-02-05,4.884500026702881
2013-02-06,4.884200096130371
2013-02-07,4.873499870300293
2013-02-08,4.8755998611450195
2013-02-11,4.867700099945068
2013-02-12,4.918499946594238
2013-02-13,4.9197998046875
2013-02-14,4.946599960327148
2013-02-15,4.963200092315674
2013-02-18,5.059700012207031
2013-02-19,4.993500232696533
2013-02-20,5.008600234985352
2013-02-21,4.998000144958496
2013-02-22,5.00570011138916
2013-02-25,5.008900165557861
2013-02-26,4.95419979095459
2013-02-27,4.956200122833252
2013-02-28,4.958399772644043
2013-03-01,5.008800029754639
2013-03-04,4.991499900817871
2013-03-05,5.023200035095215
2013-03-06,5.049200057983398
2013-03-07,5.039400100708008
2013-03-08,5.010799884796143
2013-03-11,4.945899963378906
2013-03-12,4.96750020980835
2013-03-13,4.936600208282471
2013-03-14,4.942299842834473
2013-03-15,4.901599884033203
2013-03-18,4.864299774169922
2013-03-19,4.846199989318848
2013-03-20,4.878399848937988
2013-03-21,4.862800121307373
2013-03-22,4.857100009918213
2013-03-25,4.870800018310547
2013-03-26,4.8694000244140625
2013-03-27,4.902599811553955
2013-03-28,4.887800216674805
2013-03-29,4.874499797821045
2013-04-01,4.873799800872803
2013-04-02,4.887499809265137
2013-04-03,4.861800193786621
2013-04-04,4.863800048828125
2013-04-05,4.873899936676025
2013-04-08,4.7916998863220215
2013-04-09,4.770400047302246
2013-04-10,4.784900188446045
2013-04-11,4.79580020904541
2013-04-12,4.800000190734863
2013-04-15,4.7631001472473145
2013-04-16,4.866300106048584
2013-04-17,4.856400012969971
2013-04-18,4.830399990081787
2013-04-19,4.797599792480469
2013-04-22,4.798900127410889
2013-04-23,4.829400062561035
2013-04-24,4.851799964904785
2013-04-25,4.854599952697754
2013-04-26,4.871500015258789
2013-04-29,4.894000053405762
2013-04-30,4.906199932098389
2013-05-01,4.8780999183654785
2013-05-02,4.870299816131592
2013-05-03,4.875100135803223
2013-05-06,4.904900074005127
2013-05-07,4.9421000480651855
2013-05-08,4.959199905395508
2013-05-09,5.01800012588501
2013-05-10,4.962100028991699
2013-05-13,4.955399990081787
2013-05-14,4.9197998046875
2013-05-15,4.931300163269043
2013-05-16,4.908100128173828
2013-05-17,4.895699977874756
2013-05-20,4.909299850463867
2013-05-21,4.926000118255615
2013-05-22,4.979700088500977
2013-05-23,4.9893999099731445
2013-05-24,4.930099964141846
2013-05-27,4.943900108337402
2013-05-28,4.944799900054932
2013-05-29,4.968200206756592
2013-05-30,4.966899871826172
2013-05-31,4.989200115203857
2013-06-03,4.926700115203857
2013-06-04,5.055200099945068
2013-06-05,5.018799781799316
2013-06-06,5.065000057220459
2013-06-07,5.073200225830078
2013-06-10,5.039299964904785
2013-06-11,5.039299964904785
2013-06-12,5.144199848175049
2013-06-13,5.1209001541137695
2013-06-14,5.1269001960754395
2013-06-17,5.098700046539307
2013-06-18,5.145899772644043
2013-06-19,5.180699825286865
2013-06-20,5.18779993057251
2013-06-21,5.193600177764893
2013-06-24,5.125
2013-06-25,5.143400192260742
2013-06-26,5.166600227355957
2013-06-27,5.246699810028076
2013-06-28,5.236700057983398
2013-07-01,5.197500228881836
2013-07-02,5.225100040435791
2013-07-03,5.242099761962891
2013-07-04,5.271100044250488
2013-07-05,5.27370023727417
2013-07-08,5.271999835968018
2013-07-09,5.2789998054504395
2013-07-10,5.256999969482422
2013-07-11,5.269899845123291
2013-07-12,5.3155999183654785
2013-07-15,5.326600074768066
2013-07-16,5.326099872589111
2013-07-17,5.313300132751465
2013-07-18,5.304999828338623
2013-07-19,5.30620002746582
2013-07-22,5.289100170135498
2013-07-23,5.333199977874756
2013-07-24,5.343200206756592
2013-07-25,5.292799949645996
2013-07-26,5.2758002281188965
2013-07-29,5.325099945068359
2013-07-30,5.33489990234375
2013-07-31,5.44189977645874
2013-08-01,5.410600185394287
2013-08-02,5.3744001388549805
2013-08-05,5.434500217437744
2013-08-06,5.46019983291626
2013-08-07,5.450500011444092
2013-08-08,5.482900142669678
2013-08-09,5.452600002288818
2013-08-12,5.3541998863220215
2013-08-13,5.507500171661377
2013-08-14,5.464399814605713
2013-08-15,5.486400127410889
2013-08-16,5.485899925231934
2013-08-19,5.610799789428711
2013-08-20,5.639100074768066
2013-08-21,5.653500080108643
2013-08-22,5.724999904632568
2013-08-23,5.731299877166748
2013-08-26,5.751800060272217
2013-08-27,5.770999908447266
2013-08-28,5.928199768066406
2013-08-29,6.165200233459473
2013-08-30,5.975299835205078
2013-09-02,5.9928998947143555
2013-09-03,6.001800060272217
2013-09-04,6.150400161743164
2013-09-05,6.1230998039245605
2013-09-06,6.007599830627441
2013-09-09,5.9664998054504395
2013-09-10,5.997200012207031
2013-09-11,5.872399806976318
2013-09-12,5.815000057220459
2013-09-13,5.85099983215332
2013-09-16,5.852499961853027
2013-09-17,5.8024001121521
2013-09-18,5.848700046539307
2013-09-19,5.8516998291015625
2013-09-20,5.759799957275391
2013-09-23,5.830699920654297
2013-09-24,5.822800159454346
2013-09-25,5.835999965667725
2013-09-26,5.7932000160217285
2013-09-27,5.764500141143799
2013-09-30,5.841700077056885
2013-10-01,5.824100017547607
2013-10-02,5.831099987030029
2013-10-03,5.808499813079834
2013-10-04,5.754499912261963
2013-10-07,5.734899997711182
2013-10-08,5.761000156402588
2013-10-09,5.756800174713135
2013-10-10,5.744999885559082
2013-10-11,5.748199939727783
2013-10-14,5.698400020599365
2013-10-15,5.73960018157959
2013-10-16,5.803100109100342
2013-10-17,5.780399799346924
2013-10-18,5.747099876403809
2013-10-21,5.766200065612793
2013-10-22,5.792300224304199
2013-10-23,5.822299957275391
2013-10-24,5.813700199127197
2013-10-25,5.783100128173828
2013-10-28,5.783999919891357
2013-10-29,5.789899826049805
2013-10-30,5.763400077819824
2013-10-31,5.775000095367432
2013-11-01,5.788899898529053
2013-11-04,5.85860013961792
2013-11-05,5.804999828338623
2013-11-06,5.799900054931641
2013-11-07,5.880000114440918
2013-11-08,5.863500118255615
2013-11-11,5.923799991607666
2013-11-12,5.892099857330322
2013-11-13,5.93209981918335
2013-11-14,5.907700061798096
2013-11-15,5.901299953460693
2013-11-18,5.93310022354126
2013-11-19,5.9105000495910645
2013-11-20,5.905200004577637
2013-11-21,5.915200233459473
2013-11-22,5.920499801635742
2013-11-25,5.861700057983398
2013-11-26,5.890900135040283
2013-11-27,5.888999938964844
2013-11-28,5.894000053405762
2013-11-29,5.876699924468994
2013-12-02,5.901700019836426
2013-12-03,5.882999897003174
2013-12-04,5.870999813079834
2013-12-05,5.8394999504089355
2013-12-06,5.829100131988525
2013-12-09,5.785699844360352
2013-12-10,5.802199840545654
2013-12-11,5.798799991607666
2013-12-12,5.816100120544434
2013-12-13,5.8744001388549805
2013-12-16,5.90339994430542
2013-12-17,5.85860013961792
2013-12-18,5.896100044250488
2013-12-19,5.896100044250488
2013-12-20,5.8592000007629395
2013-12-23,5.839300155639648
2013-12-24,5.838200092315674
2013-12-25,5.819799900054932
2013-12-26,5.8256001472473145
2013-12-27,5.8404998779296875
2013-12-30,5.849400043487549
2013-12-31,5.860899925231934
2014-01-01,5.849899768829346
2014-01-02,5.866099834442139
2014-01-03,5.921599864959717
2014-01-06,5.89739990234375
2014-01-07,5.8470001220703125
2014-01-08,5.819699764251709
2014-01-09,5.827499866485596
2014-01-10,5.83620023727417
2014-01-13,5.788099765777588
2014-01-14,5.81220006942749
2014-01-15,5.798799991607666
2014-01-16,5.781599998474121
2014-01-17,5.780399799346924
2014-01-20,5.785799980163574
2014-01-21,5.788400173187256
2014-01-22,5.803599834442139
2014-01-23,5.7845001220703125
2014-01-24,5.76200008392334
2014-01-27,5.812099933624268
2014-01-28,5.817999839782715
2014-01-29,5.790299892425537
2014-01-30,5.831900119781494
2014-01-31,5.785200119018555
2014-02-03,5.779200077056885
2014-02-04,5.76200008392334
2014-02-05,5.762800216674805
2014-02-06,5.801799774169922
2014-02-07,5.776800155639648
2014-02-10,5.769700050354004
2014-02-11,5.815199851989746
2014-02-12,5.805099964141846
2014-02-13,5.839300155639648
2014-02-14,5.848700046539307
2014-02-17,5.815499782562256
2014-02-18,5.826700210571289
2014-02-19,5.830100059509277
2014-02-20,5.831299781799316
2014-02-21,5.799600124359131
2014-02-24,5.778200149536133
2014-02-25,5.771900177001953
2014-02-26,5.764599800109863
2014-02-27,5.8084001541137695
2014-02-28,5.789599895477295
2014-03-03,5.788899898529053
2014-03-04,5.792600154876709
2014-03-05,5.773399829864502
2014-03-06,5.759099960327148
2014-03-07,5.734899997711182
2014-03-10,5.748700141906738
2014-03-11,5.6975998878479
2014-03-12,5.714000225067139
2014-03-13,5.7118000984191895
2014-03-14,5.717599868774414
2014-03-17,5.691100120544434
2014-03-18,5.714700222015381
2014-03-19,5.709000110626221
2014-03-20,5.689599990844727
2014-03-21,5.689899921417236
2014-03-24,5.648799896240234
2014-03-25,5.633699893951416
2014-03-26,5.597700119018555
2014-03-27,5.587800025939941
2014-03-28,5.614799976348877
2014-03-31,5.59060001373291
2014-04-01,5.630300045013428
2014-04-02,5.646699905395508
2014-04-03,5.6585001945495605
2014-04-04,5.682000160217285
2014-04-07,5.659599781036377
2014-04-08,5.688499927520752
2014-04-09,5.704599857330322
2014-04-10,5.7692999839782715
2014-04-11,5.769000053405762
2014-04-14,5.810800075531006
2014-04-15,5.79010009765625
2014-04-16,5.778900146484375
2014-04-17,5.8084001541137695
2014-04-18,5.8043999671936035
2014-04-21,5.7906999588012695
2014-04-22,5.8140997886657715
2014-04-23,5.848400115966797
2014-04-24,5.8703999519348145
2014-04-25,5.8709001541137695
2014-04-28,5.826399803161621
2014-04-29,5.853499889373779
2014-04-30,5.859499931335449
2014-05-01,5.817599773406982
2014-05-02,5.825900077819824
2014-05-05,5.826499938964844
2014-05-06,5.8420000076293945
2014-05-07,5.81790018081665
2014-05-08,5.864500045776367
2014-05-09,5.851399898529053
2014-05-12,5.842599868774414
2014-05-13,5.855800151824951
2014-05-14,5.810400009155273
2014-05-15,5.781799793243408
2014-05-16,5.795899868011475
2014-05-19,5.729599952697754
2014-05-20,5.704999923706055
2014-05-21,5.708899974822998
2014-05-22,5.707699775695801
2014-05-23,5.681099891662598
2014-05-26,5.697999954223633
2014-05-27,5.726500034332275
2014-05-28,5.760200023651123
2014-05-29,5.756999969482422
2014-05-30,5.766300201416016
2014-06-02,5.79449987411499
2014-06-03,5.774899959564209
2014-06-04,5.792200088500977
2014-06-05,5.786600112915039
2014-06-06,5.797500133514404
2014-06-09,5.795400142669678
2014-06-10,5.818299770355225
2014-06-11,5.815800189971924
2014-06-12,5.836599826812744
2014-06-13,5.821800231933594
2014-06-16,5.860899925231934
2014-06-17,5.886600017547607
2014-06-18,5.898200035095215
2014-06-19,5.888000011444092
2014-06-20,5.892099857330322
2014-06-23,5.887400150299072
2014-06-24,5.897200107574463
2014-06-25,5.898099899291992
2014-06-26,5.885200023651123
2014-06-27,5.916299819946289
2014-06-30,5.9156999588012695
2014-07-01,5.928400039672852
2014-07-02,5.932400226593018
2014-07-03,5.904699802398682
2014-07-04,5.913000106811523
2014-07-07,5.911399841308594
2014-07-08,5.9207000732421875
2014-07-09,5.899799823760986
2014-07-10,5.904399871826172
2014-07-11,5.934599876403809
2014-07-14,5.894899845123291
2014-07-15,5.8927998542785645
2014-07-16,5.848700046539307
2014-07-17,5.819200038909912
2014-07-18,5.842199802398682
2014-07-21,5.857399940490723
2014-07-22,5.859600067138672
2014-07-23,5.860099792480469
2014-07-24,5.8557000160217285
2014-07-25,5.834700107574463
2014-07-28,5.853799819946289
2014-07-29,5.851500034332275
2014-07-30,5.860199928283691
2014-07-31,5.855599880218506
2014-08-01,5.911799907684326
2014-08-04,5.89709997177124
2014-08-05,5.892000198364258
2014-08-06,5.912300109863281
2014-08-07,5.941500186920166
2014-08-08,5.8993000984191895
2014-08-11,5.896900177001953
2014-08-12,5.93120002746582
2014-08-13,5.940100193023682
2014-08-14,5.924300193786621
2014-08-15,5.943999767303467
2014-08-18,5.947299957275391
2014-08-19,5.96589994430542
2014-08-20,5.954800128936768
2014-08-21,5.920400142669678
2014-08-22,5.920300006866455
2014-08-25,5.920100212097168
2014-08-26,5.932000160217285
2014-08-27,5.937900066375732
2014-08-28,5.953999996185303
2014-08-29,5.953100204467773
2014-09-01,5.966599941253662
2014-09-02,5.970200061798096
2014-09-03,5.9517998695373535
2014-09-04,5.923799991607666
2014-09-05,5.917500019073486
2014-09-08,5.894100189208984
2014-09-09,5.877600193023682
2014-09-10,5.850900173187256
2014-09-11,5.882500171661377
2014-09-12,5.874599933624268
2014-09-15,5.791900157928467
2014-09-16,5.878200054168701
2014-09-17,5.887700080871582
2014-09-18,5.8805999755859375
2014-09-19,5.81279993057251
2014-09-22,5.8119001388549805
2014-09-23,5.848400115966797
2014-09-24,5.865200042724609
2014-09-25,5.855100154876709
2014-09-26,5.869999885559082
2014-09-29,5.829999923706055
2014-09-30,5.8379998207092285
2014-10-01,5.864500045776367
2014-10-02,5.80049991607666
2014-10-03,5.792300224304199
2014-10-06,5.798999786376953
2014-10-07,5.750800132751465
2014-10-08,5.724299907684326
2014-10-09,5.661600112915039
2014-10-10,5.734000205993652
2014-10-13,5.691699981689453
2014-10-14,5.713500022888184
2014-10-15,5.757400035858154
2014-10-16,5.780099868774414
2014-10-17,5.811299800872803
2014-10-20,5.7657999992370605
2014-10-21,5.7932000160217285
2014-10-22,5.788899898529053
2014-10-23,5.803400039672852
2014-10-24,5.767600059509277
2014-10-27,5.784900188446045
2014-10-28,5.8256001472473145
2014-10-29,5.830699920654297
2014-10-30,5.80810022354126
2014-10-31,5.817999839782715
2014-11-03,5.668600082397461
2014-11-04,5.667099952697754
2014-11-05,5.678699970245361
2014-11-06,5.631999969482422
2014-11-07,5.6305999755859375
2014-11-10,5.559899806976318
2014-11-11,5.642499923706055
2014-11-12,5.604300022125244
2014-11-13,5.601399898529053
2014-11-14,5.611400127410889
2014-11-17,5.607100009918213
2014-11-18,5.60830020904541
2014-11-19,5.5980000495910645
2014-11-20,5.552599906921387
2014-11-21,5.558000087738037
2014-11-24,5.558000087738037
2014-11-25,5.5432000160217285
2014-11-26,5.571800231933594
2014-11-27,5.593100070953369
2014-11-28,5.616300106048584
2014-12-01,5.523200035095215
2014-12-02,5.576700210571289
2014-12-03,5.5335001945495605
2014-12-04,5.5381999015808105
2014-12-05,5.55019998550415
2014-12-08,5.520100116729736
2014-12-09,5.550300121307373
2014-12-10,5.600299835205078
2014-12-11,5.623600006103516
2014-12-12,5.66379976272583
2014-12-15,5.661300182342529
2014-12-16,5.742300033569336
2014-12-17,5.8846001625061035
2014-12-18,5.768099784851074
2014-12-19,5.72629976272583
2014-12-22,5.749000072479248
2014-12-23,5.740499973297119
2014-12-24,5.722300052642822
2014-12-25,5.740699768066406
2014-12-26,5.763299942016602
2014-12-29,5.7571001052856445
2014-12-30,5.782800197601318
2014-12-31,5.774499893188477
2015-01-01,5.756400108337402
2015-01-02,5.763700008392334
2015-01-05,5.715799808502197
2015-01-06,5.701300144195557
2015-01-07,5.780600070953369
2015-01-08,5.751699924468994
2015-01-09,5.714900016784668
2015-01-12,5.743599891662598
2015-01-13,5.72760009765625
2015-01-14,5.740499973297119
2015-01-15,5.726099967956543
2015-01-16,5.757800102233887
2015-01-19,5.730400085449219
2015-01-20,5.69980001449585
2015-01-21,5.660600185394287
2015-01-22,5.677000045776367
2015-01-23,5.665900230407715
2015-01-26,5.6946001052856445
2015-01-27,5.682300090789795
2015-01-28,5.690700054168701
2015-01-29,5.644800186157227
2015-01-30,5.6092000007629395
2015-02-02,5.624499797821045
2015-02-03,5.608799934387207
2015-02-04,5.633800029754639
2015-02-05,5.680500030517578
2015-02-06,5.678699970245361
2015-02-09,5.64300012588501
2015-02-10,5.666999816894531
2015-02-11,5.673099994659424
2015-02-12,5.629700183868408
2015-02-13,5.633200168609619
2015-02-16,5.651299953460693
2015-02-17,5.639999866485596
2015-02-18,5.596700191497803
2015-02-19,5.591700077056885
2015-02-20,5.585700035095215
2015-02-23,5.586699962615967
2015-02-24,5.600100040435791
2015-02-25,5.5945000648498535
2015-02-26,5.616099834442139
2015-02-27,5.595600128173828
2015-03-02,5.593200206756592
2015-03-03,5.6082000732421875
2015-03-04,5.627399921417236
2015-03-05,5.650599956512451
2015-03-06,5.6620001792907715
2015-03-09,5.613900184631348
2015-03-10,5.612199783325195
2015-03-11,5.558199882507324
2015-03-12,5.544600009918213
2015-03-13,5.551400184631348
2015-03-16,5.542500019073486
2015-03-17,5.543399810791016
2015-03-18,5.541399955749512
2015-03-19,5.633600234985352
2015-03-20,5.5655999183654785
2015-03-23,5.604100227355957
2015-03-24,5.623199939727783
2015-03-25,5.637400150299072
2015-03-26,5.667099952697754
2015-03-27,5.680099964141846
2015-03-30,5.662399768829346
2015-03-31,5.638199806213379
2015-04-01,5.613900184631348
2015-04-02,5.652299880981445
2015-04-03,5.68149995803833
2015-04-06,5.735400199890137
2015-04-07,5.712299823760986
2015-04-08,5.688000202178955
2015-04-09,5.687300205230713
2015-04-10,5.684100151062012
2015-04-13,5.692699909210205
2015-04-14,5.692699909210205
2015-04-15,5.692699909210205
2015-04-16,5.692699909210205
2015-04-17,5.692699909210205
2015-04-20,5.692699909210205
2015-04-21,5.692699909210205
2015-04-22,5.692699909210205
2015-04-27,5.65939998626709
2015-04-28,5.9019999504089355
2015-04-29,5.919400215148926
2015-04-30,5.923799991607666
2015-05-01,5.897799968719482
2015-05-04,5.897799968719482
2015-05-05,5.884200096130371
2015-05-06,5.856599807739258
2015-05-07,5.8907999992370605
2015-05-08,5.8582000732421875
2015-05-11,5.856200218200684
2015-05-12,5.830900192260742
2015-05-13,5.867300033569336
2015-05-14,5.8572998046875
2015-05-15,5.815999984741211
2015-05-18,5.85260009765625
2015-05-19,5.845399856567383
2015-05-20,5.822500228881836
2015-05-21,5.797699928283691
2015-05-22,5.818699836730957
2015-05-25,5.788300037384033
2015-05-26,5.790999889373779
2015-05-27,5.774700164794922
2015-05-28,5.757400035858154
2015-05-29,5.755199909210205
2015-06-01,5.724299907684326
2015-06-02,5.700799942016602
2015-06-03,5.7428998947143555
2015-06-04,5.783100128173828
2015-06-05,5.746699810028076
2015-06-08,5.671299934387207
2015-06-09,5.716700077056885
2015-06-10,5.712200164794922
2015-06-11,5.743899822235107
2015-06-12,5.753200054168701
2015-06-15,5.761899948120117
2015-06-16,5.736700057983398
2015-06-17,5.736800193786621
2015-06-18,5.747399806976318
2015-06-19,5.758399963378906
2015-06-22,5.755199909210205
2015-06-23,5.7692999839782715
2015-06-24,5.7505998611450195
2015-06-25,5.7266998291015625
2015-06-26,5.711699962615967
2015-06-29,5.650000095367432
2015-06-30,5.688499927520752
2015-07-01,5.679900169372559
2015-07-02,5.652200222015381
2015-07-03,5.643199920654297
2015-07-06,5.646200180053711
2015-07-07,5.626299858093262
2015-07-08,5.59660005569458
2015-07-09,5.593100070953369
2015-07-10,5.592400074005127
2015-07-13,5.601200103759766
2015-07-14,5.586999893188477
2015-07-15,5.538400173187256
2015-07-16,5.538700103759766
2015-07-17,5.533899784088135
2015-07-20,5.519800186157227
2015-07-21,5.501299858093262
2015-07-22,5.53439998626709
2015-07-23,5.5
2015-07-24,5.4934000968933105
2015-07-27,5.477700233459473
2015-07-28,5.502600193023682
2015-07-29,5.496200084686279
2015-07-30,5.497300148010254
2015-07-31,5.467199802398682
2015-08-03,5.484099864959717
2015-08-04,5.477399826049805
2015-08-05,5.458700180053711
2015-08-06,5.42579984664917
2015-08-07,5.47760009765625
2015-08-10,5.47160005569458
2015-08-11,5.507800102233887
2015-08-12,5.454699993133545
2015-08-13,5.514800071716309
2015-08-14,5.53849983215332
2015-08-17,5.522600173950195
2015-08-18,5.530200004577637
2015-08-19,5.51609992980957
2015-08-20,5.4980998039245605
2015-08-21,5.526299953460693
2015-08-24,5.522600173950195
2015-08-25,5.606599807739258
2015-08-26,5.564599990844727
2015-08-27,5.583000183105469
2015-08-28,5.626500129699707
2015-08-31,5.6072001457214355
2015-09-01,5.60890007019043
2015-09-02,5.632500171661377
2015-09-03,5.592700004577637
2015-09-04,5.5543999671936035
2015-09-07,5.549499988555908
2015-09-08,5.552199840545654
2015-09-09,5.557000160217285
2015-09-10,5.585400104522705
2015-09-11,5.607900142669678
2015-09-14,5.600900173187256
2015-09-15,5.60699987411499
2015-09-16,5.635300159454346
2015-09-17,5.6519999504089355
2015-09-18,5.666500091552734
2015-09-21,5.614200115203857
2015-09-22,5.5782999992370605
2015-09-23,5.561200141906738
2015-09-24,5.539299964904785
2015-09-25,5.560400009155273
2015-09-28,5.544400215148926
2015-09-29,5.540999889373779
2015-09-30,5.511000156402588
2015-10-01,5.5258002281188965
2015-10-02,5.565100193023682
2015-10-05,5.571400165557861
2015-10-06,5.606500148773193
2015-10-07,5.6128997802734375
2015-10-08,5.6041998863220215
2015-10-09,5.637499809265137
2015-10-12,5.642099857330322
2015-10-13,5.6616997718811035
2015-10-14,5.659200191497803
2015-10-15,5.69980001449585
2015-10-16,5.768599987030029
2015-10-19,5.7164998054504395
2015-10-20,5.735799789428711
2015-10-21,5.744200229644775
2015-10-22,5.7154998779296875
2015-10-23,5.753200054168701
2015-10-26,5.711699962615967
2015-10-27,5.739699840545654
2015-10-28,5.72760009765625
2015-10-29,5.6691999435424805
2015-10-30,5.731400012969971
2015-11-02,5.7322998046875
2015-11-03,5.756199836730957
2015-11-04,5.80019998550415
2015-11-05,5.777599811553955
2015-11-06,5.7855000495910645
2015-11-09,5.736800193786621
2015-11-10,5.734399795532227
2015-11-11,5.710899829864502
2015-11-12,5.7164998054504395
2015-11-13,5.697400093078613
2015-11-16,5.643700122833252
2015-11-17,5.636600017547607
2015-11-18,5.6417999267578125
2015-11-19,5.664599895477295
2015-11-20,5.718200206756592
2015-11-23,5.7204999923706055
2015-11-24,5.726099967956543
2015-11-25,5.780300140380859
2015-11-26,5.797299861907959
2015-11-27,5.793399810791016
2015-11-30,5.7829999923706055
2015-12-01,5.7322998046875
2015-12-02,5.74970006942749
2015-12-03,5.724100112915039
2015-12-04,5.787499904632568
2015-12-07,5.726500034332275
2015-12-08,5.675600051879883
2015-12-09,5.660999774932861
2015-12-10,5.660399913787842
2015-12-11,5.6631999015808105
2015-12-14,5.653600215911865
2015-12-15,5.656899929046631
2015-12-16,5.695099830627441
2015-12-17,5.667699813842773
2015-12-18,5.608099937438965
2015-12-21,5.602700233459473
2015-12-22,5.63700008392334
2015-12-23,5.656400203704834
2015-12-24,5.634200096130371
2015-12-25,5.636499881744385
2015-12-28,5.636499881744385
2015-12-29,5.662899971008301
2015-12-30,5.656199932098389
2015-12-31,5.644000053405762
2016-01-01,5.6280999183654785
2016-01-04,5.6280999183654785
2016-01-05,5.599699974060059
2016-01-06,5.586900234222412
2016-01-07,5.5569000244140625
2016-01-08,5.588900089263916
2016-01-11,5.533400058746338
2016-01-12,5.544300079345703
2016-01-13,5.528299808502197
2016-01-14,5.521299839019775
2016-01-15,5.56879997253418
2016-01-18,5.578400135040283
2016-01-19,5.592100143432617
2016-01-20,5.611000061035156
2016-01-21,5.619100093841553
2016-01-22,5.630199909210205
2016-01-25,5.639800071716309
2016-01-26,5.648099899291992
2016-01-27,5.653200149536133
2016-01-28,5.642199993133545
2016-01-29,5.638599872589111
2016-02-01,5.6178998947143555
2016-02-02,5.642899990081787
2016-02-03,5.602499961853027
2016-02-04,5.652599811553955
2016-02-05,5.664100170135498
2016-02-08,5.6203999519348145
2016-02-09,5.651000022888184
2016-02-10,5.664700031280518
2016-02-11,5.70550012588501
2016-02-12,5.708799839019775
2016-02-15,5.64300012588501
2016-02-16,5.616099834442139
2016-02-17,5.625199794769287
2016-02-18,5.575300216674805
2016-02-19,5.577199935913086
2016-02-22,5.554699897766113
2016-02-23,5.6072998046875
2016-02-24,5.568699836730957
2016-02-25,5.543700218200684
2016-02-26,5.573500156402588
2016-02-29,5.528800010681152
2016-03-01,5.509399890899658
2016-03-02,5.520599842071533
2016-03-03,5.49429988861084
2016-03-04,5.539700031280518
2016-03-07,5.584499835968018
2016-03-08,5.583700180053711
2016-03-09,5.565899848937988
2016-03-10,5.548500061035156
2016-03-11,5.581399917602539
2016-03-14,5.632900238037109
2016-03-15,5.65369987487793
2016-03-16,5.641600131988525
2016-03-17,5.673900127410889
2016-03-18,5.768499851226807
2016-03-21,5.700900077819824
2016-03-22,5.729000091552734
2016-03-23,5.771399974822998
2016-03-24,5.727200031280518
2016-03-25,5.72760009765625
2016-03-28,5.72760009765625
2016-03-29,5.72760009765625
2016-03-30,5.730899810791016
2016-03-31,5.810400009155273
2016-04-01,5.796999931335449
2016-04-04,5.781199932098389
2016-04-05,5.747499942779541
2016-04-06,5.727499961853027
2016-04-07,5.759699821472168
2016-04-08,5.765999794006348
2016-04-11,5.778900146484375
2016-04-12,5.802199840545654
2016-04-13,5.806700229644775
2016-04-14,5.80620002746582
2016-04-15,5.776400089263916
2016-04-18,5.8105998039245605
2016-04-19,5.807000160217285
2016-04-20,5.871500015258789
2016-04-21,5.847899913787842
2016-04-22,5.833099842071533
2016-04-25,5.797699928283691
2016-04-26,5.797800064086914
2016-04-27,5.794600009918213
2016-04-28,5.7795000076293945
2016-04-29,5.848400115966797
2016-05-02,5.8007001876831055
2016-05-03,5.834799766540527
2016-05-04,5.780700206756592
2016-05-05,5.70989990234375
2016-05-06,5.70959997177124
2016-05-09,5.695000171661377
2016-05-10,5.678100109100342
2016-05-11,5.691500186920166
2016-05-12,5.7164998054504395
2016-05-13,5.708099842071533
2016-05-16,5.6844000816345215
2016-05-17,5.674799919128418
2016-05-18,5.689300060272217
2016-05-19,5.649199962615967
2016-05-20,5.682499885559082
2016-05-23,5.663599967956543
2016-05-24,5.698800086975098
2016-05-25,5.696700096130371
2016-05-26,5.6996002197265625
2016-05-27,5.674300193786621
2016-05-30,5.650100231170654
2016-05-31,5.592299938201904
2016-06-01,5.650899887084961
2016-06-02,5.655799865722656
2016-06-03,5.672699928283691
2016-06-06,5.757400035858154
2016-06-07,5.759200096130371
2016-06-08,5.772799968719482
2016-06-09,5.772200107574463
2016-06-10,5.762499809265137
2016-06-13,5.714600086212158
2016-06-14,5.732100009918213
2016-06-15,5.725599765777588
2016-06-16,5.739099979400635
2016-06-17,5.744999885559082
2016-06-20,5.729400157928467
2016-06-21,5.780300140380859
2016-06-22,5.860400199890137
2016-06-23,5.853099822998047
2016-06-24,5.8815999031066895
2016-06-27,5.78849983215332
2016-06-28,5.757699966430664
2016-06-29,5.799699783325195
2016-06-30,5.84119987487793
2016-07-01,5.853099822998047
2016-07-04,5.841899871826172
2016-07-05,5.829500198364258
2016-07-06,5.827899932861328
2016-07-07,5.82420015335083
2016-07-08,5.83050012588501
2016-07-11,5.839000225067139
2016-07-12,5.8383002281188965
2016-07-13,5.850399971008301
2016-07-14,5.853799819946289
2016-07-15,5.908299922943115
2016-07-18,5.896100044250488
2016-07-19,5.91510009765625
2016-07-20,5.889100074768066
2016-07-21,5.876399993896484
2016-07-22,5.9008002281188965
2016-07-25,5.910699844360352
2016-07-26,5.894499778747559
2016-07-27,5.920000076293945
2016-07-28,5.929299831390381
2016-07-29,5.9542999267578125
2016-08-01,5.993800163269043
2016-08-02,6.027500152587891
2016-08-03,5.986100196838379
2016-08-04,5.985000133514404
2016-08-05,6.011199951171875
2016-08-08,5.992300033569336
2016-08-09,6.035699844360352
2016-08-10,6.060699939727783
2016-08-11,6.089700222015381
2016-08-12,6.07859992980957
2016-08-15,6.062600135803223
2016-08-16,6.087699890136719
2016-08-17,6.1057000160217285
2016-08-18,6.046599864959717
2016-08-19,6.031700134277344
2016-08-22,6.002299785614014
2016-08-23,5.979800224304199
2016-08-24,5.991799831390381
2016-08-25,5.992199897766113
2016-08-26,6.008800029754639
2016-08-29,5.979000091552734
2016-08-30,5.993800163269043
2016-08-31,5.997200012207031
2016-09-01,6.004300117492676
2016-09-02,5.976500034332275
2016-09-05,5.966100215911865
2016-09-06,6.018499851226807
2016-09-07,6.047399997711182
2016-09-08,6.099400043487549
2016-09-09,6.049799919128418
2016-09-12,6.045400142669678
2016-09-13,6.019199848175049
2016-09-14,5.953100204467773
2016-09-15,5.924600124359131
2016-09-16,5.944300174713135
2016-09-19,5.956600189208984
2016-09-20,5.981100082397461
2016-09-21,5.995200157165527
2016-09-22,6.039700031280518
2016-09-23,6.040200233459473
2016-09-26,6.048500061035156
2016-09-27,6.008800029754639
2016-09-28,6.057700157165527
2016-09-29,6.073999881744385
2016-09-30,6.059800148010254
2016-10-03,6.032400131225586
2016-10-04,6.01140022277832
2016-10-05,5.963900089263916
2016-10-06,5.972700119018555
2016-10-07,5.976099967956543
2016-10-10,5.962399959564209
2016-10-11,6.002500057220459
2016-10-12,5.939300060272217
2016-10-13,5.940400123596191
2016-10-14,5.914700031280518
2016-10-17,5.866799831390381
2016-10-18,5.876399993896484
2016-10-19,5.928899765014648
2016-10-20,5.946000099182129
2016-10-21,5.908699989318848
2016-10-24,5.88700008392334
2016-10-25,5.886499881744385
2016-10-26,5.909599781036377
2016-10-27,5.873600006103516
2016-10-28,5.8302001953125
2016-10-31,5.818999767303467
2016-11-01,5.826399803161621
2016-11-02,5.815999984741211
2016-11-03,5.826099872589111
2016-11-04,5.826900005340576
2016-11-07,5.845799922943115
2016-11-08,5.8454999923706055
2016-11-09,5.866700172424316
2016-11-10,5.746300220489502
2016-11-11,5.764800071716309
2016-11-14,5.796000003814697
2016-11-15,5.798900127410889
2016-11-16,5.8018999099731445
2016-11-17,5.809999942779541
2016-11-18,5.759799957275391
2016-11-21,5.768099784851074
2016-11-22,5.779699802398682
2016-11-23,5.850299835205078
2016-11-24,5.821199893951416
2016-11-25,5.815800189971924
2016-11-28,5.836999893188477
2016-11-29,5.855800151824951
2016-11-30,5.869900226593018
2016-12-01,5.816800117492676
2016-12-02,5.836999893188477
2016-12-05,5.809999942779541
2016-12-06,5.822999954223633
2016-12-07,5.7804999351501465
2016-12-08,5.8206000328063965
2016-12-09,5.795000076293945
2016-12-12,5.761199951171875
2016-12-13,5.776800155639648
2016-12-14,5.786300182342529
2016-12-15,5.746699810028076
2016-12-16,5.723199844360352
2016-12-19,5.7154998779296875
2016-12-20,5.710400104522705
2016-12-21,5.693299770355225
2016-12-22,5.678199768066406
2016-12-23,5.624599933624268
2016-12-26,5.650000095367432
2016-12-27,5.645599842071533
2016-12-28,5.628399848937988
2016-12-29,5.631100177764893
2016-12-30,5.631800174713135
2017-01-02,5.631800174713135
2017-01-03,5.659299850463867
2017-01-04,5.656700134277344
2017-01-05,5.678400039672852
2017-01-06,5.73199987411499
2017-01-09,5.668600082397461
2017-01-10,5.658199787139893
2017-01-11,5.686399936676025
2017-01-12,5.735099792480469
2017-01-13,5.7947001457214355
2017-01-16,5.8003997802734375
2017-01-17,5.755300045013428
2017-01-18,5.848199844360352
2017-01-19,5.790599822998047
2017-01-20,5.795899868011475
2017-01-23,5.797299861907959
2017-01-24,5.848100185394287
2017-01-25,5.83050012588501
2017-01-26,5.848199844360352
2017-01-27,5.816500186920166
2017-01-30,5.778900146484375
2017-01-31,5.7957000732421875
2017-02-01,5.868199825286865
2017-02-02,5.845699787139893
2017-02-03,5.881400108337402
2017-02-06,5.89739990234375
2017-02-07,5.927000045776367
2017-02-08,5.890999794006348
2017-02-09,5.845399856567383
2017-02-10,5.799099922180176
2017-02-13,5.831900119781494
2017-02-14,5.819900035858154
2017-02-15,5.862500190734863
2017-02-16,5.890699863433838
2017-02-17,5.880899906158447
2017-02-20,5.828700065612793
2017-02-21,5.848899841308594
2017-02-22,5.86269998550415
2017-02-23,5.874300003051758
2017-02-24,5.886499881744385
2017-02-27,5.8892998695373535
2017-02-28,5.876399993896484
2017-03-01,5.86269998550415
2017-03-02,5.862400054931641
2017-03-03,5.807600021362305
2017-03-06,5.791399955749512
2017-03-07,5.770599842071533
2017-03-08,5.790599822998047
2017-03-09,5.782400131225586
2017-03-10,5.7469000816345215
2017-03-13,5.795899868011475
2017-03-14,5.760900020599365
2017-03-15,5.723999977111816
2017-03-16,5.815400123596191
2017-03-17,5.7982001304626465
2017-03-20,5.805699825286865
2017-03-21,5.8607001304626465
2017-03-22,5.827899932861328
2017-03-23,5.849899768829346
2017-03-24,5.831600189208984
2017-03-27,5.853600025177002
2017-03-28,5.848800182342529
2017-03-29,5.831600189208984
2017-03-30,5.830999851226807
2017-03-31,5.795199871063232
2017-04-03,5.805099964141846
2017-04-04,5.807000160217285
2017-04-05,5.781700134277344
2017-04-06,5.765399932861328
2017-04-07,5.710000038146973
2017-04-10,5.651700019836426
2017-04-11,5.646399974822998
2017-04-12,5.641600131988525
2017-04-13,5.688199996948242
2017-04-14,5.673399925231934
2017-04-17,5.671899795532227
2017-04-18,5.685800075531006
2017-04-19,5.650899887084961
2017-04-20,5.656400203704834
2017-04-21,5.681300163269043
2017-04-24,5.696599960327148
2017-04-25,5.673900127410889
2017-04-26,5.712500095367432
2017-04-27,5.651500225067139
2017-04-28,5.659299850463867
2017-05-01,5.654300212860107
2017-05-02,5.643599987030029
2017-05-03,5.67609977722168
2017-05-04,5.662700176239014
2017-05-05,5.649099826812744
2017-05-08,5.662300109863281
2017-05-09,5.682400226593018
2017-05-10,5.676199913024902
2017-05-11,5.708199977874756
2017-05-12,5.724800109863281
2017-05-15,5.708199977874756
2017-05-16,5.7256999015808105
2017-05-17,5.725800037384033
2017-05-18,5.719799995422363
2017-05-19,5.743599891662598
2017-05-22,5.765100002288818
2017-05-23,5.780799865722656
2017-05-24,5.764699935913086
2017-05-25,5.785399913787842
2017-05-26,5.7600998878479
2017-05-29,5.760900020599365
2017-05-30,5.7403998374938965
2017-05-31,5.74429988861084
2017-06-01,5.758999824523926
2017-06-02,5.737100124359131
2017-06-05,5.758399963378906
2017-06-06,5.755499839782715
2017-06-07,5.759799957275391
2017-06-08,5.730599880218506
2017-06-09,5.7230000495910645
2017-06-12,5.72189998626709
2017-06-13,5.697700023651123
2017-06-14,5.707699775695801
2017-06-15,5.729599952697754
2017-06-16,5.708499908447266
2017-06-19,5.686800003051758
2017-06-20,5.672900199890137
2017-06-21,5.651400089263916
2017-06-22,5.644199848175049
2017-06-23,5.665599822998047
2017-06-26,5.685400009155273
2017-06-27,5.680500030517578
2017-06-28,5.655300140380859
2017-06-29,5.66540002822876
2017-06-30,5.647500038146973
2017-07-03,5.638500213623047
2017-07-04,5.635799884796143
2017-07-05,5.631100177764893
2017-07-06,5.615300178527832
2017-07-07,5.591400146484375
2017-07-10,5.59499979019165
2017-07-12,5.616000175476074
2017-07-13,5.6554999351501465
2017-07-14,5.6631999015808105
2017-07-17,5.694900035858154
2017-07-18,5.699699878692627
2017-07-19,5.714700222015381
2017-07-20,5.714799880981445
2017-07-21,5.735300064086914
2017-07-24,5.769800186157227
2017-07-25,5.773600101470947
2017-07-26,5.7530999183654785
2017-07-27,5.7820000648498535
2017-07-28,5.748700141906738
2017-07-31,5.6996002197265625
2017-08-01,5.7322001457214355
2017-08-02,5.712299823760986
2017-08-03,5.666800022125244
2017-08-04,5.6458001136779785
2017-08-07,5.643099784851074
2017-08-08,5.666999816894531
2017-08-09,5.652500152587891
2017-08-10,5.607999801635742
2017-08-11,5.60260009765625
2017-08-14,5.608799934387207
2017-08-15,5.629700183868408
2017-08-16,5.656099796295166
2017-08-17,5.6504998207092285
2017-08-18,5.622300148010254
2017-08-21,5.6203999519348145
2017-08-22,5.6331000328063965
2017-08-23,5.6579999923706055
2017-08-24,5.682000160217285
2017-08-25,5.67549991607666
2017-08-28,5.704699993133545
2017-08-29,5.700500011444092
2017-08-30,5.686600208282471
2017-08-31,5.690400123596191
2017-09-01,5.683499813079834
2017-09-04,5.716000080108643
2017-09-05,5.650400161743164
2017-09-06,5.659299850463867
2017-09-07,5.652500152587891
2017-09-08,5.668700218200684
2017-09-11,5.637899875640869
2017-09-12,5.660099983215332
2017-09-13,5.669600009918213
2017-09-14,5.6631999015808105
2017-09-15,5.656599998474121
2017-09-18,5.652599811553955
2017-09-19,5.683300018310547
2017-09-20,5.68310022354126
2017-09-21,5.678199768066406
2017-09-22,5.722799777984619
2017-09-25,5.726799964904785
2017-09-26,5.751200199127197
2017-09-27,5.744100093841553
2017-09-28,5.715799808502197
2017-09-29,5.698400020599365
2017-10-02,5.69920015335083
2017-10-03,5.735300064086914
2017-10-04,5.7256999015808105
2017-10-05,5.686999797821045
2017-10-06,5.7052998542785645
2017-10-09,5.714799880981445
2017-10-10,5.718800067901611
2017-10-11,5.748600006103516
2017-10-12,5.757699966430664
2017-10-13,5.740699768066406
2017-10-16,5.736999988555908
2017-10-17,5.734899997711182
2017-10-18,5.740900039672852
2017-10-19,5.743800163269043
2017-10-20,5.7494001388549805
2017-10-23,5.737299919128418
2017-10-24,5.755199909210205
2017-10-25,5.75629997253418
2017-10-26,5.7505998611450195
2017-10-27,5.719399929046631
2017-10-30,5.7606000900268555
2017-10-31,5.76669979095459
2017-11-01,5.780600070953369
2017-11-02,5.810800075531006
2017-11-03,5.7967000007629395
2017-11-06,5.797900199890137
2017-11-07,5.794400215148926
2017-11-08,5.852399826049805
2017-11-09,5.826200008392334
2017-11-10,5.806700229644775
2017-11-13,5.821300029754639
2017-11-14,5.8403000831604
2017-11-15,5.857500076293945
2017-11-17,5.942200183868408
2017-11-20,5.935200214385986
2017-11-21,5.927499771118164
2017-11-22,5.929200172424316
2017-11-23,5.962800025939941
2017-11-24,5.959799766540527
2017-11-27,5.943600177764893
2017-11-28,5.905600070953369
2017-11-29,5.944900035858154
2017-11-30,5.954800128936768
2017-12-01,5.9268999099731445
2017-12-04,5.953700065612793
2017-12-05,5.9243998527526855
2017-12-06,5.924799919128418
2017-12-07,5.899499893188477
2017-12-08,5.902699947357178
2017-12-11,5.899700164794922
2017-12-12,5.910299777984619
2017-12-13,5.909800052642822
2017-12-14,5.92710018157959
2017-12-15,5.903200149536133
2017-12-18,5.878399848937988
2017-12-19,5.9095001220703125
2017-12-20,5.901599884033203
2017-12-21,5.917399883270264
2017-12-22,5.920199871063232
2017-12-25,5.936999797821045
2017-12-26,5.941400051116943
2017-12-27,5.950399875640869
2017-12-28,5.965700149536133
2017-12-29,5.984399795532227
2018-01-01,5.982800006866455
2018-01-02,5.990099906921387
2018-01-03,5.966899871826172
2018-01-04,5.954699993133545
2018-01-05,5.966800212860107
2018-01-08,5.959799766540527
2018-01-09,5.937399864196777
2018-01-10,5.93209981918335
2018-01-11,5.955100059509277
2018-01-12,5.9720001220703125
2018-01-15,6.017099857330322
2018-01-16,5.97599983215332
2018-01-17,6.01800012588501
2018-01-18,5.978600025177002
2018-01-19,5.965099811553955
2018-01-22,5.980400085449219
2018-01-23,5.971499919891357
2018-01-24,5.937900066375732
2018-01-25,5.967199802398682
2018-01-26,5.964300155639648
2018-01-29,5.973899841308594
2018-01-30,5.946000099182129
2018-01-31,5.940400123596191
2018-02-01,5.950900077819824
2018-02-02,5.967100143432617
2018-02-05,5.878200054168701
2018-02-06,5.877200126647949
2018-02-07,5.922599792480469
2018-02-08,5.887599945068359
2018-02-09,5.875
2018-02-12,5.922599792480469
2018-02-13,5.932400226593018
2018-02-14,5.922900199890137
2018-02-15,5.978099822998047
2018-02-16,6.005300045013428
2018-02-19,6.036600112915039
2018-02-20,6.041399955749512
2018-02-21,6.042200088500977
2018-02-22,6.031899929046631
2018-02-23,6.007500171661377
2018-02-26,6.007699966430664
2018-02-27,6.050000190734863
2018-02-28,6.001999855041504
2018-03-01,6.005799770355225
2018-03-02,6.01639986038208
2018-03-05,6.0345001220703125
2018-03-06,6.0320000648498535
2018-03-07,6.097799777984619
2018-03-08,6.0808000564575195
2018-03-09,6.058000087738037
2018-03-12,6.099899768829346
2018-03-13,6.098199844360352
2018-03-14,6.073299884796143
2018-03-15,6.095699787139893
2018-03-16,6.077700138092041
2018-03-19,6.073999881744385
2018-03-20,6.076499938964844
2018-03-21,6.087699890136719
2018-03-22,6.109499931335449
2018-03-23,6.028299808502197
2018-03-26,6.000400066375732
2018-03-27,6.01639986038208
2018-03-28,6.036099910736084
2018-03-29,6.120699882507324
2018-03-30,6.117599964141846
2018-04-02,6.130899906158447
2018-04-03,6.161799907684326
2018-04-04,6.15369987487793
2018-04-05,6.140600204467773
2018-04-06,6.104300022125244
2018-04-09,6.057499885559082
2018-04-10,6.063899993896484
2018-04-11,6.099800109863281
2018-04-12,6.111299991607666
2018-04-13,6.095099925994873
2018-04-16,6.083600044250488
2018-04-17,6.111999988555908
2018-04-18,6.154600143432617
2018-04-19,6.19789981842041
2018-04-20,6.194900035858154
2018-04-23,6.172699928283691
2018-04-24,6.154799938201904
2018-04-25,6.162499904632568
2018-04-26,6.182600021362305
2018-04-27,6.206900119781494
2018-04-30,6.233399868011475
2018-05-01,6.207600116729736
2018-05-02,6.221499919891357
2018-05-03,6.211900234222412
2018-05-04,6.200500011444092
2018-05-07,6.218800067901611
2018-05-08,6.218200206756592
2018-05-09,6.2270002365112305
2018-05-10,6.26669979095459
2018-05-11,6.325699806213379
2018-05-14,6.315400123596191
2018-05-15,6.324100017547607
2018-05-16,6.340400218963623
2018-05-17,6.316999912261963
2018-05-18,6.297800064086914
2018-05-21,6.285200119018555
2018-05-22,6.3480000495910645
2018-05-23,6.364999771118164
2018-05-24,6.381199836730957
2018-05-25,6.318999767303467
2018-05-28,6.301499843597412
2018-05-29,6.274899959564209
2018-05-30,6.279399871826172
2018-05-31,6.26669979095459
2018-06-01,6.238800048828125
2018-06-04,6.247000217437744
2018-06-05,6.258299827575684
2018-06-06,6.262499809265137
2018-06-07,6.2677001953125
2018-06-08,6.286300182342529
2018-06-11,6.288400173187256
2018-06-12,6.264400005340576
2018-06-13,6.286499977111816
2018-06-14,6.243000030517578
2018-06-15,6.240300178527832
2018-06-18,6.158999919891357
2018-06-19,6.153900146484375
2018-06-20,6.119100093841553
2018-06-21,6.16480016708374
2018-06-22,6.1072998046875
2018-06-25,6.104899883270264
2018-06-26,6.129000186920166
2018-06-27,6.111700057983398
2018-06-28,6.161300182342529
2018-06-29,6.134399890899658
2018-07-02,6.134200096130371
2018-07-03,6.138000011444092
2018-07-04,6.176799774169922
2018-07-05,6.185100078582764
2018-07-06,6.174600124359131
2018-07-09,6.168399810791016
2018-07-10,6.166200160980225
2018-07-11,6.187399864196777
2018-07-12,6.09060001373291
2018-07-13,6.0991997718811035
2018-07-16,6.05620002746582
2018-07-17,6.087299823760986
2018-07-18,6.067800045013428
2018-07-19,6.061200141906738
2018-07-20,6.071300029754639
2018-07-23,6.09250020980835
2018-07-24,6.105299949645996
2018-07-25,6.094900131225586
2018-07-26,6.164299964904785
2018-07-27,6.114799976348877
2018-07-30,6.1504998207092285
2018-07-31,6.145400047302246
2018-08-01,6.15310001373291
2018-08-02,6.10099983215332
2018-08-03,6.076700210571289
2018-08-06,6.095300197601318
2018-08-07,6.108799934387207
2018-08-08,6.139699935913086
2018-08-09,6.128900051116943
2018-08-10,6.1539998054504395
2018-08-13,6.103499889373779
2018-08-14,6.152200222015381
2018-08-15,6.202600002288818
2018-08-16,6.212500095367432
2018-08-17,6.2104997634887695
2018-08-20,6.23360013961792
2018-08-21,6.23859977722168
2018-08-22,6.248899936676025
2018-08-23,6.23960018157959
2018-08-24,6.234799861907959
2018-08-27,6.272900104522705
2018-08-28,6.305600166320801
2018-08-29,6.367099761962891
2018-08-30,6.391499996185303
2018-08-31,6.395699977874756
2018-09-03,6.362599849700928
2018-09-04,6.3769001960754395
2018-09-05,6.393099784851074
2018-09-06,6.423900127410889
2018-09-07,6.390500068664551
2018-09-10,6.392000198364258
2018-09-11,6.367700099945068
2018-09-12,6.480999946594238
2018-09-13,6.383399963378906
2018-09-14,6.422100067138672
2018-09-17,6.426700115203857
2018-09-18,6.438300132751465
2018-09-19,6.518099784851074
2018-09-20,6.440700054168701
2018-09-21,6.418499946594238
2018-09-24,6.47790002822876
2018-09-25,6.551599979400635
2018-09-26,6.544400215148926
2018-09-27,6.5254998207092285
2018-09-28,6.552499771118164
2018-10-01,6.531899929046631
2018-10-02,6.625199794769287
2018-10-03,6.551599979400635
2018-10-04,6.556000232696533
2018-10-05,6.545599937438965
2018-10-08,6.515600204467773
2018-10-09,6.514699935913086
2018-10-10,6.577600002288818
2018-10-11,6.434700012207031
2018-10-12,6.532199859619141
2018-10-15,6.507900238037109
2018-10-16,6.519999980926514
2018-10-17,6.54010009765625
2018-10-18,6.552299976348877
2018-10-19,6.519000053405762
2018-10-22,6.486400127410889
2018-10-23,6.5233001708984375
2018-10-24,6.436200141906738
2018-10-25,6.430200099945068
2018-10-26,6.443999767303467
2018-10-29,6.4116997718811035
2018-10-30,6.43779993057251
2018-10-31,6.467899799346924
2018-11-01,6.486199855804443
2018-11-02,6.487299919128418
2018-11-05,6.526599884033203
2018-11-06,6.490499973297119
2018-11-07,6.532899856567383
2018-11-08,6.483500003814697
2018-11-09,6.5055999755859375
2018-11-12,6.402200222015381
2018-11-13,6.427999973297119
2018-11-14,6.408299922943115
2018-11-15,6.394599914550781
2018-11-16,6.3734002113342285
2018-11-19,6.4004998207092285
2018-11-20,6.360000133514404
2018-11-21,6.317699909210205
2018-11-22,6.263199806213379
2018-11-23,6.232699871063232
2018-11-26,6.2291998863220215
2018-11-27,6.266200065612793
2018-11-28,6.264999866485596
2018-11-29,6.2916998863220215
2018-11-30,6.253900051116943
2018-12-03,6.238699913024902
2018-12-04,6.354000091552734
2018-12-05,6.353700160980225
2018-12-06,6.3694000244140625
2018-12-07,6.313600063323975
2018-12-10,6.350900173187256
2018-12-11,6.422100067138672
2018-12-12,6.4344000816345215
2018-12-13,6.4141998291015625
2018-12-14,6.342700004577637
2018-12-17,6.348800182342529
2018-12-18,6.340199947357178
2018-12-19,6.266900062561035
2018-12-20,6.260200023651123
2018-12-21,6.270199775695801
2018-12-24,6.2153000831604
2018-12-25,6.247799873352051
2018-12-26,6.251200199127197
2018-12-27,6.24370002746582
2018-12-28,6.246200084686279
2018-12-31,6.258200168609619
2019-01-01,0.0625310018658638
2019-01-02,0.06229199841618538
2019-01-03,0.062483999878168106
2019-01-04,0.062238000333309174
2019-01-07,0.06247499957680702
2019-01-08,0.06267999857664108
2019-01-09,0.06300800293684006
2019-01-10,0.06327600032091141
2019-01-11,0.06292600184679031
2019-01-14,0.06329900026321411
2019-01-15,0.06328299641609192
2019-01-16,0.06373199820518494
2019-01-17,0.06333199888467789
2019-01-18,0.06328800320625305
2019-01-21,0.06308600306510925
2019-01-22,0.06297100335359573
2019-01-23,0.0631759986281395
2019-01-24,0.06294800341129303
2019-01-25,0.06346099823713303
2019-01-28,0.06342799961566925
2019-01-29,0.06401199847459793
2019-01-30,0.06407299637794495
2019-01-31,0.06399600207805634
2019-02-01,0.06385199725627899
2019-02-04,0.06388500332832336
2019-02-05,0.06409800052642822
2019-02-06,0.06372900307178497
2019-02-07,0.06363900005817413
2019-02-08,0.06326799839735031
2019-02-11,0.06325799971818924
2019-02-12,0.06315000355243683
2019-02-13,0.06300699710845947
2019-02-14,0.06287600100040436
2019-02-15,0.06332000344991684
2019-02-18,0.06371700018644333
2019-02-19,0.06379099935293198
2019-02-20,0.06350599974393845
2019-02-21,0.06326700001955032
2019-02-22,0.06323300302028656
2019-02-25,0.06357499957084656
2019-02-26,0.06360600143671036
2019-02-27,0.06372799724340439
2019-02-28,0.0629350021481514
2019-03-01,0.06295499950647354
2019-03-04,0.06279099732637405
2019-03-05,0.06275899708271027
2019-03-06,0.062380000948905945
2019-03-07,0.06215199828147888
2019-03-08,0.061723001301288605
2019-03-11,0.06166499853134155
2019-03-12,0.06190500035881996
2019-03-13,0.06167199835181236
2019-03-14,0.061014000326395035
2019-03-15,0.06080000102519989
2019-03-18,0.0606050007045269
2019-03-19,0.0613039992749691
2019-03-20,0.061129000037908554
2019-03-21,0.061066001653671265
2019-03-22,0.06090399995446205
2019-03-25,0.06073300167918205
2019-03-26,0.06117299944162369
2019-03-27,0.060878001153469086
2019-03-28,0.06121399998664856
2019-03-29,0.061069998890161514
2019-04-01,0.06103700026869774
2019-04-02,0.060586001724004745
2019-04-03,0.06068599969148636
2019-04-04,0.06069700047373772
2019-04-05,0.06083400174975395
2019-04-08,0.06089799851179123
2019-04-09,0.06069700047373772
2019-04-10,0.06076100096106529
2019-04-11,0.06079699844121933
2019-04-12,0.06094300001859665
2019-04-15,0.06149600073695183
2019-04-16,0.061427000910043716
2019-04-17,0.06129699945449829
2019-04-18,0.06101499870419502
2019-04-19,0.061021000146865845
2019-04-22,0.06140200048685074
2019-04-23,0.061030998826026917
2019-04-24,0.06062300130724907
2019-04-25,0.06048300117254257
2019-04-26,0.06026700139045715
2019-04-29,0.06019299849867821
2019-04-30,0.0597429983317852
2019-05-01,0.05973599851131439
2019-05-02,0.059484001249074936
2019-05-03,0.05940600112080574
2019-05-06,0.05936500057578087
2019-05-07,0.05963499844074249
2019-05-08,0.05967500060796738
2019-05-09,0.05965999886393547
2019-05-10,0.05950000137090683
2019-05-13,0.059432998299598694
2019-05-14,0.05918499827384949
2019-05-15,0.059147000312805176
2019-05-16,0.05894799903035164
2019-05-17,0.05887499824166298
2019-05-20,0.05871700122952461
2019-05-21,0.058664001524448395
2019-05-22,0.05876300111413002
2019-05-23,0.05878699943423271
2019-05-24,0.05848199874162674
2019-05-27,0.05891900137066841
2019-05-28,0.05883299931883812
2019-05-29,0.05851000174880028
2019-05-30,0.05888200178742409
2019-05-31,0.05851199850440025
2019-06-03,0.058688998222351074
2019-06-04,0.05909699946641922
2019-06-05,0.05901699885725975
2019-06-06,0.05890199914574623
2019-06-07,0.058687999844551086
2019-06-10,0.05873899906873703
2019-06-11,0.05889799818396568
2019-06-12,0.05889200046658516
2019-06-13,0.05904800072312355
2019-06-14,0.058880001306533813
2019-06-17,0.059144001454114914
2019-06-18,0.05944100022315979
2019-06-19,0.05965200066566467
2019-06-20,0.0602479986846447
2019-06-21,0.06000100076198578
2019-06-24,0.06034199893474579
2019-06-25,0.06020300090312958
2019-06-26,0.060339998453855515
2019-06-27,0.059943001717329025
2019-06-28,0.05961500108242035
2019-07-01,0.059588998556137085
2019-07-02,0.05921800062060356
2019-07-03,0.05898699909448624
2019-07-04,0.058834999799728394
2019-07-05,0.05824099853634834
2019-07-08,0.05834899842739105
2019-07-09,0.058152999728918076
2019-07-10,0.058152999728918076
2019-07-11,0.05848199874162674
2019-07-12,0.058226000517606735
2019-07-15,0.058288998901844025
2019-07-16,0.05844099819660187
2019-07-17,0.05830899998545647
2019-07-18,0.0587569996714592
2019-07-19,0.05859500169754028
2019-07-22,0.05882199853658676
2019-07-23,0.05855099856853485
2019-07-24,0.05877099931240082
2019-07-25,0.0586090013384819
2019-07-26,0.058115001767873764
2019-07-29,0.05830100178718567
2019-07-30,0.058458998799324036
2019-07-31,0.058455999940633774
2019-08-01,0.05796999856829643
2019-08-02,0.0578249990940094
2019-08-05,0.058747999370098114
2019-08-06,0.05873899906873703
2019-08-07,0.05869999900460243
2019-08-08,0.05837799981236458
2019-08-09,0.058490999042987823
2019-08-12,0.0587799996137619
2019-08-13,0.05893800035119057
2019-08-14,0.05892200022935867
2019-08-15,0.059151001274585724
2019-08-16,0.05874500051140785
2019-08-19,0.059425000101327896
2019-08-20,0.05957299843430519
2019-08-21,0.0594169981777668
2019-08-22,0.059459999203681946
2019-08-23,0.059098999947309494
2019-08-26,0.05954800173640251
2019-08-27,0.059032998979091644
2019-08-28,0.05945799872279167
2019-08-29,0.05933000147342682
2019-08-30,0.05925599858164787
2019-09-02,0.05928799882531166
2019-09-03,0.05985400080680847
2019-09-04,0.05977899953722954
2019-09-05,0.06033400073647499
2019-09-06,0.06008699908852577
2019-09-09,0.06048800051212311
2019-09-10,0.06035999953746796
2019-09-11,0.06009399890899658
2019-09-12,0.06033699959516525
2019-09-13,0.060201000422239304
2019-09-16,0.06058400124311447
2019-09-17,0.06044299900531769
2019-09-18,0.06009199842810631
2019-09-19,0.06005199998617172
2019-09-20,0.05959099903702736
2019-09-23,0.05928700044751167
2019-09-24,0.05965700000524521
2019-09-25,0.05948000028729439
2019-09-26,0.059369999915361404
2019-09-27,0.05872200056910515
2019-09-30,0.05919500067830086
2019-10-01,0.05911700055003166
2019-10-02,0.059059999883174896
2019-10-03,0.059130001813173294
2019-10-04,0.05940200015902519
2019-10-07,0.05962799862027168
2019-10-08,0.059372998774051666
2019-10-09,0.0596189983189106
2019-10-10,0.05965700000524521
2019-10-11,0.06001799926161766
2019-10-14,0.06035299971699715
2019-10-15,0.0606050007045269
2019-10-16,0.060175999999046326
2019-10-17,0.06061600148677826
2019-10-18,0.0603020004928112
2019-10-21,0.06068500131368637
2019-10-22,0.06063099950551987
2019-10-23,0.06044900044798851
2019-10-24,0.06061900034546852
2019-10-25,0.060444001108407974
2019-10-28,0.06057300046086311
2019-10-29,0.06075400114059448
2019-10-30,0.06095099821686745
2019-10-31,0.06068100035190582
2019-11-01,0.060701001435518265
2019-11-04,0.061059001833200455
2019-11-05,0.06131700053811073
2019-11-06,0.061149999499320984
2019-11-07,0.06197800114750862
2019-11-08,0.06159700080752373
2019-11-11,0.061590999364852905
2019-11-12,0.06156399846076965
2019-11-13,0.06161399930715561
2019-11-14,0.06157900020480156
2019-11-15,0.06155199930071831
2019-11-18,0.061657000333070755
2019-11-19,0.06152600049972534
2019-11-20,0.061326999217271805
2019-11-21,0.06099199876189232
2019-11-22,0.060816001147031784
2019-11-25,0.06108599901199341
2019-11-26,0.0609080009162426
2019-11-27,0.06055000051856041
2019-11-28,0.060736000537872314
2019-11-29,0.060694001615047455
2019-12-02,0.060453999787569046
2019-12-03,0.060534000396728516
2019-12-04,0.060044001787900925
2019-12-05,0.06008300185203552
2019-12-06,0.060095999389886856
2019-12-09,0.05964599922299385
2019-12-10,0.059668999165296555
2019-12-11,0.05948999896645546
2019-12-12,0.060277000069618225
2019-12-13,0.06019999831914902
2019-12-16,0.06088799983263016
2019-12-17,0.06123900040984154
2019-12-18,0.060917001217603683
2019-12-19,0.06124500185251236
2019-12-20,0.06125999987125397
2019-12-23,0.06125300005078316
2019-12-24,0.06143200024962425
2019-12-25,0.061381999403238297
2019-12-26,0.061487000435590744
2019-12-27,0.06150899827480316
2019-12-30,0.06181100010871887
2019-12-31,0.06178399920463562
2020-01-01,6.178393840789795
2020-01-02,6.166654109954834
2020-01-03,6.170961856842041
2020-01-06,6.152176856994629
2020-01-07,6.150834083557129
2020-01-08,6.1809401512146
2020-01-09,6.166812896728516
2020-01-10,6.16084623336792
2020-01-13,6.122284889221191
2020-01-14,6.123167037963867
2020-01-15,6.117092132568359
2020-01-16,6.102317810058594
2020-01-17,6.117212772369385
2020-01-20,6.116631031036377
2020-01-21,6.14917516708374
2020-01-22,6.084258079528809
2020-01-23,6.119873046875
2020-01-24,6.103115081787109
2020-01-27,6.095111846923828
2020-01-28,6.0704169273376465
2020-01-29,6.060211181640625
2020-01-30,6.064075946807861
2020-01-31,6.029694080352783
2020-02-03,5.980184078216553
2020-02-04,5.990969181060791
2020-02-05,6.007706165313721
2020-02-06,6.0278520584106445
2020-02-07,6.024868011474609
2020-02-10,5.997660160064697
2020-02-11,6.0178680419921875
2020-02-12,6.031487941741943
2020-02-13,6.0473809242248535
2020-02-14,6.038093090057373
2020-02-17,6.043169975280762
2020-02-18,0.060123998671770096
2020-02-19,0.0602400004863739
2020-02-20,0.059856999665498734
2020-02-21,0.05955500155687332
2020-02-24,0.059324000030756
2020-02-25,0.05912499874830246
2020-02-26,0.05911099910736084
2020-02-27,0.05933300033211708
2020-02-28,0.06010900065302849
2020-03-02,0.06123499944806099
2020-03-03,0.06218799948692322
2020-03-04,0.06250499933958054
2020-03-05,0.06257899850606918
2020-03-06,0.06225600093603134
2020-03-09,0.06257099658250809
2020-03-10,0.06261999905109406
2020-03-11,0.06275100260972977
2020-03-12,0.062182001769542694
2020-03-13,0.06164700165390968
2020-03-16,0.06095200031995773
2020-03-17,0.06025100126862526
2020-03-18,0.05968200042843819
2020-03-19,0.06051500141620636
2020-03-20,0.06102599948644638
2020-03-23,0.06163499876856804
2020-03-24,0.06278499960899353
2020-03-25,0.06301700323820114
2020-03-26,0.06280999630689621
2020-03-27,0.06200199946761131
2020-03-30,0.06158899888396263
2020-03-31,0.06185999885201454
2020-04-01,0.06276900321245193
2020-04-02,0.0628810003399849
2020-04-03,0.06179000064730644
2020-04-06,0.06205800175666809
2020-04-07,0.06307800114154816
2020-04-08,0.06322800368070602
2020-04-09,0.06332000344991684
2020-04-10,0.06287000328302383
2020-04-13,0.06330599635839462
2020-04-14,0.06315299868583679
2020-04-15,0.06310900300741196
2020-04-16,6.310892105102539
2020-04-17,6.31873083114624
2020-04-20,6.29470682144165
2020-04-21,6.325318813323975
2020-04-22,0.062477000057697296
2020-04-23,0.06199600175023079
2020-04-24,0.0620260015130043
2020-04-27,0.06273599714040756
2020-04-28,0.06260400265455246
2020-04-29,0.06214100122451782
2020-04-30,0.06237399950623512
2020-05-01,0.06155399978160858
2020-05-04,0.06181599944829941
2020-05-05,0.06233000010251999
2020-05-06,0.06225999817252159
2020-05-07,0.06238099932670593
2020-05-08,0.06191600114107132
2020-05-11,0.06237500160932541
2020-05-12,0.06169600039720535
2020-05-13,0.061455000191926956
2020-05-14,0.061496999114751816
2020-05-15,0.061482999473810196
2020-05-18,0.06170500069856644
2020-05-19,0.06202299892902374
2020-05-20,0.061732999980449677
2020-05-21,0.06131099909543991
2020-05-22,0.06124600023031235
2020-05-25,0.06133100017905235
2020-05-26,0.06159399822354317
2020-05-27,0.061473000794649124
2020-05-28,0.061354998499155045
2020-05-29,0.061278000473976135
2020-06-01,0.061918001621961594
2020-06-02,0.061521999537944794
2020-06-03,0.062130000442266464
2020-06-04,0.062192998826503754
2020-06-05,0.06280999630689621
2020-06-08,0.06323900073766708
2020-06-09,0.06301400065422058
2020-06-10,0.06372100114822388
2020-06-11,0.0633540004491806
2020-06-12,0.06309899687767029
2020-06-15,0.06300199776887894
2020-06-16,0.06324899941682816
2020-06-17,0.06298600137233734
2020-06-18,0.06301800161600113
2020-06-19,0.06290499866008759
2020-06-22,0.06286200135946274
2020-06-23,0.06275899708271027
2020-06-24,0.06298000365495682
2020-06-25,0.0628179982304573
2020-06-26,0.0628179982304573
2020-06-29,0.06311099976301193
2020-06-30,0.0631600022315979
2020-07-01,0.06278999894857407
2020-07-02,0.06243700161576271
2020-07-03,0.06226100027561188
2020-07-06,0.06259399652481079
2020-07-07,0.06277699768543243
2020-07-08,0.06284199655056
2020-07-09,0.06295300275087357
2020-07-10,0.06259900331497192
2020-07-13,0.06267300248146057
2020-07-14,0.06271900236606598
2020-07-15,0.06272599846124649
2020-07-16,0.06257700175046921
2020-07-17,0.062210001051425934
2020-07-20,0.0624379999935627
2020-07-21,0.06263499706983566
2020-07-22,0.062488000839948654
2020-07-23,0.06245800107717514
2020-07-24,0.06214199960231781
2020-07-27,0.06270900368690491
2020-07-28,0.06260299682617188
2020-07-29,0.06299400329589844
2020-07-30,0.06303499639034271
2020-07-31,0.0627100020647049
2020-08-03,0.0630199983716011
2020-08-04,0.06306000053882599
2020-08-05,0.06305799633264542
2020-08-06,0.0634080022573471
2020-08-07,0.0630899965763092
2020-08-10,0.06331100314855576
2020-08-11,0.06315399706363678
2020-08-12,0.06336399912834167
2020-08-13,0.0631370022892952
2020-08-14,0.06305599957704544
2020-08-17,0.06334000080823898
2020-08-18,0.06318800151348114
2020-08-19,0.06359300017356873
2020-08-20,0.06343600153923035
2020-08-21,0.06282799690961838
2020-08-24,0.06257399916648865
2020-08-25,0.06269700080156326
2020-08-26,0.06284099817276001
2020-08-27,0.06211699917912483
2020-08-28,0.06193900108337402
2020-08-31,0.06201000139117241
2020-09-01,0.061806999146938324
2020-09-02,0.06174900010228157
2020-09-03,0.06181199848651886
2020-09-04,0.06162299960851669
2020-09-07,0.062004998326301575
2020-09-08,0.06199299916625023
2020-09-09,0.0620729997754097
2020-09-10,0.06206800043582916
2020-09-11,0.06184399873018265
2020-09-14,0.06228899955749512
2020-09-15,0.06252700090408325
2020-09-16,0.0628810003399849
2020-09-17,0.06307400017976761
2020-09-18,0.06317800283432007
2020-09-21,0.06316500157117844
2020-09-22,0.06316900253295898
2020-09-23,0.06321699917316437
2020-09-24,0.06319700181484222
2020-09-25,0.0627489984035492
2020-09-28,0.06336700171232224
2020-09-29,0.06317699700593948
2020-09-30,0.06327799707651138
2020-10-01,0.06313200294971466
2020-10-02,0.06281200051307678
2020-10-05,0.06334099918603897
2020-10-06,0.06336700171232224
2020-10-07,0.06353700160980225
2020-10-08,0.06382299959659576
2020-10-09,6.38226318359375
2020-10-12,0.06384400278329849
2020-10-13,0.06387200206518173
2020-10-14,0.06388500332832336
2020-10-15,0.06424299627542496
2020-10-16,0.0642940029501915
2020-10-19,0.06454499810934067
2020-10-20,0.06463100016117096
2020-10-21,0.06463100016117096
2020-10-22,0.06518399715423584
2020-10-23,0.06503300368785858
2020-10-26,0.065420001745224
2020-10-27,0.06528300046920776
2020-10-28,0.06535600125789642
2020-10-29,0.06557700037956238
2020-10-30,0.06569000333547592
2020-11-02,0.06567899882793427
2020-11-03,0.06589700281620026
2020-11-04,0.06616199761629105
2020-11-05,0.06578099727630615
2020-11-06,0.06596799939870834
2020-11-09,0.06593800336122513
2020-11-10,0.06621400266885757
2020-11-11,0.06666699796915054
2020-11-12,0.06703300029039383
2020-11-13,0.06713099777698517
2020-11-16,0.06730999797582626
2020-11-17,0.06722000241279602
2020-11-18,0.06734500080347061
2020-11-19,0.06723199784755707
2020-11-20,0.0666700005531311
2020-11-23,0.0665069967508316
2020-11-24,0.06664200127124786
2020-11-25,0.06677400320768356
2020-11-26,0.06688699871301651
2020-11-27,0.06690099835395813
2020-11-30,0.06691200286149979
2020-12-01,0.06689099967479706
2020-12-02,0.06657099723815918
2020-12-03,0.06694299727678299
2020-12-04,0.06768999993801117
2020-12-07,0.06808800250291824
2020-12-08,0.06811600178480148
2020-12-09,0.0678969994187355
2020-12-10,0.06799499690532684
2020-12-11,0.0679830014705658
2020-12-14,0.0675399973988533
2020-12-15,0.06757199764251709
2020-12-16,0.0677189975976944
2020-12-17,0.06748999655246735
2020-12-18,0.06745599955320358
2020-12-21,0.066941998898983
2020-12-22,0.06724800169467926
2020-12-23,0.06702399998903275
2020-12-24,0.06679300218820572
2020-12-25,0.06681499630212784
2020-12-28,0.0670740008354187
2020-12-29,0.0670970007777214
2020-12-30,0.06741099804639816
2020-12-31,0.06737899780273438
2021-01-01,0.06748200207948685
2021-01-04,0.0671050027012825
2021-01-05,0.0674699991941452
2021-01-06,0.0674780011177063
2021-01-07,0.06742999702692032
2021-01-08,0.06712900102138519
2021-01-11,0.06709299981594086
2021-01-12,0.06722799688577652
2021-01-13,0.06707300245761871
2021-01-14,0.06663300096988678
2021-01-15,0.06669300049543381
2021-01-18,0.06621800363063812
2021-01-19,0.06628800183534622
2021-01-20,0.06641799956560135
2021-01-21,0.06644000113010406
2021-01-22,0.06632299721240997
2021-01-25,0.06602799892425537
2021-01-26,0.06617199629545212
2021-01-27,0.06617099791765213
2021-01-28,0.06588800251483917
2021-01-29,0.06551799923181534
2021-02-01,0.0651869997382164
2021-02-02,0.06543699651956558
2021-02-03,0.06541900336742401
2021-02-04,0.06542299687862396
2021-02-05,0.06511200219392776
2021-02-08,0.0651170015335083
2021-02-09,0.0652720034122467
2021-02-10,0.06557600200176239
2021-02-11,0.06577300280332565
2021-02-12,0.06590700149536133
2021-02-15,0.06573399901390076
2021-02-16,0.06589599698781967
2021-02-17,0.06585799902677536
2021-02-18,0.06584600359201431
2021-02-19,0.0655750036239624
2021-02-22,0.0656680017709732
2021-02-23,0.06510800123214722
2021-02-24,0.06519100069999695
2021-02-25,0.06538400053977966
2021-02-26,0.06496799737215042
2021-03-01,0.06542500108480453
2021-03-02,0.06647399812936783
2021-03-03,0.0651170015335083
2021-03-04,0.06456699967384338
2021-03-05,0.06446199864149094
2021-03-08,0.0648220032453537
2021-03-09,0.0642549991607666
2021-03-10,0.06406799703836441
2021-03-11,0.06394399702548981
2021-03-12,0.06424099951982498
2021-03-15,0.06395299732685089
2021-03-16,0.06403700262308121
2021-03-17,0.06412400305271149
2021-03-18,0.06468299776315689
2021-03-19,0.06447499990463257
2021-03-22,0.06410499662160873
2021-03-23,0.06427499651908875
2021-03-24,0.0640759989619255
2021-03-25,0.06397800147533417
2021-03-26,0.06396400183439255
2021-03-29,0.06417199969291687
2021-03-30,0.06422299891710281
2021-03-31,0.06480500102043152
2021-04-01,0.06488499790430069
2021-04-02,0.06491000205278397
2021-04-05,0.06494700163602829
2021-04-06,0.06513399630784988
2021-04-07,0.06570400297641754
2021-04-08,0.06649699807167053
2021-04-09,0.06675499677658081
2021-04-12,0.06654100120067596
2021-04-13,0.06663099676370621
2021-04-14,0.06702599674463272
2021-04-15,0.06721699982881546
2021-04-16,0.06691200286149979
2021-04-19,0.06677400320768356
2021-04-20,0.06712699681520462
2021-04-21,0.0675399973988533
2021-04-22,0.06755899637937546
2021-04-23,0.06709299981594086
2021-04-26,0.06713800132274628
2021-04-27,0.06738399714231491
2021-04-28,0.06699299812316895
2021-04-29,0.06695999950170517
2021-04-30,0.06690400093793869
2021-05-03,0.06628900021314621
2021-05-04,0.06589700281620026
2021-05-05,0.06552699953317642
2021-05-06,0.0655990019440651
2021-05-07,0.06570400297641754
2021-05-10,0.06585100293159485
2021-05-11,0.06582699716091156
2021-05-12,0.06555499881505966
2021-05-13,0.06505399942398071
2021-05-14,0.06519600003957748
2021-05-17,0.06504800170660019
2021-05-18,0.06446799635887146
2021-05-19,0.0648220032453537
2021-05-20,0.06472399830818176
2021-05-21,0.06473299860954285
2021-05-24,0.06464800238609314
2021-05-25,0.06484299898147583
2021-05-26,0.06486699730157852
2021-05-27,0.06508799642324448
2021-05-28,0.0649930015206337
2021-05-31,0.06499399989843369
2021-06-01,0.06542299687862396
2021-06-02,0.06573700159788132
2021-06-03,0.0656760036945343
2021-06-04,0.06542699784040451
2021-06-07,0.06564400345087051
2021-06-08,0.06557100266218185
2021-06-09,0.0652799978852272
2021-06-10,0.06531800329685211
2021-06-11,0.06564400345087051
2021-06-14,0.06558699905872345
2021-06-15,0.0654970034956932
2021-06-16,0.06564900279045105
2021-06-17,0.06516099721193314
2021-06-18,0.0654510036110878
2021-06-21,0.065310999751091
2021-06-22,0.06552500277757645
2021-06-23,0.0655829980969429
2021-06-24,0.0654970034956932
2021-06-25,0.06555099785327911
2021-06-28,0.06582999974489212
2021-06-29,0.0657309964299202
2021-06-30,0.06564699858427048
2021-07-01,0.06578800082206726
2021-07-02,0.06571300327777863
2021-07-05,0.06586799770593643
2021-07-06,0.0657379999756813
2021-07-07,0.0657849982380867
2021-07-08,0.06554800271987915
2021-07-09,0.0651250034570694
2021-07-12,0.06503999978303909
2021-07-13,0.06526699662208557
2021-07-14,0.06493700295686722
2021-07-15,0.06507200002670288
2021-07-16,0.06532099843025208
2021-07-19,0.06532300263643265
2021-07-20,0.06515300273895264
2021-07-21,0.06489100307226181
2021-07-22,0.06474699825048447
2021-07-23,0.0646980032324791
2021-07-26,0.06461899727582932
2021-07-27,0.0644489973783493
2021-07-28,0.06453300267457962
2021-07-29,0.06466399878263474
2021-07-30,0.06495200097560883
2021-08-02,0.06456899642944336
2021-08-03,0.06460999697446823
2021-08-04,0.06461600214242935
2021-08-05,0.06478700041770935
2021-08-06,0.06482099741697311
2021-08-09,0.06500600278377533
2021-08-10,0.06493599712848663
2021-08-11,0.0645349994301796
2021-08-12,0.06422100216150284
2021-08-13,0.06385199725627899
2021-08-16,0.06384900212287903
2021-08-17,0.06360699981451035
2021-08-18,0.06315699964761734
2021-08-19,0.06344199925661087
2021-08-20,0.06326799839735031
2021-08-23,0.0632219985127449
2021-08-24,0.06340999901294708
2021-08-25,0.06367500126361847
2021-08-26,0.06364600360393524
2021-08-27,0.06334900110960007
2021-08-30,0.06323199719190598
2021-08-31,0.06293299794197083
2021-09-01,0.06295999884605408
2021-09-02,0.06312999874353409
2021-09-03,0.0630820021033287
2021-09-06,0.06315799802541733
2021-09-07,0.06321399658918381
2021-09-08,0.06315500289201736
2021-09-09,0.06320399791002274
2021-09-10,0.06284300237894058
2021-09-13,0.06282100081443787
2021-09-14,0.06273499876260757
2021-09-15,0.06285200268030167
2021-09-16,0.06297200173139572
2021-09-17,0.06258600205183029
2021-09-20,0.06234300136566162
2021-09-21,0.06203100085258484
2021-09-22,0.06232900172472
2021-09-23,0.062497999519109726
2021-09-24,0.06285300105810165
2021-09-27,0.06254299730062485
2021-09-28,0.0626550018787384
2021-09-29,0.06243300065398216
2021-09-30,0.06256300210952759
2021-10-01,0.06265600025653839
2021-10-04,0.06278800219297409
2021-10-05,0.06295599788427353
2021-10-06,0.0627949982881546
2021-10-07,0.06274499744176865
2021-10-08,0.0628179982304573
2021-10-11,0.06293399631977081
2021-10-12,0.0630510002374649
2021-10-13,0.06301400065422058
2021-10-14,0.0634479969739914
2021-10-15,0.06343500316143036
2021-10-18,0.06341399997472763
2021-10-19,0.06344500184059143
2021-10-20,0.06389100104570389
2021-10-21,0.0636340007185936
2021-10-22,0.06357599794864655
2021-10-25,0.06368699669837952
2021-10-26,0.06428500264883041
2021-10-27,0.06409899890422821
2021-10-28,0.06402099877595901
2021-10-29,0.064021997153759
2021-11-01,0.06379000097513199
2021-11-02,0.06354700028896332
2021-11-03,0.0633620023727417
2021-11-04,0.06306300312280655
2021-11-05,0.06280200183391571
2021-11-08,0.06279399991035461
2021-11-09,0.061542998999357224
2021-11-10,0.06294000148773193
2021-11-11,0.06278300285339355
2021-11-12,0.06276699900627136
2021-11-15,0.06300300359725952
2021-11-16,0.06288900226354599
2021-11-17,0.06287900358438492
2021-11-18,0.06283800303936005
2021-11-19,0.06270100176334381
2021-11-22,0.06234800070524216
2021-11-23,0.06251999735832214
2021-11-24,0.06255800276994705
2021-11-25,0.06276799738407135
2021-11-26,0.06259500235319138
2021-11-29,0.06271299719810486
2021-11-30,0.06302099674940109
2021-12-01,0.06344400346279144
2021-12-02,0.06372600048780441
2021-12-03,0.06371200084686279
2021-12-06,0.0637039989233017
2021-12-07,0.06385599821805954
2021-12-08,0.06407099962234497
2021-12-09,0.06428500264883041
2021-12-10,0.06415800005197525
2021-12-13,0.0641079992055893
2021-12-14,0.06397899985313416
2021-12-15,0.0641620010137558
2021-12-16,0.06429199874401093
2021-12-17,0.06420999765396118
2021-12-20,0.06398700177669525
2021-12-21,0.06364800035953522
2021-12-22,0.06352999806404114
2021-12-23,0.06351999938488007
2021-12-24,0.06331299990415573
2021-12-27,0.06345099955797195
2021-12-28,0.06314899772405624
2021-12-29,0.06287200003862381
2021-12-30,0.06294699758291245
2021-12-31,0.06251800060272217
2022-01-03,0.06267599761486053
2022-01-04,0.06222600117325783
2022-01-05,0.06224200129508972
2022-01-06,0.062011998146772385
2022-01-07,0.06171799823641777
2022-01-10,0.062011998146772385
2022-01-11,0.0618089996278286
2022-01-12,0.06205499917268753
2022-01-13,0.0622280016541481
2022-01-14,0.062327999621629715
2022-01-17,0.06249399855732918
2022-01-18,0.06234399974346161
2022-01-19,0.06254500150680542
2022-01-20,0.06265400350093842
2022-01-21,0.062424998730421066
2022-01-24,0.06239600107073784
2022-01-25,0.062424998730421066
2022-01-26,0.06250900030136108
2022-01-27,0.06237100064754486
2022-01-28,0.06248699873685837
2022-01-31,0.06203100085258484
2022-02-01,0.06181500107049942
2022-02-02,0.06215599924325943
2022-02-03,0.06234699860215187
2022-02-04,0.06216999888420105
2022-02-07,0.06228499859571457
2022-02-08,0.06237100064754486
2022-02-09,0.06242800131440163
2022-02-10,0.06264500319957733
2022-02-11,0.06297799944877625
2022-02-14,0.06279599666595459
2022-02-15,0.06320299953222275
2022-02-16,0.06280799955129623
2022-02-17,0.06270399689674377
2022-02-18,0.06261499971151352
2022-02-21,0.062470000237226486
2022-02-22,0.06237100064754486
2022-02-23,0.06255099922418594
2022-02-24,0.0625850036740303
2022-02-25,0.06252499669790268
2022-02-28,0.06266500055789948
2022-03-01,0.06267700344324112
2022-03-02,0.06288599967956543
2022-03-03,0.06285399943590164
2022-03-04,0.06287699937820435
2022-03-07,0.06274999678134918
2022-03-08,0.06254799664020538
2022-03-09,0.06232900172472
2022-03-10,0.062238000333309174
2022-03-11,0.062105000019073486
2022-03-14,0.0620420016348362
2022-03-15,0.061581000685691833
2022-03-16,0.06141800060868263
2022-03-17,0.06216000020503998
2022-03-18,0.06276299804449081
2022-03-21,0.06268800050020218
2022-03-22,0.06255300343036652
2022-03-23,0.06263300031423569
2022-03-24,0.06276699900627136
2022-03-25,0.06252700090408325
2022-03-28,0.06224900111556053
2022-03-29,0.062130000442266464
2022-03-30,0.06256499886512756
2022-03-31,0.0626399964094162
2022-04-01,0.06249700114130974
2022-04-04,0.06230200082063675
2022-04-05,0.062137000262737274
2022-04-06,0.06190299987792969
2022-04-07,0.0623680017888546
2022-04-08,0.062081001698970795
2022-04-11,0.06176000088453293
2022-04-12,0.0613970011472702
2022-04-13,0.06197600066661835
2022-04-14,0.06222900003194809
2022-04-15,0.06202799826860428
2022-04-18,0.0621040016412735
2022-04-19,0.061744000762701035
2022-04-20,0.06166300177574158
2022-04-21,0.06180199980735779
2022-04-22,0.06139500066637993
2022-04-25,0.06145799905061722
2022-04-26,0.061211999505758286
2022-04-27,0.06090899929404259
2022-04-28,0.060384999960660934
2022-04-29,0.06019200012087822
2022-05-02,0.06056300178170204
2022-05-03,0.06036200001835823
2022-05-04,0.06063099950551987
2022-05-05,0.06072799861431122
2022-05-06,0.06028300151228905
2022-05-09,0.0605430006980896
2022-05-10,0.06067899987101555
2022-05-11,0.060527000576257706
2022-05-12,0.06052299961447716
2022-05-13,0.05999400094151497
2022-05-16,0.060603998601436615
2022-05-17,0.0607450008392334
2022-05-18,0.0610789991915226
2022-05-19,0.06099399924278259
2022-05-20,0.061268001794815063
2022-05-23,0.06107199937105179
2022-05-24,0.061581000685691833
2022-05-25,0.06143699958920479
2022-05-26,0.0611799992620945
2022-05-27,0.06161699816584587
2022-05-30,0.06202499940991402
2022-05-31,0.06266000121831894
2022-06-01,0.062442000955343246
2022-06-02,0.06220199912786484
2022-06-03,0.06232700124382973
2022-06-06,0.06207900121808052
2022-06-07,0.06201799958944321
2022-06-08,0.061893999576568604
2022-06-09,0.061827998608350754
2022-06-10,0.06154699996113777
2022-06-13,0.061110999435186386
2022-06-14,0.06049799919128418
2022-06-15,0.06046300008893013
2022-06-16,0.06093199923634529
2022-06-17,0.060520000755786896
2022-06-20,0.06036499887704849
2022-06-21,0.06029000133275986
2022-06-22,0.060478001832962036
2022-06-23,0.060249000787734985
2022-06-24,0.060102999210357666
2022-06-27,0.060694001615047455
2022-06-28,0.06097099930047989
2022-06-29,0.06118300184607506
2022-06-30,0.06059499830007553
2022-07-01,0.06130500137805939
2022-07-04,0.06078299880027771
2022-07-05,0.06091199815273285
2022-07-06,0.06063399836421013
2022-07-07,0.06056100130081177
2022-07-08,0.06103400141000748
2022-07-11,0.06126999855041504
2022-07-12,0.060614001005887985
2022-07-13,0.06084800139069557
2022-07-14,0.06114799901843071
2022-07-15,0.06065800040960312
2022-07-18,0.06043500080704689
2022-07-19,0.06066400185227394
2022-07-20,0.06115499883890152
2022-07-21,0.0609310008585453
2022-07-22,0.06103700026869774
2022-07-25,0.06095999851822853
2022-07-26,0.060819998383522034
2022-07-27,0.060888998210430145
2022-07-28,0.06112699955701828
2022-07-29,0.06139500066637993
2022-08-01,0.06076600030064583
2022-08-02,0.06037500128149986
2022-08-03,0.059780001640319824
2022-08-04,0.06047099828720093
2022-08-05,0.0607759989798069
2022-08-08,0.060910001397132874
2022-08-09,0.06124399974942207
2022-08-10,0.0608460009098053
2022-08-11,0.060989998281002045
2022-08-12,0.06088599935173988
2022-08-15,0.06114000082015991
2022-08-16,0.0605660006403923
2022-08-17,0.06035400182008743
2022-08-18,0.060339998453855515
2022-08-19,0.06009899824857712
2022-08-22,0.059824999421834946
2022-08-23,0.05945099890232086
2022-08-24,0.05961700156331062
2022-08-25,0.059505999088287354
2022-08-26,0.059845998883247375
2022-08-29,0.05957400053739548
2022-08-30,0.059408001601696014
2022-08-31,0.05900000035762787
2022-09-01,0.05925000086426735
2022-09-02,0.0587799996137619
2022-09-05,0.05851300060749054
2022-09-06,0.05835000053048134
2022-09-07,0.05795799940824509
2022-09-08,0.05794199928641319
2022-09-09,0.05758700147271156
2022-09-12,0.057718999683856964
2022-09-13,0.057663001120090485
2022-09-14,0.057114001363515854
2022-09-15,0.057096999138593674
2022-09-16,0.05707100033760071
2022-09-19,0.057486001402139664
2022-09-20,0.05732500180602074
2022-09-21,0.0572660006582737
2022-09-22,0.05727099999785423
2022-09-23,0.05770999938249588
2022-09-26,0.05710899829864502
2022-09-27,0.05704300105571747
2022-09-28,0.05728600174188614
2022-09-29,0.057225000113248825
2022-09-30,0.05695899948477745
2022-10-03,0.056602999567985535
2022-10-04,0.05684899911284447
2022-10-05,0.05749800056219101
2022-10-06,0.05761700123548508
2022-10-07,0.05846000090241432
2022-10-10,0.05845699831843376
2022-10-11,0.057686999440193176
2022-10-12,0.057461999356746674
2022-10-13,0.05768800154328346
2022-10-14,0.05742499977350235
2022-10-17,0.05716099962592125
2022-10-18,0.0574290007352829
2022-10-19,0.05772799998521805
2022-10-20,0.05782400071620941
2022-10-21,0.05789399892091751
2022-10-24,0.057757001370191574
2022-10-25,0.05727599933743477
2022-10-26,0.057764001190662384
2022-10-27,0.058065999299287796
2022-10-28,0.05800300091505051
2022-10-31,0.057833001017570496
2022-11-01,0.05803700163960457
2022-11-02,0.05835200101137161
2022-11-03,0.05822400003671646
2022-11-04,0.05806099995970726
2022-11-07,0.058382000774145126
2022-11-08,0.058736998587846756
2022-11-09,0.0592229999601841
2022-11-10,0.05933000147342682
2022-11-11,0.059627000242471695
2022-11-14,0.06125500053167343
2022-11-15,0.06115100160241127
2022-11-16,0.0615760013461113
2022-11-17,0.060961998999118805
2022-11-18,0.06069900095462799
2022-11-21,0.06092200055718422
2022-11-22,0.06010499969124794
2022-11-23,0.06039299815893173
2022-11-24,0.06105000153183937
2022-11-25,0.06156399846076965
2022-11-28,0.061149999499320984
2022-11-29,0.06088000163435936
2022-11-30,0.061576999723911285
2022-12-01,0.06223699823021889
2022-12-02,0.06222900003194809
2022-12-05,0.06262499839067459
2022-12-06,0.06273999810218811
2022-12-07,0.06239999830722809
2022-12-08,0.06257399916648865
2022-12-09,0.062474001199007034
2022-12-12,0.06318700313568115
2022-12-13,0.06323599815368652
2022-12-14,0.06391000002622604
2022-12-15,0.06365399807691574
2022-12-16,0.06286200135946274
2022-12-19,0.06311800330877304
2022-12-20,0.06344299763441086
2022-12-21,0.06436000019311905
2022-12-22,0.06469199806451797
2022-12-23,0.06418400257825851
2022-12-26,0.06452199816703796
2022-12-27,0.06499899923801422
2022-12-28,0.06504499912261963
2022-12-29,0.06500300019979477
2022-12-30,0.06570799648761749
2023-01-02,0.0655670017004013
2023-01-03,0.0651170015335083
2023-01-04,0.06470400094985962
2023-01-05,0.06502000242471695
2023-01-06,0.0648450031876564
2023-01-09,0.06561300158500671
2023-01-10,0.06629300117492676
2023-01-11,0.06577499955892563
2023-01-12,0.06570799648761749
2023-01-13,0.06544400006532669
2023-01-16,0.06567499786615372
2023-01-17,0.06575900316238403
2023-01-18,0.06588699668645859
2023-01-19,0.06576699763536453
2023-01-20,0.06591200083494186
2023-01-23,0.06577900052070618
2023-01-24,0.06628300249576569
2023-01-25,0.0661730021238327
2023-01-26,0.06610400229692459
2023-01-27,0.06609699875116348
2023-01-30,0.06626900285482407
2023-01-31,0.06622599810361862
2023-02-01,0.06634099781513214
2023-02-02,0.06685099750757217
2023-02-03,0.06696300208568573
2023-02-06,0.0658940002322197
2023-02-07,0.0655980035662651
2023-02-08,0.06589300185441971
2023-02-09,0.06555899977684021
2023-02-10,0.065249003469944
2023-02-13,0.06506100296974182
2023-02-14,0.0648690015077591
2023-02-15,0.0651170015335083
2023-02-16,0.06443300098180771
2023-02-17,0.06411699950695038
2023-02-20,0.06385999917984009
2023-02-21,0.06378699839115143
2023-02-22,0.06343799829483032
2023-02-23,0.06356500089168549
2023-02-24,0.06362900137901306
2023-02-27,0.06306400150060654
2023-02-28,0.06268800050020218
2023-03-01,0.0625080019235611
2023-03-02,0.0631060004234314
2023-03-03,0.06279899924993515
2023-03-06,0.06306000053882599
2023-03-07,0.06299600005149841
2023-03-08,0.06226300075650215
2023-03-09,0.062245000153779984
2023-03-10,0.061859000474214554
2023-03-13,0.062105000019073486
2023-03-14,0.06355900317430496
2023-03-15,0.06307300180196762
2023-03-16,0.06300400197505951
2023-03-17,0.06346099823713303
2023-03-20,0.06306099891662598
2023-03-21,0.06322699785232544
2023-03-22,0.06341200321912766
2023-03-23,0.0635330006480217
2023-03-24,0.06393799930810928
2023-03-27,0.0635410025715828
2023-03-28,0.0633310005068779
2023-03-29,0.06333299726247787
2023-03-30,0.06291300058364868
2023-03-31,0.06330599635839462
2023-04-03,0.06290599703788757
2023-04-04,0.062780000269413
2023-04-05,0.06255199760198593
2023-04-06,0.06221500039100647
2023-04-07,0.062036000192165375
2023-04-10,0.06220100075006485
2023-04-11,0.06205099821090698
2023-04-12,0.062059998512268066
2023-04-13,0.06194299831986427
2023-04-14,0.06274399906396866
2023-04-17,0.06274600327014923
2023-04-18,0.062261998653411865
2023-04-19,0.062348999083042145
2023-04-20,0.06201399862766266
2023-04-21,0.0620420016348362
2023-04-24,0.061677999794483185
2023-04-25,0.061400000005960464
2023-04-26,0.06112600117921829
2023-04-27,0.0611019991338253
2023-04-28,0.06103000044822693
2023-05-01,0.061087001115083694
2023-05-02,0.06088399887084961
2023-05-03,0.060910001397132874
2023-05-04,0.06123499944806099
2023-05-05,0.061852000653743744
2023-05-08,0.062011998146772385
2023-05-09,0.06181199848651886
2023-05-10,0.06190099939703941
2023-05-11,0.06213599815964699
2023-05-12,0.06168900057673454
2023-05-15,0.06122799962759018
2023-05-16,0.06158800050616264
2023-05-17,0.06128700077533722
2023-05-18,0.061765000224113464
2023-05-19,0.06196200102567673
2023-05-22,0.06255999952554703
2023-05-23,0.06302399933338165
2023-05-24,0.0627869963645935
2023-05-25,0.0627179965376854
2023-05-26,0.06215500086545944
2023-05-29,0.06239499896764755
2023-05-30,0.062327999621629715
2023-05-31,0.06263399869203568
2023-06-01,0.06252700090408325
2023-06-02,0.0626550018787384
2023-06-05,0.06309399753808975
2023-06-06,0.0634320005774498
2023-06-07,0.06349699944257736
2023-06-08,0.06313200294971466
2023-06-09,0.06361500173807144
2023-06-12,0.06402499973773956
2023-06-13,0.06407900154590607
2023-06-14,0.06490100175142288
2023-06-15,0.06438200175762177
2023-06-16,0.06447900086641312
2023-06-19,0.064130999147892
2023-06-20,0.06386899948120117
2023-06-21,0.06362400203943253
2023-06-22,0.06358300149440765
2023-06-23,0.06308600306510925
2023-06-26,0.06264699995517731
2023-06-27,0.06290499866008759
2023-06-28,0.06319200247526169
2023-06-29,0.06264699995517731
2023-06-30,0.06201900169253349
2023-07-03,0.06236900016665459
2023-07-04,0.06272699683904648
2023-07-05,0.0632530003786087
2023-07-06,0.06318700313568115
2023-07-07,0.06320399791002274
2023-07-10,0.06362999975681305
2023-07-11,0.06348799914121628
2023-07-12,0.06378400325775146
2023-07-13,0.06433200091123581
2023-07-14,0.06473500281572342
2023-07-17,0.06466100364923477
2023-07-18,0.0648299977183342
2023-07-19,0.06486699730157852
2023-07-20,0.06481499969959259
2023-07-21,0.06419099867343903
2023-07-24,0.06372399628162384
2023-07-25,0.06387300044298172
2023-07-26,0.06429900228977203
2023-07-27,0.06427200138568878
2023-07-28,0.06414300203323364
2023-07-31,0.06459400057792664
2023-08-01,0.06433100253343582
2023-08-02,0.06383399665355682
2023-08-03,0.06366799771785736
2023-08-04,0.06380800157785416
2023-08-07,0.06341399997472763
2023-08-08,0.06325799971818924
2023-08-09,0.06290300190448761
2023-08-10,0.06301400065422058
2023-08-11,0.06279099732637405
2023-08-14,0.062300000339746475
2023-08-15,0.06231300160288811
2023-08-16,0.06212899833917618
2023-08-17,0.06194699928164482
2023-08-18,0.062022000551223755
2023-08-21,0.062056999653577805
2023-08-22,0.06196799874305725
2023-08-23,0.061962999403476715
2023-08-24,0.061969999223947525
2023-08-25,0.062247999012470245
2023-08-28,0.0624070018529892
2023-08-29,0.062463998794555664
2023-08-30,0.06239800155162811
2023-08-31,0.062470998615026474
2023-09-01,0.06237199902534485
2023-09-04,0.06272199749946594
2023-09-05,0.06272800266742706
2023-09-06,0.062373001128435135
2023-09-07,0.06238999962806702
2023-09-08,0.06221799924969673
2023-09-11,0.06213400140404701
2023-09-12,0.06270100176334381
2023-09-13,0.06254000216722488
2023-09-14,0.06252799928188324
2023-09-15,0.06251800060272217
2023-09-18,0.062497999519109726
2023-09-19,0.06251999735832214
2023-09-20,0.06260400265455246
2023-09-21,0.06225600093603134
2023-09-22,0.061778999865055084
2023-09-25,0.062123000621795654
2023-09-26,0.061987001448869705
2023-09-27,0.0615059994161129
2023-09-28,0.061514001339673996
2023-09-29,0.0616770014166832
2023-10-02,0.0613740012049675
2023-10-03,0.061517998576164246
2023-10-04,0.061195001006126404
2023-10-05,0.06172500178217888
2023-10-06,0.06175300106406212
2023-10-09,0.0618319995701313
2023-10-10,0.061795998364686966
2023-10-11,0.06200899928808212
2023-10-12,0.06224999949336052
2023-10-13,0.061705999076366425
2023-10-16,0.06155100092291832
2023-10-17,0.06171400099992752
2023-10-18,0.06152300164103508
2023-10-19,0.06141800060868263
2023-10-20,0.06125599890947342
2023-10-23,0.061583999544382095
2023-10-24,0.061785999685525894
2023-10-25,0.061740998178720474
2023-10-26,0.06146800145506859
2023-10-27,0.0616299994289875
2023-10-30,0.06150199845433235
2023-10-31,0.061744000762701035
2023-11-01,0.06163400039076805
2023-11-02,0.06174800172448158
2023-11-03,0.062383998185396194
2023-11-06,0.06351999938488007
2023-11-07,0.06413500010967255
2023-11-08,0.0637810006737709
2023-11-09,0.06356800347566605
2023-11-10,0.06320899724960327
2023-11-13,0.06318999826908112
2023-11-14,0.06304799765348434
2023-11-15,0.06357599794864655
2023-11-16,0.06384900212287903
2023-11-17,0.06429299712181091
2023-11-20,0.06424299627542496
2023-11-21,0.06466200202703476
2023-11-22,0.064301997423172
2023-11-23,0.06436499953269958
2023-11-24,0.06322400271892548
2023-11-27,0.06376399844884872
2023-11-28,0.06390400230884552
2023-11-29,0.06415700167417526
2023-11-30,0.06459199637174606
2023-12-01,0.06423299759626389
2023-12-04,0.06426800042390823
2023-12-05,0.06374400109052658
2023-12-06,0.06341800093650818
2023-12-07,0.06338399648666382
2023-12-08,0.0631520003080368
2023-12-11,0.06332899630069733
2023-12-12,0.06339699774980545
2023-12-13,0.06360600143671036
2023-12-14,0.06441199779510498
2023-12-15,0.06437599658966064
2023-12-18,0.06394200026988983
2023-12-19,0.06373900175094604
2023-12-20,0.06399799883365631
2023-12-21,0.06405500322580338
2023-12-22,0.06425099819898605
2023-12-25,0.06400500237941742
2023-12-26,0.06419699639081955
2023-12-27,0.06423799693584442
2023-12-28,0.06426099687814713
2023-12-29,0.06413500010967255
2024-01-01,0.0642779991030693
2024-01-02,0.06424999982118607
2024-01-03,0.0636110007762909
2024-01-04,0.06350699812173843
2024-01-05,0.06343399733304977
2024-01-08,0.06328299641609192
2024-01-09,0.06329099833965302
2024-01-10,0.06294500082731247
2024-01-11,0.06296999752521515
2024-01-12,0.06323900073766708
2024-01-15,0.0631060004234314
2024-01-16,0.06275399774312973
2024-01-17,0.06206300109624863
2024-01-18,0.0618319995701313
2024-01-19,0.06212500110268593
2024-01-22,0.06224900111556053
2024-01-23,0.06202799826860428
2024-01-24,0.062081001698970795
2024-01-25,0.062417998909950256
2024-01-26,0.06218700110912323
2024-01-29,0.06215300038456917
2024-01-30,0.06234300136566162
2024-01-31,0.0626010000705719
2024-02-01,0.062224000692367554
2024-02-02,0.06236900016665459
2024-02-05,0.061976999044418335
2024-02-06,0.06229500100016594
2024-02-07,0.06258700042963028
2024-02-08,0.06247999891638756
2024-02-09,0.06227000057697296
2024-02-12,0.062345001846551895
2024-02-13,0.062421999871730804
2024-02-14,0.06193700060248375
2024-02-15,0.062495000660419464
2024-02-16,0.06242600083351135
2024-02-19,0.06229700148105621
2024-02-20,0.06221900135278702
2024-02-21,0.06208200007677078
2024-02-22,0.062206998467445374
2024-02-23,0.06242400035262108
2024-02-26,0.06227099895477295
2024-02-27,0.062185999006032944
2024-02-28,0.06218999996781349
2024-02-29,0.06208899989724159
2024-03-01,0.06206100061535835
2024-03-04,0.06220100075006485
2024-03-05,0.06230400130152702
2024-03-06,0.06211100146174431
2024-03-07,0.0623599998652935
2024-03-08,0.06258799880743027
2024-03-11,0.06282299757003784
2024-03-12,0.063120998442173
2024-03-13,0.0631290003657341
2024-03-14,0.06303499639034271
2024-03-15,0.06272999942302704
2024-03-18,0.06229899823665619
2024-03-19,0.06194600090384483
2024-03-20,0.062091998755931854
2024-03-21,0.06242100149393082
2024-03-22,0.06232399865984917
2024-03-25,0.062167998403310776
2024-03-26,0.06226300075650215
2024-03-27,0.06200899928808212
2024-03-28,0.06172800064086914
2024-03-29,0.06174900010228157
2024-04-01,0.061921000480651855
2024-04-02,0.061514999717473984
2024-04-03,0.06166199967265129
2024-04-04,0.06196799874305725
2024-04-05,0.06175199896097183
2024-04-08,0.061643000692129135
2024-04-09,0.06146499887108803
2024-04-10,0.06161100044846535
2024-04-11,0.06114700064063072
2024-04-12,0.0608999989926815
2024-04-15,0.06056100130081177
2024-04-16,0.060148000717163086
2024-04-17,0.06011499837040901
2024-04-18,0.06057799980044365
2024-04-19,0.06050899997353554
2024-04-22,0.06064699962735176
2024-04-23,0.060440998524427414
2024-04-24,0.060724999755620956
2024-04-25,0.06049500033259392
2024-04-26,0.06070199981331825
2024-04-29,0.060520000755786896
2024-04-30,0.060674998909235
2024-05-01,0.060242000967264175
2024-05-02,0.06061699986457825
2024-05-03,0.06107199937105179
2024-05-06,0.061487000435590744
2024-05-07,0.06168700009584427
2024-05-08,0.06143200024962425
2024-05-09,0.06123900040984154
2024-05-10,0.061080001294612885
2024-05-13,0.06091799959540367
2024-05-14,0.06118600070476532
2024-05-15,0.06125500053167343
2024-05-16,0.06157200038433075
2024-05-17,0.06195199862122536
2024-05-20,0.061503998935222626
2024-05-21,0.06120400130748749
2024-05-22,0.06106400117278099
2024-05-23,0.06092099845409393
2024-05-24,0.06085300073027611
2024-05-27,0.0607680007815361
2024-05-28,0.06105300039052963
2024-05-29,0.06101299822330475
2024-05-30,0.06078900024294853
2024-05-31,0.0605349987745285
2024-06-03,0.060336001217365265
2024-06-04,0.06057300046086311
2024-06-05,0.060846999287605286
2024-06-06,0.06087300181388855
2024-06-07,0.061094000935554504
2024-06-10,0.06052500009536743
2024-06-11,0.06075400114059448
2024-06-12,0.0606440007686615
2024-06-13,0.06087400019168854
2024-06-14,0.06067299842834473
2024-06-17,0.06040100008249283
2024-06-18,0.060516998171806335
2024-06-19,0.06034399941563606
2024-06-20,0.06034500151872635
2024-06-21,0.06003500148653984
2024-06-24,0.06014300137758255
2024-06-25,0.06017899885773659
2024-06-26,0.05993200093507767
2024-06-27,0.0599530003964901
2024-06-28,0.060137998312711716
2024-07-01,0.06035500019788742
2024-07-02,0.060311999171972275
2024-07-03,0.06030000001192093
2024-07-04,0.060166001319885254
2024-07-05,0.06044900044798851
2024-07-08,0.06059399992227554
2024-07-09,0.06032099947333336
2024-07-10,0.060343001037836075
2024-07-11,0.06032999977469444
2024-07-12,0.06086200103163719
2024-07-15,0.0607369989156723
2024-07-16,0.06036600098013878
2024-07-17,0.06038299947977066
2024-07-18,0.06057300046086311
2024-07-19,0.06036499887704849
2024-07-22,0.060245998203754425
2024-07-23,0.06029000133275986
2024-07-24,0.06040000170469284
2024-07-25,0.060520000755786896
2024-07-26,0.06051899865269661
2024-07-29,0.060492999851703644
2024-07-30,0.0606050007045269
2024-07-31,0.06049500033259392
2024-08-01,0.06115499883890152
2024-08-02,0.06111900135874748
2024-08-05,0.06165299937129021
2024-08-06,0.061386000365018845
2024-08-07,0.06135400012135506
2024-08-08,0.060989998281002045
2024-08-09,0.061094000935554504
2024-08-12,0.06150899827480316
2024-08-13,0.06122799962759018
2024-08-14,0.061535000801086426
2024-08-15,0.061893001198768616
2024-08-16,0.0615059994161129
2024-08-19,0.06214199960231781
2024-08-20,0.06297799944877625
2024-08-21,0.06301199644804001
2024-08-22,0.06274200230836868
2024-08-23,0.0626169964671135
2024-08-26,0.0632610023021698
2024-08-27,0.06314300000667572
2024-08-28,0.06322500109672546
2024-08-29,0.06276299804449081
2024-08-30,0.0628810003399849
2024-09-02,0.06269799917936325
2024-09-03,0.06270699948072433
2024-09-04,0.06259399652481079
2024-09-05,0.06289199739694595
2024-09-06,0.06298399716615677
2024-09-09,0.06273099780082703
2024-09-10,0.06254100054502487
2024-09-11,0.062470998615026474
2024-09-12,0.06268999725580215
2024-09-13,0.0627639964222908
2024-09-16,0.06304699927568436
2024-09-17,0.06355000287294388
2024-09-18,0.06327400356531143
2024-09-19,0.06321000307798386
2024-09-20,0.06293399631977081
2024-09-23,0.06265400350093842
2024-09-24,0.0626320019364357
2024-09-25,0.0630280002951622
2024-09-26,0.06256599724292755
2024-09-27,0.06362199783325195
2024-09-30,0.06389100104570389
2024-10-01,0.06366600096225739
2024-10-02,0.06325999647378922
2024-10-03,0.06333000212907791
2024-10-04,0.06291499733924866
2024-10-07,0.062387000769376755
2024-10-08,0.06250300258398056
2024-10-09,0.06251499801874161
2024-10-10,0.06242100149393082
2024-10-11,0.06214800104498863
2024-10-14,0.06237800046801567
2024-10-15,0.06186699867248535
2024-10-16,0.061604999005794525
2024-10-17,0.06159200146794319
2024-10-18,0.06129499897360802
2024-10-21,0.06136399880051613
2024-10-22,0.06103299930691719
2024-10-23,0.0610480010509491
2024-10-24,0.06099199876189232
2024-10-25,0.06099500134587288
2024-10-28,0.06056300178170204
2024-10-29,0.060816001147031784
2024-10-30,0.0607369989156723
2024-10-31,0.06095299869775772
2024-11-01,0.061204999685287476
2024-11-04,0.06094999983906746
2024-11-05,0.06115100160241127
2024-11-06,0.060958001762628555
2024-11-07,0.060127999633550644
2024-11-08,0.061069000512361526
2024-11-11,0.06034199893474579
2024-11-12,0.0602170005440712
2024-11-13,0.059925999492406845
2024-11-14,0.060120001435279846
2024-11-15,0.060139000415802
2024-11-18,0.06052999943494797
2024-11-19,0.060683999210596085
2024-11-20,0.06057300046086311
2024-11-21,0.060332998633384705
2024-11-22,0.060270000249147415
2024-11-25,0.06011899933218956
2024-11-26,0.06030799821019173
2024-11-27,0.060401998460292816
2024-11-28,0.06064800173044205
2024-11-29,0.06058400124311447
2024-12-02,0.06059199944138527
2024-12-03,0.060384999960660934
2024-12-04,0.05982999876141548
2024-12-05,0.0597510002553463
2024-12-06,0.059790998697280884
2024-12-09,0.059404000639915466
2024-12-10,0.05943400040268898
2024-12-11,0.059153001755476
2024-12-12,0.05933399870991707
2024-12-13,0.05933000147342682
2024-12-16,0.0590750016272068
2024-12-17,0.05913500115275383
2024-12-18,0.059073999524116516
2024-12-19,0.058642998337745667
2024-12-20,0.0591140016913414
2024-12-23,0.058743998408317566
2024-12-24,0.058664001524448395
2024-12-25,0.05846700072288513
2024-12-26,0.05855799838900566
2024-12-27,0.05809900164604187
2024-12-30,0.05793600156903267
2024-12-31,0.058350998908281326
2025-01-02,0.058180999010801315
2025-01-03,0.05826700106263161
2025-01-06,0.05840599909424782
2025-01-07,0.05858299881219864
2025-01-08,0.059059999883174896
2025-01-09,0.05888200178742409
2025-01-10,0.05889999866485596
2025-01-13,0.05845300108194351
2025-01-14,0.059112999588251114
2025-01-15,0.059213001281023026
2025-01-16,0.05938500165939331
2025-01-17,0.05942799896001816
2025-01-20,0.05936500057578087
2025-01-21,0.05976099893450737
2025-01-22,0.06023100018501282
2025-01-23,0.06022299826145172
2025-01-24,0.060214001685380936
2025-01-27,0.06029700115323067
2025-01-28,0.060203999280929565
2025-01-29,0.05995099991559982
2025-01-30,0.0600069984793663
2025-01-31,0.06002499908208847
2025-02-03,0.059383999556303024
2025-02-04,0.05954800173640251
2025-02-05,0.06002400070428848
2025-02-06,0.06044299900531769
2025-02-07,0.06064999848604202
2025-02-10,0.06022699922323227
2025-02-11,0.060162998735904694
2025-02-12,0.059797998517751694
2025-02-13,0.05985900014638901
2025-02-14,0.0602400004863739
2025-02-17,0.06009500101208687
2025-02-18,0.06021999940276146
2025-02-19,0.06027200073003769
2025-02-20,0.06029399856925011
2025-02-21,0.06035400182008743
2025-02-24,0.060384999960660934
2025-02-25,0.06063200160861015
2025-02-26,0.0608769990503788
2025-02-27,0.06073400005698204
2025-02-28,0.060189999639987946
2025-03-03,0.05983300134539604
2025-03-04,0.05985900014638901
2025-03-05,0.05998999997973442
2025-03-06,0.060148000717163086
2025-03-07,0.06019299849867821
2025-03-10,0.06007099896669388
2025-03-11,0.05991299822926521
2025-03-12,0.060040999203920364
2025-03-13,0.060120999813079834
2025-03-14,0.05979499965906143
2025-03-17,0.05991499871015549
2025-03-18,0.0602089986205101
2025-03-19,0.059709999710321426
2025-03-20,0.05923499912023544
2025-03-21,0.058855000883340836
2025-03-24,0.058660998940467834
2025-03-25,0.05829299986362457
2025-03-26,0.05850199982523918
2025-03-27,0.05870100110769272
2025-03-28,0.05857900157570839
2025-03-31,0.05817300081253052
2025-04-01,0.058021001517772675
2025-04-02,0.05820000171661377
2025-04-03,0.0583840012550354
2025-04-04,0.058747999370098114
2025-04-07,0.05860099941492081
2025-04-08,0.058483999222517014
2025-04-09,0.058122001588344574
2025-04-10,0.05952399969100952
2025-04-11,0.05936500057578087
2025-04-14,0.06065399944782257
2025-04-15,0.06057700142264366
2025-04-16,0.06003199890255928
2025-04-17,0.060499001294374466
2025-04-22,0.059859998524188995
2025-04-23,0.05959400162100792
2025-04-24,0.05989700183272362
2025-04-25,0.05957600101828575
2025-04-28,0.059363000094890594
2025-04-29,0.05926800146698952
2025-04-30,0.059470001608133316
2025-05-01,0.05933099985122681
2025-05-02,0.058977000415325165
2025-05-05,0.0603800006210804
2025-05-06,0.06123499944806099
2025-05-07,0.061632998287677765
2025-05-08,0.06065800040960312
2025-05-09,0.06127500161528587
2025-05-12,0.06117299944162369
2025-05-13,0.05996000021696091
2025-05-14,0.06002800166606903
2025-05-15,0.060701001435518265
2025-05-16,0.06111900135874748
2025-05-19,0.0611100010573864
2025-05-20,0.061438001692295074
2025-05-21,0.061372000724077225
2025-05-22,0.06226100027561188
2025-05-23,0.06219499930739403
2025-05-26,0.062383998185396194
2025-05-27,0.062199998646974564
2025-05-28,0.06204399839043617
2025-05-29,0.06212000176310539
2025-05-30,0.06224299967288971
2025-06-02,0.0618400014936924
2025-06-03,0.06198899820446968
2025-06-04,0.0621660016477108
2025-06-05,0.0630669966340065
2025-06-06,0.06335300207138062
2025-06-09,0.06306900084018707
2025-06-10,0.06327100098133087
2025-06-11,0.062780000269413
2025-06-12,0.06244000047445297
2025-06-13,0.06330200284719467
2025-06-16,0.06299199908971786
2025-06-17,0.06333199888467789
2025-06-18,0.06252200156450272
2025-06-19,0.06303399801254272
2025-06-20,0.06302399933338165
2025-06-23,0.0631759986281395
2025-06-24,0.0632999986410141
2025-06-25,0.06339900195598602
2025-06-26,0.06332100182771683
2025-06-27,0.06314300000667572
2025-06-30,0.06262300163507462
2025-07-01,0.06345800310373306
2025-07-02,0.06319600343704224
2025-07-03,0.06320799887180328
2025-07-04,0.06262899935245514
2025-07-07,0.0627169981598854
2025-07-08,0.0624379999935627
2025-07-09,0.06250099837779999
2025-07-10,0.06237899884581566
2025-07-11,0.06241400167346001
2025-07-14,0.062226999551057816
2025-07-15,0.06216000020503998
2025-07-16,0.06197899952530861
2025-07-17,0.061969999223947525
2025-07-18,0.061788998544216156
2025-07-21,0.061907000839710236
2025-07-22,0.06233299896121025
2025-07-23,0.06253200024366379
2025-07-24,0.06284800171852112
2025-07-25,0.062950000166893
2025-07-28,0.06251399964094162
2025-07-29,0.06246199831366539
2025-07-30,0.06264200061559677
2025-07-31,0.06291300058364868
2025-08-01,0.06282900273799896
2025-08-04,0.06271299719810486
2025-08-05,0.06347999721765518
2025-08-06,0.06322000175714493
2025-08-07,0.06334900110960007
2025-08-08,0.06308399885892868
2025-08-11,0.06299500167369843
2025-08-12,0.06303200125694275
2025-08-13,0.06328800320625305
2025-08-14,0.06338000297546387
2025-08-15,0.06313899904489517
2025-08-18,0.0630050003528595
2025-08-19,0.06289699673652649
2025-08-20,0.06254199892282486
2025-08-21,0.06224900111556053
2025-08-22,0.06232500076293945
2025-08-25,0.06310500204563141
2025-08-26,0.06302600353956223
2025-08-27,0.0628260001540184
2025-08-28,0.06289400160312653
2025-08-29,0.06322400271892548
2025-09-01,0.06344199925661087
2025-09-02,0.06313099712133408
2025-09-03,0.0630510002374649
2025-09-04,0.06333299726247787
2025-09-05,0.06330899894237518
2025-09-08,0.0636029988527298
2025-09-09,0.06344500184059143
2025-09-10,0.06354600191116333
2025-09-11,0.06342999637126923
2025-09-12,0.0634789988398552
2025-09-15,0.06329499930143356
2025-09-16,0.06358099728822708
2025-09-17,0.06374700367450714
2025-09-18,0.06371799856424332
2025-09-19,0.06356099992990494
2025-09-22,0.06305299699306488
2025-09-23,0.06351099908351898
2025-09-24,0.06375999748706818
2025-09-25,0.06320299953222275
2025-09-26,0.06296300143003464
2025-09-29,0.0629040002822876
2025-09-30,0.06334500014781952
2025-10-01,0.06327000260353088
2025-10-02,0.06321799755096436
2025-10-03,0.06307300180196762
2025-10-06,0.06306400150060654
2025-10-07,0.06288199871778488
2025-10-08,0.06268999725580215
2025-10-09,0.062359001487493515
2025-10-10,0.062470998615026474
2025-10-13,0.062066998332738876
2025-10-14,0.0621270015835762
2025-10-15,0.062066998332738876
2025-10-16,0.06179099902510643
2025-10-17,0.062109000980854034
2025-10-20,0.06189800053834915
2025-10-21,0.061854999512434006
2025-10-22,0.06146499887108803
2025-10-23,0.06129699945449829
2025-10-24,0.06109200045466423
2025-10-27,0.06103599816560745
2025-10-28,0.06160899996757507
2025-10-29,0.061827000230550766
2025-10-30,0.06199700012803078
2025-10-31,0.062199000269174576
2025-11-03,0.06204000115394592
2025-11-04,0.06204599887132645
2025-11-05,0.06158500164747238
2025-11-06,0.061466000974178314
2025-11-07,0.06120000034570694
2025-11-10,0.06089099869132042
2025-11-11,0.06088000163435936
2025-11-12,0.060559000819921494
2025-11-13,0.06030799821019173
2025-11-14,0.06043099984526634
2025-11-17,0.06122199818491936
2025-11-18,0.06059399992227554
2025-11-19,0.060752999037504196
2025-11-20,0.06030900031328201
2025-11-21,0.06015700101852417
2025-11-24,0.06098699942231178
2025-11-25,0.06040000170469284
2025-11-26,0.06081100180745125
2025-11-27,0.06058900058269501
2025-11-28,0.061108000576496124
2025-12-01,0.06088100001215935
2025-12-02,0.0609080009162426
2025-12-03,0.06123200058937073
2025-12-04,0.06150300055742264
2025-12-05,0.06097299978137016
2025-12-08,0.06102399900555611
2025-12-09,0.06133300065994263
2025-12-10,0.06120799854397774
2025-12-11,0.06108200177550316
2025-12-12,0.06131900101900101
2025-12-15,0.06141199916601181
2025-12-16,0.061817001551389694
2025-12-17,0.06175500154495239
2025-12-18,0.06129699945449829
2025-12-19,0.06117499992251396
2025-12-22,0.06069599837064743
2025-12-23,0.060628000646829605
2025-12-24,0.060465000569820404
2025-12-26,0.06224999949336052
2025-12-29,0.06204799935221672
2025-12-30,0.06261300295591354
2025-12-31,0.06238299980759621
2026-01-02,0.06247200071811676
2026-01-05,0.06239699944853783
2026-01-06,0.06237800046801567
2026-01-07,0.06234600022435188
2026-01-08,0.06209399923682213
2026-01-09,0.06195300072431564
2026-01-12,0.06192300096154213
2026-01-13,0.06148099899291992
2026-01-14,0.06124600023031235
2026-01-15,0.061601001769304276
2026-01-16,0.061473000794649124
2026-01-19,0.06155199930071831
2026-01-20,0.061733998358249664
2026-01-21,0.06161699816584587
2026-01-22,0.06242600083351135
2026-01-23,0.06252399832010269
2026-01-26,0.0633779987692833
2026-01-27,0.06359799951314926
2026-01-28,0.06385400146245956
2026-01-29,0.0643479973077774
2026-01-30,0.06418900191783905
2026-02-02,0.06319800019264221
2026-02-03,0.06230999901890755
2026-02-04,0.0624609999358654
2026-02-05,0.06189500167965889
2026-02-06,0.06136399880051613
2026-02-09,0.06189600005745888
2026-02-10,0.06219499930739403
2026-02-11,0.062203001230955124
2026-02-12,0.062780000269413
2026-02-13,0.06280899792909622
2026-02-16,0.06285600364208221
2026-02-17,0.06299000233411789
2026-02-18,0.06289300322532654
2026-02-19,0.06300000101327896
2026-02-20,0.06284099817276001
2026-02-23,0.06273200362920761
2026-02-24,0.06306800246238708
2026-02-25,0.06309399753808975
2026-02-26,0.06369400024414062
2026-02-27,0.06350000202655792
2026-03-02,0.06325100362300873
2026-03-03,0.0630050003528595
2026-03-04,0.06199900060892105
2026-03-05,0.06301800161600113
2026-03-06,0.06199299916625023
2026-03-09,0.061964001506567
2026-03-10,0.0630749985575676
2026-03-11,0.06240300089120865
2026-03-12,0.062449999153614044
2026-03-13,0.06206300109624863
2026-03-16,0.06159000098705292
2026-03-17,0.061907000839710236
2026-03-18,0.06197499856352806
2026-03-19,0.061893001198768616
2026-03-20,0.062438998371362686
2026-03-23,0.06236499920487404
2026-03-24,0.06276600062847137
2026-03-25,0.06292299926280975
2026-03-26,0.06266500055789948
2026-03-27,0.06248300150036812
2026-03-30,0.06285200268030167
2026-03-31,0.06219099834561348
2026-04-01,0.062144000083208084
2026-04-02,0.06122700124979019
2026-04-03,0.061563000082969666
2026-04-06,0.061560001224279404
2026-04-07,0.061611998826265335
2026-04-08,0.06190099939703941
2026-04-09,0.06241200119256973
2026-04-10,0.06272199749946594
2026-04-13,0.0637189969420433
2026-04-14,0.06424099951982498
2026-04-15,0.06335999816656113
2026-04-16,0.06331100314855576
2026-04-17,0.06291600316762924
2026-04-20,0.06316100060939789
2026-04-21,0.06333799660205841
2026-04-22,0.06296899914741516
2026-04-23,0.06342300027608871
2026-04-24,0.0635489970445633
2026-04-27,0.06386899948120117
2026-04-28,0.06394699960947037
2026-04-29,0.06424999982118607
2026-04-30,0.06377200037240982
2026-05-01,0.06423600018024445
2026-05-04,0.06439600139856339
2026-05-05,0.06449300050735474
2026-05-06,0.06453300267457962
2026-05-07,0.06545200198888779
2026-05-08,0.0647440031170845
2026-05-11,0.06460600346326828
2026-05-12,0.06464800238609314
2026-05-13,0.06403300166130066
2026-05-14,0.06422500312328339
2026-05-15,0.06407000124454498
2026-05-18,0.06404700130224228
2026-05-19,0.0644569993019104
2026-05-20,0.06402900069952011
2026-05-21,0.06434399634599686
2026-05-22,0.06392200291156769
2026-05-25,0.063230000436306
2026-05-26,0.06284300237894058
2026-05-27,0.06279999762773514
2026-05-28,0.0638900026679039
2026-05-29,0.06421999633312225
2026-06-01,0.06300599873065948
2026-06-02,0.06322299689054489
2026-06-03,0.06277000159025192
2026-06-04,0.06284800171852112
2026-06-05,0.062474001199007034
2026-06-08,0.061041999608278275
2026-06-09,0.06259100139141083
2026-06-10,0.062484998255968094
2026-06-11,0.06270600110292435
2026-06-12,0.06306599825620651
2026-06-15,0.0629659965634346
2026-06-16,0.06258200109004974
2026-06-17,0.06277299672365189
2026-06-18,0.06214800104498863
2026-06-19,0.06135199964046478
2026-06-22,0.061560001224279404
2026-06-23,0.06152400001883507
2026-06-24,0.061976999044418335
2026-06-25,0.06118899956345558
2026-06-26,0.06103900074958801
2026-06-29,0.06142299994826317
2026-06-30,0.06145799905061722
2026-07-01,0.06125500053167343
2026-07-02,0.061441000550985336
2026-07-03,0.0618709996342659
2026-07-06,0.062178000807762146
2026-07-07,0.06252799928188324
2026-07-08,0.06288599967956543
2026-07-09,0.06375099718570709
2026-07-10,0.06333400309085846
2026-07-13,0.06355500221252441
2026-07-14,0.06430400162935257
2026-07-15,0.0647749975323677
2026-07-16,0.06489700078964233
2026-07-17,0.06531800329685211
2026-07-20,0.064690001308918
2026-07-21,0.06538300216197968
2026-07-22,0.06506399810314178
2026-07-23,0.06538999825716019
2026-07-24,0.06567399948835373
2026-07-27,0.06618600338697433
2026-07-28,0.06535399705171585
2026-07-29,0.06573899835348129
2026-07-30,0.06632100045681
2026-07-31,0.06730800122022629
2026-08-03,0.06640399992465973
2026-08-04,0.06668800115585327
2026-08-05,0.06652600318193436
2026-08-06,0.06686999648809433
2026-08-07,0.06695699691772461
2026-08-10,0.06761600077152252
2026-08-11,0.06726200133562088
2026-08-12,0.0674929991364479
2026-08-13,0.06727000325918198
2026-08-14,0.06728500127792358
2026-08-17,0.067392997443676
2026-08-18,0.06762800365686417
2026-08-19,0.06777500361204147
2026-08-20,0.06872600317001343
2026-08-21,0.06884399801492691
2026-08-24,0.06904800236225128
2026-08-25,0.06932300329208374
2026-08-26,0.06770800054073334
2026-08-27,0.06894399970769882
2026-08-28,0.06914699822664261
2026-08-31,0.06920100003480911
2026-09-01,0.06954800337553024
2026-09-02,0.06914900243282318
2026-09-03,0.06950899958610535
2026-09-04,0.06966300308704376
2026-09-07,0.0701569989323616
2026-09-08,0.07027599960565567
2026-09-09,0.07074499875307083
2026-09-10,0.0709799975156784
2026-09-11,0.07092700153589249
2026-09-14,0.07063300162553787
2026-09-15,0.07109399884939194
2026-09-16,0.0703440010547638
2026-09-17,0.06977900117635727
2026-09-18,0.06938999891281128
2026-09-21,0.06928099691867828
2026-09-22,0.06967800110578537
2026-09-23,0.07085099816322327
2026-09-24,0.0701569989323616
2026-09-25,0.07018499821424484
2026-09-28,0.07066400349140167
2026-09-29,0.07058999687433243
2026-09-30,0.07108599692583084
2026-10-01,0.07065699994564056
2026-10-02,0.07071699947118759
2026-10-05,0.07169400155544281
2026-10-06,0.07167299836874008
2026-10-07,0.07192700356245041
2026-10-08,0.07216800004243851
