date,close
2011-10-10,1.6109999418258667
2011-10-11,1.610700011253357
2011-10-12,1.6009999513626099
2011-10-13,1.6145999431610107
2011-10-14,1.624500036239624
2011-10-17,1.6203999519348145
2011-10-18,1.6263999938964844
2011-10-19,1.6346999406814575
2011-10-20,1.6243000030517578
2011-10-21,1.628999948501587
2011-10-24,1.6576999425888062
2011-10-25,1.6608999967575073
2011-10-26,1.6360000371932983
2011-10-27,1.6292999982833862
2011-10-28,1.6448999643325806
2011-10-31,1.6276999711990356
2011-11-01,1.6154999732971191
2011-11-02,1.6360000371932983
2011-11-03,1.625
2011-11-04,1.6201000213623047
2011-11-07,1.620300054550171
2011-11-08,1.6234999895095825
2011-11-09,1.642199993133545
2011-11-10,1.6584999561309814
2011-11-11,1.6502000093460083
2011-11-14,1.673799991607666
2011-11-15,1.6621999740600586
2011-11-16,1.6711000204086304
2011-11-17,1.6780999898910522
2011-11-18,1.6921000480651855
2011-11-21,1.6823999881744385
2011-11-22,1.7288000583648682
2011-11-23,1.7235000133514404
2011-11-24,1.7122999429702759
2011-11-25,1.7008999586105347
2011-11-28,1.7143000364303589
2011-11-29,1.698799967765808
2011-11-30,1.7160999774932861
2011-12-01,1.7375999689102173
2011-12-02,1.7029000520706177
2011-12-05,1.6787999868392944
2011-12-06,1.7020000219345093
2011-12-07,1.6933000087738037
2011-12-08,1.7115999460220337
2011-12-09,1.7038999795913696
2011-12-12,1.7101999521255493
2011-12-13,1.718999981880188
2011-12-14,1.7381000518798828
2011-12-15,1.7654000520706177
2011-12-16,1.7654999494552612
2011-12-19,1.7267999649047852
2011-12-20,1.732100009918213
2011-12-21,1.7375999689102173
2011-12-22,1.722000002861023
2011-12-23,1.7315000295639038
2011-12-26,1.7378000020980835
2011-12-27,1.7378000020980835
2011-12-28,1.74590003490448
2011-12-29,1.7239999771118164
2011-12-30,1.760200023651123
2012-01-02,1.7529000043869019
2012-01-03,1.752500057220459
2012-01-04,1.7538000345230103
2012-01-05,1.7371000051498413
2012-01-06,1.738700032234192
2012-01-09,1.7304999828338623
2012-01-10,1.7300000190734863
2012-01-11,1.7175999879837036
2012-01-12,1.7232999801635742
2012-01-13,1.7247999906539917
2012-01-16,1.7003999948501587
2012-01-17,1.708799958229065
2012-01-18,1.6857000589370728
2012-01-19,1.6792999505996704
2012-01-20,1.6835999488830566
2012-01-23,1.680299997329712
2012-01-24,1.6710000038146973
2012-01-25,1.6684999465942383
2012-01-26,1.6751999855041504
2012-01-27,1.7267999649047852
2012-01-30,1.6571999788284302
2012-01-31,1.7267999649047852
2012-02-01,1.655900001525879
2012-02-02,1.6618000268936157
2012-02-03,1.662600040435791
2012-02-06,1.6383999586105347
2012-02-07,1.6638000011444092
2012-02-08,1.673799991607666
2012-02-09,1.6588000059127808
2012-02-10,1.6799999475479126
2012-02-13,1.6639000177383423
2012-02-14,1.6514999866485596
2012-02-15,1.6585999727249146
2012-02-16,1.6563999652862549
2012-02-17,1.6782000064849854
2012-02-20,1.6676000356674194
2012-02-21,1.6543999910354614
2012-02-22,1.6715999841690063
2012-02-23,1.667099952697754
2012-02-24,1.6678999662399292
2012-02-27,1.6598999500274658
2012-02-28,1.662500023841858
2012-02-29,1.662600040435791
2012-03-01,1.6497000455856323
2012-03-02,1.666200041770935
2012-03-05,1.6755000352859497
2012-03-06,1.6920000314712524
2012-03-07,1.7015999555587769
2012-03-08,1.6998000144958496
2012-03-09,1.6986000537872314
2012-03-12,1.6729999780654907
2012-03-13,1.6953999996185303
2012-03-14,1.6857999563217163
2012-03-15,1.6811000108718872
2012-03-16,1.7057000398635864
2012-03-19,1.707900047302246
2012-03-20,1.708799958229065
2012-03-21,1.7111999988555908
2012-03-22,1.707900047302246
2012-03-23,1.735200047492981
2012-03-26,1.7067999839782715
2012-03-27,1.736899971961975
2012-03-28,1.7085000276565552
2012-03-29,1.7136000394821167
2012-03-30,1.7396999597549438
2012-04-02,1.7228000164031982
2012-04-03,1.722100019454956
2012-04-04,1.7000000476837158
2012-04-05,1.7304999828338623
2012-04-06,1.7304999828338623
2012-04-09,1.7274999618530273
2012-04-10,1.7274999618530273
2012-04-11,1.7410999536514282
2012-04-12,1.7365000247955322
2012-04-13,1.739300012588501
2012-04-16,1.715399980545044
2012-04-17,1.7623000144958496
2012-04-18,1.7431999444961548
2012-04-19,1.7583999633789062
2012-04-20,1.7696000337600708
2012-04-23,1.7676000595092773
2012-04-24,1.781000018119812
2012-04-25,1.7898000478744507
2012-04-26,1.7847000360488892
2012-04-27,1.7825000286102295
2012-04-30,1.8001999855041504
2012-05-01,1.8001999855041504
2012-05-02,1.805400013923645
2012-05-03,1.8122999668121338
2012-05-04,1.8288999795913696
2012-05-07,1.80649995803833
2012-05-08,1.8056999444961548
2012-05-09,1.8051999807357788
2012-05-10,1.825600028038025
2012-05-11,1.8116999864578247
2012-05-14,1.8173999786376953
2012-05-15,1.819100022315979
2012-05-16,1.8055000305175781
2012-05-17,1.8416999578475952
2012-05-18,1.8401999473571777
2012-05-21,1.8523999452590942
2012-05-22,1.8666000366210938
2012-05-23,1.8601000308990479
2012-05-24,1.875499963760376
2012-05-25,1.8717000484466553
2012-05-28,1.8579000234603882
2012-05-29,1.8575999736785889
2012-05-30,1.8669999837875366
2012-05-31,1.8794000148773193
2012-06-01,1.871999979019165
2012-06-04,1.8681000471115112
2012-06-05,1.8634999990463257
2012-06-06,1.8594000339508057
2012-06-07,1.8617000579833984
2012-06-08,1.8341000080108643
2012-06-11,1.8235000371932983
2012-06-12,1.8467999696731567
2012-06-13,1.8603999614715576
2012-06-14,1.864300012588501
2012-06-15,1.8681000471115112
2012-06-18,1.8531999588012695
2012-06-19,1.8631000518798828
2012-06-20,1.8808000087738037
2012-06-21,1.8769999742507935
2012-06-22,1.8631000518798828
2012-06-25,1.9075000286102295
2012-06-26,1.9033000469207764
2012-06-27,1.8997999429702759
2012-06-28,1.895400047302246
2012-06-29,1.8980000019073486
2012-07-02,1.8696999549865723
2012-07-03,1.847000002861023
2012-07-04,1.8217999935150146
2012-07-05,1.81850004196167
2012-07-06,1.819000005722046
2012-07-09,1.8313000202178955
2012-07-10,1.8636000156402588
2012-07-11,1.8423000574111938
2012-07-12,1.8508000373840332
2012-07-13,1.860700011253357
2012-07-16,1.844499945640564
2012-07-17,1.843500018119812
2012-07-18,1.8393000364303589
2012-07-19,1.8483999967575073
2012-07-20,1.8351000547409058
2012-07-23,1.8312000036239624
2012-07-24,1.8583999872207642
2012-07-25,1.8550000190734863
2012-07-26,1.860700011253357
2012-07-27,1.8499000072479248
2012-07-30,1.8360999822616577
2012-07-31,1.8428000211715698
2012-08-01,1.8603999614715576
2012-08-02,1.839900016784668
2012-08-03,1.8478000164031982
2012-08-06,1.874899983406067
2012-08-07,1.8583999872207642
2012-08-08,1.8342000246047974
2012-08-09,1.850100040435791
2012-08-10,1.8417999744415283
2012-08-13,1.8456000089645386
2012-08-14,1.8421000242233276
2012-08-15,1.8509999513626099
2012-08-16,1.8535000085830688
2012-08-17,1.8645000457763672
2012-08-20,1.8523999452590942
2012-08-21,1.8530999422073364
2012-08-22,1.854599952697754
2012-08-23,1.8513000011444092
2012-08-24,1.8450000286102295
2012-08-27,1.8479000329971313
2012-08-28,1.8528000116348267
2012-08-29,1.8610999584197998
2012-08-30,1.8528000116348267
2012-08-31,1.8521000146865845
2012-09-03,1.853600025177002
2012-09-04,1.8603999614715576
2012-09-05,1.8566999435424805
2012-09-06,1.878000020980835
2012-09-07,1.8667000532150269
2012-09-10,1.8802000284194946
2012-09-11,1.8631999492645264
2012-09-12,1.874500036239624
2012-09-13,1.8622000217437744
2012-09-14,1.8812999725341797
2012-09-17,1.8544000387191772
2012-09-18,1.839900016784668
2012-09-19,1.8349000215530396
2012-09-20,1.8447999954223633
2012-09-21,1.8485000133514404
2012-09-24,1.81659996509552
2012-09-25,1.822700023651123
2012-09-26,1.8149000406265259
2012-09-27,1.820099949836731
2012-09-28,1.8092999458312988
2012-10-01,1.773800015449524
2012-10-02,1.7847000360488892
2012-10-03,1.7868000268936157
2012-10-04,1.780400037765503
2012-10-05,1.7732000350952148
2012-10-08,1.7506999969482422
2012-10-09,1.7976000308990479
2012-10-10,1.7884999513626099
2012-10-11,1.8072999715805054
2012-10-12,1.8006999492645264
2012-10-15,1.804900050163269
2012-10-16,1.8137999773025513
2012-10-17,1.823199987411499
2012-10-18,1.8098000288009644
2012-10-19,1.8207000494003296
2012-10-22,1.8353999853134155
2012-10-23,1.8265000581741333
2012-10-24,1.826799988746643
2012-10-25,1.8366999626159668
2012-10-26,1.8221999406814575
2012-10-29,1.8321000337600708
2012-10-30,1.847100019454956
2012-10-31,1.847599983215332
2012-11-01,1.8377000093460083
2012-11-02,1.8309999704360962
2012-11-05,1.8323999643325806
2012-11-06,1.8652000427246094
2012-11-07,1.8593000173568726
2012-11-08,1.8522000312805176
2012-11-09,1.863700032234192
2012-11-12,1.8557000160217285
2012-11-13,1.8889000415802002
2012-11-14,1.888700008392334
2012-11-15,1.8838000297546387
2012-11-16,1.8818999528884888
2012-11-19,1.8884999752044678
2012-11-20,1.8869999647140503
2012-11-21,1.8905999660491943
2012-11-22,1.8990000486373901
2012-11-23,1.892799973487854
2012-11-26,1.8716000318527222
2012-11-27,1.9127000570297241
2012-11-28,1.9003000259399414
2012-11-29,1.917199969291687
2012-11-30,1.8833999633789062
2012-12-03,1.8614000082015991
2012-12-04,1.8871999979019165
2012-12-05,1.8808000087738037
2012-12-06,1.8734999895095825
2012-12-07,1.8458000421524048
2012-12-10,1.8655999898910522
2012-12-11,1.8752000331878662
2012-12-12,1.8667999505996704
2012-12-13,1.8732999563217163
2012-12-14,1.8726999759674072
2012-12-17,1.8408000469207764
2012-12-18,1.8868999481201172
2012-12-19,1.8933000564575195
2012-12-20,1.8674999475479126
2012-12-21,1.8845000267028809
2012-12-24,1.889799952507019
2012-12-25,1.8841999769210815
2012-12-26,1.8858000040054321
2012-12-27,1.8867000341415405
2012-12-28,1.888700008392334
2012-12-31,1.8876999616622925
2013-01-01,1.8931000232696533
2013-01-02,1.882200002670288
2013-01-03,1.8610999584197998
2013-01-04,1.8655999898910522
2013-01-07,1.8996000289916992
2013-01-08,1.9143999814987183
2013-01-09,1.8877999782562256
2013-01-10,1.8853000402450562
2013-01-11,1.9106999635696411
2013-01-14,1.907099962234497
2013-01-15,1.8837000131607056
2013-01-16,1.8792999982833862
2013-01-17,1.8813999891281128
2013-01-18,1.8762999773025513
2013-01-21,1.8336000442504883
2013-01-22,1.853600025177002
2013-01-23,1.8494000434875488
2013-01-24,1.8451999425888062
2013-01-25,1.8497999906539917
2013-01-28,1.8413000106811523
2013-01-29,1.8264000415802002
2013-01-30,1.8258999586105347
2013-01-31,1.8078999519348145
2013-02-01,1.8063000440597534
2013-02-04,1.7927000522613525
2013-02-05,1.7943999767303467
2013-02-06,1.8007999658584595
2013-02-07,1.7955000400543213
2013-02-08,1.773300051689148
2013-02-11,1.7949999570846558
2013-02-12,1.8140000104904175
2013-02-13,1.8066999912261963
2013-02-14,1.8035000562667847
2013-02-15,1.8193999528884888
2013-02-18,1.8380000591278076
2013-02-19,1.8216999769210815
2013-02-20,1.8396999835968018
2013-02-21,1.8138999938964844
2013-02-22,1.8350000381469727
2013-02-25,1.8329999446868896
2013-02-26,1.7899999618530273
2013-02-27,1.8193999528884888
2013-02-28,1.8208999633789062
2013-03-01,1.8250999450683594
2013-03-04,1.8502000570297241
2013-03-05,1.850600004196167
2013-03-06,1.8523000478744507
2013-03-07,1.8351000547409058
2013-03-08,1.8521000146865845
2013-03-11,1.8162000179290771
2013-03-12,1.8356000185012817
2013-03-13,1.8260999917984009
2013-03-14,1.822700023651123
2013-03-15,1.8377000093460083
2013-03-18,1.819100022315979
2013-03-19,1.8157999515533447
2013-03-20,1.8149000406265259
2013-03-21,1.8272000551223755
2013-03-22,1.8181999921798706
2013-03-25,1.823099970817566
2013-03-26,1.7960000038146973
2013-03-27,1.8209999799728394
2013-03-28,1.8169000148773193
2013-03-29,1.8169000148773193
2013-04-01,1.8148000240325928
2013-04-02,1.8148000240325928
2013-04-03,1.8164000511169434
2013-04-04,1.8269000053405762
2013-04-05,1.8466999530792236
2013-04-08,1.8381999731063843
2013-04-09,1.8144999742507935
2013-04-10,1.8229000568389893
2013-04-11,1.8107000589370728
2013-04-12,1.8112000226974487
2013-04-15,1.8244999647140503
2013-04-16,1.819700002670288
2013-04-17,1.8214000463485718
2013-04-18,1.7979999780654907
2013-04-19,1.794100046157837
2013-04-22,1.8030999898910522
2013-04-23,1.8164000511169434
2013-04-24,1.8235000371932983
2013-04-25,1.8214000463485718
2013-04-26,1.8173999786376953
2013-04-29,1.836400032043457
2013-04-30,1.8391000032424927
2013-05-01,1.8307000398635864
2013-05-02,1.813099980354309
2013-05-03,1.804900050163269
2013-05-06,1.8205000162124634
2013-05-07,1.8278000354766846
2013-05-08,1.8255000114440918
2013-05-09,1.844499945640564
2013-05-10,1.826799988746643
2013-05-13,1.8442000150680542
2013-05-14,1.8351000547409058
2013-05-15,1.829200029373169
2013-05-16,1.8271000385284424
2013-05-17,1.825600028038025
2013-05-20,1.8301000595092773
2013-05-21,1.8436000347137451
2013-05-22,1.8590999841690063
2013-05-23,1.8487999439239502
2013-05-24,1.8646999597549438
2013-05-27,1.8533999919891357
2013-05-28,1.8544000387191772
2013-05-29,1.853700041770935
2013-05-30,1.875100016593933
2013-05-31,1.87909996509552
2013-06-03,1.8588999509811401
2013-06-04,1.8912999629974365
2013-06-05,1.8833999633789062
2013-06-06,1.9081000089645386
2013-06-07,1.9230999946594238
2013-06-10,1.9230999946594238
2013-06-11,1.9230999946594238
2013-06-12,1.9230999946594238
2013-06-13,1.9434000253677368
2013-06-14,1.9462000131607056
2013-06-17,1.9213999509811401
2013-06-18,1.948199987411499
2013-06-19,1.9667999744415283
2013-06-20,1.951799988746643
2013-06-21,1.979200005531311
2013-06-24,1.9545999765396118
2013-06-25,1.9837000370025635
2013-06-26,1.976199984550476
2013-06-27,2.0099000930786133
2013-06-28,2.005500078201294
2013-07-01,1.9664000272750854
2013-07-02,1.9803999662399292
2013-07-03,1.9752000570297241
2013-07-04,2.0100998878479004
2013-07-05,1.9871000051498413
2013-07-08,1.9957000017166138
2013-07-09,2.016700029373169
2013-07-10,1.9817999601364136
2013-07-11,2.0487000942230225
2013-07-12,2.0071001052856445
2013-07-15,1.9731999635696411
2013-07-16,2.004499912261963
2013-07-17,1.9931999444961548
2013-07-18,1.9812999963760376
2013-07-19,1.996899962425232
2013-07-22,1.98580002784729
2013-07-23,1.9967999458312988
2013-07-24,2.003200054168701
2013-07-25,1.9674999713897705
2013-07-26,1.979200005531311
2013-07-29,1.9733999967575073
2013-07-30,1.980299949645996
2013-07-31,2.0260000228881836
2013-08-01,2.032599925994873
2013-08-02,2.0060999393463135
2013-08-05,2.0462000370025635
2013-08-06,2.0304999351501465
2013-08-07,2.0332000255584717
2013-08-08,2.0480000972747803
2013-08-09,2.033099889755249
2013-08-12,2.0223000049591064
2013-08-13,2.036799907684326
2013-08-14,2.0367000102996826
2013-08-15,2.0499000549316406
2013-08-16,2.058799982070923
2013-08-19,2.0601999759674072
2013-08-20,2.099400043487549
2013-08-21,2.1112000942230225
2013-08-22,2.131200075149536
2013-08-23,2.1514999866485596
2013-08-26,2.109800100326538
2013-08-27,2.144399881362915
2013-08-28,2.216900110244751
2013-08-29,2.2904999256134033
2013-08-30,2.21589994430542
2013-09-02,2.1779000759124756
2013-09-03,2.210099935531616
2013-09-04,2.266200065612793
2013-09-05,2.255500078201294
2013-09-06,2.200700044631958
2013-09-09,2.1642000675201416
2013-09-10,2.207900047302246
2013-09-11,2.151700019836426
2013-09-12,2.1384999752044678
2013-09-13,2.1345999240875244
2013-09-16,2.1331000328063965
2013-09-17,2.1182000637054443
2013-09-18,2.135699987411499
2013-09-19,2.1647000312805176
2013-09-20,2.0922999382019043
2013-09-23,2.102099895477295
2013-09-24,2.1126999855041504
2013-09-25,2.1164000034332275
2013-09-26,2.1106998920440674
2013-09-27,2.0952000617980957
2013-09-30,2.115000009536743
2013-10-01,2.118799924850464
2013-10-02,2.1113998889923096
2013-10-03,2.1277999877929688
2013-10-04,2.1029000282287598
2013-10-07,2.0845999717712402
2013-10-09,2.1119000911712646
2013-10-10,2.1010000705718994
2013-10-11,2.0862998962402344
2013-10-14,2.075000047683716
2013-10-15,2.093600034713745
2013-10-16,2.1089000701904297
2013-10-17,2.0943000316619873
2013-10-18,2.084199905395508
2013-10-21,2.0808000564575195
2013-10-22,2.091599941253662
2013-10-23,2.113600015640259
2013-10-24,2.097899913787842
2013-10-25,2.0897998809814453
2013-10-28,2.089600086212158
2013-10-29,2.088099956512451
2013-10-30,2.0787999629974365
2013-10-31,2.075900077819824
2013-11-01,2.079900026321411
2013-11-04,2.093899965286255
2013-11-05,2.099100112915039
2013-11-06,2.091399908065796
2013-11-07,2.1201000213623047
2013-11-08,2.1029999256134033
2013-11-11,2.109999895095825
2013-11-12,2.1396000385284424
2013-11-13,2.1607000827789307
2013-11-14,2.1489999294281006
2013-11-15,2.1308999061584473
2013-11-18,2.1340999603271484
2013-11-19,2.115600109100342
2013-11-20,2.1236000061035156
2013-11-21,2.110100030899048
2013-11-22,2.1287999153137207
2013-11-25,2.122999906539917
2013-11-26,2.109999895095825
2013-11-27,2.111799955368042
2013-11-28,2.100399971008301
2013-11-29,2.1057000160217285
2013-12-02,2.103300094604492
2013-12-03,2.1054000854492188
2013-12-04,2.109299898147583
2013-12-05,2.0950000286102295
2013-12-06,2.095099925994873
2013-12-09,2.0780999660491943
2013-12-10,2.07069993019104
2013-12-11,2.0671000480651855
2013-12-12,2.0739998817443848
2013-12-13,2.079400062561035
2013-12-16,2.0731000900268555
2013-12-17,2.077500104904175
2013-12-18,2.0882999897003174
2013-12-19,2.078700065612793
2013-12-20,2.0722999572753906
2013-12-23,2.0432000160217285
2013-12-24,2.0671000480651855
2013-12-25,2.055299997329712
2013-12-26,2.055299997329712
2013-12-27,2.055299997329712
2013-12-30,2.033400058746338
2013-12-31,2.066999912261963
2014-01-01,2.067699909210205
2014-01-02,2.067699909210205
2014-01-03,2.0748000144958496
2014-01-06,2.067500114440918
2014-01-07,2.0754001140594482
2014-01-08,2.0631000995635986
2014-01-09,2.061000108718872
2014-01-10,2.066699981689453
2014-01-13,2.0683999061584473
2014-01-14,2.0481998920440674
2014-01-15,2.0439999103546143
2014-01-16,2.0425000190734863
2014-01-17,2.0441999435424805
2014-01-20,2.0179998874664307
2014-01-21,2.0429999828338623
2014-01-22,2.051100015640259
2014-01-23,2.038300037384033
2014-01-24,2.0580999851226807
2014-01-27,2.0631000995635986
2014-01-28,2.0797998905181885
2014-01-29,2.0638999938964844
2014-01-30,2.057499885559082
2014-01-31,2.055299997329712
2014-02-03,2.039099931716919
2014-02-04,2.0632998943328857
2014-02-05,2.0632998943328857
2014-02-06,2.0650999546051025
2014-02-07,2.067500114440918
2014-02-10,2.0648999214172363
2014-02-11,2.0597000122070312
2014-02-12,2.047499895095825
2014-02-13,2.0536999702453613
2014-02-14,2.0552000999450684
2014-02-17,2.022599935531616
2014-02-18,2.0422000885009766
2014-02-19,2.0557000637054443
2014-02-20,2.0501999855041504
2014-02-21,2.0499000549316406
2014-02-24,2.050800085067749
2014-02-25,2.043600082397461
2014-02-26,2.0394999980926514
2014-02-27,2.0353000164031982
2014-02-28,2.0487000942230225
2014-03-03,2.038100004196167
2014-03-04,2.041300058364868
2014-03-05,2.0387001037597656
2014-03-06,2.038599967956543
2014-03-07,2.033900022506714
2014-03-10,2.015899896621704
2014-03-11,2.007699966430664
2014-03-12,2.009700059890747
2014-03-13,2.019399881362915
2014-03-14,2.0032999515533447
2014-03-17,1.9882999658584595
2014-03-18,2.0178000926971436
2014-03-19,2.004300117492676
2014-03-20,1.9859000444412231
2014-03-21,1.999899983406067
2014-03-24,1.966599941253662
2014-03-25,1.9981000423431396
2014-03-26,1.9797999858856201
2014-03-27,1.9661999940872192
2014-03-28,1.9651999473571777
2014-03-31,1.9357000589370728
2014-04-01,1.9644999504089355
2014-04-02,1.9744000434875488
2014-04-03,1.968999981880188
2014-04-04,1.9795000553131104
2014-04-07,1.982300043106079
2014-04-08,1.9881000518798828
2014-04-09,1.9967999458312988
2014-04-10,2.0071001052856445
2014-04-11,2.0011000633239746
2014-04-14,1.9986000061035156
2014-04-15,1.9895000457763672
2014-04-16,1.9980000257492065
2014-04-17,1.9990999698638916
2014-04-18,1.9925999641418457
2014-04-21,1.9925999641418457
2014-04-22,1.9925999641418457
2014-04-23,2.0023999214172363
2014-04-24,2.0111000537872314
2014-04-25,2.018399953842163
2014-04-28,2.0006000995635986
2014-04-29,2.0023000240325928
2014-04-30,1.993899941444397
2014-05-01,2.0009000301361084
2014-05-02,1.9988000392913818
2014-05-05,1.9951000213623047
2014-05-06,1.999400019645691
2014-05-07,1.9896999597549438
2014-05-08,1.9873000383377075
2014-05-09,1.9765000343322754
2014-05-12,1.982300043106079
2014-05-13,1.9847999811172485
2014-05-14,1.9646999835968018
2014-05-15,1.9730000495910645
2014-05-16,1.9775999784469604
2014-05-19,1.9414000511169434
2014-05-20,1.9329999685287476
2014-05-21,1.9407999515533447
2014-05-22,1.9430999755859375
2014-05-23,1.9287999868392944
2014-05-26,1.94350004196167
2014-05-27,1.9498000144958496
2014-05-28,1.9556000232696533
2014-05-29,1.9521000385284424
2014-05-30,1.9610999822616577
2014-06-02,1.9745999574661255
2014-06-03,1.964900016784668
2014-06-04,1.9753999710083008
2014-06-05,1.968400001525879
2014-06-06,1.975100040435791
2014-06-09,1.9701000452041626
2014-06-10,1.9670000076293945
2014-06-11,1.9710999727249146
2014-06-12,1.9766000509262085
2014-06-13,1.9797999858856201
2014-06-16,1.9869999885559082
2014-06-17,2.0072999000549316
2014-06-18,2.0053000450134277
2014-06-19,2.0092999935150146
2014-06-20,2.000200033187866
2014-06-23,2.0048999786376953
2014-06-24,2.0053000450134277
2014-06-25,2.003700017929077
2014-06-26,2.00600004196167
2014-06-27,2.0090999603271484
2014-06-30,2.0125999450683594
2014-07-01,2.014899969100952
2014-07-02,2.004499912261963
2014-07-03,1.9946000576019287
2014-07-04,1.9908000230789185
2014-07-07,1.9972000122070312
2014-07-08,2.0030999183654785
2014-07-09,1.9997999668121338
2014-07-10,2.001300096511841
2014-07-11,2.0072999000549316
2014-07-14,2.0053000450134277
2014-07-15,2.0048000812530518
2014-07-16,1.996000051498413
2014-07-17,2.001499891281128
2014-07-18,2.003000020980835
2014-07-21,2.00819993019104
2014-07-22,2.00819993019104
2014-07-23,1.999500036239624
2014-07-24,1.9996999502182007
2014-07-25,2.0025999546051025
2014-07-28,1.9983999729156494
2014-07-29,2.002500057220459
2014-07-30,2.0004000663757324
2014-07-31,2.001199960708618
2014-08-01,2.014699935913086
2014-08-04,2.0409998893737793
2014-08-05,2.029400110244751
2014-08-06,2.0255000591278076
2014-08-07,2.0529000759124756
2014-08-08,2.0350000858306885
2014-08-11,2.0371999740600586
2014-08-12,2.035900115966797
2014-08-13,2.036600112915039
2014-08-14,2.035099983215332
2014-08-15,2.0230000019073486
2014-08-18,2.0306999683380127
2014-08-19,2.0220999717712402
2014-08-20,2.0167999267578125
2014-08-21,2.016400098800659
2014-08-22,2.020400047302246
2014-08-25,2.0109000205993652
2014-08-26,2.015899896621704
2014-08-27,2.011199951171875
2014-08-28,2.0208001136779785
2014-08-29,2.023099899291992
2014-09-01,2.000699996948242
2014-09-02,2.023900032043457
2014-09-03,2.026599884033203
2014-09-04,2.0209999084472656
2014-09-05,1.986799955368042
2014-09-08,2.015000104904175
2014-09-09,2.004300117492676
2014-09-10,2.029900074005127
2014-09-11,2.0250000953674316
2014-09-12,2.0292000770568848
2014-09-15,1.9967999458312988
2014-09-16,2.028599977493286
2014-09-17,2.0257999897003174
2014-09-18,2.001300096511841
2014-09-19,2.012500047683716
2014-09-22,2.007200002670288
2014-09-23,2.014400005340576
2014-09-24,2.012500047683716
2014-09-25,2.0053000450134277
2014-09-26,2.025599956512451
2014-09-29,2.0078999996185303
2014-09-30,2.018699884414673
2014-10-01,2.037400007247925
2014-10-02,2.028599977493286
2014-10-03,2.025399923324585
2014-10-06,2.0023999214172363
2014-10-07,2.0348000526428223
2014-10-08,2.0234999656677246
2014-10-09,2.0274999141693115
2014-10-10,1.9977999925613403
2014-10-13,2.0078999996185303
2014-10-14,2.0102999210357666
2014-10-15,2.012399911880493
2014-10-16,2.046799898147583
2014-10-17,2.036400079727173
2014-10-20,2.009999990463257
2014-10-21,2.018399953842163
2014-10-22,2.0044000148773193
2014-10-23,2.004300117492676
2014-10-24,2.0071001052856445
2014-10-27,2.0127999782562256
2014-10-28,2.0185999870300293
2014-10-29,2.0169999599456787
2014-10-30,2.0
2014-10-31,2.0209999084472656
2014-11-03,1.9889999628067017
2014-11-04,2.0011000633239746
2014-11-05,2.0139999389648438
2014-11-06,2.006200075149536
2014-11-07,1.9872000217437744
2014-11-10,2.0160000324249268
2014-11-11,2.000999927520752
2014-11-12,2.0190999507904053
2014-11-13,1.9996000528335571
2014-11-14,2.012200117111206
2014-11-17,2.0179998874664307
2014-11-18,2.0055999755859375
2014-11-19,2.009000062942505
2014-11-20,2.0060999393463135
2014-11-21,2.0034000873565674
2014-11-24,1.9918999671936035
2014-11-25,1.9982999563217163
2014-11-26,2.0044000148773193
2014-11-27,2.005199909210205
2014-11-28,1.9975999593734741
2014-12-01,2.003700017929077
2014-12-02,1.9954999685287476
2014-12-03,1.978600025177002
2014-12-04,1.986199975013733
2014-12-05,1.9946000576019287
2014-12-08,1.9753999710083008
2014-12-09,1.9884999990463257
2014-12-10,1.9864000082015991
2014-12-11,2.0006000995635986
2014-12-12,1.9900000095367432
2014-12-15,1.9975999593734741
2014-12-16,2.0192999839782715
2014-12-17,2.0318000316619873
2014-12-18,2.006200075149536
2014-12-19,2.0004000663757324
2014-12-22,2.0004000663757324
2014-12-23,1.9915000200271606
2014-12-24,1.9880000352859497
2014-12-25,1.9880000352859497
2014-12-26,1.9943000078201294
2014-12-29,1.9943000078201294
2014-12-30,1.9950000047683716
2014-12-31,1.9953999519348145
2015-01-01,1.9794000387191772
2015-01-02,1.9794000387191772
2015-01-05,1.9809999465942383
2015-01-06,1.9818999767303467
2015-01-07,1.9804999828338623
2015-01-08,1.9794000387191772
2015-01-09,1.9599000215530396
2015-01-12,1.9567999839782715
2015-01-13,1.9493000507354736
2015-01-14,1.9392000436782837
2015-01-15,1.9549000263214111
2015-01-16,1.94760000705719
2015-01-19,1.957800030708313
2015-01-20,1.9565999507904053
2015-01-21,1.938099980354309
2015-01-22,1.9603999853134155
2015-01-23,1.910099983215332
2015-01-26,1.9671000242233276
2015-01-27,1.9656000137329102
2015-01-28,1.9884999990463257
2015-01-29,1.9493999481201172
2015-01-30,1.9608999490737915
2015-02-02,1.9495999813079834
2015-02-03,1.9510999917984009
2015-02-04,1.9699000120162964
2015-02-05,1.9434000253677368
2015-02-06,1.965399980545044
2015-02-09,1.948799967765808
2015-02-10,1.9688999652862549
2015-02-11,1.9814000129699707
2015-02-12,1.9747999906539917
2015-02-13,1.9825999736785889
2015-02-16,1.9703999757766724
2015-02-17,1.961400032043457
2015-02-18,1.9615000486373901
2015-02-19,1.9620000123977661
2015-02-20,1.9550000429153442
2015-02-23,1.9638999700546265
2015-02-24,1.9611999988555908
2015-02-25,1.9608999490737915
2015-02-26,1.968999981880188
2015-02-27,1.9430999755859375
2015-03-02,1.9521000385284424
2015-03-03,1.9600000381469727
2015-03-04,1.969599962234497
2015-03-05,1.9729000329971313
2015-03-06,1.9776999950408936
2015-03-09,1.9677000045776367
2015-03-10,1.981600046157837
2015-03-11,1.9731999635696411
2015-03-12,1.969499945640564
2015-03-13,1.9759999513626099
2015-03-16,1.9736000299453735
2015-03-17,1.9886000156402588
2015-03-18,1.9773000478744507
2015-03-19,2.032399892807007
2015-03-20,1.9799000024795532
2015-03-23,1.9970999956130981
2015-03-24,1.9921000003814697
2015-03-25,1.9810999631881714
2015-03-26,1.9975999593734741
2015-03-27,1.9911999702453613
2015-03-30,2.0065999031066895
2015-03-31,1.99590003490448
2015-04-01,1.9889999628067017
2015-04-02,1.9879000186920166
2015-04-03,2.003000020980835
2015-04-06,2.003000020980835
2015-04-07,2.003000020980835
2015-04-08,1.9967999458312988
2015-04-09,1.9851000308990479
2015-04-10,1.9816999435424805
2015-04-13,1.9977999925613403
2015-04-14,1.9977999925613403
2015-04-15,1.9977999925613403
2015-04-16,1.9977999925613403
2015-04-17,1.9977999925613403
2015-04-20,1.9977999925613403
2015-04-21,1.9977999925613403
2015-04-22,1.9977999925613403
2015-04-27,1.9953999519348145
2015-04-28,2.0462000370025635
2015-04-29,2.044800043106079
2015-04-30,2.067199945449829
2015-05-01,2.065999984741211
2015-05-04,2.065999984741211
2015-05-05,2.066699981689453
2015-05-06,2.058199882507324
2015-05-07,2.0703001022338867
2015-05-08,2.0806000232696533
2015-05-11,2.071000099182129
2015-05-12,2.080199956893921
2015-05-13,2.084399938583374
2015-05-14,2.084399938583374
2015-05-15,2.0669000148773193
2015-05-18,2.072499990463257
2015-05-19,2.0822999477386475
2015-05-20,2.0820999145507812
2015-05-21,2.0739998817443848
2015-05-22,2.0762999057769775
2015-05-25,2.078900098800659
2015-05-26,2.079699993133545
2015-05-27,2.0836000442504883
2015-05-28,2.0790998935699463
2015-05-29,2.072499990463257
2015-06-01,2.0648999214172363
2015-06-02,2.05679988861084
2015-06-03,2.0536999702453613
2015-06-04,2.072000026702881
2015-06-05,2.0606000423431396
2015-06-08,2.055000066757202
2015-06-09,2.0464999675750732
2015-06-10,2.0460000038146973
2015-06-11,2.0481998920440674
2015-06-12,2.0541000366210938
2015-06-15,2.052799940109253
2015-06-16,2.0495998859405518
2015-06-17,2.0532000064849854
2015-06-18,2.047800064086914
2015-06-19,2.0713999271392822
2015-06-22,2.0743000507354736
2015-06-23,2.050800085067749
2015-06-24,2.052000045776367
2015-06-25,2.0471999645233154
2015-06-26,2.0457000732421875
2015-06-29,2.0381999015808105
2015-06-30,2.0441999435424805
2015-07-01,2.046999931335449
2015-07-02,2.044300079345703
2015-07-03,2.0346999168395996
2015-07-06,2.0376999378204346
2015-07-07,2.0343000888824463
2015-07-08,2.0385000705718994
2015-07-09,2.035900115966797
2015-07-10,2.029099941253662
2015-07-13,2.0288000106811523
2015-07-14,2.035799980163574
2015-07-15,2.023200035095215
2015-07-16,2.0315001010894775
2015-07-17,2.0276999473571777
2015-07-20,2.032399892807007
2015-07-21,2.0302999019622803
2015-07-22,2.0248000621795654
2015-07-23,2.0309998989105225
2015-07-24,2.0302999019622803
2015-07-27,2.0334999561309814
2015-07-28,2.0352001190185547
2015-07-29,2.0220999717712402
2015-07-30,2.0267999172210693
2015-07-31,2.029099941253662
2015-08-03,2.0195999145507812
2015-08-04,2.022700071334839
2015-08-05,2.0118000507354736
2015-08-06,2.0062999725341797
2015-08-07,2.007200002670288
2015-08-10,2.007200002670288
2015-08-11,2.0104000568389893
2015-08-12,2.00600004196167
2015-08-13,1.9962999820709229
2015-08-14,2.0176000595092773
2015-08-17,2.0125999450683594
2015-08-18,2.006700038909912
2015-08-19,2.0046000480651855
2015-08-20,1.9916000366210938
2015-08-21,2.0037999153137207
2015-08-24,2.009000062942505
2015-08-25,2.0272998809814453
2015-08-26,2.016400098800659
2015-08-27,2.016400098800659
2015-08-28,2.0160999298095703
2015-08-31,2.0185999870300293
2015-09-01,2.022599935531616
2015-09-02,2.0329999923706055
2015-09-03,2.0218000411987305
2015-09-04,2.0176000595092773
2015-09-07,2.031100034713745
2015-09-08,2.0288000106811523
2015-09-09,2.012500047683716
2015-09-10,2.0322999954223633
2015-09-11,2.0188000202178955
2015-09-14,2.0253000259399414
2015-09-15,2.0271999835968018
2015-09-16,2.0264999866485596
2015-09-17,2.0208001136779785
2015-09-18,2.0248000621795654
2015-09-21,2.016700029373169
2015-09-22,1.9961999654769897
2015-09-23,1.9982999563217163
2015-09-24,1.9902000427246094
2015-09-25,1.9914000034332275
2015-09-28,1.9876999855041504
2015-09-29,1.9905999898910522
2015-09-30,1.9803999662399292
2015-10-01,1.9783999919891357
2015-10-02,1.9838999509811401
2015-10-05,1.9983999729156494
2015-10-06,1.9736000299453735
2015-10-07,1.9793000221252441
2015-10-08,1.9758000373840332
2015-10-09,1.9788999557495117
2015-10-12,2.013400077819824
2015-10-13,1.98989999294281
2015-10-14,1.9881999492645264
2015-10-15,1.9808000326156616
2015-10-16,1.9961999654769897
2015-10-19,1.9905999898910522
2015-10-20,2.003700017929077
2015-10-21,1.999400019645691
2015-10-22,2.001499891281128
2015-10-23,1.9919999837875366
2015-10-26,1.996000051498413
2015-10-27,1.9844000339508057
2015-10-28,1.9915000200271606
2015-10-29,1.9872000217437744
2015-10-30,2.011199951171875
2015-11-02,2.017400026321411
2015-11-03,2.0032999515533447
2015-11-04,2.0088000297546387
2015-11-05,2.0123000144958496
2015-11-06,2.013200044631958
2015-11-09,2.020699977874756
2015-11-10,2.0213000774383545
2015-11-11,2.015199899673462
2015-11-12,2.025399923324585
2015-11-13,2.0078001022338867
2015-11-16,2.0074000358581543
2015-11-17,1.9958000183105469
2015-11-18,2.010999917984009
2015-11-19,2.002000093460083
2015-11-20,2.0327999591827393
2015-11-23,2.018199920654297
2015-11-24,2.025099992752075
2015-11-25,2.033799886703491
2015-11-26,2.0485999584198
2015-11-27,2.0355000495910645
2015-11-30,2.048799991607666
2015-12-01,2.0260000228881836
2015-12-02,2.039900064468384
2015-12-03,2.03410005569458
2015-12-04,2.109800100326538
2015-12-07,2.0322000980377197
2015-12-08,2.036600112915039
2015-12-09,2.0336999893188477
2015-12-10,2.0501999855041504
2015-12-11,2.0232999324798584
2015-12-14,2.0369999408721924
2015-12-15,2.04259991645813
2015-12-16,2.0315001010894775
2015-12-17,2.022900104522705
2015-12-18,2.015500068664551
2015-12-21,2.0172998905181885
2015-12-22,2.0218000411987305
2015-12-23,2.0201001167297363
2015-12-24,2.0099000930786133
2015-12-25,1.9982000589370728
2015-12-28,1.9982000589370728
2015-12-29,2.014400005340576
2015-12-30,2.0058000087738037
2015-12-31,2.019700050354004
2016-01-01,2.0020999908447266
2016-01-04,2.0020999908447266
2016-01-05,1.9947999715805054
2016-01-06,2.005199909210205
2016-01-07,2.0139000415802
2016-01-08,2.0188000202178955
2016-01-11,1.9954999685287476
2016-01-12,1.9950000047683716
2016-01-13,1.9881999492645264
2016-01-14,1.9910000562667847
2016-01-15,1.9950000047683716
2016-01-18,2.0051000118255615
2016-01-19,2.017400026321411
2016-01-20,2.031399965286255
2016-01-21,2.0083000659942627
2016-01-22,2.00219988822937
2016-01-25,2.0120999813079834
2016-01-26,2.0281999111175537
2016-01-27,2.0308001041412354
2016-01-28,2.034899950027466
2016-01-29,2.031399965286255
2016-02-01,2.0202999114990234
2016-02-02,2.035599946975708
2016-02-03,2.0302000045776367
2016-02-04,2.009500026702881
2016-02-05,2.0418999195098877
2016-02-08,2.023099899291992
2016-02-09,2.0313000679016113
2016-02-10,2.0536000728607178
2016-02-11,2.0589001178741455
2016-02-12,2.073699951171875
2016-02-15,2.0606000423431396
2016-02-16,2.039400100708008
2016-02-17,2.0481998920440674
2016-02-18,2.040600061416626
2016-02-19,2.06469988822937
2016-02-22,2.063999891281128
2016-02-23,2.062700033187866
2016-02-24,2.049099922180176
2016-02-25,2.0589001178741455
2016-02-26,2.0710999965667725
2016-02-29,2.0524001121520996
2016-03-01,2.0480000972747803
2016-03-02,2.044100046157837
2016-03-03,2.0197999477386475
2016-03-04,2.053100109100342
2016-03-07,2.0555999279022217
2016-03-08,2.0315001010894775
2016-03-09,2.052500009536743
2016-03-10,2.021399974822998
2016-03-11,2.034899950027466
2016-03-14,2.0501999855041504
2016-03-15,2.05430006980896
2016-03-16,2.0464999675750732
2016-03-17,2.038599967956543
2016-03-18,2.036900043487549
2016-03-21,2.0504000186920166
2016-03-22,2.0441999435424805
2016-03-23,2.0529000759124756
2016-03-24,2.0510001182556152
2016-03-25,2.044800043106079
2016-03-28,2.0422000885009766
2016-03-29,2.045099973678589
2016-03-30,2.0302999019622803
2016-03-31,2.0471999645233154
2016-04-01,2.052500009536743
2016-04-04,2.0499000549316406
2016-04-05,2.0429000854492188
2016-04-06,2.053299903869629
2016-04-07,2.0517001152038574
2016-04-08,2.0617001056671143
2016-04-11,2.0508999824523926
2016-04-12,2.0469000339508057
2016-04-13,2.0481998920440674
2016-04-14,2.0566000938415527
2016-04-15,2.0546998977661133
2016-04-18,2.060699939727783
2016-04-19,2.0499000549316406
2016-04-20,2.052500009536743
2016-04-21,2.053299903869629
2016-04-22,2.0573999881744385
2016-04-25,2.0618999004364014
2016-04-26,2.061500072479248
2016-04-27,2.0536999702453613
2016-04-28,2.0515999794006348
2016-04-29,2.0583999156951904
2016-05-02,2.0669000148773193
2016-05-03,2.0562000274658203
2016-05-04,2.068000078201294
2016-05-05,2.0596001148223877
2016-05-06,2.057300090789795
2016-05-09,2.0548999309539795
2016-05-10,2.058500051498413
2016-05-11,2.0494000911712646
2016-05-12,2.0473999977111816
2016-05-13,2.051500082015991
2016-05-16,2.050800085067749
2016-05-17,2.0450000762939453
2016-05-18,2.0499000549316406
2016-05-19,2.053800106048584
2016-05-20,2.0573999881744385
2016-05-23,2.0590999126434326
2016-05-24,2.0655999183654785
2016-05-25,2.06850004196167
2016-05-26,2.0617001056671143
2016-05-27,2.0555999279022217
2016-05-30,2.060699939727783
2016-05-31,2.0552000999450684
2016-06-01,2.060699939727783
2016-06-02,2.0673000812530518
2016-06-03,2.063699960708618
2016-06-06,2.076900005340576
2016-06-07,2.062000036239624
2016-06-08,2.06469988822937
2016-06-09,2.063999891281128
2016-06-10,2.071199893951416
2016-06-13,2.077500104904175
2016-06-14,2.071000099182129
2016-06-15,2.0757999420166016
2016-06-16,2.0678999423980713
2016-06-17,2.078200101852417
2016-06-20,2.0861001014709473
2016-06-21,2.0813000202178955
2016-06-22,2.0959999561309814
2016-06-23,2.092600107192993
2016-06-24,2.0892999172210693
2016-06-27,2.0899999141693115
2016-06-28,2.0885000228881836
2016-06-29,2.088099956512451
2016-06-30,2.084700107574463
2016-07-01,2.0910000801086426
2016-07-04,2.092099905014038
2016-07-05,2.087899923324585
2016-07-06,2.089400053024292
2016-07-07,2.0804998874664307
2016-07-08,2.0897998809814453
2016-07-11,2.07669997215271
2016-07-12,2.0845000743865967
2016-07-13,2.0759999752044678
2016-07-14,2.0820999145507812
2016-07-15,2.0845000743865967
2016-07-18,2.083199977874756
2016-07-19,2.0975000858306885
2016-07-20,2.101099967956543
2016-07-21,2.095900058746338
2016-07-22,2.094899892807007
2016-07-25,2.094099998474121
2016-07-26,2.0973000526428223
2016-07-27,2.095900058746338
2016-07-28,2.091399908065796
2016-07-29,2.0973000526428223
2016-08-01,2.100100040435791
2016-08-02,2.110300064086914
2016-08-03,2.1047000885009766
2016-08-04,2.103100061416626
2016-08-05,2.108599901199341
2016-08-08,2.1177000999450684
2016-08-09,2.119800090789795
2016-08-10,2.123699903488159
2016-08-11,2.1387999057769775
2016-08-12,2.1308000087738037
2016-08-15,2.1303999423980713
2016-08-16,2.131700038909912
2016-08-17,2.1391000747680664
2016-08-18,2.130000114440918
2016-08-19,2.126300096511841
2016-08-22,2.1231000423431396
2016-08-23,2.1124000549316406
2016-08-24,2.109600067138672
2016-08-25,2.1143999099731445
2016-08-26,2.115499973297119
2016-08-29,2.113600015640259
2016-08-30,2.116300106048584
2016-08-31,2.115600109100342
2016-09-01,2.11080002784729
2016-09-02,2.10479998588562
2016-09-05,2.1012001037597656
2016-09-06,2.109800100326538
2016-09-07,2.1275999546051025
2016-09-08,2.128000020980835
2016-09-09,2.12280011177063
2016-09-12,2.1103999614715576
2016-09-13,2.1061999797821045
2016-09-14,2.1077001094818115
2016-09-15,2.1064000129699707
2016-09-16,2.1092000007629395
2016-09-19,2.115799903869629
2016-09-20,2.131200075149536
2016-09-21,2.136399984359741
2016-09-22,2.142400026321411
2016-09-23,2.1226000785827637
2016-09-26,2.128000020980835
2016-09-27,2.118499994277954
2016-09-28,2.1154000759124756
2016-09-29,2.1136999130249023
2016-09-30,2.1284000873565674
2016-10-03,2.1245999336242676
2016-10-04,2.118799924850464
2016-10-05,2.1136999130249023
2016-10-06,2.118499994277954
2016-10-07,2.123699903488159
2016-10-10,2.115999937057495
2016-10-11,2.112299919128418
2016-10-12,2.1131999492645264
2016-10-13,2.11299991607666
2016-10-14,2.103100061416626
2016-10-17,2.103100061416626
2016-10-18,2.101599931716919
2016-10-19,2.107599973678589
2016-10-20,2.1161999702453613
2016-10-21,2.120300054550171
2016-10-24,2.1070001125335693
2016-10-25,2.1098999977111816
2016-10-26,2.115999937057495
2016-10-27,2.117799997329712
2016-10-28,2.1113998889923096
2016-10-31,2.1117000579833984
2016-11-01,2.111599922180176
2016-11-02,2.1126999855041504
2016-11-03,2.115999937057495
2016-11-04,2.1194000244140625
2016-11-07,2.1224000453948975
2016-11-08,2.1175999641418457
2016-11-09,2.103300094604492
2016-11-10,2.114300012588501
2016-11-11,2.120300054550171
2016-11-14,2.109999895095825
2016-11-15,2.1219000816345215
2016-11-16,2.126199960708618
2016-11-17,2.1347999572753906
2016-11-18,2.133500099182129
2016-11-21,2.128499984741211
2016-11-22,2.131999969482422
2016-11-23,2.1412999629974365
2016-11-24,2.1582000255584717
2016-11-25,2.15339994430542
2016-11-28,2.151400089263916
2016-11-29,2.155900001525879
2016-11-30,2.156399965286255
2016-12-01,2.1510000228881836
2016-12-02,2.139400005340576
2016-12-05,2.1308999061584473
2016-12-06,2.126300096511841
2016-12-07,2.1201000213623047
2016-12-08,2.1140999794006348
2016-12-09,2.122999906539917
2016-12-12,2.11929988861084
2016-12-13,2.1161999702453613
2016-12-14,2.119499921798706
2016-12-15,2.1321001052856445
2016-12-16,2.1256000995635986
2016-12-19,2.1168999671936035
2016-12-20,2.1222000122070312
2016-12-21,2.1217000484466553
2016-12-22,2.118499994277954
2016-12-23,2.1182000637054443
2016-12-26,2.1054999828338623
2016-12-27,2.1026999950408936
2016-12-28,2.1059000492095947
2016-12-29,2.1117000579833984
2016-12-30,2.102799892425537
2017-01-02,2.0934998989105225
2017-01-03,2.1113998889923096
2017-01-04,2.117500066757202
2017-01-05,2.104599952697754
2017-01-06,2.119499921798706
2017-01-09,2.125699996948242
2017-01-10,2.126800060272217
2017-01-11,2.138700008392334
2017-01-12,2.1340999603271484
2017-01-13,2.1477999687194824
2017-01-16,2.157099962234497
2017-01-17,2.148400068283081
2017-01-18,2.1647000312805176
2017-01-19,2.158400058746338
2017-01-20,2.153599977493286
2017-01-23,2.158600091934204
2017-01-24,2.1649999618530273
2017-01-25,2.172499895095825
2017-01-26,2.1700000762939453
2017-01-27,2.174499988555908
2017-01-30,2.1598000526428223
2017-01-31,2.161799907684326
2017-02-01,2.1535000801086426
2017-02-02,2.1533000469207764
2017-02-03,2.1631999015808105
2017-02-06,2.1756999492645264
2017-02-07,2.171999931335449
2017-02-08,2.169100046157837
2017-02-09,2.151400089263916
2017-02-10,2.150099992752075
2017-02-13,2.1584999561309814
2017-02-14,2.1568000316619873
2017-02-15,2.1702001094818115
2017-02-16,2.1735999584198
2017-02-17,2.180999994277954
2017-02-20,2.169300079345703
2017-02-21,2.174299955368042
2017-02-22,2.174799919128418
2017-02-23,2.1737000942230225
2017-02-24,2.169100046157837
2017-02-27,2.1737000942230225
2017-02-28,2.175600051879883
2017-03-01,2.1760001182556152
2017-03-02,2.172800064086914
2017-03-03,2.170300006866455
2017-03-06,2.1702001094818115
2017-03-07,2.151700019836426
2017-03-08,2.158900022506714
2017-03-09,2.1624999046325684
2017-03-10,2.149600028991699
2017-03-13,2.141700029373169
2017-03-14,2.138200044631958
2017-03-15,2.124300003051758
2017-03-16,2.1500000953674316
2017-03-17,2.1308999061584473
2017-03-20,2.1445000171661377
2017-03-21,2.139400005340576
2017-03-22,2.1507999897003174
2017-03-23,2.1435000896453857
2017-03-24,2.14739990234375
2017-03-27,2.1552999019622803
2017-03-28,2.150599956512451
2017-03-29,2.158400058746338
2017-03-30,2.1396000385284424
2017-03-31,2.137399911880493
2017-04-03,2.136399984359741
2017-04-04,2.135200023651123
2017-04-05,2.1342999935150146
2017-04-06,2.1401000022888184
2017-04-07,2.113600015640259
2017-04-10,2.0992000102996826
2017-04-11,2.107300043106079
2017-04-12,2.1092000007629395
2017-04-13,2.1226999759674072
2017-04-14,2.1254000663757324
2017-04-17,2.1208999156951904
2017-04-18,2.122499942779541
2017-04-19,2.1242001056671143
2017-04-20,2.125499963760376
2017-04-21,2.1266000270843506
2017-04-24,2.129499912261963
2017-04-25,2.1273999214172363
2017-04-26,2.1347999572753906
2017-04-27,2.1250998973846436
2017-04-28,2.1238999366760254
2017-05-01,2.127500057220459
2017-05-02,2.124500036239624
2017-05-03,2.1319000720977783
2017-05-04,2.136199951171875
2017-05-05,2.1296000480651855
2017-05-08,2.1310999393463135
2017-05-09,2.135699987411499
2017-05-10,2.1370999813079834
2017-05-11,2.13319993019104
2017-05-12,2.13070011138916
2017-05-15,2.1254000663757324
2017-05-16,2.13070011138916
2017-05-17,2.121999979019165
2017-05-18,2.1317999362945557
2017-05-19,2.1470999717712402
2017-05-22,2.147599935531616
2017-05-23,2.146899938583374
2017-05-24,2.1521999835968018
2017-05-25,2.146399974822998
2017-05-26,2.1461000442504883
2017-05-29,2.142400026321411
2017-05-30,2.1428000926971436
2017-05-31,2.140000104904175
2017-06-01,2.1431000232696533
2017-06-02,2.138200044631958
2017-06-05,2.1391000747680664
2017-06-06,2.1389000415802
2017-06-07,2.1410000324249268
2017-06-08,2.1410000324249268
2017-06-09,2.134200096130371
2017-06-12,2.1386001110076904
2017-06-13,2.136899948120117
2017-06-14,2.1296000480651855
2017-06-15,2.123800039291382
2017-06-16,2.1345999240875244
2017-06-19,2.1205999851226807
2017-06-20,2.1226999759674072
2017-06-21,2.118499994277954
2017-06-22,2.11899995803833
2017-06-23,2.121799945831299
2017-06-26,2.1315999031066895
2017-06-27,2.1240999698638916
2017-06-28,2.1268999576568604
2017-06-29,2.1198999881744385
2017-06-30,2.1333999633789062
2017-07-03,2.1229000091552734
2017-07-04,2.131500005722046
2017-07-05,2.121999979019165
2017-07-06,2.1242001056671143
2017-07-07,2.1154000759124756
2017-07-10,2.112600088119507
2017-07-12,2.1096999645233154
2017-07-13,2.119499921798706
2017-07-14,2.121000051498413
2017-07-17,2.122999906539917
2017-07-18,2.1150999069213867
2017-07-19,2.1175999641418457
2017-07-20,2.114500045776367
2017-07-21,2.112499952316284
2017-07-24,2.1171998977661133
2017-07-25,2.1203999519348145
2017-07-26,2.123199939727783
2017-07-27,2.12719988822937
2017-07-28,2.121999979019165
2017-07-31,2.1166999340057373
2017-08-01,2.124500036239624
2017-08-02,2.117500066757202
2017-08-03,2.1040000915527344
2017-08-04,2.1077001094818115
2017-08-07,2.1071999073028564
2017-08-08,2.111599922180176
2017-08-09,2.109600067138672
2017-08-10,2.114300012588501
2017-08-11,2.1166000366210938
2017-08-14,2.111599922180176
2017-08-15,2.1182000637054443
2017-08-16,2.120800018310547
2017-08-17,2.113300085067749
2017-08-18,2.117799997329712
2017-08-21,2.11299991607666
2017-08-22,2.115799903869629
2017-08-23,2.1143999099731445
2017-08-24,2.1133999824523926
2017-08-25,2.1161999702453613
2017-08-28,2.123800039291382
2017-08-29,2.1152000427246094
2017-08-30,2.11899995803833
2017-08-31,2.1219000816345215
2017-09-01,2.1166000366210938
2017-09-04,2.123699903488159
2017-09-05,2.1278998851776123
2017-09-06,2.132200002670288
2017-09-07,2.1273000240325928
2017-09-08,2.128000020980835
2017-09-11,2.1308000087738037
2017-09-12,2.13100004196167
2017-09-13,2.131200075149536
2017-09-14,2.1335999965667725
2017-09-15,2.1312999725341797
2017-09-18,2.1324000358581543
2017-09-19,2.1328999996185303
2017-09-20,2.1340999603271484
2017-09-21,2.134000062942505
2017-09-22,2.1454999446868896
2017-09-25,2.1503000259399414
2017-09-26,2.1635000705718994
2017-09-27,2.1630001068115234
2017-09-28,2.162600040435791
2017-09-29,2.1507999897003174
2017-10-02,2.152899980545044
2017-10-03,2.1563000679016113
2017-10-04,2.1498000621795654
2017-10-05,2.1357998847961426
2017-10-06,2.1487998962402344
2017-10-09,2.153599977493286
2017-10-10,2.153700113296509
2017-10-11,2.147900104522705
2017-10-12,2.1572000980377197
2017-10-13,2.1533000469207764
2017-10-16,2.144399881362915
2017-10-17,2.1452999114990234
2017-10-18,2.1501998901367188
2017-10-19,2.153599977493286
2017-10-20,2.14739990234375
2017-10-23,2.15310001373291
2017-10-24,2.149199962615967
2017-10-25,2.1498000621795654
2017-10-26,2.1426000595092773
2017-10-27,2.137200117111206
2017-10-30,2.1514999866485596
2017-10-31,2.147200107574463
2017-11-01,2.143699884414673
2017-11-02,2.1415998935699463
2017-11-03,2.137200117111206
2017-11-06,2.1442999839782715
2017-11-07,2.1387999057769775
2017-11-08,2.158600091934204
2017-11-09,2.1505000591278076
2017-11-10,2.1526999473571777
2017-11-13,2.163100004196167
2017-11-14,2.16759991645813
2017-11-15,2.1677000522613525
2017-11-17,2.1633999347686768
2017-11-20,2.1572999954223633
2017-11-21,2.160799980163574
2017-11-22,2.1577999591827393
2017-11-23,2.158600091934204
2017-11-24,2.1522998809814453
2017-11-27,2.152100086212158
2017-11-28,2.147700071334839
2017-11-29,2.149399995803833
2017-11-30,2.148200035095215
2017-12-01,2.150099992752075
2017-12-04,2.1498000621795654
2017-12-05,2.142699956893921
2017-12-06,2.145900011062622
2017-12-07,2.1500000953674316
2017-12-08,2.1496999263763428
2017-12-11,2.1477999687194824
2017-12-12,2.143399953842163
2017-12-13,2.1505000591278076
2017-12-14,2.1422998905181885
2017-12-15,2.1421000957489014
2017-12-18,2.137500047683716
2017-12-19,2.1394999027252197
2017-12-20,2.1359000205993652
2017-12-21,2.132699966430664
2017-12-22,2.134999990463257
2017-12-25,2.141200065612793
2017-12-26,2.139699935913086
2017-12-27,2.1377999782562256
2017-12-28,2.141700029373169
2017-12-29,2.1480000019073486
2018-01-01,2.1519999504089355
2018-01-02,2.147599935531616
2018-01-03,2.1422998905181885
2018-01-04,2.1429998874664307
2018-01-05,2.1419999599456787
2018-01-08,2.145900011062622
2018-01-09,2.149600028991699
2018-01-10,2.1547000408172607
2018-01-11,2.1542999744415283
2018-01-12,2.150899887084961
2018-01-15,2.148400068283081
2018-01-16,2.1505000591278076
2018-01-17,2.165600061416626
2018-01-18,2.15939998626709
2018-01-19,2.160799980163574
2018-01-22,2.1726999282836914
2018-01-23,2.184799909591675
2018-01-24,2.177000045776367
2018-01-25,2.1846001148223877
2018-01-26,2.187299966812134
2018-01-29,2.1835999488830566
2018-01-30,2.184499979019165
2018-01-31,2.181299924850464
2018-02-01,2.1846001148223877
2018-02-02,2.1907999515533447
2018-02-05,2.184299945831299
2018-02-06,2.1949000358581543
2018-02-07,2.1903998851776123
2018-02-08,2.193700075149536
2018-02-09,2.193000078201294
2018-02-12,2.1898999214172363
2018-02-13,2.1867001056671143
2018-02-14,2.188800096511841
2018-02-15,2.1963999271392822
2018-02-16,2.206399917602539
2018-02-19,2.214200019836426
2018-02-20,2.2221999168395996
2018-02-21,2.2114999294281006
2018-02-22,2.219899892807007
2018-02-23,2.217099905014038
2018-02-26,2.208899974822998
2018-02-27,2.2172999382019043
2018-02-28,2.2160000801086426
2018-03-01,2.2230000495910645
2018-03-02,2.2232000827789307
2018-03-05,2.225800037384033
2018-03-06,2.2195000648498535
2018-03-07,2.221299886703491
2018-03-08,2.2167999744415283
2018-03-09,2.2181999683380127
2018-03-12,2.2200000286102295
2018-03-13,2.2188000679016113
2018-03-14,2.215399980545044
2018-03-15,2.221100091934204
2018-03-16,2.2309000492095947
2018-03-19,2.233799934387207
2018-03-20,2.2353999614715576
2018-03-21,2.236999988555908
2018-03-22,2.2369000911712646
2018-03-23,2.232100009918213
2018-03-26,2.2272000312805176
2018-03-27,2.223900079727173
2018-03-28,2.2227001190185547
2018-03-29,2.2346999645233154
2018-03-30,2.233299970626831
2018-04-02,2.2458999156951904
2018-04-03,2.235100030899048
2018-04-04,2.2274999618530273
2018-04-05,2.224900007247925
2018-04-06,2.2172999382019043
2018-04-09,2.2132999897003174
2018-04-10,2.2172000408172607
2018-04-11,2.2242000102996826
2018-04-12,2.2325000762939453
2018-04-13,2.2279000282287598
2018-04-16,2.223299980163574
2018-04-17,2.2284998893737793
2018-04-18,2.2360000610351562
2018-04-19,2.2534000873565674
2018-04-20,2.249000072479248
2018-04-23,2.2464001178741455
2018-04-24,2.2472000122070312
2018-04-25,2.24180006980896
2018-04-26,2.2532999515533447
2018-04-27,2.2555999755859375
2018-04-30,2.253700017929077
2018-05-01,2.2418999671936035
2018-05-02,2.25
2018-05-03,2.2518999576568604
2018-05-04,2.245699882507324
2018-05-07,2.2504000663757324
2018-05-08,2.250200033187866
2018-05-09,2.2528998851776123
2018-05-10,2.2614998817443848
2018-05-11,2.271199941635132
2018-05-14,2.2699999809265137
2018-05-15,2.2746999263763428
2018-05-16,2.289599895477295
2018-05-17,2.282399892807007
2018-05-18,2.2781999111175537
2018-05-21,2.2702999114990234
2018-05-22,2.287899971008301
2018-05-23,2.294800043106079
2018-05-24,2.294300079345703
2018-05-25,2.282599925994873
2018-05-28,2.2604000568389893
2018-05-29,2.253700017929077
2018-05-30,2.2665998935699463
2018-05-31,2.2544000148773193
2018-06-01,2.2490999698638916
2018-06-04,2.2444000244140625
2018-06-05,2.259700059890747
2018-06-06,2.25
2018-06-07,2.2507998943328857
2018-06-08,2.26419997215271
2018-06-11,2.2616000175476074
2018-06-12,2.2625999450683594
2018-06-13,2.2790000438690186
2018-06-14,2.2734999656677246
2018-06-15,2.279400110244751
2018-06-18,2.2572999000549316
2018-06-19,2.2544000148773193
2018-06-20,2.254300117492676
2018-06-21,2.266200065612793
2018-06-22,2.2365000247955322
2018-06-25,2.2385001182556152
2018-06-26,2.251199960708618
2018-06-27,2.247299909591675
2018-06-28,2.26990008354187
2018-06-29,2.249500036239624
2018-07-02,2.2446999549865723
2018-07-03,2.248699903488159
2018-07-04,2.2548999786376953
2018-07-05,2.2599000930786133
2018-07-06,2.2632999420166016
2018-07-09,2.258500099182129
2018-07-10,2.2643001079559326
2018-07-11,2.2737998962402344
2018-07-12,2.240999937057495
2018-07-13,2.24780011177063
2018-07-16,2.239500045776367
2018-07-17,2.2534000873565674
2018-07-18,2.2421000003814697
2018-07-19,2.2441999912261963
2018-07-20,2.2465999126434326
2018-07-23,2.2472000122070312
2018-07-24,2.263000011444092
2018-07-25,2.2471001148223877
2018-07-26,2.2639999389648438
2018-07-27,2.246000051498413
2018-07-30,2.244499921798706
2018-07-31,2.2455999851226807
2018-08-01,2.237799882888794
2018-08-02,2.2304999828338623
2018-08-03,2.2363998889923096
2018-08-06,2.2395999431610107
2018-08-07,2.2497000694274902
2018-08-08,2.249000072479248
2018-08-09,2.2379000186920166
2018-08-10,2.2578001022338867
2018-08-13,2.246999979019165
2018-08-14,2.266400098800659
2018-08-15,2.2725000381469727
2018-08-16,2.2909998893737793
2018-08-17,2.275700092315674
2018-08-20,2.2713000774383545
2018-08-21,2.2701001167297363
2018-08-22,2.2780001163482666
2018-08-23,2.2744998931884766
2018-08-24,2.2797000408172607
2018-08-27,2.2743000984191895
2018-08-28,2.2792000770568848
2018-08-29,2.3053998947143555
2018-08-30,2.3153998851776123
2018-08-31,2.3266000747680664
2018-09-03,2.313699960708618
2018-09-04,2.3115999698638916
2018-09-05,2.3350000381469727
2018-09-06,2.338599920272827
2018-09-07,2.336899995803833
2018-09-10,2.339200019836426
2018-09-11,2.352099895477295
2018-09-12,2.3731000423431396
2018-09-13,2.3406999111175537
2018-09-14,2.3452999591827393
2018-09-17,2.342900037765503
2018-09-18,2.354099988937378
2018-09-19,2.3794000148773193
2018-09-20,2.3585000038146973
2018-09-21,2.334199905395508
2018-09-24,2.3571999073028564
2018-09-25,2.3898000717163086
2018-09-26,2.3880999088287354
2018-09-27,2.3775999546051025
2018-09-28,2.3893001079559326
2018-10-01,2.3803000450134277
2018-10-02,2.4195001125335693
2018-10-03,2.3903000354766846
2018-10-04,2.401700019836426
2018-10-05,2.408099889755249
2018-10-08,2.385200023651123
2018-10-09,2.384200096130371
2018-10-10,2.4082000255584717
2018-10-11,2.400099992752075
2018-10-12,2.395699977874756
2018-10-15,2.3838000297546387
2018-10-16,2.4019999504089355
2018-10-17,2.391400098800659
2018-10-18,2.3986001014709473
2018-10-19,2.3952999114990234
2018-10-22,2.377500057220459
2018-10-23,2.393199920654297
2018-10-24,2.365600109100342
2018-10-25,2.367500066757202
2018-10-26,2.3698999881744385
2018-10-29,2.3605000972747803
2018-10-30,2.3782999515533447
2018-10-31,2.3803000450134277
2018-11-01,2.3935000896453857
2018-11-02,2.3928000926971436
2018-11-05,2.382200002670288
2018-11-06,2.372499942779541
2018-11-07,2.384200096130371
2018-11-08,2.3666999340057373
2018-11-09,2.380500078201294
2018-11-12,2.353800058364868
2018-11-13,2.3719000816345215
2018-11-14,2.357100009918213
2018-11-15,2.352299928665161
2018-11-16,2.333899974822998
2018-11-19,2.3313000202178955
2018-11-20,2.319000005722046
2018-11-21,2.3069000244140625
2018-11-22,2.3166000843048096
2018-11-23,2.299099922180176
2018-11-26,2.2839999198913574
2018-11-27,2.293800115585327
2018-11-28,2.2929999828338623
2018-11-29,2.2948999404907227
2018-11-30,2.280600070953369
2018-12-03,2.2614998817443848
2018-12-04,2.3052000999450684
2018-12-05,2.2959001064300537
2018-12-06,2.3066000938415527
2018-12-07,2.2941999435424805
2018-12-10,2.3069000244140625
2018-12-11,2.3564999103546143
2018-12-12,2.3606998920440674
2018-12-13,2.3517000675201416
2018-12-14,2.328200101852417
2018-12-17,2.331700086593628
2018-12-18,2.328900098800659
2018-12-19,2.2999000549316406
2018-12-20,2.292099952697754
2018-12-21,2.2894999980926514
2018-12-24,2.2764999866485596
2018-12-25,2.280100107192993
2018-12-26,2.2797000408172607
2018-12-27,2.2760000228881836
2018-12-28,2.2743000984191895
2018-12-31,2.287400007247925
2019-01-01,2.279599905014038
2019-01-02,2.283600091934204
2019-01-03,2.2732999324798584
2019-01-04,2.276599884033203
2019-01-07,2.257499933242798
2019-01-08,2.2653000354766846
2019-01-09,2.280600070953369
2019-01-10,2.2960000038146973
2019-01-11,2.296600103378296
2019-01-14,2.2846999168395996
2019-01-15,2.3059000968933105
2019-01-16,2.305000066757202
2019-01-17,2.3183999061584473
2019-01-18,2.303100109100342
2019-01-21,2.3071999549865723
2019-01-22,2.313999891281128
2019-01-23,2.305799961090088
2019-01-24,2.3052000999450684
2019-01-25,2.299299955368042
2019-01-28,2.3101999759674072
2019-01-29,2.3092000484466553
2019-01-30,2.3255999088287354
2019-01-31,2.3138999938964844
2019-02-01,2.3190999031066895
2019-02-04,2.321700096130371
2019-02-05,2.3285000324249268
2019-02-06,2.3345000743865967
2019-02-07,2.3225998878479004
2019-02-08,2.3222999572753906
2019-02-11,2.3073999881744385
2019-02-12,2.3060998916625977
2019-02-13,2.2987000942230225
2019-02-14,2.2973999977111816
2019-02-15,2.302799940109253
2019-02-18,2.3136000633239746
2019-02-19,2.3254001140594482
2019-02-20,2.3250999450683594
2019-02-21,2.3148999214172363
2019-02-22,2.3099000453948975
2019-02-25,2.3090999126434326
2019-02-26,2.3111000061035156
2019-02-27,2.3055999279022217
2019-02-28,2.312000036239624
2019-03-01,2.297100067138672
2019-03-04,2.3010001182556152
2019-03-05,2.2987000942230225
2019-03-06,2.2934999465942383
2019-03-07,2.2813000679016113
2019-03-08,2.2795000076293945
2019-03-11,2.2644999027252197
2019-03-12,2.2576000690460205
2019-03-13,2.2606000900268555
2019-03-14,2.25570011138916
2019-03-15,2.2418999671936035
2019-03-18,2.2311999797821045
2019-03-19,2.2293999195098877
2019-03-20,2.250200033187866
2019-03-21,2.237499952316284
2019-03-22,2.2374000549316406
2019-03-25,2.2393999099731445
2019-03-26,2.234800100326538
2019-03-27,2.250200033187866
2019-03-28,2.2467000484466553
2019-03-29,2.251699924468994
2019-04-01,2.2502999305725098
2019-04-02,2.246500015258789
2019-04-03,2.2342000007629395
2019-04-04,2.2351999282836914
2019-04-05,2.2386999130249023
2019-04-08,2.2451999187469482
2019-04-09,2.2558999061584473
2019-04-10,2.2464001178741455
2019-04-11,2.2425999641418457
2019-04-12,2.249500036239624
2019-04-15,2.2421998977661133
2019-04-16,2.2609000205993652
2019-04-17,2.26419997215271
2019-04-18,2.2548999786376953
2019-04-19,2.2500998973846436
2019-04-22,2.2502999305725098
2019-04-23,2.2706000804901123
2019-04-24,2.2597999572753906
2019-04-25,2.266900062561035
2019-04-26,2.2683000564575195
2019-04-29,2.259000062942505
2019-04-30,2.258699893951416
2019-05-01,2.2509000301361084
2019-05-02,2.251300096511841
2019-05-03,2.246299982070923
2019-05-06,2.240499973297119
2019-05-07,2.2437000274658203
2019-05-08,2.259000062942505
2019-05-09,2.261399984359741
2019-05-10,2.2702999114990234
2019-05-13,2.2590999603271484
2019-05-14,2.2681000232696533
2019-05-15,2.2565999031066895
2019-05-16,2.2599000930786133
2019-05-17,2.2507998943328857
2019-05-20,2.2395999431610107
2019-05-21,2.232800006866455
2019-05-23,2.2248001098632812
2019-05-24,2.218400001525879
2019-05-27,2.202699899673462
2019-05-28,2.2181999683380127
2019-05-29,2.2146999835968018
2019-05-30,2.2081000804901123
2019-05-31,2.2158000469207764
2019-06-03,2.2060000896453857
2019-06-04,2.2053000926971436
2019-06-05,2.2193000316619873
2019-06-06,2.222899913787842
2019-06-07,2.2177000045776367
2019-06-10,2.210599899291992
2019-06-11,2.214200019836426
2019-06-12,2.2112998962402344
2019-06-13,2.2177999019622803
2019-06-14,2.2177999019622803
2019-06-17,2.214400053024292
2019-06-18,2.2263998985290527
2019-06-19,2.231100082397461
2019-06-20,2.245500087738037
2019-06-21,2.2574000358581543
2019-06-24,2.2472000122070312
2019-06-25,2.256200075149536
2019-06-26,2.2474000453948975
2019-06-27,2.2502999305725098
2019-06-28,2.2428998947143555
2019-07-01,2.225800037384033
2019-07-02,2.2334001064300537
2019-07-03,2.2304000854492188
2019-07-04,2.2216999530792236
2019-07-05,2.2146999835968018
2019-07-08,2.194700002670288
2019-07-09,2.206899881362915
2019-07-10,2.2077999114990234
2019-07-11,2.20169997215271
2019-07-12,2.216900110244751
2019-07-15,2.2074999809265137
2019-07-16,2.2177000045776367
2019-07-17,2.2211999893188477
2019-07-18,2.2177999019622803
2019-07-19,2.227799892425537
2019-07-22,2.2170000076293945
2019-07-23,2.2267000675201416
2019-07-24,2.2246999740600586
2019-07-25,2.2249999046325684
2019-07-26,2.2286999225616455
2019-07-29,2.2147998809814453
2019-07-30,2.2223000526428223
2019-07-31,2.2265000343322754
2019-08-01,2.2304000854492188
2019-08-02,2.2125000953674316
2019-08-05,2.2137999534606934
2019-08-06,2.2564001083374023
2019-08-07,2.266200065612793
2019-08-08,2.2660000324249268
2019-08-09,2.2555999755859375
2019-08-12,2.2636001110076904
2019-08-13,2.276700019836426
2019-08-14,2.2880001068115234
2019-08-15,2.2827999591827393
2019-08-16,2.295599937438965
2019-08-19,2.271399974822998
2019-08-20,2.29830002784729
2019-08-21,2.297300100326538
2019-08-22,2.2832000255584717
2019-08-23,2.295099973678589
2019-08-26,2.2746999263763428
2019-08-27,2.2985000610351562
2019-08-28,2.2827000617980957
2019-08-29,2.293800115585327
2019-08-30,2.2911999225616455
2019-09-02,2.289599895477295
2019-09-03,2.2934999465942383
2019-09-04,2.3101999759674072
2019-09-05,2.3066000938415527
2019-09-06,2.3159000873565674
2019-09-09,2.2973999977111816
2019-09-10,2.311300039291382
2019-09-11,2.3111000061035156
2019-09-12,2.305799961090088
2019-09-13,2.3090999126434326
2019-09-16,2.2962000370025635
2019-09-17,2.321199893951416
2019-09-18,2.3229000568389893
2019-09-19,2.3104000091552734
2019-09-20,2.323199987411499
2019-09-23,2.2964000701904297
2019-09-24,2.2850000858306885
2019-09-25,2.29830002784729
2019-09-26,2.300800085067749
2019-09-27,2.301300048828125
2019-09-30,2.270699977874756
2019-10-01,2.2843000888824463
2019-10-02,2.2906999588012695
2019-10-03,2.2906999588012695
2019-10-04,2.2971999645233154
2019-10-07,2.29229998588562
2019-10-08,2.3169000148773193
2019-10-09,2.315500020980835
2019-10-10,2.3278000354766846
2019-10-11,2.321000099182129
2019-10-14,2.314349889755249
2019-10-15,2.334362030029297
2019-10-16,2.349936008453369
2019-10-17,2.3466579914093018
2019-10-18,2.343641996383667
2019-10-21,2.3248889446258545
2019-10-22,2.342061996459961
2019-10-23,2.330634117126465
2019-10-24,2.311779022216797
2019-10-25,2.335016965866089
2019-10-28,2.3164470195770264
2019-10-29,2.315990924835205
2019-10-30,2.3292019367218018
2019-10-31,2.349107027053833
2019-11-01,2.3268849849700928
2019-11-04,2.3156681060791016
2019-11-05,2.341689109802246
2019-11-06,2.3389968872070312
2019-11-07,2.3403759002685547
2019-11-08,2.3642311096191406
2019-11-11,2.348220109939575
2019-11-12,2.363379955291748
2019-11-13,2.361495018005371
2019-11-14,2.367079973220825
2019-11-15,2.363468885421753
2019-11-18,2.348412036895752
2019-11-19,2.362013101577759
2019-11-20,2.3597159385681152
2019-11-21,2.3559141159057617
2019-11-22,2.3550820350646973
2019-11-25,2.3479080200195312
2019-11-26,2.3528480529785156
2019-11-27,2.344373941421509
2019-11-28,2.3370330333709717
2019-11-29,2.35044002532959
2019-12-02,2.3498079776763916
2019-12-03,2.3522939682006836
2019-12-04,2.3622870445251465
2019-12-05,2.344917058944702
2019-12-06,2.3458759784698486
2019-12-09,2.3421480655670166
2019-12-10,2.3333730697631836
2019-12-11,2.330565929412842
2019-12-12,2.3295340538024902
2019-12-13,2.3466780185699463
2019-12-16,2.3382179737091064
2019-12-17,2.372488021850586
2019-12-18,2.3615529537200928
2019-12-19,2.352839946746826
2019-12-20,2.3701210021972656
2019-12-23,2.3576040267944336
2019-12-24,2.372891902923584
2019-12-25,2.3704640865325928
2019-12-26,2.3918418884277344
2019-12-27,2.3891680240631104
2019-12-30,2.372251033782959
2019-12-31,2.389362096786499
2020-01-01,2.3902769088745117
2020-01-02,2.3861899375915527
2020-01-03,2.380897045135498
2020-01-06,2.387054920196533
2020-01-07,2.394097089767456
2020-01-08,2.405734062194824
2020-01-09,2.385838031768799
2020-01-10,2.38173508644104
2020-01-13,2.3670730590820312
2020-01-14,2.366209030151367
2020-01-15,2.3660778999328613
2020-01-16,2.361959934234619
2020-01-17,2.3716518878936768
2020-01-20,2.371037006378174
2020-01-21,2.3872830867767334
2020-01-22,2.3676769733428955
2020-01-23,2.3831489086151123
2020-01-24,2.3782389163970947
2020-01-27,2.374927043914795
2020-01-28,2.3734219074249268
2020-01-29,2.372757911682129
2020-01-30,2.3809518814086914
2020-01-31,2.3704590797424316
2020-02-03,2.3557519912719727
2020-02-04,2.360769033432007
2020-02-05,2.367396116256714
2020-02-06,2.3799169063568115
2020-02-07,2.379556894302368
2020-02-10,2.369788885116577
2020-02-11,2.3791608810424805
2020-02-12,2.378618001937866
2020-02-13,2.381938934326172
2020-02-14,2.3883790969848633
2020-02-17,2.381648063659668
2020-02-18,2.3820390701293945
2020-02-19,2.381071090698242
2020-02-20,2.385503053665161
2020-02-21,2.3794751167297363
2020-02-24,2.364696979522705
2020-02-25,2.376718044281006
2020-02-26,2.3627068996429443
2020-02-27,2.372725009918213
2020-02-28,2.3813939094543457
2020-03-02,2.394186019897461
2020-03-03,2.4412519931793213
2020-03-04,2.4785890579223633
2020-03-05,2.486733913421631
2020-03-06,2.4935460090637207
2020-03-09,2.473517894744873
2020-03-10,2.5212209224700928
2020-03-11,2.494286060333252
2020-03-12,2.485785961151123
2020-03-13,2.513519048690796
2020-03-16,2.453238010406494
2020-03-17,2.4848740100860596
2020-03-18,2.485434055328369
2020-03-19,2.4882030487060547
2020-03-20,2.51407790184021
2020-03-23,2.4958200454711914
2020-03-24,2.5920989513397217
2020-03-25,2.561671018600464
2020-03-26,2.545145034790039
2020-03-27,2.543816089630127
2020-03-30,2.500330924987793
2020-03-31,2.4900100231170654
2020-04-01,2.5020759105682373
2020-04-02,2.5657389163970947
2020-04-03,2.563131093978882
2020-04-06,2.5199999809265137
2020-04-07,2.513230085372925
2020-04-08,2.5470550060272217
2020-04-09,2.5555191040039062
2020-04-10,2.5492639541625977
2020-04-13,2.543631076812744
2020-04-14,2.573101043701172
2020-04-15,2.548043966293335
2020-04-16,2.5814950466156006
2020-04-17,2.5905890464782715
2020-04-20,2.5477540493011475
2020-04-21,2.569812059402466
2020-04-22,2.597899913787842
2020-04-23,2.5601000785827637
2020-04-24,2.558932065963745
2020-04-27,2.5344419479370117
2020-04-28,2.566502094268799
2020-04-29,2.564863920211792
2020-04-30,2.539086103439331
2020-05-01,2.558756113052368
2020-05-04,2.521131992340088
2020-05-05,2.560986042022705
2020-05-06,2.570704936981201
2020-05-07,2.567929983139038
2020-05-08,2.5540919303894043
2020-05-11,2.529726982116699
2020-05-12,2.551577091217041
2020-05-13,2.540194034576416
2020-05-14,2.522109031677246
2020-05-15,2.533690929412842
2020-05-18,2.5299479961395264
2020-05-19,2.5248429775238037
2020-05-20,2.5456368923187256
2020-05-21,2.534363031387329
2020-05-22,2.5300259590148926
2020-05-25,2.5258450508117676
2020-05-26,2.5325260162353516
2020-05-27,2.536210060119629
2020-05-28,2.5376670360565186
2020-05-29,2.5368618965148926
2020-06-01,2.5205090045928955
2020-06-02,2.538038969039917
2020-06-03,2.511733055114746
2020-06-04,2.529719114303589
2020-06-05,2.533489942550659
2020-06-08,2.543626070022583
2020-06-09,2.548440933227539
2020-06-10,2.550791025161743
2020-06-11,2.5650339126586914
2020-06-12,2.5846729278564453
2020-06-15,2.5622730255126953
2020-06-16,2.5808889865875244
2020-06-17,2.5967140197753906
2020-06-18,2.5953550338745117
2020-06-19,2.5916008949279785
2020-06-22,2.575753927230835
2020-06-23,2.5813028812408447
2020-06-24,2.5787150859832764
2020-06-25,2.583794116973877
2020-06-26,2.5704739093780518
2020-06-29,2.560154914855957
2020-06-30,2.5853829383850098
2020-07-01,2.5755670070648193
2020-07-02,2.5627191066741943
2020-07-03,2.5558969974517822
2020-07-06,2.5354979038238525
2020-07-07,2.536112070083618
2020-07-08,2.547905921936035
2020-07-09,2.55287504196167
2020-07-10,2.568263053894043
2020-07-13,2.549647092819214
2020-07-14,2.561142921447754
2020-07-15,2.571453094482422
2020-07-16,2.555927038192749
2020-07-17,2.5672268867492676
2020-07-20,2.5416738986968994
2020-07-21,2.5563321113586426
2020-07-22,2.5417280197143555
2020-07-23,2.540688991546631
2020-07-24,2.559515953063965
2020-07-27,2.5371549129486084
2020-07-28,2.5698130130767822
2020-07-29,2.560439109802246
2020-07-30,2.575793981552124
2020-07-31,2.571012020111084
2020-08-03,2.5525219440460205
2020-08-04,2.5751209259033203
2020-08-05,2.570452928543091
2020-08-06,2.5710370540618896
2020-08-07,2.5649869441986084
2020-08-10,2.5487430095672607
2020-08-11,2.561566114425659
2020-08-12,2.553699016571045
2020-08-13,2.5510261058807373
2020-08-14,2.556049108505249
2020-08-17,2.548017978668213
2020-08-18,2.557981014251709
2020-08-19,2.5466721057891846
2020-08-20,2.555622100830078
2020-08-21,2.563368082046509
2020-08-24,2.5477890968322754
2020-08-25,2.5396831035614014
2020-08-26,2.5414750576019287
2020-08-27,2.541731119155884
2020-08-28,2.5152480602264404
2020-08-31,2.4917640686035156
2020-09-01,2.5127909183502197
2020-09-02,2.499190092086792
2020-09-03,2.5064830780029297
2020-09-04,2.514849901199341
2020-09-07,2.498178005218506
2020-09-08,2.5116970539093018
2020-09-09,2.5215909481048584
2020-09-10,2.5117390155792236
2020-09-11,2.527848958969116
2020-09-14,2.508059024810791
2020-09-15,2.5272929668426514
2020-09-16,2.5199530124664307
2020-09-17,2.543401002883911
2020-09-18,2.546947956085205
2020-09-21,2.5356829166412354
2020-09-22,2.538661003112793
2020-09-23,2.530397891998291
2020-09-24,2.548290967941284
2020-09-25,2.537682056427002
2020-09-28,2.518059015274048
2020-09-29,2.54082989692688
2020-09-30,2.5491220951080322
2020-10-01,2.5479390621185303
2020-10-02,2.5420680046081543
2020-10-05,2.534126043319702
2020-10-06,2.5514540672302246
2020-10-07,2.5741939544677734
2020-10-08,2.5804390907287598
2020-10-09,2.58445405960083
2020-10-12,2.551582098007202
2020-10-13,2.562375068664551
2020-10-14,2.551767110824585
2020-10-15,2.5515449047088623
2020-10-16,2.5757548809051514
2020-10-19,2.5518600940704346
2020-10-20,2.561713933944702
2020-10-21,2.581134080886841
2020-10-22,2.5932230949401855
2020-10-23,2.5722150802612305
2020-10-26,2.5785610675811768
2020-10-27,2.5845088958740234
2020-10-28,2.581587076187134
2020-10-29,2.621819019317627
2020-10-30,2.6167171001434326
2020-11-02,2.610414981842041
2020-11-03,2.6352570056915283
2020-11-04,2.6153039932250977
2020-11-05,2.602292060852051
2020-11-06,2.5968470573425293
2020-11-09,2.5882129669189453
2020-11-10,2.6039159297943115
2020-11-11,2.615593910217285
2020-11-12,2.620168924331665
2020-11-13,2.6325690746307373
2020-11-16,2.619213104248047
2020-11-17,2.6085801124572754
2020-11-18,2.611984968185425
2020-11-19,2.6086928844451904
2020-11-20,2.607640027999878
2020-11-23,2.5996460914611816
2020-11-24,2.603822946548462
2020-11-25,2.612175941467285
2020-11-26,2.5971291065216064
2020-11-27,2.595357894897461
2020-11-30,2.592703104019165
2020-12-01,2.6024320125579834
2020-12-02,2.5863819122314453
2020-12-03,2.5913610458374023
2020-12-04,2.600630044937134
2020-12-07,2.61542010307312
2020-12-08,2.6167349815368652
2020-12-09,2.610698938369751
2020-12-10,2.639357089996338
2020-12-11,2.6372640132904053
2020-12-14,2.6164889335632324
2020-12-15,2.626833915710449
2020-12-16,2.62368106842041
2020-12-17,2.6521739959716797
2020-12-18,2.6127209663391113
2020-12-21,2.6129109859466553
2020-12-22,2.6341700553894043
2020-12-23,2.6543960571289062
2020-12-24,2.6230928897857666
2020-12-25,2.615006923675537
2020-12-28,2.6401290893554688
2020-12-29,2.615217924118042
2020-12-30,2.6340160369873047
2020-12-31,2.6306350231170654
2021-01-01,2.6200199127197266
2021-01-04,2.604085922241211
2021-01-05,2.6286160945892334
2021-01-06,2.6244559288024902
2021-01-07,2.635530948638916
2021-01-08,2.6256330013275146
2021-01-11,2.6173529624938965
2021-01-12,2.643460988998413
2021-01-13,2.634347915649414
2021-01-14,2.6101620197296143
2021-01-15,2.6100940704345703
2021-01-18,2.612039089202881
2021-01-19,2.6179308891296387
2021-01-20,2.6178948879241943
2021-01-21,2.6153368949890137
2021-01-22,2.6167469024658203
2021-01-25,2.60964298248291
2021-01-26,2.613671064376831
2021-01-27,2.611466884613037
2021-01-28,2.6141910552978516
2021-01-29,2.6098060607910156
2021-02-01,2.6023480892181396
2021-02-02,2.6168549060821533
2021-02-03,2.616863965988159
2021-02-04,2.614677906036377
2021-02-05,2.6127610206604004
2021-02-08,2.6004230976104736
2021-02-09,2.614358901977539
2021-02-10,2.614201068878174
2021-02-11,2.596820116043091
2021-02-12,2.6006720066070557
2021-02-15,2.5898969173431396
2021-02-16,2.5928540229797363
2021-02-17,2.603337049484253
2021-02-18,2.606139898300171
2021-02-19,2.6046030521392822
2021-02-22,2.5983939170837402
2021-02-23,2.6038520336151123
2021-02-24,2.597316026687622
2021-02-25,2.6009480953216553
2021-02-26,2.6193010807037354
2021-03-01,2.639738082885742
2021-03-02,2.6436519622802734
2021-03-03,2.641042947769165
2021-03-04,2.6326839923858643
2021-03-05,2.6278131008148193
2021-03-08,2.617469072341919
2021-03-09,2.591348886489868
2021-03-10,2.5745890140533447
2021-03-11,2.5764269828796387
2021-03-12,2.593050003051758
2021-03-15,2.5810720920562744
2021-03-16,2.5674479007720947
2021-03-17,2.566751003265381
2021-03-18,2.5745251178741455
2021-03-19,2.5569870471954346
2021-03-22,2.549686908721924
2021-03-23,2.55676007270813
2021-03-24,2.5499119758605957
2021-03-25,2.5568718910217285
2021-03-26,2.54642391204834
2021-03-29,2.5324900150299072
2021-03-30,2.5507900714874268
2021-03-31,2.580940008163452
2021-04-01,2.578550100326538
2021-04-02,2.571086883544922
2021-04-05,2.5705831050872803
2021-04-06,2.5729799270629883
2021-04-07,2.5893540382385254
2021-04-08,2.6224300861358643
2021-04-09,2.6253700256347656
2021-04-12,2.626068115234375
2021-04-13,2.639756917953491
2021-04-14,2.6451029777526855
2021-04-15,2.6479640007019043
2021-04-16,2.6392390727996826
2021-04-19,2.637929916381836
2021-04-20,2.6561601161956787
2021-04-21,2.690769910812378
2021-04-22,2.694391965866089
2021-04-23,2.674576997756958
2021-04-26,2.6694281101226807
2021-04-27,2.7025580406188965
2021-04-28,2.671818971633911
2021-04-29,2.6687569618225098
2021-04-30,2.668459892272949
2021-05-03,2.6594929695129395
2021-05-04,2.6441640853881836
2021-05-05,2.64355206489563
2021-05-06,2.645803928375244
2021-05-07,2.6327810287475586
2021-05-10,2.637840986251831
2021-05-11,2.6596710681915283
2021-05-12,2.6269190311431885
2021-05-13,2.62864089012146
2021-05-14,2.6380600929260254
2021-05-17,2.6195359230041504
2021-05-18,2.6123061180114746
2021-05-19,2.6277220249176025
2021-05-20,2.6234240531921387
2021-05-21,2.611048936843872
2021-05-24,2.607142925262451
2021-05-25,2.598763942718506
2021-05-26,2.6149489879608154
2021-05-27,2.625641107559204
2021-05-28,2.612401008605957
2021-05-31,2.619821071624756
2021-06-01,2.6309709548950195
2021-06-02,2.6536149978637695
2021-06-03,2.6480770111083984
2021-06-04,2.6415998935699463
2021-06-07,2.646383047103882
2021-06-08,2.6324141025543213
2021-06-09,2.6436970233917236
2021-06-10,2.6294379234313965
2021-06-11,2.647502899169922
2021-06-14,2.6479170322418213
2021-06-15,2.6453540325164795
2021-06-16,2.6593821048736572
2021-06-17,2.6555910110473633
2021-06-18,2.6806459426879883
2021-06-21,2.667354106903076
2021-06-22,2.651236057281494
2021-06-23,2.6562390327453613
2021-06-24,2.64567494392395
2021-06-25,2.6581029891967773
2021-06-28,2.6617960929870605
2021-06-29,2.6693809032440186
2021-06-30,2.6630868911743164
2021-07-01,2.6719579696655273
2021-07-02,2.6728219985961914
2021-07-05,2.6686038970947266
2021-07-06,2.655734062194824
2021-07-07,2.6785309314727783
2021-07-08,2.6786389350891113
2021-07-09,2.666935920715332
2021-07-12,2.6636569499969482
2021-07-13,2.664659023284912
2021-07-14,2.663144111633301
2021-07-15,2.6614830493927
2021-07-16,2.6721420288085938
2021-07-19,2.6667070388793945
2021-07-20,2.669658899307251
2021-07-21,2.660339117050171
2021-07-22,2.6608688831329346
2021-07-23,2.6579461097717285
2021-07-26,2.654120922088623
2021-07-27,2.6473441123962402
2021-07-28,2.6571900844573975
2021-07-29,2.665009021759033
2021-07-30,2.6651830673217773
2021-08-02,2.6625490188598633
2021-08-03,2.6608059406280518
2021-08-04,2.66269588470459
2021-08-05,2.674772024154663
2021-08-06,2.6702089309692383
2021-08-09,2.677746057510376
2021-08-10,2.6788809299468994
2021-08-11,2.673603057861328
2021-08-12,2.665076971054077
2021-08-13,2.670746088027954
2021-08-16,2.667443037033081
2021-08-17,2.664896011352539
2021-08-18,2.6636760234832764
2021-08-19,2.6663200855255127
2021-08-20,2.6548709869384766
2021-08-23,2.655359983444214
2021-08-24,2.6544220447540283
2021-08-25,2.6562530994415283
2021-08-26,2.655724048614502
2021-08-27,2.6550469398498535
2021-08-30,2.6356189250946045
2021-08-31,2.6460111141204834
2021-09-01,2.6463229656219482
2021-09-02,2.6361160278320312
2021-09-03,2.644690990447998
2021-09-06,2.642651081085205
2021-09-07,2.6539039611816406
2021-09-08,2.658474922180176
2021-09-09,2.665354013442993
2021-09-10,2.6605160236358643
2021-09-13,2.657712936401367
2021-09-14,2.65960693359375
2021-09-15,2.6614389419555664
2021-09-16,2.6581199169158936
2021-09-17,2.6508729457855225
2021-09-20,2.6512250900268555
2021-09-21,2.6515309810638428
2021-09-22,2.660845994949341
2021-09-23,2.6651649475097656
2021-09-24,2.6666669845581055
2021-09-27,2.6607680320739746
2021-09-28,2.6664340496063232
2021-09-29,2.6723010540008545
2021-09-30,2.6697750091552734
2021-10-01,2.670435905456543
2021-10-04,2.6703479290008545
2021-10-05,2.673119068145752
2021-10-06,2.674269914627075
2021-10-07,2.6732370853424072
2021-10-08,2.6741039752960205
2021-10-11,2.682213068008423
2021-10-12,2.6878340244293213
2021-10-13,2.6821649074554443
2021-10-14,2.6874279975891113
2021-10-15,2.6780200004577637
2021-10-18,2.6819140911102295
2021-10-19,2.6904609203338623
2021-10-20,2.6965649127960205
2021-10-21,2.6889469623565674
2021-10-22,2.6897099018096924
2021-10-25,2.694145917892456
2021-10-26,2.6994640827178955
2021-10-27,2.7001590728759766
2021-10-28,2.70017409324646
2021-10-29,2.6965320110321045
2021-11-01,2.6921350955963135
2021-11-02,2.6901650428771973
2021-11-03,2.6803948879241943
2021-11-04,2.678981065750122
2021-11-05,2.670509099960327
2021-11-08,2.6644129753112793
2021-11-09,2.6574289798736572
2021-11-10,2.673552989959717
2021-11-11,2.678950071334839
2021-11-12,2.671937942504883
2021-11-15,2.67445707321167
2021-11-16,2.6807808876037598
2021-11-17,2.677288055419922
2021-11-18,2.675546884536743
2021-11-19,2.6671080589294434
2021-11-22,2.6728029251098633
2021-11-23,2.6790850162506104
2021-11-24,2.681267023086548
2021-11-25,2.6860239505767822
2021-11-26,2.682033061981201
2021-11-29,2.690782070159912
2021-11-30,2.7038140296936035
2021-12-01,2.7198660373687744
2021-12-02,2.716317892074585
2021-12-03,2.7075719833374023
2021-12-06,2.7190229892730713
2021-12-07,2.724273920059204
2021-12-08,2.717211961746216
2021-12-09,2.7267251014709473
2021-12-10,2.729154109954834
2021-12-13,2.7384231090545654
2021-12-14,2.7315170764923096
2021-12-15,2.7355899810791016
2021-12-16,2.7459609508514404
2021-12-17,2.742698907852173
2021-12-20,2.7349629402160645
2021-12-21,2.723320960998535
2021-12-22,2.728018045425415
2021-12-23,2.7158000469207764
2021-12-24,2.716123104095459
2021-12-27,2.7220489978790283
2021-12-28,2.7099130153656006
2021-12-29,2.7028439044952393
2021-12-30,2.701137065887451
2021-12-31,2.6895809173583984
2022-01-03,2.6883790493011475
2022-01-04,2.696455955505371
2022-01-05,2.7073569297790527
2022-01-06,2.6956100463867188
2022-01-07,2.693794012069702
2022-01-10,2.689188003540039
2022-01-11,2.6818931102752686
2022-01-12,2.671437978744507
2022-01-13,2.6726510524749756
2022-01-14,2.682887077331543
2022-01-17,2.7022340297698975
2022-01-18,2.7059710025787354
2022-01-19,2.71042799949646
2022-01-20,2.701291084289551
2022-01-21,2.6954538822174072
2022-01-24,2.685708999633789
2022-01-25,2.699786901473999
2022-01-26,2.698391914367676
2022-01-27,2.706233024597168
2022-01-28,2.708195924758911
2022-01-31,2.6951730251312256
2022-02-01,2.684943914413452
2022-02-02,2.6928908824920654
2022-02-03,2.6946229934692383
2022-02-04,2.690258026123047
2022-02-07,2.6836490631103516
2022-02-08,2.681546926498413
2022-02-09,2.6865010261535645
2022-02-10,2.6915390491485596
2022-02-11,2.7133920192718506
2022-02-14,2.6995229721069336
2022-02-15,2.7151811122894287
2022-02-16,2.7006609439849854
2022-02-17,2.6971209049224854
2022-02-18,2.6951639652252197
2022-02-21,2.680996894836426
2022-02-22,2.6783480644226074
2022-02-23,2.6793649196624756
2022-02-24,2.6782820224761963
2022-02-25,2.684046983718872
2022-02-28,2.6830599308013916
2022-03-01,2.689924955368042
2022-03-02,2.7016470432281494
2022-03-03,2.7027480602264404
2022-03-04,2.7042269706726074
2022-03-07,2.715925931930542
2022-03-08,2.7245700359344482
2022-03-09,2.716330051422119
2022-03-10,2.692744016647339
2022-03-11,2.6950490474700928
2022-03-14,2.7014060020446777
2022-03-15,2.6814169883728027
2022-03-16,2.6718709468841553
2022-03-17,2.6775119304656982
2022-03-18,2.6933319568634033
2022-03-21,2.6769020557403564
2022-03-22,2.6845250129699707
2022-03-23,2.6720330715179443
2022-03-24,2.678679943084717
2022-03-25,2.6629180908203125
2022-03-28,2.6592888832092285
2022-03-29,2.640165090560913
2022-03-30,2.641633987426758
2022-03-31,2.660568952560425
2022-04-01,2.651460886001587
2022-04-04,2.649444103240967
2022-04-05,2.6378729343414307
2022-04-06,2.6318509578704834
2022-04-07,2.6423959732055664
2022-04-08,2.6347858905792236
2022-04-11,2.6264419555664062
2022-04-12,2.6100380420684814
2022-04-13,2.621263027191162
2022-04-14,2.6257100105285645
2022-04-15,2.633044958114624
2022-04-18,2.6209559440612793
2022-04-19,2.609395980834961
2022-04-20,2.6118569374084473
2022-04-21,2.6140339374542236
2022-04-22,2.6083710193634033
2022-04-25,2.6089189052581787
2022-04-26,2.6200170516967773
2022-04-27,2.6195640563964844
2022-04-28,2.602015972137451
2022-04-29,2.59914493560791
2022-05-02,2.5982749462127686
2022-05-03,2.5952870845794678
2022-05-04,2.5982770919799805
2022-05-05,2.596019983291626
2022-05-06,2.583950996398926
2022-05-09,2.5928640365600586
2022-05-10,2.599997043609619
2022-05-11,2.60528302192688
2022-05-12,2.6072070598602295
2022-05-13,2.5953619480133057
2022-05-16,2.6006040573120117
2022-05-17,2.6173489093780518
2022-05-18,2.6187450885772705
2022-05-19,2.615570068359375
2022-05-20,2.6140410900115967
2022-05-23,2.6175920963287354
2022-05-24,2.6284730434417725
2022-05-25,2.6243178844451904
2022-05-26,2.6254160404205322
2022-05-27,2.6469650268554688
2022-05-30,2.650247097015381
2022-05-31,2.6883370876312256
2022-06-01,2.674259901046753
2022-06-02,2.661747932434082
2022-06-03,2.649014949798584
2022-06-06,2.644908905029297
2022-06-07,2.646162986755371
2022-06-08,2.639612913131714
2022-06-09,2.639106035232544
2022-06-10,2.6300759315490723
2022-06-13,2.6356770992279053
2022-06-14,2.6313159465789795
2022-06-15,2.6352860927581787
2022-06-16,2.6454379558563232
2022-06-17,2.62454891204834
2022-06-20,2.623505115509033
2022-06-21,2.6225390434265137
2022-06-22,2.6274609565734863
2022-06-23,2.6256120204925537
2022-06-24,2.628490924835205
2022-06-27,2.6338260173797607
2022-06-28,2.647979974746704
2022-06-29,2.6621999740600586
2022-06-30,2.655301094055176
2022-07-01,2.6613121032714844
2022-07-04,2.6484639644622803
2022-07-05,2.6582889556884766
2022-07-06,2.664102077484131
2022-07-07,2.652996063232422
2022-07-08,2.6657071113586426
2022-07-11,2.6653919219970703
2022-07-12,2.6623051166534424
2022-07-13,2.660654067993164
2022-07-14,2.679795026779175
2022-07-15,2.6689889430999756
2022-07-18,2.6640989780426025
2022-07-19,2.6764109134674072
2022-07-20,2.672785997390747
2022-07-21,2.6763429641723633
2022-07-22,2.6728999614715576
2022-07-25,2.6797549724578857
2022-07-26,2.672239065170288
2022-07-27,2.66798996925354
2022-07-28,2.6697490215301514
2022-07-29,2.663731098175049
2022-08-01,2.6387710571289062
2022-08-02,2.616766929626465
2022-08-03,2.622107982635498
2022-08-04,2.6407980918884277
2022-08-05,2.6420109272003174
2022-08-08,2.648097038269043
2022-08-09,2.652070999145508
2022-08-10,2.6496100425720215
2022-08-11,2.6433520317077637
2022-08-12,2.6570680141448975
2022-08-15,2.6581079959869385
2022-08-16,2.650341033935547
2022-08-17,2.6418631076812744
2022-08-18,2.64833402633667
2022-08-19,2.6605570316314697
2022-08-22,2.6537129878997803
2022-08-23,2.6495020389556885
2022-08-24,2.6459670066833496
2022-08-25,2.639822006225586
2022-08-26,2.646505117416382
2022-08-29,2.639219045639038
2022-08-30,2.6319429874420166
2022-08-31,2.6169190406799316
2022-09-01,2.6215660572052
2022-09-02,2.6082100868225098
2022-09-05,2.603188991546631
2022-09-06,2.5984389781951904
2022-09-07,2.5927090644836426
2022-09-08,2.583893060684204
2022-09-09,2.5816469192504883
2022-09-12,2.5807809829711914
2022-09-13,2.572812080383301
2022-09-14,2.5567429065704346
2022-09-15,2.556425094604492
2022-09-16,2.5561609268188477
2022-09-19,2.546560049057007
2022-09-20,2.5443708896636963
2022-09-21,2.5440540313720703
2022-09-22,2.544847011566162
2022-09-23,2.5690970420837402
2022-09-26,2.554780960083008
2022-09-27,2.5641961097717285
2022-09-28,2.579690933227539
2022-09-29,2.569791078567505
2022-09-30,2.574889898300171
2022-10-03,2.5622329711914062
2022-10-04,2.56276798248291
2022-10-05,2.577223062515259
2022-10-06,2.5889430046081543
2022-10-07,2.6139469146728516
2022-10-10,2.610905885696411
2022-10-11,2.5927670001983643
2022-10-12,2.5839059352874756
2022-10-13,2.5836710929870605
2022-10-14,2.5796360969543457
2022-10-17,2.57725191116333
2022-10-18,2.568286895751953
2022-10-19,2.5696189403533936
2022-10-20,2.5810329914093018
2022-10-21,2.5806820392608643
2022-10-24,2.57214093208313
2022-10-25,2.560167074203491
2022-10-26,2.5573949813842773
2022-10-27,2.5657498836517334
2022-10-28,2.571666955947876
2022-10-31,2.560811996459961
2022-11-01,2.5638890266418457
2022-11-02,2.572746992111206
2022-11-03,2.5707409381866455
2022-11-04,2.5712950229644775
2022-11-07,2.560494899749756
2022-11-08,2.5673880577087402
2022-11-09,2.5604429244995117
2022-11-10,2.5589869022369385
2022-11-11,2.5818560123443604
2022-11-14,2.5873301029205322
2022-11-15,2.621227979660034
2022-11-16,2.6075520515441895
2022-11-17,2.625493049621582
2022-11-18,2.623995065689087
2022-11-21,2.6190290451049805
2022-11-22,2.624018907546997
2022-11-23,2.6266729831695557
2022-11-24,2.624598979949951
2022-11-25,2.6587018966674805
2022-11-28,2.6392738819122314
2022-11-29,2.6322669982910156
2022-11-30,2.6373209953308105
2022-12-01,2.640383005142212
2022-12-02,2.6534171104431152
2022-12-05,2.664958953857422
2022-12-06,2.6783549785614014
2022-12-07,2.6890370845794678
2022-12-08,2.6853110790252686
2022-12-09,2.6850810050964355
2022-12-12,2.683772087097168
2022-12-13,2.6924479007720947
2022-12-14,2.6914849281311035
2022-12-15,2.7053749561309814
2022-12-16,2.6880180835723877
2022-12-19,2.687130928039551
2022-12-20,2.6822760105133057
2022-12-21,2.6883490085601807
2022-12-22,2.7002439498901367
2022-12-23,2.694514036178589
2022-12-26,2.685439109802246
2022-12-27,2.6974680423736572
2022-12-28,2.6928510665893555
2022-12-29,2.6861190795898438
2022-12-30,2.70054292678833
2023-01-02,2.698712110519409
2023-01-03,2.690990924835205
2023-01-04,2.6996541023254395
2023-01-05,2.692842960357666
2023-01-06,2.6983540058135986
2023-01-09,2.6907129287719727
2023-01-10,2.715172052383423
2023-01-11,2.6814980506896973
2023-01-12,2.6815690994262695
2023-01-13,2.6738970279693604
2023-01-16,2.6829121112823486
2023-01-17,2.6889569759368896
2023-01-18,2.691382884979248
2023-01-19,2.6829729080200195
2023-01-20,2.6898810863494873
2023-01-23,2.669620990753174
2023-01-24,2.688839912414551
2023-01-25,2.6940300464630127
2023-01-26,2.6918931007385254
2023-01-27,2.6947340965270996
2023-01-30,2.708221912384033
2023-01-31,2.7109169960021973
2023-02-01,2.721440076828003
2023-02-02,2.7493278980255127
2023-02-03,2.7603509426116943
2023-02-06,2.7426040172576904
2023-02-07,2.7570390701293945
2023-02-08,2.757843017578125
2023-02-09,2.748455047607422
2023-02-10,2.740328073501587
2023-02-13,2.732362985610962
2023-02-14,2.731847047805786
2023-02-15,2.7411649227142334
2023-02-16,2.7246100902557373
2023-02-17,2.724452018737793
2023-02-20,2.7233059406280518
2023-02-21,2.7221570014953613
2023-02-22,2.714118003845215
2023-02-23,2.7166240215301514
2023-02-24,2.719482898712158
2023-02-27,2.702584981918335
2023-02-28,2.699915885925293
2023-03-01,2.695157051086426
2023-03-02,2.7027790546417236
2023-03-03,2.690140962600708
2023-03-06,2.677957057952881
2023-03-07,2.6762049198150635
2023-03-08,2.6705780029296875
2023-03-09,2.6660408973693848
2023-03-10,2.6606109142303467
2023-03-13,2.657263994216919
2023-03-14,2.70487904548645
2023-03-15,2.7079319953918457
2023-03-16,2.7095470428466797
2023-03-17,2.7032721042633057
2023-03-20,2.6942429542541504
2023-03-21,2.70381498336792
2023-03-22,2.711174964904785
2023-03-23,2.7177939414978027
2023-03-24,2.7102859020233154
2023-03-27,2.7142269611358643
2023-03-28,2.7059600353240967
2023-03-29,2.7202670574188232
2023-03-30,2.692307949066162
2023-03-31,2.6935949325561523
2023-04-03,2.6910459995269775
2023-04-04,2.693753957748413
2023-04-05,2.6960721015930176
2023-04-06,2.689840078353882
2023-04-07,2.6830201148986816
2023-04-10,2.6928610801696777
2023-04-11,2.6854960918426514
2023-04-12,2.6893420219421387
2023-04-13,2.6906380653381348
2023-04-14,2.681396007537842
2023-04-17,2.681765079498291
2023-04-18,2.6902871131896973
2023-04-19,2.692707061767578
2023-04-20,2.695035934448242
2023-04-21,2.6862659454345703
2023-04-24,2.6780459880828857
2023-04-25,2.6767048835754395
2023-04-26,2.673722982406616
2023-04-27,2.666161060333252
2023-04-28,2.668416976928711
2023-05-01,2.6577279567718506
2023-05-02,2.6596169471740723
2023-05-03,2.6550490856170654
2023-05-04,2.667501926422119
2023-05-05,2.6664350032806396
2023-05-08,2.671510934829712
2023-05-09,2.665541887283325
2023-05-10,2.6765830516815186
2023-05-11,2.6714720726013184
2023-05-12,2.6731619834899902
2023-05-15,2.6667370796203613
2023-05-16,2.6747050285339355
2023-05-17,2.6722259521484375
2023-05-18,2.6758460998535156
2023-05-19,2.6977479457855225
2023-05-22,2.708820104598999
2023-05-23,2.6999928951263428
2023-05-24,2.689516067504883
2023-05-25,2.683401107788086
2023-05-26,2.688378095626831
2023-05-29,2.6901800632476807
2023-05-30,2.7037370204925537
2023-05-31,2.7041831016540527
2023-06-01,2.696181058883667
2023-06-02,2.6889829635620117
2023-06-05,2.6855480670928955
2023-06-06,2.6909830570220947
2023-06-07,2.686368942260742
2023-06-08,2.687877893447876
2023-06-09,2.6903419494628906
2023-06-12,2.6876609325408936
2023-06-13,2.678338050842285
2023-06-14,2.6842288970947266
2023-06-15,2.672327995300293
2023-06-16,2.6744730472564697
2023-06-19,2.6715240478515625
2023-06-20,2.659471035003662
2023-06-21,2.647749900817871
2023-06-22,2.648571014404297
2023-06-23,2.641817092895508
2023-06-26,2.64437198638916
2023-06-27,2.6437509059906006
2023-06-28,2.647047996520996
2023-06-29,2.6393840312957764
2023-06-30,2.6363511085510254
2023-07-03,2.634932041168213
2023-07-04,2.634805917739868
2023-07-05,2.638174057006836
2023-07-06,2.637598991394043
2023-07-07,2.640291929244995
2023-07-10,2.6413309574127197
2023-07-11,2.632059097290039
2023-07-12,2.6333839893341064
2023-07-13,2.641062021255493
2023-07-14,2.6475040912628174
2023-07-17,2.660080909729004
2023-07-18,2.650825023651123
2023-07-19,2.6470980644226074
2023-07-20,2.642267942428589
2023-07-21,2.6433091163635254
2023-07-24,2.6164469718933105
2023-07-25,2.6134800910949707
2023-07-26,2.627868890762329
2023-07-27,2.6242239475250244
2023-07-28,2.631021022796631
2023-07-31,2.623744010925293
2023-08-01,2.6176860332489014
2023-08-02,2.604660987854004
2023-08-03,2.614501953125
2023-08-04,2.614914894104004
2023-08-07,2.6114439964294434
2023-08-08,2.611469030380249
2023-08-09,2.6041159629821777
2023-08-10,2.6121010780334473
2023-08-11,2.6063361167907715
2023-08-14,2.5979690551757812
2023-08-15,2.607424020767212
2023-08-16,2.6104559898376465
2023-08-17,2.607234001159668
2023-08-18,2.6042680740356445
2023-08-21,2.6062510013580322
2023-08-22,2.6029090881347656
2023-08-23,2.5966899394989014
2023-08-24,2.5899789333343506
2023-08-25,2.596410036087036
2023-08-28,2.5973010063171387
2023-08-29,2.598310947418213
2023-08-30,2.5962960720062256
2023-08-31,2.600493907928467
2023-09-01,2.5982210636138916
2023-09-04,2.5941720008850098
2023-09-05,2.595773935317993
2023-09-06,2.602997064590454
2023-09-07,2.6034209728240967
2023-09-08,2.597651958465576
2023-09-11,2.586652994155884
2023-09-12,2.5983519554138184
2023-09-13,2.590559959411621
2023-09-14,2.5991010665893555
2023-09-15,2.6040990352630615
2023-09-18,2.6054279804229736
2023-09-19,2.6082770824432373
2023-09-20,2.6003150939941406
2023-09-21,2.594499111175537
2023-09-22,2.5783801078796387
2023-09-25,2.5806400775909424
2023-09-26,2.585118055343628
2023-09-27,2.586441993713379
2023-09-28,2.5795090198516846
2023-09-29,2.5934441089630127
2023-10-02,2.5744669437408447
2023-10-03,2.5804030895233154
2023-10-04,2.57466197013855
2023-10-05,2.583688974380493
2023-10-06,2.5837819576263428
2023-10-09,2.586819887161255
2023-10-10,2.5898220539093018
2023-10-11,2.5956990718841553
2023-10-12,2.596237897872925
2023-10-13,2.587033987045288
2023-10-16,2.586013078689575
2023-10-17,2.580997943878174
2023-10-18,2.57401704788208
2023-10-19,2.5711450576782227
2023-10-20,2.5684359073638916
2023-10-23,2.5706911087036133
2023-10-24,2.5751140117645264
2023-10-25,2.570236921310425
2023-10-26,2.567815065383911
2023-10-27,2.5725200176239014
2023-10-30,2.5682260990142822
2023-10-31,2.5812759399414062
2023-11-01,2.566797971725464
2023-11-02,2.5715041160583496
2023-11-03,2.5856409072875977
2023-11-06,2.5897679328918457
2023-11-07,2.590198040008545
2023-11-08,2.5934441089630127
2023-11-09,2.5818428993225098
2023-11-10,2.5820260047912598
2023-11-13,2.5739810466766357
2023-11-14,2.5774929523468018
2023-11-15,2.5857009887695312
2023-11-16,2.612837076187134
2023-11-17,2.6094560623168945
2023-11-20,2.6233630180358887
2023-11-21,2.6458210945129395
2023-11-22,2.655319929122925
2023-11-23,2.6495509147644043
2023-11-24,2.635050058364868
2023-11-27,2.6314549446105957
2023-11-28,2.6435630321502686
2023-11-29,2.6623079776763916
2023-11-30,2.660788059234619
2023-12-01,2.6566600799560547
2023-12-04,2.6608669757843018
2023-12-05,2.653333902359009
2023-12-06,2.6423490047454834
2023-12-07,2.6437790393829346
2023-12-08,2.663947105407715
2023-12-11,2.6539840698242188
2023-12-12,2.6573829650878906
2023-12-13,2.6484930515289307
2023-12-14,2.6839818954467773
2023-12-15,2.669908046722412
2023-12-18,2.651057004928589
2023-12-19,2.647705078125
2023-12-20,2.6548190116882324
2023-12-21,2.6576449871063232
2023-12-22,2.6637909412384033
2023-12-25,2.6757850646972656
2023-12-26,2.697859048843384
2023-12-27,2.6869568824768066
2023-12-28,2.698241949081421
2023-12-29,2.6797990798950195
2024-01-01,2.715475082397461
2024-01-02,2.7116310596466064
2024-01-03,2.694916009902954
2024-01-04,2.671778917312622
2024-01-05,2.694437026977539
2024-01-08,2.6864519119262695
2024-01-09,2.680126905441284
2024-01-10,2.675107002258301
2024-01-11,2.666778087615967
2024-01-12,2.6885030269622803
2024-01-15,2.6643550395965576
2024-01-16,2.654771089553833
2024-01-17,2.639983892440796
2024-01-18,2.6352460384368896
2024-01-19,2.632030963897705
2024-01-22,2.618195056915283
2024-01-23,2.6478159427642822
2024-01-24,2.6593399047851562
2024-01-25,2.6542389392852783
2024-01-26,2.653881072998047
2024-01-29,2.658179998397827
2024-01-30,2.665121078491211
2024-01-31,2.6659770011901855
2024-02-01,2.656991958618164
2024-02-02,2.6617319583892822
2024-02-05,2.6785199642181396
2024-02-06,2.645477056503296
2024-02-07,2.660814046859741
2024-02-08,2.6452300548553467
2024-02-09,2.6476330757141113
2024-02-12,2.645080089569092
2024-02-13,2.6517069339752197
2024-02-14,2.638192892074585
2024-02-15,2.648099899291992
2024-02-16,2.653784990310669
2024-02-19,2.6473209857940674
2024-02-20,2.644906997680664
2024-02-21,2.637826919555664
2024-02-22,2.6368319988250732
2024-02-23,2.6341700553894043
2024-02-26,2.619584083557129
2024-02-27,2.62444806098938
2024-02-28,2.6253581047058105
2024-02-29,2.617961883544922
2024-03-01,2.621267080307007
2024-03-04,2.6228489875793457
2024-03-05,2.629075050354004
2024-03-06,2.626636028289795
2024-03-07,2.6305220127105713
2024-03-08,2.6312499046325684
2024-03-11,2.633739948272705
2024-03-12,2.638309955596924
2024-03-13,2.643641948699951
2024-03-14,2.6336889266967773
2024-03-15,2.628580093383789
2024-03-18,2.620884895324707
2024-03-19,2.6168999671936035
2024-03-20,2.6158881187438965
2024-03-21,2.6136538982391357
2024-03-22,2.609818935394287
2024-03-25,2.615880012512207
2024-03-26,2.6220428943634033
2024-03-27,2.6133100986480713
2024-03-28,2.605571985244751
2024-03-29,2.602924108505249
2024-04-01,2.609308958053589
2024-04-02,2.6027300357818604
2024-04-03,2.600917100906372
2024-04-04,2.606621026992798
2024-04-05,2.6024999618530273
2024-04-08,2.5927999019622803
2024-04-09,2.5941250324249268
2024-04-10,2.602385997772217
2024-04-11,2.5885748863220215
2024-04-12,2.5853559970855713
2024-04-15,2.5883231163024902
2024-04-16,2.5770349502563477
2024-04-17,2.573806047439575
2024-04-18,2.58386492729187
2024-04-19,2.5736401081085205
2024-04-22,2.5628631114959717
2024-04-23,2.558526039123535
2024-04-24,2.5602550506591797
2024-04-25,2.553147077560425
2024-04-26,2.5601389408111572
2024-04-29,2.5580859184265137
2024-04-30,2.5683350563049316
2024-05-01,2.56016206741333
2024-05-02,2.5638740062713623
2024-05-03,2.5792438983917236
2024-05-06,2.5823841094970703
2024-05-07,2.5853540897369385
2024-05-08,2.57791805267334
2024-05-09,2.5801920890808105
2024-05-10,2.578550100326538
2024-05-13,2.574826955795288
2024-05-14,2.5780460834503174
2024-05-15,2.5835928916931152
2024-05-16,2.602262020111084
2024-05-17,2.594801902770996
2024-05-20,2.5886011123657227
2024-05-21,2.5857601165771484
2024-05-22,2.5834829807281494
2024-05-23,2.582814931869507
2024-05-24,2.583420991897583
2024-05-27,2.5754780769348145
2024-05-28,2.5898048877716064
2024-05-29,2.58479905128479
2024-05-30,2.5739340782165527
2024-05-31,2.5736188888549805
2024-06-03,2.569338083267212
2024-06-04,2.570434093475342
2024-06-05,2.5856709480285645
2024-06-06,2.584080934524536
2024-06-07,2.590409994125366
2024-06-10,2.576430082321167
2024-06-11,2.579026937484741
2024-06-12,2.5855190753936768
2024-06-13,2.5929439067840576
2024-06-14,2.584743022918701
2024-06-17,2.581037998199463
2024-06-18,2.582732915878296
2024-06-19,2.576256036758423
2024-06-20,2.5754311084747314
2024-06-21,2.5844039916992188
2024-06-24,2.5811610221862793
2024-06-25,2.5808770656585693
2024-06-26,2.567471981048584
2024-06-27,2.5642170906066895
2024-06-28,2.565548896789551
2024-07-01,2.5636160373687744
2024-07-02,2.5641660690307617
2024-07-03,2.561666965484619
2024-07-04,2.5582079887390137
2024-07-05,2.5674641132354736
2024-07-08,2.5756239891052246
2024-07-09,2.568993091583252
2024-07-10,2.5671589374542236
2024-07-11,2.561350107192993
2024-07-12,2.5750930309295654
2024-07-15,2.568013906478882
2024-07-16,2.5652639865875244
2024-07-17,2.5639638900756836
2024-07-18,2.568840980529785
2024-07-19,2.5588080883026123
2024-07-22,2.553049087524414
2024-07-23,2.5491280555725098
2024-07-24,2.5539989471435547
2024-07-25,2.5586159229278564
2024-07-26,2.5639190673828125
2024-07-29,2.5516650676727295
2024-07-30,2.5500800609588623
2024-07-31,2.552177906036377
2024-08-01,2.569701910018921
2024-08-02,2.554569959640503
2024-08-05,2.568686008453369
2024-08-06,2.569365978240967
2024-08-07,2.559536933898926
2024-08-08,2.569796085357666
2024-08-09,2.590398073196411
2024-08-12,2.5870749950408936
2024-08-13,2.601280927658081
2024-08-14,2.595366954803467
2024-08-15,2.6027181148529053
2024-08-16,2.586406946182251
2024-08-19,2.6059610843658447
2024-08-20,2.6273229122161865
2024-08-21,2.6254990100860596
2024-08-22,2.645493984222412
2024-08-23,2.619050979614258
2024-08-26,2.6363589763641357
2024-08-27,2.63590407371521
2024-08-28,2.6470770835876465
2024-08-29,2.6233279705047607
2024-08-30,2.6461570262908936
2024-09-02,2.619843006134033
2024-09-03,2.6271610260009766
2024-09-04,2.6237339973449707
2024-09-05,2.6268749237060547
2024-09-06,2.6226840019226074
2024-09-09,2.621082067489624
2024-09-10,2.6143949031829834
2024-09-11,2.6103250980377197
2024-09-12,2.6148650646209717
2024-09-13,2.6154019832611084
2024-09-16,2.625272035598755
2024-09-17,2.649986982345581
2024-09-18,2.6215178966522217
2024-09-19,2.616748094558716
2024-09-20,2.6191060543060303
2024-09-23,2.6105220317840576
2024-09-24,2.6144649982452393
2024-09-25,2.6346640586853027
2024-09-26,2.6227200031280518
2024-09-27,2.651607036590576
2024-09-30,2.6500918865203857
2024-10-01,2.6515040397644043
2024-10-02,2.6388978958129883
2024-10-03,2.6255149841308594
2024-10-04,2.6206259727478027
2024-10-07,2.6026079654693604
2024-10-08,2.6124160289764404
2024-10-09,2.6076629161834717
2024-10-10,2.603424072265625
2024-10-11,2.606161117553711
2024-10-14,2.6179308891296387
2024-10-15,2.6128389835357666
2024-10-16,2.611617088317871
2024-10-17,2.61340594291687
2024-10-18,2.6198859214782715
2024-10-21,2.6224920749664307
2024-10-22,2.621922016143799
2024-10-23,2.625246047973633
2024-10-24,2.6261279582977295
2024-10-25,2.62760591506958
2024-10-28,2.621699094772339
2024-10-29,2.6258490085601807
2024-10-30,2.6263539791107178
2024-10-31,2.6375019550323486
2024-11-01,2.6379330158233643
2024-11-04,2.6343610286712646
2024-11-05,2.635787010192871
2024-11-06,2.642216920852661
2024-11-07,2.6044130325317383
2024-11-08,2.630661964416504
2024-11-11,2.61651611328125
2024-11-12,2.605642080307007
2024-11-13,2.6006999015808105
2024-11-14,2.600912094116211
2024-11-15,2.592834949493408
2024-11-18,2.6011650562286377
2024-11-19,2.599900960922241
2024-11-20,2.609657049179077
2024-11-21,2.5974740982055664
2024-11-22,2.5975780487060547
2024-11-25,2.591381072998047
2024-11-26,2.6072609424591064
2024-11-27,2.6005699634552
2024-11-28,2.598947048187256
2024-11-29,2.5984630584716797
2024-12-02,2.605257034301758
2024-12-03,2.5986759662628174
2024-12-04,2.6052329540252686
2024-12-05,2.619143009185791
2024-12-06,2.6219520568847656
2024-12-09,2.612381935119629
2024-12-10,2.619852066040039
2024-12-11,2.608393907546997
2024-12-12,2.611083984375
2024-12-13,2.6122779846191406
2024-12-16,2.6081769466400146
2024-12-17,2.6161000728607178
2024-12-18,2.614833116531372
2024-12-19,2.6030800342559814
2024-12-20,2.6123270988464355
2024-12-23,2.603255033493042
2024-12-24,2.6035830974578857
2024-12-25,2.6062140464782715
2024-12-26,2.6133968830108643
2024-12-27,2.600209951400757
2024-12-30,2.6008529663085938
2024-12-31,2.615389108657837
2025-01-02,2.609966993331909
2025-01-03,2.608793020248413
2025-01-06,2.6045188903808594
2025-01-07,2.6162610054016113
2025-01-08,2.619621992111206
2025-01-09,2.6087989807128906
2025-01-10,2.612185001373291
2025-01-13,2.602837085723877
2025-01-14,2.6166648864746094
2025-01-15,2.6249101161956787
2025-01-16,2.625247001647949
2025-01-17,2.6290879249572754
2025-01-20,2.630613088607788
2025-01-21,2.6475980281829834
2025-01-22,2.6433849334716797
2025-01-23,2.6495869159698486
2025-01-24,2.6469929218292236
2025-01-27,2.6323130130767822
2025-01-28,2.6296579837799072
2025-01-29,2.6333439350128174
2025-01-30,2.6361770629882812
2025-01-31,2.6295390129089355
2025-02-03,2.6258320808410645
2025-02-04,2.6344919204711914
2025-02-05,2.6477999687194824
2025-02-06,2.6591548919677734
2025-02-07,2.669480085372925
2025-02-10,2.6682839393615723
2025-02-11,2.6608340740203857
2025-02-12,2.6449739933013916
2025-02-13,2.6461501121520996
2025-02-14,2.658190965652466
2025-02-17,2.650602102279663
2025-02-18,2.654340982437134
2025-02-19,2.6540091037750244
2025-02-20,2.6519899368286133
2025-02-21,2.6438488960266113
2025-02-24,2.6411430835723877
2025-02-25,2.649825096130371
2025-02-26,2.6548240184783936
2025-02-27,2.66005802154541
2025-02-28,2.6530370712280273
2025-03-03,2.656825065612793
2025-03-04,2.653968095779419
2025-03-05,2.6582560539245605
2025-03-06,2.645595073699951
2025-03-07,2.6500511169433594
2025-03-10,2.6521589756011963
2025-03-11,2.6563808917999268
2025-03-12,2.651240110397339
2025-03-13,2.6478888988494873
2025-03-14,2.635329008102417
2025-03-17,2.6393139362335205
2025-03-18,2.636610984802246
2025-03-19,2.6238439083099365
2025-03-20,2.614366054534912
2025-03-21,2.616436004638672
2025-03-24,2.605933904647827
2025-03-25,2.5897390842437744
2025-03-26,2.5889599323272705
2025-03-27,2.6007940769195557
2025-03-28,2.5868749618530273
2025-03-31,2.5764000415802
2025-04-01,2.570190906524658
2025-04-02,2.577181100845337
2025-04-03,2.5738470554351807
2025-04-04,2.580735921859741
2025-04-07,2.5780088901519775
2025-04-08,2.6072499752044678
2025-04-09,2.611262083053589
2025-04-10,2.644218921661377
2025-04-11,2.629288911819458
2025-04-14,2.662168025970459
2025-04-15,2.6580169200897217
2025-04-16,2.636207103729248
2025-04-17,2.643125057220459
2025-04-22,2.623987913131714
2025-04-23,2.6154050827026367
2025-04-24,2.6269829273223877
2025-04-25,2.627587080001831
2025-04-28,2.6244819164276123
2025-04-29,2.6254138946533203
2025-04-30,2.6338279247283936
2025-05-01,2.637808084487915
2025-05-02,2.6366400718688965
2025-05-05,2.7515881061553955
2025-05-06,2.886759042739868
2025-05-07,2.827338933944702
2025-05-08,2.7895290851593018
2025-05-09,2.843158006668091
2025-05-12,2.8221089839935303
2025-05-13,2.7941830158233643
2025-05-14,2.794213056564331
2025-05-15,2.8162729740142822
2025-05-16,2.830988883972168
2025-05-19,2.829468011856079
2025-05-20,2.8305649757385254
2025-05-21,2.8359549045562744
2025-05-22,2.851746082305908
2025-05-23,2.8599319458007812
2025-05-26,2.841928005218506
2025-05-27,2.8452489376068115
2025-05-28,2.8473939895629883
2025-05-29,2.8548851013183594
2025-05-30,2.861103057861328
2025-06-02,2.858670949935913
2025-06-03,2.845163106918335
2025-06-04,2.8581159114837646
2025-06-05,2.867556095123291
2025-06-06,2.866399049758911
2025-06-09,2.865920066833496
2025-06-10,2.8653368949890137
2025-06-11,2.86423397064209
2025-06-12,2.8607990741729736
2025-06-13,2.9007320404052734
2025-06-16,2.9157819747924805
2025-06-17,2.9267070293426514
2025-06-18,2.9444520473480225
2025-06-19,2.957559108734131
2025-06-20,2.9317729473114014
2025-06-23,2.927304983139038
2025-06-24,2.907747983932495
2025-06-25,2.9170188903808594
2025-06-26,2.961505889892578
2025-06-27,2.94643497467041
2025-06-30,2.936476945877075
2025-07-01,2.9331328868865967
2025-07-02,2.930419921875
2025-07-03,2.9566919803619385
2025-07-04,2.9519009590148926
2025-07-07,2.9555881023406982
2025-07-08,2.9535369873046875
2025-07-09,2.943039894104004
2025-07-10,2.933156967163086
2025-07-11,2.930903911590576
2025-07-14,2.934864044189453
2025-07-15,2.927983045578003
2025-07-16,2.9246299266815186
2025-07-17,2.920732021331787
2025-07-18,2.925302028656006
2025-07-21,2.9291679859161377
2025-07-22,2.9334189891815186
2025-07-23,2.9354360103607178
2025-07-24,2.953892946243286
2025-07-25,2.9392058849334717
2025-07-28,2.934101104736328
2025-07-29,2.924575090408325
2025-07-30,2.9305360317230225
2025-07-31,2.93585205078125
2025-08-01,2.9243099689483643
2025-08-04,2.936661958694458
2025-08-05,2.939666986465454
2025-08-06,2.928744077682495
2025-08-07,2.933290958404541
2025-08-08,2.931885004043579
2025-08-11,2.925334930419922
2025-08-12,2.9257619380950928
2025-08-13,2.9302849769592285
2025-08-14,2.9192750453948975
2025-08-15,2.913832902908325
2025-08-18,2.9139370918273926
2025-08-19,2.906826972961426
2025-08-20,2.891187906265259
2025-08-21,2.8723559379577637
2025-08-22,2.8591670989990234
2025-08-25,2.8743650913238525
2025-08-26,2.8757920265197754
2025-08-27,2.867396116256714
2025-08-28,2.8655850887298584
2025-08-29,2.8711440563201904
2025-09-01,2.883681058883667
2025-09-02,2.8727829456329346
2025-09-03,2.860848903656006
2025-09-04,2.865386962890625
2025-09-05,2.8715200424194336
2025-09-08,2.892008066177368
2025-09-09,2.899048089981079
2025-09-10,2.905090093612671
2025-09-11,2.9111099243164062
2025-09-12,2.9126410484313965
2025-09-15,2.913451910018921
2025-09-16,2.917120933532715
2025-09-17,2.9235360622406006
2025-09-18,2.9204790592193604
2025-09-19,2.928004026412964
2025-09-22,2.9141719341278076
2025-09-23,2.920654058456421
2025-09-24,2.9320249557495117
2025-09-25,2.922386884689331
2025-09-26,2.903264045715332
2025-09-29,2.911310911178589
2025-09-30,2.9109690189361572
2025-10-01,2.9169158935546875
2025-10-02,2.9113268852233887
2025-10-03,2.9109139442443848
2025-10-06,2.918869972229004
2025-10-07,2.906506061553955
2025-10-08,2.904654026031494
2025-10-09,2.9065139293670654
2025-10-10,2.90419602394104
2025-10-13,2.8930020332336426
2025-10-14,2.887346029281616
2025-10-15,2.8920130729675293
2025-10-16,2.867208957672119
2025-10-17,2.8724660873413086
2025-10-20,2.8724279403686523
2025-10-21,2.8706979751586914
2025-10-22,2.867266893386841
2025-10-23,2.852047920227051
2025-10-24,2.8508780002593994
2025-10-27,2.8471450805664062
2025-10-28,2.8815619945526123
2025-10-29,2.887104034423828
2025-10-30,2.8798930644989014
2025-10-31,2.8828139305114746
2025-11-03,2.8824119567871094
2025-11-04,2.870043992996216
2025-11-05,2.868419885635376
2025-11-06,2.8651769161224365
2025-11-07,2.8609609603881836
2025-11-10,2.8616058826446533
2025-11-11,2.863037109375
2025-11-12,2.856494903564453
2025-11-13,2.8505969047546387
2025-11-14,2.8522679805755615
2025-11-17,2.8929519653320312
2025-11-18,2.8418049812316895
2025-11-19,2.8458290100097656
2025-11-20,2.8363099098205566
2025-11-21,2.8275399208068848
2025-11-24,2.8587920665740967
2025-11-25,2.835391044616699
2025-11-26,2.8389110565185547
2025-11-27,2.851931095123291
2025-11-28,2.8523809909820557
2025-12-01,2.84619402885437
2025-12-02,2.8529109954833984
2025-12-03,2.862149953842163
2025-12-04,2.8781769275665283
2025-12-05,2.8628549575805664
2025-12-08,2.8744289875030518
2025-12-09,2.8905420303344727
2025-12-10,2.8851239681243896
2025-12-11,2.8879899978637695
2025-12-12,2.8932249546051025
2025-12-15,2.8906478881835938
2025-12-16,2.8960659503936768
2025-12-17,2.8887341022491455
2025-12-18,2.8568899631500244
2025-12-19,2.862618923187256
2025-12-22,2.841480016708374
2025-12-23,2.8402938842773438
2025-12-24,2.8401920795440674
2025-12-26,2.8528950214385986
2025-12-29,2.8607521057128906
2025-12-30,2.869143009185791
2025-12-31,2.8718760013580322
2026-01-02,2.8664441108703613
2026-01-05,2.868859052658081
2026-01-06,2.865422010421753
2026-01-07,2.861279010772705
2026-01-08,2.856092929840088
2026-01-09,2.8488070964813232
2026-01-12,2.854846954345703
2026-01-13,2.8535830974578857
2026-01-14,2.8541879653930664
2026-01-15,2.860852003097534
2026-01-16,2.8615550994873047
2026-01-19,2.8682289123535156
2026-01-20,2.880053997039795
2026-01-21,2.8746418952941895
2026-01-22,2.891676902770996
2026-01-23,2.896681070327759
2026-01-26,2.9212050437927246
2026-01-27,2.915052890777588
2026-01-28,2.9408740997314453
2026-01-29,2.9417190551757812
2026-01-30,2.9256460666656494
2026-02-02,2.9005420207977295
2026-02-03,2.867064952850342
2026-02-04,2.862588882446289
2026-02-05,2.8561410903930664
2026-02-06,2.852277994155884
2026-02-09,2.8676390647888184
2026-02-10,2.874001979827881
2026-02-11,2.876929998397827
2026-02-12,2.8940958976745605
2026-02-13,2.8812670707702637
2026-02-16,2.8860840797424316
2026-02-17,2.8941280841827393
2026-02-18,2.8870151042938232
2026-02-19,2.8783040046691895
2026-02-20,2.881643056869507
2026-02-23,2.876487970352173
2026-02-24,2.894129991531372
2026-02-25,2.89620304107666
2026-02-26,2.907259941101074
2026-02-27,2.911128044128418
2026-03-02,2.9011919498443604
2026-03-03,2.902168035507202
2026-03-04,2.89990496635437
2026-03-05,2.9111390113830566
2026-03-06,2.8754420280456543
2026-03-09,2.887485980987549
2026-03-10,2.8692750930786133
2026-03-11,2.8928918838500977
2026-03-12,2.812386989593506
2026-03-13,2.8952460289001465
2026-03-16,2.8776729106903076
2026-03-17,2.886936902999878
2026-03-18,2.8877429962158203
2026-03-19,2.910083055496216
2026-03-20,2.925662040710449
2026-03-23,2.9246859550476074
2026-03-24,2.926866054534912
2026-03-25,2.9518449306488037
2026-03-26,2.9459919929504395
2026-03-27,2.952249050140381
2026-03-30,2.9580581188201904
2026-03-31,2.94354510307312
2026-04-01,2.925684928894043
2026-04-02,2.893537998199463
2026-04-03,2.9096930027008057
2026-04-06,2.9057979583740234
2026-04-07,2.909152030944824
2026-04-08,2.910141944885254
2026-04-09,2.9078919887542725
2026-04-10,2.913259983062744
2026-04-13,2.9736580848693848
2026-04-14,2.9993209838867188
2026-04-15,2.954629898071289
2026-04-16,2.9550909996032715
2026-04-17,2.9470720291137695
2026-04-20,2.9413750171661377
2026-04-21,2.9625120162963867
2026-04-22,2.972482919692993
2026-04-23,2.9794869422912598
2026-04-24,2.9819369316101074
2026-04-27,2.9956870079040527
2026-04-28,2.995137929916382
2026-04-29,3.001950979232788
2026-04-30,2.9997498989105225
2026-05-01,3.000225067138672
2026-05-04,3.000458002090454
2026-05-05,3.0072100162506104
2026-05-06,3.0139129161834717
2026-05-07,3.0121960639953613
2026-05-08,3.0010669231414795
2026-05-11,3.0152409076690674
2026-05-12,3.0411970615386963
2026-05-13,3.0289390087127686
2026-05-14,3.031898021697998
2026-05-15,3.0322580337524414
2026-05-18,3.0368430614471436
2026-05-19,3.047683000564575
2026-05-20,3.0499050617218018
2026-05-21,3.051785945892334
2026-05-22,3.046283006668091
2026-05-25,3.041214942932129
2026-05-26,3.0289270877838135
2026-05-27,3.0505781173706055
2026-05-28,3.057636022567749
2026-05-29,3.057720899581909
2026-06-01,3.022800922393799
2026-06-02,3.0488739013671875
2026-06-03,3.0253748893737793
2026-06-04,3.0507779121398926
2026-06-05,3.040787935256958
2026-06-08,3.0061070919036865
2026-06-09,3.0285229682922363
2026-06-10,3.019174098968506
2026-06-11,3.0205020904541016
2026-06-12,3.0310540199279785
2026-06-15,3.007507085800171
2026-06-16,3.003925085067749
2026-06-17,3.004801034927368
2026-06-18,2.997122049331665
2026-06-19,2.980195999145508
2026-06-22,2.97566294670105
2026-06-23,2.9873249530792236
2026-06-24,2.9998490810394287
2026-06-25,2.9594569206237793
2026-06-26,2.960753917694092
2026-06-29,2.961930990219116
2026-06-30,2.9702789783477783
2026-07-01,2.9736220836639404
2026-07-02,2.990319013595581
2026-07-03,2.992703914642334
2026-07-06,2.9810709953308105
2026-07-07,2.980799913406372
2026-07-08,2.974013090133667
2026-07-09,2.9857819080352783
2026-07-10,2.9699831008911133
2026-07-13,2.9680728912353516
2026-07-14,2.992795944213867
2026-07-15,2.9993340969085693
2026-07-16,2.9973158836364746
2026-07-17,2.9947850704193115
2026-07-20,2.971376895904541
2026-07-21,2.9876549243927
2026-07-22,2.979001045227051
2026-07-23,2.98063588142395
2026-07-24,2.998533010482788
2026-07-27,2.986279010772705
2026-07-28,2.9643349647521973
2026-07-29,2.952500104904175
2026-07-30,2.957242012023926
2026-07-31,2.9523138999938965
2026-08-03,2.953033924102783
2026-08-04,2.9413349628448486
2026-08-05,2.9341840744018555
2026-08-06,2.9460411071777344
2026-08-07,2.9562690258026123
2026-08-10,2.952220916748047
2026-08-11,2.958569049835205
2026-08-12,2.9592599868774414
2026-08-13,2.9585320949554443
2026-08-14,2.968319892883301
2026-08-17,2.9807260036468506
2026-08-18,3.001997947692871
2026-08-19,3.0035550594329834
2026-08-20,2.9966111183166504
2026-08-21,3.003882884979248
2026-08-24,3.0057849884033203
2026-08-25,3.0067660808563232
2026-08-26,2.93727707862854
2026-08-27,2.9966280460357666
2026-08-28,3.013947010040283
2026-08-31,3.0137760639190674
2026-09-01,3.0009560585021973
2026-09-02,2.996471881866455
2026-09-03,2.9768528938293457
2026-09-04,2.978843927383423
2026-09-07,2.9848999977111816
2026-09-08,2.9978489875793457
2026-09-09,3.0088980197906494
2026-09-10,3.021436929702759
2026-09-11,3.025491952896118
2026-09-14,2.9987130165100098
2026-09-15,3.0208349227905273
2026-09-16,3.0208139419555664
2026-09-17,3.018444061279297
2026-09-18,3.006351947784424
2026-09-21,3.0169930458068848
2026-09-22,3.0140960216522217
2026-09-23,3.0194060802459717
2026-09-24,3.0103700160980225
2026-09-25,3.021925926208496
2026-09-28,3.0127789974212646
2026-09-29,3.018764019012451
2026-09-30,3.0139129161834717
2026-10-01,3.0087320804595947
2026-10-02,3.0159690380096436
2026-10-05,3.0278220176696777
2026-10-06,3.0363409519195557
2026-10-07,3.031269073486328
2026-10-08,3.0276999473571777
