date,close
2011-10-03,0.6367200016975403
2011-10-04,0.640529990196228
2011-10-05,0.6418499946594238
2011-10-06,0.6403599977493286
2011-10-07,0.6399800181388855
2011-10-10,0.64205002784729
2011-10-11,0.6360700130462646
2011-10-12,0.6317099928855896
2011-10-13,0.6329100131988525
2011-10-14,0.6395999789237976
2011-10-17,0.6320199966430664
2011-10-18,0.636430025100708
2011-10-19,0.6413499712944031
2011-10-20,0.6380599737167358
2011-10-21,0.648930013179779
2011-10-24,0.654699981212616
2011-10-25,0.651419997215271
2011-10-26,0.6506400108337402
2011-10-27,0.6478700041770935
2011-10-28,0.6553699970245361
2011-10-31,0.6415799856185913
2011-11-01,0.6236699819564819
2011-11-02,0.6281899809837341
2011-11-03,0.6279500126838684
2011-11-04,0.6284700036048889
2011-11-07,0.6233800053596497
2011-11-08,0.6265299916267395
2011-11-09,0.6345999836921692
2011-11-10,0.6436499953269958
2011-11-11,0.6435800194740295
2011-11-14,0.6495599746704102
2011-11-15,0.6532899737358093
2011-11-16,0.6566600203514099
2011-11-17,0.6570799946784973
2011-11-18,0.661109983921051
2011-11-21,0.6651700139045715
2011-11-22,0.6756899952888489
2011-11-23,0.6803699731826782
2011-11-24,0.6743500232696533
2011-11-25,0.6746399998664856
2011-11-28,0.6714199781417847
2011-11-29,0.6596300005912781
2011-11-30,0.665880024433136
2011-12-01,0.6668499708175659
2011-12-02,0.6600199937820435
2011-12-05,0.6556000113487244
2011-12-06,0.6583099961280823
2011-12-07,0.658840000629425
2011-12-08,0.6644399762153625
2011-12-09,0.6652500033378601
2011-12-12,0.6677600145339966
2011-12-13,0.6759999990463257
2011-12-14,0.680869996547699
2011-12-15,0.6881999969482422
2011-12-16,0.6830300092697144
2011-12-19,0.675849974155426
2011-12-20,0.6759899854660034
2011-12-21,0.6777200102806091
2011-12-22,0.6709700226783752
2011-12-23,0.6716099977493286
2011-12-26,0.6754099726676941
2011-12-27,0.6763299703598022
2011-12-28,0.6788300275802612
2011-12-29,0.6783000230789185
2011-12-30,0.6828399896621704
2012-01-02,0.688510000705719
2012-01-03,0.6922699809074402
2012-01-04,0.6916999816894531
2012-01-05,0.688480019569397
2012-01-06,0.6840400099754333
2012-01-09,0.6840800046920776
2012-01-10,0.6814500093460083
2012-01-11,0.6714800000190735
2012-01-12,0.673229992389679
2012-01-13,0.670520007610321
2012-01-16,0.6687899827957153
2012-01-17,0.6683899760246277
2012-01-18,0.659309983253479
2012-01-19,0.6556000113487244
2012-01-20,0.6523100137710571
2012-01-23,0.6523699760437012
2012-01-24,0.6474800109863281
2012-01-25,0.6434599757194519
2012-01-26,0.6433699727058411
2012-01-27,0.6751700043678284
2012-01-30,0.6441199779510498
2012-01-31,0.6751700043678284
2012-02-01,0.6494799852371216
2012-02-02,0.6429600119590759
2012-02-03,0.6436799764633179
2012-02-06,0.635699987411499
2012-02-07,0.6398900151252747
2012-02-08,0.6386100053787231
2012-02-09,0.6369900107383728
2012-02-10,0.6368100047111511
2012-02-13,0.6356300115585327
2012-02-14,0.6339300274848938
2012-02-15,0.6288899779319763
2012-02-16,0.6272000074386597
2012-02-17,0.6246399879455566
2012-02-20,0.6202399730682373
2012-02-21,0.6168299913406372
2012-02-22,0.6168100237846375
2012-02-23,0.6124799847602844
2012-02-24,0.6136199831962585
2012-02-27,0.6051499843597412
2012-02-28,0.6110600233078003
2012-02-29,0.6089500188827515
2012-03-01,0.6020900011062622
2012-03-02,0.6057500243186951
2012-03-05,0.6054700016975403
2012-03-06,0.6106799840927124
2012-03-07,0.6232399940490723
2012-03-08,0.6175199747085571
2012-03-09,0.6129599809646606
2012-03-12,0.6036199927330017
2012-03-13,0.6058800220489502
2012-03-14,0.6010100245475769
2012-03-15,0.5944300293922424
2012-03-16,0.6027100086212158
2012-03-19,0.6008599996566772
2012-03-20,0.6017199754714966
2012-03-21,0.6015400290489197
2012-03-22,0.6076200008392334
2012-03-23,0.6195099949836731
2012-03-26,0.6111900210380554
2012-03-27,0.6141700148582458
2012-03-28,0.6093999743461609
2012-03-29,0.612280011177063
2012-03-30,0.623199999332428
2012-04-02,0.6143100261688232
2012-04-03,0.6227099895477295
2012-04-04,0.6098999977111816
2012-04-05,0.619189977645874
2012-04-06,0.6195200085639954
2012-04-09,0.6194499731063843
2012-04-10,0.6253700256347656
2012-04-11,0.6370499730110168
2012-04-12,0.6346200108528137
2012-04-13,0.6323099732398987
2012-04-16,0.6291999816894531
2012-04-17,0.642009973526001
2012-04-18,0.6342300176620483
2012-04-19,0.6361799836158752
2012-04-20,0.6380599737167358
2012-04-23,0.6384400129318237
2012-04-24,0.6466400027275085
2012-04-25,0.6465200185775757
2012-04-26,0.6456999778747559
2012-04-27,0.6456900238990784
2012-04-30,0.65447998046875
2012-05-01,0.6596800088882446
2012-05-02,0.6553999781608582
2012-05-03,0.6601499915122986
2012-05-04,0.6650199890136719
2012-05-07,0.6693999767303467
2012-05-08,0.661109983921051
2012-05-09,0.6643099784851074
2012-05-10,0.6744400262832642
2012-05-11,0.6658700108528137
2012-05-14,0.6693099737167358
2012-05-15,0.6748800277709961
2012-05-16,0.6688699722290039
2012-05-17,0.6772800087928772
2012-05-18,0.6850100159645081
2012-05-21,0.688289999961853
2012-05-22,0.6921899914741516
2012-05-23,0.6914100050926208
2012-05-24,0.7043200135231018
2012-05-25,0.6977900266647339
2012-05-28,0.6948400139808655
2012-05-29,0.6948500275611877
2012-05-30,0.6993200182914734
2012-05-31,0.7111600041389465
2012-06-01,0.7132700085639954
2012-06-04,0.7120699882507324
2012-06-05,0.7094200253486633
2012-06-06,0.7059400081634521
2012-06-07,0.6975899934768677
2012-06-08,0.6885200142860413
2012-06-11,0.6970400214195251
2012-06-12,0.7010599970817566
2012-06-13,0.7007499933242798
2012-06-14,0.7006999850273132
2012-06-15,0.701740026473999
2012-06-18,0.7028700113296509
2012-06-19,0.7067599892616272
2012-06-20,0.7068799734115601
2012-06-21,0.7068899869918823
2012-06-22,0.7029200196266174
2012-06-25,0.7102000117301941
2012-06-26,0.7150899767875671
2012-06-27,0.7166600227355957
2012-06-28,0.7130699753761292
2012-06-29,0.7152900099754333
2012-07-02,0.6953999996185303
2012-07-03,0.6968899965286255
2012-07-04,0.6799600124359131
2012-07-05,0.6807399988174438
2012-07-06,0.6870800256729126
2012-07-09,0.695360004901886
2012-07-10,0.7010800242424011
2012-07-11,0.6971499919891357
2012-07-12,0.6979600191116333
2012-07-13,0.7042800188064575
2012-07-16,0.6961399912834167
2012-07-17,0.6976100206375122
2012-07-18,0.6958600282669067
2012-07-19,0.7012199759483337
2012-07-20,0.6992300152778625
2012-07-23,0.7049099802970886
2012-07-24,0.7137699723243713
2012-07-25,0.7175300121307373
2012-07-26,0.7181100249290466
2012-07-27,0.708079993724823
2012-07-30,0.7043799757957458
2012-07-31,0.7088099718093872
2012-08-01,0.7114899754524231
2012-08-02,0.7069299817085266
2012-08-03,0.7131900191307068
2012-08-06,0.7096800208091736
2012-08-07,0.7092000246047974
2012-08-08,0.6998400092124939
2012-08-09,0.7059699892997742
2012-08-10,0.702239990234375
2012-08-13,0.7054100036621094
2012-08-14,0.705590009689331
2012-08-15,0.70524001121521
2012-08-16,0.7036399841308594
2012-08-17,0.7010800242424011
2012-08-20,0.700410008430481
2012-08-21,0.6987800002098083
2012-08-22,0.6983399987220764
2012-08-23,0.7063900232315063
2012-08-24,0.7022799849510193
2012-08-27,0.705590009689331
2012-08-28,0.7063400149345398
2012-08-29,0.7076900005340576
2012-08-30,0.7057700157165527
2012-08-31,0.7075099945068359
2012-09-03,0.7084500193595886
2012-09-04,0.7080000042915344
2012-09-05,0.7083699703216553
2012-09-06,0.7120400071144104
2012-09-07,0.7047500014305115
2012-09-10,0.7073100209236145
2012-09-11,0.7079300284385681
2012-09-12,0.7107899785041809
2012-09-13,0.708620011806488
2012-09-14,0.7130699753761292
2012-09-17,0.6919599771499634
2012-09-18,0.6857600212097168
2012-09-19,0.6850900053977966
2012-09-20,0.6883699893951416
2012-09-21,0.6931399703025818
2012-09-24,0.6829000115394592
2012-09-25,0.6858999729156494
2012-09-26,0.685670018196106
2012-09-27,0.6878799796104431
2012-09-28,0.6822400093078613
2012-10-01,0.6781899929046631
2012-10-02,0.6706600189208984
2012-10-03,0.6691200137138367
2012-10-04,0.664110004901886
2012-10-05,0.6581900119781494
2012-10-08,0.6597800254821777
2012-10-09,0.6715199947357178
2012-10-10,0.6732400059700012
2012-10-11,0.6785699725151062
2012-10-12,0.6710299849510193
2012-10-15,0.6733800172805786
2012-10-16,0.6722099781036377
2012-10-17,0.669730007648468
2012-10-18,0.6679700016975403
2012-10-19,0.672760009765625
2012-10-22,0.6786199808120728
2012-10-23,0.6678100228309631
2012-10-24,0.6722400188446045
2012-10-25,0.6722800135612488
2012-10-26,0.6666600108146667
2012-10-29,0.672249972820282
2012-10-30,0.6772400140762329
2012-10-31,0.6764799952507019
2012-11-01,0.6739100217819214
2012-11-02,0.6682199835777283
2012-11-05,0.6687999963760376
2012-11-06,0.6802399754524231
2012-11-07,0.6770899891853333
2012-11-08,0.6772400140762329
2012-11-09,0.6831899881362915
2012-11-12,0.6779500246047974
2012-11-13,0.6885700225830078
2012-11-14,0.6899499893188477
2012-11-15,0.6825600266456604
2012-11-16,0.6735299825668335
2012-11-19,0.6784899830818176
2012-11-20,0.6759399771690369
2012-11-21,0.6733599901199341
2012-11-22,0.6665999889373779
2012-11-23,0.6695299744606018
2012-11-26,0.6728100180625916
2012-11-27,0.6786400079727173
2012-11-28,0.674780011177063
2012-11-29,0.6772699952125549
2012-11-30,0.6668400168418884
2012-12-03,0.6580299735069275
2012-12-04,0.6659299731254578
2012-12-05,0.6675000190734863
2012-12-06,0.6609100103378296
2012-12-07,0.6559500098228455
2012-12-10,0.6589199900627136
2012-12-11,0.6608800292015076
2012-12-12,0.6567800045013428
2012-12-13,0.6520100235939026
2012-12-14,0.6502500176429749
2012-12-17,0.6369100213050842
2012-12-18,0.6528699994087219
2012-12-19,0.649590015411377
2012-12-20,0.6469500064849854
2012-12-21,0.6490300297737122
2012-12-24,0.6535500288009644
2012-12-25,0.6470000147819519
2012-12-26,0.6463199853897095
2012-12-27,0.6392999887466431
2012-12-28,0.6346099972724915
2012-12-31,0.6359000205993652
2013-01-01,0.6335399746894836
2013-01-02,0.6306800246238708
2013-01-03,0.6219900250434875
2013-01-04,0.620419979095459
2013-01-07,0.6222599744796753
2013-01-08,0.6319500207901001
2013-01-09,0.6322199702262878
2013-01-10,0.6204299926757812
2013-01-11,0.6107400059700012
2013-01-14,0.6146699786186218
2013-01-15,0.6083700060844421
2013-01-16,0.6147000193595886
2013-01-17,0.616320013999939
2013-01-18,0.6044300198554993
2013-01-21,0.5910999774932861
2013-01-22,0.5993800163269043
2013-01-23,0.6070700287818909
2013-01-24,0.6052600145339966
2013-01-25,0.5921800136566162
2013-01-28,0.5916799902915955
2013-01-29,0.595329999923706
2013-01-30,0.5915300250053406
2013-01-31,0.585099995136261
2013-02-01,0.5796899795532227
2013-02-04,0.5734599828720093
2013-02-05,0.577459990978241
2013-02-06,0.5672000050544739
2013-02-07,0.5681300163269043
2013-02-08,0.5677300095558167
2013-02-11,0.5773400068283081
2013-02-12,0.5722900032997131
2013-02-13,0.5766100287437439
2013-02-14,0.5764200091362
2013-02-15,0.5795400142669678
2013-02-18,0.5809100270271301
2013-02-19,0.578029990196228
2013-02-20,0.5774700045585632
2013-02-21,0.5767800211906433
2013-02-22,0.5841599702835083
2013-02-25,0.5810499787330627
2013-02-26,0.5824000239372253
2013-02-27,0.5863900184631348
2013-02-28,0.5828099846839905
2013-03-01,0.5866000056266785
2013-03-04,0.5866699814796448
2013-03-05,0.5866600275039673
2013-03-06,0.5880600214004517
2013-03-07,0.5819000005722046
2013-03-08,0.5741599798202515
2013-03-11,0.5654699802398682
2013-03-12,0.5625
2013-03-13,0.5643399953842163
2013-03-14,0.5654299855232239
2013-03-15,0.5658199787139893
2013-03-18,0.5669000148773193
2013-03-19,0.5664899945259094
2013-03-20,0.5713099837303162
2013-03-21,0.5654399991035461
2013-03-22,0.5713199973106384
2013-03-25,0.574970006942749
2013-03-26,0.575760006904602
2013-03-27,0.5738999843597412
2013-03-28,0.5759199857711792
2013-03-29,0.5759199857711792
2013-04-01,0.5755500197410583
2013-04-02,0.5815799832344055
2013-04-03,0.582360029220581
2013-04-04,0.5853899717330933
2013-04-05,0.5689799785614014
2013-04-08,0.5614200234413147
2013-04-09,0.5486599802970886
2013-04-10,0.5508099794387817
2013-04-11,0.5464100241661072
2013-04-12,0.54448002576828
2013-04-15,0.5541899800300598
2013-04-16,0.5628600120544434
2013-04-17,0.5540099740028381
2013-04-18,0.5524299740791321
2013-04-19,0.5494999885559082
2013-04-22,0.5412799715995789
2013-04-23,0.545229971408844
2013-04-24,0.5448499917984009
2013-04-25,0.5452499985694885
2013-04-26,0.545229971408844
2013-04-29,0.5546299815177917
2013-04-30,0.5534200072288513
2013-05-01,0.5524299740791321
2013-05-02,0.5519800186157227
2013-05-03,0.548829972743988
2013-05-06,0.5422999858856201
2013-05-07,0.5446900129318237
2013-05-08,0.5474500060081482
2013-05-09,0.5475199818611145
2013-05-10,0.5378100275993347
2013-05-13,0.5393700003623962
2013-05-14,0.5387499928474426
2013-05-15,0.5356000065803528
2013-05-16,0.5352100133895874
2013-05-17,0.5357300043106079
2013-05-20,0.5309399962425232
2013-05-21,0.5387700200080872
2013-05-22,0.5403299927711487
2013-05-23,0.5388100147247314
2013-05-24,0.5434600114822388
2013-05-27,0.5508300065994263
2013-05-28,0.5490099787712097
2013-05-29,0.5471100211143494
2013-05-30,0.5572800040245056
2013-05-31,0.5571500062942505
2013-06-03,0.5541899800300598
2013-06-04,0.567520022392273
2013-06-05,0.5622699856758118
2013-06-06,0.5725899934768677
2013-06-07,0.5830100178718567
2013-06-10,0.5830100178718567
2013-06-11,0.5830100178718567
2013-06-12,0.5830100178718567
2013-06-13,0.602180004119873
2013-06-14,0.6068999767303467
2013-06-17,0.6111299991607666
2013-06-18,0.6130099892616272
2013-06-19,0.6153900027275085
2013-06-20,0.6071599721908569
2013-06-21,0.6126199960708618
2013-06-24,0.6053599715232849
2013-06-25,0.612339973449707
2013-06-26,0.6071799993515015
2013-06-27,0.6204000115394592
2013-06-28,0.6106500029563904
2013-07-01,0.6003900170326233
2013-07-02,0.5952399969100952
2013-07-03,0.5912100076675415
2013-07-04,0.6017100214958191
2013-07-05,0.5997200012207031
2013-07-08,0.5951799750328064
2013-07-09,0.6013000011444092
2013-07-10,0.5934799909591675
2013-07-11,0.606939971446991
2013-07-12,0.6034600138664246
2013-07-15,0.6035199761390686
2013-07-16,0.5977699756622314
2013-07-17,0.5974000096321106
2013-07-18,0.5945600271224976
2013-07-19,0.5936999917030334
2013-07-22,0.5891600251197815
2013-07-23,0.6006100177764893
2013-07-24,0.6000099778175354
2013-07-25,0.5882599949836731
2013-07-26,0.5932199954986572
2013-07-29,0.60343998670578
2013-07-30,0.6055200099945068
2013-07-31,0.6197900176048279
2013-08-01,0.6213099956512451
2013-08-02,0.6073499917984009
2013-08-05,0.6173700094223022
2013-08-06,0.6190800070762634
2013-08-07,0.6241400241851807
2013-08-08,0.6331899762153625
2013-08-09,0.6271399855613708
2013-08-12,0.6304500102996826
2013-08-13,0.6313700079917908
2013-08-14,0.6259899735450745
2013-08-15,0.6262999773025513
2013-08-16,0.6311600208282471
2013-08-19,0.6398000121116638
2013-08-20,0.6464400291442871
2013-08-21,0.6510099768638611
2013-08-22,0.654770016670227
2013-08-23,0.6498600244522095
2013-08-26,0.6490700244903564
2013-08-27,0.6541500091552734
2013-08-28,0.6837700009346008
2013-08-29,0.7034100294113159
2013-08-30,0.6762199997901917
2013-09-02,0.6767799854278564
2013-09-03,0.6623200178146362
2013-09-04,0.6786199808120728
2013-09-05,0.6718500256538391
2013-09-06,0.6587899923324585
2013-09-09,0.6533399820327759
2013-09-10,0.653659999370575
2013-09-11,0.6359599828720093
2013-09-12,0.6328700184822083
2013-09-13,0.6363000273704529
2013-09-16,0.63919997215271
2013-09-17,0.6335999965667725
2013-09-18,0.6387199759483337
2013-09-19,0.644819974899292
2013-09-20,0.6208999752998352
2013-09-23,0.6316199898719788
2013-09-24,0.6347900032997131
2013-09-25,0.6351799964904785
2013-09-26,0.6337699890136719
2013-09-27,0.626829981803894
2013-09-30,0.6429299712181091
2013-10-01,0.6353499889373779
2013-10-02,0.6371600031852722
2013-10-03,0.641260027885437
2013-10-04,0.6340100169181824
2013-10-07,0.6308299899101257
2013-10-08,0.6385200023651123
2013-10-09,0.6386399865150452
2013-10-10,0.6336899995803833
2013-10-11,0.6241499781608582
2013-10-14,0.6204000115394592
2013-10-15,0.6233800053596497
2013-10-16,0.6271200180053711
2013-10-17,0.6234099864959717
2013-10-18,0.6233000159263611
2013-10-21,0.625469982624054
2013-10-22,0.6265900135040283
2013-10-23,0.6276599764823914
2013-10-24,0.631600022315979
2013-10-25,0.6309499740600586
2013-10-28,0.6294100284576416
2013-10-29,0.6294900178909302
2013-10-30,0.6238099932670593
2013-10-31,0.622439980506897
2013-11-01,0.6248300075531006
2013-11-04,0.6300699710845947
2013-11-05,0.6254900097846985
2013-11-06,0.6252700090408325
2013-11-07,0.6318699717521667
2013-11-08,0.635200023651123
2013-11-11,0.6385999917984009
2013-11-12,0.6373699903488159
2013-11-13,0.6391299962997437
2013-11-14,0.6374199986457825
2013-11-15,0.6290599703788757
2013-11-18,0.6248599886894226
2013-11-19,0.6244699954986572
2013-11-20,0.6219000220298767
2013-11-21,0.623960018157959
2013-11-22,0.6206700205802917
2013-11-25,0.6143500208854675
2013-11-26,0.6159700155258179
2013-11-27,0.6169700026512146
2013-11-28,0.6119300127029419
2013-11-29,0.6095799803733826
2013-12-02,0.6095600128173828
2013-12-03,0.6047899723052979
2013-12-04,0.6086699962615967
2013-12-05,0.6053799986839294
2013-12-06,0.6061800122261047
2013-12-09,0.5926600098609924
2013-12-10,0.5914899706840515
2013-12-11,0.5933300256729126
2013-12-12,0.5969600081443787
2013-12-13,0.5964800119400024
2013-12-16,0.6026300191879272
2013-12-17,0.5986999869346619
2013-12-18,0.6036199927330017
2013-12-19,0.595300018787384
2013-12-20,0.5953900218009949
2013-12-23,0.5962899923324585
2013-12-24,0.594219982624054
2013-12-25,0.591759979724884
2013-12-26,0.5915499925613403
2013-12-27,0.590470016002655
2013-12-30,0.5856000185012817
2013-12-31,0.5895000100135803
2014-01-01,0.586359977722168
2014-01-02,0.5870599746704102
2014-01-03,0.5934299826622009
2014-01-06,0.5932199954986572
2014-01-07,0.597320020198822
2014-01-08,0.5946599841117859
2014-01-09,0.5922999978065491
2014-01-10,0.5917800068855286
2014-01-13,0.5904300212860107
2014-01-14,0.5957000255584717
2014-01-15,0.5895799994468689
2014-01-16,0.5883100032806396
2014-01-17,0.5894799828529358
2014-01-20,0.5902799963951111
2014-01-21,0.5904800295829773
2014-01-22,0.5930799841880798
2014-01-23,0.5902000069618225
2014-01-24,0.5986499786376953
2014-01-27,0.6144599914550781
2014-01-28,0.614080011844635
2014-01-29,0.6055200099945068
2014-01-30,0.6100999712944031
2014-01-31,0.6081799864768982
2014-02-03,0.6119800209999084
2014-02-04,0.6179599761962891
2014-02-05,0.614359974861145
2014-02-06,0.6165199875831604
2014-02-07,0.6107699871063232
2014-02-10,0.6053699851036072
2014-02-11,0.6107800006866455
2014-02-12,0.6063699722290039
2014-02-13,0.6052600145339966
2014-02-14,0.6102700233459473
2014-02-17,0.608780026435852
2014-02-18,0.6053199768066406
2014-02-19,0.6069599986076355
2014-02-20,0.6077700257301331
2014-02-21,0.6076300144195557
2014-02-24,0.6046199798583984
2014-02-25,0.6051200032234192
2014-02-26,0.6062300205230713
2014-02-27,0.6053199768066406
2014-02-28,0.6065499782562256
2014-03-03,0.6086400151252747
2014-03-04,0.6111500263214111
2014-03-05,0.6052700281143188
2014-03-06,0.6027200222015381
2014-03-07,0.5925999879837036
2014-03-10,0.5932300090789795
2014-03-11,0.5889599919319153
2014-03-12,0.593529999256134
2014-03-13,0.5950599908828735
2014-03-14,0.6004700064659119
2014-03-17,0.601610004901886
2014-03-18,0.5990999937057495
2014-03-19,0.6019499897956848
2014-03-20,0.5943899750709534
2014-03-21,0.598360002040863
2014-03-24,0.5970100164413452
2014-03-25,0.5942100286483765
2014-03-26,0.5906999707221985
2014-03-27,0.5896300077438354
2014-03-28,0.5891100168228149
2014-03-31,0.5817300081253052
2014-04-01,0.5809400081634521
2014-04-02,0.5768300294876099
2014-04-03,0.5761799812316895
2014-04-04,0.5784400105476379
2014-04-07,0.5774400234222412
2014-04-08,0.5826699733734131
2014-04-09,0.5888000130653381
2014-04-10,0.5884299874305725
2014-04-11,0.5918599963188171
2014-04-14,0.594730019569397
2014-04-15,0.590690016746521
2014-04-16,0.5907300114631653
2014-04-17,0.5901399850845337
2014-04-18,0.5885400176048279
2014-04-21,0.5862900018692017
2014-04-22,0.589169979095459
2014-04-23,0.591480016708374
2014-04-24,0.595579981803894
2014-04-25,0.5968000292778015
2014-04-28,0.593529999256134
2014-04-29,0.5909600257873535
2014-04-30,0.5884699821472168
2014-05-01,0.5879300236701965
2014-05-02,0.588699996471405
2014-05-05,0.5872399806976318
2014-05-06,0.5891600251197815
2014-05-07,0.5892699956893921
2014-05-08,0.5886899828910828
2014-05-09,0.5889000296592712
2014-05-12,0.587689995765686
2014-05-13,0.5871899724006653
2014-05-14,0.5810700058937073
2014-05-15,0.5837000012397766
2014-05-16,0.5852299928665161
2014-05-19,0.576740026473999
2014-05-20,0.5745700001716614
2014-05-21,0.5779899954795837
2014-05-22,0.5779799818992615
2014-05-23,0.5721799731254578
2014-05-26,0.5728999972343445
2014-05-27,0.5756800174713135
2014-05-28,0.57846999168396
2014-05-29,0.5780500173568726
2014-05-30,0.5786100029945374
2014-06-02,0.5813199877738953
2014-06-03,0.5776100158691406
2014-06-04,0.577970027923584
2014-06-05,0.5767199993133545
2014-06-06,0.5771099925041199
2014-06-09,0.5768300294876099
2014-06-10,0.5770999789237976
2014-06-11,0.5781599879264832
2014-06-12,0.5811899900436401
2014-06-13,0.5824000239372253
2014-06-16,0.5853000283241272
2014-06-17,0.5900700092315674
2014-06-18,0.5898100137710571
2014-06-19,0.5910999774932861
2014-06-20,0.5889599919319153
2014-06-23,0.5891600251197815
2014-06-24,0.5904399752616882
2014-06-25,0.589680016040802
2014-06-26,0.5895199775695801
2014-06-27,0.5917699933052063
2014-06-30,0.5915399789810181
2014-07-01,0.5922300219535828
2014-07-02,0.5911200046539307
2014-07-03,0.5855699777603149
2014-07-04,0.5839599967002869
2014-07-07,0.5845400094985962
2014-07-08,0.5882899761199951
2014-07-09,0.5882700085639954
2014-07-10,0.5883700251579285
2014-07-11,0.593529999256134
2014-07-14,0.592960000038147
2014-07-15,0.5916200280189514
2014-07-16,0.5908300280570984
2014-07-17,0.5909199714660645
2014-07-18,0.593999981880188
2014-07-21,0.594730019569397
2014-07-22,0.5934500098228455
2014-07-23,0.5916799902915955
2014-07-24,0.5906000137329102
2014-07-25,0.5902400016784668
2014-07-28,0.5896499752998352
2014-07-29,0.589709997177124
2014-07-30,0.5883399844169617
2014-07-31,0.5834199786186218
2014-08-01,0.5912899971008301
2014-08-04,0.5968300104141235
2014-08-05,0.5936800241470337
2014-08-06,0.5930799841880798
2014-08-07,0.6015999913215637
2014-08-08,0.5990800261497498
2014-08-11,0.5988500118255615
2014-08-12,0.5978800058364868
2014-08-13,0.5966600179672241
2014-08-14,0.5959399938583374
2014-08-15,0.5922099947929382
2014-08-18,0.5933700203895569
2014-08-19,0.5916600227355957
2014-08-20,0.5888199806213379
2014-08-21,0.5838599801063538
2014-08-22,0.5836499929428101
2014-08-25,0.5802900195121765
2014-08-26,0.5814399719238281
2014-08-27,0.579990029335022
2014-08-28,0.5812399983406067
2014-08-29,0.5828099846839905
2014-09-01,0.5810999870300293
2014-09-02,0.5794000029563904
2014-09-03,0.5761500000953674
2014-09-04,0.576200008392334
2014-09-05,0.5710800290107727
2014-09-08,0.574180006980896
2014-09-09,0.567300021648407
2014-09-10,0.5704900026321411
2014-09-11,0.5697600245475769
2014-09-12,0.5682299733161926
2014-09-15,0.5567700266838074
2014-09-16,0.5697100162506104
2014-09-17,0.5692999958992004
2014-09-18,0.5606399774551392
2014-09-19,0.5575900077819824
2014-09-22,0.5580499768257141
2014-09-23,0.5597400069236755
2014-09-24,0.5620099902153015
2014-09-25,0.5569199919700623
2014-09-26,0.564050018787384
2014-09-29,0.5593900084495544
2014-09-30,0.5621100068092346
2014-10-01,0.5642099976539612
2014-10-02,0.5655199885368347
2014-10-03,0.5665000081062317
2014-10-06,0.5605800151824951
2014-10-07,0.5646700263023376
2014-10-08,0.5666499733924866
2014-10-09,0.5667600035667419
2014-10-10,0.5656300187110901
2014-10-13,0.5692600011825562
2014-10-14,0.5692600011825562
2014-10-15,0.5715699791908264
2014-10-16,0.578540027141571
2014-10-17,0.5794699788093567
2014-10-20,0.5727699995040894
2014-10-21,0.5722600221633911
2014-10-22,0.5707799792289734
2014-10-23,0.5705100297927856
2014-10-24,0.5648999810218811
2014-10-27,0.5654100179672241
2014-10-28,0.5677700042724609
2014-10-29,0.5652599930763245
2014-10-30,0.5625500082969666
2014-10-31,0.5619300007820129
2014-11-03,0.5416499972343445
2014-11-04,0.539870023727417
2014-11-05,0.5396699905395508
2014-11-06,0.5352299809455872
2014-11-07,0.5333700180053711
2014-11-10,0.5370200276374817
2014-11-11,0.5351700186729431
2014-11-12,0.5308799743652344
2014-11-13,0.5304399728775024
2014-11-14,0.531220018863678
2014-11-17,0.5306199789047241
2014-11-18,0.5294399857521057
2014-11-19,0.5275999903678894
2014-11-20,0.5237399935722351
2014-11-21,0.5232300162315369
2014-11-24,0.5241199731826782
2014-11-25,0.521619975566864
2014-11-26,0.5246000289916992
2014-11-27,0.5247700214385986
2014-11-28,0.5242800116539001
2014-12-01,0.5242800116539001
2014-12-02,0.5231000185012817
2014-12-03,0.517799973487854
2014-12-04,0.51555997133255
2014-12-05,0.5152000188827515
2014-12-08,0.5098699927330017
2014-12-09,0.5118499994277954
2014-12-10,0.5179299712181091
2014-12-11,0.5261600017547607
2014-12-12,0.5243800282478333
2014-12-15,0.5262200236320496
2014-12-16,0.5359699726104736
2014-12-17,0.5453500151634216
2014-12-18,0.5341600179672241
2014-12-19,0.528980016708374
2014-12-22,0.5290899872779846
2014-12-23,0.5256199836730957
2014-12-24,0.5250200033187866
2014-12-25,0.5262200236320496
2014-12-26,0.5284799933433533
2014-12-29,0.5277199745178223
2014-12-30,0.5271499752998352
2014-12-31,0.5299800038337708
2015-01-01,0.5260499715805054
2015-01-02,0.5261099934577942
2015-01-05,0.5252400040626526
2015-01-06,0.5296599864959717
2015-01-07,0.5351499915122986
2015-01-08,0.5298900008201599
2015-01-09,0.5227100253105164
2015-01-12,0.5259699821472168
2015-01-13,0.5239700078964233
2015-01-14,0.5255500078201294
2015-01-15,0.5281299948692322
2015-01-16,0.533840000629425
2015-01-19,0.5258899927139282
2015-01-20,0.5231000185012817
2015-01-21,0.5188800096511841
2015-01-22,0.5217199921607971
2015-01-23,0.5181300044059753
2015-01-26,0.5209000110626221
2015-01-27,0.5180799961090088
2015-01-28,0.5207800269126892
2015-01-29,0.5211399793624878
2015-01-30,0.5219500064849854
2015-02-02,0.5279300212860107
2015-02-03,0.5242699980735779
2015-02-04,0.5231599807739258
2015-02-05,0.5273500084877014
2015-02-06,0.5246599912643433
2015-02-09,0.5200899839401245
2015-02-10,0.5234599709510803
2015-02-11,0.5222399830818176
2015-02-12,0.518589973449707
2015-02-13,0.5223000049591064
2015-02-16,0.5226600170135498
2015-02-17,0.5242400169372559
2015-02-18,0.5205199718475342
2015-02-19,0.5224400162696838
2015-02-20,0.521809995174408
2015-02-23,0.5211499929428101
2015-02-24,0.5222399830818176
2015-02-25,0.5230699777603149
2015-02-26,0.5201500058174133
2015-02-27,0.5167199969291687
2015-03-02,0.5151100158691406
2015-03-03,0.5143300294876099
2015-03-04,0.5160800218582153
2015-03-05,0.5201200246810913
2015-03-06,0.5195900201797485
2015-03-09,0.5163699984550476
2015-03-10,0.5156000256538391
2015-03-11,0.5174800157546997
2015-03-12,0.5162500143051147
2015-03-13,0.5148199796676636
2015-03-16,0.5195900201797485
2015-03-17,0.5167800188064575
2015-03-18,0.5156199932098389
2015-03-19,0.5215299725532532
2015-03-20,0.5168700218200684
2015-03-23,0.5198299884796143
2015-03-24,0.519029974937439
2015-03-25,0.5192400217056274
2015-03-26,0.5220400094985962
2015-03-27,0.5265600085258484
2015-03-30,0.5247399806976318
2015-03-31,0.5202699899673462
2015-04-01,0.5190600156784058
2015-04-02,0.5192999839782715
2015-04-03,0.5182499885559082
2015-04-06,0.521619975566864
2015-04-07,0.5192599892616272
2015-04-08,0.5173900127410889
2015-04-09,0.5171899795532227
2015-04-10,0.516319990158081
2015-04-13,0.5181099772453308
2015-04-14,0.5196200013160706
2015-04-15,0.5216100215911865
2015-04-16,0.523580014705658
2015-04-17,0.5237799882888794
2015-04-20,0.5261200070381165
2015-04-21,0.529449999332428
2015-04-22,0.5253300070762634
2015-04-23,0.5245299935340881
2015-04-24,0.5291900038719177
2015-04-27,0.5350300073623657
2015-04-28,0.5310999751091003
2015-04-29,0.5298799872398376
2015-04-30,0.5327100157737732
2015-05-01,0.5315999984741211
2015-05-04,0.5293099880218506
2015-05-05,0.5289199948310852
2015-05-06,0.5276399850845337
2015-05-07,0.5325999855995178
2015-05-08,0.5347599983215332
2015-05-11,0.5313299894332886
2015-05-12,0.5323699712753296
2015-05-13,0.5352500081062317
2015-05-14,0.5368300080299377
2015-05-15,0.5314000248908997
2015-05-18,0.5311200022697449
2015-05-19,0.5309200286865234
2015-05-20,0.5280799865722656
2015-05-21,0.5242999792098999
2015-05-22,0.5250899791717529
2015-05-25,0.522059977054596
2015-05-26,0.5222300291061401
2015-05-27,0.5195900201797485
2015-05-28,0.5156000256538391
2015-05-29,0.5148800015449524
2015-06-01,0.5125499963760376
2015-06-02,0.5089399814605713
2015-06-03,0.5126699805259705
2015-06-04,0.5148100256919861
2015-06-05,0.5139700174331665
2015-06-08,0.5071300268173218
2015-06-09,0.5129899978637695
2015-06-10,0.5145000219345093
2015-06-11,0.5187000036239624
2015-06-12,0.517300009727478
2015-06-15,0.5192999839782715
2015-06-16,0.5183600187301636
2015-06-17,0.5193799734115601
2015-06-18,0.5175700187683105
2015-06-19,0.5169299840927124
2015-06-22,0.516789972782135
2015-06-23,0.5141100287437439
2015-06-24,0.512910008430481
2015-06-25,0.512660026550293
2015-06-26,0.5132099986076355
2015-06-29,0.5245800018310547
2015-06-30,0.5190399885177612
2015-07-01,0.5189200043678284
2015-07-02,0.514989972114563
2015-07-03,0.5144100189208984
2015-07-06,0.5157300233840942
2015-07-07,0.5162000060081482
2015-07-08,0.5178999900817871
2015-07-09,0.5254999995231628
2015-07-10,0.5202500224113464
2015-07-13,0.5158399939537048
2015-07-14,0.5133600234985352
2015-07-15,0.5129299759864807
2015-07-16,0.5122500061988831
2015-07-17,0.5108100175857544
2015-07-20,0.5108399987220764
2015-07-21,0.5113400220870972
2015-07-22,0.5127800107002258
2015-07-23,0.5126699805259705
2015-07-24,0.514769971370697
2015-07-27,0.5174300074577332
2015-07-28,0.5204899907112122
2015-07-29,0.5160700082778931
2015-07-30,0.5148599743843079
2015-07-31,0.5162699818611145
2015-08-03,0.515999972820282
2015-08-04,0.5168600082397461
2015-08-05,0.5129500031471252
2015-08-06,0.5100700259208679
2015-08-07,0.5103800296783447
2015-08-10,0.5103800296783447
2015-08-11,0.511709988117218
2015-08-12,0.5136899948120117
2015-08-13,0.5209599733352661
2015-08-14,0.5242999792098999
2015-08-17,0.5232700109481812
2015-08-18,0.5254300236701965
2015-08-19,0.5256800055503845
2015-08-20,0.5245100259780884
2015-08-21,0.5298399925231934
2015-08-24,0.5406000018119812
2015-08-25,0.5613499879837036
2015-08-26,0.5586199760437012
2015-08-27,0.5497400164604187
2015-08-28,0.5453299880027771
2015-08-31,0.542900025844574
2015-09-01,0.5473700165748596
2015-09-02,0.5543100237846375
2015-09-03,0.5485600233078003
2015-09-04,0.5505200028419495
2015-09-07,0.5595600008964539
2015-09-08,0.5588600039482117
2015-09-09,0.5523899793624878
2015-09-10,0.5532000064849854
2015-09-11,0.5492299795150757
2015-09-14,0.5483099818229675
2015-09-15,0.5504199862480164
2015-09-16,0.5509999990463257
2015-09-17,0.5486400127410889
2015-09-18,0.5499699711799622
2015-09-21,0.5486599802970886
2015-09-22,0.5450299978256226
2015-09-23,0.5479999780654907
2015-09-24,0.5499799847602844
2015-09-25,0.5501099824905396
2015-09-28,0.547950029373169
2015-09-29,0.5522900223731995
2015-09-30,0.5493199825286865
2015-10-01,0.5461000204086304
2015-10-02,0.5470600128173828
2015-10-05,0.5445500016212463
2015-10-06,0.5399799942970276
2015-10-07,0.5415099859237671
2015-10-08,0.54093998670578
2015-10-09,0.5414199829101562
2015-10-12,0.537909984588623
2015-10-13,0.5392299890518188
2015-10-14,0.5430700182914734
2015-10-15,0.5451200008392334
2015-10-16,0.5436499714851379
2015-10-19,0.5413200259208679
2015-10-20,0.5429900288581848
2015-10-21,0.5419899821281433
2015-10-22,0.543150007724762
2015-10-23,0.5376600027084351
2015-10-26,0.5335999727249146
2015-10-27,0.5359899997711182
2015-10-28,0.5395299792289734
2015-10-29,0.5368000268936157
2015-10-30,0.5403000116348267
2015-11-02,0.5419300198554993
2015-11-03,0.542110025882721
2015-11-04,0.5404999852180481
2015-11-05,0.5393099784851074
2015-11-06,0.5405799746513367
2015-11-09,0.5360599756240845
2015-11-10,0.5395699739456177
2015-11-11,0.5372499823570251
2015-11-12,0.5376099944114685
2015-11-13,0.5383300185203552
2015-11-16,0.5392500162124634
2015-11-17,0.5340700149536133
2015-11-18,0.5343999862670898
2015-11-19,0.5343300104141235
2015-11-20,0.5369300246238708
2015-11-23,0.5331299901008606
2015-11-24,0.5393400192260742
2015-11-25,0.5406200289726257
2015-11-26,0.5405899882316589
2015-11-27,0.5421599745750427
2015-11-30,0.5440499782562256
2015-12-01,0.5392699837684631
2015-12-02,0.540149986743927
2015-12-03,0.5394799709320068
2015-12-04,0.5441399812698364
2015-12-07,0.5410299897193909
2015-12-08,0.5409799814224243
2015-12-09,0.5431100130081177
2015-12-10,0.5490700006484985
2015-12-11,0.5480999946594238
2015-12-14,0.5446000099182129
2015-12-15,0.5532900094985962
2015-12-16,0.549310028553009
2015-12-17,0.5418099761009216
2015-12-18,0.5421299934387207
2015-12-21,0.5455499887466431
2015-12-22,0.5461500287055969
2015-12-23,0.546750009059906
2015-12-24,0.5464699864387512
2015-12-25,0.5478699803352356
2015-12-28,0.5473899841308594
2015-12-29,0.5488200187683105
2015-12-30,0.5490900278091431
2015-12-31,0.5510900020599365
2016-01-01,0.549780011177063
2016-01-04,0.5497699975967407
2016-01-05,0.5569700002670288
2016-01-06,0.5579599738121033
2016-01-07,0.5619199872016907
2016-01-08,0.5686600208282471
2016-01-11,0.5578799843788147
2016-01-12,0.5671300292015076
2016-01-13,0.567300021648407
2016-01-14,0.5694400072097778
2016-01-15,0.5688999891281128
2016-01-18,0.5788699984550476
2016-01-19,0.5761200189590454
2016-01-20,0.5759000182151794
2016-01-21,0.5795999765396118
2016-01-22,0.5744900107383728
2016-01-25,0.56809002161026
2016-01-26,0.5724200010299683
2016-01-27,0.5718100070953369
2016-01-28,0.5747600197792053
2016-01-29,0.571940004825592
2016-02-01,0.5567299723625183
2016-02-02,0.5611299872398376
2016-02-03,0.5666000247001648
2016-02-04,0.5743799805641174
2016-02-05,0.5775099992752075
2016-02-08,0.5795999765396118
2016-02-09,0.5879200100898743
2016-02-10,0.5889700055122375
2016-02-11,0.5988399982452393
2016-02-12,0.6081200242042542
2016-02-15,0.5957900285720825
2016-02-16,0.5954300165176392
2016-02-17,0.5999500155448914
2016-02-18,0.5976499915122986
2016-02-19,0.6046900153160095
2016-02-22,0.6082500219345093
2016-02-23,0.6065199971199036
2016-02-24,0.6124899983406067
2016-02-25,0.6094099879264832
2016-02-26,0.6076599955558777
2016-02-29,0.5996699929237366
2016-03-01,0.6060500144958496
2016-03-02,0.5938199758529663
2016-03-03,0.593209981918335
2016-03-04,0.5900099873542786
2016-03-07,0.5875499844551086
2016-03-08,0.5905500054359436
2016-03-09,0.5972700119018555
2016-03-10,0.5922300219535828
2016-03-11,0.5957000255584717
2016-03-14,0.5875999927520752
2016-03-15,0.5895199775695801
2016-03-16,0.5948799848556519
2016-03-17,0.5950199961662292
2016-03-18,0.597599983215332
2016-03-21,0.5942800045013428
2016-03-22,0.5926399827003479
2016-03-23,0.5942599773406982
2016-03-24,0.5945600271224976
2016-03-25,0.5925999879837036
2016-03-28,0.5916900038719177
2016-03-29,0.5883100032806396
2016-03-30,0.5882899761199951
2016-03-31,0.5900200009346008
2016-04-01,0.5882499814033508
2016-04-04,0.5934699773788452
2016-04-05,0.5937700271606445
2016-04-06,0.6015499830245972
2016-04-07,0.6057699918746948
2016-04-08,0.6155300140380859
2016-04-11,0.6153900027275085
2016-04-12,0.6134499907493591
2016-04-13,0.609790027141571
2016-04-14,0.6073700189590454
2016-04-15,0.6089699864387512
2016-04-18,0.6122400164604187
2016-04-19,0.608210027217865
2016-04-20,0.6055799722671509
2016-04-21,0.6021699905395508
2016-04-22,0.6070299744606018
2016-04-25,0.5957800149917603
2016-04-26,0.5996000170707703
2016-04-27,0.596780002117157
2016-04-28,0.5942500233650208
2016-04-29,0.6140400171279907
2016-05-02,0.6239200234413147
2016-05-03,0.6230800151824951
2016-05-04,0.6237000226974487
2016-05-05,0.6223800182342529
2016-05-06,0.6204000115394592
2016-05-09,0.6212300062179565
2016-05-10,0.6153600215911865
2016-05-11,0.6098399758338928
2016-05-12,0.6136800050735474
2016-05-13,0.6110900044441223
2016-05-16,0.6147199869155884
2016-05-17,0.612339973449707
2016-05-18,0.6130499839782715
2016-05-19,0.6090099811553955
2016-05-20,0.6135900020599365
2016-05-23,0.6109799742698669
2016-05-24,0.6158300042152405
2016-05-25,0.613349974155426
2016-05-26,0.6105800271034241
2016-05-27,0.609529972076416
2016-05-30,0.607230007648468
2016-05-31,0.6051099896430969
2016-06-01,0.6067799925804138
2016-06-02,0.6151599884033203
2016-06-03,0.6174600124359131
2016-06-06,0.6281700134277344
2016-06-07,0.6209499835968018
2016-06-08,0.6216999888420105
2016-06-09,0.622160017490387
2016-06-10,0.6225900053977966
2016-06-13,0.6253299713134766
2016-06-14,0.6315900087356567
2016-06-15,0.6336299777030945
2016-06-16,0.6330299973487854
2016-06-17,0.6419199705123901
2016-06-20,0.6366099715232849
2016-06-21,0.6498900055885315
2016-06-22,0.6447299718856812
2016-06-23,0.643530011177063
2016-06-24,0.6401600241661072
2016-06-27,0.6637099981307983
2016-06-28,0.6664800047874451
2016-06-29,0.6585900187492371
2016-06-30,0.6550899744033813
2016-07-01,0.6529200077056885
2016-07-04,0.6543499827384949
2016-07-05,0.655210018157959
2016-07-06,0.665880024433136
2016-07-07,0.6659200191497803
2016-07-08,0.6690000295639038
2016-07-11,0.6670699715614319
2016-07-12,0.6542500257492065
2016-07-13,0.6385200023651123
2016-07-14,0.6430799961090088
2016-07-15,0.6346499919891357
2016-07-18,0.6395000219345093
2016-07-19,0.6319199800491333
2016-07-20,0.6324599981307983
2016-07-21,0.6258000135421753
2016-07-22,0.6340299844741821
2016-07-25,0.6319500207901001
2016-07-26,0.6376500129699707
2016-07-27,0.6410599946975708
2016-07-28,0.6383900046348572
2016-07-29,0.6389999985694885
2016-08-01,0.6522300243377686
2016-08-02,0.6515300273895264
2016-08-03,0.6590800285339355
2016-08-04,0.6582000255584717
2016-08-05,0.6598100066184998
2016-08-08,0.6557499766349792
2016-08-09,0.6523799896240234
2016-08-10,0.6545799970626831
2016-08-11,0.6594099998474121
2016-08-12,0.6547999978065491
2016-08-15,0.6596800088882446
2016-08-16,0.6598399877548218
2016-08-17,0.6666300296783447
2016-08-18,0.6691399812698364
2016-08-19,0.6667900085449219
2016-08-22,0.669160008430481
2016-08-23,0.6692000031471252
2016-08-24,0.6685400009155273
2016-08-25,0.6673200130462646
2016-08-26,0.6657900214195251
2016-08-29,0.6551899909973145
2016-08-30,0.6582900285720825
2016-08-31,0.6518599987030029
2016-09-01,0.6476699709892273
2016-09-02,0.6462100148200989
2016-09-05,0.6418399810791016
2016-09-06,0.6413499712944031
2016-09-07,0.6523399949073792
2016-09-08,0.6521499752998352
2016-09-09,0.6488699913024902
2016-09-12,0.6503099799156189
2016-09-13,0.6551700234413147
2016-09-14,0.6535000205039978
2016-09-15,0.6503599882125854
2016-09-16,0.6546599864959717
2016-09-19,0.6551200151443481
2016-09-20,0.6567000150680542
2016-09-21,0.6589300036430359
2016-09-22,0.664330005645752
2016-09-23,0.6601399779319763
2016-09-26,0.6597399711608887
2016-09-27,0.6629999876022339
2016-09-28,0.660539984703064
2016-09-29,0.6564300060272217
2016-09-30,0.6596400141716003
2016-10-03,0.6560900211334229
2016-10-04,0.6529399752616882
2016-10-05,0.6464499831199646
2016-10-06,0.642769992351532
2016-10-07,0.6420199871063232
2016-10-10,0.6462000012397766
2016-10-11,0.6405199766159058
2016-10-12,0.6458899974822998
2016-10-13,0.6399099826812744
2016-10-14,0.643310010433197
2016-10-17,0.6396600008010864
2016-10-18,0.6424400210380554
2016-10-19,0.6419900059700012
2016-10-20,0.6439700126647949
2016-10-21,0.6414499878883362
2016-10-24,0.6438500285148621
2016-10-25,0.6401299834251404
2016-10-26,0.640529990196228
2016-10-27,0.6388300061225891
2016-10-28,0.6352300047874451
2016-10-31,0.6368299722671509
2016-11-01,0.6352800130844116
2016-11-02,0.6399000287055969
2016-11-03,0.6452400088310242
2016-11-04,0.6465100049972534
2016-11-07,0.647629976272583
2016-11-08,0.6382499933242798
2016-11-09,0.6299600005149841
2016-11-10,0.6276500225067139
2016-11-11,0.625029981136322
2016-11-14,0.632420003414154
2016-11-15,0.625760018825531
2016-11-16,0.6207399964332581
2016-11-17,0.6243799924850464
2016-11-18,0.6159300208091736
2016-11-21,0.6139699816703796
2016-11-22,0.6157900094985962
2016-11-23,0.6156600117683411
2016-11-24,0.6104300022125244
2016-11-25,0.6062300205230713
2016-11-28,0.6052799820899963
2016-11-29,0.6133800148963928
2016-11-30,0.6092699766159058
2016-12-01,0.5974299907684326
2016-12-02,0.5982599854469299
2016-12-05,0.5978999733924866
2016-12-06,0.5967400074005127
2016-12-07,0.593209981918335
2016-12-08,0.5923799872398376
2016-12-09,0.5902100205421448
2016-12-12,0.5849699974060059
2016-12-13,0.5856500267982483
2016-12-14,0.5841000080108643
2016-12-15,0.5750799775123596
2016-12-16,0.5732100009918213
2016-12-19,0.5662400126457214
2016-12-20,0.5790200233459473
2016-12-21,0.5752000212669373
2016-12-22,0.5761799812316895
2016-12-23,0.5766199827194214
2016-12-26,0.5780799984931946
2016-12-27,0.5707799792289734
2016-12-28,0.5777699947357178
2016-12-29,0.5819000005722046
2016-12-30,0.5836399793624878
2017-01-02,0.5796999931335449
2017-01-03,0.5792499780654907
2017-01-04,0.579800009727478
2017-01-05,0.5791100263595581
2017-01-06,0.5870100259780884
2017-01-09,0.5817000269889832
2017-01-10,0.5866000056266785
2017-01-11,0.5890600085258484
2017-01-12,0.592769980430603
2017-01-13,0.5935500264167786
2017-01-16,0.5950199961662292
2017-01-17,0.5959299802780151
2017-01-18,0.6009500026702881
2017-01-19,0.5937399864196777
2017-01-20,0.5916799902915955
2017-01-23,0.5832899808883667
2017-01-24,0.6027600169181824
2017-01-25,0.5981600284576416
2017-01-26,0.5993599891662598
2017-01-27,0.5948299765586853
2017-01-30,0.5827400088310242
2017-01-31,0.5960500240325928
2017-02-01,0.5984500050544739
2017-02-02,0.5940799713134766
2017-02-03,0.5951300263404846
2017-02-06,0.586329996585846
2017-02-07,0.6003100275993347
2017-02-08,0.5985000133514404
2017-02-09,0.5982099771499634
2017-02-10,0.5880600214004517
2017-02-13,0.5825300216674805
2017-02-14,0.587939977645874
2017-02-15,0.5840499997138977
2017-02-16,0.5853099822998047
2017-02-17,0.5913299918174744
2017-02-20,0.593720018863678
2017-02-21,0.589900016784668
2017-02-22,0.5885199904441833
2017-02-23,0.5894100069999695
2017-02-24,0.5910999774932861
2017-02-27,0.5935699939727783
2017-02-28,0.590969979763031
2017-03-01,0.5893800258636475
2017-03-02,0.5853099822998047
2017-03-03,0.5833399891853333
2017-03-06,0.5731899738311768
2017-03-07,0.5845699906349182
2017-03-08,0.5841100215911865
2017-03-09,0.5828800201416016
2017-03-10,0.5784599781036377
2017-03-13,0.5791599750518799
2017-03-14,0.575219988822937
2017-03-15,0.5730800032615662
2017-03-16,0.5781099796295166
2017-03-17,0.5763400197029114
2017-03-20,0.5806400179862976
2017-03-21,0.5798699855804443
2017-03-22,0.5852699875831604
2017-03-23,0.5869899988174438
2017-03-24,0.5888500213623047
2017-03-27,0.5871599912643433
2017-03-28,0.5859900116920471
2017-03-29,0.5840499997138977
2017-03-30,0.5830699801445007
2017-03-31,0.5796499848365784
2017-04-03,0.5817000269889832
2017-04-04,0.5860900282859802
2017-04-05,0.5863800048828125
2017-04-06,0.5870500206947327
2017-04-07,0.5818399786949158
2017-04-10,0.5779899954795837
2017-04-11,0.5827299952507019
2017-04-12,0.5882800221443176
2017-04-13,0.5933600068092346
2017-04-14,0.5887799859046936
2017-04-17,0.592739999294281
2017-04-18,0.588699996471405
2017-04-19,0.5942400097846985
2017-04-20,0.5933200120925903
2017-04-21,0.5900899767875671
2017-04-24,0.59197998046875
2017-04-25,0.5875099897384644
2017-04-26,0.5786399841308594
2017-04-27,0.5760700106620789
2017-04-28,0.5758600234985352
2017-05-01,0.5758699774742126
2017-05-02,0.5739399790763855
2017-05-03,0.5723599791526794
2017-05-04,0.5682399868965149
2017-05-05,0.5700299739837646
2017-05-08,0.5699599981307983
2017-05-09,0.5677099823951721
2017-05-10,0.5682100057601929
2017-05-11,0.5638300180435181
2017-05-12,0.5651999711990356
2017-05-15,0.5661600232124329
2017-05-16,0.5631300210952759
2017-05-17,0.5677899718284607
2017-05-18,0.5763499736785889
2017-05-19,0.5819600224494934
2017-05-22,0.579509973526001
2017-05-23,0.5809400081634521
2017-05-24,0.579010009765625
2017-05-25,0.5801699757575989
2017-05-26,0.5770999789237976
2017-05-29,0.5787400007247925
2017-05-30,0.5798100233078003
2017-05-31,0.5823299884796143
2017-06-01,0.5815799832344055
2017-06-02,0.578000009059906
2017-06-05,0.5723199844360352
2017-06-06,0.5823799967765808
2017-06-07,0.58788001537323
2017-06-08,0.585640013217926
2017-06-09,0.5841799974441528
2017-06-12,0.5816799998283386
2017-06-13,0.5859299898147583
2017-06-14,0.5838900208473206
2017-06-15,0.5861999988555908
2017-06-16,0.5812699794769287
2017-06-19,0.580810010433197
2017-06-20,0.5765799880027771
2017-06-21,0.5789899826049805
2017-06-22,0.5792199969291687
2017-06-23,0.5799400210380554
2017-06-26,0.5791900157928467
2017-06-27,0.5753600001335144
2017-06-28,0.5740000009536743
2017-06-29,0.5736500024795532
2017-06-30,0.5766400098800659
2017-07-03,0.5744400024414062
2017-07-04,0.5712100267410278
2017-07-05,0.572920024394989
2017-07-06,0.5718500018119812
2017-07-07,0.5714499950408936
2017-07-10,0.5667999982833862
2017-07-12,0.5669599771499634
2017-07-13,0.5682100057601929
2017-07-14,0.5676500201225281
2017-07-17,0.5719299912452698
2017-07-18,0.5708100199699402
2017-07-19,0.5736700296401978
2017-07-20,0.5738499760627747
2017-07-21,0.574679970741272
2017-07-24,0.5785499811172485
2017-07-25,0.5781099796295166
2017-07-26,0.5743100047111511
2017-07-27,0.578279972076416
2017-07-28,0.5765600204467773
2017-07-31,0.5788300037384033
2017-08-01,0.581089973449707
2017-08-02,0.5797899961471558
2017-08-03,0.5740500092506409
2017-08-04,0.579069972038269
2017-08-07,0.5745599865913391
2017-08-08,0.5757700204849243
2017-08-09,0.5777699947357178
2017-08-10,0.5795800089836121
2017-08-11,0.5868200063705444
2017-08-14,0.5868099927902222
2017-08-15,0.5823500156402588
2017-08-16,0.5791500210762024
2017-08-17,0.5826200246810913
2017-08-18,0.5862699747085571
2017-08-21,0.5863500237464905
2017-08-22,0.5877199769020081
2017-08-23,0.5832399725914001
2017-08-24,0.5873900055885315
2017-08-25,0.5842099785804749
2017-08-28,0.5846800208091736
2017-08-29,0.5871300101280212
2017-08-30,0.5824999809265137
2017-08-31,0.5785700082778931
2017-09-01,0.5799300074577332
2017-09-04,0.5799199938774109
2017-09-05,0.5825700163841248
2017-09-06,0.5896700024604797
2017-09-07,0.5864099860191345
2017-09-08,0.5905600190162659
2017-09-11,0.5908600091934204
2017-09-12,0.5838500261306763
2017-09-13,0.580299973487854
2017-09-14,0.5786100029945374
2017-09-15,0.5828499794006348
2017-09-18,0.5777999758720398
2017-09-19,0.5747900009155273
2017-09-20,0.575689971446991
2017-09-21,0.5706400275230408
2017-09-22,0.5757799744606018
2017-09-25,0.5779500007629395
2017-09-26,0.5821499824523926
2017-09-27,0.5819100141525269
2017-09-28,0.5815899968147278
2017-09-29,0.5813999772071838
2017-10-02,0.581309974193573
2017-10-03,0.5785199999809265
2017-10-04,0.5796700119972229
2017-10-05,0.5757899880409241
2017-10-06,0.5770599842071533
2017-10-09,0.571150004863739
2017-10-10,0.5795300006866455
2017-10-11,0.580269992351532
2017-10-12,0.5789099931716919
2017-10-13,0.5791100263595581
2017-10-16,0.5779899954795837
2017-10-17,0.5760800242424011
2017-10-18,0.5789399743080139
2017-10-19,0.5750200152397156
2017-10-20,0.576170027256012
2017-10-23,0.5725700259208679
2017-10-24,0.5730699896812439
2017-10-25,0.5705999732017517
2017-10-26,0.5711399912834167
2017-10-27,0.567579984664917
2017-10-30,0.5716800093650818
2017-10-31,0.5734000205993652
2017-11-01,0.569100022315979
2017-11-02,0.5648499727249146
2017-11-03,0.5657100081443787
2017-11-06,0.5653600096702576
2017-11-07,0.5674300193786621
2017-11-08,0.5713300108909607
2017-11-09,0.5692200064659119
2017-11-10,0.5723699927330017
2017-11-13,0.573710024356842
2017-11-14,0.5755400061607361
2017-11-15,0.5761600136756897
2017-11-17,0.5770999789237976
2017-11-20,0.5722500085830688
2017-11-21,0.5777999758720398
2017-11-22,0.5769299864768982
2017-11-23,0.5822299718856812
2017-11-24,0.5799000263214111
2017-11-27,0.5786200165748596
2017-11-28,0.5793499946594238
2017-11-29,0.5762500166893005
2017-11-30,0.5740200281143188
2017-12-01,0.5723599791526794
2017-12-04,0.5679100155830383
2017-12-05,0.5716300010681152
2017-12-06,0.5715399980545044
2017-12-07,0.5740000009536743
2017-12-08,0.5699999928474426
2017-12-11,0.5671799778938293
2017-12-12,0.5661900043487549
2017-12-13,0.5665599703788757
2017-12-14,0.5709199905395508
2017-12-15,0.5719500184059143
2017-12-18,0.568560004234314
2017-12-19,0.5698699951171875
2017-12-20,0.5665299892425537
2017-12-21,0.565559983253479
2017-12-22,0.5643799901008606
2017-12-25,0.564329981803894
2017-12-26,0.5639399886131287
2017-12-27,0.5651699900627136
2017-12-28,0.5656399726867676
2017-12-29,0.5670099854469299
2018-01-01,0.5658800005912781
2018-01-02,0.5587999820709229
2018-01-03,0.5647199749946594
2018-01-04,0.5633900165557861
2018-01-05,0.5615400075912476
2018-01-08,0.5595300197601318
2018-01-09,0.5604199767112732
2018-01-10,0.5641099810600281
2018-01-11,0.5703799724578857
2018-01-12,0.5716500282287598
2018-01-15,0.5621399879455566
2018-01-16,0.5737400054931641
2018-01-17,0.5794299840927124
2018-01-18,0.573140025138855
2018-01-19,0.574679970741272
2018-01-22,0.5754899978637695
2018-01-23,0.5751500129699707
2018-01-24,0.5784500241279602
2018-01-25,0.5816900134086609
2018-01-26,0.5784100294113159
2018-01-29,0.5843200087547302
2018-01-30,0.5832800269126892
2018-01-31,0.5851699709892273
2018-02-01,0.5813199877738953
2018-02-02,0.5842499732971191
2018-02-05,0.5817700028419495
2018-02-06,0.5873600244522095
2018-02-07,0.5851200222969055
2018-02-08,0.5880799889564514
2018-02-09,0.5918400287628174
2018-02-12,0.5910099744796753
2018-02-13,0.5907999873161316
2018-02-14,0.5957900285720825
2018-02-15,0.6009299755096436
2018-02-16,0.6015999913215637
2018-02-19,0.6035900115966797
2018-02-20,0.6013799905776978
2018-02-21,0.603380024433136
2018-02-22,0.6015300154685974
2018-02-23,0.6078199744224548
2018-02-26,0.6047800183296204
2018-02-27,0.6042799949645996
2018-02-28,0.6037099957466125
2018-03-01,0.6108999848365784
2018-03-02,0.6137400269508362
2018-03-05,0.6162899732589722
2018-03-06,0.6114400029182434
2018-03-07,0.614300012588501
2018-03-08,0.6105200052261353
2018-03-09,0.6111699938774109
2018-03-12,0.6090099811553955
2018-03-13,0.6107900142669678
2018-03-14,0.6082599759101868
2018-03-15,0.6102399826049805
2018-03-16,0.6106899976730347
2018-03-19,0.612559974193573
2018-03-20,0.6146299839019775
2018-03-21,0.6120700240135193
2018-03-22,0.6146900057792664
2018-03-23,0.6196399927139282
2018-03-26,0.6196100115776062
2018-03-27,0.613860011100769
2018-03-28,0.6152300238609314
2018-03-29,0.6095600128173828
2018-03-30,0.611270010471344
2018-04-02,0.6105899810791016
2018-04-03,0.613860011100769
2018-04-04,0.6100800037384033
2018-04-05,0.6086000204086304
2018-04-06,0.6053900122642517
2018-04-09,0.606660008430481
2018-04-10,0.6079099774360657
2018-04-11,0.6057299971580505
2018-04-12,0.6102200150489807
2018-04-13,0.6083800196647644
2018-04-16,0.6072800159454346
2018-04-17,0.6109899878501892
2018-04-18,0.613070011138916
2018-04-19,0.6116799712181091
2018-04-20,0.6124899983406067
2018-04-23,0.6066200137138367
2018-04-24,0.6110299825668335
2018-04-25,0.6096900105476379
2018-04-26,0.6112200021743774
2018-04-27,0.6106100082397461
2018-04-30,0.6104099750518799
2018-05-01,0.6067799925804138
2018-05-02,0.6093599796295166
2018-05-03,0.6065199971199036
2018-05-04,0.6104400157928467
2018-05-07,0.6109600067138672
2018-05-08,0.6156299710273743
2018-05-09,0.6155999898910522
2018-05-10,0.6125699877738953
2018-05-11,0.6137499809265137
2018-05-14,0.6153799891471863
2018-05-15,0.6150599718093872
2018-05-16,0.6166700124740601
2018-05-17,0.6134700179100037
2018-05-18,0.6107699871063232
2018-05-21,0.6132400035858154
2018-05-22,0.613070011138916
2018-05-23,0.6136500239372253
2018-05-24,0.6211900115013123
2018-05-25,0.6238800287246704
2018-05-28,0.6183800101280212
2018-05-29,0.6155700087547302
2018-05-30,0.6251400113105774
2018-05-31,0.6195999979972839
2018-06-01,0.6194999814033508
2018-06-04,0.6112099885940552
2018-06-05,0.60930997133255
2018-06-06,0.6100900173187256
2018-06-07,0.6062999963760376
2018-06-08,0.6139100193977356
2018-06-11,0.6159700155258179
2018-06-12,0.6105999946594238
2018-06-13,0.6103100180625916
2018-06-14,0.6129699945449829
2018-06-15,0.6111599802970886
2018-06-18,0.6146799921989441
2018-06-19,0.6170399785041809
2018-06-20,0.6199399828910828
2018-06-21,0.6161400079727173
2018-06-22,0.617330014705658
2018-06-25,0.6165099740028381
2018-06-26,0.6206499934196472
2018-06-27,0.6202899813652039
2018-06-28,0.6221200227737427
2018-06-29,0.6224300265312195
2018-07-02,0.6178699731826782
2018-07-03,0.6191700100898743
2018-07-04,0.620199978351593
2018-07-05,0.6209999918937683
2018-07-06,0.6223199963569641
2018-07-09,0.6222800016403198
2018-07-10,0.6182100176811218
2018-07-11,0.6197100281715393
2018-07-12,0.6132699847221375
2018-07-13,0.6071599721908569
2018-07-16,0.609000027179718
2018-07-17,0.6094300150871277
2018-07-18,0.604889988899231
2018-07-19,0.6077399849891663
2018-07-20,0.6136599779129028
2018-07-23,0.6161800026893616
2018-07-24,0.6170099973678589
2018-07-25,0.6192299723625183
2018-07-26,0.6194400191307068
2018-07-27,0.6170899868011475
2018-07-30,0.617169976234436
2018-07-31,0.6175000071525574
2018-08-01,0.6117799878120422
2018-08-02,0.6117500066757202
2018-08-03,0.6138299703598022
2018-08-06,0.615369975566864
2018-08-07,0.6174799799919128
2018-08-08,0.6157900094985962
2018-08-09,0.6185700297355652
2018-08-10,0.6183000206947327
2018-08-13,0.6205700039863586
2018-08-14,0.632099986076355
2018-08-15,0.6281599998474121
2018-08-16,0.6316999793052673
2018-08-17,0.6307500004768372
2018-08-20,0.6340100169181824
2018-08-21,0.6343600153923035
2018-08-22,0.6336699724197388
2018-08-23,0.6311299800872803
2018-08-24,0.6287999749183655
2018-08-27,0.6285399794578552
2018-08-28,0.6307700276374817
2018-08-29,0.6300100088119507
2018-08-30,0.6309000253677368
2018-08-31,0.6367300152778625
2018-09-03,0.6387799978256226
2018-09-04,0.6404600143432617
2018-09-05,0.641510009765625
2018-09-06,0.6432099938392639
2018-09-07,0.6505600214004517
2018-09-10,0.6461099982261658
2018-09-11,0.651390016078949
2018-09-12,0.650160014629364
2018-09-13,0.6481000185012817
2018-09-14,0.6425099968910217
2018-09-17,0.6406800150871277
2018-09-18,0.6487299799919128
2018-09-19,0.6468200087547302
2018-09-20,0.6436399817466736
2018-09-21,0.639490008354187
2018-09-24,0.6400399804115295
2018-09-25,0.6437000036239624
2018-09-26,0.6427599787712097
2018-09-27,0.643559992313385
2018-09-28,0.6395300030708313
2018-10-01,0.6370400190353394
2018-10-02,0.6393399834632874
2018-10-03,0.6414499878883362
2018-10-04,0.6400600075721741
2018-10-05,0.6458500027656555
2018-10-08,0.6474000215530396
2018-10-09,0.6541299819946289
2018-10-10,0.6572700142860413
2018-10-11,0.66184002161026
2018-10-12,0.6601099967956543
2018-10-15,0.6556199789047241
2018-10-16,0.6590200066566467
2018-10-17,0.6533200144767761
2018-10-18,0.6528499722480774
2018-10-19,0.6549199819564819
2018-10-22,0.6515700221061707
2018-10-23,0.651639997959137
2018-10-24,0.6533600091934204
2018-10-25,0.6531100273132324
2018-10-26,0.6510699987411499
2018-10-29,0.656059980392456
2018-10-30,0.6527000069618225
2018-10-31,0.6510599851608276
2018-11-01,0.6547300219535828
2018-11-02,0.6510300040245056
2018-11-05,0.6393200159072876
2018-11-06,0.6446499824523926
2018-11-07,0.6429700255393982
2018-11-08,0.6374300122261047
2018-11-09,0.6345400214195251
2018-11-12,0.6363000273704529
2018-11-13,0.6401799917221069
2018-11-14,0.6375100016593933
2018-11-15,0.6361200213432312
2018-11-16,0.6326500177383423
2018-11-19,0.6373599767684937
2018-11-20,0.6359999775886536
2018-11-21,0.6329900026321411
2018-11-22,0.6302800178527832
2018-11-23,0.6250500082969666
2018-11-26,0.6250100135803223
2018-11-27,0.6232100129127502
2018-11-28,0.6215699911117554
2018-11-29,0.6214799880981445
2018-11-30,0.6145600080490112
2018-12-03,0.6129599809646606
2018-12-04,0.6195499897003174
2018-12-05,0.6251400113105774
2018-12-06,0.6235700249671936
2018-12-07,0.6280900239944458
2018-12-10,0.6280699968338013
2018-12-11,0.6399099826812744
2018-12-12,0.6369699835777283
2018-12-13,0.6334900259971619
2018-12-14,0.6294800043106079
2018-12-17,0.6338899731636047
2018-12-18,0.6340299844741821
2018-12-19,0.6269199848175049
2018-12-20,0.6284099817276001
2018-12-21,0.6288300156593323
2018-12-24,0.6296600103378296
2018-12-25,0.6338199973106384
2018-12-26,0.6357799768447876
2018-12-27,0.634090006351471
2018-12-28,0.6339100003242493
2018-12-31,0.6332399845123291
2019-01-01,0.6341400146484375
2019-01-02,0.6336100101470947
2019-01-03,0.6508200168609619
2019-01-04,0.6497399806976318
2019-01-07,0.6404899954795837
2019-01-08,0.6419900059700012
2019-01-09,0.6441100239753723
2019-01-10,0.6515899896621704
2019-01-11,0.6497399806976318
2019-01-14,0.6479799747467041
2019-01-15,0.6530500054359436
2019-01-16,0.6539300084114075
2019-01-17,0.6503199934959412
2019-01-18,0.6501399874687195
2019-01-21,0.6486700177192688
2019-01-22,0.6484699845314026
2019-01-23,0.6507999897003174
2019-01-24,0.6493300199508667
2019-01-25,0.647159993648529
2019-01-28,0.6473100185394287
2019-01-29,0.6501200199127197
2019-01-30,0.652180016040802
2019-01-31,0.6528599858283997
2019-02-01,0.6512600183486938
2019-02-04,0.6517599821090698
2019-02-05,0.651449978351593
2019-02-06,0.6498399972915649
2019-02-07,0.6498799920082092
2019-02-08,0.6489199995994568
2019-02-11,0.648169994354248
2019-02-12,0.6437699794769287
2019-02-13,0.6378200054168701
2019-02-14,0.638189971446991
2019-02-15,0.6420199871063232
2019-02-18,0.6449800133705139
2019-02-19,0.6447200179100037
2019-02-20,0.6443899869918823
2019-02-21,0.6409500241279602
2019-02-22,0.6423299908638
2019-02-25,0.6418600082397461
2019-02-26,0.6372299790382385
2019-02-27,0.641700029373169
2019-02-28,0.6414600014686584
2019-03-01,0.6354100108146667
2019-03-04,0.6344299912452698
2019-03-05,0.6337199807167053
2019-03-06,0.6295199990272522
2019-03-07,0.6271899938583374
2019-03-08,0.6274499893188477
2019-03-11,0.6296799778938293
2019-03-12,0.6262999773025513
2019-03-13,0.6248999834060669
2019-03-14,0.6249099969863892
2019-03-15,0.6202099919319153
2019-03-18,0.618179976940155
2019-03-19,0.6154999732971191
2019-03-20,0.6188499927520752
2019-03-21,0.6208800077438354
2019-03-22,0.6204299926757812
2019-03-25,0.617389976978302
2019-03-26,0.6255699992179871
2019-03-27,0.6233400106430054
2019-03-28,0.6247100234031677
2019-03-29,0.624779999256134
2019-04-01,0.6239699721336365
2019-04-02,0.6204100251197815
2019-04-03,0.6185399889945984
2019-04-04,0.6137700080871582
2019-04-05,0.6171600222587585
2019-04-08,0.6191700100898743
2019-04-09,0.6233599781990051
2019-04-10,0.6228299736976624
2019-04-11,0.6223199963569641
2019-04-12,0.6176400184631348
2019-04-15,0.6169099807739258
2019-04-16,0.6192799806594849
2019-04-17,0.6201900243759155
2019-04-18,0.6189600229263306
2019-04-19,0.6194499731063843
2019-04-22,0.6198599934577942
2019-04-23,0.6224499940872192
2019-04-24,0.6229299902915955
2019-04-25,0.6228799819946289
2019-04-26,0.6279799938201904
2019-04-29,0.6244800090789795
2019-04-30,0.6245599985122681
2019-05-01,0.6247599720954895
2019-05-02,0.6253700256347656
2019-05-03,0.6218900084495544
2019-05-06,0.6214900016784668
2019-05-07,0.6257500052452087
2019-05-08,0.6306599974632263
2019-05-09,0.6330999732017517
2019-05-10,0.6386399865150452
2019-05-13,0.6357799768447876
2019-05-14,0.646399974822998
2019-05-15,0.640529990196228
2019-05-16,0.6407700181007385
2019-05-17,0.6386600136756897
2019-05-20,0.6379600167274475
2019-05-21,0.6317399740219116
2019-05-23,0.6312299966812134
2019-05-24,0.6351900100708008
2019-05-27,0.6271200180053711
2019-05-28,0.6339200139045715
2019-05-29,0.635890007019043
2019-05-30,0.6367499828338623
2019-05-31,0.6377599835395813
2019-06-03,0.6408600211143494
2019-06-04,0.6396999955177307
2019-06-05,0.6394100189208984
2019-06-06,0.6400799751281738
2019-06-07,0.6369900107383728
2019-06-10,0.6404600143432617
2019-06-11,0.6408100128173828
2019-06-12,0.6390299797058105
2019-06-13,0.6388800144195557
2019-06-14,0.6415500044822693
2019-06-17,0.6409500241279602
2019-06-18,0.6426200270652771
2019-06-19,0.6404100060462952
2019-06-20,0.6436100006103516
2019-06-21,0.647379994392395
2019-06-24,0.6479899883270264
2019-06-25,0.6447799801826477
2019-06-26,0.6462799906730652
2019-06-27,0.6418200135231018
2019-06-28,0.6403300166130066
2019-07-01,0.6384299993515015
2019-07-02,0.6349700093269348
2019-07-03,0.6383399963378906
2019-07-04,0.6375499963760376
2019-07-05,0.6349599957466125
2019-07-08,0.6304299831390381
2019-07-09,0.6300699710845947
2019-07-10,0.6287699937820435
2019-07-11,0.6308599710464478
2019-07-12,0.6297399997711182
2019-07-15,0.6347399950027466
2019-07-16,0.6345499753952026
2019-07-17,0.6341300010681152
2019-07-18,0.6371099948883057
2019-07-19,0.6403999924659729
2019-07-22,0.6385800242424011
2019-07-23,0.6381300091743469
2019-07-24,0.6370900273323059
2019-07-25,0.6369500160217285
2019-07-26,0.6357399821281433
2019-07-29,0.6330699920654297
2019-07-30,0.6309700012207031
2019-07-31,0.6335099935531616
2019-08-01,0.6322100162506104
2019-08-02,0.6418200135231018
2019-08-05,0.6533499956130981
2019-08-06,0.6700400114059448
2019-08-07,0.6673700213432312
2019-08-08,0.6700400114059448
2019-08-09,0.6650300025939941
2019-08-12,0.6705099940299988
2019-08-13,0.6759700179100037
2019-08-14,0.6692799925804138
2019-08-15,0.6721900105476379
2019-08-16,0.6761699914932251
2019-08-19,0.6683400273323059
2019-08-20,0.6697900295257568
2019-08-21,0.6726099848747253
2019-08-22,0.6694700121879578
2019-08-23,0.6748899817466736
2019-08-26,0.6595100164413452
2019-08-27,0.678849995136261
2019-08-28,0.6759200096130371
2019-08-29,0.6764299869537354
2019-08-30,0.6727799773216248
2019-09-02,0.6715199947357178
2019-09-03,0.677049994468689
2019-09-04,0.6811100244522095
2019-09-05,0.6761000156402588
2019-09-06,0.6712700128555298
2019-09-09,0.6551200151443481
2019-09-10,0.6680600047111511
2019-09-11,0.6672899723052979
2019-09-12,0.6617799997329712
2019-09-13,0.6553599834442139
2019-09-16,0.6561300158500671
2019-09-17,0.6611199975013733
2019-09-18,0.6606799960136414
2019-09-19,0.6555200219154358
2019-09-20,0.6600199937820435
2019-09-23,0.6599599719047546
2019-09-24,0.6572200059890747
2019-09-25,0.6614800095558167
2019-09-26,0.6584600210189819
2019-09-27,0.6577699780464172
2019-09-30,0.6524999737739563
2019-10-01,0.652970016002655
2019-10-02,0.6594600081443787
2019-10-03,0.6631699800491333
2019-10-04,0.6642699837684631
2019-10-07,0.6614400148391724
2019-10-08,0.6609899997711182
2019-10-09,0.6651899814605713
2019-10-10,0.6628699898719788
2019-10-11,0.6573899984359741
2019-10-14,0.6539980173110962
2019-10-15,0.6565390229225159
2019-10-16,0.6563760042190552
2019-10-17,0.6559680104255676
2019-10-18,0.6544129848480225
2019-10-21,0.6548489928245544
2019-10-22,0.6522840261459351
2019-10-23,0.6520810127258301
2019-10-24,0.6503329873085022
2019-10-25,0.6528120040893555
2019-10-28,0.6509630084037781
2019-10-29,0.6485289931297302
2019-10-30,0.6504089832305908
2019-10-31,0.6515160202980042
2019-11-01,0.6573240160942078
2019-11-04,0.6534600257873535
2019-11-05,0.6505730152130127
2019-11-06,0.6477000117301941
2019-11-07,0.6512389779090881
2019-11-08,0.649528980255127
2019-11-11,0.6526960134506226
2019-11-12,0.6556580066680908
2019-11-13,0.6579089760780334
2019-11-14,0.6624429821968079
2019-11-15,0.662697970867157
2019-11-18,0.6581130027770996
2019-11-19,0.6613479852676392
2019-11-20,0.6617140173912048
2019-11-21,0.6607670187950134
2019-11-22,0.6600940227508545
2019-11-25,0.6600580215454102
2019-11-26,0.657131016254425
2019-11-27,0.6545469760894775
2019-11-28,0.6509529948234558
2019-11-29,0.6522219777107239
2019-12-02,0.6543149948120117
2019-12-03,0.6563400030136108
2019-12-04,0.6595960259437561
2019-12-05,0.6561980247497559
2019-12-06,0.65447598695755
2019-12-09,0.6557750105857849
2019-12-10,0.6530010104179382
2019-12-11,0.6503289937973022
2019-12-12,0.6507400274276733
2019-12-13,0.6442980170249939
2019-12-16,0.6470999717712402
2019-12-17,0.6465349793434143
2019-12-18,0.6479039788246155
2019-12-19,0.6474130153656006
2019-12-20,0.6500759720802307
2019-12-23,0.6485769748687744
2019-12-24,0.6505450010299683
2019-12-25,0.6509929895401001
2019-12-26,0.6512889862060547
2019-12-27,0.6418430209159851
2019-12-30,0.6517279744148254
2019-12-31,0.6542050242424011
2020-01-01,0.6559969782829285
2020-01-02,0.6520310044288635
2020-01-03,0.65659499168396
2020-01-06,0.6632930040359497
2020-01-07,0.662289023399353
2020-01-08,0.6645749807357788
2020-01-09,0.655053973197937
2020-01-10,0.6495770215988159
2020-01-13,0.6372429728507996
2020-01-14,0.6422529816627502
2020-01-15,0.6443430185317993
2020-01-16,0.6430040001869202
2020-01-17,0.6433669924736023
2020-01-20,0.6446750164031982
2020-01-21,0.6441429853439331
2020-01-22,0.6469799876213074
2020-01-23,0.6471350193023682
2020-01-24,0.6510879993438721
2020-01-27,0.6522290110588074
2020-01-28,0.6551799774169922
2020-01-29,0.6520730257034302
2020-01-30,0.6536970138549805
2020-01-31,0.6566290259361267
2020-02-03,0.6595219969749451
2020-02-04,0.6559180021286011
2020-02-05,0.6490079760551453
2020-02-06,0.6476979851722717
2020-02-07,0.6469159722328186
2020-02-10,0.6507949829101562
2020-02-11,0.6487269997596741
2020-02-12,0.6482120156288147
2020-02-13,0.6484220027923584
2020-02-14,0.6492350101470947
2020-02-17,0.650967001914978
2020-02-18,0.6488190293312073
2020-02-19,0.6505669951438904
2020-02-20,0.6430649757385254
2020-02-21,0.639494001865387
2020-02-24,0.6435340046882629
2020-02-25,0.6482970118522644
2020-02-26,0.6511240005493164
2020-02-27,0.6479880213737488
2020-02-28,0.6526690125465393
2020-03-02,0.6703529953956604
2020-03-03,0.6711059808731079
2020-03-04,0.6817539930343628
2020-03-05,0.6822969913482666
2020-03-06,0.6911680102348328
2020-03-09,0.701479971408844
2020-03-10,0.7187089920043945
2020-03-11,0.7052540183067322
2020-03-12,0.704122006893158
2020-03-13,0.7121729850769043
2020-03-16,0.6832619905471802
2020-03-17,0.696287989616394
2020-03-18,0.6889320015907288
2020-03-19,0.6872680187225342
2020-03-20,0.6711770296096802
2020-03-23,0.6802250146865845
2020-03-24,0.6880850195884705
2020-03-25,0.6866289973258972
2020-03-26,0.6882429718971252
2020-03-27,0.6857159733772278
2020-03-30,0.6987820267677307
2020-03-31,0.6972860097885132
2020-04-01,0.7000330090522766
2020-04-02,0.7115479707717896
2020-04-03,0.7066739797592163
2020-04-06,0.7023670077323914
2020-04-07,0.6955180168151855
2020-04-08,0.6955230236053467
2020-04-09,0.6965270042419434
2020-04-10,0.70278400182724
2020-04-13,0.7025229930877686
2020-04-14,0.6926630139350891
2020-04-15,0.7090989947319031
2020-04-16,0.710739016532898
2020-04-17,0.7109590172767639
2020-04-20,0.7113080024719238
2020-04-21,0.7108070254325867
2020-04-22,0.7139660120010376
2020-04-23,0.7080339789390564
2020-04-24,0.7042760252952576
2020-04-27,0.7090820074081421
2020-04-28,0.7100070118904114
2020-04-29,0.7120569944381714
2020-04-30,0.7069879770278931
2020-05-01,0.6998980045318604
2020-05-04,0.7000259757041931
2020-05-05,0.7082430124282837
2020-05-06,0.710561990737915
2020-05-07,0.7158880233764648
2020-05-08,0.7118690013885498
2020-05-11,0.7080150246620178
2020-05-12,0.7048270106315613
2020-05-13,0.699874997138977
2020-05-14,0.7040910124778748
2020-05-15,0.7024840116500854
2020-05-18,0.7073379755020142
2020-05-19,0.7034559845924377
2020-05-20,0.7014020085334778
2020-05-21,0.7014380097389221
2020-05-22,0.7019039988517761
2020-05-25,0.7050269842147827
2020-05-26,0.7039219737052917
2020-05-27,0.7010459899902344
2020-05-28,0.7035980224609375
2020-05-29,0.702584981918335
2020-06-01,0.7003970146179199
2020-06-02,0.701466977596283
2020-06-03,0.68955397605896
2020-06-04,0.6905699968338013
2020-06-05,0.690517008304596
2020-06-08,0.6886280179023743
2020-06-09,0.6948760151863098
2020-06-10,0.6996369957923889
2020-06-11,0.7067180275917053
2020-06-12,0.710627019405365
2020-06-15,0.7075210213661194
2020-06-16,0.7062479853630066
2020-06-17,0.709434986114502
2020-06-18,0.7129570245742798
2020-06-19,0.7132390141487122
2020-06-22,0.7131990194320679
2020-06-23,0.7082560062408447
2020-06-24,0.7083849906921387
2020-06-25,0.7061970233917236
2020-06-26,0.704230010509491
2020-06-29,0.7048479914665222
2020-06-30,0.7012550234794617
2020-07-01,0.6987879872322083
2020-07-02,0.7020679712295532
2020-07-03,0.6946960091590881
2020-07-06,0.6934930086135864
2020-07-07,0.6944180130958557
2020-07-08,0.6946830153465271
2020-07-09,0.6977840065956116
2020-07-10,0.7001379728317261
2020-07-13,0.6937130093574524
2020-07-14,0.7004500031471252
2020-07-15,0.702476978302002
2020-07-16,0.702006995677948
2020-07-17,0.7001780271530151
2020-07-20,0.6990669965744019
2020-07-21,0.696619987487793
2020-07-22,0.6969649791717529
2020-07-23,0.6955180168151855
2020-07-24,0.6995700001716614
2020-07-27,0.7036839723587036
2020-07-28,0.7100629806518555
2020-07-29,0.7120980024337769
2020-07-30,0.7129780054092407
2020-07-31,0.714631974697113
2020-08-03,0.7070329785346985
2020-08-04,0.7083699703216553
2020-08-05,0.7100610136985779
2020-08-06,0.70797199010849
2020-08-07,0.7086129784584045
2020-08-10,0.7011550068855286
2020-08-11,0.7057710289955139
2020-08-12,0.6998929977416992
2020-08-13,0.699517011642456
2020-08-14,0.6986269950866699
2020-08-17,0.7021099925041199
2020-08-18,0.7044669985771179
2020-08-19,0.7079280018806458
2020-08-20,0.7049319744110107
2020-08-21,0.7093290090560913
2020-08-24,0.7074329853057861
2020-08-25,0.6991050243377686
2020-08-26,0.6970919966697693
2020-08-27,0.7004989981651306
2020-08-28,0.6922969818115234
2020-08-31,0.6931939721107483
2020-09-01,0.6904439926147461
2020-09-02,0.6887480020523071
2020-09-03,0.6891670227050781
2020-09-04,0.6911429762840271
2020-09-07,0.6893249750137329
2020-09-08,0.6902999877929688
2020-09-09,0.6956449747085571
2020-09-10,0.6894590258598328
2020-09-11,0.6912549734115601
2020-09-14,0.691091001033783
2020-09-15,0.6933220028877258
2020-09-16,0.6975759863853455
2020-09-17,0.6993190050125122
2020-09-18,0.7024310231208801
2020-09-21,0.7024959921836853
2020-09-22,0.7022039890289307
2020-09-23,0.6991519927978516
2020-09-24,0.6981350183486938
2020-09-25,0.7003219723701477
2020-09-28,0.6972209811210632
2020-09-29,0.6989099979400635
2020-09-30,0.6973890066146851
2020-10-01,0.6970019936561584
2020-10-02,0.6931989789009094
2020-10-05,0.6952069997787476
2020-10-06,0.690796971321106
2020-10-07,0.6944509744644165
2020-10-08,0.6914740204811096
2020-10-09,0.6907650232315063
2020-10-12,0.6903600096702576
2020-10-13,0.6956170201301575
2020-10-14,0.6954299807548523
2020-10-15,0.6964060068130493
2020-10-16,0.6963459849357605
2020-10-19,0.6960980296134949
2020-10-20,0.694927990436554
2020-10-21,0.6956520080566406
2020-10-22,0.7025030255317688
2020-10-23,0.7014780044555664
2020-10-26,0.7045130133628845
2020-10-27,0.7049170136451721
2020-10-28,0.7035880088806152
2020-10-29,0.7108510136604309
2020-10-30,0.7107539772987366
2020-11-02,0.7120100259780884
2020-11-03,0.7108219861984253
2020-11-04,0.7131630182266235
2020-11-05,0.7114089727401733
2020-11-06,0.7127619981765747
2020-11-09,0.7152029871940613
2020-11-10,0.7035539746284485
2020-11-11,0.7052010297775269
2020-11-12,0.705793023109436
2020-11-13,0.7099890112876892
2020-11-16,0.7122529745101929
2020-11-17,0.71042799949646
2020-11-18,0.7142149806022644
2020-11-19,0.7127839922904968
2020-11-20,0.7131739854812622
2020-11-23,0.7128620147705078
2020-11-24,0.7095909714698792
2020-11-25,0.7080900073051453
2020-11-26,0.7060559988021851
2020-11-27,0.7075920104980469
2020-11-30,0.7095299959182739
2020-12-01,0.708823025226593
2020-12-02,0.7039819955825806
2020-12-03,0.7055829763412476
2020-12-04,0.7108280062675476
2020-12-07,0.7076879739761353
2020-12-08,0.7090370059013367
2020-12-09,0.70728999376297
2020-12-10,0.7065960168838501
2020-12-11,0.7069870233535767
2020-12-14,0.7079650163650513
2020-12-15,0.7073869705200195
2020-12-16,0.7090499997138977
2020-12-17,0.7109799981117249
2020-12-18,0.7122650146484375
2020-12-21,0.711417019367218
2020-12-22,0.7158809900283813
2020-12-23,0.7128459811210632
2020-12-24,0.7122849822044373
2020-12-25,0.709168016910553
2020-12-28,0.709892988204956
2020-12-29,0.7085999846458435
2020-12-30,0.7083079814910889
2020-12-31,0.7089869976043701
2021-01-01,0.7068589925765991
2021-01-04,0.7064939737319946
2021-01-05,0.7080889940261841
2021-01-06,0.7115910053253174
2021-01-07,0.7092130184173584
2021-01-08,0.7070850133895874
2021-01-11,0.7045890092849731
2021-01-12,0.7049070000648499
2021-01-13,0.7050899863243103
2021-01-14,0.7040159702301025
2021-01-15,0.7033230066299438
2021-01-18,0.7033429741859436
2021-01-19,0.7050660252571106
2021-01-20,0.7038099765777588
2021-01-21,0.7034639716148376
2021-01-22,0.7041950225830078
2021-01-25,0.7025319933891296
2021-01-26,0.702646017074585
2021-01-27,0.7030789852142334
2021-01-28,0.7005820274353027
2021-01-29,0.6988530158996582
2021-02-01,0.695684015750885
2021-02-02,0.696537971496582
2021-02-03,0.6934630274772644
2021-02-04,0.6932259798049927
2021-02-05,0.6904360055923462
2021-02-08,0.6900690197944641
2021-02-09,0.6924939751625061
2021-02-10,0.6959810256958008
2021-02-11,0.6952450275421143
2021-02-12,0.6935219764709473
2021-02-15,0.6913490295410156
2021-02-16,0.6885679960250854
2021-02-17,0.6860960125923157
2021-02-18,0.6869120001792908
2021-02-19,0.6865140199661255
2021-02-22,0.6876779794692993
2021-02-23,0.6893929839134216
2021-02-24,0.686864972114563
2021-02-25,0.6828160285949707
2021-02-26,0.6832669973373413
2021-03-01,0.6934009790420532
2021-03-02,0.6863059997558594
2021-03-03,0.6856150031089783
2021-03-04,0.6812040209770203
2021-03-05,0.6768119931221008
2021-03-08,0.6750950217247009
2021-03-09,0.6726030111312866
2021-03-10,0.6695430278778076
2021-03-11,0.6700720191001892
2021-03-12,0.6691089868545532
2021-03-15,0.6661859750747681
2021-03-16,0.6638140082359314
2021-03-17,0.6643829941749573
2021-03-18,0.6658030152320862
2021-03-19,0.6667050123214722
2021-03-22,0.6652430295944214
2021-03-23,0.6647539734840393
2021-03-24,0.6679720282554626
2021-03-25,0.6667479872703552
2021-03-26,0.6644269824028015
2021-03-29,0.6617010235786438
2021-03-30,0.6615309715270996
2021-03-31,0.665120005607605
2021-04-01,0.6598479747772217
2021-04-02,0.6624410152435303
2021-04-05,0.6625760197639465
2021-04-06,0.6630929708480835
2021-04-07,0.6686400175094604
2021-04-08,0.6763780117034912
2021-04-09,0.6815459728240967
2021-04-12,0.6807850003242493
2021-04-13,0.6849709749221802
2021-04-14,0.6897299885749817
2021-04-15,0.6888149976730347
2021-04-16,0.6869940161705017
2021-04-19,0.6846100091934204
2021-04-20,0.691860020160675
2021-04-21,0.696806013584137
2021-04-22,0.697646975517273
2021-04-23,0.6950290203094482
2021-04-26,0.6938269734382629
2021-04-27,0.6902769804000854
2021-04-28,0.6852009892463684
2021-04-29,0.6858149766921997
2021-04-30,0.6799709796905518
2021-05-03,0.677157998085022
2021-05-04,0.6760450005531311
2021-05-05,0.6740580201148987
2021-05-06,0.6750169992446899
2021-05-07,0.6743180155754089
2021-05-10,0.6740559935569763
2021-05-11,0.6746810078620911
2021-05-12,0.674871027469635
2021-05-13,0.6700339913368225
2021-05-14,0.6699830293655396
2021-05-17,0.6696360111236572
2021-05-18,0.6708589792251587
2021-05-19,0.6710479855537415
2021-05-20,0.669435977935791
2021-05-21,0.6702079772949219
2021-05-24,0.6685609817504883
2021-05-25,0.6684539914131165
2021-05-26,0.6685429811477661
2021-05-27,0.6656100153923035
2021-05-28,0.6612970232963562
2021-05-31,0.658515989780426
2021-06-01,0.6616479754447937
2021-06-02,0.6648129820823669
2021-06-03,0.6651269793510437
2021-06-04,0.6618120074272156
2021-06-07,0.6646729707717896
2021-06-08,0.6657329797744751
2021-06-09,0.6658779978752136
2021-06-10,0.6651560068130493
2021-06-11,0.6674230098724365
2021-06-14,0.6671559810638428
2021-06-15,0.6644880175590515
2021-06-16,0.6656150221824646
2021-06-17,0.6609740257263184
2021-06-18,0.6717950105667114
2021-06-21,0.6716189980506897
2021-06-22,0.6711260080337524
2021-06-23,0.6711940169334412
2021-06-24,0.6673870086669922
2021-06-25,0.668254017829895
2021-06-28,0.6687949895858765
2021-06-29,0.6709259748458862
2021-06-30,0.6716409921646118
2021-07-01,0.6686069965362549
2021-07-02,0.6676070094108582
2021-07-05,0.67050701379776
2021-07-06,0.6694380044937134
2021-07-07,0.6753290295600891
2021-07-08,0.6754729747772217
2021-07-09,0.6798179745674133
2021-07-12,0.6756089925765991
2021-07-13,0.6750169992446899
2021-07-14,0.6744160056114197
2021-07-15,0.676476001739502
2021-07-16,0.6783199906349182
2021-07-19,0.6771439909934998
2021-07-20,0.6826450228691101
2021-07-21,0.6774010062217712
2021-07-22,0.675055980682373
2021-07-23,0.6753090023994446
2021-07-26,0.6726059913635254
2021-07-27,0.6727859973907471
2021-07-28,0.6778290271759033
2021-07-29,0.6763460040092468
2021-07-30,0.6780070066452026
2021-08-02,0.6773160099983215
2021-08-03,0.6796370148658752
2021-08-04,0.6802669763565063
2021-08-05,0.6766729950904846
2021-08-06,0.6742500066757202
2021-08-09,0.667248010635376
2021-08-10,0.6746270060539246
2021-08-11,0.6725519895553589
2021-08-12,0.670723021030426
2021-08-13,0.6725890040397644
2021-08-16,0.6765199899673462
2021-08-17,0.6776300072669983
2021-08-18,0.6782799959182739
2021-08-19,0.675482988357544
2021-08-20,0.6768860220909119
2021-08-23,0.6764240264892578
2021-08-24,0.6753259897232056
2021-08-25,0.6750800013542175
2021-08-26,0.6731269955635071
2021-08-27,0.6731489896774292
2021-08-30,0.6682279706001282
2021-08-31,0.6660580039024353
2021-09-01,0.6625660061836243
2021-09-02,0.6624270081520081
2021-09-03,0.6638219952583313
2021-09-06,0.6651470065116882
2021-09-07,0.6647670269012451
2021-09-08,0.6647099852561951
2021-09-09,0.6688359975814819
2021-09-10,0.6692630052566528
2021-09-13,0.6685050129890442
2021-09-14,0.667959988117218
2021-09-15,0.6706690192222595
2021-09-16,0.6708829998970032
2021-09-17,0.6700289845466614
2021-09-20,0.6690120100975037
2021-09-21,0.6724119782447815
2021-09-22,0.6749820113182068
2021-09-23,0.6720119714736938
2021-09-24,0.6686769723892212
2021-09-27,0.6658549904823303
2021-09-28,0.6646400094032288
2021-09-29,0.664654016494751
2021-09-30,0.6633710265159607
2021-10-01,0.6647469997406006
2021-10-04,0.6670600175857544
2021-10-05,0.6714800000190735
2021-10-06,0.668179988861084
2021-10-07,0.6703969836235046
2021-10-08,0.669530987739563
2021-10-11,0.6684809923171997
2021-10-12,0.6643360257148743
2021-10-13,0.6642860174179077
2021-10-14,0.6640790104866028
2021-10-15,0.6581339836120605
2021-10-18,0.6562309861183167
2021-10-19,0.6576769948005676
2021-10-20,0.6552550196647644
2021-10-21,0.6533750295639038
2021-10-22,0.6569280028343201
2021-10-25,0.6603320240974426
2021-10-26,0.6593599915504456
2021-10-27,0.6552749872207642
2021-10-28,0.6591439843177795
2021-10-29,0.6577479839324951
2021-11-01,0.6567559838294983
2021-11-02,0.6552919745445251
2021-11-03,0.6549710035324097
2021-11-04,0.6519240140914917
2021-11-05,0.6535159945487976
2021-11-08,0.6536629796028137
2021-11-09,0.6520749926567078
2021-11-10,0.6563320159912109
2021-11-11,0.652633011341095
2021-11-12,0.650987982749939
2021-11-15,0.6525909900665283
2021-11-16,0.6515960097312927
2021-11-17,0.6473209857940674
2021-11-18,0.6510769724845886
2021-11-19,0.6483070254325867
2021-11-22,0.6521610021591187
2021-11-23,0.647691011428833
2021-11-24,0.6458849906921387
2021-11-25,0.6458879709243774
2021-11-26,0.6469870209693909
2021-11-29,0.6616730093955994
2021-11-30,0.6588060259819031
2021-12-01,0.6620500087738037
2021-12-02,0.6640059947967529
2021-12-03,0.6627669930458069
2021-12-06,0.6662880182266235
2021-12-07,0.6637719869613647
2021-12-08,0.6636350154876709
2021-12-09,0.6624490022659302
2021-12-10,0.6657739877700806
2021-12-13,0.6678029894828796
2021-12-14,0.6664819717407227
2021-12-15,0.6680049896240234
2021-12-16,0.6682569980621338
2021-12-17,0.6695150136947632
2021-12-20,0.6679499745368958
2021-12-21,0.6655899882316589
2021-12-22,0.6634650230407715
2021-12-23,0.6601110100746155
2021-12-24,0.6548749804496765
2021-12-27,0.6548560261726379
2021-12-28,0.6523640155792236
2021-12-29,0.6504589915275574
2021-12-30,0.6480669975280762
2021-12-31,0.6460660099983215
2022-01-03,0.6463299989700317
2022-01-04,0.6445630192756653
2022-01-05,0.6409479975700378
2022-01-06,0.6390200257301331
2022-01-07,0.6413059830665588
2022-01-10,0.6422200202941895
2022-01-11,0.6418349742889404
2022-01-12,0.6394829750061035
2022-01-13,0.6428229808807373
2022-01-14,0.6475690007209778
2022-01-17,0.6487560272216797
2022-01-18,0.6475369930267334
2022-01-19,0.6502429842948914
2022-01-20,0.6505150198936462
2022-01-21,0.6527180075645447
2022-01-24,0.6538829803466797
2022-01-25,0.6540669798851013
2022-01-26,0.6560710072517395
2022-01-27,0.6523100137710571
2022-01-28,0.6513649821281433
2022-01-31,0.6503909826278687
2022-02-01,0.6476500034332275
2022-02-02,0.6508650183677673
2022-02-03,0.6535260081291199
2022-02-04,0.648705005645752
2022-02-07,0.648048996925354
2022-02-08,0.6481729745864868
2022-02-09,0.6458899974822998
2022-02-10,0.6466929912567139
2022-02-11,0.6465629935264587
2022-02-14,0.6469870209693909
2022-02-15,0.6544359922409058
2022-02-16,0.6498559713363647
2022-02-17,0.6496880054473877
2022-02-18,0.6528940200805664
2022-02-21,0.6489620208740234
2022-02-22,0.6496379971504211
2022-02-23,0.6477599740028381
2022-02-24,0.6489920020103455
2022-02-25,0.6536229848861694
2022-02-28,0.6387739777565002
2022-03-01,0.655646026134491
2022-03-02,0.6592730283737183
2022-03-03,0.6541820168495178
2022-03-04,0.6571909785270691
2022-03-07,0.6582099795341492
2022-03-08,0.6665340065956116
2022-03-09,0.6639599800109863
2022-03-10,0.6584050059318542
2022-03-11,0.6561890244483948
2022-03-14,0.6516079902648926
2022-03-15,0.6465489864349365
2022-03-16,0.6440889835357666
2022-03-17,0.6404039859771729
2022-03-18,0.6402050256729126
2022-03-21,0.6381970047950745
2022-03-22,0.6372690200805664
2022-03-23,0.6270059943199158
2022-03-24,0.6312710046768188
2022-03-25,0.6231529712677002
2022-03-28,0.6243469715118408
2022-03-29,0.614916980266571
2022-03-30,0.6139460206031799
2022-03-31,0.6207380294799805
2022-04-01,0.6229910254478455
2022-04-04,0.620248019695282
2022-04-05,0.6139019727706909
2022-04-06,0.6096460223197937
2022-04-07,0.6128860116004944
2022-04-08,0.6111260056495667
2022-04-11,0.6107050180435181
2022-04-12,0.6037939786911011
2022-04-13,0.6066250205039978
2022-04-14,0.6066439747810364
2022-04-15,0.6055470108985901
2022-04-18,0.6032909750938416
2022-04-19,0.6004379987716675
2022-04-20,0.590595006942749
2022-04-21,0.5952360033988953
2022-04-22,0.5932859778404236
2022-04-25,0.5940189957618713
2022-04-26,0.5999770164489746
2022-04-27,0.6018940210342407
2022-04-28,0.5961340069770813
2022-04-29,0.5855010151863098
2022-05-02,0.5886780023574829
2022-05-03,0.5871480107307434
2022-05-04,0.5869870185852051
2022-05-05,0.5897570252418518
2022-05-06,0.5867210030555725
2022-05-09,0.5894970297813416
2022-05-10,0.5927879810333252
2022-05-11,0.5918179750442505
2022-05-12,0.5956730246543884
2022-05-13,0.6016219854354858
2022-05-16,0.5989739894866943
2022-05-17,0.602886974811554
2022-05-18,0.597881019115448
2022-05-19,0.6078029870986938
2022-05-20,0.6048349738121033
2022-05-23,0.6081950068473816
2022-05-24,0.6059960126876831
2022-05-25,0.610605001449585
2022-05-26,0.6088820099830627
2022-05-27,0.6105189919471741
2022-05-30,0.6099929809570312
2022-05-31,0.6063200235366821
2022-06-01,0.6022989749908447
2022-06-02,0.5953680276870728
2022-06-03,0.5954729914665222
2022-06-06,0.5924649834632874
2022-06-07,0.5880169868469238
2022-06-08,0.5840299725532532
2022-06-09,0.5774970054626465
2022-06-10,0.5783399939537048
2022-06-13,0.5806769728660583
2022-06-14,0.5812219977378845
2022-06-15,0.5761560201644897
2022-06-16,0.5823270082473755
2022-06-17,0.5882409811019897
2022-06-20,0.5771229863166809
2022-06-21,0.5763289928436279
2022-06-22,0.572708010673523
2022-06-23,0.5742009878158569
2022-06-24,0.5789420008659363
2022-06-27,0.5784800052642822
2022-06-28,0.5786070227622986
2022-06-29,0.5801140069961548
2022-06-30,0.5775430202484131
2022-07-01,0.5809320211410522
2022-07-04,0.58330899477005
2022-07-05,0.5804150104522705
2022-07-06,0.5844669938087463
2022-07-07,0.580784022808075
2022-07-08,0.5819000005722046
2022-07-11,0.582148015499115
2022-07-12,0.5774989724159241
2022-07-13,0.5806229710578918
2022-07-14,0.5783569812774658
2022-07-15,0.5744339823722839
2022-07-18,0.5755789875984192
2022-07-19,0.5782240033149719
2022-07-20,0.5773490071296692
2022-07-21,0.5775730013847351
2022-07-22,0.5819849967956543
2022-07-25,0.5861340165138245
2022-07-26,0.5837090015411377
2022-07-27,0.5824810266494751
2022-07-28,0.5861080288887024
2022-07-29,0.5918310284614563
2022-08-01,0.5945799946784973
2022-08-02,0.5996310114860535
2022-08-03,0.5887179970741272
2022-08-04,0.5898690223693848
2022-08-05,0.5962849855422974
2022-08-08,0.5874559879302979
2022-08-09,0.589576005935669
2022-08-10,0.5878890156745911
2022-08-11,0.5949400067329407
2022-08-12,0.5980240106582642
2022-08-15,0.595986008644104
2022-08-16,0.5968829989433289
2022-08-17,0.589622974395752
2022-08-18,0.5874620079994202
2022-08-19,0.5869470238685608
2022-08-22,0.5830190181732178
2022-08-23,0.5798979997634888
2022-08-24,0.5834239721298218
2022-08-25,0.581570029258728
2022-08-26,0.5843870043754578
2022-08-29,0.5799480080604553
2022-08-30,0.5764139890670776
2022-08-31,0.5737950205802917
2022-09-01,0.570455014705658
2022-09-02,0.5684859752655029
2022-09-05,0.5678150057792664
2022-09-06,0.5677430033683777
2022-09-07,0.5576440095901489
2022-09-08,0.5521129965782166
2022-09-09,0.5535849928855896
2022-09-12,0.5522019863128662
2022-09-13,0.5559700131416321
2022-09-14,0.5506669878959656
2022-09-15,0.5554320216178894
2022-09-16,0.5563700199127197
2022-09-19,0.5562149882316589
2022-09-20,0.5559840202331543
2022-09-21,0.5546990036964417
2022-09-22,0.5532479882240295
2022-09-23,0.5689610242843628
2022-09-26,0.5665330290794373
2022-09-27,0.5577030181884766
2022-09-28,0.5642309784889221
2022-09-29,0.5633339881896973
2022-09-30,0.5635700225830078
2022-10-03,0.5623610019683838
2022-10-04,0.563289999961853
2022-10-05,0.5654500126838684
2022-10-06,0.5646870136260986
2022-10-07,0.5672069787979126
2022-10-10,0.5628250241279602
2022-10-11,0.5652740001678467
2022-10-12,0.5634610056877136
2022-10-13,0.5595999956130981
2022-10-14,0.5574880242347717
2022-10-17,0.5531460046768188
2022-10-18,0.551160991191864
2022-10-19,0.5509909987449646
2022-10-20,0.5535470247268677
2022-10-21,0.5509499907493591
2022-10-24,0.5584400296211243
2022-10-25,0.5553290247917175
2022-10-26,0.556535005569458
2022-10-27,0.5600950121879578
2022-10-28,0.562620997428894
2022-10-31,0.5572440028190613
2022-11-01,0.5560789704322815
2022-11-02,0.5583239793777466
2022-11-03,0.558896005153656
2022-11-04,0.5566369891166687
2022-11-07,0.544929027557373
2022-11-08,0.5575079917907715
2022-11-09,0.5595189929008484
2022-11-10,0.5558750033378601
2022-11-11,0.5685030221939087
2022-11-14,0.5794379711151123
2022-11-15,0.5774059891700745
2022-11-16,0.5831649899482727
2022-11-17,0.5843949913978577
2022-11-18,0.5800769925117493
2022-11-21,0.5803800225257874
2022-11-22,0.5745959877967834
2022-11-23,0.5783789753913879
2022-11-24,0.585532009601593
2022-11-25,0.5885599851608276
2022-11-28,0.586571991443634
2022-11-29,0.5877869725227356
2022-11-30,0.5877469778060913
2022-12-01,0.5918329954147339
2022-12-02,0.599888026714325
2022-12-05,0.6058070063591003
2022-12-06,0.5986779928207397
2022-12-07,0.6020179986953735
2022-12-08,0.6022210121154785
2022-12-09,0.6018350124359131
2022-12-12,0.6027799844741821
2022-12-13,0.6004570126533508
2022-12-14,0.6072949767112732
2022-12-15,0.6088929772377014
2022-12-16,0.6008489727973938
2022-12-19,0.6044909954071045
2022-12-20,0.6023370027542114
2022-12-21,0.6256880164146423
2022-12-22,0.6255469918251038
2022-12-23,0.6254969835281372
2022-12-26,0.6227660179138184
2022-12-27,0.6242740154266357
2022-12-28,0.619933009147644
2022-12-29,0.6153180003166199
2022-12-30,0.6217989921569824
2023-01-02,0.6305829882621765
2023-01-03,0.6322519779205322
2023-01-04,0.6300179958343506
2023-01-05,0.6245139837265015
2023-01-06,0.6189259886741638
2023-01-09,0.6224640011787415
2023-01-10,0.6233199834823608
2023-01-11,0.617393970489502
2023-01-12,0.6184210181236267
2023-01-13,0.6274089813232422
2023-01-16,0.6266859769821167
2023-01-17,0.6356899738311768
2023-01-18,0.6358739733695984
2023-01-19,0.6329799890518188
2023-01-20,0.6322829723358154
2023-01-23,0.6249570250511169
2023-01-24,0.6235859990119934
2023-01-25,0.6260640025138855
2023-01-26,0.6302120089530945
2023-01-27,0.6267420053482056
2023-01-30,0.6271939873695374
2023-01-31,0.6242049932479858
2023-02-01,0.6278319954872131
2023-02-02,0.6350150108337402
2023-02-03,0.6365969777107239
2023-02-06,0.6225659847259521
2023-02-07,0.6235039830207825
2023-02-08,0.6317870020866394
2023-02-09,0.6286219954490662
2023-02-10,0.6269950270652771
2023-02-13,0.6258839964866638
2023-02-14,0.6236209869384766
2023-02-15,0.6228979825973511
2023-02-16,0.6174870133399963
2023-02-17,0.6162409782409668
2023-02-20,0.6161929965019226
2023-02-21,0.6150190234184265
2023-02-22,0.6135380268096924
2023-02-23,0.6133670210838318
2023-02-24,0.6132760047912598
2023-02-27,0.5990989804267883
2023-02-28,0.6058689951896667
2023-03-01,0.605705976486206
2023-03-02,0.6047260165214539
2023-03-03,0.6018919944763184
2023-03-06,0.6008440256118774
2023-03-07,0.601170003414154
2023-03-08,0.5963640213012695
2023-03-09,0.5967410206794739
2023-03-10,0.600875973701477
2023-03-13,0.5973119735717773
2023-03-14,0.6173139810562134
2023-03-15,0.6111599802970886
2023-03-16,0.6231269836425781
2023-03-17,0.6189249753952026
2023-03-20,0.6190850138664246
2023-03-21,0.627435028553009
2023-03-22,0.6241480112075806
2023-03-23,0.6284360289573669
2023-03-24,0.6283959746360779
2023-03-27,0.6294440031051636
2023-03-28,0.6257929801940918
2023-03-29,0.626446008682251
2023-03-30,0.6193900108337402
2023-03-31,0.6157060265541077
2023-04-03,0.6177049875259399
2023-04-04,0.6208019852638245
2023-04-05,0.6241390109062195
2023-04-06,0.6257569789886475
2023-04-07,0.6204869747161865
2023-04-10,0.6145430207252502
2023-04-11,0.6127730011940002
2023-04-12,0.6137499809265137
2023-04-13,0.6153450012207031
2023-04-14,0.6159279942512512
2023-04-17,0.6053889989852905
2023-04-18,0.609466016292572
2023-04-19,0.6119700074195862
2023-04-20,0.6106749773025513
2023-04-21,0.612546980381012
2023-04-24,0.6111940145492554
2023-04-25,0.6107040047645569
2023-04-26,0.6128110289573669
2023-04-27,0.6120529770851135
2023-04-28,0.6108959913253784
2023-05-01,0.585686981678009
2023-05-02,0.590582013130188
2023-05-03,0.5984650254249573
2023-05-04,0.6073439717292786
2023-05-05,0.6084409952163696
2023-05-08,0.6050159931182861
2023-05-09,0.6049230098724365
2023-05-10,0.6063039898872375
2023-05-11,0.6105139851570129
2023-05-12,0.6098210215568542
2023-05-15,0.6000490188598633
2023-05-16,0.6041640043258667
2023-05-17,0.6026650071144104
2023-05-18,0.5986819863319397
2023-05-19,0.5961769819259644
2023-05-22,0.5908709764480591
2023-05-23,0.5967450141906738
2023-05-24,0.5970720052719116
2023-05-25,0.5929880142211914
2023-05-26,0.5902220010757446
2023-05-29,0.5817509889602661
2023-05-30,0.587680995464325
2023-05-31,0.5909879803657532
2023-06-01,0.5936269760131836
2023-06-02,0.5924059748649597
2023-06-05,0.5881639719009399
2023-06-06,0.5914030075073242
2023-06-07,0.5908340215682983
2023-06-08,0.5899900197982788
2023-06-09,0.5937169790267944
2023-06-12,0.5856850147247314
2023-06-13,0.590444028377533
2023-06-14,0.586152970790863
2023-06-15,0.5855969786643982
2023-06-16,0.5835260152816772
2023-06-19,0.5755100250244141
2023-06-20,0.5767999887466431
2023-06-21,0.5796200037002563
2023-06-22,0.5778549909591675
2023-06-23,0.5724740028381348
2023-06-26,0.567779004573822
2023-06-27,0.5712900161743164
2023-06-28,0.5695750117301941
2023-06-29,0.5676630139350891
2023-06-30,0.5662660002708435
2023-07-03,0.5683990120887756
2023-07-04,0.5662999749183655
2023-07-05,0.5671030282974243
2023-07-06,0.5697100162506104
2023-07-07,0.574396014213562
2023-07-10,0.5719630122184753
2023-07-11,0.5835480093955994
2023-07-12,0.5875449776649475
2023-07-13,0.5924959778785706
2023-07-14,0.5937610268592834
2023-07-17,0.5908309817314148
2023-07-18,0.5909559726715088
2023-07-19,0.5895299911499023
2023-07-20,0.5870670080184937
2023-07-21,0.5863149762153625
2023-07-24,0.5718039870262146
2023-07-25,0.5776349902153015
2023-07-26,0.5803459882736206
2023-07-27,0.5834059715270996
2023-07-28,0.5909379720687866
2023-07-31,0.5738829970359802
2023-08-01,0.5772449970245361
2023-08-02,0.5752099752426147
2023-08-03,0.5768250226974487
2023-08-04,0.580007016658783
2023-08-07,0.5742769837379456
2023-08-08,0.5800790190696716
2023-08-09,0.5772899985313416
2023-08-10,0.5760549902915955
2023-08-11,0.5712500214576721
2023-08-14,0.5674710273742676
2023-08-15,0.5709819793701172
2023-08-16,0.5709829926490784
2023-08-17,0.5683919787406921
2023-08-18,0.5699989795684814
2023-08-21,0.5639989972114563
2023-08-22,0.567999005317688
2023-08-23,0.5694320201873779
2023-08-24,0.569333016872406
2023-08-25,0.5652850270271301
2023-08-28,0.5586360096931458
2023-08-29,0.5640810132026672
2023-08-30,0.5645750164985657
2023-08-31,0.565654993057251
2023-09-01,0.5677070021629333
2023-09-04,0.5622040033340454
2023-09-05,0.5641859769821167
2023-09-06,0.5630069971084595
2023-09-07,0.5632069706916809
2023-09-08,0.5638859868049622
2023-09-11,0.554485023021698
2023-09-12,0.5651479959487915
2023-09-13,0.5624920129776001
2023-09-14,0.5625029802322388
2023-09-15,0.5625240206718445
2023-09-18,0.5545240044593811
2023-09-19,0.5636849999427795
2023-09-20,0.5626320242881775
2023-09-21,0.5596960186958313
2023-09-22,0.5607110261917114
2023-09-25,0.5508149862289429
2023-09-26,0.5574290156364441
2023-09-27,0.5584949851036072
2023-09-28,0.5560579895973206
2023-09-29,0.5565919876098633
2023-10-02,0.5507529973983765
2023-10-03,0.5547109842300415
2023-10-04,0.5573430061340332
2023-10-05,0.5579820275306702
2023-10-06,0.5608760118484497
2023-10-09,0.5489069819450378
2023-10-10,0.560854971408844
2023-10-11,0.5596359968185425
2023-10-12,0.5579130053520203
2023-10-13,0.5553889870643616
2023-10-16,0.5504800081253052
2023-10-17,0.5558379888534546
2023-10-18,0.5554320216178894
2023-10-19,0.5550780296325684
2023-10-20,0.5542870163917542
2023-10-23,0.5473859906196594
2023-10-24,0.5538300275802612
2023-10-25,0.553409993648529
2023-10-26,0.5536789894104004
2023-10-27,0.553413987159729
2023-10-30,0.5485789775848389
2023-10-31,0.5581129789352417
2023-11-01,0.5482919812202454
2023-11-02,0.5523250102996826
2023-11-03,0.5526300072669983
2023-11-06,0.5462219715118408
2023-11-07,0.5543789863586426
2023-11-08,0.552977979183197
2023-11-09,0.5510339736938477
2023-11-10,0.5496929883956909
2023-11-13,0.5416259765625
2023-11-14,0.5480409860610962
2023-11-15,0.551131010055542
2023-11-16,0.5481520295143127
2023-11-17,0.5509949922561646
2023-11-20,0.5479620099067688
2023-11-21,0.561214029788971
2023-11-22,0.5609570145606995
2023-11-23,0.5584210157394409
2023-11-24,0.5566840171813965
2023-11-27,0.5498390197753906
2023-11-28,0.5600699782371521
2023-11-29,0.5649979710578918
2023-11-30,0.5653510093688965
2023-12-01,0.5622169971466064
2023-12-04,0.5627490282058716
2023-12-05,0.5655630230903625
2023-12-06,0.5656840205192566
2023-12-07,0.5651649832725525
2023-12-08,0.5771719813346863
2023-12-11,0.5697500109672546
2023-12-12,0.56980299949646
2023-12-13,0.5736770033836365
2023-12-14,0.5828269720077515
2023-12-15,0.5848919749259949
2023-12-18,0.5807629823684692
2023-12-19,0.5815920233726501
2023-12-20,0.5769180059432983
2023-12-21,0.5790960192680359
2023-12-22,0.5840569734573364
2023-12-25,0.5775279998779297
2023-12-26,0.5824499726295471
2023-12-27,0.5835580229759216
2023-12-28,0.5881249904632568
2023-12-29,0.5919479727745056
2024-01-01,0.5845630168914795
2024-01-02,0.5852190256118774
2024-01-03,0.5854259729385376
2024-01-04,0.5823320150375366
2024-01-05,0.5745900273323059
2024-01-08,0.5668179988861084
2024-01-09,0.5752379894256592
2024-01-10,0.5750570297241211
2024-01-11,0.5692390203475952
2024-01-12,0.5721889734268188
2024-01-15,0.5652130246162415
2024-01-16,0.5679600238800049
2024-01-17,0.5637879967689514
2024-01-18,0.5609920024871826
2024-01-19,0.5608969926834106
2024-01-22,0.5541539788246155
2024-01-23,0.5604739785194397
2024-01-24,0.5609369874000549
2024-01-25,0.5626760125160217
2024-01-26,0.5623679757118225
2024-01-29,0.5547239780426025
2024-01-30,0.5634379982948303
2024-01-31,0.5633689761161804
2024-02-01,0.5644519925117493
2024-02-02,0.56557697057724
2024-02-05,0.5572649836540222
2024-02-06,0.5582810044288635
2024-02-07,0.5609740018844604
2024-02-08,0.5603020191192627
2024-02-09,0.555010974407196
2024-02-12,0.5493249893188477
2024-02-13,0.5549430251121521
2024-02-14,0.550171971321106
2024-02-15,0.5510960221290588
2024-02-16,0.5531309843063354
2024-02-19,0.5464310050010681
2024-02-20,0.5520910024642944
2024-02-21,0.5514810085296631
2024-02-22,0.5512030124664307
2024-02-23,0.5501919984817505
2024-02-26,0.5457159876823425
2024-02-27,0.549830973148346
2024-02-28,0.5504599809646606
2024-02-29,0.5498759746551514
2024-03-01,0.5521249771118164
2024-03-04,0.544297993183136
2024-03-05,0.5502480268478394
2024-03-06,0.5524669885635376
2024-03-07,0.5548670291900635
2024-03-08,0.5594900250434875
2024-03-11,0.5553969740867615
2024-03-12,0.5636360049247742
2024-03-13,0.5610989928245544
2024-03-14,0.5606920123100281
2024-03-15,0.5585929751396179
2024-03-18,0.5503910183906555
2024-03-19,0.5547969937324524
2024-03-20,0.5493329763412476
2024-03-21,0.5501729846000671
2024-03-22,0.5485090017318726
2024-03-25,0.543828010559082
2024-03-26,0.5505949854850769
2024-03-27,0.5490090250968933
2024-03-28,0.5507050156593323
2024-03-29,0.551393985748291
2024-04-01,0.5442669987678528
2024-04-02,0.5443019866943359
2024-04-03,0.5494700074195862
2024-04-04,0.5485820174217224
2024-04-05,0.5509870052337646
2024-04-08,0.5430989861488342
2024-04-09,0.5479030013084412
2024-04-10,0.5477579832077026
2024-04-11,0.5450639724731445
2024-04-12,0.5432329773902893
2024-04-15,0.5366600155830383
2024-04-16,0.5411239862442017
2024-04-17,0.5403220057487488
2024-04-18,0.5411670207977295
2024-04-19,0.5400570034980774
2024-04-22,0.5326189994812012
2024-04-23,0.5380730032920837
2024-04-24,0.5376380085945129
2024-04-25,0.5362470149993896
2024-04-26,0.5348830223083496
2024-04-29,0.5215610265731812
2024-04-30,0.533735990524292
2024-05-01,0.5286790132522583
2024-05-02,0.525409996509552
2024-05-03,0.5446069836616516
2024-05-06,0.5375540256500244
2024-05-07,0.5407350063323975
2024-05-08,0.5389209985733032
2024-05-09,0.5360699892044067
2024-05-10,0.5366880297660828
2024-05-13,0.5307760238647461
2024-05-14,0.5341339707374573
2024-05-15,0.5333139896392822
2024-05-16,0.539883017539978
2024-05-17,0.5366719961166382
2024-05-20,0.5267009735107422
2024-05-21,0.5321999788284302
2024-05-22,0.5327029824256897
2024-05-23,0.5308390259742737
2024-05-24,0.530239999294281
2024-05-27,0.5230069756507874
2024-05-28,0.5294169783592224
2024-05-29,0.5282739996910095
2024-05-30,0.5282689929008484
2024-05-31,0.5307980179786682
2024-06-03,0.5246319770812988
2024-06-04,0.5320860147476196
2024-06-05,0.5387750267982483
2024-06-06,0.5342230200767517
2024-06-07,0.5357279777526855
2024-06-10,0.5313400030136108
2024-06-11,0.5317130088806152
2024-06-12,0.5315639972686768
2024-06-13,0.5322780013084412
2024-06-14,0.5311139822006226
2024-06-17,0.5239980220794678
2024-06-18,0.5292099714279175
2024-06-19,0.5277199745178223
2024-06-20,0.5277990102767944
2024-06-21,0.5253639817237854
2024-06-24,0.5160599946975708
2024-06-25,0.5224279761314392
2024-06-26,0.5218769907951355
2024-06-27,0.5199090242385864
2024-06-28,0.5189489722251892
2024-07-01,0.5115169882774353
2024-07-02,0.5161929726600647
2024-07-03,0.5164949893951416
2024-07-04,0.5161160230636597
2024-07-05,0.5169810056686401
2024-07-08,0.5125259757041931
2024-07-09,0.5185859799385071
2024-07-10,0.5171040296554565
2024-07-11,0.5161839723587036
2024-07-12,0.5274220108985901
2024-07-15,0.5218549966812134
2024-07-16,0.528033971786499
2024-07-17,0.5271070003509521
2024-07-18,0.5367429852485657
2024-07-19,0.5314199924468994
2024-07-22,0.5252329707145691
2024-07-23,0.532800018787384
2024-07-24,0.5369700193405151
2024-07-25,0.5438290238380432
2024-07-26,0.5442619919776917
2024-07-29,0.5376759767532349
2024-07-30,0.5437260270118713
2024-07-31,0.548570990562439
2024-08-01,0.5582370162010193
2024-08-02,0.5602200031280518
2024-08-05,0.5603139996528625
2024-08-06,0.5756760239601135
2024-08-07,0.5795509815216064
2024-08-08,0.5740110278129578
2024-08-09,0.568274974822998
2024-08-12,0.5661299824714661
2024-08-13,0.5703189969062805
2024-08-14,0.5703189969062805
2024-08-15,0.5697150230407715
2024-08-16,0.5631170272827148
2024-08-19,0.5608050227165222
2024-08-20,0.5716570019721985
2024-08-21,0.5764080286026001
2024-08-22,0.5777900218963623
2024-08-23,0.5736929774284363
2024-08-26,0.5710579752922058
2024-08-27,0.5799469947814941
2024-08-28,0.5823739767074585
2024-08-29,0.5806400179862976
2024-08-30,0.5784090161323547
2024-09-02,0.5689430236816406
2024-09-03,0.5713359713554382
2024-09-04,0.5772190093994141
2024-09-05,0.5854250192642212
2024-09-06,0.5851269960403442
2024-09-09,0.5846819877624512
2024-09-10,0.585955023765564
2024-09-11,0.5896520018577576
2024-09-12,0.5882920026779175
2024-09-13,0.592960000038147
2024-09-16,0.5899379849433899
2024-09-17,0.5951880216598511
2024-09-18,0.5895400047302246
2024-09-19,0.585893988609314
2024-09-20,0.5844990015029907
2024-09-23,0.5742440223693848
2024-09-24,0.5811619758605957
2024-09-25,0.5840280055999756
2024-09-26,0.5775309801101685
2024-09-27,0.5758050084114075
2024-09-30,0.5881199836730957
2024-10-01,0.582472026348114
2024-10-02,0.5830479860305786
2024-10-03,0.57225501537323
2024-10-04,0.5717390179634094
2024-10-07,0.5609970092773438
2024-10-08,0.5663130283355713
2024-10-09,0.5656350255012512
2024-10-10,0.5621259808540344
2024-10-11,0.5639740228652954
2024-10-14,0.5574589967727661
2024-10-15,0.5609909892082214
2024-10-16,0.5633090138435364
2024-10-17,0.5611079931259155
2024-10-18,0.5595570206642151
2024-10-21,0.5549439787864685
2024-10-22,0.5574899911880493
2024-10-23,0.55594801902771
2024-10-24,0.5508040189743042
2024-10-25,0.5533930063247681
2024-10-28,0.547111988067627
2024-10-29,0.5485619902610779
2024-10-30,0.5481380224227905
2024-10-31,0.5481979846954346
2024-11-01,0.5668240189552307
2024-11-04,0.5432159900665283
2024-11-05,0.5520780086517334
2024-11-06,0.5548520088195801
2024-11-07,0.5452499985694885
2024-11-08,0.5498470067977905
2024-11-11,0.5495619773864746
2024-11-12,0.5486419796943665
2024-11-13,0.5453159809112549
2024-11-14,0.5425410270690918
2024-11-15,0.5408989787101746
2024-11-18,0.5398659706115723
2024-11-19,0.5453600287437439
2024-11-20,0.5451800227165222
2024-11-21,0.5428709983825684
2024-11-22,0.5476120114326477
2024-11-25,0.5390710234642029
2024-11-26,0.5453600287437439
2024-11-27,0.550482988357544
2024-11-28,0.5573740005493164
2024-11-29,0.5582169890403748
2024-12-02,0.5574790239334106
2024-12-03,0.5658479928970337
2024-12-04,0.565438985824585
2024-12-05,0.5620179772377014
2024-12-06,0.5633479952812195
2024-12-09,0.5587180256843567
2024-12-10,0.5598819851875305
2024-12-11,0.5586289763450623
2024-12-12,0.5566809773445129
2024-12-13,0.5557249784469604
2024-12-16,0.5437300205230713
2024-12-17,0.5505130290985107
2024-12-18,0.5524809956550598
2024-12-19,0.5482929944992065
2024-12-20,0.5393369793891907
2024-12-23,0.5351409912109375
2024-12-24,0.5410490036010742
2024-12-25,0.5414940118789673
2024-12-26,0.5395740270614624
2024-12-27,0.5379589796066284
2024-12-30,0.5402830243110657
2024-12-31,0.5440160036087036
2025-01-02,0.5440160036087036
2025-01-03,0.5447559952735901
2025-01-06,0.5448070168495178
2025-01-07,0.5428360104560852
2025-01-08,0.5417850017547607
2025-01-09,0.5424720048904419
2025-01-10,0.5430499911308289
2025-01-13,0.5455170273780823
2025-01-14,0.5501199960708618
2025-01-15,0.5470209717750549
2025-01-16,0.5526459813117981
2025-01-17,0.5569750070571899
2025-01-20,0.5477449893951416
2025-01-21,0.5548880100250244
2025-01-22,0.5545380115509033
2025-01-23,0.5522540211677551
2025-01-24,0.5532240271568298
2025-01-27,0.5451390147209167
2025-01-28,0.5569570064544678
2025-01-29,0.5559309720993042
2025-01-30,0.5578830242156982
2025-01-31,0.5611900091171265
2025-02-03,0.5616880059242249
2025-02-04,0.5596160292625427
2025-02-05,0.5647169947624207
2025-02-06,0.5718240141868591
2025-02-07,0.5786600112915039
2025-02-10,0.5744100213050842
2025-02-11,0.5757380127906799
2025-02-12,0.5686489939689636
2025-02-13,0.5630589723587036
2025-02-14,0.5665029883384705
2025-02-17,0.5678989887237549
2025-02-18,0.5731840133666992
2025-02-19,0.5712850093841553
2025-02-20,0.5740460157394409
2025-02-21,0.5787050127983093
2025-02-24,0.5728089809417725
2025-02-25,0.5779110193252563
2025-02-26,0.5840259790420532
2025-02-27,0.5849050283432007
2025-02-28,0.5817369818687439
2025-03-03,0.5799670219421387
2025-03-04,0.5842350125312805
2025-03-05,0.5822790265083313
2025-03-06,0.5830119848251343
2025-03-07,0.5870929956436157
2025-03-10,0.5879120230674744
2025-03-11,0.5933610200881958
2025-03-12,0.5882440209388733
2025-03-13,0.5872259736061096
2025-03-14,0.5870929956436157
2025-03-17,0.577269971370697
2025-03-18,0.5798919796943665
2025-03-19,0.5788729786872864
2025-03-20,0.5809280276298523
2025-03-21,0.5804889798164368
2025-03-24,0.5720440149307251
2025-03-25,0.5668659806251526
2025-03-26,0.5702739953994751
2025-03-27,0.5687080025672913
2025-03-28,0.5677970051765442
2025-03-31,0.5572749972343445
2025-04-01,0.5696179866790771
2025-04-02,0.571075975894928
2025-04-03,0.5775129795074463
2025-04-04,0.5826690196990967
2025-04-07,0.577580988407135
2025-04-08,0.5806059837341309
2025-04-09,0.5910149812698364
2025-04-10,0.5859509706497192
2025-04-11,0.5991489887237549
2025-04-14,0.599465012550354
2025-04-15,0.6002439856529236
2025-04-16,0.5981429815292358
2025-04-17,0.6028749942779541
2025-04-22,0.5993549823760986
2025-04-23,0.5964469909667969
2025-04-24,0.5954650044441223
2025-04-25,0.5966690182685852
2025-04-28,0.5946090221405029
2025-04-29,0.5985090136528015
2025-04-30,0.5979070067405701
2025-05-01,0.5910739898681641
2025-05-02,0.583296000957489
2025-05-05,0.5788779854774475
2025-05-06,0.5863149762153625
2025-05-07,0.5888810157775879
2025-05-08,0.5885069966316223
2025-05-09,0.5851789712905884
2025-05-12,0.5802839994430542
2025-05-13,0.5718389749526978
2025-05-14,0.5774829983711243
2025-05-15,0.581836998462677
2025-05-16,0.5863310098648071
2025-05-19,0.5837630033493042
2025-05-20,0.5883769989013672
2025-05-21,0.5920730233192444
2025-05-22,0.5956310033798218
2025-05-23,0.5973010063171387
2025-05-26,0.5908719897270203
2025-05-27,0.5959680080413818
2025-05-28,0.5913599729537964
2025-05-29,0.5857269763946533
2025-05-30,0.5934789776802063
2025-06-02,0.5873690247535706
2025-06-03,0.5986949801445007
2025-06-04,0.5953760147094727
2025-06-05,0.6011480093002319
2025-06-06,0.5974910259246826
2025-06-09,0.5894200205802917
2025-06-10,0.5921649932861328
2025-06-11,0.5904800295829773
2025-06-12,0.5922350287437439
2025-06-13,0.5971940159797668
2025-06-16,0.5886459946632385
2025-06-17,0.5927169919013977
2025-06-18,0.5932360291481018
2025-06-19,0.5957620143890381
2025-06-20,0.5974950194358826
2025-06-23,0.5916079878807068
2025-06-24,0.592868983745575
2025-06-25,0.5924339890480042
2025-06-26,0.5930929780006409
2025-06-27,0.5913800001144409
2025-06-30,0.5793939828872681
2025-07-01,0.5955749750137329
2025-07-02,0.5966190099716187
2025-07-03,0.5960599780082703
2025-07-04,0.5899530053138733
2025-07-07,0.5902420282363892
2025-07-08,0.5872840285301208
2025-07-09,0.5835170149803162
2025-07-10,0.5858870148658752
2025-07-11,0.5856890082359314
2025-07-14,0.5789530277252197
2025-07-15,0.5815479755401611
2025-07-16,0.5776090025901794
2025-07-17,0.5797849893569946
2025-07-18,0.5794069766998291
2025-07-21,0.5786330103874207
2025-07-22,0.5842180252075195
2025-07-23,0.5874459743499756
2025-07-24,0.5897409915924072
2025-07-25,0.5874069929122925
2025-07-28,0.5796989798545837
2025-07-29,0.5833410024642944
2025-07-30,0.5862879753112793
2025-07-31,0.5871490240097046
2025-08-01,0.5800439715385437
2025-08-04,0.5874159932136536
2025-08-05,0.5968279838562012
2025-08-06,0.594730019569397
2025-08-07,0.5955439805984497
2025-08-08,0.5950220227241516
2025-08-11,0.5875300168991089
2025-08-12,0.5913529992103577
2025-08-13,0.5926880240440369
2025-08-14,0.5939589738845825
2025-08-15,0.5932660102844238
2025-08-18,0.5881850123405457
2025-08-19,0.5896419882774353
2025-08-20,0.5889719724655151
2025-08-21,0.5901179909706116
2025-08-22,0.5878419876098633
2025-08-25,0.5802630186080933
2025-08-26,0.5920869708061218
2025-08-27,0.5938519835472107
2025-08-28,0.5946429967880249
2025-08-29,0.5961049795150757
2025-09-01,0.5925580263137817
2025-09-02,0.5978720188140869
2025-09-03,0.5919340252876282
2025-09-04,0.5946620106697083
2025-09-05,0.5939379930496216
2025-09-08,0.5982739925384521
2025-09-09,0.5966320037841797
2025-09-10,0.5979419946670532
2025-09-11,0.5971540212631226
2025-09-12,0.5990610122680664
2025-09-15,0.5915769934654236
2025-09-16,0.5973430275917053
2025-09-17,0.5998010039329529
2025-09-18,0.596921980381012
2025-09-19,0.5958300232887268
2025-09-22,0.5913739800453186
2025-09-23,0.597262978553772
2025-09-24,0.601161003112793
2025-09-25,0.5963460206985474
2025-09-26,0.5918939709663391
2025-09-29,0.5846350193023682
2025-09-30,0.59648597240448
2025-10-01,0.5997769832611084
2025-10-02,0.6025109887123108
2025-10-03,0.6024370193481445
2025-10-06,0.5965110063552856
2025-10-07,0.5897570252418518
2025-10-08,0.5831159949302673
2025-10-09,0.5809850096702576
2025-10-10,0.5804370045661926
2025-10-13,0.5822389721870422
2025-10-14,0.5813429951667786
2025-10-15,0.5845620036125183
2025-10-16,0.581155002117157
2025-10-17,0.585640013217926
2025-10-20,0.579334020614624
2025-10-21,0.5824639797210693
2025-10-22,0.5788959860801697
2025-10-23,0.5768539905548096
2025-10-24,0.5746549963951111
2025-10-27,0.5721089839935303
2025-10-28,0.5773500204086304
2025-10-29,0.580793023109436
2025-10-30,0.5783190131187439
2025-10-31,0.5754420161247253
2025-11-03,0.5724629759788513
2025-11-04,0.5749099850654602
2025-11-05,0.5774629712104797
2025-11-06,0.5743420124053955
2025-11-07,0.5793740153312683
2025-11-10,0.5729519724845886
2025-11-11,0.57499098777771
2025-11-12,0.5736100077629089
2025-11-13,0.5720700025558472
2025-11-14,0.5739219784736633
2025-11-17,0.5708670020103455
2025-11-18,0.5704569816589355
2025-11-19,0.5688920021057129
2025-11-20,0.5631300210952759
2025-11-21,0.5634289979934692
2025-11-24,0.5653949975967407
2025-11-25,0.5675730109214783
2025-11-26,0.5703060030937195
2025-11-27,0.570156991481781
2025-11-28,0.5713449716567993
2025-12-01,0.5654460191726685
2025-12-02,0.5756660103797913
2025-12-03,0.5765399932861328
2025-12-04,0.5809509754180908
2025-12-05,0.578620970249176
2025-12-08,0.5736439824104309
2025-12-09,0.5777729749679565
2025-12-10,0.5729269981384277
2025-12-11,0.5759590268135071
2025-12-12,0.5796849727630615
2025-12-15,0.5773239731788635
2025-12-16,0.5851579904556274
2025-12-17,0.5871599912643433
2025-12-18,0.5809609889984131
2025-12-19,0.5813919901847839
2025-12-22,0.5627390146255493
2025-12-23,0.5708410143852234
2025-12-24,0.5722579956054688
2025-12-26,0.575622022151947
2025-12-29,0.5762289762496948
2025-12-30,0.5756970047950745
2025-12-31,0.573419988155365
2026-01-02,0.5729680061340332
2026-01-05,0.5757269859313965
2026-01-06,0.575639009475708
2026-01-07,0.5750330090522766
2026-01-08,0.5729050040245056
2026-01-09,0.5725690126419067
2026-01-12,0.5684289932250977
2026-01-13,0.5700269937515259
2026-01-14,0.566735029220581
2026-01-15,0.5688509941101074
2026-01-16,0.569242000579834
2026-01-19,0.5672630071640015
2026-01-20,0.5741429924964905
2026-01-21,0.5756539702415466
2026-01-22,0.5772759914398193
2026-01-23,0.5772340297698975
2026-01-26,0.5795549750328064
2026-01-27,0.5937110185623169
2026-01-28,0.5999299883842468
2026-01-29,0.6007729768753052
2026-01-30,0.5987870097160339
2026-02-02,0.595097005367279
2026-02-03,0.5868949890136719
2026-02-04,0.5799540281295776
2026-02-05,0.5756059885025024
2026-02-06,0.5757020115852356
2026-02-09,0.574679970741272
2026-02-10,0.581043004989624
2026-02-11,0.5859479904174805
2026-02-12,0.5915120244026184
2026-02-13,0.5925449728965759
2026-02-16,0.587801992893219
2026-02-17,0.5903970003128052
2026-02-18,0.5910450220108032
2026-02-19,0.5864539742469788
2026-02-20,0.5862219929695129
2026-02-23,0.5800189971923828
2026-02-24,0.5881069898605347
2026-02-25,0.5829290151596069
2026-02-26,0.5818229913711548
2026-02-27,0.5836520195007324
2026-03-02,0.5803679823875427
2026-03-03,0.5817919969558716
2026-03-04,0.5828210115432739
2026-03-05,0.5863940119743347
2026-03-06,0.5823130011558533
2026-03-09,0.5736960172653198
2026-03-10,0.5833680033683777
2026-03-11,0.5811830163002014
2026-03-12,0.5792739987373352
2026-03-13,0.5799040198326111
2026-03-16,0.5827699899673462
2026-03-17,0.5792919993400574
2026-03-18,0.5809280276298523
2026-03-19,0.5823450088500977
2026-03-20,0.5878829956054688
2026-03-23,0.5852349996566772
2026-03-24,0.5876320004463196
2026-03-25,0.5921130180358887
2026-03-26,0.5887659788131714
2026-03-27,0.5900070071220398
2026-03-30,0.5902429819107056
2026-03-31,0.5899900197982788
2026-04-01,0.5892360210418701
2026-04-02,0.5870689749717712
2026-04-03,0.5822629928588867
2026-04-06,0.5830050110816956
2026-04-07,0.5814530253410339
2026-04-08,0.5845789909362793
2026-04-09,0.5810379981994629
2026-04-10,0.5806859731674194
2026-04-13,0.5703099966049194
2026-04-14,0.5851470232009888
2026-04-15,0.5862500071525574
2026-04-16,0.5875779986381531
2026-04-17,0.5845590233802795
2026-04-20,0.5861179828643799
2026-04-21,0.5857669711112976
2026-04-22,0.5861309766769409
2026-04-23,0.5877010226249695
2026-04-24,0.5886510014533997
2026-04-27,0.5808640122413635
2026-04-28,0.590732991695404
2026-04-29,0.5923200249671936
2026-04-30,0.5917239785194397
2026-05-01,0.6056560277938843
2026-05-04,0.6054419875144958
2026-05-05,0.6044780015945435
2026-05-06,0.6031820178031921
2026-05-07,0.6042309999465942
2026-05-08,0.6005600094795227
2026-05-11,0.6026080250740051
2026-05-12,0.6057270169258118
2026-05-13,0.6061069965362549
2026-05-14,0.6058689951896667
2026-05-15,0.6043779850006104
2026-05-18,0.6033480167388916
2026-05-19,0.6061310172080994
2026-05-20,0.6066229939460754
2026-05-21,0.6089820265769958
2026-05-22,0.604541003704071
2026-05-25,0.6029279828071594
2026-05-26,0.5987169742584229
2026-05-27,0.6004940271377563
2026-05-28,0.5993469953536987
2026-05-29,0.6004610061645508
2026-06-01,0.5968959927558899
2026-06-02,0.5946320295333862
2026-06-03,0.5951160192489624
2026-06-04,0.5979599952697754
2026-06-05,0.5983200073242188
2026-06-08,0.6010249853134155
2026-06-09,0.5970550179481506
2026-06-10,0.5941190123558044
2026-06-11,0.5930060148239136
2026-06-12,0.5975819826126099
2026-06-15,0.5976709723472595
2026-06-16,0.5906749963760376
2026-06-17,0.589024007320404
2026-06-18,0.5881440043449402
2026-06-19,0.5843080282211304
2026-06-22,0.5662329792976379
2026-06-23,0.5855759978294373
2026-06-24,0.5858169794082642
2026-06-25,0.584725022315979
2026-06-26,0.5829629898071289
2026-06-29,0.5631830096244812
2026-06-30,0.5834289789199829
2026-07-01,0.5816640257835388
2026-07-02,0.5855510234832764
2026-07-03,0.590520977973938
2026-07-06,0.5916039943695068
2026-07-07,0.5880900025367737
2026-07-08,0.5845720171928406
2026-07-09,0.5874860286712646
2026-07-10,0.5870320200920105
2026-07-13,0.5863900184631348
2026-07-14,0.5882710218429565
2026-07-15,0.5927180051803589
2026-07-16,0.5935099720954895
2026-07-17,0.5929989814758301
2026-07-20,0.5914919972419739
2026-07-21,0.5931339859962463
2026-07-22,0.5892469882965088
2026-07-23,0.5916489958763123
2026-07-24,0.589015007019043
2026-07-27,0.5732190012931824
2026-07-28,0.5851960182189941
2026-07-29,0.5845569968223572
2026-07-30,0.5852760076522827
2026-07-31,0.5968559980392456
2026-08-03,0.5829259753227234
2026-08-04,0.6045129895210266
2026-08-05,0.6042289733886719
2026-08-06,0.602994978427887
2026-08-07,0.6002650260925293
2026-08-10,0.6008009910583496
2026-08-11,0.5984159708023071
2026-08-12,0.5987399816513062
2026-08-13,0.5978509783744812
2026-08-14,0.5981749892234802
2026-08-17,0.5805490016937256
2026-08-18,0.5995810031890869
2026-08-19,0.5992630124092102
2026-08-20,0.6046270132064819
2026-08-21,0.6017770171165466
2026-08-24,0.6013820171356201
2026-08-25,0.6012549996376038
2026-08-26,0.5987769961357117
2026-08-27,0.5987610220909119
2026-08-28,0.5988799929618835
2026-08-31,0.590071976184845
2026-09-01,0.5952420234680176
2026-09-02,0.5923129916191101
2026-09-03,0.5971789956092834
2026-09-04,0.6065499782562256
2026-09-07,0.6026489734649658
2026-09-08,0.6132429838180542
2026-09-09,0.6173920035362244
2026-09-10,0.61872798204422
2026-09-11,0.6174349784851074
2026-09-14,0.6083009839057922
2026-09-15,0.6185960173606873
2026-09-16,0.6175690293312073
2026-09-17,0.6144199967384338
2026-09-18,0.6138709783554077
2026-09-21,0.5918880105018616
2026-09-22,0.6083909869194031
2026-09-23,0.6066240072250366
2026-09-24,0.6044939756393433
2026-09-25,0.6038320064544678
2026-09-28,0.5910239815711975
2026-09-29,0.6096649765968323
2026-09-30,0.609300971031189
2026-10-01,0.6087750196456909
2026-10-02,0.6094949841499329
2026-10-03,0.6098600029945374
